Timestamp,RSSI,Sub_0,Sub_1,Sub_2,Sub_3,Sub_4,Sub_5,Sub_6,Sub_7,Sub_8,Sub_9,Sub_10,Sub_11,Sub_12,Sub_13,Sub_14,Sub_15,Sub_16,Sub_17,Sub_18,Sub_19,Sub_20,Sub_21,Sub_22,Sub_23,Sub_24,Sub_25,Sub_26,Sub_27,Sub_28,Sub_29,Sub_30,Sub_31,Sub_32,Sub_33,Sub_34,Sub_35,Sub_36,Sub_37,Sub_38,Sub_39,Sub_40,Sub_41,Sub_42,Sub_43,Sub_44,Sub_45,Sub_46,Sub_47,Sub_48,Sub_49,Sub_50,Sub_51,Sub_52,Sub_53,Sub_54,Sub_55,Sub_56,Sub_57,Sub_58,Sub_59,Sub_60,Sub_61,Sub_62,Sub_63
1784880275.622783,-57,0.0,13.0,9.848857801796104,9.899494936611665,11.661903789690601,13.416407864998739,15.652475842498529,17.0,18.35755975068582,18.601075237738275,18.439088914585774,17.69180601295413,16.278820596099706,14.212670403551895,12.206555615733702,10.0,7.810249675906654,6.4031242374328485,4.123105625617661,5.0990195135927845,5.830951894845301,7.810249675906654,8.48528137423857,10.0,11.40175425099138,11.661903789690601,11.661903789690601,0.0,0.0,0.0,0.0,0.0,0.0,0.0,0.0,0.0,0.0,0.0,9.055385138137417,10.44030650891055,11.704699910719626,12.083045973594572,12.529964086141668,13.416407864998739,12.529964086141668,12.529964086141668,11.661903789690601,10.816653826391969,10.0,7.810249675906654,6.708203932499369,7.0710678118654755,9.055385138137417,11.40175425099138,13.601470508735444,15.811388300841896,18.681541692269406,20.396078054371138,22.090722034374522,23.021728866442675,23.021728866442675,22.090722034374522,20.223748416156685,18.24828759089466
1784880275.731027,-57,0.0,13.341664064126334,9.848857801796104,10.63014581273465,12.206555615733702,13.892443989449804,16.1245154965971,18.35755975068582,18.867962264113206,19.4164878389476,19.849433241279208,18.384776310850235,17.029386365926403,15.620499351813308,12.806248474865697,11.40175425099138,9.219544457292887,7.211102550927978,5.385164807134504,5.0,6.324555320336759,7.211102550927978,8.602325267042627,9.219544457292887,9.899494936611665,10.63014581273465,11.40175425099138,0.0,0.0,0.0,0.0,0.0,0.0,0.0,0.0,0.0,0.0,0.0,8.246211251235321,9.486832980505138,11.180339887498949,11.661903789690601,11.661903789690601,11.661903789690601,12.206555615733702,12.206555615733702,11.40175425099138,10.63014581273465,9.219544457292887,8.06225774829855,7.280109889280518,8.0,9.219544457292887,11.704699910719626,13.92838827718412,17.08800749063506,18.681541692269406,21.37755832643195,22.20360331117452,23.08679276123039,23.0,22.02271554554524,21.02379604162864,19.1049731745428
1784880275.8445702,-57,0.0,24.73863375370596,20.8806130178211,17.72004514666935,14.560219778561036,11.180339887498949,9.055385138137417,8.54400374531753,10.0,12.041594578792296,13.45362404707371,14.866068747318506,15.620499351813308,16.401219466856727,16.64331697709324,16.1245154965971,15.652475842498529,13.0,12.083045973594572,9.848857801796104,6.708203932499369,5.0,4.47213595499958,4.0,4.47213595499958,6.4031242374328485,7.0710678118654755,0.0,0.0,0.0,0.0,0.0,0.0,0.0,0.0,0.0,0.0,0.0,5.385164807134504,6.0,6.708203932499369,8.06225774829855,10.0,11.313708498984761,12.727922061357855,14.142135623730951,15.556349186104045,16.278820596099706,16.278820596099706,15.620499351813308,14.212670403551895,12.806248474865697,11.313708498984761,10.0,8.94427190999916,9.219544457292887,11.0,14.142135623730951,17.11724276862369,20.223748416156685,23.08679276123039,25.019992006393608,27.018512172212592,27.294688127912362
1784880275.955953,-57,0.0,17.46424919657298,17.46424919657298,19.697715603592208,21.18962010041709,20.8806130178211,21.587033144922902,20.223748416156685,19.1049731745428,17.029386365926403,14.0,12.041594578792296,10.0,8.06225774829855,6.708203932499369,6.4031242374328485,6.708203932499369,9.486832980505138,10.44030650891055,10.198039027185569,11.180339887498949,12.165525060596439,12.165525060596439,12.165525060596439,11.180339887498949,10.04987562112089,9.0,0.0,0.0,0.0,0.0,0.0,0.0,0.0,0.0,0.0,0.0,0.0,10.63014581273465,10.0,10.295630140987,9.433981132056603,8.94427190999916,7.280109889280518,6.082762530298219,6.0,5.385164807134504,5.656854249492381,8.06225774829855,9.848857801796104,11.704699910719626,13.0,15.231546211727817,17.0,18.35755975068582,18.027756377319946,17.804493814764857,17.69180601295413,16.278820596099706,14.866068747318506,12.806248474865697,11.661903789690601,10.44030650891055,11.0
1784880276.067289,-57,0.0,24.698178070456937,20.8806130178211,17.72004514666935,14.866068747318506,11.180339887498949,9.219544457292887,8.06225774829855,9.486832980505138,11.180339887498949,13.152946437965905,14.317821063276353,15.524174696260024,15.811388300841896,16.15549442140351,15.652475842498529,14.7648230602334,13.038404810405298,10.816653826391969,9.433981132056603,6.708203932499369,5.385164807134504,4.0,3.605551275463989,4.47213595499958,6.082762530298219,7.0710678118654755,0.0,0.0,0.0,0.0,0.0,0.0,0.0,0.0,0.0,0.0,0.0,6.324555320336759,6.4031242374328485,7.211102550927978,8.94427190999916,9.486832980505138,11.40175425099138,12.165525060596439,14.317821063276353,15.297058540778355,15.524174696260024,16.492422502470642,15.524174696260024,13.601470508735444,12.649110640673518,11.40175425099138,9.055385138137417,8.06225774829855,8.94427190999916,10.816653826391969,13.45362404707371,16.97056274847714,19.1049731745428,22.02271554554524,25.0,26.076809620810597,27.294688127912362
1784880276.422955,-57,0.0,13.038404810405298,17.204650534085253,18.027756377319946,19.4164878389476,19.72308292331602,20.12461179749811,19.313207915827967,17.72004514666935,16.278820596099706,14.317821063276353,12.165525060596439,9.219544457292887,7.280109889280518,5.385164807134504,5.0,5.385164807134504,7.0,8.0,9.055385138137417,9.055385138137417,10.04987562112089,10.198039027185569,10.198039027185569,9.219544457292887,8.246211251235321,7.280109889280518,0.0,0.0,0.0,0.0,0.0,0.0,0.0,0.0,0.0,0.0,0.0,10.295630140987,10.770329614269007,10.770329614269007,10.44030650891055,9.219544457292887,8.06225774829855,7.0,6.082762530298219,5.830951894845301,6.4031242374328485,7.615773105863909,9.486832980505138,11.40175425099138,13.341664064126334,14.317821063276353,16.76305461424021,18.027756377319946,18.384776310850235,17.88854381999832,17.4928556845359,16.64331697709324,14.422205101855956,13.038404810405298,11.180339887498949,9.219544457292887,9.219544457292887
1784880276.532877,-57,0.0,25.317977802344327,21.587033144922902,17.46424919657298,14.317821063276353,11.045361017187261,9.219544457292887,8.94427190999916,10.63014581273465,12.041594578792296,13.45362404707371,14.866068747318506,15.556349186104045,16.278820596099706,16.401219466856727,15.811388300841896,15.264337522473747,13.416407864998739,11.661903789690601,9.433981132056603,7.211102550927978,5.656854249492381,4.47213595499958,4.0,4.47213595499958,6.4031242374328485,7.211102550927978,0.0,0.0,0.0,0.0,0.0,0.0,0.0,0.0,0.0,0.0,0.0,5.385164807134504,6.0,6.324555320336759,8.602325267042627,9.219544457292887,11.313708498984761,12.727922061357855,14.142135623730951,15.556349186104045,15.556349186104045,16.278820596099706,15.556349186104045,14.866068747318506,13.45362404707371,11.313708498984761,10.0,8.94427190999916,9.055385138137417,11.045361017187261,13.341664064126334,17.46424919657298,20.396078054371138,23.345235059857504,25.079872407968907,27.018512172212592,28.071337695236398
1784880276.645428,-57,0.0,13.0,8.246211251235321,9.219544457292887,11.704699910719626,13.416407864998739,16.1245154965971,17.4928556845359,17.88854381999832,18.384776310850235,18.973665961010276,17.46424919657298,16.1245154965971,14.035668847618199,12.041594578792296,10.04987562112089,8.246211251235321,6.708203932499369,5.656854249492381,5.385164807134504,6.0,8.06225774829855,9.219544457292887,10.44030650891055,11.40175425099138,11.704699910719626,12.083045973594572,0.0,0.0,0.0,0.0,0.0,0.0,0.0,0.0,0.0,0.0,0.0,8.602325267042627,9.848857801796104,10.770329614269007,11.40175425099138,11.40175425099138,12.36931687685298,12.165525060596439,11.180339887498949,11.045361017187261,10.04987562112089,9.0,7.280109889280518,6.708203932499369,7.0710678118654755,8.06225774829855,10.44030650891055,13.601470508735444,15.811388300841896,18.027756377319946,19.697715603592208,21.470910553583888,21.633307652783937,22.20360331117452,21.2602916254693,19.849433241279208,18.384776310850235
1784880276.755521,-57,0.0,16.0,16.0312195418814,19.026297590440446,20.0,20.09975124224178,20.223748416156685,19.4164878389476,18.027756377319946,16.15549442140351,13.416407864998739,11.180339887498949,8.94427190999916,6.324555320336759,5.0,5.385164807134504,5.656854249492381,7.211102550927978,8.602325267042627,9.433981132056603,9.433981132056603,10.295630140987,10.295630140987,10.295630140987,9.848857801796104,8.54400374531753,7.280109889280518,0.0,0.0,0.0,0.0,0.0,0.0,0.0,0.0,0.0,0.0,0.0,12.206555615733702,11.40175425099138,12.041594578792296,11.313708498984761,10.63014581273465,8.602325267042627,8.06225774829855,6.324555320336759,6.0,6.324555320336759,8.06225774829855,9.219544457292887,11.313708498984761,13.45362404707371,15.556349186104045,16.278820596099706,17.804493814764857,18.027756377319946,18.35755975068582,17.88854381999832,16.55294535724685,15.231546211727817,13.416407864998739,10.816653826391969,10.63014581273465,10.295630140987
1784880276.8668082,-57,0.0,25.019992006393608,23.0,22.090722034374522,20.396078054371138,17.46424919657298,15.524174696260024,12.649110640673518,10.44030650891055,8.06225774829855,6.082762530298219,5.830951894845301,8.48528137423857,9.219544457292887,10.63014581273465,12.041594578792296,12.806248474865697,13.45362404707371,12.727922061357855,12.727922061357855,11.313708498984761,9.899494936611665,8.48528137423857,7.810249675906654,5.830951894845301,5.0990195135927845,4.123105625617661,0.0,0.0,0.0,0.0,0.0,0.0,0.0,0.0,0.0,0.0,0.0,9.433981132056603,7.810249675906654,6.4031242374328485,5.830951894845301,5.0990195135927845,4.123105625617661,5.0,7.0710678118654755,8.602325267042627,10.816653826391969,13.038404810405298,14.422205101855956,14.212670403551895,14.866068747318506,14.866068747318506,14.866068747318506,13.601470508735444,12.206555615733702,10.63014581273465,8.48528137423857,7.615773105863909,8.06225774829855,11.045361017187261,14.142135623730951,17.26267650163207,20.223748416156685
1784880276.975646,-57,0.0,24.698178070456937,23.323807579381203,22.360679774997898,21.18962010041709,18.973665961010276,16.492422502470642,13.341664064126334,10.44030650891055,7.615773105863909,7.0710678118654755,6.708203932499369,8.246211251235321,10.04987562112089,11.045361017187261,12.165525060596439,13.152946437965905,13.341664064126334,13.341664064126334,12.36931687685298,11.40175425099138,10.44030650891055,9.219544457292887,8.06225774829855,7.0,5.0990195135927845,5.0,0.0,0.0,0.0,0.0,0.0,0.0,0.0,0.0,0.0,0.0,0.0,8.94427190999916,7.615773105863909,6.082762530298219,5.0,4.47213595499958,4.242640687119285,5.385164807134504,7.0710678118654755,9.055385138137417,11.045361017187261,13.038404810405298,14.142135623730951,15.132745950421556,15.297058540778355,14.560219778561036,14.866068747318506,13.0,12.083045973594572,10.770329614269007,9.219544457292887,8.06225774829855,8.94427190999916,11.40175425099138,14.212670403551895,17.029386365926403,20.615528128088304
1784880277.191554,-57,0.0,16.278820596099706,16.76305461424021,19.6468827043885,20.396078054371138,21.213203435596427,21.02379604162864,20.0,18.027756377319946,16.1245154965971,14.317821063276353,12.165525060596439,10.04987562112089,7.0,6.324555320336759,6.4031242374328485,7.211102550927978,7.615773105863909,9.486832980505138,10.44030650891055,10.44030650891055,11.40175425099138,11.40175425099138,11.40175425099138,11.180339887498949,10.198039027185569,9.055385138137417,0.0,0.0,0.0,0.0,0.0,0.0,0.0,0.0,0.0,0.0,0.0,10.295630140987,10.295630140987,10.0,9.219544457292887,8.48528137423857,7.810249675906654,6.4031242374328485,5.385164807134504,5.0,5.385164807134504,7.0710678118654755,9.219544457292887,11.40175425099138,13.601470508735444,15.0,17.029386365926403,17.69180601295413,18.439088914585774,17.804493814764857,18.027756377319946,16.1245154965971,13.892443989449804,12.206555615733702,10.63014581273465,9.433981132056603,9.486832980505138
1784880277.433866,-57,0.0,24.331050121192877,20.024984394500787,17.029386365926403,14.035668847618199,10.198039027185569,8.602325267042627,7.810249675906654,9.848857801796104,11.40175425099138,13.601470508735444,14.866068747318506,15.231546211727817,15.652475842498529,16.1245154965971,15.811388300841896,15.0,12.806248474865697,11.40175425099138,8.602325267042627,6.708203932499369,5.0990195135927845,4.123105625617661,5.0,5.830951894845301,7.615773105863909,8.246211251235321,0.0,0.0,0.0,0.0,0.0,0.0,0.0,0.0,0.0,0.0,0.0,6.082762530298219,6.082762530298219,6.708203932499369,8.48528137423857,9.219544457292887,10.816653826391969,12.529964086141668,13.892443989449804,15.264337522473747,15.264337522473747,15.264337522473747,15.264337522473747,13.601470508735444,12.206555615733702,10.816653826391969,8.54400374531753,8.06225774829855,8.246211251235321,9.848857801796104,13.038404810405298,16.64331697709324,19.235384061671343,22.360679774997898,25.079872407968907,26.570660511172846,27.892651361962706
1784880277.543187,-57,0.0,25.079872407968907,22.02271554554524,22.02271554554524,20.223748416156685,18.439088914585774,16.492422502470642,13.601470508735444,10.44030650891055,8.06225774829855,7.0710678118654755,6.324555320336759,7.211102550927978,8.48528137423857,9.899494936611665,11.313708498984761,12.727922061357855,12.041594578792296,12.041594578792296,11.40175425099138,10.0,10.0,8.48528137423857,7.0710678118654755,6.4031242374328485,4.47213595499958,4.0,0.0,0.0,0.0,0.0,0.0,0.0,0.0,0.0,0.0,0.0,0.0,10.0,8.94427190999916,7.615773105863909,7.0710678118654755,6.082762530298219,5.385164807134504,6.4031242374328485,7.810249675906654,9.433981132056603,11.180339887498949,13.416407864998739,14.7648230602334,15.264337522473747,15.811388300841896,15.620499351813308,14.866068747318506,14.866068747318506,12.727922061357855,11.313708498984761,10.0,8.94427190999916,9.055385138137417,11.045361017187261,14.142135623730951,17.26267650163207,20.223748416156685
1784880277.652139,-57,0.0,25.238858928247925,23.323807579381203,22.360679774997898,21.18962010041709,18.681541692269406,16.492422502470642,13.341664064126334,10.198039027185569,8.54400374531753,6.4031242374328485,6.4031242374328485,7.615773105863909,9.219544457292887,10.198039027185569,11.180339887498949,12.36931687685298,12.36931687685298,12.649110640673518,11.704699910719626,10.44030650891055,9.486832980505138,8.246211251235321,7.280109889280518,6.0,5.0990195135927845,3.605551275463989,0.0,0.0,0.0,0.0,0.0,0.0,0.0,0.0,0.0,0.0,0.0,9.486832980505138,9.055385138137417,7.0,6.082762530298219,5.830951894845301,5.656854249492381,6.324555320336759,8.06225774829855,10.04987562112089,11.0,13.0,14.035668847618199,15.132745950421556,16.278820596099706,15.524174696260024,15.524174696260024,13.92838827718412,12.649110640673518,10.44030650891055,9.219544457292887,9.0,8.54400374531753,10.816653826391969,14.212670403551895,17.029386365926403,20.0
1784880277.762135,-57,0.0,25.709920264364882,21.37755832643195,18.439088914585774,15.297058540778355,11.704699910719626,10.816653826391969,10.63014581273465,10.816653826391969,12.083045973594572,14.317821063276353,15.652475842498529,17.0,17.4928556845359,17.204650534085253,16.278820596099706,15.620499351813308,14.142135623730951,12.041594578792296,10.63014581273465,7.810249675906654,6.708203932499369,5.0990195135927845,5.0990195135927845,5.830951894845301,7.0710678118654755,7.810249675906654,0.0,0.0,0.0,0.0,0.0,0.0,0.0,0.0,0.0,0.0,0.0,5.385164807134504,6.4031242374328485,6.4031242374328485,8.54400374531753,9.486832980505138,11.180339887498949,12.165525060596439,14.317821063276353,15.297058540778355,15.297058540778355,15.524174696260024,15.524174696260024,13.601470508735444,12.36931687685298,11.40175425099138,10.04987562112089,9.055385138137417,9.486832980505138,11.661903789690601,13.601470508735444,17.204650534085253,20.0,22.47220505424423,25.059928172283335,26.40075756488817,27.51363298439521
1784880277.871167,-57,0.0,25.238858928247925,21.633307652783937,17.204650534085253,14.422205101855956,12.083045973594572,10.198039027185569,10.0,11.180339887498949,12.649110640673518,14.866068747318506,15.811388300841896,16.492422502470642,17.26267650163207,17.11724276862369,16.0312195418814,15.0,14.0,12.0,10.0,8.06225774829855,6.324555320336759,5.830951894845301,5.830951894845301,6.324555320336759,7.0710678118654755,8.0,0.0,0.0,0.0,0.0,0.0,0.0,0.0,0.0,0.0,0.0,0.0,5.0,5.0,6.324555320336759,8.06225774829855,9.433981132056603,10.816653826391969,12.206555615733702,13.601470508735444,15.0,15.0,15.264337522473747,15.264337522473747,13.892443989449804,12.529964086141668,10.816653826391969,9.219544457292887,8.602325267042627,9.848857801796104,11.180339887498949,14.142135623730951,17.11724276862369,20.223748416156685,22.561028345356956,25.0,25.632011235952593,26.40075756488817
1784880277.979764,-57,0.0,23.706539182259394,23.259406699226016,22.135943621178654,20.615528128088304,18.24828759089466,16.1245154965971,13.038404810405298,10.04987562112089,8.246211251235321,7.211102550927978,6.4031242374328485,7.615773105863909,9.486832980505138,10.44030650891055,12.649110640673518,13.0,13.0,13.416407864998739,12.529964086141668,11.180339887498949,10.295630140987,8.94427190999916,7.615773105863909,6.082762530298219,5.0,4.47213595499958,0.0,0.0,0.0,0.0,0.0,0.0,0.0,0.0,0.0,0.0,0.0,8.54400374531753,7.280109889280518,6.082762530298219,5.0990195135927845,4.47213595499958,5.0,5.385164807134504,7.0710678118654755,9.055385138137417,11.0,13.0,14.035668847618199,14.142135623730951,15.297058540778355,14.560219778561036,14.866068747318506,13.0,12.083045973594572,10.770329614269007,9.219544457292887,8.0,8.54400374531753,11.661903789690601,13.601470508735444,17.204650534085253,19.4164878389476
1784880278.0910022,-57,0.0,13.0,10.04987562112089,9.848857801796104,11.40175425099138,12.727922061357855,14.866068747318506,16.278820596099706,17.69180601295413,17.69180601295413,17.804493814764857,16.64331697709324,15.652475842498529,14.317821063276353,12.083045973594572,10.770329614269007,8.94427190999916,7.211102550927978,5.0,4.123105625617661,5.0990195135927845,6.324555320336759,7.211102550927978,8.602325267042627,8.602325267042627,9.899494936611665,9.899494936611665,0.0,0.0,0.0,0.0,0.0,0.0,0.0,0.0,0.0,0.0,0.0,9.055385138137417,10.198039027185569,11.40175425099138,11.704699910719626,12.649110640673518,12.649110640673518,12.649110640673518,12.083045973594572,12.083045973594572,10.295630140987,9.433981132056603,8.48528137423857,8.06225774829855,8.246211251235321,9.055385138137417,11.045361017187261,14.035668847618199,16.0312195418814,18.027756377319946,20.0,21.095023109728988,22.20360331117452,22.360679774997898,21.587033144922902,20.8806130178211,18.973665961010276
1784880278.2258828,-57,0.0,13.0,9.219544457292887,10.04987562112089,11.704699910719626,13.416407864998739,16.1245154965971,17.0,18.788294228055936,18.384776310850235,18.973665961010276,17.46424919657298,16.1245154965971,14.035668847618199,13.038404810405298,10.0,8.06225774829855,6.324555320336759,5.0,4.47213595499958,5.0,7.0710678118654755,8.246211251235321,9.486832980505138,10.770329614269007,11.180339887498949,11.180339887498949,0.0,0.0,0.0,0.0,0.0,0.0,0.0,0.0,0.0,0.0,0.0,9.848857801796104,10.44030650891055,11.40175425099138,12.165525060596439,13.152946437965905,13.152946437965905,13.038404810405298,13.038404810405298,12.041594578792296,11.0,10.04987562112089,8.246211251235321,7.211102550927978,7.810249675906654,8.94427190999916,11.704699910719626,13.601470508735444,16.76305461424021,18.973665961010276,20.615528128088304,22.360679774997898,23.323807579381203,23.021728866442675,22.80350850198276,21.2602916254693,19.849433241279208
1784880278.333368,-57,0.0,14.0,10.198039027185569,11.661903789690601,12.806248474865697,14.866068747318506,17.029386365926403,18.439088914585774,19.79898987322333,19.849433241279208,20.0,18.867962264113206,17.4928556845359,15.652475842498529,14.317821063276353,11.180339887498949,9.433981132056603,7.810249675906654,5.830951894845301,6.082762530298219,6.082762530298219,7.615773105863909,8.94427190999916,10.295630140987,10.816653826391969,11.40175425099138,12.041594578792296,0.0,0.0,0.0,0.0,0.0,0.0,0.0,0.0,0.0,0.0,0.0,8.06225774829855,10.04987562112089,11.180339887498949,11.180339887498949,12.36931687685298,12.36931687685298,12.36931687685298,12.649110640673518,10.770329614269007,10.770329614269007,8.94427190999916,7.810249675906654,7.211102550927978,8.246211251235321,10.0,12.041594578792296,15.033296378372908,17.029386365926403,20.0,21.02379604162864,23.194827009486403,23.345235059857504,23.769728648009426,22.80350850198276,21.18962010041709,19.313207915827967
1784880278.4411268,-57,0.0,25.553864678361276,25.059928172283335,22.847319317591726,22.135943621178654,18.681541692269406,17.46424919657298,14.317821063276353,11.180339887498949,8.54400374531753,7.211102550927978,7.810249675906654,8.54400374531753,9.486832980505138,11.40175425099138,12.649110640673518,13.601470508735444,13.92838827718412,13.0,13.0,12.083045973594572,11.180339887498949,9.848857801796104,8.54400374531753,7.280109889280518,5.0,4.123105625617661,0.0,0.0,0.0,0.0,0.0,0.0,0.0,0.0,0.0,0.0,0.0,8.246211251235321,7.0710678118654755,6.082762530298219,5.385164807134504,5.0,5.385164807134504,6.324555320336759,8.06225774829855,10.0,12.0,14.0,15.033296378372908,16.0312195418814,16.1245154965971,15.297058540778355,15.524174696260024,14.560219778561036,13.601470508735444,11.40175425099138,10.04987562112089,9.055385138137417,9.486832980505138,11.661903789690601,15.620499351813308,18.439088914585774,20.615528128088304
1784880278.522881,-57,0.0,25.942243542145693,24.166091947189145,23.40939982143925,21.840329667841555,19.4164878389476,17.11724276862369,14.142135623730951,11.180339887498949,9.486832980505138,7.211102550927978,7.810249675906654,8.94427190999916,9.486832980505138,11.40175425099138,12.649110640673518,13.92838827718412,13.92838827718412,14.317821063276353,13.416407864998739,11.180339887498949,11.180339887498949,9.848857801796104,8.54400374531753,6.324555320336759,5.0,4.123105625617661,0.0,0.0,0.0,0.0,0.0,0.0,0.0,0.0,0.0,0.0,0.0,8.54400374531753,7.280109889280518,6.0,5.0990195135927845,5.0,5.0,6.324555320336759,8.246211251235321,10.04987562112089,12.041594578792296,14.035668847618199,15.132745950421556,16.278820596099706,16.492422502470642,15.811388300841896,15.811388300841896,13.92838827718412,13.0,10.770329614269007,10.198039027185569,9.0,9.486832980505138,12.529964086141668,15.0,18.601075237738275,21.095023109728988
1784880278.550687,-57,0.0,17.46424919657298,17.72004514666935,20.248456731316587,21.02379604162864,21.470910553583888,21.633307652783937,20.0,18.439088914585774,16.97056274847714,14.142135623730951,12.727922061357855,9.899494936611665,7.810249675906654,6.324555320336759,6.0,7.280109889280518,8.54400374531753,8.94427190999916,10.295630140987,10.816653826391969,11.661903789690601,11.661903789690601,10.816653826391969,10.0,10.0,8.48528137423857,0.0,0.0,0.0,0.0,0.0,0.0,0.0,0.0,0.0,0.0,0.0,10.44030650891055,10.44030650891055,10.770329614269007,9.848857801796104,8.94427190999916,8.602325267042627,7.0710678118654755,6.4031242374328485,6.324555320336759,7.0710678118654755,8.54400374531753,9.848857801796104,12.083045973594572,13.892443989449804,15.652475842498529,17.46424919657298,18.027756377319946,18.681541692269406,18.24828759089466,18.110770276274835,17.029386365926403,15.033296378372908,13.152946437965905,11.40175425099138,11.661903789690601,11.313708498984761
1784880278.658623,-57,0.0,26.627053911388696,25.0,24.08318915758459,21.93171219946131,19.209372712298546,17.204650534085253,14.422205101855956,11.40175425099138,9.219544457292887,7.211102550927978,7.280109889280518,9.0,10.04987562112089,11.180339887498949,13.152946437965905,13.152946437965905,14.035668847618199,14.035668847618199,13.038404810405298,12.0,11.045361017187261,10.04987562112089,8.06225774829855,6.324555320336759,5.385164807134504,4.242640687119285,0.0,0.0,0.0,0.0,0.0,0.0,0.0,0.0,0.0,0.0,0.0,9.0,8.06225774829855,6.324555320336759,5.830951894845301,5.0,6.082762530298219,7.0,8.246211251235321,10.44030650891055,12.649110640673518,14.866068747318506,15.811388300841896,16.492422502470642,17.26267650163207,17.11724276862369,16.0312195418814,15.0,14.0,12.041594578792296,10.198039027185569,9.848857801796104,10.63014581273465,12.206555615733702,15.264337522473747,18.35755975068582,21.95449840010015
1784880278.7678149,-57,0.0,16.401219466856727,16.64331697709324,19.4164878389476,19.849433241279208,19.849433241279208,20.518284528683193,19.209372712298546,18.027756377319946,15.264337522473747,13.416407864998739,11.180339887498949,8.06225774829855,6.4031242374328485,5.830951894845301,6.082762530298219,7.0710678118654755,8.246211251235321,9.486832980505138,10.770329614269007,10.770329614269007,11.704699910719626,11.704699910719626,11.704699910719626,10.770329614269007,9.848857801796104,9.433981132056603,0.0,0.0,0.0,0.0,0.0,0.0,0.0,0.0,0.0,0.0,0.0,10.198039027185569,10.198039027185569,10.04987562112089,9.0,8.0,7.0710678118654755,6.324555320336759,5.830951894845301,5.0,5.385164807134504,7.0,9.055385138137417,11.180339887498949,13.152946437965905,14.142135623730951,16.0312195418814,17.0,17.029386365926403,17.26267650163207,16.278820596099706,15.524174696260024,13.601470508735444,12.165525060596439,10.0,9.219544457292887,10.295630140987
1784880278.903929,-57,0.0,24.839484696748443,23.345235059857504,23.345235059857504,21.400934559032695,18.867962264113206,16.1245154965971,12.529964086141668,10.295630140987,7.810249675906654,5.830951894845301,6.082762530298219,7.0,9.055385138137417,10.198039027185569,12.165525060596439,13.152946437965905,13.038404810405298,13.038404810405298,12.0,11.0,10.04987562112089,9.055385138137417,7.0710678118654755,5.385164807134504,5.0,3.605551275463989,0.0,0.0,0.0,0.0,0.0,0.0,0.0,0.0,0.0,0.0,0.0,10.04987562112089,8.0,7.0710678118654755,6.324555320336759,5.0,5.0,6.082762530298219,7.0,9.055385138137417,11.40175425099138,13.341664064126334,15.132745950421556,16.1245154965971,16.0312195418814,16.0,15.033296378372908,14.142135623730951,13.152946437965905,11.045361017187261,9.055385138137417,8.54400374531753,8.602325267042627,11.40175425099138,14.422205101855956,16.64331697709324,19.4164878389476
1784880279.0133288,-57,0.0,13.601470508735444,17.029386365926403,18.601075237738275,18.601075237738275,20.248456731316587,19.235384061671343,18.788294228055936,16.76305461424021,15.524174696260024,13.341664064126334,11.180339887498949,9.219544457292887,6.324555320336759,5.0,5.0,6.324555320336759,7.0,8.0,9.055385138137417,9.055385138137417,10.04987562112089,10.04987562112089,10.04987562112089,9.055385138137417,8.246211251235321,7.280109889280518,0.0,0.0,0.0,0.0,0.0,0.0,0.0,0.0,0.0,0.0,0.0,10.44030650891055,10.198039027185569,10.198039027185569,10.04987562112089,9.0,8.0,7.0710678118654755,6.708203932499369,6.4031242374328485,6.708203932499369,8.54400374531753,10.04987562112089,11.045361017187261,13.038404810405298,15.132745950421556,16.278820596099706,17.46424919657298,17.72004514666935,18.384776310850235,16.55294535724685,15.652475842498529,14.317821063276353,12.083045973594572,10.44030650891055,9.0,10.44030650891055
1784880279.122473,-57,0.0,16.278820596099706,16.492422502470642,18.439088914585774,20.223748416156685,20.09975124224178,20.0,19.026297590440446,18.24828759089466,16.278820596099706,13.601470508735444,11.40175425099138,9.219544457292887,7.0710678118654755,5.0990195135927845,5.0,5.830951894845301,7.615773105863909,8.54400374531753,9.486832980505138,9.486832980505138,10.44030650891055,10.44030650891055,10.44030650891055,10.198039027185569,9.219544457292887,8.06225774829855,0.0,0.0,0.0,0.0,0.0,0.0,0.0,0.0,0.0,0.0,0.0,12.041594578792296,12.041594578792296,12.041594578792296,11.40175425099138,9.433981132056603,8.94427190999916,7.615773105863909,7.0710678118654755,6.0,6.708203932499369,7.810249675906654,10.0,12.206555615733702,13.601470508735444,15.0,16.401219466856727,17.69180601295413,19.1049731745428,18.439088914585774,17.204650534085253,16.64331697709324,15.264337522473747,12.806248474865697,11.313708498984761,10.295630140987,10.44030650891055
1784880279.2316449,-57,0.0,13.038404810405298,10.0,9.848857801796104,12.206555615733702,13.45362404707371,15.556349186104045,16.97056274847714,18.439088914585774,18.601075237738275,18.867962264113206,17.88854381999832,16.15549442140351,14.866068747318506,12.649110640673518,10.44030650891055,8.54400374531753,7.211102550927978,5.0,5.0990195135927845,5.0990195135927845,6.324555320336759,7.615773105863909,9.433981132056603,9.433981132056603,10.0,10.63014581273465,0.0,0.0,0.0,0.0,0.0,0.0,0.0,0.0,0.0,0.0,0.0,9.055385138137417,10.0,11.045361017187261,12.041594578792296,13.152946437965905,13.152946437965905,12.36931687685298,12.36931687685298,11.40175425099138,10.44030650891055,9.848857801796104,8.602325267042627,7.810249675906654,8.54400374531753,9.219544457292887,12.0,14.0,17.029386365926403,19.026297590440446,21.213203435596427,22.360679774997898,22.80350850198276,23.40939982143925,22.47220505424423,20.615528128088304,18.788294228055936
1784880279.34033,-57,0.0,16.55294535724685,17.0,19.235384061671343,20.615528128088304,20.248456731316587,20.8806130178211,20.396078054371138,18.110770276274835,16.0312195418814,14.0,12.0,9.055385138137417,7.280109889280518,5.830951894845301,6.4031242374328485,6.708203932499369,8.246211251235321,9.219544457292887,10.198039027185569,11.180339887498949,11.180339887498949,11.045361017187261,11.180339887498949,11.045361017187261,10.0,9.0,0.0,0.0,0.0,0.0,0.0,0.0,0.0,0.0,0.0,0.0,0.0,10.0,10.0,9.433981132056603,8.94427190999916,8.54400374531753,7.280109889280518,6.082762530298219,6.0,5.385164807134504,5.656854249492381,8.06225774829855,9.486832980505138,11.704699910719626,13.601470508735444,15.231546211727817,16.55294535724685,17.0,17.4928556845359,17.204650534085253,17.029386365926403,16.278820596099706,14.212670403551895,12.806248474865697,11.180339887498949,10.198039027185569,11.0
1784880279.559243,-57,0.0,25.238858928247925,21.400934559032695,17.804493814764857,15.0,11.661903789690601,9.486832980505138,9.0,11.180339887498949,12.649110640673518,13.92838827718412,15.811388300841896,16.76305461424021,16.492422502470642,17.26267650163207,16.1245154965971,16.0312195418814,14.0,12.0,10.0,8.06225774829855,6.324555320336759,5.0,4.47213595499958,5.0990195135927845,6.082762530298219,7.280109889280518,0.0,0.0,0.0,0.0,0.0,0.0,0.0,0.0,0.0,0.0,0.0,5.0,6.324555320336759,7.0,8.06225774829855,9.486832980505138,11.704699910719626,12.083045973594572,14.317821063276353,15.231546211727817,16.15549442140351,16.15549442140351,14.866068747318506,14.866068747318506,13.0,11.180339887498949,10.295630140987,9.219544457292887,9.433981132056603,11.704699910719626,13.601470508735444,16.492422502470642,20.615528128088304,23.08679276123039,25.632011235952593,27.313000567495326,28.178005607210743
1784880279.586585,-57,0.0,24.020824298928627,21.095023109728988,17.029386365926403,15.0,11.045361017187261,9.486832980505138,9.433981132056603,10.63014581273465,12.206555615733702,14.422205101855956,15.0,16.401219466856727,17.029386365926403,16.97056274847714,16.278820596099706,15.0,13.601470508735444,11.40175425099138,8.602325267042627,7.0710678118654755,6.4031242374328485,4.47213595499958,4.123105625617661,5.0,6.4031242374328485,7.211102550927978,0.0,0.0,0.0,0.0,0.0,0.0,0.0,0.0,0.0,0.0,0.0,6.0,6.324555320336759,7.211102550927978,8.48528137423857,10.0,10.816653826391969,12.529964086141668,14.422205101855956,15.264337522473747,16.1245154965971,16.64331697709324,15.811388300841896,14.422205101855956,13.038404810405298,11.661903789690601,9.848857801796104,9.219544457292887,10.04987562112089,11.40175425099138,13.92838827718412,16.15549442140351,20.248456731316587,23.40939982143925,25.0,26.68332812825267,28.284271247461902
1784880279.802203,-57,0.0,16.492422502470642,16.1245154965971,18.24828759089466,19.6468827043885,19.924858845171276,20.615528128088304,18.788294228055936,17.4928556845359,15.811388300841896,12.806248474865697,11.40175425099138,8.602325267042627,6.708203932499369,5.0,5.385164807134504,6.4031242374328485,8.48528137423857,9.219544457292887,10.63014581273465,10.63014581273465,11.40175425099138,11.40175425099138,11.40175425099138,10.816653826391969,9.433981132056603,8.94427190999916,0.0,0.0,0.0,0.0,0.0,0.0,0.0,0.0,0.0,0.0,0.0,11.180339887498949,11.40175425099138,10.44030650891055,10.770329614269007,9.848857801796104,8.06225774829855,7.211102550927978,6.4031242374328485,5.385164807134504,6.0,7.280109889280518,8.94427190999916,10.295630140987,12.529964086141668,14.7648230602334,15.652475842498529,17.46424919657298,17.72004514666935,17.46424919657298,17.26267650163207,16.1245154965971,14.142135623730951,12.165525060596439,10.770329614269007,10.0,10.0
1784880279.910582,-57,0.0,24.413111231467404,24.20743687382041,22.67156809750927,21.93171219946131,18.439088914585774,16.401219466856727,13.601470508735444,10.0,8.48528137423857,6.708203932499369,7.0710678118654755,8.06225774829855,10.198039027185569,11.180339887498949,13.152946437965905,13.152946437965905,14.035668847618199,13.038404810405298,13.038404810405298,12.0,11.0,9.055385138137417,8.06225774829855,6.324555320336759,5.830951894845301,4.242640687119285,0.0,0.0,0.0,0.0,0.0,0.0,0.0,0.0,0.0,0.0,0.0,8.06225774829855,7.0710678118654755,6.324555320336759,5.0,4.47213595499958,5.0990195135927845,6.082762530298219,7.280109889280518,9.848857801796104,11.180339887498949,13.416407864998739,14.317821063276353,14.866068747318506,15.524174696260024,15.297058540778355,15.132745950421556,13.038404810405298,12.041594578792296,10.04987562112089,9.219544457292887,8.06225774829855,9.219544457292887,11.661903789690601,14.317821063276353,17.46424919657298,20.12461179749811
1784880280.0181959,-57,0.0,24.73863375370596,22.360679774997898,22.090722034374522,21.0,18.027756377319946,16.1245154965971,13.152946437965905,10.04987562112089,7.0,6.324555320336759,6.4031242374328485,7.211102550927978,8.06225774829855,10.295630140987,11.661903789690601,12.206555615733702,13.038404810405298,12.206555615733702,11.40175425099138,10.63014581273465,10.0,8.602325267042627,7.211102550927978,5.385164807134504,4.0,3.1622776601683795,0.0,0.0,0.0,0.0,0.0,0.0,0.0,0.0,0.0,0.0,0.0,10.0,8.06225774829855,7.615773105863909,6.082762530298219,5.0990195135927845,5.830951894845301,6.4031242374328485,7.211102550927978,9.848857801796104,10.770329614269007,13.0,14.317821063276353,15.652475842498529,15.264337522473747,15.811388300841896,15.0,14.212670403551895,12.806248474865697,10.63014581273465,9.433981132056603,8.54400374531753,9.0,11.40175425099138,13.92838827718412,17.08800749063506,19.924858845171276
1784880280.1274161,-57,0.0,25.059928172283335,23.323807579381203,22.20360331117452,21.2602916254693,18.384776310850235,16.278820596099706,13.45362404707371,10.63014581273465,7.810249675906654,6.324555320336759,6.0,7.280109889280518,9.486832980505138,10.770329614269007,11.704699910719626,13.601470508735444,13.341664064126334,13.341664064126334,12.165525060596439,11.180339887498949,10.198039027185569,9.219544457292887,7.280109889280518,5.830951894845301,5.0,4.123105625617661,0.0,0.0,0.0,0.0,0.0,0.0,0.0,0.0,0.0,0.0,0.0,10.04987562112089,8.246211251235321,7.615773105863909,5.830951894845301,5.0,5.0990195135927845,6.082762530298219,7.280109889280518,9.848857801796104,11.180339887498949,13.416407864998739,14.317821063276353,15.231546211727817,15.811388300841896,15.524174696260024,15.297058540778355,14.142135623730951,12.041594578792296,10.198039027185569,9.486832980505138,8.06225774829855,8.602325267042627,11.180339887498949,13.92838827718412,17.08800749063506,20.248456731316587
1784880280.2403252,-57,0.0,25.495097567963924,23.769728648009426,23.08679276123039,21.93171219946131,19.235384061671343,17.4928556845359,13.892443989449804,11.180339887498949,8.54400374531753,7.0710678118654755,8.246211251235321,8.54400374531753,10.295630140987,11.661903789690601,12.529964086141668,13.416407864998739,14.317821063276353,13.92838827718412,13.0,11.704699910719626,10.770329614269007,9.848857801796104,8.94427190999916,7.211102550927978,5.656854249492381,4.47213595499958,0.0,0.0,0.0,0.0,0.0,0.0,0.0,0.0,0.0,0.0,0.0,8.602325267042627,7.0710678118654755,6.4031242374328485,5.385164807134504,5.0,5.385164807134504,6.4031242374328485,8.48528137423857,10.0,11.40175425099138,14.212670403551895,14.866068747318506,15.556349186104045,16.278820596099706,15.0,15.811388300841896,14.422205101855956,13.038404810405298,10.816653826391969,9.219544457292887,9.433981132056603,9.486832980505138,12.165525060596439,15.033296378372908,18.027756377319946,21.095023109728988
1784880280.352274,-57,0.0,17.0,16.1245154965971,18.35755975068582,19.697715603592208,19.313207915827967,19.924858845171276,18.439088914585774,17.11724276862369,16.0312195418814,13.0,11.0,9.0,6.082762530298219,4.47213595499958,5.0,6.324555320336759,8.246211251235321,9.055385138137417,10.04987562112089,10.04987562112089,11.045361017187261,11.0,10.04987562112089,10.0,9.055385138137417,8.06225774829855,0.0,0.0,0.0,0.0,0.0,0.0,0.0,0.0,0.0,0.0,0.0,11.180339887498949,12.083045973594572,11.704699910719626,10.44030650891055,10.198039027185569,9.219544457292887,8.0,7.0710678118654755,6.708203932499369,6.4031242374328485,8.06225774829855,9.486832980505138,11.40175425099138,13.601470508735444,14.866068747318506,15.811388300841896,17.46424919657298,17.88854381999832,18.027756377319946,17.204650534085253,16.401219466856727,14.212670403551895,13.038404810405298,11.180339887498949,10.198039027185569,11.0
1784880280.462837,-57,0.0,25.238858928247925,21.470910553583888,17.88854381999832,14.7648230602334,11.40175425099138,10.0,9.848857801796104,11.180339887498949,13.038404810405298,14.035668847618199,16.1245154965971,17.11724276862369,17.26267650163207,17.46424919657298,17.08800749063506,16.15549442140351,14.317821063276353,12.083045973594572,9.848857801796104,7.280109889280518,6.082762530298219,5.0990195135927845,5.0,5.830951894845301,6.324555320336759,8.06225774829855,0.0,0.0,0.0,0.0,0.0,0.0,0.0,0.0,0.0,0.0,0.0,5.0,6.4031242374328485,6.324555320336759,8.06225774829855,10.0,11.0,12.0,14.035668847618199,15.0,16.0,16.0,16.0,14.0,13.0,11.0,10.198039027185569,9.848857801796104,10.0,12.041594578792296,14.212670403551895,17.204650534085253,20.0,23.430749027719962,24.758836806279895,26.90724809414742,27.80287754891569
1784880280.598092,-57,0.0,16.1245154965971,17.11724276862369,19.1049731745428,20.024984394500787,20.0,21.095023109728988,19.235384061671343,18.439088914585774,15.811388300841896,13.92838827718412,11.704699910719626,9.486832980505138,7.0710678118654755,6.0,5.830951894845301,6.4031242374328485,7.810249675906654,9.433981132056603,9.433981132056603,10.295630140987,11.180339887498949,11.180339887498949,10.295630140987,9.848857801796104,8.94427190999916,7.615773105863909,0.0,0.0,0.0,0.0,0.0,0.0,0.0,0.0,0.0,0.0,0.0,10.63014581273465,10.63014581273465,10.63014581273465,10.0,9.433981132056603,8.06225774829855,7.280109889280518,6.082762530298219,6.082762530298219,6.708203932499369,8.48528137423857,10.0,12.206555615733702,13.601470508735444,15.620499351813308,17.029386365926403,17.69180601295413,18.439088914585774,17.804493814764857,18.027756377319946,16.64331697709324,15.264337522473747,13.038404810405298,11.313708498984761,10.816653826391969,11.40175425099138
1784880280.626701,-57,0.0,17.46424919657298,17.08800749063506,19.313207915827967,20.12461179749811,20.591260281974,20.248456731316587,20.0,17.69180601295413,16.278820596099706,13.45362404707371,11.313708498984761,8.48528137423857,7.211102550927978,6.324555320336759,6.0,7.280109889280518,8.94427190999916,10.295630140987,11.661903789690601,11.661903789690601,12.529964086141668,11.661903789690601,11.661903789690601,10.816653826391969,10.816653826391969,9.219544457292887,0.0,0.0,0.0,0.0,0.0,0.0,0.0,0.0,0.0,0.0,0.0,10.04987562112089,10.198039027185569,10.198039027185569,9.486832980505138,8.54400374531753,7.615773105863909,6.4031242374328485,5.656854249492381,5.385164807134504,6.0,7.280109889280518,9.848857801796104,11.180339887498949,13.0,15.231546211727817,16.15549442140351,17.72004514666935,17.46424919657298,18.110770276274835,17.029386365926403,16.0,14.0,12.041594578792296,10.44030650891055,10.295630140987,10.63014581273465
1784880280.683519,-57,0.0,25.059928172283335,21.095023109728988,16.64331697709324,13.892443989449804,10.770329614269007,9.055385138137417,8.246211251235321,9.848857801796104,11.661903789690601,13.892443989449804,14.7648230602334,15.652475842498529,16.15549442140351,16.76305461424021,15.297058540778355,15.297058540778355,13.152946437965905,11.045361017187261,9.055385138137417,6.324555320336759,4.47213595499958,4.242640687119285,4.123105625617661,5.0990195135927845,6.708203932499369,8.06225774829855,0.0,0.0,0.0,0.0,0.0,0.0,0.0,0.0,0.0,0.0,0.0,6.4031242374328485,6.324555320336759,7.0710678118654755,8.246211251235321,9.848857801796104,11.180339887498949,12.529964086141668,13.892443989449804,15.264337522473747,16.1245154965971,15.652475842498529,15.652475842498529,14.317821063276353,13.0,11.180339887498949,10.0,7.810249675906654,8.54400374531753,10.198039027185569,13.038404810405298,16.0312195418814,20.09975124224178,22.20360331117452,24.515301344262525,26.248809496813376,26.92582403567252
1784880280.8026721,-57,0.0,13.152946437965905,9.0,9.848857801796104,11.661903789690601,13.601470508735444,15.620499351813308,17.029386365926403,18.027756377319946,18.867962264113206,18.788294228055936,17.08800749063506,15.811388300841896,14.560219778561036,12.36931687685298,10.198039027185569,8.54400374531753,6.708203932499369,5.656854249492381,6.082762530298219,6.0,8.246211251235321,9.486832980505138,10.770329614269007,10.770329614269007,12.083045973594572,12.529964086141668,0.0,0.0,0.0,0.0,0.0,0.0,0.0,0.0,0.0,0.0,0.0,8.246211251235321,10.04987562112089,11.0,11.0,12.041594578792296,12.041594578792296,12.165525060596439,11.180339887498949,11.180339887498949,10.198039027185569,8.54400374531753,7.211102550927978,7.0710678118654755,7.615773105863909,9.219544457292887,11.045361017187261,14.035668847618199,16.0312195418814,18.110770276274835,19.4164878389476,20.615528128088304,21.18962010041709,21.93171219946131,21.470910553583888,20.591260281974,18.35755975068582
1784880280.914295,-57,0.0,25.553864678361276,23.706539182259394,22.847319317591726,21.18962010041709,18.681541692269406,17.46424919657298,13.341664064126334,11.40175425099138,8.54400374531753,7.211102550927978,7.211102550927978,8.94427190999916,9.486832980505138,11.40175425099138,12.649110640673518,13.601470508735444,13.92838827718412,13.92838827718412,13.0,11.180339887498949,11.180339887498949,9.848857801796104,8.54400374531753,6.324555320336759,5.0,4.123105625617661,0.0,0.0,0.0,0.0,0.0,0.0,0.0,0.0,0.0,0.0,0.0,8.246211251235321,7.0710678118654755,6.0,5.385164807134504,5.0,5.830951894845301,6.324555320336759,8.06225774829855,10.0,12.0,14.0,15.0,16.0312195418814,16.1245154965971,15.297058540778355,15.524174696260024,14.560219778561036,12.649110640673518,11.40175425099138,10.04987562112089,9.055385138137417,9.848857801796104,12.206555615733702,14.212670403551895,17.804493814764857,20.615528128088304
1784880281.023135,-57,0.0,16.97056274847714,16.97056274847714,19.79898987322333,19.849433241279208,20.615528128088304,20.248456731316587,19.235384061671343,17.88854381999832,16.15549442140351,13.601470508735444,11.704699910719626,9.486832980505138,8.06225774829855,6.4031242374328485,6.708203932499369,7.280109889280518,8.06225774829855,10.0,11.045361017187261,11.045361017187261,11.045361017187261,11.045361017187261,11.045361017187261,11.045361017187261,10.04987562112089,8.246211251235321,0.0,0.0,0.0,0.0,0.0,0.0,0.0,0.0,0.0,0.0,0.0,10.04987562112089,10.0,10.0,10.04987562112089,9.219544457292887,8.246211251235321,6.708203932499369,6.4031242374328485,6.4031242374328485,6.324555320336759,8.06225774829855,10.0,12.041594578792296,13.038404810405298,15.033296378372908,17.0,17.029386365926403,18.110770276274835,17.46424919657298,17.46424919657298,16.76305461424021,14.560219778561036,13.341664064126334,11.045361017187261,10.04987562112089,11.704699910719626
1784880281.158216,-57,0.0,23.021728866442675,19.209372712298546,15.620499351813308,13.601470508735444,10.295630140987,8.246211251235321,8.06225774829855,9.486832980505138,12.083045973594572,13.92838827718412,15.231546211727817,15.811388300841896,15.524174696260024,16.278820596099706,16.1245154965971,14.035668847618199,13.038404810405298,11.0,9.055385138137417,7.0710678118654755,5.385164807134504,5.0,5.0990195135927845,6.0,7.0710678118654755,8.54400374531753,0.0,0.0,0.0,0.0,0.0,0.0,0.0,0.0,0.0,0.0,0.0,5.656854249492381,5.385164807134504,6.082762530298219,7.0710678118654755,8.54400374531753,9.848857801796104,11.180339887498949,12.083045973594572,14.317821063276353,14.317821063276353,15.231546211727817,13.92838827718412,12.649110640673518,11.704699910719626,9.848857801796104,8.06225774829855,7.810249675906654,8.06225774829855,10.44030650891055,13.341664064126334,16.278820596099706,18.439088914585774,21.587033144922902,24.351591323771842,25.079872407968907,26.419689627245813
1784880281.265425,-57,0.0,24.413111231467404,20.0,17.204650534085253,13.601470508735444,10.295630140987,8.246211251235321,9.055385138137417,9.848857801796104,12.083045973594572,13.416407864998739,15.231546211727817,15.811388300841896,16.492422502470642,16.278820596099706,16.1245154965971,15.033296378372908,13.0,11.045361017187261,9.055385138137417,6.082762530298219,5.385164807134504,4.242640687119285,4.123105625617661,5.0990195135927845,6.324555320336759,8.06225774829855,0.0,0.0,0.0,0.0,0.0,0.0,0.0,0.0,0.0,0.0,0.0,6.4031242374328485,6.324555320336759,7.0,8.246211251235321,9.486832980505138,10.770329614269007,12.083045973594572,14.317821063276353,15.652475842498529,15.231546211727817,16.15549442140351,14.866068747318506,13.92838827718412,12.649110640673518,10.770329614269007,9.433981132056603,8.48528137423857,9.433981132056603,10.44030650891055,13.341664064126334,16.278820596099706,19.235384061671343,22.80350850198276,24.351591323771842,26.0,26.832815729997478
1784880281.3732102,-57,0.0,14.142135623730951,11.0,11.704699910719626,13.038404810405298,15.0,17.029386365926403,18.601075237738275,20.248456731316587,19.72308292331602,20.12461179749811,19.313207915827967,17.08800749063506,15.524174696260024,13.341664064126334,11.40175425099138,9.486832980505138,8.06225774829855,5.656854249492381,6.708203932499369,6.082762530298219,8.06225774829855,9.219544457292887,10.44030650891055,11.704699910719626,11.704699910719626,12.083045973594572,0.0,0.0,0.0,0.0,0.0,0.0,0.0,0.0,0.0,0.0,0.0,8.0,10.04987562112089,10.198039027185569,12.165525060596439,12.36931687685298,12.36931687685298,12.36931687685298,12.36931687685298,11.704699910719626,10.770329614269007,9.433981132056603,7.810249675906654,8.06225774829855,8.54400374531753,10.198039027185569,13.0,15.0,17.0,20.024984394500787,21.213203435596427,22.561028345356956,23.08679276123039,23.40939982143925,22.847319317591726,21.93171219946131,20.12461179749811
1784880281.481791,-58,0.0,24.698178070456937,23.021728866442675,22.80350850198276,20.518284528683193,17.69180601295413,15.620499351813308,12.806248474865697,10.0,7.810249675906654,6.324555320336759,6.0,7.0710678118654755,9.486832980505138,10.44030650891055,11.40175425099138,12.36931687685298,12.36931687685298,13.152946437965905,12.165525060596439,11.045361017187261,10.04987562112089,8.246211251235321,7.280109889280518,5.385164807134504,4.242640687119285,4.47213595499958,0.0,0.0,0.0,0.0,0.0,0.0,0.0,0.0,0.0,0.0,0.0,10.04987562112089,8.246211251235321,6.708203932499369,5.830951894845301,5.0,5.0990195135927845,6.0,7.280109889280518,9.848857801796104,11.180339887498949,13.0,13.92838827718412,14.866068747318506,15.524174696260024,15.297058540778355,14.317821063276353,14.142135623730951,12.041594578792296,11.180339887498949,9.219544457292887,8.06225774829855,8.48528137423857,11.180339887498949,13.92838827718412,17.08800749063506,20.12461179749811
1784880281.59023,-57,0.0,17.029386365926403,16.97056274847714,19.1049731745428,20.0,20.808652046684813,20.591260281974,19.235384061671343,18.384776310850235,15.811388300841896,13.601470508735444,11.40175425099138,9.486832980505138,7.615773105863909,6.4031242374328485,6.708203932499369,7.0710678118654755,8.0,9.0,10.04987562112089,11.045361017187261,11.045361017187261,11.045361017187261,11.045361017187261,10.04987562112089,10.198039027185569,8.246211251235321,0.0,0.0,0.0,0.0,0.0,0.0,0.0,0.0,0.0,0.0,0.0,9.486832980505138,10.44030650891055,10.198039027185569,9.055385138137417,8.0,8.0,6.082762530298219,5.385164807134504,5.656854249492381,6.708203932499369,8.246211251235321,10.04987562112089,11.045361017187261,13.038404810405298,15.033296378372908,16.1245154965971,17.26267650163207,17.72004514666935,18.027756377319946,17.08800749063506,16.55294535724685,14.317821063276353,12.649110640673518,11.180339887498949,11.0,11.40175425099138
1784880281.6721,-57,0.0,26.019223662515376,25.079872407968907,23.345235059857504,21.840329667841555,19.924858845171276,17.46424919657298,14.317821063276353,11.704699910719626,9.219544457292887,7.0,7.280109889280518,8.06225774829855,9.219544457292887,11.40175425099138,12.806248474865697,13.601470508735444,13.601470508735444,13.601470508735444,13.038404810405298,11.661903789690601,10.816653826391969,9.433981132056603,8.06225774829855,6.4031242374328485,5.0,3.1622776601683795,0.0,0.0,0.0,0.0,0.0,0.0,0.0,0.0,0.0,0.0,0.0,9.219544457292887,8.602325267042627,6.708203932499369,6.082762530298219,6.082762530298219,5.385164807134504,7.211102550927978,9.219544457292887,10.0,13.038404810405298,14.422205101855956,15.811388300841896,16.401219466856727,17.029386365926403,16.97056274847714,16.278820596099706,15.0,13.601470508735444,12.041594578792296,10.63014581273465,9.433981132056603,10.198039027185569,12.0,15.033296378372908,18.110770276274835,21.095023109728988
1784880281.6999402,-57,0.0,16.76305461424021,16.278820596099706,18.439088914585774,19.924858845171276,19.313207915827967,20.12461179749811,18.35755975068582,17.204650534085253,15.0,12.806248474865697,10.63014581273465,8.602325267042627,5.830951894845301,5.0990195135927845,5.385164807134504,6.708203932499369,7.810249675906654,9.899494936611665,9.899494936611665,9.899494936611665,11.313708498984761,10.63014581273465,11.313708498984761,10.63014581273465,10.0,8.06225774829855,0.0,0.0,0.0,0.0,0.0,0.0,0.0,0.0,0.0,0.0,0.0,11.180339887498949,11.40175425099138,11.40175425099138,10.770329614269007,9.848857801796104,8.94427190999916,7.211102550927978,6.4031242374328485,5.830951894845301,6.0,7.280109889280518,8.94427190999916,11.180339887498949,12.529964086141668,14.317821063276353,16.15549442140351,17.08800749063506,17.72004514666935,17.26267650163207,17.11724276862369,16.0312195418814,14.035668847618199,12.165525060596439,10.44030650891055,9.433981132056603,10.63014581273465
1784880281.8365598,-57,0.0,25.079872407968907,21.02379604162864,17.88854381999832,14.317821063276353,11.40175425099138,9.0,9.486832980505138,11.180339887498949,13.601470508735444,15.0,16.64331697709324,17.0,17.88854381999832,17.46424919657298,16.76305461424021,15.524174696260024,13.341664064126334,11.40175425099138,9.486832980505138,7.615773105863909,5.830951894845301,5.0,5.0990195135927845,6.082762530298219,7.280109889280518,8.94427190999916,0.0,0.0,0.0,0.0,0.0,0.0,0.0,0.0,0.0,0.0,0.0,5.0,5.0,6.324555320336759,8.06225774829855,8.602325267042627,10.63014581273465,12.041594578792296,14.212670403551895,15.0,15.0,15.811388300841896,14.422205101855956,13.892443989449804,12.206555615733702,10.63014581273465,9.219544457292887,8.94427190999916,9.219544457292887,11.0,14.035668847618199,18.0,21.0,23.021728866442675,25.179356624028344,26.68332812825267,28.160255680657446
1784880281.945166,-57,0.0,11.661903789690601,8.48528137423857,9.848857801796104,11.40175425099138,13.152946437965905,15.132745950421556,16.278820596099706,17.46424919657298,17.72004514666935,18.027756377319946,16.55294535724685,15.652475842498529,13.892443989449804,12.206555615733702,10.295630140987,8.06225774829855,6.324555320336759,6.0,5.830951894845301,5.656854249492381,7.211102550927978,8.06225774829855,9.848857801796104,10.770329614269007,10.770329614269007,11.40175425099138,0.0,0.0,0.0,0.0,0.0,0.0,0.0,0.0,0.0,0.0,0.0,7.615773105863909,8.602325267042627,10.0,10.63014581273465,10.63014581273465,11.313708498984761,11.313708498984761,10.63014581273465,10.63014581273465,8.602325267042627,8.06225774829855,6.324555320336759,6.0,7.280109889280518,8.06225774829855,11.40175425099138,12.806248474865697,15.0,17.204650534085253,19.235384061671343,19.697715603592208,21.18962010041709,20.8806130178211,19.6468827043885,18.439088914585774,17.26267650163207
1784880282.0536928,-57,0.0,13.45362404707371,10.816653826391969,10.44030650891055,13.038404810405298,14.035668847618199,17.11724276862369,18.027756377319946,19.0,20.024984394500787,20.09975124224178,18.439088914585774,17.46424919657298,15.811388300841896,13.601470508735444,11.704699910719626,9.219544457292887,7.0710678118654755,6.082762530298219,5.830951894845301,5.830951894845301,6.708203932499369,8.246211251235321,10.198039027185569,10.04987562112089,11.045361017187261,11.0,0.0,0.0,0.0,0.0,0.0,0.0,0.0,0.0,0.0,0.0,0.0,9.219544457292887,10.0,11.661903789690601,12.529964086141668,12.529964086141668,13.0,13.0,13.0,11.704699910719626,10.44030650891055,10.198039027185569,8.0,8.246211251235321,8.602325267042627,9.899494936611665,12.806248474865697,15.0,17.804493814764857,19.849433241279208,21.93171219946131,22.67156809750927,23.600847442411894,23.853720883753127,23.323807579381203,21.470910553583888,19.235384061671343
1784880282.162648,-57,0.0,13.45362404707371,10.0,10.44030650891055,12.041594578792296,14.0,17.029386365926403,18.0,19.026297590440446,20.09975124224178,19.4164878389476,18.681541692269406,16.76305461424021,14.866068747318506,13.0,10.770329614269007,8.246211251235321,7.0710678118654755,6.082762530298219,6.4031242374328485,5.830951894845301,7.615773105863909,9.486832980505138,10.44030650891055,11.180339887498949,12.165525060596439,12.041594578792296,0.0,0.0,0.0,0.0,0.0,0.0,0.0,0.0,0.0,0.0,0.0,8.06225774829855,9.219544457292887,9.899494936611665,11.313708498984761,11.40175425099138,11.40175425099138,11.40175425099138,11.40175425099138,10.816653826391969,10.295630140987,8.54400374531753,7.0710678118654755,7.0710678118654755,7.615773105863909,9.219544457292887,11.313708498984761,14.142135623730951,16.97056274847714,18.439088914585774,21.400934559032695,21.633307652783937,22.825424421026653,23.259406699226016,21.93171219946131,20.248456731316587,18.027756377319946
1784880282.270277,-57,0.0,13.601470508735444,10.04987562112089,11.180339887498949,13.0,14.7648230602334,17.0,18.788294228055936,19.697715603592208,20.248456731316587,19.6468827043885,18.439088914585774,17.11724276862369,15.132745950421556,13.038404810405298,11.045361017187261,9.055385138137417,7.280109889280518,6.4031242374328485,5.830951894845301,6.324555320336759,8.0,9.0,10.04987562112089,11.180339887498949,11.40175425099138,11.704699910719626,0.0,0.0,0.0,0.0,0.0,0.0,0.0,0.0,0.0,0.0,0.0,8.54400374531753,9.219544457292887,10.04987562112089,11.045361017187261,12.041594578792296,12.0,12.0,12.0,11.0,10.04987562112089,9.219544457292887,7.615773105863909,7.0710678118654755,8.06225774829855,9.486832980505138,12.36931687685298,14.317821063276353,17.46424919657298,18.973665961010276,21.540659228538015,22.360679774997898,22.825424421026653,23.021728866442675,22.20360331117452,21.400934559032695,19.209372712298546
1784880282.377711,-57,0.0,23.259406699226016,19.924858845171276,15.811388300841896,13.0,9.433981132056603,7.810249675906654,7.615773105863909,9.055385138137417,12.0,13.038404810405298,15.033296378372908,15.132745950421556,16.492422502470642,15.811388300841896,14.866068747318506,14.317821063276353,12.083045973594572,9.848857801796104,8.54400374531753,6.324555320336759,5.0,4.47213595499958,5.0,5.385164807134504,7.0710678118654755,9.0,0.0,0.0,0.0,0.0,0.0,0.0,0.0,0.0,0.0,0.0,0.0,6.0,5.830951894845301,6.4031242374328485,8.06225774829855,8.54400374531753,10.44030650891055,11.40175425099138,13.341664064126334,13.341664064126334,14.317821063276353,14.560219778561036,13.601470508735444,12.649110640673518,11.704699910719626,10.44030650891055,8.06225774829855,7.0710678118654755,8.06225774829855,9.219544457292887,12.727922061357855,16.278820596099706,18.384776310850235,21.93171219946131,24.20743687382041,25.238858928247925,26.419689627245813
1784880282.5122051,-57,0.0,25.0,21.02379604162864,18.027756377319946,14.0,11.180339887498949,9.848857801796104,9.219544457292887,11.40175425099138,13.038404810405298,15.264337522473747,15.811388300841896,17.204650534085253,17.029386365926403,16.97056274847714,17.029386365926403,15.620499351813308,13.601470508735444,12.206555615733702,10.0,7.810249675906654,6.4031242374328485,5.385164807134504,5.0990195135927845,5.830951894845301,7.0710678118654755,8.602325267042627,0.0,0.0,0.0,0.0,0.0,0.0,0.0,0.0,0.0,0.0,0.0,5.0,5.385164807134504,6.4031242374328485,7.810249675906654,9.433981132056603,11.180339887498949,12.529964086141668,13.892443989449804,14.7648230602334,16.1245154965971,16.1245154965971,15.264337522473747,14.422205101855956,13.038404810405298,10.295630140987,9.486832980505138,9.055385138137417,10.198039027185569,11.704699910719626,14.317821063276353,17.46424919657298,20.248456731316587,23.40939982143925,25.96150997149434,27.65863337187866,28.284271247461902
1784880282.619651,-57,0.0,15.620499351813308,17.204650534085253,19.209372712298546,19.849433241279208,19.79898987322333,19.849433241279208,18.601075237738275,17.4928556845359,15.652475842498529,13.416407864998739,10.770329614269007,8.06225774829855,6.4031242374328485,5.830951894845301,6.082762530298219,7.0,8.246211251235321,9.219544457292887,10.44030650891055,10.44030650891055,11.40175425099138,11.704699910719626,11.704699910719626,10.770329614269007,9.848857801796104,8.94427190999916,0.0,0.0,0.0,0.0,0.0,0.0,0.0,0.0,0.0,0.0,0.0,10.44030650891055,10.198039027185569,10.04987562112089,9.055385138137417,9.0,7.0710678118654755,6.324555320336759,5.385164807134504,5.0,5.385164807134504,7.0710678118654755,9.055385138137417,11.045361017187261,12.041594578792296,14.035668847618199,16.0,16.0312195418814,17.11724276862369,16.278820596099706,16.492422502470642,15.524174696260024,13.601470508735444,11.40175425099138,10.04987562112089,9.219544457292887,10.295630140987
1784880282.700974,-57,0.0,25.298221281347036,24.041630560342615,23.345235059857504,21.095023109728988,19.026297590440446,17.0,14.0,11.0,9.055385138137417,7.615773105863909,7.810249675906654,8.602325267042627,10.295630140987,11.661903789690601,12.529964086141668,13.892443989449804,14.422205101855956,13.601470508735444,12.806248474865697,11.40175425099138,11.40175425099138,10.0,8.602325267042627,6.708203932499369,5.0990195135927845,4.0,0.0,0.0,0.0,0.0,0.0,0.0,0.0,0.0,0.0,0.0,0.0,8.06225774829855,7.280109889280518,6.082762530298219,5.0990195135927845,4.47213595499958,5.0,6.708203932499369,8.246211251235321,10.198039027185569,12.165525060596439,13.341664064126334,15.297058540778355,15.524174696260024,16.15549442140351,16.15549442140351,15.652475842498529,14.7648230602334,12.529964086141668,11.180339887498949,9.486832980505138,9.055385138137417,10.198039027185569,11.704699910719626,14.7648230602334,17.88854381999832,21.02379604162864
1784880282.8359559,-57,0.0,13.0,10.04987562112089,10.295630140987,11.40175425099138,14.142135623730951,16.278820596099706,16.97056274847714,19.1049731745428,19.209372712298546,18.601075237738275,17.4928556845359,16.55294535724685,15.231546211727817,13.0,10.770329614269007,8.94427190999916,5.830951894845301,5.0,4.123105625617661,5.0990195135927845,6.708203932499369,8.06225774829855,9.433981132056603,10.0,10.63014581273465,11.313708498984761,0.0,0.0,0.0,0.0,0.0,0.0,0.0,0.0,0.0,0.0,0.0,9.0,10.04987562112089,11.180339887498949,12.36931687685298,12.36931687685298,12.36931687685298,12.649110640673518,12.649110640673518,11.704699910719626,10.770329614269007,9.848857801796104,8.602325267042627,7.810249675906654,8.54400374531753,10.04987562112089,12.0,14.0,17.0,19.0,21.095023109728988,22.20360331117452,22.561028345356956,22.80350850198276,22.135943621178654,21.18962010041709,19.313207915827967
1784880282.944603,-57,0.0,25.079872407968907,20.0,17.0,14.0,11.045361017187261,8.94427190999916,8.48528137423857,10.0,12.529964086141668,13.416407864998739,14.7648230602334,16.1245154965971,16.401219466856727,16.401219466856727,16.278820596099706,14.866068747318506,13.45362404707371,11.313708498984761,8.48528137423857,6.4031242374328485,5.385164807134504,4.0,4.47213595499958,5.656854249492381,7.211102550927978,8.94427190999916,0.0,0.0,0.0,0.0,0.0,0.0,0.0,0.0,0.0,0.0,0.0,6.082762530298219,6.082762530298219,6.708203932499369,7.810249675906654,9.219544457292887,10.816653826391969,11.661903789690601,13.892443989449804,14.7648230602334,15.264337522473747,15.264337522473747,14.422205101855956,14.422205101855956,12.206555615733702,10.816653826391969,9.848857801796104,8.06225774829855,9.055385138137417,10.770329614269007,13.416407864998739,16.55294535724685,19.697715603592208,21.93171219946131,24.351591323771842,25.96150997149434,27.294688127912362
1784880283.053605,-57,0.0,25.0,23.769728648009426,23.194827009486403,21.02379604162864,18.0,16.0312195418814,13.038404810405298,10.0,8.06225774829855,6.708203932499369,7.0710678118654755,8.06225774829855,10.295630140987,11.180339887498949,12.529964086141668,13.892443989449804,13.892443989449804,13.601470508735444,12.206555615733702,11.40175425099138,10.816653826391969,9.433981132056603,8.06225774829855,6.324555320336759,5.0990195135927845,4.123105625617661,0.0,0.0,0.0,0.0,0.0,0.0,0.0,0.0,0.0,0.0,0.0,8.602325267042627,8.06225774829855,6.324555320336759,5.0990195135927845,4.123105625617661,5.0,5.830951894845301,7.615773105863909,9.486832980505138,11.40175425099138,12.649110640673518,14.866068747318506,15.231546211727817,15.652475842498529,15.264337522473747,15.264337522473747,13.601470508735444,12.206555615733702,10.0,8.94427190999916,8.06225774829855,9.055385138137417,11.704699910719626,14.317821063276353,17.46424919657298,20.615528128088304
1784880283.189776,-57,0.0,13.341664064126334,9.055385138137417,10.198039027185569,11.180339887498949,13.038404810405298,15.811388300841896,16.64331697709324,18.35755975068582,17.88854381999832,18.384776310850235,17.72004514666935,15.297058540778355,14.142135623730951,12.165525060596439,10.04987562112089,8.246211251235321,6.708203932499369,4.242640687119285,5.0990195135927845,5.0,7.280109889280518,8.246211251235321,9.486832980505138,10.770329614269007,11.180339887498949,11.180339887498949,0.0,0.0,0.0,0.0,0.0,0.0,0.0,0.0,0.0,0.0,0.0,9.219544457292887,10.04987562112089,11.0,12.0,12.041594578792296,13.038404810405298,12.041594578792296,12.041594578792296,12.165525060596439,11.180339887498949,9.486832980505138,8.06225774829855,7.810249675906654,7.211102550927978,9.486832980505138,11.180339887498949,14.142135623730951,15.297058540778355,18.439088914585774,19.6468827043885,21.18962010041709,21.93171219946131,22.360679774997898,21.95449840010015,20.248456731316587,19.4164878389476
1784880283.298392,-57,0.0,24.73863375370596,21.37755832643195,17.46424919657298,14.317821063276353,11.180339887498949,10.0,10.0,11.180339887498949,12.649110640673518,14.560219778561036,15.811388300841896,17.46424919657298,17.46424919657298,17.4928556845359,16.64331697709324,15.811388300841896,14.212670403551895,12.806248474865697,10.0,8.06225774829855,6.324555320336759,5.0,5.385164807134504,5.656854249492381,7.211102550927978,8.54400374531753,0.0,0.0,0.0,0.0,0.0,0.0,0.0,0.0,0.0,0.0,0.0,5.0990195135927845,5.830951894845301,6.4031242374328485,8.06225774829855,9.486832980505138,10.44030650891055,12.649110640673518,13.601470508735444,14.560219778561036,15.811388300841896,15.811388300841896,14.866068747318506,13.92838827718412,12.649110640673518,11.704699910719626,10.04987562112089,9.055385138137417,9.848857801796104,11.661903789690601,15.0,17.804493814764857,20.808652046684813,23.853720883753127,25.553864678361276,27.730849247724095,27.85677655436824
1784880283.40734,-57,0.0,24.166091947189145,20.248456731316587,16.15549442140351,14.317821063276353,10.816653826391969,9.219544457292887,9.848857801796104,10.198039027185569,12.165525060596439,14.142135623730951,16.278820596099706,16.492422502470642,16.76305461424021,17.08800749063506,16.55294535724685,14.7648230602334,13.416407864998739,11.661903789690601,9.848857801796104,7.280109889280518,6.082762530298219,5.0990195135927845,5.830951894845301,6.4031242374328485,7.615773105863909,9.219544457292887,0.0,0.0,0.0,0.0,0.0,0.0,0.0,0.0,0.0,0.0,0.0,5.0990195135927845,5.0,5.830951894845301,7.280109889280518,9.055385138137417,10.04987562112089,11.045361017187261,13.038404810405298,14.035668847618199,14.142135623730951,15.132745950421556,14.142135623730951,13.152946437965905,12.165525060596439,10.04987562112089,9.055385138137417,8.54400374531753,8.602325267042627,11.313708498984761,13.45362404707371,17.029386365926403,19.1049731745428,21.93171219946131,24.839484696748443,25.80697580112788,26.92582403567252
1784880283.516027,-57,0.0,23.53720459187964,20.09975124224178,16.1245154965971,14.142135623730951,10.44030650891055,8.602325267042627,9.219544457292887,10.295630140987,12.649110640673518,13.92838827718412,15.231546211727817,16.55294535724685,16.1245154965971,16.64331697709324,16.401219466856727,14.212670403551895,13.45362404707371,11.40175425099138,10.0,7.211102550927978,6.324555320336759,5.0,5.385164807134504,6.4031242374328485,7.810249675906654,8.94427190999916,0.0,0.0,0.0,0.0,0.0,0.0,0.0,0.0,0.0,0.0,0.0,5.0,5.385164807134504,5.656854249492381,7.211102550927978,8.94427190999916,9.848857801796104,11.704699910719626,12.649110640673518,13.601470508735444,14.866068747318506,15.231546211727817,14.317821063276353,13.416407864998739,12.083045973594572,9.848857801796104,9.219544457292887,8.06225774829855,8.54400374531753,10.295630140987,13.601470508735444,16.401219466856727,19.4164878389476,21.95449840010015,24.596747752497688,26.0,27.202941017470888
1784880283.62494,-57,0.0,24.166091947189145,24.698178070456937,22.80350850198276,21.37755832643195,19.1049731745428,17.029386365926403,14.035668847618199,11.045361017187261,8.246211251235321,7.615773105863909,7.0710678118654755,8.06225774829855,8.94427190999916,10.770329614269007,12.083045973594572,13.0,13.416407864998739,12.529964086141668,12.529964086141668,10.816653826391969,10.295630140987,8.94427190999916,7.615773105863909,5.385164807134504,4.0,3.1622776601683795,0.0,0.0,0.0,0.0,0.0,0.0,0.0,0.0,0.0,0.0,0.0,9.486832980505138,8.246211251235321,7.0,6.082762530298219,5.830951894845301,6.4031242374328485,6.708203932499369,8.54400374531753,10.198039027185569,12.165525060596439,14.317821063276353,15.297058540778355,15.524174696260024,15.811388300841896,16.15549442140351,15.231546211727817,14.7648230602334,13.416407864998739,11.180339887498949,9.486832980505138,9.055385138137417,9.219544457292887,12.083045973594572,14.7648230602334,17.4928556845359,21.095023109728988
1784880283.734865,-57,0.0,14.035668847618199,10.04987562112089,11.180339887498949,12.806248474865697,14.866068747318506,17.69180601295413,18.384776310850235,19.849433241279208,20.0,20.248456731316587,18.35755975068582,17.88854381999832,15.231546211727817,13.92838827718412,11.704699910719626,8.94427190999916,7.810249675906654,5.830951894845301,6.082762530298219,6.082762530298219,7.615773105863909,8.94427190999916,10.295630140987,10.816653826391969,11.40175425099138,12.041594578792296,0.0,0.0,0.0,0.0,0.0,0.0,0.0,0.0,0.0,0.0,0.0,8.246211251235321,10.04987562112089,10.0,12.041594578792296,12.041594578792296,12.165525060596439,12.165525060596439,12.165525060596439,11.40175425099138,10.44030650891055,8.94427190999916,7.810249675906654,7.810249675906654,7.615773105863909,10.04987562112089,12.0,15.0,17.0,19.026297590440446,21.213203435596427,22.561028345356956,22.80350850198276,23.08679276123039,22.47220505424423,21.540659228538015,18.788294228055936
1784880283.762346,-57,0.0,13.0,10.04987562112089,9.848857801796104,12.206555615733702,13.45362404707371,15.556349186104045,16.97056274847714,17.69180601295413,18.439088914585774,18.867962264113206,17.0,16.55294535724685,14.866068747318506,12.649110640673518,10.44030650891055,8.54400374531753,7.211102550927978,5.656854249492381,5.0990195135927845,5.0,6.324555320336759,7.615773105863909,8.94427190999916,9.433981132056603,10.0,10.0,0.0,0.0,0.0,0.0,0.0,0.0,0.0,0.0,0.0,0.0,0.0,9.055385138137417,10.198039027185569,11.40175425099138,12.649110640673518,13.0,13.0,12.083045973594572,12.083045973594572,12.083045973594572,11.180339887498949,9.433981132056603,8.48528137423857,8.06225774829855,8.246211251235321,9.055385138137417,12.041594578792296,14.035668847618199,16.0312195418814,18.027756377319946,20.024984394500787,22.090722034374522,22.360679774997898,22.561028345356956,21.840329667841555,20.8806130178211,18.973665961010276
1784880283.8436952,-57,0.0,24.839484696748443,20.0,17.204650534085253,14.212670403551895,10.63014581273465,9.848857801796104,10.04987562112089,11.0,13.152946437965905,14.142135623730951,16.0312195418814,17.029386365926403,17.029386365926403,17.11724276862369,16.278820596099706,15.297058540778355,13.341664064126334,11.40175425099138,9.219544457292887,8.06225774829855,6.082762530298219,5.385164807134504,5.656854249492381,6.708203932499369,7.0710678118654755,9.0,0.0,0.0,0.0,0.0,0.0,0.0,0.0,0.0,0.0,0.0,0.0,4.47213595499958,5.0,6.082762530298219,7.0,9.055385138137417,10.198039027185569,11.180339887498949,13.341664064126334,14.317821063276353,14.317821063276353,15.132745950421556,15.132745950421556,13.038404810405298,12.041594578792296,10.198039027185569,9.486832980505138,8.602325267042627,9.219544457292887,11.661903789690601,13.416407864998739,16.55294535724685,20.12461179749811,22.47220505424423,24.413111231467404,26.248809496813376,26.870057685088806
1784880283.979518,-57,0.0,13.416407864998739,10.63014581273465,11.661903789690601,12.649110640673518,14.317821063276353,16.492422502470642,18.439088914585774,18.973665961010276,19.313207915827967,19.697715603592208,18.35755975068582,17.204650534085253,15.0,14.212670403551895,11.40175425099138,9.433981132056603,6.708203932499369,6.082762530298219,5.0990195135927845,5.830951894845301,7.0710678118654755,8.602325267042627,10.0,10.295630140987,11.180339887498949,11.180339887498949,0.0,0.0,0.0,0.0,0.0,0.0,0.0,0.0,0.0,0.0,0.0,8.602325267042627,9.899494936611665,10.63014581273465,11.40175425099138,12.206555615733702,12.206555615733702,12.206555615733702,12.206555615733702,11.661903789690601,10.295630140987,9.848857801796104,8.246211251235321,8.0,8.54400374531753,9.433981132056603,12.206555615733702,15.0,16.401219466856727,19.4164878389476,21.095023109728988,22.360679774997898,22.847319317591726,23.08679276123039,22.80350850198276,20.615528128088304,18.439088914585774
1784880284.0881112,-57,0.0,13.92838827718412,10.816653826391969,11.40175425099138,12.529964086141668,14.317821063276353,16.15549442140351,18.384776310850235,18.788294228055936,19.235384061671343,18.867962264113206,18.601075237738275,17.029386365926403,15.556349186104045,14.142135623730951,11.313708498984761,9.219544457292887,7.211102550927978,6.324555320336759,6.082762530298219,6.708203932499369,7.810249675906654,8.48528137423857,9.899494936611665,10.63014581273465,10.816653826391969,10.816653826391969,0.0,0.0,0.0,0.0,0.0,0.0,0.0,0.0,0.0,0.0,0.0,8.06225774829855,10.0,10.63014581273465,11.313708498984761,12.041594578792296,12.041594578792296,12.041594578792296,12.041594578792296,11.40175425099138,10.816653826391969,9.433981132056603,8.54400374531753,8.06225774829855,8.246211251235321,9.848857801796104,12.529964086141668,13.892443989449804,17.0,19.235384061671343,20.615528128088304,22.135943621178654,22.80350850198276,23.53720459187964,22.20360331117452,21.095023109728988,19.1049731745428
1784880284.1969101,-57,0.0,16.97056274847714,17.029386365926403,18.439088914585774,20.518284528683193,20.518284528683193,20.615528128088304,19.4164878389476,18.35755975068582,16.55294535724685,13.92838827718412,11.704699910719626,8.54400374531753,7.211102550927978,5.656854249492381,5.385164807134504,6.0,8.06225774829855,8.246211251235321,9.486832980505138,9.486832980505138,10.44030650891055,10.44030650891055,10.44030650891055,9.848857801796104,8.94427190999916,8.06225774829855,0.0,0.0,0.0,0.0,0.0,0.0,0.0,0.0,0.0,0.0,0.0,11.180339887498949,11.045361017187261,11.0,11.0,10.04987562112089,9.219544457292887,7.615773105863909,6.708203932499369,7.0710678118654755,6.708203932499369,8.06225774829855,10.0,12.0,14.0,15.0,17.0,18.027756377319946,19.235384061671343,18.439088914585774,17.72004514666935,16.76305461424021,14.866068747318506,13.341664064126334,11.045361017187261,10.04987562112089,10.770329614269007
1784880284.304775,-57,0.0,26.419689627245813,24.596747752497688,23.769728648009426,22.135943621178654,19.6468827043885,17.26267650163207,14.317821063276353,11.40175425099138,9.486832980505138,7.810249675906654,7.810249675906654,8.94427190999916,10.44030650891055,11.40175425099138,13.601470508735444,13.601470508735444,14.866068747318506,13.92838827718412,13.0,12.083045973594572,10.770329614269007,9.848857801796104,8.54400374531753,6.324555320336759,5.0,4.123105625617661,0.0,0.0,0.0,0.0,0.0,0.0,0.0,0.0,0.0,0.0,0.0,8.54400374531753,7.0710678118654755,6.0,5.0990195135927845,5.0,5.830951894845301,6.324555320336759,8.06225774829855,10.04987562112089,13.0,14.035668847618199,16.0312195418814,16.1245154965971,16.278820596099706,16.492422502470642,15.811388300841896,14.866068747318506,13.601470508735444,11.40175425099138,10.198039027185569,9.055385138137417,10.770329614269007,13.038404810405298,15.0,18.601075237738275,21.400934559032695
1784880284.414788,-57,0.0,24.698178070456937,20.591260281974,17.88854381999832,14.317821063276353,11.40175425099138,9.055385138137417,9.219544457292887,10.295630140987,12.206555615733702,13.601470508735444,15.264337522473747,16.1245154965971,16.55294535724685,17.08800749063506,15.811388300841896,15.524174696260024,13.341664064126334,12.36931687685298,9.219544457292887,7.280109889280518,5.830951894845301,4.242640687119285,4.123105625617661,5.0990195135927845,6.708203932499369,7.211102550927978,0.0,0.0,0.0,0.0,0.0,0.0,0.0,0.0,0.0,0.0,0.0,5.830951894845301,6.082762530298219,7.0710678118654755,8.54400374531753,9.433981132056603,11.661903789690601,12.206555615733702,14.422205101855956,15.0,15.264337522473747,15.264337522473747,15.264337522473747,13.892443989449804,12.529964086141668,11.661903789690601,9.899494936611665,8.602325267042627,9.486832980505138,11.180339887498949,14.035668847618199,17.029386365926403,20.024984394500787,22.090722034374522,25.317977802344327,26.68332812825267,28.160255680657446
1784880284.524304,-57,0.0,15.620499351813308,15.556349186104045,17.69180601295413,19.209372712298546,19.4164878389476,19.72308292331602,17.88854381999832,17.08800749063506,14.560219778561036,12.36931687685298,10.44030650891055,8.246211251235321,5.830951894845301,5.0,5.385164807134504,6.0,8.06225774829855,9.055385138137417,10.198039027185569,9.219544457292887,11.180339887498949,10.44030650891055,10.44030650891055,9.486832980505138,8.54400374531753,8.06225774829855,0.0,0.0,0.0,0.0,0.0,0.0,0.0,0.0,0.0,0.0,0.0,10.770329614269007,11.704699910719626,10.44030650891055,10.198039027185569,9.055385138137417,9.0,7.0710678118654755,6.082762530298219,5.830951894845301,6.4031242374328485,7.280109889280518,9.219544457292887,11.045361017187261,12.041594578792296,14.142135623730951,15.297058540778355,16.492422502470642,16.76305461424021,17.46424919657298,17.0,15.652475842498529,13.892443989449804,12.083045973594572,10.44030650891055,9.0,10.44030650891055
1784880284.6344268,-57,0.0,12.041594578792296,8.602325267042627,9.486832980505138,12.041594578792296,13.0,16.0312195418814,17.0,18.027756377319946,18.110770276274835,19.4164878389476,17.72004514666935,15.811388300841896,13.92838827718412,12.083045973594572,9.848857801796104,7.615773105863909,6.082762530298219,5.0990195135927845,5.0,5.830951894845301,7.615773105863909,9.219544457292887,10.198039027185569,11.180339887498949,12.165525060596439,12.041594578792296,0.0,0.0,0.0,0.0,0.0,0.0,0.0,0.0,0.0,0.0,0.0,9.219544457292887,9.899494936611665,11.40175425099138,11.40175425099138,12.206555615733702,12.206555615733702,11.661903789690601,11.661903789690601,11.661903789690601,10.295630140987,8.54400374531753,8.06225774829855,7.0710678118654755,6.708203932499369,8.602325267042627,11.313708498984761,13.45362404707371,16.278820596099706,17.69180601295413,19.849433241279208,21.400934559032695,21.95449840010015,22.825424421026653,21.02379604162864,20.615528128088304,18.027756377319946
1784880284.77038,-57,0.0,25.0,23.769728648009426,22.360679774997898,21.02379604162864,19.0,16.0312195418814,13.038404810405298,10.04987562112089,8.06225774829855,6.324555320336759,6.4031242374328485,7.211102550927978,8.94427190999916,9.848857801796104,12.083045973594572,12.529964086141668,12.529964086141668,12.529964086141668,11.661903789690601,10.816653826391969,9.433981132056603,8.06225774829855,6.708203932499369,5.385164807134504,4.0,3.605551275463989,0.0,0.0,0.0,0.0,0.0,0.0,0.0,0.0,0.0,0.0,0.0,10.0,8.94427190999916,7.615773105863909,6.082762530298219,6.082762530298219,5.830951894845301,6.4031242374328485,8.06225774829855,9.848857801796104,11.704699910719626,13.92838827718412,14.866068747318506,15.652475842498529,16.1245154965971,15.264337522473747,15.811388300841896,14.212670403551895,12.806248474865697,10.816653826391969,9.433981132056603,8.246211251235321,9.0,11.40175425099138,14.317821063276353,17.46424919657298,20.615528128088304
1784880284.7993238,-57,0.0,25.0,23.021728866442675,22.825424421026653,20.615528128088304,18.027756377319946,15.524174696260024,12.36931687685298,10.44030650891055,7.615773105863909,5.656854249492381,6.708203932499369,7.280109889280518,9.055385138137417,11.045361017187261,12.041594578792296,13.152946437965905,13.152946437965905,13.341664064126334,12.36931687685298,10.44030650891055,10.198039027185569,8.246211251235321,7.0710678118654755,6.0,4.47213595499958,4.242640687119285,0.0,0.0,0.0,0.0,0.0,0.0,0.0,0.0,0.0,0.0,0.0,9.486832980505138,9.055385138137417,7.0,6.082762530298219,5.830951894845301,5.656854249492381,6.324555320336759,7.0710678118654755,10.04987562112089,11.0,13.0,15.0,15.033296378372908,16.1245154965971,16.278820596099706,15.524174696260024,13.601470508735444,12.649110640673518,10.44030650891055,9.219544457292887,8.06225774829855,8.54400374531753,11.40175425099138,14.142135623730951,16.97056274847714,20.518284528683193
1784880284.8810508,-57,0.0,24.758836806279895,20.0,17.204650534085253,14.212670403551895,11.313708498984761,8.94427190999916,9.219544457292887,11.045361017187261,12.165525060596439,14.142135623730951,16.1245154965971,17.029386365926403,17.0,17.029386365926403,16.1245154965971,15.297058540778355,13.341664064126334,11.40175425099138,9.219544457292887,7.0710678118654755,6.082762530298219,4.47213595499958,4.242640687119285,5.385164807134504,6.0,8.06225774829855,0.0,0.0,0.0,0.0,0.0,0.0,0.0,0.0,0.0,0.0,0.0,5.0,5.830951894845301,6.082762530298219,8.0,10.04987562112089,11.180339887498949,12.165525060596439,14.142135623730951,15.297058540778355,15.132745950421556,15.132745950421556,15.132745950421556,14.035668847618199,13.038404810405298,11.045361017187261,9.486832980505138,9.433981132056603,9.899494936611665,11.661903789690601,13.416407864998739,17.0,20.12461179749811,22.47220505424423,25.238858928247925,27.018512172212592,27.586228448267445
1784880284.990539,-57,0.0,23.853720883753127,19.235384061671343,16.55294535724685,13.416407864998739,10.0,8.602325267042627,8.54400374531753,10.04987562112089,12.0,13.0,15.033296378372908,15.132745950421556,16.278820596099706,16.492422502470642,15.811388300841896,14.866068747318506,13.0,10.770329614269007,8.54400374531753,6.082762530298219,5.0,4.47213595499958,5.0,5.385164807134504,7.0710678118654755,9.0,0.0,0.0,0.0,0.0,0.0,0.0,0.0,0.0,0.0,0.0,0.0,6.324555320336759,6.4031242374328485,5.830951894845301,7.615773105863909,9.219544457292887,10.04987562112089,11.045361017187261,13.038404810405298,14.035668847618199,14.035668847618199,15.033296378372908,14.142135623730951,13.152946437965905,12.041594578792296,10.04987562112089,9.055385138137417,8.246211251235321,8.602325267042627,9.899494936611665,12.806248474865697,15.811388300841896,18.601075237738275,22.02271554554524,24.041630560342615,25.495097567963924,27.202941017470888
1784880285.099635,-57,0.0,16.278820596099706,16.401219466856727,17.804493814764857,19.1049731745428,19.1049731745428,19.209372712298546,18.601075237738275,17.0,15.652475842498529,13.0,10.770329614269007,7.615773105863909,5.830951894845301,5.0,5.0990195135927845,6.082762530298219,8.246211251235321,8.54400374531753,9.848857801796104,10.770329614269007,10.770329614269007,10.770329614269007,10.770329614269007,9.848857801796104,9.433981132056603,8.602325267042627,0.0,0.0,0.0,0.0,0.0,0.0,0.0,0.0,0.0,0.0,0.0,11.40175425099138,11.180339887498949,11.045361017187261,10.04987562112089,10.0,9.055385138137417,7.280109889280518,6.708203932499369,5.656854249492381,5.830951894845301,7.0710678118654755,9.0,11.0,13.0,14.0,16.0312195418814,17.029386365926403,17.26267650163207,17.46424919657298,16.76305461424021,15.811388300841896,13.92838827718412,12.36931687685298,10.04987562112089,10.04987562112089,9.848857801796104
1784880285.127807,-83,0.0,17.46424919657298,17.46424919657298,17.46424919657298,16.492422502470642,16.492422502470642,16.492422502470642,16.76305461424021,15.811388300841896,15.231546211727817,15.652475842498529,14.7648230602334,15.264337522473747,15.264337522473747,15.264337522473747,14.7648230602334,14.317821063276353,14.7648230602334,14.7648230602334,13.416407864998739,13.416407864998739,14.317821063276353,14.866068747318506,14.317821063276353,14.142135623730951,14.035668847618199,14.0,0.0,0.0,0.0,0.0,0.0,0.0,0.0,0.0,0.0,0.0,0.0,3.1622776601683795,3.1622776601683795,3.0,3.0,3.1622776601683795,4.123105625617661,5.0990195135927845,6.082762530298219,6.324555320336759,6.082762530298219,7.280109889280518,7.280109889280518,8.246211251235321,9.055385138137417,9.055385138137417,9.055385138137417,10.198039027185569,11.180339887498949,12.041594578792296,13.0,14.0,14.0,14.035668847618199,15.033296378372908,16.1245154965971,17.11724276862369
1784880285.155603,-83,0.0,17.804493814764857,18.439088914585774,17.804493814764857,17.804493814764857,16.64331697709324,16.64331697709324,17.4928556845359,17.4928556845359,17.0,17.0,17.0,15.652475842498529,15.231546211727817,14.866068747318506,13.92838827718412,14.317821063276353,14.317821063276353,15.231546211727817,15.652475842498529,14.7648230602334,15.264337522473747,13.601470508735444,13.45362404707371,13.45362404707371,14.142135623730951,15.620499351813308,0.0,0.0,0.0,0.0,0.0,0.0,0.0,0.0,0.0,0.0,0.0,3.1622776601683795,3.1622776601683795,3.1622776601683795,3.605551275463989,4.242640687119285,5.0,5.0,5.656854249492381,6.4031242374328485,6.708203932499369,7.211102550927978,7.810249675906654,8.602325267042627,8.602325267042627,9.433981132056603,10.0,11.40175425099138,11.40175425099138,12.041594578792296,12.727922061357855,13.45362404707371,14.212670403551895,14.866068747318506,14.866068747318506,16.278820596099706,16.97056274847714
1784880285.210619,-57,0.0,24.20743687382041,20.518284528683193,16.97056274847714,13.45362404707371,10.816653826391969,9.486832980505138,8.0,10.44030650891055,12.083045973594572,13.0,14.866068747318506,15.811388300841896,16.492422502470642,16.278820596099706,16.0312195418814,15.033296378372908,13.0,11.0,9.0,6.082762530298219,5.385164807134504,4.242640687119285,4.123105625617661,5.0990195135927845,7.280109889280518,8.06225774829855,0.0,0.0,0.0,0.0,0.0,0.0,0.0,0.0,0.0,0.0,0.0,6.4031242374328485,5.830951894845301,7.0710678118654755,8.0,10.04987562112089,11.180339887498949,12.36931687685298,13.601470508735444,15.524174696260024,15.524174696260024,15.524174696260024,15.297058540778355,14.317821063276353,13.152946437965905,11.40175425099138,9.848857801796104,8.602325267042627,8.602325267042627,10.770329614269007,12.649110640673518,16.76305461424021,19.924858845171276,22.47220505424423,24.166091947189145,26.419689627245813,27.459060435491963
1784880285.319264,-57,0.0,24.698178070456937,20.8806130178211,17.72004514666935,13.601470508735444,11.180339887498949,9.219544457292887,8.94427190999916,10.44030650891055,12.165525060596439,14.142135623730951,15.297058540778355,16.492422502470642,16.76305461424021,16.15549442140351,16.55294535724685,14.7648230602334,13.892443989449804,11.661903789690601,8.94427190999916,6.708203932499369,5.0990195135927845,4.123105625617661,4.242640687119285,5.385164807134504,6.082762530298219,8.06225774829855,0.0,0.0,0.0,0.0,0.0,0.0,0.0,0.0,0.0,0.0,0.0,6.082762530298219,5.830951894845301,7.810249675906654,8.94427190999916,9.486832980505138,11.40175425099138,12.36931687685298,14.317821063276353,15.524174696260024,15.524174696260024,16.492422502470642,15.524174696260024,14.560219778561036,12.649110640673518,11.40175425099138,10.04987562112089,9.055385138137417,8.94427190999916,10.816653826391969,13.45362404707371,16.278820596099706,19.849433241279208,22.80350850198276,25.0,26.92582403567252,27.730849247724095
1784880285.346721,-82,0.0,16.0312195418814,16.0312195418814,16.0312195418814,17.029386365926403,16.0312195418814,16.1245154965971,15.297058540778355,15.297058540778355,14.560219778561036,13.601470508735444,13.601470508735444,13.601470508735444,13.92838827718412,13.92838827718412,13.601470508735444,13.601470508735444,13.341664064126334,13.341664064126334,13.341664064126334,14.317821063276353,14.142135623730951,14.035668847618199,14.0,13.038404810405298,13.152946437965905,12.165525060596439,0.0,0.0,0.0,0.0,0.0,0.0,0.0,0.0,0.0,0.0,0.0,3.1622776601683795,2.23606797749979,3.1622776601683795,3.1622776601683795,4.123105625617661,4.0,4.0,4.0,4.0,5.0990195135927845,5.0990195135927845,6.324555320336759,6.324555320336759,6.324555320336759,7.280109889280518,8.246211251235321,9.486832980505138,10.44030650891055,10.198039027185569,10.198039027185569,11.180339887498949,12.165525060596439,13.152946437965905,14.035668847618199,15.033296378372908,16.0
1784880285.429452,-57,0.0,26.30589287593181,24.331050121192877,23.769728648009426,22.135943621178654,19.313207915827967,16.55294535724685,14.317821063276353,10.770329614269007,9.219544457292887,7.0,7.615773105863909,8.602325267042627,10.0,11.40175425099138,13.601470508735444,14.422205101855956,14.422205101855956,13.892443989449804,13.892443989449804,11.661903789690601,11.661903789690601,9.433981132056603,8.602325267042627,6.4031242374328485,5.0,4.123105625617661,0.0,0.0,0.0,0.0,0.0,0.0,0.0,0.0,0.0,0.0,0.0,8.06225774829855,7.810249675906654,6.4031242374328485,5.385164807134504,5.0,5.385164807134504,6.4031242374328485,8.48528137423857,10.63014581273465,12.206555615733702,14.212670403551895,14.866068747318506,15.556349186104045,16.278820596099706,16.401219466856727,15.811388300841896,14.422205101855956,13.038404810405298,10.816653826391969,9.899494936611665,9.433981132056603,9.219544457292887,12.041594578792296,15.0,18.0,21.0
1784880285.5373492,-83,0.0,17.08800749063506,16.76305461424021,17.08800749063506,17.08800749063506,17.08800749063506,16.15549442140351,15.231546211727817,15.652475842498529,14.7648230602334,14.7648230602334,15.264337522473747,15.264337522473747,14.422205101855956,13.601470508735444,13.601470508735444,13.601470508735444,13.892443989449804,12.529964086141668,13.416407864998739,13.416407864998739,13.416407864998739,12.649110640673518,12.649110640673518,13.341664064126334,13.152946437965905,12.041594578792296,0.0,0.0,0.0,0.0,0.0,0.0,0.0,0.0,0.0,0.0,0.0,3.0,3.0,2.23606797749979,2.23606797749979,3.1622776601683795,4.123105625617661,5.0990195135927845,5.0990195135927845,5.0990195135927845,5.0,6.0,7.0,7.0710678118654755,8.06225774829855,9.055385138137417,10.04987562112089,10.198039027185569,11.180339887498949,11.180339887498949,11.180339887498949,11.180339887498949,12.36931687685298,13.341664064126334,14.317821063276353,15.524174696260024,16.76305461424021
1784880285.538761,-82,0.0,16.97056274847714,17.69180601295413,17.804493814764857,17.69180601295413,17.69180601295413,17.69180601295413,17.69180601295413,17.029386365926403,16.401219466856727,16.64331697709324,16.1245154965971,16.55294535724685,16.55294535724685,15.652475842498529,14.7648230602334,15.652475842498529,16.1245154965971,16.1245154965971,14.7648230602334,13.892443989449804,14.422205101855956,15.0,15.0,14.212670403551895,13.45362404707371,13.038404810405298,0.0,0.0,0.0,0.0,0.0,0.0,0.0,0.0,0.0,0.0,0.0,3.1622776601683795,2.8284271247461903,3.605551275463989,4.47213595499958,4.47213595499958,4.47213595499958,4.47213595499958,5.385164807134504,6.324555320336759,7.280109889280518,7.280109889280518,7.280109889280518,8.246211251235321,9.486832980505138,9.486832980505138,9.848857801796104,9.848857801796104,10.770329614269007,11.180339887498949,11.661903789690601,12.529964086141668,13.892443989449804,15.264337522473747,16.1245154965971,17.204650534085253,18.027756377319946
1784880285.5662348,-83,0.0,15.811388300841896,16.401219466856727,16.401219466856727,16.401219466856727,16.401219466856727,16.401219466856727,15.620499351813308,15.620499351813308,14.866068747318506,14.866068747318506,15.0,15.0,15.0,14.422205101855956,15.0,15.0,14.422205101855956,13.601470508735444,13.45362404707371,13.45362404707371,13.45362404707371,13.45362404707371,12.806248474865697,13.038404810405298,12.529964086141668,13.0,0.0,0.0,0.0,0.0,0.0,0.0,0.0,0.0,0.0,0.0,0.0,2.23606797749979,2.0,3.0,2.23606797749979,3.1622776601683795,3.1622776601683795,4.123105625617661,4.123105625617661,4.123105625617661,5.0990195135927845,5.0990195135927845,6.082762530298219,7.280109889280518,8.246211251235321,8.246211251235321,9.219544457292887,9.219544457292887,10.44030650891055,10.770329614269007,10.770329614269007,11.180339887498949,12.529964086141668,13.892443989449804,14.7648230602334,14.7648230602334,14.7648230602334
1784880285.6483,-85,0.0,17.029386365926403,18.110770276274835,17.11724276862369,16.1245154965971,15.033296378372908,15.033296378372908,15.033296378372908,15.132745950421556,15.132745950421556,14.142135623730951,14.142135623730951,14.142135623730951,14.142135623730951,14.317821063276353,13.341664064126334,13.601470508735444,13.601470508735444,14.560219778561036,14.317821063276353,14.317821063276353,14.142135623730951,14.035668847618199,14.0,13.038404810405298,13.152946437965905,13.341664064126334,0.0,0.0,0.0,0.0,0.0,0.0,0.0,0.0,0.0,0.0,0.0,2.23606797749979,3.1622776601683795,3.605551275463989,2.8284271247461903,3.605551275463989,5.0,5.0,5.0,5.0,5.656854249492381,6.4031242374328485,7.0710678118654755,6.4031242374328485,7.211102550927978,8.06225774829855,8.94427190999916,9.848857801796104,9.848857801796104,9.848857801796104,10.770329614269007,12.649110640673518,13.601470508735444,13.341664064126334,14.317821063276353,15.297058540778355,16.278820596099706
1784880285.648931,-84,0.0,16.55294535724685,16.55294535724685,17.46424919657298,16.55294535724685,17.0,16.1245154965971,15.811388300841896,15.811388300841896,15.264337522473747,14.422205101855956,14.422205101855956,14.212670403551895,14.212670403551895,14.866068747318506,14.212670403551895,14.212670403551895,14.212670403551895,14.212670403551895,14.422205101855956,13.892443989449804,14.7648230602334,13.892443989449804,13.416407864998739,13.92838827718412,14.560219778561036,15.132745950421556,0.0,0.0,0.0,0.0,0.0,0.0,0.0,0.0,0.0,0.0,0.0,2.8284271247461903,2.8284271247461903,2.23606797749979,3.1622776601683795,3.605551275463989,3.1622776601683795,4.123105625617661,5.0990195135927845,7.0710678118654755,7.0710678118654755,7.0,7.0,8.0,8.0,9.0,10.04987562112089,10.04987562112089,12.041594578792296,12.165525060596439,12.165525060596439,12.36931687685298,12.649110640673518,13.92838827718412,15.811388300841896,16.76305461424021,18.681541692269406
1784880285.6495402,-85,0.0,17.69180601295413,17.69180601295413,17.029386365926403,17.804493814764857,17.204650534085253,17.804493814764857,16.401219466856727,16.1245154965971,16.1245154965971,16.64331697709324,15.264337522473747,15.652475842498529,16.55294535724685,16.55294535724685,15.231546211727817,14.7648230602334,13.892443989449804,14.7648230602334,13.892443989449804,13.601470508735444,14.212670403551895,15.0,14.142135623730951,13.45362404707371,13.601470508735444,14.422205101855956,0.0,0.0,0.0,0.0,0.0,0.0,0.0,0.0,0.0,0.0,0.0,3.1622776601683795,3.1622776601683795,3.605551275463989,4.242640687119285,4.242640687119285,5.0,4.242640687119285,5.830951894845301,6.4031242374328485,6.4031242374328485,7.211102550927978,8.602325267042627,8.602325267042627,8.602325267042627,9.433981132056603,10.0,10.63014581273465,11.40175425099138,11.40175425099138,12.041594578792296,12.806248474865697,14.212670403551895,14.866068747318506,15.556349186104045,16.278820596099706,16.97056274847714
1784880285.651736,-85,0.0,17.804493814764857,16.401219466856727,15.811388300841896,16.401219466856727,17.029386365926403,16.278820596099706,16.278820596099706,16.278820596099706,15.620499351813308,15.811388300841896,15.811388300841896,15.264337522473747,14.422205101855956,13.601470508735444,13.038404810405298,12.529964086141668,13.416407864998739,13.892443989449804,13.038404810405298,13.601470508735444,14.142135623730951,13.45362404707371,13.601470508735444,13.892443989449804,13.416407864998739,13.416407864998739,0.0,0.0,0.0,0.0,0.0,0.0,0.0,0.0,0.0,0.0,0.0,2.23606797749979,1.4142135623730951,2.23606797749979,2.8284271247461903,3.1622776601683795,4.47213595499958,5.385164807134504,5.385164807134504,5.0990195135927845,6.324555320336759,6.324555320336759,7.280109889280518,7.280109889280518,7.615773105863909,8.54400374531753,9.486832980505138,9.219544457292887,9.219544457292887,9.848857801796104,11.180339887498949,11.661903789690601,13.038404810405298,13.038404810405298,15.0,16.401219466856727,16.401219466856727
1784880285.6793642,-57,0.0,14.866068747318506,16.278820596099706,17.69180601295413,19.1049731745428,18.601075237738275,18.867962264113206,18.35755975068582,16.55294535724685,14.866068747318506,12.649110640673518,10.44030650891055,8.54400374531753,6.708203932499369,5.656854249492381,5.385164807134504,7.0710678118654755,8.0,9.055385138137417,10.04987562112089,10.04987562112089,11.045361017187261,11.045361017187261,11.180339887498949,11.180339887498949,10.198039027185569,8.54400374531753,0.0,0.0,0.0,0.0,0.0,0.0,0.0,0.0,0.0,0.0,0.0,10.198039027185569,10.198039027185569,10.04987562112089,9.0,8.0,7.0710678118654755,6.324555320336759,5.385164807134504,5.0,5.385164807134504,7.0710678118654755,9.0,10.04987562112089,12.041594578792296,14.0,15.0,16.1245154965971,16.278820596099706,16.492422502470642,15.811388300841896,14.866068747318506,13.0,11.40175425099138,10.04987562112089,9.055385138137417,9.848857801796104
1784880285.787364,-57,0.0,25.059928172283335,24.596747752497688,23.769728648009426,21.840329667841555,19.4164878389476,17.26267650163207,14.142135623730951,11.180339887498949,9.486832980505138,8.06225774829855,7.810249675906654,8.94427190999916,9.848857801796104,11.704699910719626,13.0,13.92838827718412,14.317821063276353,13.416407864998739,13.416407864998739,11.661903789690601,11.661903789690601,10.295630140987,8.06225774829855,6.324555320336759,5.0990195135927845,4.123105625617661,0.0,0.0,0.0,0.0,0.0,0.0,0.0,0.0,0.0,0.0,0.0,8.06225774829855,7.0,6.082762530298219,5.385164807134504,5.656854249492381,5.385164807134504,6.324555320336759,8.06225774829855,10.0,12.041594578792296,14.035668847618199,15.0,16.0312195418814,16.1245154965971,16.278820596099706,15.524174696260024,14.560219778561036,12.649110640673518,11.40175425099138,10.04987562112089,9.055385138137417,9.848857801796104,12.529964086141668,15.0,17.804493814764857,20.808652046684813
1784880285.84208,-82,0.0,18.027756377319946,18.867962264113206,18.867962264113206,17.4928556845359,17.029386365926403,17.029386365926403,17.029386365926403,17.204650534085253,17.029386365926403,15.556349186104045,15.556349186104045,15.556349186104045,15.620499351813308,15.620499351813308,15.620499351813308,15.620499351813308,15.620499351813308,14.866068747318506,14.866068747318506,14.142135623730951,14.866068747318506,14.212670403551895,14.422205101855956,13.892443989449804,13.92838827718412,13.601470508735444,0.0,0.0,0.0,0.0,0.0,0.0,0.0,0.0,0.0,0.0,0.0,2.8284271247461903,2.8284271247461903,3.605551275463989,3.605551275463989,4.47213595499958,4.47213595499958,4.47213595499958,5.385164807134504,6.324555320336759,6.324555320336759,7.280109889280518,7.280109889280518,8.06225774829855,8.246211251235321,9.486832980505138,10.44030650891055,10.44030650891055,10.44030650891055,12.649110640673518,13.0,14.317821063276353,15.231546211727817,15.652475842498529,15.652475842498529,17.0,18.35755975068582
1784880285.8426292,-57,0.0,16.401219466856727,15.811388300841896,18.601075237738275,19.209372712298546,19.1049731745428,20.518284528683193,19.209372712298546,17.204650534085253,15.264337522473747,12.529964086141668,10.295630140987,8.06225774829855,6.4031242374328485,5.0,5.0,6.082762530298219,7.280109889280518,8.54400374531753,9.848857801796104,10.295630140987,11.180339887498949,11.180339887498949,11.180339887498949,10.295630140987,9.433981132056603,8.602325267042627,0.0,0.0,0.0,0.0,0.0,0.0,0.0,0.0,0.0,0.0,0.0,11.180339887498949,11.045361017187261,11.045361017187261,11.0,10.04987562112089,9.055385138137417,7.280109889280518,6.708203932499369,5.656854249492381,5.830951894845301,7.0710678118654755,9.0,11.045361017187261,13.038404810405298,14.035668847618199,16.0312195418814,17.0,17.11724276862369,17.26267650163207,17.46424919657298,15.524174696260024,14.560219778561036,12.36931687685298,10.04987562112089,9.219544457292887,9.848857801796104
1784880285.843097,-82,0.0,16.64331697709324,17.4928556845359,17.0,15.652475842498529,14.317821063276353,15.231546211727817,15.231546211727817,14.866068747318506,14.866068747318506,14.560219778561036,14.560219778561036,13.601470508735444,13.341664064126334,13.341664064126334,14.142135623730951,14.142135623730951,13.152946437965905,13.341664064126334,13.341664064126334,14.560219778561036,13.92838827718412,13.416407864998739,13.601470508735444,14.212670403551895,13.45362404707371,12.727922061357855,0.0,0.0,0.0,0.0,0.0,0.0,0.0,0.0,0.0,0.0,0.0,3.0,3.0,3.0,3.1622776601683795,3.605551275463989,3.605551275463989,3.605551275463989,4.242640687119285,4.242640687119285,5.656854249492381,5.656854249492381,6.4031242374328485,7.0710678118654755,7.0710678118654755,7.810249675906654,8.48528137423857,9.899494936611665,9.899494936611665,10.63014581273465,11.40175425099138,12.806248474865697,13.601470508735444,13.038404810405298,14.422205101855956,15.811388300841896,16.64331697709324
1784880285.8969731,-57,0.0,12.206555615733702,9.219544457292887,9.848857801796104,11.180339887498949,13.038404810405298,15.0,17.029386365926403,18.110770276274835,18.24828759089466,17.72004514666935,17.08800749063506,15.231546211727817,13.416407864998739,12.529964086141668,10.295630140987,7.615773105863909,6.082762530298219,5.0990195135927845,5.0,5.830951894845301,7.615773105863909,8.54400374531753,10.44030650891055,11.40175425099138,11.180339887498949,12.165525060596439,0.0,0.0,0.0,0.0,0.0,0.0,0.0,0.0,0.0,0.0,0.0,8.602325267042627,9.219544457292887,11.313708498984761,12.041594578792296,12.206555615733702,12.206555615733702,12.206555615733702,12.206555615733702,11.661903789690601,10.295630140987,8.94427190999916,7.280109889280518,7.0,7.615773105863909,8.602325267042627,10.63014581273465,12.727922061357855,15.556349186104045,17.029386365926403,20.0,21.095023109728988,21.470910553583888,21.93171219946131,21.540659228538015,20.248456731316587,18.027756377319946
1784880286.058785,-82,0.0,18.35755975068582,18.788294228055936,18.788294228055936,18.788294228055936,18.384776310850235,17.46424919657298,16.15549442140351,17.08800749063506,16.76305461424021,16.76305461424021,16.76305461424021,16.492422502470642,16.492422502470642,15.524174696260024,16.492422502470642,15.524174696260024,15.297058540778355,14.317821063276353,14.560219778561036,14.866068747318506,15.231546211727817,15.264337522473747,14.422205101855956,13.601470508735444,13.45362404707371,12.727922061357855,0.0,0.0,0.0,0.0,0.0,0.0,0.0,0.0,0.0,0.0,0.0,3.0,3.0,4.123105625617661,5.0990195135927845,5.385164807134504,5.385164807134504,5.830951894845301,5.830951894845301,6.4031242374328485,6.4031242374328485,7.810249675906654,7.810249675906654,7.810249675906654,7.810249675906654,8.602325267042627,8.602325267042627,10.0,11.40175425099138,12.206555615733702,13.038404810405298,13.601470508735444,13.601470508735444,14.422205101855956,14.7648230602334,16.1245154965971,16.64331697709324
1784880286.113934,-57,0.0,17.46424919657298,16.76305461424021,19.313207915827967,20.12461179749811,20.591260281974,20.248456731316587,20.0,18.439088914585774,16.278820596099706,13.45362404707371,11.313708498984761,8.48528137423857,6.708203932499369,6.082762530298219,6.082762530298219,7.615773105863909,8.94427190999916,10.295630140987,10.816653826391969,10.816653826391969,12.206555615733702,12.206555615733702,11.40175425099138,11.40175425099138,10.63014581273465,9.219544457292887,0.0,0.0,0.0,0.0,0.0,0.0,0.0,0.0,0.0,0.0,0.0,10.04987562112089,10.04987562112089,10.198039027185569,9.486832980505138,8.54400374531753,7.615773105863909,5.830951894845301,5.656854249492381,5.385164807134504,6.0,7.280109889280518,9.848857801796104,11.180339887498949,13.0,15.231546211727817,15.811388300841896,17.72004514666935,17.26267650163207,17.11724276862369,17.029386365926403,16.0312195418814,14.0,12.041594578792296,10.44030650891055,10.295630140987,10.63014581273465
1784880286.222583,-57,0.0,24.413111231467404,20.808652046684813,17.204650534085253,14.422205101855956,10.770329614269007,9.055385138137417,10.04987562112089,11.704699910719626,13.416407864998739,14.317821063276353,16.15549442140351,17.08800749063506,17.72004514666935,17.46424919657298,17.26267650163207,16.1245154965971,14.035668847618199,12.041594578792296,10.04987562112089,7.280109889280518,6.708203932499369,5.656854249492381,5.385164807134504,6.0,7.0710678118654755,8.54400374531753,0.0,0.0,0.0,0.0,0.0,0.0,0.0,0.0,0.0,0.0,0.0,4.242640687119285,5.385164807134504,6.0,7.280109889280518,9.486832980505138,10.770329614269007,12.083045973594572,13.416407864998739,14.317821063276353,15.231546211727817,15.231546211727817,13.92838827718412,12.649110640673518,11.704699910719626,9.848857801796104,8.602325267042627,7.810249675906654,8.94427190999916,11.40175425099138,14.142135623730951,17.26267650163207,20.396078054371138,22.80350850198276,25.298221281347036,27.313000567495326,27.730849247724095
1784880286.331519,-57,0.0,23.430749027719962,23.345235059857504,22.67156809750927,21.400934559032695,18.867962264113206,16.1245154965971,13.416407864998739,10.295630140987,7.810249675906654,6.4031242374328485,6.324555320336759,7.0,9.055385138137417,10.04987562112089,12.041594578792296,12.041594578792296,13.038404810405298,13.0,12.0,10.0,10.0,8.0,7.0,5.0990195135927845,4.47213595499958,2.8284271247461903,0.0,0.0,0.0,0.0,0.0,0.0,0.0,0.0,0.0,0.0,0.0,9.0,8.06225774829855,7.280109889280518,5.830951894845301,5.656854249492381,6.324555320336759,7.0710678118654755,8.06225774829855,10.198039027185569,12.36931687685298,14.317821063276353,15.297058540778355,16.1245154965971,16.0312195418814,16.0312195418814,16.0,14.035668847618199,13.038404810405298,11.0,10.04987562112089,8.54400374531753,9.219544457292887,11.40175425099138,14.422205101855956,17.4928556845359,20.248456731316587
1784880286.439955,-57,0.0,16.1245154965971,16.492422502470642,18.24828759089466,20.09975124224178,20.024984394500787,20.0,19.1049731745428,17.26267650163207,15.297058540778355,13.601470508735444,10.44030650891055,8.246211251235321,6.0,5.385164807134504,5.656854249492381,7.211102550927978,8.94427190999916,9.848857801796104,10.770329614269007,10.770329614269007,11.704699910719626,11.704699910719626,11.704699910719626,10.44030650891055,10.198039027185569,9.055385138137417,0.0,0.0,0.0,0.0,0.0,0.0,0.0,0.0,0.0,0.0,0.0,10.816653826391969,10.816653826391969,10.63014581273465,9.899494936611665,9.899494936611665,7.810249675906654,6.708203932499369,6.324555320336759,5.0,5.385164807134504,7.0710678118654755,9.219544457292887,10.63014581273465,12.806248474865697,14.212670403551895,16.278820596099706,16.278820596099706,17.029386365926403,17.204650534085253,16.64331697709324,14.7648230602334,13.416407864998739,12.206555615733702,9.899494936611665,9.433981132056603,9.486832980505138
1784880286.575735,-57,0.0,24.515301344262525,23.769728648009426,23.40939982143925,21.02379604162864,19.235384061671343,16.64331697709324,13.038404810405298,10.295630140987,8.54400374531753,7.0,7.280109889280518,8.94427190999916,10.295630140987,11.661903789690601,13.038404810405298,13.892443989449804,13.892443989449804,13.416407864998739,13.0,11.704699910719626,10.770329614269007,9.848857801796104,8.06225774829855,6.4031242374328485,5.656854249492381,4.47213595499958,0.0,0.0,0.0,0.0,0.0,0.0,0.0,0.0,0.0,0.0,0.0,8.06225774829855,7.211102550927978,5.656854249492381,4.47213595499958,5.0990195135927845,5.0990195135927845,5.830951894845301,7.810249675906654,9.899494936611665,12.041594578792296,13.45362404707371,14.142135623730951,14.866068747318506,15.620499351813308,15.811388300841896,15.264337522473747,13.892443989449804,12.529964086141668,10.816653826391969,9.219544457292887,8.602325267042627,9.486832980505138,12.165525060596439,15.033296378372908,18.027756377319946,21.095023109728988
1784880286.5762858,-82,0.0,16.278820596099706,16.492422502470642,16.76305461424021,16.76305461424021,16.76305461424021,17.08800749063506,16.15549442140351,15.231546211727817,15.231546211727817,14.7648230602334,14.7648230602334,13.892443989449804,13.038404810405298,13.892443989449804,14.7648230602334,14.317821063276353,13.416407864998739,13.416407864998739,13.416407864998739,13.0,13.341664064126334,13.341664064126334,13.152946437965905,12.041594578792296,12.041594578792296,12.041594578792296,0.0,0.0,0.0,0.0,0.0,0.0,0.0,0.0,0.0,0.0,0.0,2.0,2.23606797749979,2.23606797749979,3.1622776601683795,4.123105625617661,4.123105625617661,4.123105625617661,5.0990195135927845,5.0990195135927845,5.0,5.0,6.082762530298219,7.0710678118654755,8.06225774829855,8.06225774829855,9.0,9.0,10.0,11.0,12.041594578792296,12.041594578792296,13.152946437965905,14.317821063276353,15.132745950421556,15.132745950421556,16.1245154965971
1784880286.6856499,-57,0.0,25.0,23.08679276123039,23.769728648009426,20.591260281974,18.867962264113206,15.811388300841896,13.038404810405298,10.295630140987,8.54400374531753,7.0710678118654755,7.0710678118654755,8.54400374531753,10.295630140987,11.661903789690601,12.529964086141668,13.416407864998739,13.416407864998739,13.92838827718412,13.0,11.704699910719626,10.770329614269007,9.848857801796104,8.06225774829855,7.211102550927978,5.656854249492381,4.47213595499958,0.0,0.0,0.0,0.0,0.0,0.0,0.0,0.0,0.0,0.0,0.0,8.54400374531753,7.211102550927978,5.656854249492381,5.0,4.123105625617661,5.0990195135927845,5.830951894845301,7.810249675906654,9.219544457292887,11.313708498984761,13.45362404707371,14.212670403551895,15.0,15.811388300841896,16.1245154965971,14.7648230602334,14.317821063276353,12.083045973594572,10.295630140987,8.602325267042627,8.602325267042627,9.848857801796104,11.180339887498949,14.142135623730951,18.110770276274835,20.223748416156685
1784880286.793518,-57,0.0,24.596747752497688,21.540659228538015,17.46424919657298,14.317821063276353,10.816653826391969,8.48528137423857,8.94427190999916,10.198039027185569,12.041594578792296,14.035668847618199,15.033296378372908,16.278820596099706,16.492422502470642,16.76305461424021,16.15549442140351,15.231546211727817,13.416407864998739,11.180339887498949,8.94427190999916,6.324555320336759,5.0990195135927845,4.123105625617661,4.242640687119285,5.385164807134504,6.082762530298219,8.0,0.0,0.0,0.0,0.0,0.0,0.0,0.0,0.0,0.0,0.0,0.0,6.324555320336759,6.4031242374328485,7.211102550927978,8.54400374531753,10.198039027185569,11.180339887498949,13.152946437965905,14.035668847618199,15.132745950421556,16.1245154965971,16.1245154965971,15.132745950421556,14.317821063276353,13.152946437965905,11.045361017187261,10.0,9.219544457292887,9.433981132056603,10.63014581273465,13.45362404707371,17.029386365926403,19.849433241279208,22.627416997969522,25.495097567963924,26.40075756488817,27.459060435491963
1784880286.874676,-82,0.0,17.804493814764857,17.69180601295413,17.69180601295413,17.029386365926403,17.69180601295413,16.97056274847714,16.278820596099706,17.029386365926403,17.029386365926403,15.620499351813308,15.620499351813308,15.620499351813308,14.212670403551895,15.0,15.0,15.620499351813308,14.866068747318506,14.212670403551895,14.866068747318506,14.142135623730951,14.212670403551895,14.212670403551895,14.422205101855956,13.892443989449804,14.317821063276353,14.317821063276353,0.0,0.0,0.0,0.0,0.0,0.0,0.0,0.0,0.0,0.0,0.0,3.605551275463989,3.605551275463989,4.242640687119285,4.242640687119285,4.242640687119285,5.656854249492381,6.4031242374328485,7.211102550927978,6.708203932499369,6.708203932499369,6.708203932499369,8.06225774829855,8.54400374531753,8.94427190999916,8.94427190999916,9.433981132056603,10.295630140987,10.816653826391969,12.206555615733702,12.206555615733702,13.038404810405298,13.601470508735444,15.0,15.811388300841896,17.204650534085253,17.804493814764857
1784880286.902115,-82,0.0,17.029386365926403,17.029386365926403,17.204650534085253,16.401219466856727,16.401219466856727,16.278820596099706,15.556349186104045,14.866068747318506,15.620499351813308,15.0,14.212670403551895,14.422205101855956,14.422205101855956,14.422205101855956,14.422205101855956,13.892443989449804,13.601470508735444,14.212670403551895,14.142135623730951,14.142135623730951,13.45362404707371,13.45362404707371,13.601470508735444,13.038404810405298,12.529964086141668,12.083045973594572,0.0,0.0,0.0,0.0,0.0,0.0,0.0,0.0,0.0,0.0,0.0,2.23606797749979,2.8284271247461903,2.8284271247461903,3.605551275463989,4.47213595499958,5.385164807134504,5.385164807134504,5.385164807134504,5.385164807134504,6.324555320336759,6.708203932499369,7.280109889280518,7.615773105863909,7.280109889280518,7.280109889280518,8.54400374531753,9.848857801796104,9.848857801796104,11.180339887498949,11.661903789690601,12.529964086141668,13.892443989449804,14.422205101855956,15.0,15.811388300841896,18.027756377319946
1784880286.902699,-57,0.0,24.758836806279895,20.518284528683193,17.029386365926403,14.142135623730951,10.63014581273465,8.94427190999916,9.055385138137417,10.04987562112089,11.40175425099138,13.341664064126334,14.317821063276353,15.132745950421556,16.1245154965971,16.0,15.033296378372908,14.035668847618199,13.152946437965905,11.180339887498949,9.055385138137417,7.0,5.0990195135927845,3.605551275463989,4.47213595499958,5.0,6.082762530298219,7.280109889280518,0.0,0.0,0.0,0.0,0.0,0.0,0.0,0.0,0.0,0.0,0.0,6.4031242374328485,5.830951894845301,7.280109889280518,8.0,9.055385138137417,11.180339887498949,12.36931687685298,13.341664064126334,14.560219778561036,15.524174696260024,15.297058540778355,15.297058540778355,14.142135623730951,13.152946437965905,11.180339887498949,9.486832980505138,8.602325267042627,9.219544457292887,11.180339887498949,13.0,16.15549442140351,19.313207915827967,21.93171219946131,25.059928172283335,26.076809620810597,27.202941017470888
1784880286.9033291,-82,0.0,18.35755975068582,18.867962264113206,18.027756377319946,18.027756377319946,17.204650534085253,15.811388300841896,16.401219466856727,15.620499351813308,15.620499351813308,15.556349186104045,16.278820596099706,16.278820596099706,16.278820596099706,15.620499351813308,14.866068747318506,14.212670403551895,14.866068747318506,15.620499351813308,14.866068747318506,15.556349186104045,14.866068747318506,15.0,14.422205101855956,13.416407864998739,13.0,13.601470508735444,0.0,0.0,0.0,0.0,0.0,0.0,0.0,0.0,0.0,0.0,0.0,3.1622776601683795,2.8284271247461903,3.1622776601683795,3.605551275463989,3.605551275463989,4.123105625617661,5.385164807134504,6.324555320336759,6.324555320336759,6.324555320336759,7.615773105863909,7.280109889280518,8.246211251235321,8.246211251235321,9.486832980505138,9.486832980505138,10.44030650891055,11.40175425099138,12.649110640673518,12.649110640673518,13.0,13.0,13.92838827718412,15.231546211727817,16.55294535724685,17.88854381999832
1784880286.9039202,-57,0.0,24.839484696748443,21.400934559032695,17.204650534085253,14.212670403551895,11.313708498984761,8.94427190999916,10.198039027185569,11.0,13.152946437965905,15.132745950421556,16.1245154965971,17.029386365926403,17.0,17.029386365926403,17.26267650163207,16.278820596099706,14.317821063276353,12.36931687685298,10.198039027185569,8.06225774829855,6.0,4.47213595499958,4.242640687119285,5.385164807134504,7.0,8.06225774829855,0.0,0.0,0.0,0.0,0.0,0.0,0.0,0.0,0.0,0.0,0.0,5.0,5.830951894845301,7.280109889280518,8.0,10.04987562112089,11.045361017187261,13.152946437965905,14.142135623730951,15.297058540778355,16.1245154965971,16.1245154965971,15.033296378372908,14.035668847618199,13.038404810405298,11.180339887498949,9.486832980505138,9.433981132056603,9.899494936611665,11.661903789690601,14.7648230602334,17.88854381999832,20.591260281974,23.323807579381203,25.80697580112788,27.018512172212592,28.319604517012593
1784880287.011682,-57,0.0,24.20743687382041,23.600847442411894,22.47220505424423,20.12461179749811,18.384776310850235,15.811388300841896,12.649110640673518,9.848857801796104,8.06225774829855,6.4031242374328485,6.708203932499369,8.06225774829855,10.04987562112089,11.045361017187261,12.041594578792296,13.152946437965905,13.152946437965905,13.341664064126334,13.341664064126334,11.40175425099138,10.44030650891055,9.219544457292887,8.06225774829855,6.0,5.0990195135927845,5.0,0.0,0.0,0.0,0.0,0.0,0.0,0.0,0.0,0.0,0.0,0.0,8.246211251235321,7.0710678118654755,6.0,5.0990195135927845,5.0,4.47213595499958,6.082762530298219,7.0,9.055385138137417,11.045361017187261,13.038404810405298,14.035668847618199,15.0,15.033296378372908,15.132745950421556,14.142135623730951,13.341664064126334,12.165525060596439,10.198039027185569,9.0,8.246211251235321,9.433981132056603,11.313708498984761,14.866068747318506,17.69180601295413,19.79898987322333
1784880287.069458,-82,0.0,18.384776310850235,17.88854381999832,17.0,17.0,16.1245154965971,16.64331697709324,16.64331697709324,15.811388300841896,15.264337522473747,15.811388300841896,15.620499351813308,14.866068747318506,14.866068747318506,14.866068747318506,14.866068747318506,14.142135623730951,14.866068747318506,14.866068747318506,14.866068747318506,15.0,14.212670403551895,13.601470508735444,13.416407864998739,14.317821063276353,14.560219778561036,14.317821063276353,0.0,0.0,0.0,0.0,0.0,0.0,0.0,0.0,0.0,0.0,0.0,3.605551275463989,3.1622776601683795,3.1622776601683795,3.605551275463989,5.385164807134504,5.385164807134504,5.0990195135927845,6.082762530298219,7.0710678118654755,7.0710678118654755,7.0710678118654755,7.0710678118654755,8.06225774829855,8.06225774829855,9.055385138137417,10.04987562112089,10.198039027185569,10.198039027185569,11.180339887498949,12.36931687685298,13.341664064126334,14.560219778561036,14.560219778561036,14.866068747318506,15.811388300841896,16.76305461424021
1784880287.0700579,-82,0.0,17.029386365926403,17.029386365926403,17.029386365926403,17.029386365926403,17.69180601295413,16.97056274847714,16.278820596099706,16.278820596099706,15.620499351813308,15.620499351813308,15.0,15.811388300841896,15.264337522473747,15.264337522473747,15.264337522473747,15.264337522473747,14.7648230602334,14.422205101855956,15.0,14.866068747318506,14.142135623730951,14.142135623730951,14.142135623730951,14.212670403551895,13.038404810405298,12.529964086141668,0.0,0.0,0.0,0.0,0.0,0.0,0.0,0.0,0.0,0.0,0.0,2.8284271247461903,3.1622776601683795,3.1622776601683795,3.605551275463989,4.242640687119285,4.242640687119285,4.242640687119285,4.242640687119285,5.0,5.830951894845301,5.830951894845301,6.708203932499369,7.615773105863909,8.94427190999916,8.94427190999916,9.433981132056603,9.433981132056603,11.180339887498949,12.083045973594572,12.083045973594572,11.661903789690601,12.206555615733702,13.601470508735444,14.422205101855956,15.811388300841896,15.811388300841896
1784880287.0706189,-82,0.0,16.76305461424021,17.72004514666935,17.72004514666935,18.027756377319946,17.08800749063506,16.15549442140351,16.55294535724685,15.652475842498529,15.652475842498529,14.7648230602334,15.264337522473747,15.264337522473747,15.264337522473747,14.422205101855956,14.422205101855956,13.601470508735444,13.038404810405298,13.892443989449804,13.892443989449804,13.416407864998739,13.416407864998739,13.416407864998739,13.0,13.341664064126334,14.035668847618199,14.0,0.0,0.0,0.0,0.0,0.0,0.0,0.0,0.0,0.0,0.0,0.0,3.0,3.0,3.0,4.0,5.0,6.082762530298219,6.0,6.082762530298219,6.0,6.0,7.0710678118654755,7.0710678118654755,7.0710678118654755,8.06225774829855,9.055385138137417,10.04987562112089,10.04987562112089,11.045361017187261,11.045361017187261,11.045361017187261,13.0,14.035668847618199,15.132745950421556,16.1245154965971,16.278820596099706,16.1245154965971
1784880287.07365,-83,0.0,17.26267650163207,18.110770276274835,18.110770276274835,17.11724276862369,17.26267650163207,17.46424919657298,16.76305461424021,15.524174696260024,15.524174696260024,16.76305461424021,15.811388300841896,15.231546211727817,15.231546211727817,15.231546211727817,15.231546211727817,15.231546211727817,15.231546211727817,15.231546211727817,14.866068747318506,14.866068747318506,15.297058540778355,15.297058540778355,14.142135623730951,14.035668847618199,14.035668847618199,14.142135623730951,0.0,0.0,0.0,0.0,0.0,0.0,0.0,0.0,0.0,0.0,0.0,3.605551275463989,3.1622776601683795,4.123105625617661,4.123105625617661,4.123105625617661,5.0,5.0,6.0,7.0,7.0,7.0710678118654755,7.0710678118654755,8.06225774829855,8.06225774829855,9.055385138137417,9.055385138137417,10.04987562112089,12.041594578792296,13.0,12.0,12.0,14.0,15.0,15.033296378372908,16.0312195418814,17.029386365926403
1784880287.128396,-57,0.0,14.7648230602334,17.0,17.88854381999832,19.697715603592208,19.313207915827967,19.6468827043885,18.439088914585774,17.11724276862369,15.033296378372908,13.0,11.0,8.06225774829855,6.324555320336759,5.0,5.830951894845301,7.280109889280518,8.246211251235321,9.055385138137417,10.04987562112089,11.045361017187261,11.045361017187261,11.045361017187261,11.045361017187261,11.045361017187261,10.0,9.055385138137417,0.0,0.0,0.0,0.0,0.0,0.0,0.0,0.0,0.0,0.0,0.0,10.816653826391969,10.295630140987,10.295630140987,9.848857801796104,8.54400374531753,7.280109889280518,6.082762530298219,5.0,5.385164807134504,5.656854249492381,6.708203932499369,8.54400374531753,10.44030650891055,12.36931687685298,13.601470508735444,15.231546211727817,15.652475842498529,16.1245154965971,16.64331697709324,16.401219466856727,14.866068747318506,13.45362404707371,11.40175425099138,9.848857801796104,9.219544457292887,10.04987562112089
1784880287.343549,-57,0.0,24.08318915758459,24.041630560342615,22.67156809750927,20.808652046684813,17.4928556845359,16.1245154965971,13.416407864998739,10.295630140987,7.810249675906654,7.211102550927978,7.280109889280518,8.06225774829855,10.04987562112089,11.045361017187261,13.038404810405298,13.0,14.0,13.038404810405298,13.038404810405298,12.041594578792296,11.045361017187261,9.0,8.0,7.0710678118654755,5.385164807134504,4.242640687119285,0.0,0.0,0.0,0.0,0.0,0.0,0.0,0.0,0.0,0.0,0.0,8.06225774829855,7.0,6.082762530298219,4.47213595499958,4.242640687119285,4.123105625617661,6.0,7.0710678118654755,9.219544457292887,11.40175425099138,13.341664064126334,14.317821063276353,15.297058540778355,15.132745950421556,15.033296378372908,15.0,13.038404810405298,12.041594578792296,10.0,9.055385138137417,8.54400374531753,9.219544457292887,11.40175425099138,14.422205101855956,16.64331697709324,20.808652046684813
1784880287.478771,-57,0.0,24.331050121192877,23.08679276123039,22.0,21.095023109728988,18.24828759089466,16.492422502470642,12.36931687685298,10.44030650891055,8.06225774829855,6.082762530298219,5.830951894845301,7.0710678118654755,8.602325267042627,10.0,11.40175425099138,12.041594578792296,13.45362404707371,12.041594578792296,11.313708498984761,10.63014581273465,9.899494936611665,8.48528137423857,7.0710678118654755,5.830951894845301,4.123105625617661,4.123105625617661,0.0,0.0,0.0,0.0,0.0,0.0,0.0,0.0,0.0,0.0,0.0,10.0,8.06225774829855,7.615773105863909,6.082762530298219,6.0,5.385164807134504,6.4031242374328485,7.810249675906654,9.433981132056603,11.180339887498949,13.416407864998739,14.7648230602334,15.264337522473747,15.811388300841896,15.0,15.620499351813308,14.142135623730951,12.727922061357855,11.313708498984761,10.0,8.54400374531753,9.055385138137417,11.180339887498949,13.601470508735444,17.72004514666935,19.4164878389476
1784880287.58774,-57,0.0,14.142135623730951,11.704699910719626,11.40175425099138,12.806248474865697,15.0,17.204650534085253,18.601075237738275,19.209372712298546,19.849433241279208,19.849433241279208,18.439088914585774,17.204650534085253,15.811388300841896,13.892443989449804,11.661903789690601,10.0,7.810249675906654,5.830951894845301,6.082762530298219,6.082762530298219,7.615773105863909,8.94427190999916,10.816653826391969,10.63014581273465,12.041594578792296,11.313708498984761,0.0,0.0,0.0,0.0,0.0,0.0,0.0,0.0,0.0,0.0,0.0,8.246211251235321,9.486832980505138,10.770329614269007,12.083045973594572,12.529964086141668,12.529964086141668,12.529964086141668,11.661903789690601,11.661903789690601,10.0,9.899494936611665,8.602325267042627,7.615773105863909,9.055385138137417,10.04987562112089,12.36931687685298,14.560219778561036,17.46424919657298,19.4164878389476,21.095023109728988,23.021728866442675,24.0,24.08318915758459,23.194827009486403,21.37755832643195,19.4164878389476
1784880287.696791,-57,0.0,25.709920264364882,24.041630560342615,23.769728648009426,21.470910553583888,19.72308292331602,17.204650534085253,13.601470508735444,11.661903789690601,8.94427190999916,7.280109889280518,7.0,8.246211251235321,9.486832980505138,11.180339887498949,13.0,13.0,13.92838827718412,13.601470508735444,12.649110640673518,11.40175425099138,11.40175425099138,9.486832980505138,8.246211251235321,6.324555320336759,5.0,3.605551275463989,0.0,0.0,0.0,0.0,0.0,0.0,0.0,0.0,0.0,0.0,0.0,9.219544457292887,7.810249675906654,7.211102550927978,6.324555320336759,6.0,6.324555320336759,7.211102550927978,9.219544457292887,9.899494936611665,12.041594578792296,14.142135623730951,15.556349186104045,16.278820596099706,16.401219466856727,17.204650534085253,16.64331697709324,14.7648230602334,13.892443989449804,11.661903789690601,10.0,10.0,9.848857801796104,12.36931687685298,15.132745950421556,18.110770276274835,20.223748416156685
1784880287.806283,-57,0.0,24.041630560342615,22.80350850198276,22.360679774997898,21.095023109728988,18.0,16.0312195418814,13.038404810405298,10.04987562112089,7.0,5.385164807134504,5.656854249492381,6.708203932499369,8.54400374531753,9.486832980505138,11.704699910719626,12.083045973594572,13.0,12.083045973594572,11.180339887498949,10.295630140987,10.295630140987,8.94427190999916,7.615773105863909,5.0990195135927845,4.0,3.605551275463989,0.0,0.0,0.0,0.0,0.0,0.0,0.0,0.0,0.0,0.0,0.0,9.899494936611665,8.602325267042627,7.211102550927978,6.324555320336759,5.0,5.385164807134504,6.4031242374328485,7.810249675906654,9.433981132056603,11.180339887498949,13.0,14.317821063276353,15.264337522473747,15.264337522473747,15.811388300841896,15.0,14.212670403551895,12.727922061357855,10.63014581273465,8.602325267042627,8.54400374531753,8.0,10.44030650891055,13.0,16.55294535724685,19.313207915827967
1784880287.915172,-82,0.0,16.76305461424021,17.08800749063506,17.08800749063506,16.76305461424021,16.76305461424021,16.492422502470642,15.297058540778355,15.132745950421556,14.035668847618199,15.033296378372908,15.0,15.033296378372908,14.035668847618199,14.142135623730951,14.142135623730951,14.035668847618199,13.038404810405298,13.0,14.0,14.0,14.035668847618199,13.038404810405298,13.152946437965905,12.36931687685298,12.649110640673518,12.529964086141668,0.0,0.0,0.0,0.0,0.0,0.0,0.0,0.0,0.0,0.0,0.0,2.0,2.0,2.0,3.1622776601683795,4.47213595499958,5.0,5.656854249492381,5.656854249492381,5.0,5.0,6.4031242374328485,6.4031242374328485,7.810249675906654,7.810249675906654,7.810249675906654,8.48528137423857,8.602325267042627,10.0,10.63014581273465,11.40175425099138,12.206555615733702,13.038404810405298,13.038404810405298,13.892443989449804,16.1245154965971,17.0
1784880287.9157262,-82,0.0,17.029386365926403,17.029386365926403,17.029386365926403,16.1245154965971,16.1245154965971,16.1245154965971,15.132745950421556,15.297058540778355,15.524174696260024,15.811388300841896,15.231546211727817,14.317821063276353,13.416407864998739,13.416407864998739,13.892443989449804,13.892443989449804,14.317821063276353,14.317821063276353,13.92838827718412,13.601470508735444,13.601470508735444,13.341664064126334,13.152946437965905,13.038404810405298,13.0,13.152946437965905,0.0,0.0,0.0,0.0,0.0,0.0,0.0,0.0,0.0,0.0,0.0,1.0,1.0,2.0,2.0,4.123105625617661,5.0990195135927845,5.0990195135927845,5.0990195135927845,5.0990195135927845,6.082762530298219,7.280109889280518,7.280109889280518,7.280109889280518,7.280109889280518,8.246211251235321,9.219544457292887,9.486832980505138,10.198039027185569,11.045361017187261,11.180339887498949,12.165525060596439,13.152946437965905,13.038404810405298,14.0,16.0,18.027756377319946
1784880287.916301,-82,0.0,18.110770276274835,18.110770276274835,18.110770276274835,17.029386365926403,17.029386365926403,17.11724276862369,16.278820596099706,15.524174696260024,15.524174696260024,15.524174696260024,15.811388300841896,15.811388300841896,14.560219778561036,14.866068747318506,13.92838827718412,13.92838827718412,14.866068747318506,14.560219778561036,14.317821063276353,14.317821063276353,14.142135623730951,15.033296378372908,15.0,14.0,14.035668847618199,15.132745950421556,0.0,0.0,0.0,0.0,0.0,0.0,0.0,0.0,0.0,0.0,0.0,3.0,3.1622776601683795,3.1622776601683795,4.123105625617661,5.0,6.0,5.0990195135927845,6.082762530298219,6.082762530298219,6.324555320336759,7.615773105863909,7.280109889280518,8.06225774829855,9.219544457292887,10.198039027185569,10.198039027185569,11.180339887498949,11.180339887498949,12.165525060596439,12.165525060596439,13.152946437965905,14.035668847618199,16.0,17.0,17.0,17.0
1784880287.9168088,-82,0.0,17.029386365926403,17.029386365926403,17.029386365926403,16.0312195418814,16.0,16.0,15.0,15.033296378372908,15.132745950421556,14.317821063276353,14.317821063276353,14.560219778561036,13.601470508735444,13.601470508735444,13.601470508735444,13.601470508735444,13.601470508735444,13.601470508735444,13.601470508735444,13.341664064126334,13.038404810405298,13.0,13.0,13.038404810405298,12.165525060596439,11.180339887498949,0.0,0.0,0.0,0.0,0.0,0.0,0.0,0.0,0.0,0.0,0.0,3.1622776601683795,3.0,3.0,3.0,4.123105625617661,4.123105625617661,4.47213595499958,4.47213595499958,4.47213595499958,5.385164807134504,5.385164807134504,6.324555320336759,6.708203932499369,7.615773105863909,8.54400374531753,8.54400374531753,8.54400374531753,8.54400374531753,9.486832980505138,10.770329614269007,11.40175425099138,12.165525060596439,13.152946437965905,15.132745950421556,16.1245154965971,15.297058540778355
1784880287.917299,-57,0.0,25.495097567963924,23.53720459187964,23.08679276123039,20.615528128088304,18.788294228055936,16.1245154965971,13.038404810405298,10.295630140987,8.54400374531753,7.0,7.280109889280518,8.06225774829855,9.433981132056603,11.40175425099138,12.206555615733702,13.038404810405298,13.892443989449804,13.892443989449804,12.529964086141668,11.180339887498949,10.295630140987,9.433981132056603,7.211102550927978,5.656854249492381,5.0,4.0,0.0,0.0,0.0,0.0,0.0,0.0,0.0,0.0,0.0,0.0,0.0,8.94427190999916,8.602325267042627,7.0710678118654755,5.830951894845301,5.0990195135927845,5.0990195135927845,5.830951894845301,7.211102550927978,9.219544457292887,10.63014581273465,13.45362404707371,14.142135623730951,14.866068747318506,15.620499351813308,15.811388300841896,15.264337522473747,13.892443989449804,12.529964086141668,10.295630140987,9.219544457292887,8.602325267042627,8.54400374531753,11.180339887498949,14.035668847618199,17.029386365926403,20.024984394500787
1784880287.917875,-78,0.0,17.26267650163207,18.24828759089466,18.24828759089466,17.26267650163207,17.26267650163207,16.1245154965971,16.0312195418814,16.0,16.0,16.0,16.0312195418814,15.132745950421556,15.132745950421556,15.132745950421556,15.132745950421556,15.132745950421556,15.132745950421556,14.142135623730951,15.132745950421556,15.132745950421556,15.033296378372908,15.0,14.035668847618199,14.317821063276353,14.560219778561036,13.601470508735444,0.0,0.0,0.0,0.0,0.0,0.0,0.0,0.0,0.0,0.0,0.0,3.1622776601683795,3.1622776601683795,4.123105625617661,4.47213595499958,4.47213595499958,5.385164807134504,5.830951894845301,5.830951894845301,6.4031242374328485,7.211102550927978,7.211102550927978,8.06225774829855,8.602325267042627,8.602325267042627,10.0,10.816653826391969,11.661903789690601,11.661903789690601,12.529964086141668,12.529964086141668,13.0,14.866068747318506,14.866068747318506,16.15549442140351,16.15549442140351,17.08800749063506
1784880287.918468,-78,0.0,18.027756377319946,18.681541692269406,18.681541692269406,18.681541692269406,18.027756377319946,17.08800749063506,17.46424919657298,16.55294535724685,15.652475842498529,16.1245154965971,16.1245154965971,16.64331697709324,16.64331697709324,15.811388300841896,15.0,15.0,15.811388300841896,15.264337522473747,15.264337522473747,14.7648230602334,14.7648230602334,15.231546211727817,14.866068747318506,14.317821063276353,13.152946437965905,13.038404810405298,0.0,0.0,0.0,0.0,0.0,0.0,0.0,0.0,0.0,0.0,0.0,3.1622776601683795,3.1622776601683795,4.47213595499958,4.123105625617661,5.0990195135927845,5.0,6.0,6.0,6.0,7.0,8.0,8.0,8.06225774829855,9.055385138137417,9.055385138137417,10.0,11.0,11.0,12.041594578792296,12.041594578792296,13.038404810405298,14.035668847618199,14.142135623730951,16.1245154965971,17.11724276862369,18.110770276274835
1784880287.921041,-78,0.0,18.0,18.027756377319946,17.029386365926403,17.0,17.0,16.0312195418814,16.0312195418814,16.1245154965971,15.132745950421556,15.297058540778355,15.297058540778355,14.560219778561036,14.560219778561036,14.560219778561036,13.601470508735444,13.601470508735444,14.560219778561036,14.317821063276353,14.317821063276353,13.152946437965905,14.142135623730951,13.038404810405298,13.0,13.038404810405298,13.152946437965905,13.341664064126334,0.0,0.0,0.0,0.0,0.0,0.0,0.0,0.0,0.0,0.0,0.0,2.23606797749979,3.1622776601683795,3.0,4.0,3.0,4.123105625617661,4.47213595499958,5.385164807134504,5.385164807134504,5.830951894845301,6.708203932499369,7.615773105863909,7.615773105863909,7.615773105863909,8.54400374531753,9.486832980505138,9.486832980505138,10.44030650891055,10.44030650891055,11.40175425099138,12.36931687685298,12.165525060596439,13.152946437965905,15.132745950421556,16.1245154965971,16.1245154965971
1784880287.948867,-80,0.0,18.973665961010276,19.6468827043885,19.4164878389476,19.4164878389476,19.4164878389476,18.24828759089466,18.110770276274835,18.110770276274835,18.027756377319946,17.029386365926403,17.0,17.0,17.0,16.0,16.0312195418814,16.0312195418814,16.0,16.0312195418814,15.033296378372908,15.132745950421556,16.278820596099706,15.524174696260024,15.811388300841896,15.231546211727817,15.652475842498529,15.264337522473747,0.0,0.0,0.0,0.0,0.0,0.0,0.0,0.0,0.0,0.0,0.0,3.0,4.123105625617661,4.123105625617661,4.123105625617661,5.0990195135927845,5.0990195135927845,6.324555320336759,6.708203932499369,6.708203932499369,6.708203932499369,8.06225774829855,8.94427190999916,9.848857801796104,9.848857801796104,10.295630140987,11.180339887498949,11.180339887498949,12.083045973594572,13.0,14.317821063276353,15.231546211727817,15.811388300841896,15.811388300841896,17.72004514666935,18.973665961010276,19.924858845171276
1784880287.9494069,-57,0.0,13.0,9.433981132056603,9.433981132056603,11.180339887498949,13.601470508735444,15.524174696260024,16.76305461424021,18.027756377319946,18.788294228055936,18.35755975068582,17.204650534085253,15.620499351813308,13.45362404707371,12.041594578792296,9.899494936611665,7.810249675906654,5.385164807134504,5.0,4.47213595499958,5.656854249492381,7.810249675906654,8.602325267042627,10.295630140987,11.180339887498949,12.083045973594572,11.704699910719626,0.0,0.0,0.0,0.0,0.0,0.0,0.0,0.0,0.0,0.0,0.0,9.219544457292887,9.848857801796104,11.180339887498949,11.661903789690601,12.206555615733702,12.806248474865697,12.206555615733702,12.806248474865697,11.40175425099138,10.63014581273465,9.219544457292887,8.06225774829855,7.280109889280518,7.0710678118654755,9.486832980505138,11.180339887498949,13.892443989449804,15.652475842498529,18.384776310850235,20.248456731316587,21.840329667841555,22.360679774997898,22.20360331117452,22.090722034374522,20.024984394500787,19.0
1784880287.9531038,-79,0.0,19.697715603592208,19.235384061671343,19.235384061671343,18.35755975068582,18.35755975068582,18.867962264113206,18.027756377319946,18.027756377319946,17.804493814764857,17.804493814764857,17.804493814764857,17.804493814764857,17.029386365926403,17.029386365926403,15.620499351813308,15.620499351813308,16.401219466856727,16.401219466856727,16.401219466856727,15.811388300841896,16.1245154965971,15.652475842498529,15.231546211727817,15.811388300841896,15.524174696260024,15.132745950421556,0.0,0.0,0.0,0.0,0.0,0.0,0.0,0.0,0.0,0.0,0.0,3.605551275463989,4.242640687119285,5.0,5.0,4.47213595499958,4.47213595499958,5.385164807134504,6.324555320336759,7.280109889280518,7.0710678118654755,8.246211251235321,8.246211251235321,9.219544457292887,9.055385138137417,9.219544457292887,10.44030650891055,11.40175425099138,12.36931687685298,12.649110640673518,13.0,14.866068747318506,16.15549442140351,16.15549442140351,17.08800749063506,18.384776310850235,20.615528128088304
1784880288.0355608,-57,0.0,14.142135623730951,10.816653826391969,11.40175425099138,12.041594578792296,14.035668847618199,17.029386365926403,18.027756377319946,19.0,20.024984394500787,19.235384061671343,18.681541692269406,17.72004514666935,14.866068747318506,13.92838827718412,10.770329614269007,9.486832980505138,7.0710678118654755,6.082762530298219,5.0,5.656854249492381,6.708203932499369,8.54400374531753,9.486832980505138,10.198039027185569,11.180339887498949,11.045361017187261,0.0,0.0,0.0,0.0,0.0,0.0,0.0,0.0,0.0,0.0,0.0,9.219544457292887,10.816653826391969,11.180339887498949,12.529964086141668,12.083045973594572,13.0,12.083045973594572,13.0,11.704699910719626,10.44030650891055,9.219544457292887,8.0,8.246211251235321,8.06225774829855,9.899494936611665,12.806248474865697,15.0,17.804493814764857,19.849433241279208,21.213203435596427,22.67156809750927,23.600847442411894,23.853720883753127,22.825424421026653,21.470910553583888,19.235384061671343
1784880288.1444328,-58,0.0,13.038404810405298,10.63014581273465,11.180339887498949,12.36931687685298,14.142135623730951,17.11724276862369,18.24828759089466,19.4164878389476,19.6468827043885,20.248456731316587,18.788294228055936,17.0,15.264337522473747,13.038404810405298,11.661903789690601,8.94427190999916,7.280109889280518,6.0,5.385164807134504,5.656854249492381,7.211102550927978,8.06225774829855,9.848857801796104,10.770329614269007,10.770329614269007,11.40175425099138,0.0,0.0,0.0,0.0,0.0,0.0,0.0,0.0,0.0,0.0,0.0,8.602325267042627,10.0,11.313708498984761,12.041594578792296,12.041594578792296,12.806248474865697,12.206555615733702,12.206555615733702,11.661903789690601,10.295630140987,8.94427190999916,8.246211251235321,8.0,8.54400374531753,9.433981132056603,12.806248474865697,15.620499351813308,17.804493814764857,19.4164878389476,21.095023109728988,22.825424421026653,23.259406699226016,23.40939982143925,23.08679276123039,21.840329667841555,19.6468827043885
1784880288.2522528,-57,0.0,13.601470508735444,9.848857801796104,9.899494936611665,12.206555615733702,14.317821063276353,16.15549442140351,17.46424919657298,19.235384061671343,18.867962264113206,18.601075237738275,18.439088914585774,16.278820596099706,14.866068747318506,13.45362404707371,10.63014581273465,8.48528137423857,6.4031242374328485,5.385164807134504,5.0990195135927845,5.0,7.0710678118654755,7.810249675906654,9.433981132056603,9.433981132056603,10.295630140987,10.770329614269007,0.0,0.0,0.0,0.0,0.0,0.0,0.0,0.0,0.0,0.0,0.0,9.486832980505138,10.770329614269007,11.180339887498949,13.038404810405298,13.038404810405298,13.601470508735444,13.038404810405298,12.806248474865697,12.806248474865697,11.40175425099138,9.899494936611665,8.602325267042627,8.246211251235321,8.0,10.198039027185569,11.704699910719626,14.866068747318506,17.08800749063506,18.973665961010276,21.587033144922902,22.360679774997898,23.194827009486403,23.08679276123039,23.021728866442675,21.0,20.024984394500787
1784880288.308186,-83,0.0,16.55294535724685,17.46424919657298,17.46424919657298,16.55294535724685,16.55294535724685,16.15549442140351,15.811388300841896,14.560219778561036,14.560219778561036,14.560219778561036,14.560219778561036,14.317821063276353,13.341664064126334,13.341664064126334,13.341664064126334,13.341664064126334,13.152946437965905,13.341664064126334,13.601470508735444,13.601470508735444,13.601470508735444,13.92838827718412,13.416407864998739,12.206555615733702,12.041594578792296,12.727922061357855,0.0,0.0,0.0,0.0,0.0,0.0,0.0,0.0,0.0,0.0,0.0,2.0,3.1622776601683795,3.1622776601683795,4.47213595499958,5.0,5.0,5.0,5.0,5.656854249492381,5.656854249492381,6.4031242374328485,7.0710678118654755,7.0710678118654755,8.48528137423857,8.48528137423857,8.48528137423857,9.219544457292887,10.0,10.816653826391969,12.206555615733702,11.661903789690601,12.529964086141668,13.416407864998739,13.892443989449804,15.264337522473747,15.652475842498529
1784880288.362169,-57,0.0,25.317977802344327,21.02379604162864,17.029386365926403,15.132745950421556,11.40175425099138,8.94427190999916,8.48528137423857,10.295630140987,12.083045973594572,13.92838827718412,15.231546211727817,16.55294535724685,16.1245154965971,15.811388300841896,16.401219466856727,15.620499351813308,13.45362404707371,11.313708498984761,9.219544457292887,7.0710678118654755,5.830951894845301,4.123105625617661,4.47213595499958,5.0,6.708203932499369,7.280109889280518,0.0,0.0,0.0,0.0,0.0,0.0,0.0,0.0,0.0,0.0,0.0,6.0,6.324555320336759,7.0710678118654755,8.602325267042627,9.433981132056603,11.661903789690601,13.416407864998739,14.7648230602334,15.652475842498529,15.652475842498529,16.1245154965971,16.1245154965971,14.7648230602334,12.529964086141668,11.180339887498949,9.486832980505138,9.055385138137417,9.219544457292887,10.770329614269007,13.416407864998739,17.0,20.591260281974,23.259406699226016,25.079872407968907,27.51363298439521,27.892651361962706
1784880288.472786,-57,0.0,23.706539182259394,23.323807579381203,22.20360331117452,20.615528128088304,18.384776310850235,16.278820596099706,13.45362404707371,10.63014581273465,7.810249675906654,6.708203932499369,6.0,7.0710678118654755,8.54400374531753,10.770329614269007,11.704699910719626,12.649110640673518,12.649110640673518,12.36931687685298,11.40175425099138,10.198039027185569,9.219544457292887,8.246211251235321,7.280109889280518,5.385164807134504,4.242640687119285,3.1622776601683795,0.0,0.0,0.0,0.0,0.0,0.0,0.0,0.0,0.0,0.0,0.0,9.219544457292887,8.54400374531753,7.211102550927978,6.4031242374328485,5.830951894845301,6.082762530298219,7.0710678118654755,8.246211251235321,9.848857801796104,12.083045973594572,13.416407864998739,14.317821063276353,16.15549442140351,15.811388300841896,15.524174696260024,15.297058540778355,14.142135623730951,13.152946437965905,11.180339887498949,9.486832980505138,9.433981132056603,9.219544457292887,11.180339887498949,13.92838827718412,16.76305461424021,20.248456731316587
1784880288.6079779,-57,0.0,25.317977802344327,21.095023109728988,18.110770276274835,14.142135623730951,11.40175425099138,9.433981132056603,10.0,11.180339887498949,13.0,15.231546211727817,16.15549442140351,17.0,17.4928556845359,18.027756377319946,16.401219466856727,15.620499351813308,14.866068747318506,12.041594578792296,10.0,7.810249675906654,6.324555320336759,5.0990195135927845,5.385164807134504,5.656854249492381,7.211102550927978,8.54400374531753,0.0,0.0,0.0,0.0,0.0,0.0,0.0,0.0,0.0,0.0,0.0,5.0,5.385164807134504,6.4031242374328485,8.602325267042627,8.94427190999916,11.180339887498949,12.083045973594572,14.317821063276353,15.231546211727817,15.231546211727817,15.652475842498529,14.7648230602334,14.317821063276353,12.529964086141668,10.770329614269007,9.219544457292887,9.0,9.486832980505138,11.180339887498949,14.422205101855956,17.4928556845359,20.591260281974,23.706539182259394,26.40075756488817,27.51363298439521,27.892651361962706
1784880288.718176,-57,0.0,25.317977802344327,21.095023109728988,18.110770276274835,14.142135623730951,11.40175425099138,9.433981132056603,9.219544457292887,11.180339887498949,13.0,15.231546211727817,16.15549442140351,17.0,17.4928556845359,18.027756377319946,17.804493814764857,15.620499351813308,14.142135623730951,12.041594578792296,10.63014581273465,7.810249675906654,6.708203932499369,5.0,5.0990195135927845,5.656854249492381,7.211102550927978,8.06225774829855,0.0,0.0,0.0,0.0,0.0,0.0,0.0,0.0,0.0,0.0,0.0,5.0,5.385164807134504,7.0710678118654755,8.06225774829855,9.848857801796104,10.770329614269007,12.083045973594572,13.92838827718412,15.231546211727817,15.231546211727817,15.652475842498529,15.652475842498529,13.416407864998739,12.529964086141668,10.770329614269007,9.219544457292887,9.0,9.486832980505138,11.180339887498949,14.422205101855956,17.4928556845359,20.591260281974,23.706539182259394,25.495097567963924,27.51363298439521,27.892651361962706
1784880288.8257012,-82,0.0,18.681541692269406,18.681541692269406,18.439088914585774,17.46424919657298,17.11724276862369,18.110770276274835,18.110770276274835,17.029386365926403,17.0,16.0,16.0,16.0,16.0,15.033296378372908,14.035668847618199,14.035668847618199,15.0,15.033296378372908,15.033296378372908,15.132745950421556,14.142135623730951,14.560219778561036,14.560219778561036,14.866068747318506,14.317821063276353,13.892443989449804,0.0,0.0,0.0,0.0,0.0,0.0,0.0,0.0,0.0,0.0,0.0,3.605551275463989,4.123105625617661,4.123105625617661,5.0990195135927845,5.0990195135927845,5.0,5.0990195135927845,5.385164807134504,6.324555320336759,7.615773105863909,7.615773105863909,8.54400374531753,8.94427190999916,9.433981132056603,10.295630140987,9.848857801796104,9.848857801796104,10.44030650891055,11.40175425099138,11.40175425099138,12.649110640673518,13.92838827718412,14.866068747318506,15.811388300841896,16.76305461424021,17.72004514666935
1784880288.826266,-57,0.0,24.515301344262525,20.09975124224178,17.11724276862369,13.152946437965905,10.44030650891055,8.602325267042627,8.602325267042627,9.848857801796104,12.36931687685298,13.601470508735444,14.866068747318506,16.15549442140351,15.652475842498529,16.1245154965971,15.811388300841896,15.0,12.806248474865697,11.40175425099138,8.602325267042627,6.708203932499369,5.0990195135927845,4.123105625617661,5.0,5.830951894845301,7.280109889280518,9.219544457292887,0.0,0.0,0.0,0.0,0.0,0.0,0.0,0.0,0.0,0.0,0.0,6.082762530298219,6.082762530298219,7.211102550927978,7.810249675906654,9.433981132056603,10.295630140987,12.083045973594572,13.416407864998739,14.317821063276353,14.7648230602334,15.264337522473747,15.264337522473747,13.038404810405298,11.661903789690601,10.295630140987,8.54400374531753,8.06225774829855,8.246211251235321,10.295630140987,13.038404810405298,16.64331697709324,18.867962264113206,21.470910553583888,24.166091947189145,26.570660511172846,26.92582403567252
1784880288.935665,-57,0.0,25.709920264364882,24.041630560342615,23.40939982143925,21.93171219946131,19.235384061671343,17.4928556845359,14.422205101855956,10.816653826391969,8.94427190999916,7.0710678118654755,7.0710678118654755,7.615773105863909,9.433981132056603,10.816653826391969,12.206555615733702,13.038404810405298,13.892443989449804,13.416407864998739,12.529964086141668,11.180339887498949,11.180339887498949,8.94427190999916,8.06225774829855,5.830951894845301,4.242640687119285,3.1622776601683795,0.0,0.0,0.0,0.0,0.0,0.0,0.0,0.0,0.0,0.0,0.0,8.54400374531753,8.06225774829855,6.4031242374328485,5.830951894845301,5.0990195135927845,6.0,6.324555320336759,8.06225774829855,10.0,12.806248474865697,14.212670403551895,15.620499351813308,15.811388300841896,16.64331697709324,17.0,16.55294535724685,15.231546211727817,13.0,12.083045973594572,9.433981132056603,8.48528137423857,9.848857801796104,11.40175425099138,14.142135623730951,17.11724276862369,21.213203435596427
1784880288.99056,-82,0.0,17.029386365926403,18.0,18.0,17.0,17.11724276862369,16.278820596099706,16.278820596099706,16.278820596099706,15.524174696260024,15.524174696260024,15.811388300841896,15.811388300841896,15.811388300841896,15.231546211727817,14.866068747318506,14.866068747318506,14.866068747318506,14.866068747318506,14.866068747318506,14.560219778561036,14.317821063276353,14.317821063276353,14.142135623730951,14.035668847618199,13.038404810405298,14.142135623730951,0.0,0.0,0.0,0.0,0.0,0.0,0.0,0.0,0.0,0.0,0.0,4.0,4.0,5.0,6.0,6.324555320336759,6.324555320336759,6.324555320336759,6.324555320336759,6.324555320336759,7.280109889280518,7.615773105863909,7.280109889280518,7.280109889280518,9.486832980505138,9.848857801796104,9.848857801796104,9.486832980505138,9.486832980505138,11.180339887498949,12.165525060596439,13.152946437965905,14.035668847618199,14.035668847618199,15.132745950421556,16.1245154965971,18.110770276274835
1784880288.991206,-82,0.0,18.027756377319946,19.026297590440446,18.027756377319946,17.11724276862369,17.11724276862369,16.278820596099706,16.492422502470642,15.297058540778355,15.524174696260024,15.524174696260024,15.524174696260024,15.811388300841896,15.811388300841896,15.231546211727817,14.866068747318506,14.866068747318506,14.560219778561036,14.560219778561036,14.560219778561036,14.560219778561036,14.142135623730951,13.038404810405298,13.038404810405298,13.0,13.038404810405298,13.341664064126334,0.0,0.0,0.0,0.0,0.0,0.0,0.0,0.0,0.0,0.0,0.0,3.605551275463989,4.123105625617661,4.0,5.0,5.0990195135927845,6.082762530298219,7.0,7.0,6.082762530298219,6.082762530298219,7.0710678118654755,8.246211251235321,9.055385138137417,9.055385138137417,10.04987562112089,10.198039027185569,11.180339887498949,11.045361017187261,12.041594578792296,13.038404810405298,14.0,15.0,15.0,16.0,16.0,17.029386365926403
1784880288.992193,-57,0.0,16.76305461424021,16.492422502470642,18.681541692269406,20.248456731316587,19.697715603592208,20.12461179749811,18.867962264113206,18.601075237738275,15.620499351813308,14.142135623730951,11.313708498984761,8.48528137423857,6.4031242374328485,5.0990195135927845,5.0,5.385164807134504,7.211102550927978,8.602325267042627,9.899494936611665,9.899494936611665,11.313708498984761,9.899494936611665,9.899494936611665,9.899494936611665,9.219544457292887,7.211102550927978,0.0,0.0,0.0,0.0,0.0,0.0,0.0,0.0,0.0,0.0,0.0,11.40175425099138,11.704699910719626,11.704699910719626,11.180339887498949,10.295630140987,8.602325267042627,7.810249675906654,7.211102550927978,6.324555320336759,7.0,8.246211251235321,9.848857801796104,12.083045973594572,13.416407864998739,15.652475842498529,17.46424919657298,18.027756377319946,18.681541692269406,18.439088914585774,18.24828759089466,17.11724276862369,15.033296378372908,13.152946437965905,11.40175425099138,10.295630140987,10.63014581273465
1784880289.046774,-57,0.0,16.1245154965971,15.652475842498529,17.88854381999832,19.72308292331602,19.4164878389476,19.209372712298546,19.1049731745428,17.69180601295413,15.620499351813308,13.601470508735444,10.816653826391969,8.602325267042627,6.4031242374328485,5.830951894845301,5.0,6.082762530298219,7.615773105863909,8.94427190999916,9.433981132056603,9.433981132056603,10.295630140987,10.295630140987,9.433981132056603,9.433981132056603,8.602325267042627,7.0710678118654755,0.0,0.0,0.0,0.0,0.0,0.0,0.0,0.0,0.0,0.0,0.0,11.045361017187261,11.180339887498949,11.180339887498949,10.44030650891055,9.486832980505138,8.94427190999916,7.211102550927978,7.0710678118654755,6.708203932499369,6.082762530298219,8.06225774829855,9.219544457292887,11.40175425099138,13.601470508735444,14.560219778561036,16.492422502470642,17.26267650163207,18.027756377319946,18.0,18.027756377319946,16.0312195418814,15.132745950421556,12.041594578792296,10.04987562112089,9.848857801796104,10.816653826391969
1784880289.155324,-57,0.0,25.612496949731394,22.20360331117452,23.323807579381203,21.02379604162864,19.313207915827967,15.811388300841896,12.649110640673518,10.44030650891055,7.615773105863909,5.656854249492381,6.708203932499369,7.0710678118654755,9.055385138137417,11.0,12.041594578792296,13.038404810405298,13.152946437965905,13.152946437965905,12.165525060596439,11.180339887498949,10.198039027185569,8.06225774829855,7.0710678118654755,6.0,4.47213595499958,3.605551275463989,0.0,0.0,0.0,0.0,0.0,0.0,0.0,0.0,0.0,0.0,0.0,9.486832980505138,9.055385138137417,7.0,6.082762530298219,5.830951894845301,5.656854249492381,6.324555320336759,8.06225774829855,9.0,11.0,13.0,15.0,15.033296378372908,16.1245154965971,15.297058540778355,15.297058540778355,14.560219778561036,12.649110640673518,11.40175425099138,9.055385138137417,8.06225774829855,8.94427190999916,10.63014581273465,14.142135623730951,16.97056274847714,20.518284528683193
1784880289.26435,-57,0.0,24.20743687382041,24.08318915758459,23.345235059857504,20.615528128088304,18.027756377319946,15.811388300841896,13.038404810405298,10.816653826391969,8.48528137423857,6.708203932499369,7.0710678118654755,8.0,10.04987562112089,11.045361017187261,13.038404810405298,14.035668847618199,14.0,13.0,13.038404810405298,12.0,11.0,9.0,8.0,6.082762530298219,5.385164807134504,4.242640687119285,0.0,0.0,0.0,0.0,0.0,0.0,0.0,0.0,0.0,0.0,0.0,8.0,7.0710678118654755,6.324555320336759,5.0,4.242640687119285,5.0990195135927845,6.0,7.280109889280518,9.486832980505138,11.704699910719626,13.0,14.866068747318506,14.560219778561036,15.297058540778355,15.132745950421556,15.033296378372908,14.0,12.0,10.04987562112089,9.219544457292887,8.06225774829855,9.219544457292887,12.206555615733702,13.892443989449804,17.88854381999832,21.095023109728988
1784880289.39819,-57,0.0,16.278820596099706,15.524174696260024,17.46424919657298,19.235384061671343,19.1049731745428,20.024984394500787,18.027756377319946,17.11724276862369,15.297058540778355,13.341664064126334,10.44030650891055,8.246211251235321,6.082762530298219,5.0990195135927845,5.0,5.830951894845301,7.615773105863909,8.54400374531753,9.486832980505138,9.486832980505138,10.44030650891055,10.44030650891055,10.44030650891055,9.219544457292887,8.246211251235321,8.06225774829855,0.0,0.0,0.0,0.0,0.0,0.0,0.0,0.0,0.0,0.0,0.0,11.313708498984761,11.40175425099138,11.40175425099138,10.816653826391969,10.295630140987,8.94427190999916,7.615773105863909,7.0710678118654755,6.082762530298219,6.708203932499369,7.0710678118654755,8.602325267042627,10.816653826391969,13.038404810405298,14.422205101855956,15.811388300841896,17.029386365926403,17.69180601295413,17.69180601295413,17.029386365926403,15.811388300841896,14.422205101855956,12.806248474865697,10.63014581273465,10.295630140987,10.44030650891055
1784880289.5051699,-57,0.0,17.0,16.15549442140351,18.384776310850235,20.12461179749811,20.248456731316587,20.808652046684813,19.209372712298546,17.69180601295413,16.278820596099706,13.601470508735444,11.40175425099138,8.602325267042627,7.0710678118654755,5.385164807134504,5.0,6.082762530298219,7.615773105863909,8.06225774829855,9.433981132056603,9.433981132056603,10.816653826391969,10.816653826391969,10.816653826391969,10.0,9.219544457292887,7.810249675906654,0.0,0.0,0.0,0.0,0.0,0.0,0.0,0.0,0.0,0.0,0.0,11.180339887498949,11.40175425099138,11.704699910719626,10.770329614269007,9.848857801796104,8.94427190999916,7.810249675906654,7.0710678118654755,6.708203932499369,7.0710678118654755,8.06225774829855,9.486832980505138,11.704699910719626,13.92838827718412,14.866068747318506,16.76305461424021,17.46424919657298,18.24828759089466,18.110770276274835,18.027756377319946,17.0,15.033296378372908,13.038404810405298,11.180339887498949,9.848857801796104,10.63014581273465
1784880289.561593,-82,0.0,20.615528128088304,18.384776310850235,18.384776310850235,18.027756377319946,18.027756377319946,17.72004514666935,16.492422502470642,16.492422502470642,15.297058540778355,15.132745950421556,15.033296378372908,14.035668847618199,15.033296378372908,16.0312195418814,16.0,16.0,15.0,15.033296378372908,14.142135623730951,15.033296378372908,15.132745950421556,15.297058540778355,14.560219778561036,13.92838827718412,14.317821063276353,14.422205101855956,0.0,0.0,0.0,0.0,0.0,0.0,0.0,0.0,0.0,0.0,0.0,4.0,4.0,4.0,4.0,4.123105625617661,4.47213595499958,5.385164807134504,5.385164807134504,5.385164807134504,5.830951894845301,7.211102550927978,7.211102550927978,7.211102550927978,7.810249675906654,9.219544457292887,10.0,10.816653826391969,10.816653826391969,10.816653826391969,11.661903789690601,12.529964086141668,14.7648230602334,15.652475842498529,15.652475842498529,17.0,18.788294228055936
1784880289.7268429,-57,0.0,17.204650534085253,16.64331697709324,18.867962264113206,20.0,19.849433241279208,20.518284528683193,19.1049731745428,17.804493814764857,15.811388300841896,13.892443989449804,11.180339887498949,9.433981132056603,6.4031242374328485,5.0,5.385164807134504,6.0,7.280109889280518,8.54400374531753,9.848857801796104,9.848857801796104,10.770329614269007,10.770329614269007,9.848857801796104,9.848857801796104,8.94427190999916,7.211102550927978,0.0,0.0,0.0,0.0,0.0,0.0,0.0,0.0,0.0,0.0,0.0,11.045361017187261,11.180339887498949,11.180339887498949,10.44030650891055,9.486832980505138,8.94427190999916,7.211102550927978,7.0710678118654755,7.211102550927978,7.280109889280518,8.0,10.04987562112089,11.180339887498949,13.341664064126334,15.297058540778355,16.278820596099706,18.110770276274835,18.027756377319946,18.0,17.029386365926403,16.1245154965971,15.132745950421556,13.038404810405298,11.0,10.44030650891055,11.180339887498949
1784880289.754548,-82,0.0,16.278820596099706,16.97056274847714,16.278820596099706,14.866068747318506,14.866068747318506,14.866068747318506,15.620499351813308,14.212670403551895,14.212670403551895,13.601470508735444,13.892443989449804,13.892443989449804,13.892443989449804,13.892443989449804,13.892443989449804,13.892443989449804,13.038404810405298,13.038404810405298,13.892443989449804,13.892443989449804,12.806248474865697,12.727922061357855,12.727922061357855,12.806248474865697,12.206555615733702,12.529964086141668,0.0,0.0,0.0,0.0,0.0,0.0,0.0,0.0,0.0,0.0,0.0,2.23606797749979,2.8284271247461903,3.605551275463989,3.605551275463989,4.242640687119285,5.0,5.0,5.0,5.830951894845301,6.708203932499369,7.615773105863909,7.615773105863909,8.06225774829855,7.615773105863909,8.54400374531753,9.486832980505138,9.848857801796104,9.848857801796104,9.848857801796104,11.180339887498949,12.206555615733702,13.601470508735444,15.0,15.0,15.620499351813308,15.620499351813308
1784880289.835994,-57,0.0,24.020824298928627,23.194827009486403,22.561028345356956,20.8806130178211,18.384776310850235,16.55294535724685,13.416407864998739,10.770329614269007,8.246211251235321,7.0,6.324555320336759,7.211102550927978,8.602325267042627,10.0,11.40175425099138,12.206555615733702,12.806248474865697,12.206555615733702,11.661903789690601,10.295630140987,9.433981132056603,8.06225774829855,7.211102550927978,5.656854249492381,4.47213595499958,3.0,0.0,0.0,0.0,0.0,0.0,0.0,0.0,0.0,0.0,0.0,0.0,9.899494936611665,9.219544457292887,7.211102550927978,6.324555320336759,6.0,6.082762530298219,6.708203932499369,7.810249675906654,9.219544457292887,11.40175425099138,12.806248474865697,14.212670403551895,14.866068747318506,15.556349186104045,15.620499351813308,15.620499351813308,14.422205101855956,13.038404810405298,11.40175425099138,9.219544457292887,8.602325267042627,9.486832980505138,11.045361017187261,14.0,17.029386365926403,20.0
1784880289.8375869,-83,0.0,16.0,16.0,17.029386365926403,16.0312195418814,15.297058540778355,15.297058540778355,15.297058540778355,15.297058540778355,14.317821063276353,14.317821063276353,14.866068747318506,13.92838827718412,13.92838827718412,13.92838827718412,13.92838827718412,13.92838827718412,13.92838827718412,14.866068747318506,14.560219778561036,14.317821063276353,13.152946437965905,13.152946437965905,13.038404810405298,13.038404810405298,13.152946437965905,13.341664064126334,0.0,0.0,0.0,0.0,0.0,0.0,0.0,0.0,0.0,0.0,0.0,2.23606797749979,3.1622776601683795,3.1622776601683795,3.1622776601683795,3.1622776601683795,4.0,4.0,4.0,5.0,5.0990195135927845,5.0990195135927845,7.0710678118654755,7.280109889280518,7.280109889280518,8.246211251235321,8.246211251235321,9.219544457292887,10.198039027185569,10.198039027185569,11.180339887498949,12.165525060596439,12.165525060596439,13.152946437965905,14.142135623730951,15.033296378372908,15.0
1784880289.9460502,-57,0.0,25.298221281347036,23.40939982143925,23.259406699226016,21.095023109728988,18.027756377319946,16.401219466856727,13.601470508735444,10.816653826391969,8.54400374531753,7.0710678118654755,7.0710678118654755,8.54400374531753,10.295630140987,11.180339887498949,13.416407864998739,13.416407864998739,14.317821063276353,13.92838827718412,13.0,11.704699910719626,10.770329614269007,9.486832980505138,8.54400374531753,7.211102550927978,5.0,4.47213595499958,0.0,0.0,0.0,0.0,0.0,0.0,0.0,0.0,0.0,0.0,0.0,8.246211251235321,6.708203932499369,5.830951894845301,5.0,4.123105625617661,5.0990195135927845,5.385164807134504,7.211102550927978,9.219544457292887,11.40175425099138,12.806248474865697,15.0,15.264337522473747,15.264337522473747,15.652475842498529,15.231546211727817,13.92838827718412,13.0,10.770329614269007,9.433981132056603,8.48528137423857,8.94427190999916,12.36931687685298,14.317821063276353,17.26267650163207,20.396078054371138
1784880290.0272,-82,0.0,17.0,17.4928556845359,16.64331697709324,16.64331697709324,16.401219466856727,15.620499351813308,15.620499351813308,14.866068747318506,14.866068747318506,14.866068747318506,14.142135623730951,13.45362404707371,14.212670403551895,14.212670403551895,14.212670403551895,14.212670403551895,13.45362404707371,13.45362404707371,13.45362404707371,14.212670403551895,14.212670403551895,13.601470508735444,13.416407864998739,13.0,13.0,11.704699910719626,0.0,0.0,0.0,0.0,0.0,0.0,0.0,0.0,0.0,0.0,0.0,2.0,3.0,3.1622776601683795,4.242640687119285,3.605551275463989,3.605551275463989,4.47213595499958,4.47213595499958,4.47213595499958,5.385164807134504,6.324555320336759,6.324555320336759,7.615773105863909,7.615773105863909,8.246211251235321,8.54400374531753,9.486832980505138,9.848857801796104,9.848857801796104,11.180339887498949,12.083045973594572,13.416407864998739,13.416407864998739,14.7648230602334,15.652475842498529,16.55294535724685
1784880290.027786,-82,0.0,16.401219466856727,16.401219466856727,16.401219466856727,15.811388300841896,15.264337522473747,15.264337522473747,15.652475842498529,14.7648230602334,15.264337522473747,14.7648230602334,14.317821063276353,13.92838827718412,14.317821063276353,13.92838827718412,13.0,13.0,13.0,13.0,13.0,13.416407864998739,12.529964086141668,13.038404810405298,12.806248474865697,12.727922061357855,13.45362404707371,13.45362404707371,0.0,0.0,0.0,0.0,0.0,0.0,0.0,0.0,0.0,0.0,0.0,2.23606797749979,2.23606797749979,3.1622776601683795,3.605551275463989,3.605551275463989,4.242640687119285,4.242640687119285,5.656854249492381,5.656854249492381,6.4031242374328485,7.0710678118654755,7.810249675906654,7.810249675906654,8.06225774829855,8.06225774829855,9.219544457292887,10.0,10.63014581273465,10.63014581273465,12.041594578792296,12.727922061357855,13.45362404707371,14.212670403551895,15.620499351813308,15.620499351813308,16.401219466856727
1784880290.055118,-57,0.0,17.08800749063506,17.46424919657298,19.6468827043885,20.248456731316587,20.615528128088304,21.470910553583888,19.72308292331602,18.027756377319946,16.401219466856727,13.45362404707371,11.40175425099138,8.602325267042627,6.708203932499369,6.082762530298219,6.082762530298219,7.615773105863909,8.602325267042627,10.0,11.40175425099138,11.40175425099138,12.041594578792296,12.041594578792296,12.041594578792296,10.63014581273465,10.63014581273465,9.219544457292887,0.0,0.0,0.0,0.0,0.0,0.0,0.0,0.0,0.0,0.0,0.0,10.198039027185569,10.44030650891055,9.486832980505138,9.486832980505138,8.94427190999916,7.211102550927978,6.4031242374328485,5.0,5.385164807134504,6.082762530298219,7.280109889280518,8.94427190999916,11.661903789690601,13.038404810405298,14.7648230602334,16.55294535724685,17.46424919657298,17.72004514666935,17.46424919657298,17.26267650163207,16.1245154965971,14.142135623730951,12.36931687685298,10.770329614269007,10.0,10.63014581273465
1784880290.08246,-57,0.0,17.11724276862369,16.0,19.026297590440446,20.223748416156685,20.396078054371138,19.6468827043885,18.973665961010276,17.46424919657298,15.652475842498529,13.038404810405298,10.816653826391969,8.06225774829855,6.324555320336759,5.0,5.385164807134504,6.4031242374328485,8.48528137423857,9.219544457292887,10.0,10.0,11.40175425099138,11.40175425099138,11.40175425099138,10.816653826391969,10.295630140987,8.94427190999916,0.0,0.0,0.0,0.0,0.0,0.0,0.0,0.0,0.0,0.0,0.0,11.180339887498949,10.816653826391969,10.816653826391969,10.0,9.219544457292887,8.48528137423857,7.211102550927978,6.708203932499369,6.082762530298219,6.324555320336759,7.211102550927978,9.219544457292887,10.63014581273465,12.727922061357855,14.866068747318506,15.620499351813308,17.204650534085253,17.4928556845359,17.88854381999832,17.46424919657298,16.15549442140351,14.866068747318506,12.083045973594572,10.816653826391969,9.899494936611665,10.295630140987
1784880290.1654131,-57,0.0,24.515301344262525,20.09975124224178,17.11724276862369,13.152946437965905,10.44030650891055,8.06225774829855,7.810249675906654,9.848857801796104,11.704699910719626,13.0,15.231546211727817,15.652475842498529,16.1245154965971,15.811388300841896,15.0,14.212670403551895,12.727922061357855,10.63014581273465,9.219544457292887,6.4031242374328485,5.385164807134504,4.0,4.47213595499958,5.656854249492381,6.708203932499369,8.54400374531753,0.0,0.0,0.0,0.0,0.0,0.0,0.0,0.0,0.0,0.0,0.0,6.0,6.324555320336759,6.4031242374328485,7.810249675906654,8.94427190999916,10.770329614269007,11.704699910719626,13.92838827718412,13.92838827718412,15.231546211727817,15.231546211727817,14.317821063276353,13.416407864998739,12.083045973594572,10.770329614269007,9.219544457292887,8.0,8.246211251235321,10.295630140987,13.038404810405298,15.811388300841896,18.867962264113206,21.95449840010015,24.596747752497688,26.0,27.202941017470888
1784880290.2459898,-82,0.0,18.384776310850235,17.46424919657298,17.08800749063506,16.76305461424021,16.76305461424021,15.524174696260024,15.524174696260024,16.278820596099706,15.297058540778355,15.132745950421556,14.142135623730951,14.035668847618199,13.038404810405298,13.038404810405298,14.035668847618199,14.035668847618199,14.035668847618199,14.142135623730951,14.317821063276353,14.317821063276353,14.560219778561036,13.92838827718412,13.92838827718412,13.416407864998739,13.892443989449804,13.038404810405298,0.0,0.0,0.0,0.0,0.0,0.0,0.0,0.0,0.0,0.0,0.0,1.0,2.0,2.23606797749979,3.1622776601683795,3.605551275463989,5.0,5.0,5.0,5.656854249492381,5.656854249492381,7.0710678118654755,7.0710678118654755,7.810249675906654,7.810249675906654,8.48528137423857,8.48528137423857,9.219544457292887,9.219544457292887,10.816653826391969,11.661903789690601,12.206555615733702,12.529964086141668,13.416407864998739,14.317821063276353,15.652475842498529,16.55294535724685
1784880290.300205,-57,0.0,17.0,17.46424919657298,19.697715603592208,19.72308292331602,20.248456731316587,20.808652046684813,19.849433241279208,18.384776310850235,16.278820596099706,12.806248474865697,11.40175425099138,9.219544457292887,7.211102550927978,6.324555320336759,6.0,8.246211251235321,8.54400374531753,9.848857801796104,11.180339887498949,11.180339887498949,12.529964086141668,12.529964086141668,11.661903789690601,11.661903789690601,10.816653826391969,9.219544457292887,0.0,0.0,0.0,0.0,0.0,0.0,0.0,0.0,0.0,0.0,0.0,10.04987562112089,10.198039027185569,10.198039027185569,9.486832980505138,8.54400374531753,7.615773105863909,6.4031242374328485,5.656854249492381,5.385164807134504,6.0,7.0710678118654755,9.486832980505138,10.770329614269007,13.0,14.866068747318506,15.811388300841896,17.46424919657298,17.26267650163207,18.110770276274835,17.0,16.0,14.035668847618199,12.041594578792296,11.180339887498949,9.848857801796104,10.63014581273465
1784880290.409128,-57,0.0,14.142135623730951,10.0,10.770329614269007,11.661903789690601,14.212670403551895,16.278820596099706,17.804493814764857,18.601075237738275,18.867962264113206,18.35755975068582,18.384776310850235,17.08800749063506,14.560219778561036,13.341664064126334,11.40175425099138,8.54400374531753,6.708203932499369,5.656854249492381,5.385164807134504,5.0,7.280109889280518,8.246211251235321,9.848857801796104,9.848857801796104,10.295630140987,10.816653826391969,0.0,0.0,0.0,0.0,0.0,0.0,0.0,0.0,0.0,0.0,0.0,9.0,10.04987562112089,11.180339887498949,12.36931687685298,12.36931687685298,13.601470508735444,12.649110640673518,12.649110640673518,11.704699910719626,10.770329614269007,10.295630140987,9.219544457292887,7.810249675906654,8.54400374531753,10.198039027185569,12.0,14.0,17.0,19.026297590440446,21.095023109728988,22.360679774997898,22.80350850198276,23.08679276123039,22.47220505424423,21.93171219946131,19.697715603592208
1784880290.5169039,-57,0.0,16.64331697709324,17.88854381999832,19.235384061671343,20.248456731316587,20.808652046684813,20.615528128088304,19.79898987322333,17.69180601295413,16.401219466856727,13.601470508735444,10.816653826391969,8.602325267042627,7.0710678118654755,6.324555320336759,6.0,7.280109889280518,8.54400374531753,9.848857801796104,11.180339887498949,11.180339887498949,12.083045973594572,12.083045973594572,11.180339887498949,11.180339887498949,10.295630140987,8.602325267042627,0.0,0.0,0.0,0.0,0.0,0.0,0.0,0.0,0.0,0.0,0.0,10.04987562112089,10.0,10.04987562112089,10.04987562112089,8.246211251235321,7.280109889280518,6.708203932499369,5.656854249492381,5.0,6.082762530298219,7.0710678118654755,9.219544457292887,11.40175425099138,13.341664064126334,14.560219778561036,16.278820596099706,17.11724276862369,17.029386365926403,17.0,17.029386365926403,16.1245154965971,14.142135623730951,12.0,10.04987562112089,9.486832980505138,10.0
1784880290.598639,-82,0.0,18.027756377319946,18.027756377319946,17.08800749063506,16.15549442140351,16.15549442140351,16.55294535724685,16.1245154965971,15.264337522473747,15.264337522473747,14.422205101855956,14.422205101855956,14.422205101855956,15.0,14.212670403551895,14.212670403551895,14.212670403551895,14.212670403551895,14.212670403551895,14.212670403551895,13.601470508735444,14.422205101855956,14.7648230602334,14.317821063276353,13.92838827718412,13.601470508735444,14.560219778561036,0.0,0.0,0.0,0.0,0.0,0.0,0.0,0.0,0.0,0.0,0.0,3.1622776601683795,4.123105625617661,4.123105625617661,5.0,5.0,4.0,5.0,6.0,6.0,7.0710678118654755,8.06225774829855,8.06225774829855,9.055385138137417,9.055385138137417,9.055385138137417,10.0,11.0,12.0,12.0,13.0,14.035668847618199,15.033296378372908,15.132745950421556,15.297058540778355,16.278820596099706,18.110770276274835
1784880290.626535,-57,0.0,26.40075756488817,24.596747752497688,23.323807579381203,22.20360331117452,19.849433241279208,16.97056274847714,14.142135623730951,11.313708498984761,10.0,7.615773105863909,8.06225774829855,8.06225774829855,9.219544457292887,11.40175425099138,12.36931687685298,13.341664064126334,14.317821063276353,13.152946437965905,13.152946437965905,12.041594578792296,11.045361017187261,9.055385138137417,8.06225774829855,6.324555320336759,5.0,3.605551275463989,0.0,0.0,0.0,0.0,0.0,0.0,0.0,0.0,0.0,0.0,0.0,8.94427190999916,8.06225774829855,7.0710678118654755,5.830951894845301,5.0990195135927845,6.0,7.280109889280518,8.94427190999916,10.816653826391969,12.206555615733702,13.601470508735444,15.811388300841896,16.1245154965971,17.0,16.15549442140351,16.15549442140351,14.866068747318506,13.601470508735444,11.704699910719626,10.295630140987,9.219544457292887,10.0,12.083045973594572,14.866068747318506,18.681541692269406,21.18962010041709
1784880290.735352,-57,0.0,23.853720883753127,20.808652046684813,17.204650534085253,14.422205101855956,11.180339887498949,9.219544457292887,10.04987562112089,10.770329614269007,13.0,14.317821063276353,16.15549442140351,17.08800749063506,16.76305461424021,16.492422502470642,17.11724276862369,15.132745950421556,14.035668847618199,12.041594578792296,10.04987562112089,8.246211251235321,6.324555320336759,5.656854249492381,5.385164807134504,6.082762530298219,7.0710678118654755,8.246211251235321,0.0,0.0,0.0,0.0,0.0,0.0,0.0,0.0,0.0,0.0,0.0,5.0,5.385164807134504,6.0,7.280109889280518,8.54400374531753,10.295630140987,11.180339887498949,13.892443989449804,14.7648230602334,15.652475842498529,15.231546211727817,14.317821063276353,13.0,12.083045973594572,10.295630140987,9.433981132056603,8.48528137423857,8.94427190999916,11.180339887498949,14.142135623730951,17.26267650163207,19.4164878389476,22.561028345356956,25.298221281347036,26.92582403567252,26.832815729997478
1784880290.7628999,-83,0.0,17.0,18.027756377319946,18.110770276274835,17.11724276862369,16.278820596099706,15.524174696260024,16.492422502470642,15.524174696260024,14.560219778561036,14.866068747318506,14.866068747318506,13.92838827718412,14.866068747318506,14.317821063276353,14.317821063276353,14.317821063276353,14.317821063276353,14.866068747318506,14.866068747318506,13.92838827718412,14.317821063276353,15.297058540778355,15.297058540778355,15.132745950421556,14.0,14.035668847618199,0.0,0.0,0.0,0.0,0.0,0.0,0.0,0.0,0.0,0.0,0.0,2.0,2.0,3.1622776601683795,5.0,5.0990195135927845,5.0990195135927845,5.0990195135927845,5.0990195135927845,5.385164807134504,6.324555320336759,6.324555320336759,7.280109889280518,8.54400374531753,8.54400374531753,8.246211251235321,9.219544457292887,10.198039027185569,11.180339887498949,12.165525060596439,12.165525060596439,13.152946437965905,14.142135623730951,15.0,15.033296378372908,17.029386365926403,18.027756377319946
1784880290.8713222,-82,0.0,18.439088914585774,18.439088914585774,18.439088914585774,17.804493814764857,17.204650534085253,16.64331697709324,16.64331697709324,17.4928556845359,17.0,16.55294535724685,16.55294535724685,16.55294535724685,16.15549442140351,16.15549442140351,15.231546211727817,15.231546211727817,15.231546211727817,15.231546211727817,15.231546211727817,15.264337522473747,16.64331697709324,15.811388300841896,15.620499351813308,14.866068747318506,14.142135623730951,14.212670403551895,0.0,0.0,0.0,0.0,0.0,0.0,0.0,0.0,0.0,0.0,0.0,3.1622776601683795,3.1622776601683795,3.605551275463989,4.242640687119285,4.242640687119285,5.656854249492381,5.656854249492381,6.4031242374328485,6.4031242374328485,6.4031242374328485,6.4031242374328485,7.211102550927978,8.06225774829855,8.94427190999916,8.602325267042627,10.0,11.40175425099138,11.40175425099138,12.041594578792296,12.041594578792296,13.45362404707371,14.142135623730951,15.556349186104045,16.278820596099706,17.69180601295413,17.69180601295413
1784880290.9557061,-57,0.0,23.769728648009426,24.351591323771842,22.80350850198276,21.37755832643195,19.1049731745428,17.029386365926403,14.0,11.0,8.06225774829855,6.708203932499369,7.0710678118654755,7.211102550927978,8.94427190999916,10.770329614269007,12.083045973594572,13.0,13.416407864998739,12.529964086141668,11.661903789690601,10.816653826391969,10.295630140987,9.433981132056603,7.211102550927978,5.385164807134504,4.123105625617661,3.1622776601683795,0.0,0.0,0.0,0.0,0.0,0.0,0.0,0.0,0.0,0.0,0.0,9.486832980505138,8.246211251235321,7.0710678118654755,6.082762530298219,5.830951894845301,5.656854249492381,6.708203932499369,8.54400374531753,10.198039027185569,12.165525060596439,14.317821063276353,15.297058540778355,15.524174696260024,15.811388300841896,16.15549442140351,15.652475842498529,14.7648230602334,13.416407864998739,11.180339887498949,9.486832980505138,9.055385138137417,9.219544457292887,10.770329614269007,13.892443989449804,17.4928556845359,20.591260281974
1784880291.037663,-83,0.0,17.029386365926403,17.029386365926403,16.401219466856727,16.401219466856727,16.401219466856727,15.811388300841896,15.811388300841896,15.264337522473747,14.7648230602334,15.652475842498529,14.7648230602334,14.317821063276353,13.92838827718412,13.92838827718412,13.92838827718412,14.866068747318506,13.92838827718412,14.317821063276353,13.416407864998739,13.416407864998739,14.422205101855956,13.601470508735444,13.45362404707371,12.727922061357855,13.45362404707371,14.422205101855956,0.0,0.0,0.0,0.0,0.0,0.0,0.0,0.0,0.0,0.0,0.0,1.0,2.0,2.23606797749979,2.8284271247461903,2.8284271247461903,3.605551275463989,3.605551275463989,4.242640687119285,5.0,5.0,5.0,5.0,5.830951894845301,7.211102550927978,8.06225774829855,8.602325267042627,9.433981132056603,10.0,10.63014581273465,12.041594578792296,12.041594578792296,12.727922061357855,13.45362404707371,14.866068747318506,15.556349186104045,16.278820596099706
1784880291.091959,-83,0.0,18.439088914585774,17.72004514666935,17.72004514666935,17.46424919657298,17.26267650163207,16.1245154965971,16.1245154965971,15.033296378372908,15.033296378372908,15.033296378372908,15.033296378372908,15.033296378372908,15.0,15.0,14.035668847618199,14.035668847618199,14.035668847618199,14.0,14.0,14.035668847618199,14.142135623730951,14.317821063276353,14.317821063276353,14.317821063276353,13.92838827718412,13.416407864998739,0.0,0.0,0.0,0.0,0.0,0.0,0.0,0.0,0.0,0.0,0.0,2.23606797749979,2.0,2.0,2.23606797749979,3.1622776601683795,4.123105625617661,4.47213595499958,5.830951894845301,6.4031242374328485,6.4031242374328485,7.211102550927978,7.211102550927978,7.211102550927978,8.06225774829855,8.602325267042627,8.602325267042627,9.433981132056603,9.433981132056603,9.848857801796104,11.180339887498949,13.0,14.317821063276353,14.317821063276353,15.231546211727817,14.866068747318506,16.76305461424021
1784880291.092545,-57,0.0,12.165525060596439,8.54400374531753,9.219544457292887,11.40175425099138,13.892443989449804,15.652475842498529,17.4928556845359,18.867962264113206,18.601075237738275,18.439088914585774,18.384776310850235,16.278820596099706,14.212670403551895,12.806248474865697,10.63014581273465,8.48528137423857,7.211102550927978,5.0990195135927845,5.0990195135927845,5.830951894845301,7.810249675906654,8.48528137423857,10.63014581273465,11.40175425099138,12.206555615733702,12.529964086141668,0.0,0.0,0.0,0.0,0.0,0.0,0.0,0.0,0.0,0.0,0.0,8.06225774829855,9.0,10.04987562112089,11.045361017187261,12.165525060596439,12.165525060596439,11.40175425099138,11.40175425099138,10.44030650891055,9.486832980505138,8.94427190999916,6.4031242374328485,6.4031242374328485,7.280109889280518,8.0,11.180339887498949,13.341664064126334,16.278820596099706,18.110770276274835,20.024984394500787,21.02379604162864,22.090722034374522,22.20360331117452,21.37755832643195,20.615528128088304,18.681541692269406
1784880291.120404,-57,0.0,13.601470508735444,11.180339887498949,11.045361017187261,12.041594578792296,14.317821063276353,16.278820596099706,18.439088914585774,19.235384061671343,19.1049731745428,20.0,18.027756377319946,17.11724276862369,15.297058540778355,13.341664064126334,11.40175425099138,9.219544457292887,7.0,6.324555320336759,5.656854249492381,5.830951894845301,7.280109889280518,8.06225774829855,9.055385138137417,10.0,11.0,11.045361017187261,0.0,0.0,0.0,0.0,0.0,0.0,0.0,0.0,0.0,0.0,0.0,9.433981132056603,9.848857801796104,11.704699910719626,12.649110640673518,12.36931687685298,13.341664064126334,12.36931687685298,12.36931687685298,12.165525060596439,11.045361017187261,10.0,9.219544457292887,7.615773105863909,8.602325267042627,10.0,13.038404810405298,14.7648230602334,17.4928556845359,18.867962264113206,21.400934559032695,22.67156809750927,24.041630560342615,23.345235059857504,22.80350850198276,21.400934559032695,20.0
1784880291.1746602,-82,0.0,17.88854381999832,18.35755975068582,17.0,17.0,16.1245154965971,15.264337522473747,15.0,15.0,15.0,15.620499351813308,14.866068747318506,14.866068747318506,15.556349186104045,14.866068747318506,14.142135623730951,14.142135623730951,14.142135623730951,13.45362404707371,14.212670403551895,14.212670403551895,13.601470508735444,13.892443989449804,13.892443989449804,13.0,12.649110640673518,13.341664064126334,0.0,0.0,0.0,0.0,0.0,0.0,0.0,0.0,0.0,0.0,0.0,1.4142135623730951,1.4142135623730951,1.4142135623730951,2.8284271247461903,3.1622776601683795,3.1622776601683795,3.1622776601683795,4.123105625617661,4.123105625617661,5.0990195135927845,6.082762530298219,7.0710678118654755,8.06225774829855,9.219544457292887,9.219544457292887,8.246211251235321,9.055385138137417,10.198039027185569,10.44030650891055,10.44030650891055,11.40175425099138,12.649110640673518,12.649110640673518,13.92838827718412,14.866068747318506,16.15549442140351
1784880291.202328,-57,0.0,25.0,20.396078054371138,17.26267650163207,14.317821063276353,10.770329614269007,8.602325267042627,8.602325267042627,9.848857801796104,11.704699910719626,13.601470508735444,14.866068747318506,16.15549442140351,16.55294535724685,17.0,15.811388300841896,15.0,12.806248474865697,11.40175425099138,9.219544457292887,7.211102550927978,5.385164807134504,4.0,3.605551275463989,5.0,6.708203932499369,8.246211251235321,0.0,0.0,0.0,0.0,0.0,0.0,0.0,0.0,0.0,0.0,0.0,6.082762530298219,6.708203932499369,7.0710678118654755,8.94427190999916,9.848857801796104,11.704699910719626,12.649110640673518,14.560219778561036,15.524174696260024,15.811388300841896,15.811388300841896,14.866068747318506,13.92838827718412,13.0,11.704699910719626,10.04987562112089,9.0,9.486832980505138,11.661903789690601,13.601470508735444,16.401219466856727,20.0,23.021728866442675,25.553864678361276,26.832815729997478,27.85677655436824
1784880291.31103,-57,0.0,25.019992006393608,21.213203435596427,18.110770276274835,15.033296378372908,11.0,9.486832980505138,8.602325267042627,10.63014581273465,12.206555615733702,13.601470508735444,15.0,16.278820596099706,16.97056274847714,17.029386365926403,16.401219466856727,15.811388300841896,13.038404810405298,11.661903789690601,10.0,7.810249675906654,5.656854249492381,4.47213595499958,4.123105625617661,4.47213595499958,5.656854249492381,7.211102550927978,0.0,0.0,0.0,0.0,0.0,0.0,0.0,0.0,0.0,0.0,0.0,6.082762530298219,6.324555320336759,7.211102550927978,8.48528137423857,10.63014581273465,11.40175425099138,13.038404810405298,14.422205101855956,15.811388300841896,15.811388300841896,16.401219466856727,15.620499351813308,14.212670403551895,12.806248474865697,11.40175425099138,10.295630140987,9.219544457292887,10.0,11.180339887498949,13.601470508735444,17.08800749063506,19.924858845171276,22.80350850198276,25.495097567963924,27.294688127912362,28.0178514522438
1784880291.39228,-83,0.0,18.027756377319946,16.64331697709324,17.204650534085253,17.204650534085253,17.204650534085253,16.401219466856727,16.278820596099706,15.556349186104045,16.278820596099706,16.278820596099706,16.278820596099706,16.278820596099706,15.811388300841896,15.264337522473747,14.422205101855956,15.0,15.0,14.212670403551895,14.212670403551895,15.620499351813308,15.556349186104045,15.620499351813308,15.811388300841896,15.264337522473747,14.317821063276353,13.92838827718412,0.0,0.0,0.0,0.0,0.0,0.0,0.0,0.0,0.0,0.0,0.0,2.23606797749979,2.23606797749979,3.605551275463989,3.605551275463989,4.242640687119285,4.242640687119285,4.47213595499958,5.385164807134504,6.324555320336759,5.0990195135927845,5.0990195135927845,5.385164807134504,6.324555320336759,8.246211251235321,9.219544457292887,9.219544457292887,10.198039027185569,10.44030650891055,11.704699910719626,13.0,13.0,14.317821063276353,15.652475842498529,15.652475842498529,16.55294535724685,17.46424919657298
1784880291.4198341,-57,0.0,14.317821063276353,15.231546211727817,17.46424919657298,18.384776310850235,18.973665961010276,18.439088914585774,17.26267650163207,16.0312195418814,14.0,12.041594578792296,10.0,8.0,6.082762530298219,5.0,5.0,6.708203932499369,8.246211251235321,9.219544457292887,10.198039027185569,10.198039027185569,11.180339887498949,11.180339887498949,10.04987562112089,10.04987562112089,9.055385138137417,9.0,0.0,0.0,0.0,0.0,0.0,0.0,0.0,0.0,0.0,0.0,0.0,10.63014581273465,10.0,9.433981132056603,9.433981132056603,8.06225774829855,7.615773105863909,6.082762530298219,6.0,5.0990195135927845,5.0,6.4031242374328485,8.06225774829855,9.848857801796104,11.704699910719626,13.0,14.317821063276353,16.1245154965971,15.811388300841896,16.401219466856727,15.620499351813308,14.142135623730951,12.727922061357855,10.63014581273465,9.433981132056603,8.246211251235321,10.04987562112089
1784880291.473732,-82,0.0,16.1245154965971,16.1245154965971,16.278820596099706,15.297058540778355,15.297058540778355,15.524174696260024,14.560219778561036,14.866068747318506,14.866068747318506,14.866068747318506,13.92838827718412,14.317821063276353,14.7648230602334,13.892443989449804,13.892443989449804,13.892443989449804,13.892443989449804,14.317821063276353,13.416407864998739,14.317821063276353,13.92838827718412,13.601470508735444,13.152946437965905,13.038404810405298,13.0,13.038404810405298,0.0,0.0,0.0,0.0,0.0,0.0,0.0,0.0,0.0,0.0,0.0,2.23606797749979,2.23606797749979,2.23606797749979,3.1622776601683795,3.1622776601683795,4.0,4.0,5.0,5.0,5.0990195135927845,5.385164807134504,5.0990195135927845,6.082762530298219,7.280109889280518,8.246211251235321,8.246211251235321,9.055385138137417,9.055385138137417,10.04987562112089,11.045361017187261,12.041594578792296,13.038404810405298,13.038404810405298,14.0,15.0,16.0
1784880291.527833,-57,0.0,25.079872407968907,23.259406699226016,22.825424421026653,20.808652046684813,18.439088914585774,16.278820596099706,12.727922061357855,9.899494936611665,7.211102550927978,6.324555320336759,6.082762530298219,7.615773105863909,8.94427190999916,10.295630140987,11.661903789690601,12.529964086141668,13.416407864998739,13.0,12.083045973594572,10.770329614269007,10.770329614269007,8.94427190999916,7.615773105863909,5.830951894845301,5.0,4.123105625617661,0.0,0.0,0.0,0.0,0.0,0.0,0.0,0.0,0.0,0.0,0.0,9.055385138137417,8.246211251235321,7.280109889280518,5.830951894845301,5.0,4.123105625617661,5.0,7.280109889280518,8.54400374531753,11.180339887498949,12.529964086141668,14.317821063276353,15.231546211727817,15.811388300841896,15.524174696260024,14.317821063276353,14.142135623730951,12.165525060596439,10.198039027185569,8.54400374531753,8.06225774829855,8.602325267042627,10.770329614269007,13.601470508735444,16.492422502470642,19.924858845171276
1784880291.6087801,-82,0.0,19.235384061671343,18.35755975068582,18.35755975068582,17.88854381999832,17.0,16.55294535724685,15.811388300841896,15.524174696260024,15.524174696260024,15.297058540778355,15.297058540778355,15.297058540778355,15.297058540778355,15.132745950421556,15.132745950421556,15.132745950421556,15.297058540778355,15.297058540778355,15.524174696260024,14.560219778561036,13.601470508735444,13.92838827718412,13.92838827718412,14.317821063276353,13.892443989449804,14.422205101855956,0.0,0.0,0.0,0.0,0.0,0.0,0.0,0.0,0.0,0.0,0.0,3.0,3.1622776601683795,3.1622776601683795,3.605551275463989,5.0,5.0,5.0,5.656854249492381,5.656854249492381,7.0710678118654755,7.0710678118654755,7.0710678118654755,7.810249675906654,9.219544457292887,9.219544457292887,9.899494936611665,10.63014581273465,11.40175425099138,12.806248474865697,13.601470508735444,14.212670403551895,14.212670403551895,15.0,15.811388300841896,17.204650534085253,17.204650534085253
1784880291.636235,-57,0.0,17.46424919657298,17.11724276862369,20.223748416156685,20.396078054371138,20.8806130178211,21.18962010041709,19.697715603592208,19.235384061671343,16.64331697709324,14.422205101855956,12.206555615733702,9.433981132056603,7.615773105863909,6.082762530298219,6.082762530298219,6.708203932499369,8.602325267042627,9.219544457292887,9.899494936611665,10.63014581273465,11.313708498984761,11.313708498984761,10.63014581273465,10.63014581273465,10.0,8.06225774829855,0.0,0.0,0.0,0.0,0.0,0.0,0.0,0.0,0.0,0.0,0.0,10.770329614269007,11.180339887498949,10.295630140987,10.0,9.219544457292887,8.48528137423857,7.211102550927978,6.708203932499369,6.082762530298219,7.0710678118654755,8.94427190999916,10.295630140987,12.206555615733702,13.601470508735444,15.811388300841896,17.4928556845359,18.35755975068582,18.788294228055936,19.313207915827967,17.72004514666935,16.492422502470642,15.524174696260024,13.601470508735444,11.180339887498949,10.63014581273465,10.816653826391969
1784880291.7451131,-57,0.0,17.204650534085253,17.4928556845359,19.4164878389476,20.615528128088304,20.518284528683193,20.518284528683193,19.849433241279208,17.804493814764857,15.811388300841896,13.892443989449804,11.661903789690601,8.602325267042627,7.0710678118654755,5.385164807134504,6.082762530298219,7.0710678118654755,9.219544457292887,9.486832980505138,10.770329614269007,10.770329614269007,12.083045973594572,12.083045973594572,11.704699910719626,11.180339887498949,10.295630140987,9.433981132056603,0.0,0.0,0.0,0.0,0.0,0.0,0.0,0.0,0.0,0.0,0.0,10.198039027185569,10.04987562112089,10.0,10.0,9.055385138137417,8.06225774829855,6.324555320336759,5.830951894845301,5.0,6.082762530298219,7.0,9.055385138137417,11.180339887498949,13.152946437965905,14.142135623730951,16.1245154965971,17.029386365926403,18.027756377319946,17.11724276862369,17.26267650163207,15.297058540778355,14.317821063276353,12.165525060596439,10.0,9.486832980505138,10.295630140987
1784880291.799198,-82,0.0,17.204650534085253,16.64331697709324,16.401219466856727,16.401219466856727,17.029386365926403,16.278820596099706,16.278820596099706,16.278820596099706,15.620499351813308,14.866068747318506,14.866068747318506,14.212670403551895,14.212670403551895,14.212670403551895,14.212670403551895,12.806248474865697,12.806248474865697,13.45362404707371,13.45362404707371,13.45362404707371,12.806248474865697,13.601470508735444,13.601470508735444,11.661903789690601,12.083045973594572,12.649110640673518,0.0,0.0,0.0,0.0,0.0,0.0,0.0,0.0,0.0,0.0,0.0,2.0,1.0,1.0,1.4142135623730951,2.23606797749979,3.605551275463989,3.605551275463989,4.47213595499958,5.0990195135927845,5.385164807134504,5.385164807134504,6.324555320336759,7.280109889280518,9.219544457292887,9.219544457292887,9.219544457292887,9.486832980505138,10.770329614269007,11.180339887498949,12.083045973594572,12.529964086141668,13.416407864998739,14.317821063276353,15.231546211727817,15.652475842498529,17.0
1784880291.879864,-57,0.0,24.413111231467404,20.615528128088304,17.029386365926403,13.601470508735444,10.295630140987,9.219544457292887,8.06225774829855,9.848857801796104,12.083045973594572,13.416407864998739,14.7648230602334,16.15549442140351,15.811388300841896,16.492422502470642,16.278820596099706,15.132745950421556,13.038404810405298,11.045361017187261,9.055385138137417,6.082762530298219,4.47213595499958,4.242640687119285,4.123105625617661,5.0990195135927845,6.708203932499369,8.602325267042627,0.0,0.0,0.0,0.0,0.0,0.0,0.0,0.0,0.0,0.0,0.0,6.4031242374328485,5.830951894845301,7.0710678118654755,8.06225774829855,10.198039027185569,11.704699910719626,12.649110640673518,13.92838827718412,14.866068747318506,15.811388300841896,15.811388300841896,15.524174696260024,14.560219778561036,12.649110640673518,10.770329614269007,8.94427190999916,8.48528137423857,9.433981132056603,10.770329614269007,13.341664064126334,16.278820596099706,19.4164878389476,22.80350850198276,25.298221281347036,26.0,27.294688127912362
1784880291.8830268,-82,0.0,18.24828759089466,17.26267650163207,17.26267650163207,17.26267650163207,17.11724276862369,17.029386365926403,16.0312195418814,15.033296378372908,15.0,15.0,15.0,14.0,15.0,15.033296378372908,14.142135623730951,14.142135623730951,14.142135623730951,14.035668847618199,14.0,13.038404810405298,13.038404810405298,13.152946437965905,13.601470508735444,13.0,13.416407864998739,13.0,0.0,0.0,0.0,0.0,0.0,0.0,0.0,0.0,0.0,0.0,0.0,1.0,2.0,3.0,3.0,4.0,4.123105625617661,5.0990195135927845,5.0,5.0990195135927845,4.47213595499958,5.0,6.4031242374328485,7.211102550927978,8.06225774829855,8.602325267042627,8.94427190999916,9.848857801796104,10.770329614269007,10.770329614269007,12.36931687685298,13.601470508735444,13.341664064126334,14.560219778561036,15.524174696260024,15.524174696260024,16.492422502470642
1784880291.990779,-57,0.0,12.36931687685298,10.198039027185569,10.198039027185569,12.083045973594572,13.038404810405298,15.264337522473747,16.64331697709324,17.4928556845359,17.88854381999832,18.027756377319946,17.72004514666935,16.278820596099706,14.142135623730951,13.038404810405298,11.045361017187261,8.246211251235321,6.324555320336759,5.0,5.0,5.0990195135927845,6.0,8.06225774829855,8.246211251235321,9.486832980505138,9.848857801796104,9.848857801796104,0.0,0.0,0.0,0.0,0.0,0.0,0.0,0.0,0.0,0.0,0.0,8.06225774829855,10.0,11.0,12.041594578792296,12.041594578792296,12.165525060596439,12.165525060596439,12.165525060596439,11.180339887498949,10.44030650891055,9.486832980505138,8.06225774829855,7.810249675906654,8.06225774829855,9.486832980505138,11.180339887498949,14.142135623730951,16.278820596099706,18.439088914585774,19.6468827043885,21.18962010041709,21.93171219946131,22.360679774997898,21.470910553583888,19.72308292331602,18.867962264113206
1784880292.0997481,-57,0.0,25.495097567963924,21.540659228538015,18.027756377319946,14.317821063276353,11.661903789690601,9.899494936611665,9.848857801796104,11.40175425099138,13.152946437965905,14.142135623730951,16.278820596099706,16.492422502470642,16.76305461424021,17.08800749063506,16.55294535724685,15.652475842498529,13.892443989449804,12.529964086141668,10.295630140987,7.615773105863909,6.082762530298219,5.0,4.47213595499958,5.0,6.708203932499369,8.246211251235321,0.0,0.0,0.0,0.0,0.0,0.0,0.0,0.0,0.0,0.0,0.0,5.385164807134504,5.656854249492381,6.708203932499369,8.246211251235321,9.219544457292887,11.045361017187261,12.041594578792296,14.035668847618199,15.033296378372908,15.132745950421556,16.1245154965971,15.132745950421556,14.142135623730951,13.152946437965905,11.045361017187261,10.04987562112089,9.486832980505138,9.433981132056603,11.313708498984761,14.142135623730951,17.029386365926403,20.518284528683193,23.345235059857504,24.839484696748443,27.202941017470888,27.784887978899608
1784880292.127869,-82,0.0,18.24828759089466,18.24828759089466,18.24828759089466,17.26267650163207,17.26267650163207,17.11724276862369,17.029386365926403,17.0,17.029386365926403,16.0,15.0,15.033296378372908,15.033296378372908,15.132745950421556,15.132745950421556,15.033296378372908,14.035668847618199,14.035668847618199,14.035668847618199,15.0,15.033296378372908,14.035668847618199,14.142135623730951,13.341664064126334,14.560219778561036,13.92838827718412,0.0,0.0,0.0,0.0,0.0,0.0,0.0,0.0,0.0,0.0,0.0,2.23606797749979,3.0,4.0,5.0,4.0,5.0990195135927845,5.0990195135927845,6.082762530298219,6.324555320336759,6.708203932499369,7.615773105863909,7.615773105863909,7.615773105863909,8.94427190999916,9.433981132056603,10.295630140987,9.848857801796104,10.770329614269007,11.704699910719626,13.601470508735444,14.866068747318506,14.866068747318506,15.524174696260024,15.524174696260024,16.492422502470642,17.72004514666935
1784880292.128407,-82,0.0,16.1245154965971,17.11724276862369,16.0312195418814,15.033296378372908,16.0312195418814,15.033296378372908,15.0,15.033296378372908,15.132745950421556,15.297058540778355,14.317821063276353,13.601470508735444,13.601470508735444,13.601470508735444,13.601470508735444,13.601470508735444,13.601470508735444,13.601470508735444,14.560219778561036,14.317821063276353,13.341664064126334,13.152946437965905,13.038404810405298,13.0,12.041594578792296,12.36931687685298,0.0,0.0,0.0,0.0,0.0,0.0,0.0,0.0,0.0,0.0,0.0,2.23606797749979,2.23606797749979,3.0,3.0,3.1622776601683795,4.123105625617661,4.123105625617661,4.47213595499958,4.47213595499958,4.47213595499958,5.830951894845301,7.211102550927978,8.06225774829855,8.94427190999916,8.94427190999916,8.94427190999916,8.94427190999916,9.848857801796104,10.770329614269007,10.770329614269007,11.704699910719626,12.649110640673518,13.601470508735444,14.560219778561036,15.524174696260024,15.524174696260024
1784880292.156137,-82,0.0,16.76305461424021,16.492422502470642,15.524174696260024,15.811388300841896,15.811388300841896,14.866068747318506,15.231546211727817,15.652475842498529,14.7648230602334,14.7648230602334,15.264337522473747,14.422205101855956,15.0,14.422205101855956,13.601470508735444,14.422205101855956,14.422205101855956,14.422205101855956,13.892443989449804,13.416407864998739,13.416407864998739,13.0,12.649110640673518,12.649110640673518,12.165525060596439,11.045361017187261,0.0,0.0,0.0,0.0,0.0,0.0,0.0,0.0,0.0,0.0,0.0,1.4142135623730951,2.8284271247461903,2.8284271247461903,3.1622776601683795,3.1622776601683795,4.123105625617661,5.0990195135927845,5.0,5.0,6.082762530298219,6.0,6.0,7.0,8.0,8.06225774829855,9.055385138137417,9.0,10.0,11.0,11.0,12.041594578792296,13.038404810405298,13.038404810405298,13.038404810405298,15.297058540778355,16.278820596099706
1784880292.1567612,-57,0.0,25.45584412271571,24.08318915758459,23.600847442411894,21.095023109728988,19.235384061671343,16.55294535724685,14.317821063276353,11.180339887498949,8.602325267042627,7.810249675906654,7.615773105863909,8.06225774829855,10.0,11.0,12.0,14.035668847618199,14.035668847618199,14.035668847618199,13.152946437965905,12.165525060596439,11.180339887498949,9.055385138137417,8.06225774829855,6.0,5.0990195135927845,3.605551275463989,0.0,0.0,0.0,0.0,0.0,0.0,0.0,0.0,0.0,0.0,0.0,8.06225774829855,7.0,6.082762530298219,5.830951894845301,5.0,5.385164807134504,6.0,8.06225774829855,10.04987562112089,12.165525060596439,14.142135623730951,15.132745950421556,16.0312195418814,16.0312195418814,16.0,15.033296378372908,14.142135623730951,13.038404810405298,11.045361017187261,9.055385138137417,9.486832980505138,10.0,12.041594578792296,15.620499351813308,17.804493814764857,20.615528128088304
1784880292.211343,-57,0.0,24.020824298928627,20.09975124224178,16.0312195418814,14.0,10.04987562112089,8.94427190999916,8.48528137423857,10.816653826391969,12.529964086141668,13.892443989449804,15.264337522473747,15.811388300841896,16.401219466856727,16.278820596099706,16.278820596099706,14.866068747318506,13.45362404707371,11.40175425099138,9.219544457292887,7.0710678118654755,5.830951894845301,5.0990195135927845,5.385164807134504,6.4031242374328485,7.810249675906654,8.602325267042627,0.0,0.0,0.0,0.0,0.0,0.0,0.0,0.0,0.0,0.0,0.0,5.385164807134504,5.0,5.830951894845301,7.0710678118654755,8.48528137423857,10.0,10.816653826391969,12.206555615733702,13.601470508735444,14.422205101855956,15.0,13.601470508735444,12.806248474865697,11.40175425099138,10.0,8.94427190999916,8.06225774829855,9.055385138137417,10.44030650891055,13.0,16.55294535724685,19.313207915827967,22.135943621178654,23.769728648009426,26.476404589747453,27.16615541441225
1784880292.31983,-57,0.0,24.020824298928627,19.1049731745428,16.1245154965971,13.038404810405298,10.04987562112089,8.94427190999916,8.48528137423857,10.816653826391969,12.529964086141668,13.892443989449804,16.1245154965971,15.811388300841896,16.401219466856727,17.029386365926403,16.278820596099706,14.866068747318506,13.45362404707371,12.041594578792296,9.899494936611665,7.211102550927978,5.830951894845301,5.0990195135927845,5.385164807134504,6.4031242374328485,7.810249675906654,8.94427190999916,0.0,0.0,0.0,0.0,0.0,0.0,0.0,0.0,0.0,0.0,0.0,4.47213595499958,5.0,6.324555320336759,7.211102550927978,9.219544457292887,9.899494936611665,12.041594578792296,12.727922061357855,14.866068747318506,14.866068747318506,14.866068747318506,14.142135623730951,13.45362404707371,11.313708498984761,9.899494936611665,8.06225774829855,8.246211251235321,8.0,10.44030650891055,13.601470508735444,17.08800749063506,19.924858845171276,22.80350850198276,24.515301344262525,26.1725046566048,27.0
1784880292.401678,-82,0.0,19.235384061671343,19.1049731745428,18.110770276274835,17.11724276862369,16.1245154965971,17.029386365926403,17.0,16.0,15.0,15.033296378372908,15.132745950421556,16.0312195418814,15.033296378372908,15.033296378372908,14.142135623730951,14.142135623730951,15.132745950421556,15.132745950421556,15.132745950421556,15.033296378372908,14.035668847618199,13.0,14.035668847618199,14.142135623730951,13.601470508735444,13.0,0.0,0.0,0.0,0.0,0.0,0.0,0.0,0.0,0.0,0.0,0.0,2.23606797749979,2.23606797749979,2.0,2.23606797749979,3.1622776601683795,4.123105625617661,4.123105625617661,4.47213595499958,5.830951894845301,5.830951894845301,5.830951894845301,6.708203932499369,7.211102550927978,7.211102550927978,8.602325267042627,9.433981132056603,9.848857801796104,10.770329614269007,11.180339887498949,12.083045973594572,12.649110640673518,13.341664064126334,13.601470508735444,15.524174696260024,16.492422502470642,17.72004514666935
1784880292.429526,-57,0.0,17.029386365926403,16.0312195418814,19.0,20.09975124224178,20.223748416156685,20.396078054371138,18.681541692269406,17.08800749063506,15.231546211727817,13.416407864998739,11.180339887498949,8.54400374531753,6.324555320336759,5.0990195135927845,5.830951894845301,7.0710678118654755,7.810249675906654,10.0,10.816653826391969,10.816653826391969,11.661903789690601,11.661903789690601,11.661903789690601,10.295630140987,9.848857801796104,8.54400374531753,0.0,0.0,0.0,0.0,0.0,0.0,0.0,0.0,0.0,0.0,0.0,10.770329614269007,11.180339887498949,10.816653826391969,10.816653826391969,9.219544457292887,8.48528137423857,6.4031242374328485,5.830951894845301,5.0990195135927845,6.082762530298219,7.211102550927978,8.602325267042627,10.63014581273465,12.727922061357855,14.212670403551895,16.401219466856727,16.64331697709324,17.4928556845359,17.88854381999832,17.08800749063506,15.811388300841896,13.601470508735444,12.083045973594572,10.816653826391969,9.899494936611665,10.295630140987
1784880292.53726,-57,0.0,13.416407864998739,10.198039027185569,11.045361017187261,12.36931687685298,13.92838827718412,16.55294535724685,18.384776310850235,18.973665961010276,18.681541692269406,19.4164878389476,18.24828759089466,17.029386365926403,15.0,13.0,11.0,9.055385138137417,7.280109889280518,5.830951894845301,5.830951894845301,6.324555320336759,8.06225774829855,9.0,10.04987562112089,11.045361017187261,11.180339887498949,11.40175425099138,0.0,0.0,0.0,0.0,0.0,0.0,0.0,0.0,0.0,0.0,0.0,8.06225774829855,9.486832980505138,10.44030650891055,11.180339887498949,12.165525060596439,12.165525060596439,12.041594578792296,12.041594578792296,11.045361017187261,10.0,9.055385138137417,7.280109889280518,7.211102550927978,7.810249675906654,8.94427190999916,11.704699910719626,13.601470508735444,16.15549442140351,18.384776310850235,20.12461179749811,21.95449840010015,23.021728866442675,22.80350850198276,22.02271554554524,20.518284528683193,18.384776310850235
1784880292.6501918,-57,0.0,14.035668847618199,10.198039027185569,10.295630140987,12.041594578792296,13.45362404707371,16.401219466856727,17.804493814764857,18.439088914585774,18.384776310850235,19.209372712298546,18.027756377319946,16.64331697709324,14.7648230602334,13.416407864998739,11.180339887498949,8.06225774829855,6.4031242374328485,5.0,5.0990195135927845,5.0990195135927845,6.708203932499369,8.06225774829855,8.602325267042627,10.0,10.63014581273465,10.63014581273465,0.0,0.0,0.0,0.0,0.0,0.0,0.0,0.0,0.0,0.0,0.0,9.055385138137417,10.198039027185569,11.704699910719626,12.649110640673518,13.0,13.416407864998739,13.0,13.416407864998739,11.661903789690601,11.661903789690601,10.0,8.48528137423857,8.06225774829855,8.246211251235321,10.0,12.165525060596439,14.142135623730951,17.26267650163207,19.1049731745428,21.02379604162864,22.02271554554524,23.08679276123039,23.194827009486403,22.561028345356956,21.587033144922902,19.6468827043885
1784880292.704236,-82,0.0,17.88854381999832,17.46424919657298,17.46424919657298,16.55294535724685,17.08800749063506,17.08800749063506,16.76305461424021,16.76305461424021,16.76305461424021,16.492422502470642,16.278820596099706,16.1245154965971,15.132745950421556,15.132745950421556,15.132745950421556,14.142135623730951,14.142135623730951,14.142135623730951,15.297058540778355,14.560219778561036,13.601470508735444,13.92838827718412,14.7648230602334,15.264337522473747,15.0,13.45362404707371,0.0,0.0,0.0,0.0,0.0,0.0,0.0,0.0,0.0,0.0,0.0,4.123105625617661,4.0,3.0,3.1622776601683795,4.123105625617661,4.123105625617661,4.47213595499958,5.830951894845301,5.830951894845301,6.4031242374328485,7.211102550927978,7.810249675906654,8.602325267042627,8.48528137423857,8.48528137423857,9.219544457292887,9.219544457292887,10.0,10.816653826391969,11.661903789690601,13.038404810405298,13.601470508735444,14.422205101855956,14.422205101855956,16.1245154965971,17.4928556845359
1784880292.7624478,-57,0.0,25.079872407968907,20.8806130178211,17.72004514666935,13.92838827718412,11.180339887498949,9.219544457292887,8.602325267042627,10.44030650891055,11.180339887498949,13.341664064126334,15.297058540778355,15.524174696260024,16.76305461424021,16.15549442140351,15.652475842498529,14.7648230602334,13.892443989449804,10.816653826391969,9.433981132056603,6.708203932499369,5.0990195135927845,4.123105625617661,3.605551275463989,4.47213595499958,6.324555320336759,7.0710678118654755,0.0,0.0,0.0,0.0,0.0,0.0,0.0,0.0,0.0,0.0,0.0,6.324555320336759,6.4031242374328485,7.211102550927978,8.94427190999916,10.44030650891055,11.40175425099138,12.36931687685298,14.317821063276353,15.297058540778355,15.297058540778355,15.524174696260024,15.524174696260024,14.560219778561036,13.341664064126334,11.180339887498949,10.04987562112089,9.055385138137417,9.848857801796104,11.40175425099138,13.45362404707371,16.97056274847714,19.849433241279208,22.02271554554524,24.413111231467404,26.92582403567252,28.178005607210743
1784880292.898164,-57,0.0,25.298221281347036,21.587033144922902,17.46424919657298,14.560219778561036,12.083045973594572,10.0,10.0,10.770329614269007,12.649110640673518,14.560219778561036,15.811388300841896,17.08800749063506,17.46424919657298,17.0,16.64331697709324,15.811388300841896,14.422205101855956,12.206555615733702,10.0,8.06225774829855,6.324555320336759,5.0,5.385164807134504,5.656854249492381,6.708203932499369,7.615773105863909,0.0,0.0,0.0,0.0,0.0,0.0,0.0,0.0,0.0,0.0,0.0,5.0990195135927845,5.830951894845301,6.4031242374328485,8.06225774829855,9.486832980505138,11.40175425099138,12.36931687685298,13.341664064126334,14.560219778561036,15.524174696260024,15.811388300841896,14.866068747318506,13.92838827718412,12.649110640673518,11.40175425099138,10.04987562112089,9.055385138137417,9.486832980505138,11.661903789690601,14.212670403551895,17.804493814764857,20.0,23.021728866442675,25.553864678361276,26.832815729997478,27.85677655436824
1784880292.9261749,-83,0.0,15.132745950421556,16.0312195418814,16.1245154965971,15.132745950421556,15.297058540778355,15.524174696260024,16.492422502470642,15.524174696260024,15.811388300841896,15.231546211727817,15.231546211727817,15.231546211727817,15.231546211727817,14.7648230602334,14.7648230602334,14.317821063276353,13.416407864998739,13.416407864998739,13.92838827718412,13.92838827718412,13.92838827718412,14.560219778561036,14.317821063276353,14.142135623730951,14.0,15.132745950421556,0.0,0.0,0.0,0.0,0.0,0.0,0.0,0.0,0.0,0.0,0.0,2.0,2.23606797749979,2.23606797749979,2.0,2.0,3.0,4.0,5.0,4.0,4.123105625617661,5.0990195135927845,6.324555320336759,7.280109889280518,8.54400374531753,8.246211251235321,8.246211251235321,9.055385138137417,10.04987562112089,11.045361017187261,12.041594578792296,13.038404810405298,14.035668847618199,14.035668847618199,15.0,16.0,17.0
1784880293.008273,-57,0.0,25.079872407968907,25.079872407968907,24.020824298928627,22.090722034374522,19.235384061671343,16.492422502470642,14.317821063276353,11.180339887498949,9.055385138137417,7.280109889280518,8.06225774829855,9.219544457292887,10.63014581273465,12.041594578792296,13.45362404707371,14.142135623730951,14.142135623730951,14.142135623730951,13.45362404707371,12.041594578792296,11.40175425099138,9.899494936611665,8.48528137423857,6.4031242374328485,5.385164807134504,4.0,0.0,0.0,0.0,0.0,0.0,0.0,0.0,0.0,0.0,0.0,0.0,8.48528137423857,7.211102550927978,5.830951894845301,5.0990195135927845,5.0990195135927845,5.0,6.4031242374328485,8.06225774829855,9.848857801796104,12.083045973594572,14.317821063276353,14.7648230602334,15.264337522473747,15.811388300841896,16.401219466856727,15.620499351813308,14.866068747318506,12.727922061357855,11.40175425099138,9.433981132056603,9.486832980505138,10.0,12.165525060596439,15.297058540778355,18.439088914585774,21.587033144922902
1784880293.0090702,-83,0.0,18.24828759089466,17.26267650163207,16.278820596099706,16.278820596099706,16.278820596099706,16.1245154965971,15.0,15.0,15.0,15.0,15.033296378372908,15.132745950421556,14.142135623730951,14.142135623730951,14.317821063276353,13.341664064126334,13.152946437965905,14.035668847618199,13.038404810405298,14.035668847618199,14.0,15.033296378372908,14.142135623730951,13.601470508735444,13.92838827718412,14.317821063276353,0.0,0.0,0.0,0.0,0.0,0.0,0.0,0.0,0.0,0.0,0.0,2.23606797749979,2.23606797749979,2.23606797749979,3.0,3.1622776601683795,3.1622776601683795,4.123105625617661,5.385164807134504,5.830951894845301,5.0,5.830951894845301,6.708203932499369,7.615773105863909,8.06225774829855,8.06225774829855,8.06225774829855,8.94427190999916,9.848857801796104,10.770329614269007,11.704699910719626,11.704699910719626,12.649110640673518,13.341664064126334,13.601470508735444,15.811388300841896,16.492422502470642
1784880293.117646,-57,0.0,24.331050121192877,23.194827009486403,22.02271554554524,21.02379604162864,18.110770276274835,15.297058540778355,13.152946437965905,10.198039027185569,8.0,6.324555320336759,6.4031242374328485,7.810249675906654,9.433981132056603,10.816653826391969,12.206555615733702,13.601470508735444,12.806248474865697,13.45362404707371,12.041594578792296,11.313708498984761,10.63014581273465,9.219544457292887,7.810249675906654,5.830951894845301,5.0990195135927845,4.123105625617661,0.0,0.0,0.0,0.0,0.0,0.0,0.0,0.0,0.0,0.0,0.0,8.48528137423857,7.810249675906654,6.708203932499369,5.0990195135927845,4.0,4.47213595499958,5.656854249492381,7.211102550927978,8.94427190999916,10.770329614269007,13.0,14.317821063276353,14.7648230602334,15.264337522473747,15.0,14.212670403551895,13.45362404707371,12.041594578792296,10.63014581273465,8.602325267042627,8.246211251235321,8.0,11.180339887498949,13.601470508735444,16.76305461424021,19.6468827043885
1784880293.118331,-82,0.0,17.804493814764857,18.601075237738275,17.804493814764857,17.029386365926403,17.69180601295413,16.97056274847714,16.97056274847714,16.278820596099706,17.029386365926403,16.401219466856727,16.401219466856727,15.811388300841896,15.811388300841896,15.811388300841896,15.264337522473747,15.811388300841896,15.811388300841896,16.401219466856727,15.811388300841896,14.212670403551895,14.142135623730951,14.866068747318506,15.620499351813308,15.0,14.422205101855956,14.7648230602334,0.0,0.0,0.0,0.0,0.0,0.0,0.0,0.0,0.0,0.0,0.0,2.8284271247461903,4.242640687119285,4.242640687119285,5.0,5.0,5.0,5.830951894845301,5.830951894845301,6.324555320336759,7.615773105863909,7.615773105863909,7.615773105863909,8.54400374531753,8.54400374531753,8.54400374531753,9.848857801796104,10.770329614269007,10.770329614269007,12.083045973594572,13.416407864998739,13.892443989449804,13.892443989449804,15.264337522473747,16.1245154965971,16.64331697709324,16.64331697709324
1784880293.173126,-82,0.0,16.492422502470642,16.492422502470642,16.76305461424021,16.76305461424021,17.08800749063506,17.46424919657298,16.55294535724685,15.652475842498529,14.7648230602334,14.7648230602334,15.811388300841896,15.811388300841896,15.811388300841896,14.422205101855956,14.422205101855956,14.422205101855956,13.601470508735444,14.422205101855956,13.892443989449804,13.892443989449804,14.317821063276353,14.866068747318506,14.866068747318506,14.317821063276353,14.142135623730951,14.035668847618199,0.0,0.0,0.0,0.0,0.0,0.0,0.0,0.0,0.0,0.0,0.0,2.23606797749979,3.0,4.0,4.123105625617661,5.0,6.0,6.082762530298219,6.082762530298219,6.0,7.0710678118654755,7.0710678118654755,7.0710678118654755,8.06225774829855,9.0,9.0,10.0,11.0,11.0,11.045361017187261,13.152946437965905,14.142135623730951,14.142135623730951,14.142135623730951,15.297058540778355,16.492422502470642,17.46424919657298
1784880293.174921,-82,0.0,18.384776310850235,18.027756377319946,17.08800749063506,16.15549442140351,15.652475842498529,15.652475842498529,15.652475842498529,15.264337522473747,15.0,14.212670403551895,13.45362404707371,14.212670403551895,13.601470508735444,13.45362404707371,13.45362404707371,13.45362404707371,13.45362404707371,14.142135623730951,14.142135623730951,13.45362404707371,13.601470508735444,13.892443989449804,13.416407864998739,12.083045973594572,12.649110640673518,13.152946437965905,0.0,0.0,0.0,0.0,0.0,0.0,0.0,0.0,0.0,0.0,0.0,1.4142135623730951,1.4142135623730951,2.23606797749979,3.1622776601683795,3.0,3.0,4.0,5.0,4.0,4.0,6.082762530298219,6.082762530298219,6.0,7.0,8.06225774829855,8.06225774829855,9.055385138137417,10.04987562112089,11.0,12.165525060596439,12.041594578792296,13.038404810405298,13.152946437965905,14.142135623730951,15.297058540778355,16.492422502470642
1784880293.202351,-57,0.0,14.035668847618199,9.055385138137417,10.295630140987,12.206555615733702,13.45362404707371,16.278820596099706,17.69180601295413,18.439088914585774,18.601075237738275,18.867962264113206,17.88854381999832,16.15549442140351,14.866068747318506,12.649110640673518,10.44030650891055,8.94427190999916,7.211102550927978,5.830951894845301,6.082762530298219,6.082762530298219,8.246211251235321,9.486832980505138,10.770329614269007,11.180339887498949,11.661903789690601,12.206555615733702,0.0,0.0,0.0,0.0,0.0,0.0,0.0,0.0,0.0,0.0,0.0,8.06225774829855,9.0,10.04987562112089,11.180339887498949,11.180339887498949,11.40175425099138,11.40175425099138,11.40175425099138,10.44030650891055,9.486832980505138,8.94427190999916,7.211102550927978,6.4031242374328485,7.280109889280518,9.055385138137417,11.0,14.035668847618199,16.0312195418814,18.0,20.09975124224178,21.37755832643195,21.587033144922902,22.135943621178654,21.540659228538015,20.615528128088304,18.788294228055936
1784880293.310427,-83,0.0,17.204650534085253,17.204650534085253,17.029386365926403,16.401219466856727,16.278820596099706,15.556349186104045,15.556349186104045,14.866068747318506,14.866068747318506,14.866068747318506,15.0,14.422205101855956,14.422205101855956,15.264337522473747,14.422205101855956,13.892443989449804,13.892443989449804,14.422205101855956,15.0,14.212670403551895,14.866068747318506,14.142135623730951,13.45362404707371,13.45362404707371,14.212670403551895,13.892443989449804,0.0,0.0,0.0,0.0,0.0,0.0,0.0,0.0,0.0,0.0,0.0,2.8284271247461903,3.605551275463989,3.605551275463989,3.1622776601683795,4.123105625617661,6.082762530298219,6.082762530298219,5.0990195135927845,5.0990195135927845,5.0990195135927845,6.324555320336759,6.324555320336759,7.280109889280518,8.246211251235321,8.54400374531753,9.486832980505138,10.44030650891055,11.40175425099138,11.704699910719626,11.704699910719626,13.0,13.0,13.892443989449804,15.811388300841896,15.811388300841896,16.1245154965971
1784880293.337732,-57,0.0,13.416407864998739,17.0,19.235384061671343,20.12461179749811,20.615528128088304,19.924858845171276,19.6468827043885,17.26267650163207,16.0312195418814,13.038404810405298,11.0,9.055385138137417,7.0710678118654755,5.830951894845301,5.656854249492381,6.324555320336759,7.280109889280518,8.06225774829855,9.055385138137417,9.055385138137417,10.04987562112089,10.04987562112089,10.0,9.0,8.0,7.0710678118654755,0.0,0.0,0.0,0.0,0.0,0.0,0.0,0.0,0.0,0.0,0.0,10.295630140987,10.770329614269007,10.44030650891055,9.486832980505138,9.219544457292887,8.06225774829855,7.0,6.082762530298219,5.830951894845301,6.4031242374328485,8.06225774829855,9.486832980505138,11.40175425099138,13.601470508735444,14.866068747318506,16.15549442140351,17.46424919657298,17.88854381999832,17.4928556845359,17.204650534085253,16.401219466856727,15.0,12.206555615733702,11.180339887498949,9.219544457292887,10.198039027185569
1784880293.419955,-83,0.0,18.027756377319946,18.027756377319946,18.027756377319946,18.027756377319946,17.08800749063506,16.15549442140351,16.55294535724685,16.55294535724685,16.64331697709324,15.811388300841896,15.811388300841896,16.64331697709324,16.1245154965971,15.264337522473747,14.422205101855956,15.0,15.0,15.811388300841896,15.264337522473747,16.1245154965971,15.652475842498529,15.231546211727817,14.560219778561036,14.560219778561036,15.297058540778355,14.317821063276353,0.0,0.0,0.0,0.0,0.0,0.0,0.0,0.0,0.0,0.0,0.0,3.1622776601683795,3.605551275463989,3.605551275463989,4.47213595499958,4.47213595499958,4.47213595499958,4.123105625617661,5.385164807134504,6.324555320336759,7.0710678118654755,7.0,7.0,8.0,8.0,10.0,10.04987562112089,10.04987562112089,11.045361017187261,12.041594578792296,13.152946437965905,13.152946437965905,14.142135623730951,15.297058540778355,15.297058540778355,15.524174696260024,16.492422502470642
1784880293.52786,-82,0.0,17.26267650163207,17.11724276862369,17.11724276862369,17.26267650163207,17.26267650163207,16.76305461424021,16.76305461424021,15.811388300841896,14.866068747318506,14.866068747318506,15.231546211727817,15.652475842498529,15.652475842498529,15.652475842498529,15.652475842498529,15.652475842498529,15.231546211727817,15.231546211727817,15.231546211727817,14.866068747318506,14.866068747318506,14.560219778561036,14.317821063276353,13.152946437965905,13.152946437965905,14.0,0.0,0.0,0.0,0.0,0.0,0.0,0.0,0.0,0.0,0.0,0.0,2.8284271247461903,3.605551275463989,4.123105625617661,4.0,4.0,5.0990195135927845,5.0,5.0,6.0,6.0,7.0710678118654755,7.0710678118654755,8.0,8.0,8.06225774829855,9.0,10.0,11.0,12.0,13.0,14.0,14.035668847618199,14.035668847618199,15.033296378372908,16.1245154965971,17.029386365926403
1784880293.5553842,-57,0.0,12.36931687685298,9.486832980505138,10.0,11.40175425099138,13.038404810405298,15.264337522473747,16.1245154965971,18.027756377319946,17.804493814764857,18.439088914585774,17.69180601295413,15.620499351813308,13.601470508735444,12.206555615733702,10.816653826391969,8.602325267042627,6.4031242374328485,4.47213595499958,4.0,4.47213595499958,6.4031242374328485,7.0710678118654755,9.219544457292887,10.0,10.0,10.295630140987,0.0,0.0,0.0,0.0,0.0,0.0,0.0,0.0,0.0,0.0,0.0,9.219544457292887,10.44030650891055,10.770329614269007,12.083045973594572,12.529964086141668,12.529964086141668,12.529964086141668,12.206555615733702,12.206555615733702,11.40175425099138,9.899494936611665,8.602325267042627,7.615773105863909,8.06225774829855,9.055385138137417,11.40175425099138,13.601470508735444,16.492422502470642,18.439088914585774,20.223748416156685,22.090722034374522,22.0,22.0,21.095023109728988,20.09975124224178,18.110770276274835
1784880293.6633449,-82,0.0,17.46424919657298,16.15549442140351,16.15549442140351,16.15549442140351,16.55294535724685,16.55294535724685,16.1245154965971,16.1245154965971,15.811388300841896,15.0,15.0,14.212670403551895,13.45362404707371,14.212670403551895,14.866068747318506,14.866068747318506,13.45362404707371,13.45362404707371,13.601470508735444,13.601470508735444,13.892443989449804,13.892443989449804,13.416407864998739,13.601470508735444,13.341664064126334,14.317821063276353,0.0,0.0,0.0,0.0,0.0,0.0,0.0,0.0,0.0,0.0,0.0,2.8284271247461903,3.1622776601683795,3.1622776601683795,4.123105625617661,5.0990195135927845,5.0990195135927845,6.082762530298219,5.0,5.0,6.0,6.0,7.0,8.0,9.0,10.0,10.04987562112089,11.045361017187261,10.04987562112089,11.180339887498949,12.165525060596439,12.165525060596439,14.317821063276353,15.297058540778355,15.524174696260024,16.76305461424021,16.76305461424021
1784880293.665169,-57,0.0,12.165525060596439,9.055385138137417,9.848857801796104,11.40175425099138,13.45362404707371,16.278820596099706,17.69180601295413,17.804493814764857,18.601075237738275,18.867962264113206,17.0,15.231546211727817,13.92838827718412,11.704699910719626,10.770329614269007,7.615773105863909,6.4031242374328485,5.830951894845301,5.0990195135927845,6.082762530298219,7.615773105863909,8.94427190999916,10.295630140987,10.816653826391969,12.206555615733702,12.041594578792296,0.0,0.0,0.0,0.0,0.0,0.0,0.0,0.0,0.0,0.0,0.0,8.54400374531753,9.219544457292887,10.04987562112089,11.045361017187261,12.0,12.0,12.0,12.0,11.045361017187261,10.04987562112089,8.246211251235321,6.708203932499369,6.4031242374328485,6.708203932499369,8.246211251235321,11.045361017187261,13.038404810405298,16.0312195418814,18.110770276274835,19.4164878389476,20.8806130178211,22.47220505424423,21.93171219946131,21.02379604162864,20.591260281974,18.35755975068582
1784880293.7723572,-82,0.0,19.0,19.026297590440446,18.027756377319946,18.027756377319946,17.0,16.0,16.0312195418814,16.0312195418814,16.1245154965971,16.278820596099706,16.278820596099706,15.297058540778355,15.297058540778355,15.297058540778355,14.560219778561036,14.560219778561036,14.560219778561036,14.560219778561036,14.560219778561036,15.524174696260024,15.132745950421556,15.033296378372908,14.035668847618199,15.0,15.033296378372908,14.317821063276353,0.0,0.0,0.0,0.0,0.0,0.0,0.0,0.0,0.0,0.0,0.0,3.1622776601683795,3.1622776601683795,3.0,3.0,4.0,5.0,5.0,5.0990195135927845,6.324555320336759,6.324555320336759,6.324555320336759,7.615773105863909,8.54400374531753,8.54400374531753,8.54400374531753,8.54400374531753,10.770329614269007,11.704699910719626,12.649110640673518,13.341664064126334,13.341664064126334,14.317821063276353,14.317821063276353,15.132745950421556,16.1245154965971,17.26267650163207
1784880293.8005838,-57,0.0,16.15549442140351,16.1245154965971,17.88854381999832,19.313207915827967,19.924858845171276,19.6468827043885,18.24828759089466,17.11724276862369,15.033296378372908,13.0,11.0,8.0,6.082762530298219,5.830951894845301,5.830951894845301,6.324555320336759,8.246211251235321,9.219544457292887,10.198039027185569,11.045361017187261,11.045361017187261,11.045361017187261,11.045361017187261,11.045361017187261,10.0,9.055385138137417,0.0,0.0,0.0,0.0,0.0,0.0,0.0,0.0,0.0,0.0,0.0,10.63014581273465,10.816653826391969,10.295630140987,10.295630140987,8.94427190999916,7.615773105863909,6.324555320336759,6.0,5.385164807134504,5.656854249492381,7.211102550927978,8.54400374531753,10.770329614269007,12.649110640673518,13.92838827718412,15.231546211727817,16.1245154965971,16.64331697709324,16.401219466856727,16.278820596099706,14.866068747318506,13.45362404707371,12.041594578792296,9.433981132056603,9.219544457292887,10.0
1784880293.9098969,-57,0.0,25.317977802344327,21.095023109728988,18.027756377319946,14.142135623730951,11.40175425099138,9.433981132056603,9.219544457292887,10.295630140987,11.704699910719626,13.92838827718412,15.231546211727817,16.55294535724685,17.0,16.64331697709324,16.401219466856727,15.620499351813308,13.45362404707371,11.313708498984761,9.899494936611665,7.211102550927978,5.385164807134504,4.123105625617661,4.47213595499958,5.0,6.324555320336759,7.280109889280518,0.0,0.0,0.0,0.0,0.0,0.0,0.0,0.0,0.0,0.0,0.0,6.0,6.324555320336759,7.810249675906654,9.219544457292887,9.433981132056603,11.661903789690601,13.416407864998739,14.317821063276353,15.652475842498529,15.652475842498529,16.1245154965971,16.1245154965971,13.892443989449804,13.038404810405298,11.180339887498949,9.486832980505138,9.055385138137417,9.219544457292887,10.770329614269007,13.892443989449804,17.4928556845359,20.591260281974,22.360679774997898,25.079872407968907,26.570660511172846,27.892651361962706
1784880294.018042,-57,0.0,24.020824298928627,20.024984394500787,17.029386365926403,14.0,11.180339887498949,8.94427190999916,9.219544457292887,10.0,11.661903789690601,13.892443989449804,15.264337522473747,15.811388300841896,16.401219466856727,16.278820596099706,16.278820596099706,14.866068747318506,12.806248474865697,11.40175425099138,9.219544457292887,7.0710678118654755,5.830951894845301,5.0990195135927845,5.0990195135927845,5.830951894845301,7.810249675906654,8.602325267042627,0.0,0.0,0.0,0.0,0.0,0.0,0.0,0.0,0.0,0.0,0.0,5.0990195135927845,5.0990195135927845,5.830951894845301,7.0710678118654755,8.602325267042627,10.295630140987,11.180339887498949,12.529964086141668,13.416407864998739,13.892443989449804,15.264337522473747,13.892443989449804,13.038404810405298,11.661903789690601,10.295630140987,8.54400374531753,8.06225774829855,8.06225774829855,10.770329614269007,13.416407864998739,16.55294535724685,18.788294228055936,21.540659228538015,24.041630560342615,26.68332812825267,27.294688127912362
1784880294.234133,-57,0.0,12.083045973594572,10.0,9.433981132056603,11.704699910719626,13.341664064126334,15.297058540778355,16.492422502470642,17.72004514666935,18.027756377319946,17.88854381999832,17.0,15.811388300841896,14.212670403551895,12.041594578792296,10.0,8.06225774829855,5.385164807134504,5.0,5.385164807134504,5.656854249492381,7.211102550927978,8.602325267042627,10.295630140987,10.295630140987,11.180339887498949,11.704699910719626,0.0,0.0,0.0,0.0,0.0,0.0,0.0,0.0,0.0,0.0,0.0,8.94427190999916,10.0,10.63014581273465,11.313708498984761,12.041594578792296,12.041594578792296,12.041594578792296,12.041594578792296,11.40175425099138,10.0,9.433981132056603,7.615773105863909,7.0710678118654755,7.280109889280518,8.94427190999916,10.816653826391969,13.601470508735444,15.811388300841896,18.027756377319946,19.235384061671343,21.02379604162864,22.47220505424423,21.840329667841555,21.587033144922902,20.396078054371138,18.24828759089466
1784880294.26176,-57,0.0,13.92838827718412,10.295630140987,9.899494936611665,11.661903789690601,13.416407864998739,15.811388300841896,17.08800749063506,18.788294228055936,18.35755975068582,18.867962264113206,17.804493814764857,16.278820596099706,14.866068747318506,12.041594578792296,10.63014581273465,8.48528137423857,6.4031242374328485,5.0990195135927845,5.0990195135927845,5.830951894845301,6.4031242374328485,7.810249675906654,10.0,9.433981132056603,10.295630140987,11.180339887498949,0.0,0.0,0.0,0.0,0.0,0.0,0.0,0.0,0.0,0.0,0.0,8.94427190999916,10.816653826391969,11.40175425099138,12.041594578792296,13.45362404707371,13.45362404707371,12.727922061357855,12.727922061357855,12.041594578792296,10.63014581273465,10.0,8.94427190999916,8.246211251235321,8.06225774829855,9.486832980505138,12.083045973594572,14.317821063276353,16.55294535724685,18.788294228055936,20.248456731316587,21.840329667841555,22.561028345356956,23.345235059857504,22.090722034374522,21.095023109728988,20.024984394500787
1784880294.343488,-57,0.0,15.0,16.401219466856727,18.601075237738275,19.4164878389476,19.72308292331602,20.12461179749811,18.384776310850235,17.72004514666935,15.524174696260024,13.341664064126334,11.180339887498949,9.219544457292887,7.280109889280518,5.830951894845301,5.830951894845301,6.324555320336759,7.0710678118654755,8.06225774829855,9.0,10.0,10.0,10.0,10.04987562112089,9.055385138137417,9.055385138137417,7.280109889280518,0.0,0.0,0.0,0.0,0.0,0.0,0.0,0.0,0.0,0.0,0.0,11.180339887498949,11.045361017187261,10.04987562112089,10.0,9.0,9.055385138137417,7.280109889280518,6.708203932499369,6.4031242374328485,7.211102550927978,7.280109889280518,9.055385138137417,11.045361017187261,13.038404810405298,15.132745950421556,16.278820596099706,17.46424919657298,17.72004514666935,18.027756377319946,17.46424919657298,16.55294535724685,14.317821063276353,13.0,11.40175425099138,10.0,10.44030650891055
1784880294.478434,-57,0.0,26.570660511172846,24.698178070456937,24.596747752497688,21.95449840010015,19.4164878389476,17.029386365926403,14.212670403551895,11.40175425099138,8.94427190999916,7.280109889280518,7.0,8.246211251235321,9.848857801796104,11.180339887498949,12.083045973594572,13.92838827718412,13.92838827718412,13.601470508735444,12.649110640673518,11.40175425099138,10.44030650891055,9.486832980505138,7.280109889280518,5.830951894845301,5.0,3.605551275463989,0.0,0.0,0.0,0.0,0.0,0.0,0.0,0.0,0.0,0.0,0.0,8.94427190999916,8.06225774829855,7.0710678118654755,5.830951894845301,5.0990195135927845,6.082762530298219,6.708203932499369,8.06225774829855,10.816653826391969,12.806248474865697,14.212670403551895,15.811388300841896,16.64331697709324,17.0,16.55294535724685,16.15549442140351,14.866068747318506,13.0,12.083045973594572,10.295630140987,9.219544457292887,10.295630140987,11.704699910719626,15.297058540778355,18.439088914585774,21.587033144922902
1784880294.58702,-57,0.0,25.179356624028344,24.331050121192877,23.53720459187964,22.135943621178654,19.313207915827967,17.0,14.317821063276353,11.180339887498949,8.54400374531753,7.0710678118654755,6.324555320336759,8.06225774829855,8.602325267042627,10.63014581273465,12.041594578792296,12.806248474865697,13.601470508735444,13.601470508735444,12.206555615733702,10.816653826391969,10.816653826391969,9.433981132056603,8.602325267042627,6.4031242374328485,5.0,3.1622776601683795,0.0,0.0,0.0,0.0,0.0,0.0,0.0,0.0,0.0,0.0,0.0,9.433981132056603,7.810249675906654,7.0710678118654755,5.830951894845301,5.0990195135927845,6.082762530298219,6.708203932499369,8.602325267042627,10.63014581273465,12.727922061357855,14.142135623730951,15.556349186104045,16.278820596099706,16.401219466856727,16.64331697709324,16.1245154965971,14.7648230602334,13.892443989449804,11.661903789690601,10.0,8.602325267042627,9.486832980505138,11.180339887498949,14.0,18.0,20.0
1784880294.695308,-57,0.0,12.529964086141668,9.433981132056603,9.219544457292887,11.180339887498949,12.649110640673518,14.560219778561036,15.811388300841896,17.08800749063506,17.46424919657298,17.4928556845359,16.64331697709324,15.0,13.45362404707371,11.313708498984761,9.899494936611665,8.48528137423857,5.830951894845301,4.123105625617661,4.123105625617661,5.0,5.656854249492381,7.211102550927978,8.602325267042627,9.433981132056603,10.295630140987,9.848857801796104,0.0,0.0,0.0,0.0,0.0,0.0,0.0,0.0,0.0,0.0,0.0,8.602325267042627,10.0,11.313708498984761,11.313708498984761,12.041594578792296,12.806248474865697,12.041594578792296,12.041594578792296,11.40175425099138,10.816653826391969,9.433981132056603,8.54400374531753,7.0710678118654755,8.06225774829855,8.54400374531753,11.661903789690601,13.038404810405298,15.264337522473747,17.0,19.697715603592208,20.615528128088304,21.840329667841555,21.840329667841555,20.396078054371138,19.4164878389476,18.24828759089466
1784880294.802617,-57,0.0,13.892443989449804,17.204650534085253,18.867962264113206,19.72308292331602,20.12461179749811,19.313207915827967,18.973665961010276,17.46424919657298,15.132745950421556,13.152946437965905,10.04987562112089,8.246211251235321,6.324555320336759,5.0,5.830951894845301,7.280109889280518,8.06225774829855,9.055385138137417,11.0,11.0,11.0,11.0,11.0,10.04987562112089,10.04987562112089,9.219544457292887,0.0,0.0,0.0,0.0,0.0,0.0,0.0,0.0,0.0,0.0,0.0,10.295630140987,10.295630140987,9.848857801796104,9.486832980505138,8.246211251235321,8.06225774829855,6.0,5.0990195135927845,5.830951894845301,5.0,6.708203932499369,9.219544457292887,10.198039027185569,12.165525060596439,14.317821063276353,15.524174696260024,16.15549442140351,16.55294535724685,17.0,16.1245154965971,14.422205101855956,13.038404810405298,11.661903789690601,9.848857801796104,9.055385138137417,9.486832980505138
1784880294.9127722,-57,0.0,13.038404810405298,10.0,10.295630140987,11.40175425099138,13.152946437965905,16.1245154965971,17.26267650163207,18.439088914585774,18.681541692269406,18.384776310850235,17.88854381999832,16.1245154965971,14.422205101855956,12.206555615733702,10.0,8.602325267042627,6.708203932499369,5.0,4.47213595499958,5.0,7.211102550927978,8.06225774829855,8.94427190999916,9.848857801796104,10.44030650891055,10.44030650891055,0.0,0.0,0.0,0.0,0.0,0.0,0.0,0.0,0.0,0.0,0.0,9.219544457292887,10.63014581273465,12.041594578792296,12.806248474865697,12.206555615733702,13.038404810405298,13.038404810405298,13.038404810405298,11.661903789690601,11.180339887498949,9.848857801796104,8.246211251235321,8.0,8.246211251235321,9.433981132056603,11.40175425099138,14.212670403551895,17.029386365926403,18.601075237738275,21.095023109728988,21.470910553583888,22.847319317591726,22.47220505424423,22.135943621178654,20.8806130178211,19.6468827043885
1784880295.048594,-57,0.0,24.413111231467404,23.600847442411894,22.67156809750927,21.213203435596427,18.439088914585774,16.401219466856727,13.601470508735444,10.0,7.810249675906654,6.708203932499369,7.0710678118654755,8.06225774829855,10.198039027185569,11.40175425099138,13.341664064126334,13.341664064126334,14.142135623730951,13.152946437965905,13.038404810405298,12.041594578792296,11.045361017187261,9.055385138137417,8.06225774829855,6.324555320336759,5.0,5.0,0.0,0.0,0.0,0.0,0.0,0.0,0.0,0.0,0.0,0.0,0.0,8.0,7.0710678118654755,6.324555320336759,5.0,5.0,5.0990195135927845,6.082762530298219,7.280109889280518,9.486832980505138,10.770329614269007,13.0,13.92838827718412,14.560219778561036,15.524174696260024,15.132745950421556,15.132745950421556,13.038404810405298,12.041594578792296,10.04987562112089,9.219544457292887,8.06225774829855,9.219544457292887,11.661903789690601,14.317821063276353,17.46424919657298,21.02379604162864
1784880295.1317692,-57,0.0,25.059928172283335,23.323807579381203,22.20360331117452,20.518284528683193,18.384776310850235,16.278820596099706,13.45362404707371,9.219544457292887,7.810249675906654,6.324555320336759,6.0,7.280109889280518,9.848857801796104,10.770329614269007,12.083045973594572,13.0,13.601470508735444,12.649110640673518,12.36931687685298,11.40175425099138,10.44030650891055,8.246211251235321,7.280109889280518,5.830951894845301,4.242640687119285,4.123105625617661,0.0,0.0,0.0,0.0,0.0,0.0,0.0,0.0,0.0,0.0,0.0,9.0,8.06225774829855,7.280109889280518,5.830951894845301,5.656854249492381,5.0990195135927845,6.0,7.280109889280518,9.486832980505138,10.770329614269007,13.0,14.866068747318506,14.560219778561036,15.524174696260024,15.297058540778355,15.132745950421556,14.035668847618199,12.041594578792296,10.04987562112089,9.219544457292887,8.06225774829855,9.219544457292887,11.180339887498949,13.92838827718412,17.08800749063506,19.697715603592208
1784880295.266144,-57,0.0,24.698178070456937,24.413111231467404,23.430749027719962,21.213203435596427,19.1049731745428,15.620499351813308,12.806248474865697,10.63014581273465,8.48528137423857,6.708203932499369,7.0710678118654755,8.06225774829855,10.198039027185569,11.180339887498949,13.152946437965905,14.142135623730951,14.142135623730951,14.035668847618199,13.038404810405298,12.041594578792296,11.045361017187261,10.04987562112089,8.06225774829855,6.324555320336759,5.830951894845301,5.0,0.0,0.0,0.0,0.0,0.0,0.0,0.0,0.0,0.0,0.0,0.0,8.06225774829855,7.280109889280518,5.830951894845301,5.0,4.47213595499958,5.0,6.324555320336759,7.615773105863909,9.848857801796104,11.661903789690601,13.892443989449804,14.7648230602334,15.231546211727817,16.15549442140351,15.524174696260024,15.297058540778355,14.317821063276353,12.165525060596439,10.198039027185569,9.486832980505138,8.602325267042627,10.0,12.083045973594572,15.231546211727817,17.46424919657298,20.615528128088304
1784880295.37499,-57,0.0,24.515301344262525,21.213203435596427,17.11724276862369,14.317821063276353,11.40175425099138,8.602325267042627,9.219544457292887,9.848857801796104,11.704699910719626,13.92838827718412,14.866068747318506,16.15549442140351,17.0,17.0,16.64331697709324,15.0,13.45362404707371,11.40175425099138,9.219544457292887,7.211102550927978,5.385164807134504,4.0,3.605551275463989,5.0,6.324555320336759,7.280109889280518,0.0,0.0,0.0,0.0,0.0,0.0,0.0,0.0,0.0,0.0,0.0,6.0,5.830951894845301,7.0710678118654755,8.602325267042627,10.295630140987,12.083045973594572,13.0,13.92838827718412,15.231546211727817,16.15549442140351,16.55294535724685,15.652475842498529,14.7648230602334,13.416407864998739,12.083045973594572,9.486832980505138,9.0,9.219544457292887,11.180339887498949,13.892443989449804,17.204650534085253,20.248456731316587,23.323807579381203,25.495097567963924,26.92582403567252,28.460498941515414
1784880295.483456,-57,0.0,23.769728648009426,24.041630560342615,22.561028345356956,21.213203435596427,19.1049731745428,17.0,14.0,11.0,9.055385138137417,6.708203932499369,7.0710678118654755,7.211102550927978,8.94427190999916,10.295630140987,12.083045973594572,13.416407864998739,13.416407864998739,13.038404810405298,12.206555615733702,10.816653826391969,10.0,8.602325267042627,7.211102550927978,5.385164807134504,4.123105625617661,3.1622776601683795,0.0,0.0,0.0,0.0,0.0,0.0,0.0,0.0,0.0,0.0,0.0,8.94427190999916,8.246211251235321,7.0710678118654755,6.082762530298219,5.385164807134504,5.656854249492381,7.211102550927978,8.54400374531753,10.44030650891055,12.36931687685298,14.317821063276353,15.297058540778355,15.524174696260024,16.15549442140351,16.15549442140351,15.652475842498529,14.7648230602334,13.892443989449804,11.180339887498949,9.848857801796104,9.055385138137417,9.055385138137417,11.704699910719626,14.7648230602334,17.4928556845359,20.591260281974
1784880295.591935,-57,0.0,25.0,24.73863375370596,23.194827009486403,21.095023109728988,19.0,17.029386365926403,14.035668847618199,11.0,8.06225774829855,7.615773105863909,7.810249675906654,8.602325267042627,10.295630140987,11.661903789690601,13.038404810405298,13.892443989449804,13.601470508735444,13.601470508735444,12.806248474865697,11.40175425099138,11.40175425099138,10.0,8.602325267042627,6.708203932499369,5.0990195135927845,4.0,0.0,0.0,0.0,0.0,0.0,0.0,0.0,0.0,0.0,0.0,0.0,8.06225774829855,7.615773105863909,6.082762530298219,5.0,5.385164807134504,5.656854249492381,5.830951894845301,8.54400374531753,10.44030650891055,11.40175425099138,13.601470508735444,14.560219778561036,15.811388300841896,16.55294535724685,15.652475842498529,15.264337522473747,14.422205101855956,13.038404810405298,10.295630140987,9.848857801796104,9.055385138137417,10.198039027185569,12.649110640673518,15.231546211727817,18.788294228055936,21.540659228538015
1784880295.701386,-57,0.0,11.661903789690601,11.313708498984761,11.180339887498949,12.36931687685298,14.142135623730951,16.1245154965971,18.24828759089466,19.4164878389476,19.6468827043885,19.313207915827967,18.788294228055936,17.0,15.264337522473747,13.038404810405298,10.816653826391969,8.94427190999916,6.324555320336759,6.0,5.385164807134504,6.4031242374328485,7.810249675906654,8.06225774829855,8.94427190999916,9.848857801796104,10.770329614269007,11.40175425099138,0.0,0.0,0.0,0.0,0.0,0.0,0.0,0.0,0.0,0.0,0.0,7.810249675906654,9.899494936611665,10.63014581273465,11.40175425099138,12.206555615733702,13.038404810405298,12.206555615733702,11.661903789690601,11.661903789690601,11.180339887498949,9.486832980505138,8.06225774829855,8.06225774829855,8.54400374531753,10.0,12.041594578792296,14.212670403551895,17.029386365926403,19.209372712298546,20.808652046684813,22.825424421026653,23.259406699226016,22.47220505424423,22.135943621178654,20.8806130178211,18.973665961010276
1784880295.8103309,-57,0.0,13.601470508735444,10.295630140987,10.04987562112089,12.041594578792296,14.317821063276353,16.492422502470642,18.24828759089466,19.235384061671343,19.026297590440446,19.0,18.027756377319946,17.11724276862369,15.297058540778355,13.341664064126334,11.40175425099138,9.219544457292887,7.0,5.385164807134504,5.0,5.830951894845301,7.280109889280518,8.06225774829855,9.055385138137417,10.0,11.0,11.045361017187261,0.0,0.0,0.0,0.0,0.0,0.0,0.0,0.0,0.0,0.0,0.0,8.602325267042627,10.295630140987,10.770329614269007,11.704699910719626,12.649110640673518,12.649110640673518,12.36931687685298,12.36931687685298,11.180339887498949,10.198039027185569,9.0,8.06225774829855,7.615773105863909,7.810249675906654,10.0,12.529964086141668,14.7648230602334,16.64331697709324,19.4164878389476,21.400934559032695,22.67156809750927,23.345235059857504,22.67156809750927,22.02271554554524,21.400934559032695,18.601075237738275
1784880295.9461381,-57,0.0,25.179356624028344,20.223748416156685,17.26267650163207,13.152946437965905,10.0,8.54400374531753,8.602325267042627,10.63014581273465,12.206555615733702,14.422205101855956,15.0,17.029386365926403,16.97056274847714,17.029386365926403,16.401219466856727,15.0,13.601470508735444,10.816653826391969,9.219544457292887,7.0710678118654755,5.830951894845301,5.0990195135927845,5.0990195135927845,6.4031242374328485,7.810249675906654,9.219544457292887,0.0,0.0,0.0,0.0,0.0,0.0,0.0,0.0,0.0,0.0,0.0,5.385164807134504,5.0,5.385164807134504,7.211102550927978,8.48528137423857,9.899494936611665,12.041594578792296,13.45362404707371,14.212670403551895,14.866068747318506,14.866068747318506,14.142135623730951,13.45362404707371,11.313708498984761,9.899494936611665,8.602325267042627,8.246211251235321,9.0,10.198039027185569,13.601470508735444,16.76305461424021,19.6468827043885,22.561028345356956,25.317977802344327,27.073972741361768,27.018512172212592
1784880296.054212,-57,0.0,13.0,10.44030650891055,10.04987562112089,12.36931687685298,13.92838827718412,16.15549442140351,17.08800749063506,18.027756377319946,18.681541692269406,18.24828759089466,18.110770276274835,16.0312195418814,15.0,13.038404810405298,11.045361017187261,9.0,7.0710678118654755,5.385164807134504,5.0,5.385164807134504,7.0710678118654755,8.0,9.0,10.04987562112089,10.198039027185569,10.44030650891055,0.0,0.0,0.0,0.0,0.0,0.0,0.0,0.0,0.0,0.0,0.0,8.246211251235321,10.198039027185569,11.045361017187261,12.0,12.0,13.0,12.0,12.0,12.041594578792296,11.045361017187261,9.219544457292887,8.54400374531753,7.810249675906654,8.602325267042627,9.848857801796104,11.704699910719626,14.560219778561036,16.76305461424021,18.973665961010276,20.615528128088304,21.470910553583888,22.47220505424423,23.021728866442675,22.20360331117452,20.615528128088304,19.1049731745428
1784880296.1615942,-57,0.0,17.08800749063506,17.88854381999832,19.697715603592208,20.248456731316587,20.8806130178211,20.615528128088304,20.223748416156685,18.027756377319946,16.0,14.0,12.0,9.0,7.280109889280518,5.830951894845301,7.0710678118654755,8.06225774829855,8.54400374531753,9.486832980505138,11.40175425099138,10.44030650891055,12.36931687685298,11.40175425099138,11.180339887498949,11.180339887498949,10.198039027185569,9.055385138137417,0.0,0.0,0.0,0.0,0.0,0.0,0.0,0.0,0.0,0.0,0.0,10.295630140987,10.295630140987,9.848857801796104,9.486832980505138,8.246211251235321,8.06225774829855,7.0,6.082762530298219,5.830951894845301,6.4031242374328485,7.615773105863909,9.486832980505138,11.40175425099138,13.601470508735444,14.866068747318506,17.08800749063506,17.88854381999832,18.35755975068582,18.027756377319946,17.204650534085253,16.401219466856727,14.212670403551895,12.206555615733702,11.180339887498949,10.198039027185569,11.0
1784880296.268846,-57,0.0,14.142135623730951,11.0,10.770329614269007,12.529964086141668,15.0,17.804493814764857,18.601075237738275,19.4164878389476,19.72308292331602,19.697715603592208,19.313207915827967,16.76305461424021,15.524174696260024,13.341664064126334,11.40175425099138,9.486832980505138,8.06225774829855,5.656854249492381,6.324555320336759,6.0,8.06225774829855,9.219544457292887,10.44030650891055,10.770329614269007,12.083045973594572,11.180339887498949,0.0,0.0,0.0,0.0,0.0,0.0,0.0,0.0,0.0,0.0,0.0,8.246211251235321,9.055385138137417,11.0,11.045361017187261,12.165525060596439,12.165525060596439,12.165525060596439,11.180339887498949,11.40175425099138,10.44030650891055,8.94427190999916,7.810249675906654,7.810249675906654,7.615773105863909,9.219544457292887,12.041594578792296,14.035668847618199,17.029386365926403,19.1049731745428,21.37755832643195,22.80350850198276,23.40939982143925,22.847319317591726,22.360679774997898,20.591260281974,19.235384061671343
1784880296.3243241,-57,0.0,17.46424919657298,17.88854381999832,19.697715603592208,21.540659228538015,20.8806130178211,21.587033144922902,20.223748416156685,19.1049731745428,17.029386365926403,14.0,12.0,10.0,8.246211251235321,6.708203932499369,7.0710678118654755,7.211102550927978,8.94427190999916,9.486832980505138,10.44030650891055,11.40175425099138,12.36931687685298,11.40175425099138,11.40175425099138,11.180339887498949,10.198039027185569,9.055385138137417,0.0,0.0,0.0,0.0,0.0,0.0,0.0,0.0,0.0,0.0,0.0,9.848857801796104,9.848857801796104,10.44030650891055,9.219544457292887,9.055385138137417,8.06225774829855,7.0,6.324555320336759,5.830951894845301,6.4031242374328485,7.615773105863909,9.486832980505138,11.40175425099138,13.341664064126334,14.560219778561036,16.76305461424021,18.384776310850235,18.788294228055936,18.35755975068582,18.027756377319946,16.401219466856727,15.0,13.038404810405298,12.083045973594572,11.180339887498949,12.0
1784880296.486887,-57,0.0,25.079872407968907,21.18962010041709,18.027756377319946,15.231546211727817,11.661903789690601,9.899494936611665,10.295630140987,11.40175425099138,13.341664064126334,15.297058540778355,16.492422502470642,16.76305461424021,17.08800749063506,17.46424919657298,17.0,15.264337522473747,13.892443989449804,11.661903789690601,10.295630140987,7.615773105863909,6.324555320336759,5.0990195135927845,4.47213595499958,5.656854249492381,6.708203932499369,8.246211251235321,0.0,0.0,0.0,0.0,0.0,0.0,0.0,0.0,0.0,0.0,0.0,5.0990195135927845,5.656854249492381,6.708203932499369,8.54400374531753,10.198039027185569,11.180339887498949,12.165525060596439,14.142135623730951,15.132745950421556,16.278820596099706,16.278820596099706,15.297058540778355,14.317821063276353,13.341664064126334,11.180339887498949,10.0,9.219544457292887,10.295630140987,11.40175425099138,14.866068747318506,16.97056274847714,20.518284528683193,24.08318915758459,25.612496949731394,27.459060435491963,28.178005607210743
1784880296.621001,-57,0.0,25.059928172283335,20.615528128088304,17.46424919657298,14.317821063276353,10.816653826391969,9.219544457292887,8.94427190999916,10.198039027185569,12.041594578792296,14.035668847618199,15.033296378372908,16.1245154965971,16.278820596099706,16.492422502470642,16.15549442140351,15.231546211727817,13.416407864998739,11.180339887498949,8.94427190999916,6.708203932499369,5.0990195135927845,4.123105625617661,4.242640687119285,5.385164807134504,6.082762530298219,8.0,0.0,0.0,0.0,0.0,0.0,0.0,0.0,0.0,0.0,0.0,0.0,6.324555320336759,6.4031242374328485,7.211102550927978,8.54400374531753,10.198039027185569,11.180339887498949,13.152946437965905,14.142135623730951,15.132745950421556,16.1245154965971,16.1245154965971,15.132745950421556,14.142135623730951,13.152946437965905,11.045361017187261,10.0,9.219544457292887,9.433981132056603,11.313708498984761,13.45362404707371,17.029386365926403,19.849433241279208,22.627416997969522,24.758836806279895,27.018512172212592,27.459060435491963
1784880296.7314508,-57,0.0,13.92838827718412,16.55294535724685,18.384776310850235,19.313207915827967,19.924858845171276,19.4164878389476,18.24828759089466,17.029386365926403,15.0,13.0,10.0,8.0,6.082762530298219,5.0,5.0,6.708203932499369,8.246211251235321,9.219544457292887,10.198039027185569,10.198039027185569,11.180339887498949,11.180339887498949,11.180339887498949,10.04987562112089,10.04987562112089,8.0,0.0,0.0,0.0,0.0,0.0,0.0,0.0,0.0,0.0,0.0,0.0,10.0,10.0,10.295630140987,9.433981132056603,8.94427190999916,7.615773105863909,6.082762530298219,6.0,5.385164807134504,5.656854249492381,7.211102550927978,8.54400374531753,10.770329614269007,11.704699910719626,13.0,15.231546211727817,16.1245154965971,16.64331697709324,16.401219466856727,16.278820596099706,14.866068747318506,12.727922061357855,11.40175425099138,9.433981132056603,9.219544457292887,10.0
1784880296.8399282,-57,0.0,25.059928172283335,23.323807579381203,23.021728866442675,21.2602916254693,18.384776310850235,16.278820596099706,13.45362404707371,10.63014581273465,7.810249675906654,6.708203932499369,6.082762530298219,7.0710678118654755,8.246211251235321,10.44030650891055,11.40175425099138,12.36931687685298,12.36931687685298,12.165525060596439,12.165525060596439,10.04987562112089,10.04987562112089,8.06225774829855,7.0710678118654755,5.385164807134504,3.605551275463989,3.1622776601683795,0.0,0.0,0.0,0.0,0.0,0.0,0.0,0.0,0.0,0.0,0.0,9.486832980505138,8.94427190999916,7.211102550927978,6.4031242374328485,5.385164807134504,6.082762530298219,7.0710678118654755,8.54400374531753,9.848857801796104,11.180339887498949,13.892443989449804,14.7648230602334,15.652475842498529,16.15549442140351,15.811388300841896,15.524174696260024,14.317821063276353,13.152946437965905,11.180339887498949,9.486832980505138,8.602325267042627,9.219544457292887,11.180339887498949,13.92838827718412,16.76305461424021,20.248456731316587
1784880296.948292,-57,0.0,24.041630560342615,23.40939982143925,23.259406699226016,20.591260281974,18.027756377319946,16.401219466856727,13.601470508735444,10.0,8.06225774829855,6.324555320336759,7.0,7.280109889280518,8.94427190999916,10.295630140987,11.180339887498949,12.083045973594572,13.0,13.0,11.704699910719626,10.44030650891055,9.486832980505138,8.54400374531753,7.615773105863909,5.830951894845301,4.242640687119285,3.1622776601683795,0.0,0.0,0.0,0.0,0.0,0.0,0.0,0.0,0.0,0.0,0.0,9.433981132056603,8.602325267042627,7.0710678118654755,5.830951894845301,6.082762530298219,6.082762530298219,6.324555320336759,8.06225774829855,10.0,11.40175425099138,13.45362404707371,14.212670403551895,15.811388300841896,15.811388300841896,15.652475842498529,15.231546211727817,14.317821063276353,13.0,11.180339887498949,10.295630140987,8.48528137423857,8.94427190999916,11.40175425099138,14.142135623730951,17.11724276862369,20.223748416156685
1784880297.0574799,-57,0.0,24.758836806279895,22.627416997969522,22.02271554554524,20.248456731316587,18.35755975068582,15.652475842498529,13.0,9.848857801796104,7.211102550927978,6.4031242374328485,6.324555320336759,7.0,9.0,10.0,12.0,13.0,13.038404810405298,12.041594578792296,12.041594578792296,10.04987562112089,10.04987562112089,9.055385138137417,7.0,6.082762530298219,4.47213595499958,3.605551275463989,0.0,0.0,0.0,0.0,0.0,0.0,0.0,0.0,0.0,0.0,0.0,9.0,9.055385138137417,7.280109889280518,6.708203932499369,5.656854249492381,5.385164807134504,6.082762530298219,7.0,9.055385138137417,11.180339887498949,13.341664064126334,14.317821063276353,15.132745950421556,15.033296378372908,15.0,15.0,14.035668847618199,12.041594578792296,11.045361017187261,9.055385138137417,8.54400374531753,8.602325267042627,10.63014581273465,13.601470508735444,17.204650534085253,20.0
1784880297.1655838,-57,0.0,25.0,19.1049731745428,16.278820596099706,12.806248474865697,9.433981132056603,8.246211251235321,8.06225774829855,9.848857801796104,12.083045973594572,14.317821063276353,15.231546211727817,16.15549442140351,16.76305461424021,16.492422502470642,15.297058540778355,15.132745950421556,13.038404810405298,11.045361017187261,9.055385138137417,7.280109889280518,5.830951894845301,5.0,5.0990195135927845,6.082762530298219,7.615773105863909,8.94427190999916,0.0,0.0,0.0,0.0,0.0,0.0,0.0,0.0,0.0,0.0,0.0,5.830951894845301,5.0,6.324555320336759,7.0,9.055385138137417,10.198039027185569,11.180339887498949,13.341664064126334,14.317821063276353,14.317821063276353,14.317821063276353,14.142135623730951,13.152946437965905,12.165525060596439,10.198039027185569,8.54400374531753,7.810249675906654,8.06225774829855,10.770329614269007,13.341664064126334,16.492422502470642,18.973665961010276,22.135943621178654,25.079872407968907,25.942243542145693,27.459060435491963
1784880297.3004339,-57,0.0,24.758836806279895,20.518284528683193,16.278820596099706,14.142135623730951,10.0,8.54400374531753,8.0,10.198039027185569,11.704699910719626,13.601470508735444,14.560219778561036,15.524174696260024,16.278820596099706,16.1245154965971,16.0312195418814,15.0,13.038404810405298,11.045361017187261,9.0,6.0,5.0990195135927845,4.242640687119285,4.123105625617661,5.0990195135927845,6.324555320336759,8.06225774829855,0.0,0.0,0.0,0.0,0.0,0.0,0.0,0.0,0.0,0.0,0.0,5.830951894845301,6.4031242374328485,7.280109889280518,8.06225774829855,10.0,11.045361017187261,12.165525060596439,14.142135623730951,15.132745950421556,16.1245154965971,16.1245154965971,15.132745950421556,14.035668847618199,13.038404810405298,11.180339887498949,9.486832980505138,8.06225774829855,9.219544457292887,10.295630140987,13.92838827718412,16.15549442140351,19.313207915827967,23.259406699226016,25.059928172283335,26.076809620810597,27.80287754891569
1784880297.382358,-57,0.0,12.165525060596439,8.54400374531753,9.899494936611665,11.40175425099138,13.892443989449804,16.1245154965971,17.4928556845359,19.4164878389476,19.209372712298546,19.1049731745428,17.69180601295413,16.278820596099706,14.212670403551895,12.806248474865697,10.0,8.48528137423857,5.830951894845301,5.0990195135927845,6.082762530298219,5.830951894845301,7.810249675906654,9.219544457292887,10.63014581273465,11.40175425099138,12.206555615733702,11.661903789690601,0.0,0.0,0.0,0.0,0.0,0.0,0.0,0.0,0.0,0.0,0.0,8.246211251235321,10.04987562112089,10.0,11.045361017187261,12.165525060596439,12.165525060596439,12.165525060596439,11.180339887498949,10.44030650891055,9.486832980505138,8.06225774829855,6.4031242374328485,5.830951894845301,7.0710678118654755,9.0,11.180339887498949,14.142135623730951,16.1245154965971,18.110770276274835,20.0,21.095023109728988,22.20360331117452,22.360679774997898,21.587033144922902,19.6468827043885,17.72004514666935
1784880297.410007,-57,0.0,11.661903789690601,8.246211251235321,9.055385138137417,11.40175425099138,13.92838827718412,16.15549442140351,17.08800749063506,18.681541692269406,18.439088914585774,18.24828759089466,17.029386365926403,16.0,14.0,12.0,10.0,8.06225774829855,6.324555320336759,5.0,5.385164807134504,6.082762530298219,8.06225774829855,9.055385138137417,10.198039027185569,11.40175425099138,11.704699910719626,11.704699910719626,0.0,0.0,0.0,0.0,0.0,0.0,0.0,0.0,0.0,0.0,0.0,9.219544457292887,9.219544457292887,10.816653826391969,11.661903789690601,12.529964086141668,12.529964086141668,12.083045973594572,12.083045973594572,10.770329614269007,9.486832980505138,8.246211251235321,7.0,6.324555320336759,7.211102550927978,8.602325267042627,10.816653826391969,13.416407864998739,16.1245154965971,18.027756377319946,20.0,21.2602916254693,21.93171219946131,21.93171219946131,20.615528128088304,20.0,18.027756377319946
1784880297.517351,-57,0.0,16.401219466856727,17.4928556845359,19.4164878389476,20.615528128088304,20.518284528683193,20.518284528683193,19.209372712298546,18.027756377319946,15.264337522473747,12.529964086141668,10.295630140987,8.602325267042627,7.0710678118654755,5.385164807134504,6.0,7.0710678118654755,8.54400374531753,9.486832980505138,10.770329614269007,10.770329614269007,12.083045973594572,12.083045973594572,12.083045973594572,11.180339887498949,10.295630140987,8.602325267042627,0.0,0.0,0.0,0.0,0.0,0.0,0.0,0.0,0.0,0.0,0.0,10.44030650891055,10.198039027185569,10.04987562112089,9.055385138137417,9.0,8.06225774829855,6.324555320336759,5.385164807134504,5.0,5.385164807134504,7.0,9.055385138137417,11.045361017187261,13.152946437965905,14.035668847618199,16.0312195418814,17.0,17.11724276862369,17.26267650163207,16.492422502470642,15.524174696260024,13.601470508735444,11.180339887498949,10.0,9.219544457292887,10.295630140987
1784880297.6248581,-57,0.0,12.0,9.055385138137417,10.295630140987,12.041594578792296,13.45362404707371,15.620499351813308,17.029386365926403,18.384776310850235,18.439088914585774,18.601075237738275,17.4928556845359,15.652475842498529,14.317821063276353,12.083045973594572,10.770329614269007,8.06225774829855,6.4031242374328485,5.0,4.123105625617661,5.0990195135927845,6.708203932499369,7.211102550927978,9.219544457292887,9.219544457292887,9.899494936611665,10.63014581273465,0.0,0.0,0.0,0.0,0.0,0.0,0.0,0.0,0.0,0.0,0.0,9.055385138137417,10.04987562112089,11.045361017187261,12.165525060596439,12.36931687685298,12.36931687685298,12.36931687685298,12.36931687685298,11.704699910719626,10.770329614269007,8.94427190999916,8.602325267042627,7.211102550927978,7.615773105863909,9.055385138137417,12.0,14.0,16.0,19.0,20.09975124224178,22.360679774997898,22.561028345356956,21.840329667841555,22.135943621178654,20.248456731316587,18.384776310850235
1784880297.73254,-57,0.0,16.55294535724685,16.15549442140351,18.384776310850235,20.12461179749811,20.248456731316587,20.808652046684813,19.209372712298546,17.69180601295413,15.556349186104045,12.806248474865697,10.63014581273465,7.810249675906654,5.830951894845301,5.0990195135927845,5.0990195135927845,6.708203932499369,8.602325267042627,9.219544457292887,10.63014581273465,10.63014581273465,11.313708498984761,11.313708498984761,11.313708498984761,10.63014581273465,9.219544457292887,8.602325267042627,0.0,0.0,0.0,0.0,0.0,0.0,0.0,0.0,0.0,0.0,0.0,12.165525060596439,12.041594578792296,11.045361017187261,11.0,10.04987562112089,8.06225774829855,7.280109889280518,5.830951894845301,5.656854249492381,6.324555320336759,7.0,9.055385138137417,11.180339887498949,13.341664064126334,15.297058540778355,16.1245154965971,17.029386365926403,18.0,18.027756377319946,17.11724276862369,16.278820596099706,14.317821063276353,12.041594578792296,10.04987562112089,9.848857801796104,10.0
1784880297.8413062,-57,0.0,12.529964086141668,8.602325267042627,10.295630140987,11.704699910719626,14.317821063276353,16.492422502470642,17.46424919657298,18.973665961010276,19.313207915827967,18.788294228055936,18.35755975068582,16.64331697709324,14.422205101855956,13.038404810405298,10.0,8.06225774829855,6.324555320336759,5.0,5.830951894845301,6.4031242374328485,8.602325267042627,8.94427190999916,10.770329614269007,10.770329614269007,11.704699910719626,12.36931687685298,0.0,0.0,0.0,0.0,0.0,0.0,0.0,0.0,0.0,0.0,0.0,8.06225774829855,9.219544457292887,10.770329614269007,10.770329614269007,11.180339887498949,11.661903789690601,11.661903789690601,11.661903789690601,10.816653826391969,9.219544457292887,8.48528137423857,6.708203932499369,6.082762530298219,7.0710678118654755,8.54400374531753,11.180339887498949,13.892443989449804,16.55294535724685,18.384776310850235,20.248456731316587,21.840329667841555,22.360679774997898,22.20360331117452,21.095023109728988,20.024984394500787,18.0
1784880297.97577,-57,0.0,25.0,20.615528128088304,17.029386365926403,14.212670403551895,10.295630140987,9.219544457292887,9.055385138137417,11.40175425099138,13.0,14.866068747318506,15.811388300841896,16.76305461424021,17.46424919657298,17.26267650163207,17.11724276862369,16.0312195418814,14.0,12.0,10.04987562112089,8.06225774829855,6.324555320336759,5.656854249492381,5.830951894845301,6.082762530298219,8.0,8.246211251235321,0.0,0.0,0.0,0.0,0.0,0.0,0.0,0.0,0.0,0.0,0.0,5.0,4.47213595499958,6.0,7.0710678118654755,9.486832980505138,10.770329614269007,12.083045973594572,13.0,14.317821063276353,14.866068747318506,15.811388300841896,14.560219778561036,13.601470508735444,12.36931687685298,10.770329614269007,9.433981132056603,8.48528137423857,8.94427190999916,11.40175425099138,14.317821063276353,17.46424919657298,20.615528128088304,23.08679276123039,25.079872407968907,27.294688127912362,27.459060435491963
1784880298.084679,-57,0.0,16.492422502470642,16.278820596099706,18.439088914585774,19.924858845171276,20.248456731316587,19.697715603592208,19.235384061671343,18.027756377319946,15.811388300841896,13.45362404707371,11.40175425099138,9.219544457292887,7.211102550927978,5.0990195135927845,5.0,6.324555320336759,7.211102550927978,9.219544457292887,9.219544457292887,9.899494936611665,10.63014581273465,9.899494936611665,9.899494936611665,9.899494936611665,9.219544457292887,7.211102550927978,0.0,0.0,0.0,0.0,0.0,0.0,0.0,0.0,0.0,0.0,0.0,12.083045973594572,11.180339887498949,11.661903789690601,10.816653826391969,10.0,9.219544457292887,7.810249675906654,7.211102550927978,6.324555320336759,7.0,8.54400374531753,8.94427190999916,11.661903789690601,13.038404810405298,15.264337522473747,17.0,17.88854381999832,18.384776310850235,18.973665961010276,17.46424919657298,16.278820596099706,15.297058540778355,13.341664064126334,11.704699910719626,10.816653826391969,10.63014581273465
1784880298.193792,-57,0.0,26.40075756488817,25.238858928247925,24.186773244895647,21.93171219946131,19.313207915827967,17.72004514666935,14.560219778561036,11.704699910719626,8.94427190999916,7.810249675906654,8.06225774829855,8.54400374531753,10.44030650891055,11.180339887498949,13.341664064126334,14.317821063276353,14.560219778561036,13.601470508735444,13.601470508735444,11.704699910719626,10.770329614269007,9.486832980505138,8.246211251235321,7.0710678118654755,5.0,4.47213595499958,0.0,0.0,0.0,0.0,0.0,0.0,0.0,0.0,0.0,0.0,0.0,8.06225774829855,7.0,6.082762530298219,5.385164807134504,5.656854249492381,5.385164807134504,7.0710678118654755,9.0,10.04987562112089,12.165525060596439,14.142135623730951,16.0312195418814,16.0312195418814,17.029386365926403,16.1245154965971,16.278820596099706,14.317821063276353,13.341664064126334,11.180339887498949,10.0,9.219544457292887,10.295630140987,12.806248474865697,15.556349186104045,18.384776310850235,21.213203435596427
1784880298.302516,-57,0.0,25.079872407968907,20.248456731316587,17.08800749063506,13.92838827718412,10.295630140987,8.48528137423857,8.54400374531753,10.198039027185569,12.041594578792296,14.035668847618199,15.132745950421556,16.278820596099706,16.492422502470642,15.811388300841896,16.15549442140351,14.7648230602334,12.529964086141668,11.180339887498949,8.94427190999916,6.324555320336759,5.0990195135927845,4.123105625617661,5.0,5.830951894845301,7.280109889280518,9.055385138137417,0.0,0.0,0.0,0.0,0.0,0.0,0.0,0.0,0.0,0.0,0.0,6.082762530298219,5.830951894845301,6.4031242374328485,7.615773105863909,9.486832980505138,11.180339887498949,12.165525060596439,13.152946437965905,14.317821063276353,15.297058540778355,15.297058540778355,14.317821063276353,13.341664064126334,12.36931687685298,10.198039027185569,9.0,8.246211251235321,8.06225774829855,10.63014581273465,13.45362404707371,16.278820596099706,19.79898987322333,22.67156809750927,24.839484696748443,25.80697580112788,26.419689627245813
1784880298.438231,-57,0.0,12.529964086141668,9.486832980505138,10.0,11.180339887498949,12.649110640673518,14.866068747318506,16.76305461424021,17.72004514666935,18.439088914585774,17.11724276862369,17.029386365926403,15.0,14.035668847618199,12.041594578792296,10.04987562112089,8.0,6.082762530298219,5.0,5.0,6.324555320336759,8.06225774829855,9.055385138137417,10.0,11.0,11.045361017187261,11.180339887498949,0.0,0.0,0.0,0.0,0.0,0.0,0.0,0.0,0.0,0.0,0.0,8.06225774829855,9.486832980505138,10.44030650891055,11.180339887498949,11.180339887498949,11.180339887498949,11.045361017187261,11.045361017187261,11.045361017187261,10.0,8.06225774829855,7.280109889280518,6.708203932499369,7.0710678118654755,8.06225774829855,10.770329614269007,13.601470508735444,14.866068747318506,17.46424919657298,19.235384061671343,20.248456731316587,21.400934559032695,20.615528128088304,20.518284528683193,19.79898987322333,17.69180601295413
1784880298.438818,-57,0.0,13.0,9.433981132056603,10.63014581273465,11.661903789690601,13.92838827718412,16.15549442140351,17.46424919657298,17.88854381999832,18.35755975068582,18.027756377319946,17.804493814764857,16.278820596099706,14.142135623730951,12.727922061357855,9.899494936611665,8.602325267042627,6.708203932499369,6.082762530298219,6.082762530298219,6.708203932499369,7.810249675906654,9.219544457292887,10.63014581273465,10.63014581273465,11.40175425099138,11.661903789690601,0.0,0.0,0.0,0.0,0.0,0.0,0.0,0.0,0.0,0.0,0.0,7.615773105863909,8.94427190999916,9.433981132056603,10.0,11.40175425099138,11.40175425099138,10.63014581273465,10.63014581273465,9.899494936611665,9.219544457292887,8.602325267042627,7.615773105863909,7.0710678118654755,7.0710678118654755,8.54400374531753,11.180339887498949,13.892443989449804,15.652475842498529,17.88854381999832,19.313207915827967,20.8806130178211,21.587033144922902,21.213203435596427,21.095023109728988,20.024984394500787,18.027756377319946
1784880298.5206661,-57,0.0,24.515301344262525,21.213203435596427,18.110770276274835,14.142135623730951,11.40175425099138,9.433981132056603,9.219544457292887,10.295630140987,11.704699910719626,13.92838827718412,15.231546211727817,16.55294535724685,16.1245154965971,16.64331697709324,16.401219466856727,15.620499351813308,13.45362404707371,12.041594578792296,9.219544457292887,7.211102550927978,5.385164807134504,4.123105625617661,4.47213595499958,5.0,6.708203932499369,7.280109889280518,0.0,0.0,0.0,0.0,0.0,0.0,0.0,0.0,0.0,0.0,0.0,6.082762530298219,6.708203932499369,7.0710678118654755,8.602325267042627,9.848857801796104,11.704699910719626,13.0,14.866068747318506,14.866068747318506,16.15549442140351,16.15549442140351,15.231546211727817,14.317821063276353,13.0,10.770329614269007,9.219544457292887,9.0,9.219544457292887,11.180339887498949,14.422205101855956,16.64331697709324,20.248456731316587,23.323807579381203,24.596747752497688,26.92582403567252,28.460498941515414
1784880298.631725,-57,0.0,12.649110640673518,9.219544457292887,9.055385138137417,11.704699910719626,12.529964086141668,15.264337522473747,16.64331697709324,17.88854381999832,18.384776310850235,18.027756377319946,17.72004514666935,16.278820596099706,15.132745950421556,13.038404810405298,11.045361017187261,9.055385138137417,6.324555320336759,5.0,4.47213595499958,5.0990195135927845,6.082762530298219,7.280109889280518,8.54400374531753,9.848857801796104,10.295630140987,10.295630140987,0.0,0.0,0.0,0.0,0.0,0.0,0.0,0.0,0.0,0.0,0.0,8.54400374531753,9.486832980505138,11.180339887498949,12.165525060596439,12.041594578792296,12.041594578792296,12.0,12.0,12.0,11.045361017187261,9.219544457292887,8.54400374531753,7.211102550927978,7.810249675906654,8.94427190999916,11.40175425099138,13.601470508735444,16.492422502470642,18.027756377319946,20.248456731316587,21.93171219946131,22.825424421026653,22.47220505424423,22.20360331117452,20.615528128088304,19.209372712298546
1784880298.7671108,-57,0.0,24.758836806279895,22.67156809750927,22.20360331117452,20.248456731316587,17.88854381999832,15.231546211727817,13.0,9.848857801796104,8.06225774829855,6.4031242374328485,6.324555320336759,7.0710678118654755,9.0,11.0,12.0,13.038404810405298,13.038404810405298,13.152946437965905,12.165525060596439,10.198039027185569,10.198039027185569,8.06225774829855,7.0,6.0,4.47213595499958,4.242640687119285,0.0,0.0,0.0,0.0,0.0,0.0,0.0,0.0,0.0,0.0,0.0,10.04987562112089,9.0,7.280109889280518,5.385164807134504,5.656854249492381,5.385164807134504,6.082762530298219,8.0,9.219544457292887,11.180339887498949,13.152946437965905,14.142135623730951,15.033296378372908,16.0,15.0,15.033296378372908,14.142135623730951,12.165525060596439,11.045361017187261,9.0,8.246211251235321,8.602325267042627,11.313708498984761,14.212670403551895,17.029386365926403,20.0
1784880298.8753579,-57,0.0,17.029386365926403,16.1245154965971,19.1049731745428,19.0,20.024984394500787,20.09975124224178,19.235384061671343,17.72004514666935,15.811388300841896,13.92838827718412,10.770329614269007,9.486832980505138,7.0710678118654755,6.082762530298219,6.324555320336759,7.810249675906654,8.48528137423857,10.0,10.0,10.816653826391969,11.40175425099138,10.816653826391969,10.816653826391969,10.816653826391969,10.295630140987,8.94427190999916,0.0,0.0,0.0,0.0,0.0,0.0,0.0,0.0,0.0,0.0,0.0,9.219544457292887,9.899494936611665,9.219544457292887,9.219544457292887,8.602325267042627,7.615773105863909,6.324555320336759,6.082762530298219,5.0990195135927845,5.830951894845301,7.0710678118654755,8.602325267042627,10.816653826391969,12.206555615733702,14.212670403551895,15.620499351813308,17.029386365926403,17.029386365926403,17.029386365926403,16.64331697709324,15.264337522473747,13.892443989449804,12.206555615733702,11.313708498984761,10.816653826391969,10.770329614269007
1784880298.9830039,-57,0.0,25.079872407968907,23.40939982143925,23.08679276123039,21.37755832643195,18.110770276274835,16.0312195418814,13.0,11.0,8.06225774829855,6.708203932499369,6.4031242374328485,7.211102550927978,8.94427190999916,10.770329614269007,12.083045973594572,12.529964086141668,13.416407864998739,13.038404810405298,11.661903789690601,10.816653826391969,10.0,8.06225774829855,6.708203932499369,5.385164807134504,4.0,3.605551275463989,0.0,0.0,0.0,0.0,0.0,0.0,0.0,0.0,0.0,0.0,0.0,9.486832980505138,9.219544457292887,8.0,6.082762530298219,5.830951894845301,5.656854249492381,6.708203932499369,7.280109889280518,9.219544457292887,11.045361017187261,13.152946437965905,14.142135623730951,15.297058540778355,15.524174696260024,15.811388300841896,15.231546211727817,14.317821063276353,13.416407864998739,11.180339887498949,9.486832980505138,9.055385138137417,9.219544457292887,11.180339887498949,13.892443989449804,17.4928556845359,19.72308292331602
1784880299.0919502,-57,0.0,25.0,20.615528128088304,17.46424919657298,14.866068747318506,12.36931687685298,10.0,9.219544457292887,10.295630140987,12.206555615733702,13.601470508735444,15.811388300841896,16.1245154965971,17.0,16.55294535724685,16.15549442140351,15.811388300841896,13.601470508735444,11.40175425099138,10.44030650891055,7.615773105863909,5.830951894845301,5.0,4.123105625617661,5.0990195135927845,6.708203932499369,7.211102550927978,0.0,0.0,0.0,0.0,0.0,0.0,0.0,0.0,0.0,0.0,0.0,5.385164807134504,6.0,7.280109889280518,8.06225774829855,10.0,11.40175425099138,12.041594578792296,14.142135623730951,14.866068747318506,15.620499351813308,15.620499351813308,15.620499351813308,14.212670403551895,12.806248474865697,12.041594578792296,10.63014581273465,9.433981132056603,9.219544457292887,11.045361017187261,14.0,17.029386365926403,20.024984394500787,22.0,25.019992006393608,27.16615541441225,27.65863337187866
1784880299.1998122,-57,0.0,25.019992006393608,23.0,22.090722034374522,21.37755832643195,18.439088914585774,15.811388300841896,12.649110640673518,10.44030650891055,8.06225774829855,6.082762530298219,6.708203932499369,8.48528137423857,9.219544457292887,11.40175425099138,12.041594578792296,13.45362404707371,14.142135623730951,13.45362404707371,12.041594578792296,10.63014581273465,10.63014581273465,9.219544457292887,7.810249675906654,5.830951894845301,5.0990195135927845,4.123105625617661,0.0,0.0,0.0,0.0,0.0,0.0,0.0,0.0,0.0,0.0,0.0,9.219544457292887,8.48528137423857,6.4031242374328485,5.385164807134504,5.0,4.47213595499958,6.4031242374328485,7.0710678118654755,8.602325267042627,10.816653826391969,13.038404810405298,14.422205101855956,15.0,15.620499351813308,15.556349186104045,14.866068747318506,13.45362404707371,11.40175425099138,10.63014581273465,9.219544457292887,7.615773105863909,9.055385138137417,11.045361017187261,14.317821063276353,17.26267650163207,20.223748416156685
1784880299.308707,-57,0.0,24.839484696748443,20.808652046684813,18.027756377319946,14.422205101855956,11.313708498984761,9.433981132056603,8.54400374531753,10.04987562112089,12.041594578792296,13.038404810405298,14.0,16.0312195418814,16.1245154965971,16.278820596099706,15.524174696260024,14.560219778561036,12.649110640673518,10.770329614269007,8.54400374531753,7.0710678118654755,6.0,4.123105625617661,4.242640687119285,5.385164807134504,6.082762530298219,8.0,0.0,0.0,0.0,0.0,0.0,0.0,0.0,0.0,0.0,0.0,0.0,6.4031242374328485,6.708203932499369,7.280109889280518,8.0,9.055385138137417,11.180339887498949,12.36931687685298,14.317821063276353,15.297058540778355,15.297058540778355,16.278820596099706,15.132745950421556,14.142135623730951,13.038404810405298,11.180339887498949,9.486832980505138,8.94427190999916,8.48528137423857,10.816653826391969,13.416407864998739,16.55294535724685,19.235384061671343,21.095023109728988,24.413111231467404,26.248809496813376,26.870057685088806
1784880299.442613,-57,0.0,14.142135623730951,11.045361017187261,10.44030650891055,12.083045973594572,13.892443989449804,15.811388300841896,17.204650534085253,18.867962264113206,19.235384061671343,19.313207915827967,17.72004514666935,16.492422502470642,15.297058540778355,13.152946437965905,11.180339887498949,9.219544457292887,6.708203932499369,5.0,4.47213595499958,5.0990195135927845,7.0,8.06225774829855,9.219544457292887,9.486832980505138,10.44030650891055,10.770329614269007,0.0,0.0,0.0,0.0,0.0,0.0,0.0,0.0,0.0,0.0,0.0,9.0,10.04987562112089,11.180339887498949,12.36931687685298,12.36931687685298,12.649110640673518,12.649110640673518,12.649110640673518,11.704699910719626,11.180339887498949,10.295630140987,8.602325267042627,7.810249675906654,8.54400374531753,10.198039027185569,12.041594578792296,14.035668847618199,17.029386365926403,19.1049731745428,20.396078054371138,22.561028345356956,23.08679276123039,23.40939982143925,21.93171219946131,21.02379604162864,20.12461179749811
1784880299.472542,-57,0.0,16.76305461424021,16.55294535724685,18.384776310850235,19.924858845171276,19.4164878389476,20.223748416156685,19.026297590440446,18.0,15.033296378372908,13.038404810405298,11.045361017187261,9.0,7.0710678118654755,5.830951894845301,5.656854249492381,7.211102550927978,8.54400374531753,9.486832980505138,10.44030650891055,10.44030650891055,11.40175425099138,11.40175425099138,11.40175425099138,11.180339887498949,10.198039027185569,9.055385138137417,0.0,0.0,0.0,0.0,0.0,0.0,0.0,0.0,0.0,0.0,0.0,10.816653826391969,10.816653826391969,10.295630140987,9.848857801796104,8.54400374531753,8.246211251235321,7.0710678118654755,6.0,5.385164807134504,5.656854249492381,7.211102550927978,8.94427190999916,10.770329614269007,12.649110640673518,14.317821063276353,15.652475842498529,17.0,18.027756377319946,17.804493814764857,16.278820596099706,15.556349186104045,14.142135623730951,12.041594578792296,10.816653826391969,10.44030650891055,10.04987562112089
1784880299.554601,-57,0.0,25.298221281347036,21.540659228538015,17.46424919657298,14.866068747318506,11.40175425099138,10.0,9.486832980505138,10.295630140987,12.806248474865697,14.212670403551895,16.401219466856727,16.64331697709324,16.64331697709324,17.0,16.55294535724685,16.15549442140351,13.601470508735444,11.704699910719626,9.486832980505138,7.615773105863909,5.830951894845301,5.0,4.0,5.0990195135927845,5.830951894845301,7.810249675906654,0.0,0.0,0.0,0.0,0.0,0.0,0.0,0.0,0.0,0.0,0.0,5.385164807134504,6.0,7.280109889280518,8.94427190999916,9.433981132056603,12.206555615733702,12.806248474865697,13.601470508735444,15.0,15.811388300841896,15.811388300841896,15.264337522473747,14.422205101855956,13.038404810405298,11.40175425099138,9.899494936611665,9.433981132056603,9.219544457292887,12.041594578792296,14.0,17.029386365926403,20.0,23.0,25.079872407968907,27.294688127912362,27.892651361962706
1784880299.663451,-57,0.0,17.029386365926403,17.11724276862369,19.1049731745428,20.0,21.02379604162864,20.09975124224178,19.235384061671343,17.72004514666935,15.811388300841896,13.92838827718412,11.704699910719626,9.486832980505138,7.0710678118654755,6.082762530298219,6.708203932499369,7.810249675906654,8.48528137423857,10.0,10.816653826391969,10.816653826391969,12.206555615733702,12.206555615733702,11.40175425099138,10.816653826391969,10.295630140987,8.94427190999916,0.0,0.0,0.0,0.0,0.0,0.0,0.0,0.0,0.0,0.0,0.0,9.899494936611665,9.899494936611665,10.0,9.433981132056603,8.06225774829855,7.615773105863909,6.324555320336759,6.082762530298219,5.0990195135927845,5.830951894845301,7.0710678118654755,9.219544457292887,11.40175425099138,13.038404810405298,15.0,16.401219466856727,17.69180601295413,17.69180601295413,17.804493814764857,17.204650534085253,15.811388300841896,14.422205101855956,12.806248474865697,11.313708498984761,10.816653826391969,10.44030650891055
1784880299.771817,-57,0.0,14.7648230602334,16.1245154965971,18.788294228055936,18.788294228055936,20.248456731316587,19.924858845171276,18.439088914585774,17.26267650163207,15.033296378372908,13.0,11.0,9.0,7.0710678118654755,5.385164807134504,5.656854249492381,6.708203932499369,7.280109889280518,8.06225774829855,9.055385138137417,10.04987562112089,10.04987562112089,10.04987562112089,10.0,9.0,9.0,8.06225774829855,0.0,0.0,0.0,0.0,0.0,0.0,0.0,0.0,0.0,0.0,0.0,10.295630140987,10.770329614269007,10.770329614269007,10.44030650891055,9.219544457292887,8.06225774829855,7.0,6.082762530298219,5.830951894845301,6.4031242374328485,8.06225774829855,9.486832980505138,11.40175425099138,12.649110640673518,14.866068747318506,16.15549442140351,17.46424919657298,17.0,18.027756377319946,17.204650534085253,16.401219466856727,14.212670403551895,12.206555615733702,11.180339887498949,9.219544457292887,10.04987562112089
1784880299.8801842,-57,0.0,25.0,23.430749027719962,21.93171219946131,21.2602916254693,18.027756377319946,16.64331697709324,13.038404810405298,10.816653826391969,7.810249675906654,5.830951894845301,6.082762530298219,8.06225774829855,9.219544457292887,10.198039027185569,12.36931687685298,13.152946437965905,13.152946437965905,13.038404810405298,12.041594578792296,11.045361017187261,10.04987562112089,9.055385138137417,7.280109889280518,5.385164807134504,5.0,4.47213595499958,0.0,0.0,0.0,0.0,0.0,0.0,0.0,0.0,0.0,0.0,0.0,10.04987562112089,8.0,7.280109889280518,5.385164807134504,5.0,5.385164807134504,6.082762530298219,7.0,9.219544457292887,11.40175425099138,13.341664064126334,14.317821063276353,15.297058540778355,16.1245154965971,15.033296378372908,15.0,14.0,13.038404810405298,10.0,9.055385138137417,7.615773105863909,8.602325267042627,10.816653826391969,13.892443989449804,17.4928556845359,20.248456731316587
1784880299.989474,-57,0.0,25.495097567963924,24.331050121192877,23.08679276123039,22.0,19.026297590440446,17.11724276862369,14.142135623730951,11.045361017187261,9.0,7.280109889280518,7.211102550927978,7.810249675906654,9.219544457292887,10.816653826391969,12.206555615733702,12.806248474865697,12.806248474865697,12.806248474865697,12.041594578792296,11.313708498984761,9.899494936611665,9.219544457292887,7.810249675906654,5.830951894845301,4.47213595499958,3.0,0.0,0.0,0.0,0.0,0.0,0.0,0.0,0.0,0.0,0.0,0.0,8.94427190999916,8.54400374531753,7.0710678118654755,6.0,5.385164807134504,6.4031242374328485,6.4031242374328485,8.94427190999916,10.770329614269007,11.704699910719626,13.92838827718412,15.231546211727817,16.55294535724685,16.1245154965971,16.64331697709324,15.811388300841896,15.0,12.806248474865697,10.816653826391969,10.295630140987,9.219544457292887,10.0,12.36931687685298,14.866068747318506,18.027756377319946,20.248456731316587
1784880300.1000571,-57,0.0,26.1725046566048,23.08679276123039,23.0,21.095023109728988,18.24828759089466,16.492422502470642,13.341664064126334,10.44030650891055,8.06225774829855,6.082762530298219,5.830951894845301,7.0710678118654755,8.602325267042627,10.816653826391969,12.206555615733702,12.806248474865697,12.806248474865697,12.806248474865697,12.041594578792296,10.63014581273465,9.899494936611665,8.48528137423857,7.211102550927978,5.830951894845301,4.123105625617661,3.1622776601683795,0.0,0.0,0.0,0.0,0.0,0.0,0.0,0.0,0.0,0.0,0.0,9.899494936611665,8.602325267042627,8.06225774829855,6.324555320336759,6.0,5.385164807134504,6.4031242374328485,7.810249675906654,9.433981132056603,11.661903789690601,13.892443989449804,15.264337522473747,15.811388300841896,16.401219466856727,16.278820596099706,15.556349186104045,14.866068747318506,13.45362404707371,10.63014581273465,9.219544457292887,8.94427190999916,9.055385138137417,11.180339887498949,14.317821063276353,17.46424919657298,20.396078054371138
1784880300.212513,-57,0.0,13.601470508735444,10.63014581273465,10.770329614269007,12.36931687685298,14.035668847618199,17.029386365926403,18.027756377319946,19.1049731745428,20.223748416156685,19.6468827043885,18.973665961010276,17.46424919657298,15.652475842498529,13.416407864998739,11.180339887498949,9.848857801796104,7.280109889280518,6.0,5.830951894845301,5.656854249492381,7.211102550927978,8.54400374531753,9.486832980505138,10.44030650891055,11.180339887498949,11.045361017187261,0.0,0.0,0.0,0.0,0.0,0.0,0.0,0.0,0.0,0.0,0.0,8.602325267042627,9.219544457292887,11.313708498984761,12.041594578792296,12.806248474865697,12.806248474865697,12.206555615733702,12.206555615733702,11.661903789690601,10.295630140987,9.848857801796104,8.246211251235321,8.06225774829855,8.54400374531753,9.433981132056603,12.806248474865697,14.866068747318506,17.69180601295413,19.209372712298546,21.633307652783937,23.323807579381203,23.706539182259394,23.769728648009426,23.40939982143925,22.135943621178654,19.924858845171276
1784880300.324822,-57,0.0,12.041594578792296,9.486832980505138,9.219544457292887,11.40175425099138,13.038404810405298,15.264337522473747,16.64331697709324,17.804493814764857,18.439088914585774,18.384776310850235,17.029386365926403,15.811388300841896,14.422205101855956,12.206555615733702,10.295630140987,7.810249675906654,6.4031242374328485,5.385164807134504,5.0,6.324555320336759,8.06225774829855,8.602325267042627,10.63014581273465,10.63014581273465,11.313708498984761,12.041594578792296,0.0,0.0,0.0,0.0,0.0,0.0,0.0,0.0,0.0,0.0,0.0,8.0,9.055385138137417,10.198039027185569,11.180339887498949,11.40175425099138,11.40175425099138,10.770329614269007,10.770329614269007,10.770329614269007,9.848857801796104,8.06225774829855,7.0710678118654755,5.830951894845301,7.0710678118654755,8.0,10.198039027185569,13.341664064126334,15.297058540778355,17.11724276862369,19.026297590440446,21.0,21.095023109728988,21.213203435596427,20.396078054371138,19.4164878389476,17.46424919657298
1784880300.458752,-57,0.0,16.278820596099706,16.0312195418814,18.24828759089466,19.4164878389476,19.6468827043885,20.248456731316587,18.788294228055936,17.4928556845359,15.264337522473747,13.601470508735444,10.816653826391969,8.06225774829855,6.324555320336759,5.0,5.385164807134504,6.4031242374328485,8.48528137423857,9.219544457292887,10.0,10.63014581273465,11.40175425099138,11.40175425099138,11.40175425099138,10.816653826391969,9.433981132056603,8.94427190999916,0.0,0.0,0.0,0.0,0.0,0.0,0.0,0.0,0.0,0.0,0.0,11.40175425099138,11.704699910719626,10.770329614269007,10.295630140987,9.433981132056603,8.602325267042627,6.4031242374328485,6.4031242374328485,5.385164807134504,6.0,6.708203932499369,8.602325267042627,10.816653826391969,12.206555615733702,14.422205101855956,16.1245154965971,16.55294535724685,17.46424919657298,16.76305461424021,16.492422502470642,15.297058540778355,14.142135623730951,11.40175425099138,10.770329614269007,9.219544457292887,9.433981132056603
1784880300.541568,-57,0.0,14.7648230602334,16.1245154965971,17.88854381999832,18.788294228055936,19.313207915827967,18.681541692269406,17.46424919657298,16.1245154965971,15.033296378372908,13.038404810405298,10.0,8.06225774829855,6.324555320336759,5.0,5.830951894845301,6.324555320336759,8.06225774829855,9.055385138137417,10.04987562112089,10.0,11.0,11.0,11.0,10.0,10.04987562112089,9.055385138137417,0.0,0.0,0.0,0.0,0.0,0.0,0.0,0.0,0.0,0.0,0.0,9.899494936611665,10.63014581273465,10.0,9.433981132056603,8.06225774829855,7.615773105863909,6.324555320336759,5.0,5.0990195135927845,5.0,7.211102550927978,7.615773105863909,9.848857801796104,11.704699910719626,13.0,15.231546211727817,16.1245154965971,16.64331697709324,16.401219466856727,15.620499351813308,14.142135623730951,12.727922061357855,11.40175425099138,9.433981132056603,9.219544457292887,10.04987562112089
1784880300.5689118,-57,0.0,25.179356624028344,24.020824298928627,23.0,21.095023109728988,19.235384061671343,16.492422502470642,13.341664064126334,11.180339887498949,9.055385138137417,7.0710678118654755,6.708203932499369,7.810249675906654,9.219544457292887,10.63014581273465,12.041594578792296,13.45362404707371,13.45362404707371,12.727922061357855,12.041594578792296,10.63014581273465,10.63014581273465,8.48528137423857,7.0710678118654755,6.4031242374328485,4.47213595499958,3.0,0.0,0.0,0.0,0.0,0.0,0.0,0.0,0.0,0.0,0.0,0.0,9.219544457292887,8.06225774829855,6.708203932499369,6.082762530298219,6.082762530298219,5.830951894845301,7.0710678118654755,8.602325267042627,10.295630140987,12.529964086141668,13.892443989449804,15.264337522473747,15.811388300841896,15.811388300841896,15.620499351813308,16.278820596099706,14.866068747318506,12.727922061357855,11.313708498984761,10.0,8.94427190999916,10.04987562112089,11.045361017187261,14.317821063276353,17.46424919657298,20.396078054371138
1784880300.678366,-57,0.0,12.529964086141668,8.94427190999916,9.0,11.180339887498949,12.649110640673518,15.231546211727817,17.08800749063506,17.72004514666935,17.46424919657298,18.24828759089466,17.029386365926403,16.0,14.035668847618199,12.041594578792296,10.04987562112089,8.0,6.082762530298219,4.47213595499958,4.47213595499958,5.0990195135927845,7.0,8.06225774829855,9.219544457292887,10.44030650891055,10.44030650891055,10.770329614269007,0.0,0.0,0.0,0.0,0.0,0.0,0.0,0.0,0.0,0.0,0.0,9.433981132056603,10.295630140987,10.770329614269007,12.649110640673518,12.649110640673518,12.649110640673518,12.649110640673518,12.36931687685298,12.165525060596439,11.180339887498949,9.055385138137417,8.06225774829855,7.615773105863909,7.810249675906654,9.219544457292887,11.180339887498949,13.416407864998739,15.652475842498529,18.35755975068582,20.248456731316587,21.400934559032695,22.67156809750927,21.93171219946131,21.93171219946131,20.518284528683193,19.209372712298546
1784880300.7883892,-57,0.0,24.758836806279895,24.20743687382041,23.021728866442675,21.95449840010015,19.235384061671343,16.55294535724685,13.92838827718412,11.180339887498949,8.602325267042627,7.810249675906654,7.615773105863909,8.246211251235321,10.04987562112089,11.0,13.038404810405298,14.035668847618199,14.035668847618199,14.142135623730951,13.152946437965905,11.180339887498949,11.180339887498949,9.055385138137417,8.06225774829855,6.0,5.0990195135927845,3.605551275463989,0.0,0.0,0.0,0.0,0.0,0.0,0.0,0.0,0.0,0.0,0.0,8.246211251235321,7.0,6.082762530298219,5.385164807134504,5.656854249492381,5.385164807134504,6.082762530298219,8.0,10.04987562112089,12.165525060596439,14.142135623730951,15.033296378372908,16.0312195418814,16.0,16.0312195418814,16.1245154965971,14.317821063276353,13.152946437965905,11.045361017187261,10.0,9.219544457292887,9.433981132056603,12.041594578792296,14.866068747318506,18.439088914585774,21.2602916254693
1784880300.895905,-57,0.0,24.041630560342615,24.351591323771842,22.847319317591726,21.470910553583888,18.867962264113206,16.401219466856727,13.601470508735444,10.816653826391969,8.54400374531753,7.0710678118654755,7.0710678118654755,8.54400374531753,9.848857801796104,11.180339887498949,13.416407864998739,13.416407864998739,13.92838827718412,13.92838827718412,12.649110640673518,11.704699910719626,10.44030650891055,9.486832980505138,8.54400374531753,6.708203932499369,5.656854249492381,4.47213595499958,0.0,0.0,0.0,0.0,0.0,0.0,0.0,0.0,0.0,0.0,0.0,8.06225774829855,7.211102550927978,5.656854249492381,4.47213595499958,4.0,5.0990195135927845,5.830951894845301,7.810249675906654,9.899494936611665,11.313708498984761,13.45362404707371,14.866068747318506,15.0,15.811388300841896,15.264337522473747,14.7648230602334,13.416407864998739,12.083045973594572,10.295630140987,8.602325267042627,8.602325267042627,9.486832980505138,12.165525060596439,14.142135623730951,18.110770276274835,20.223748416156685
1784880301.0033998,-57,0.0,12.083045973594572,9.899494936611665,9.848857801796104,11.40175425099138,13.152946437965905,15.132745950421556,17.11724276862369,18.439088914585774,18.681541692269406,18.027756377319946,17.46424919657298,16.1245154965971,14.422205101855956,12.206555615733702,9.433981132056603,8.06225774829855,5.385164807134504,5.0990195135927845,5.0,6.4031242374328485,8.06225774829855,8.94427190999916,10.770329614269007,10.770329614269007,11.40175425099138,12.36931687685298,0.0,0.0,0.0,0.0,0.0,0.0,0.0,0.0,0.0,0.0,0.0,8.94427190999916,10.0,10.63014581273465,12.727922061357855,12.727922061357855,12.727922061357855,12.041594578792296,12.041594578792296,11.40175425099138,10.0,9.433981132056603,7.615773105863909,7.0,7.280109889280518,8.06225774829855,11.40175425099138,13.45362404707371,16.401219466856727,18.027756377319946,20.248456731316587,21.470910553583888,21.93171219946131,22.135943621178654,21.587033144922902,19.4164878389476,17.46424919657298
1784880301.247234,-57,0.0,24.758836806279895,23.430749027719962,22.20360331117452,20.591260281974,17.46424919657298,16.15549442140351,12.649110640673518,9.848857801796104,8.06225774829855,6.4031242374328485,6.324555320336759,7.0710678118654755,9.055385138137417,11.0,12.041594578792296,12.041594578792296,13.152946437965905,12.165525060596439,12.165525060596439,10.198039027185569,10.198039027185569,8.246211251235321,7.0710678118654755,5.0,4.123105625617661,4.242640687119285,0.0,0.0,0.0,0.0,0.0,0.0,0.0,0.0,0.0,0.0,0.0,10.04987562112089,8.0,7.0710678118654755,6.324555320336759,5.656854249492381,5.830951894845301,6.082762530298219,7.0,9.055385138137417,11.180339887498949,13.152946437965905,14.142135623730951,15.033296378372908,15.0,15.033296378372908,15.033296378372908,14.142135623730951,12.165525060596439,10.04987562112089,9.0,8.246211251235321,8.602325267042627,11.313708498984761,14.212670403551895,17.029386365926403,19.849433241279208
1784880301.356555,-57,0.0,25.495097567963924,24.20743687382041,22.47220505424423,21.470910553583888,18.788294228055936,16.15549442140351,13.0,9.848857801796104,8.602325267042627,6.4031242374328485,7.615773105863909,8.246211251235321,10.04987562112089,12.041594578792296,13.152946437965905,14.142135623730951,14.142135623730951,13.341664064126334,13.341664064126334,11.40175425099138,11.180339887498949,9.219544457292887,8.06225774829855,6.0,5.0990195135927845,5.0,0.0,0.0,0.0,0.0,0.0,0.0,0.0,0.0,0.0,0.0,0.0,8.06225774829855,7.0,6.082762530298219,5.385164807134504,4.242640687119285,4.47213595499958,6.0,7.0710678118654755,9.219544457292887,11.180339887498949,13.152946437965905,14.142135623730951,15.033296378372908,15.0,15.0,15.033296378372908,14.142135623730951,12.165525060596439,10.04987562112089,9.0,8.54400374531753,9.433981132056603,12.041594578792296,14.866068747318506,18.439088914585774,20.518284528683193
1784880301.466877,-57,0.0,24.758836806279895,21.213203435596427,16.97056274847714,14.866068747318506,10.816653826391969,9.486832980505138,10.04987562112089,11.180339887498949,12.36931687685298,15.524174696260024,16.492422502470642,17.26267650163207,18.110770276274835,17.0,17.029386365926403,16.0312195418814,14.142135623730951,12.041594578792296,10.04987562112089,8.0,6.082762530298219,5.830951894845301,5.830951894845301,6.324555320336759,8.06225774829855,9.055385138137417,0.0,0.0,0.0,0.0,0.0,0.0,0.0,0.0,0.0,0.0,0.0,5.0,5.385164807134504,6.0,7.280109889280518,9.486832980505138,10.770329614269007,11.704699910719626,13.0,13.92838827718412,15.231546211727817,15.811388300841896,14.866068747318506,13.601470508735444,12.649110640673518,10.770329614269007,9.433981132056603,8.48528137423857,9.433981132056603,10.770329614269007,13.601470508735444,17.72004514666935,19.924858845171276,23.769728648009426,25.495097567963924,26.419689627245813,28.0178514522438
1784880301.578424,-57,0.0,13.0,10.198039027185569,10.198039027185569,11.704699910719626,13.416407864998739,16.1245154965971,17.0,18.788294228055936,19.313207915827967,18.681541692269406,17.26267650163207,16.1245154965971,14.035668847618199,13.038404810405298,11.045361017187261,8.06225774829855,6.324555320336759,5.0,5.830951894845301,6.082762530298219,8.0,9.055385138137417,10.198039027185569,10.198039027185569,11.40175425099138,11.704699910719626,0.0,0.0,0.0,0.0,0.0,0.0,0.0,0.0,0.0,0.0,0.0,8.06225774829855,9.486832980505138,10.198039027185569,10.198039027185569,11.180339887498949,11.045361017187261,11.045361017187261,11.045361017187261,11.0,9.0,8.06225774829855,7.615773105863909,6.4031242374328485,7.211102550927978,8.94427190999916,11.40175425099138,13.601470508735444,15.811388300841896,18.027756377319946,19.697715603592208,21.470910553583888,22.47220505424423,21.633307652783937,21.400934559032695,19.849433241279208,18.439088914585774
1784880301.6880808,-57,0.0,23.323807579381203,23.853720883753127,22.02271554554524,20.518284528683193,18.384776310850235,15.620499351813308,13.45362404707371,10.63014581273465,7.810249675906654,7.615773105863909,7.0710678118654755,8.06225774829855,10.198039027185569,11.180339887498949,12.165525060596439,13.152946437965905,14.142135623730951,13.038404810405298,12.041594578792296,11.045361017187261,11.045361017187261,9.055385138137417,8.06225774829855,6.324555320336759,5.830951894845301,5.0,0.0,0.0,0.0,0.0,0.0,0.0,0.0,0.0,0.0,0.0,0.0,8.246211251235321,7.280109889280518,5.830951894845301,5.0,4.47213595499958,5.0,6.324555320336759,7.615773105863909,9.433981132056603,11.661903789690601,13.038404810405298,13.892443989449804,14.317821063276353,14.866068747318506,14.866068747318506,14.560219778561036,13.341664064126334,12.165525060596439,10.44030650891055,8.54400374531753,8.602325267042627,9.219544457292887,11.180339887498949,13.92838827718412,17.08800749063506,20.615528128088304
1784880301.7969081,-57,0.0,24.839484696748443,20.0,17.204650534085253,13.601470508735444,10.63014581273465,8.94427190999916,9.219544457292887,11.0,13.038404810405298,14.142135623730951,16.0312195418814,16.0,17.0,17.11724276862369,16.278820596099706,15.297058540778355,13.341664064126334,11.40175425099138,10.198039027185569,8.06225774829855,6.082762530298219,5.385164807134504,5.656854249492381,6.324555320336759,7.0710678118654755,9.0,0.0,0.0,0.0,0.0,0.0,0.0,0.0,0.0,0.0,0.0,0.0,4.47213595499958,5.0,6.324555320336759,7.0,9.055385138137417,10.04987562112089,11.180339887498949,13.152946437965905,14.142135623730951,14.142135623730951,15.132745950421556,14.035668847618199,13.038404810405298,12.041594578792296,10.04987562112089,9.486832980505138,8.06225774829855,9.219544457292887,10.816653826391969,13.416407864998739,17.0,19.235384061671343,22.47220505424423,25.0,26.248809496813376,26.870057685088806
1784880301.907755,-57,0.0,16.97056274847714,16.401219466856727,18.439088914585774,19.79898987322333,19.849433241279208,20.0,18.867962264113206,17.88854381999832,15.231546211727817,12.649110640673518,10.770329614269007,7.615773105863909,5.830951894845301,4.47213595499958,5.0990195135927845,6.082762530298219,8.246211251235321,9.486832980505138,9.848857801796104,10.770329614269007,11.704699910719626,10.770329614269007,10.770329614269007,10.295630140987,9.433981132056603,8.602325267042627,0.0,0.0,0.0,0.0,0.0,0.0,0.0,0.0,0.0,0.0,0.0,12.083045973594572,11.704699910719626,11.40175425099138,11.40175425099138,10.198039027185569,9.055385138137417,7.0,6.082762530298219,5.830951894845301,5.830951894845301,7.280109889280518,9.055385138137417,11.045361017187261,13.038404810405298,15.132745950421556,16.1245154965971,17.46424919657298,17.72004514666935,18.027756377319946,17.46424919657298,15.652475842498529,13.416407864998739,11.704699910719626,10.198039027185569,9.055385138137417,9.486832980505138
1784880302.017005,-57,0.0,25.0,20.248456731316587,16.64331697709324,14.422205101855956,10.63014581273465,8.602325267042627,9.219544457292887,10.0,12.041594578792296,14.035668847618199,15.033296378372908,16.0,16.0312195418814,16.1245154965971,16.278820596099706,14.560219778561036,13.341664064126334,10.44030650891055,8.246211251235321,7.0710678118654755,5.0,3.605551275463989,3.605551275463989,5.0990195135927845,6.0,8.246211251235321,0.0,0.0,0.0,0.0,0.0,0.0,0.0,0.0,0.0,0.0,0.0,5.830951894845301,6.4031242374328485,7.615773105863909,8.246211251235321,10.04987562112089,11.0,12.0,14.035668847618199,15.033296378372908,16.0,16.0,15.0,14.0,13.038404810405298,11.0,10.198039027185569,8.54400374531753,9.219544457292887,10.0,13.892443989449804,16.1245154965971,19.72308292331602,22.20360331117452,24.839484696748443,26.90724809414742,27.65863337187866
1784880302.151888,-57,0.0,24.596747752497688,20.615528128088304,17.08800749063506,14.317821063276353,10.295630140987,8.48528137423857,8.94427190999916,10.198039027185569,12.041594578792296,13.038404810405298,15.132745950421556,16.278820596099706,16.492422502470642,16.76305461424021,16.15549442140351,15.231546211727817,13.416407864998739,11.180339887498949,8.94427190999916,6.324555320336759,5.0990195135927845,4.123105625617661,4.242640687119285,5.0990195135927845,6.082762530298219,8.0,0.0,0.0,0.0,0.0,0.0,0.0,0.0,0.0,0.0,0.0,0.0,6.324555320336759,6.4031242374328485,7.211102550927978,8.54400374531753,10.44030650891055,11.180339887498949,13.152946437965905,14.142135623730951,15.297058540778355,16.278820596099706,16.278820596099706,15.297058540778355,14.317821063276353,12.36931687685298,11.180339887498949,10.0,8.246211251235321,8.94427190999916,10.63014581273465,13.45362404707371,17.029386365926403,20.518284528683193,22.627416997969522,24.839484696748443,26.40075756488817,27.784887978899608
1784880302.2599318,-57,0.0,24.186773244895647,19.4164878389476,15.811388300841896,13.038404810405298,9.848857801796104,8.06225774829855,8.246211251235321,10.295630140987,12.206555615733702,13.892443989449804,15.264337522473747,16.1245154965971,16.55294535724685,17.08800749063506,15.524174696260024,14.317821063276353,13.341664064126334,11.180339887498949,9.219544457292887,6.708203932499369,5.656854249492381,4.47213595499958,5.0,6.324555320336759,7.615773105863909,9.433981132056603,0.0,0.0,0.0,0.0,0.0,0.0,0.0,0.0,0.0,0.0,0.0,5.830951894845301,5.830951894845301,6.082762530298219,7.0710678118654755,8.246211251235321,9.486832980505138,10.770329614269007,13.0,13.92838827718412,14.866068747318506,14.866068747318506,13.92838827718412,12.649110640673518,11.704699910719626,10.44030650891055,8.06225774829855,7.0710678118654755,8.06225774829855,10.198039027185569,13.152946437965905,16.1245154965971,19.235384061671343,22.360679774997898,23.769728648009426,26.570660511172846,26.832815729997478
1784880302.367388,-57,0.0,11.704699910719626,8.94427190999916,9.219544457292887,11.180339887498949,13.0,14.866068747318506,15.811388300841896,17.08800749063506,17.88854381999832,17.4928556845359,17.204650534085253,15.620499351813308,13.45362404707371,12.041594578792296,9.899494936611665,7.810249675906654,5.830951894845301,5.0990195135927845,4.123105625617661,5.0,6.4031242374328485,7.211102550927978,8.94427190999916,9.848857801796104,9.848857801796104,10.44030650891055,0.0,0.0,0.0,0.0,0.0,0.0,0.0,0.0,0.0,0.0,0.0,8.54400374531753,10.295630140987,10.816653826391969,12.206555615733702,12.806248474865697,12.806248474865697,12.041594578792296,12.806248474865697,11.313708498984761,10.63014581273465,9.219544457292887,8.06225774829855,7.280109889280518,8.0,9.219544457292887,10.770329614269007,13.416407864998739,15.652475842498529,18.384776310850235,20.248456731316587,20.8806130178211,21.37755832643195,22.20360331117452,21.095023109728988,20.09975124224178,18.027756377319946
1784880302.477108,-57,0.0,25.0,19.4164878389476,17.26267650163207,13.341664064126334,9.848857801796104,9.219544457292887,9.433981132056603,10.44030650891055,12.36931687685298,14.317821063276353,15.524174696260024,16.76305461424021,17.08800749063506,17.46424919657298,16.1245154965971,15.264337522473747,13.892443989449804,11.661903789690601,10.295630140987,7.615773105863909,6.082762530298219,5.0990195135927845,5.0,6.4031242374328485,7.615773105863909,9.219544457292887,0.0,0.0,0.0,0.0,0.0,0.0,0.0,0.0,0.0,0.0,0.0,5.0990195135927845,5.0990195135927845,5.656854249492381,7.211102550927978,8.94427190999916,10.770329614269007,10.770329614269007,13.0,13.92838827718412,15.231546211727817,15.231546211727817,14.317821063276353,13.416407864998739,12.083045973594572,9.848857801796104,8.246211251235321,8.0,8.54400374531753,10.816653826391969,13.601470508735444,16.401219466856727,20.0,22.47220505424423,25.059928172283335,26.40075756488817,27.51363298439521
1784880302.586405,-57,0.0,16.76305461424021,17.08800749063506,18.973665961010276,20.615528128088304,21.37755832643195,21.213203435596427,20.024984394500787,19.0,16.0312195418814,14.142135623730951,12.041594578792296,9.0,7.0710678118654755,6.324555320336759,6.4031242374328485,7.211102550927978,8.94427190999916,9.848857801796104,10.44030650891055,10.44030650891055,11.40175425099138,11.40175425099138,11.40175425099138,11.40175425099138,10.198039027185569,9.055385138137417,0.0,0.0,0.0,0.0,0.0,0.0,0.0,0.0,0.0,0.0,0.0,9.899494936611665,10.63014581273465,10.0,10.0,8.06225774829855,7.615773105863909,6.324555320336759,6.0,5.385164807134504,6.4031242374328485,7.211102550927978,9.848857801796104,11.180339887498949,13.416407864998739,14.7648230602334,16.64331697709324,18.027756377319946,18.439088914585774,17.69180601295413,17.69180601295413,16.278820596099706,14.212670403551895,12.727922061357855,10.816653826391969,10.770329614269007,11.045361017187261
1784880302.641475,-57,0.0,25.019992006393608,24.020824298928627,23.08679276123039,21.37755832643195,19.6468827043885,16.76305461424021,13.92838827718412,11.704699910719626,9.219544457292887,7.0,7.280109889280518,8.06225774829855,9.219544457292887,10.63014581273465,12.041594578792296,13.45362404707371,12.806248474865697,13.601470508735444,12.206555615733702,10.816653826391969,10.816653826391969,8.602325267042627,7.810249675906654,5.656854249492381,5.0,4.123105625617661,0.0,0.0,0.0,0.0,0.0,0.0,0.0,0.0,0.0,0.0,0.0,9.219544457292887,8.06225774829855,6.324555320336759,6.082762530298219,6.082762530298219,5.830951894845301,7.0710678118654755,8.602325267042627,10.816653826391969,12.529964086141668,13.892443989449804,15.264337522473747,15.811388300841896,16.401219466856727,16.278820596099706,16.278820596099706,14.866068747318506,13.45362404707371,12.041594578792296,10.63014581273465,8.94427190999916,10.198039027185569,12.0,14.142135623730951,17.26267650163207,21.213203435596427
1784880302.6964722,-57,0.0,25.238858928247925,20.591260281974,17.0,13.892443989449804,10.63014581273465,9.433981132056603,9.219544457292887,11.0,12.041594578792296,14.035668847618199,16.0312195418814,17.0,17.029386365926403,17.11724276862369,16.492422502470642,15.524174696260024,13.601470508735444,12.36931687685298,9.219544457292887,8.06225774829855,6.082762530298219,5.385164807134504,5.656854249492381,6.324555320336759,7.0710678118654755,9.0,0.0,0.0,0.0,0.0,0.0,0.0,0.0,0.0,0.0,0.0,0.0,5.0990195135927845,5.0,5.830951894845301,7.280109889280518,9.055385138137417,10.0,12.0,13.0,14.035668847618199,15.033296378372908,15.033296378372908,14.035668847618199,13.038404810405298,12.041594578792296,10.04987562112089,9.055385138137417,7.615773105863909,9.219544457292887,11.40175425099138,13.038404810405298,16.64331697709324,20.0,22.80350850198276,25.495097567963924,26.1725046566048,27.018512172212592
1784880302.8080692,-57,0.0,13.45362404707371,10.0,10.44030650891055,12.165525060596439,14.0,17.029386365926403,18.027756377319946,19.026297590440446,19.1049731745428,19.235384061671343,18.681541692269406,16.76305461424021,14.866068747318506,13.0,10.770329614269007,8.246211251235321,7.0,6.082762530298219,5.656854249492381,6.4031242374328485,7.615773105863909,9.486832980505138,10.198039027185569,11.180339887498949,12.165525060596439,12.041594578792296,0.0,0.0,0.0,0.0,0.0,0.0,0.0,0.0,0.0,0.0,0.0,8.06225774829855,9.219544457292887,10.63014581273465,11.313708498984761,11.40175425099138,12.041594578792296,11.40175425099138,11.40175425099138,10.816653826391969,9.433981132056603,8.94427190999916,7.280109889280518,7.0,7.615773105863909,8.602325267042627,11.313708498984761,14.142135623730951,16.278820596099706,18.439088914585774,20.615528128088304,22.47220505424423,22.825424421026653,22.360679774997898,21.540659228538015,21.18962010041709,18.973665961010276
1784880302.943794,-58,0.0,24.186773244895647,23.706539182259394,23.769728648009426,22.135943621178654,19.6468827043885,17.26267650163207,14.142135623730951,11.180339887498949,9.219544457292887,6.708203932499369,6.4031242374328485,7.615773105863909,8.246211251235321,10.198039027185569,11.180339887498949,12.36931687685298,12.649110640673518,12.649110640673518,11.704699910719626,10.770329614269007,10.770329614269007,8.54400374531753,7.280109889280518,6.082762530298219,4.0,3.605551275463989,0.0,0.0,0.0,0.0,0.0,0.0,0.0,0.0,0.0,0.0,0.0,9.848857801796104,8.54400374531753,7.0710678118654755,6.0,5.385164807134504,5.656854249492381,5.830951894845301,8.54400374531753,10.44030650891055,12.165525060596439,14.142135623730951,15.297058540778355,15.524174696260024,16.76305461424021,16.15549442140351,16.15549442140351,15.652475842498529,13.416407864998739,12.083045973594572,9.486832980505138,9.055385138137417,9.219544457292887,11.180339887498949,13.601470508735444,17.204650534085253,20.0
1784880303.052091,-58,0.0,14.422205101855956,17.204650534085253,18.601075237738275,20.248456731316587,19.72308292331602,20.12461179749811,19.313207915827967,18.027756377319946,16.492422502470642,14.317821063276353,12.165525060596439,9.219544457292887,7.280109889280518,5.830951894845301,5.0,6.324555320336759,7.0,8.0,9.055385138137417,10.04987562112089,10.04987562112089,10.198039027185569,10.198039027185569,10.198039027185569,9.219544457292887,7.615773105863909,0.0,0.0,0.0,0.0,0.0,0.0,0.0,0.0,0.0,0.0,0.0,11.180339887498949,10.770329614269007,10.770329614269007,10.44030650891055,10.198039027185569,9.055385138137417,7.0,7.0710678118654755,5.830951894845301,6.4031242374328485,8.06225774829855,9.486832980505138,11.40175425099138,13.341664064126334,14.560219778561036,16.76305461424021,18.027756377319946,18.788294228055936,17.88854381999832,17.4928556845359,16.64331697709324,15.811388300841896,13.038404810405298,11.180339887498949,10.198039027185569,10.198039027185569
1784880303.1605499,-57,0.0,25.298221281347036,20.615528128088304,17.46424919657298,13.92838827718412,10.44030650891055,9.0,8.54400374531753,10.0,12.041594578792296,13.45362404707371,14.866068747318506,15.620499351813308,15.811388300841896,16.64331697709324,15.652475842498529,15.652475842498529,13.416407864998739,11.180339887498949,8.94427190999916,7.211102550927978,5.656854249492381,5.385164807134504,5.0,6.324555320336759,7.211102550927978,9.219544457292887,0.0,0.0,0.0,0.0,0.0,0.0,0.0,0.0,0.0,0.0,0.0,5.656854249492381,5.385164807134504,6.0,7.280109889280518,8.06225774829855,10.295630140987,10.816653826391969,13.601470508735444,14.422205101855956,14.422205101855956,15.264337522473747,14.7648230602334,13.416407864998739,11.661903789690601,10.295630140987,8.602325267042627,7.810249675906654,8.246211251235321,10.04987562112089,13.038404810405298,16.0312195418814,19.026297590440446,22.0,24.08318915758459,26.30589287593181,26.92582403567252
1784880303.2685912,-57,0.0,26.248809496813376,24.041630560342615,23.53720459187964,22.090722034374522,20.024984394500787,18.0,15.0,12.0,9.055385138137417,7.615773105863909,7.810249675906654,8.602325267042627,9.433981132056603,11.180339887498949,12.529964086141668,13.892443989449804,13.892443989449804,14.422205101855956,13.038404810405298,12.206555615733702,11.40175425099138,10.0,8.06225774829855,6.708203932499369,5.0990195135927845,4.0,0.0,0.0,0.0,0.0,0.0,0.0,0.0,0.0,0.0,0.0,0.0,8.602325267042627,7.615773105863909,6.324555320336759,5.0,5.385164807134504,5.656854249492381,6.708203932499369,8.54400374531753,9.486832980505138,12.36931687685298,13.601470508735444,15.524174696260024,15.811388300841896,16.55294535724685,16.55294535724685,16.1245154965971,15.264337522473747,13.038404810405298,11.661903789690601,9.848857801796104,9.219544457292887,10.04987562112089,11.704699910719626,15.231546211727817,17.88854381999832,21.02379604162864
1784880303.375968,-57,0.0,17.46424919657298,17.0,19.235384061671343,20.615528128088304,21.18962010041709,20.8806130178211,20.396078054371138,18.24828759089466,17.029386365926403,15.033296378372908,12.041594578792296,10.04987562112089,7.280109889280518,6.708203932499369,6.4031242374328485,6.708203932499369,8.246211251235321,10.198039027185569,11.180339887498949,11.180339887498949,12.165525060596439,12.041594578792296,12.041594578792296,11.045361017187261,10.0,9.055385138137417,0.0,0.0,0.0,0.0,0.0,0.0,0.0,0.0,0.0,0.0,0.0,10.0,10.816653826391969,10.295630140987,9.848857801796104,8.54400374531753,8.246211251235321,7.0710678118654755,6.082762530298219,5.385164807134504,5.656854249492381,8.06225774829855,9.486832980505138,11.40175425099138,13.601470508735444,14.866068747318506,17.08800749063506,17.88854381999832,18.35755975068582,18.027756377319946,17.804493814764857,17.029386365926403,14.866068747318506,12.806248474865697,11.180339887498949,10.44030650891055,11.0
1784880303.484691,-57,0.0,15.811388300841896,15.620499351813308,17.804493814764857,19.4164878389476,19.72308292331602,20.12461179749811,18.384776310850235,16.76305461424021,15.524174696260024,13.152946437965905,11.045361017187261,9.055385138137417,6.324555320336759,5.0,5.830951894845301,6.082762530298219,8.06225774829855,9.0,10.04987562112089,10.0,11.045361017187261,11.045361017187261,11.045361017187261,10.04987562112089,9.055385138137417,8.246211251235321,0.0,0.0,0.0,0.0,0.0,0.0,0.0,0.0,0.0,0.0,0.0,11.40175425099138,11.40175425099138,11.180339887498949,11.045361017187261,10.0,9.0,8.06225774829855,6.324555320336759,6.4031242374328485,5.830951894845301,7.615773105863909,9.219544457292887,11.045361017187261,13.038404810405298,14.142135623730951,16.278820596099706,17.46424919657298,17.72004514666935,17.08800749063506,17.46424919657298,15.652475842498529,14.7648230602334,13.0,10.44030650891055,10.04987562112089,10.198039027185569
1784880303.618656,-57,0.0,23.600847442411894,19.1049731745428,16.278820596099706,12.806248474865697,10.295630140987,8.246211251235321,8.0,10.44030650891055,11.704699910719626,13.0,14.866068747318506,15.524174696260024,16.492422502470642,16.278820596099706,15.132745950421556,14.035668847618199,12.0,11.045361017187261,9.055385138137417,7.0710678118654755,5.830951894845301,5.0,5.385164807134504,6.0,7.0710678118654755,8.54400374531753,0.0,0.0,0.0,0.0,0.0,0.0,0.0,0.0,0.0,0.0,0.0,5.0,5.830951894845301,6.082762530298219,7.0710678118654755,8.246211251235321,9.486832980505138,10.770329614269007,13.0,13.92838827718412,13.92838827718412,13.92838827718412,13.601470508735444,12.36931687685298,11.704699910719626,10.44030650891055,8.94427190999916,7.810249675906654,8.06225774829855,10.44030650891055,12.36931687685298,15.524174696260024,18.681541692269406,20.8806130178211,23.769728648009426,25.495097567963924,26.419689627245813
1784880303.67655,-57,0.0,14.035668847618199,10.198039027185569,10.295630140987,12.041594578792296,14.142135623730951,16.278820596099706,16.97056274847714,18.384776310850235,18.439088914585774,18.601075237738275,17.4928556845359,15.652475842498529,15.231546211727817,13.0,10.770329614269007,8.94427190999916,7.211102550927978,5.0,5.0990195135927845,5.0,6.324555320336759,7.615773105863909,9.433981132056603,9.433981132056603,10.0,10.63014581273465,0.0,0.0,0.0,0.0,0.0,0.0,0.0,0.0,0.0,0.0,0.0,9.055385138137417,10.198039027185569,11.40175425099138,12.649110640673518,12.083045973594572,13.0,12.083045973594572,12.529964086141668,11.661903789690601,11.661903789690601,10.0,8.48528137423857,8.06225774829855,8.246211251235321,10.04987562112089,12.041594578792296,14.142135623730951,17.11724276862369,19.026297590440446,21.0,22.02271554554524,22.20360331117452,22.360679774997898,22.561028345356956,20.615528128088304,18.973665961010276
1784880303.730881,-57,0.0,16.401219466856727,16.64331697709324,18.867962264113206,20.808652046684813,20.615528128088304,21.93171219946131,20.518284528683193,19.209372712298546,17.204650534085253,15.264337522473747,12.529964086141668,10.816653826391969,7.810249675906654,6.4031242374328485,6.324555320336759,7.0,8.246211251235321,9.486832980505138,10.770329614269007,10.770329614269007,12.083045973594572,11.180339887498949,11.180339887498949,11.180339887498949,10.295630140987,8.602325267042627,0.0,0.0,0.0,0.0,0.0,0.0,0.0,0.0,0.0,0.0,0.0,10.04987562112089,10.04987562112089,10.0,10.04987562112089,9.055385138137417,8.246211251235321,7.280109889280518,5.830951894845301,6.4031242374328485,6.324555320336759,8.0,9.055385138137417,11.180339887498949,13.341664064126334,15.132745950421556,17.11724276862369,18.0,19.026297590440446,19.1049731745428,18.24828759089466,17.46424919657298,15.524174696260024,14.142135623730951,12.0,11.180339887498949,11.180339887498949
1784880303.838927,-57,0.0,14.317821063276353,10.04987562112089,10.198039027185569,12.083045973594572,13.416407864998739,16.1245154965971,17.4928556845359,18.788294228055936,18.384776310850235,18.973665961010276,17.72004514666935,16.278820596099706,15.132745950421556,13.038404810405298,11.045361017187261,9.055385138137417,7.280109889280518,5.830951894845301,5.0,5.0990195135927845,7.0,8.06225774829855,9.219544457292887,9.219544457292887,10.44030650891055,10.770329614269007,0.0,0.0,0.0,0.0,0.0,0.0,0.0,0.0,0.0,0.0,0.0,9.055385138137417,10.0,11.045361017187261,12.165525060596439,12.165525060596439,13.152946437965905,12.165525060596439,12.36931687685298,11.40175425099138,11.40175425099138,9.848857801796104,8.602325267042627,8.48528137423857,8.94427190999916,9.486832980505138,12.165525060596439,14.142135623730951,17.11724276862369,18.24828759089466,20.615528128088304,22.135943621178654,22.847319317591726,23.259406699226016,22.825424421026653,21.095023109728988,18.867962264113206
1784880303.947669,-57,0.0,13.45362404707371,10.0,10.44030650891055,12.165525060596439,14.035668847618199,17.0,18.027756377319946,19.1049731745428,19.235384061671343,18.681541692269406,18.973665961010276,17.08800749063506,15.231546211727817,13.416407864998739,11.180339887498949,9.486832980505138,7.0710678118654755,6.082762530298219,5.830951894845301,6.4031242374328485,8.06225774829855,8.94427190999916,10.770329614269007,11.704699910719626,11.40175425099138,12.36931687685298,0.0,0.0,0.0,0.0,0.0,0.0,0.0,0.0,0.0,0.0,0.0,7.810249675906654,9.219544457292887,10.63014581273465,11.40175425099138,12.206555615733702,11.661903789690601,11.661903789690601,11.661903789690601,11.180339887498949,9.848857801796104,8.54400374531753,8.06225774829855,7.0710678118654755,7.615773105863909,9.219544457292887,11.313708498984761,14.142135623730951,16.278820596099706,19.1049731745428,20.615528128088304,22.20360331117452,22.47220505424423,22.825424421026653,21.93171219946131,20.615528128088304,19.313207915827967
1784880304.05619,-57,0.0,24.166091947189145,23.40939982143925,21.840329667841555,20.396078054371138,18.110770276274835,16.0312195418814,13.038404810405298,10.04987562112089,7.280109889280518,7.211102550927978,6.4031242374328485,7.615773105863909,9.486832980505138,10.770329614269007,12.083045973594572,13.0,13.416407864998739,13.416407864998739,12.529964086141668,11.661903789690601,10.295630140987,8.94427190999916,7.615773105863909,6.324555320336759,5.0,4.47213595499958,0.0,0.0,0.0,0.0,0.0,0.0,0.0,0.0,0.0,0.0,0.0,8.94427190999916,7.615773105863909,6.082762530298219,5.0,4.47213595499958,4.242640687119285,5.385164807134504,7.280109889280518,9.055385138137417,11.045361017187261,13.152946437965905,14.142135623730951,14.317821063276353,14.560219778561036,14.866068747318506,14.317821063276353,13.416407864998739,12.083045973594572,9.848857801796104,8.246211251235321,8.0,8.54400374531753,11.180339887498949,14.422205101855956,16.64331697709324,19.72308292331602
1784880304.164754,-57,0.0,16.1245154965971,16.0312195418814,18.027756377319946,20.223748416156685,19.4164878389476,19.924858845171276,19.313207915827967,17.88854381999832,15.264337522473747,13.038404810405298,10.816653826391969,8.602325267042627,6.708203932499369,5.0,5.0990195135927845,6.4031242374328485,7.810249675906654,8.602325267042627,9.219544457292887,10.0,10.816653826391969,10.0,10.816653826391969,9.433981132056603,8.94427190999916,7.615773105863909,0.0,0.0,0.0,0.0,0.0,0.0,0.0,0.0,0.0,0.0,0.0,11.180339887498949,11.180339887498949,11.661903789690601,10.816653826391969,10.0,9.219544457292887,7.810249675906654,6.708203932499369,6.324555320336759,6.082762530298219,7.615773105863909,9.433981132056603,11.40175425099138,13.601470508735444,15.0,16.64331697709324,17.4928556845359,17.88854381999832,18.384776310850235,17.72004514666935,16.492422502470642,14.560219778561036,12.649110640673518,11.180339887498949,10.63014581273465,10.816653826391969
1784880304.274475,-57,0.0,17.69180601295413,18.384776310850235,19.79898987322333,20.615528128088304,20.808652046684813,21.095023109728988,20.12461179749811,18.384776310850235,17.08800749063506,14.560219778561036,12.649110640673518,9.486832980505138,8.06225774829855,7.0710678118654755,6.708203932499369,7.280109889280518,9.055385138137417,10.0,11.0,11.0,12.0,12.041594578792296,11.0,11.045361017187261,10.04987562112089,9.219544457292887,0.0,0.0,0.0,0.0,0.0,0.0,0.0,0.0,0.0,0.0,0.0,10.04987562112089,10.0,10.0,10.04987562112089,9.219544457292887,8.246211251235321,6.708203932499369,6.4031242374328485,6.4031242374328485,6.324555320336759,8.06225774829855,10.0,12.041594578792296,14.035668847618199,15.033296378372908,17.0,18.027756377319946,18.24828759089466,18.439088914585774,17.72004514666935,16.76305461424021,14.866068747318506,13.341664064126334,12.041594578792296,11.045361017187261,11.704699910719626
1784880304.408816,-57,0.0,13.892443989449804,16.64331697709324,18.027756377319946,19.72308292331602,19.235384061671343,19.697715603592208,18.973665961010276,17.46424919657298,15.297058540778355,14.142135623730951,12.041594578792296,9.055385138137417,7.280109889280518,5.830951894845301,5.656854249492381,6.708203932499369,7.280109889280518,8.246211251235321,9.055385138137417,10.04987562112089,10.04987562112089,10.04987562112089,10.04987562112089,9.0,9.0,8.06225774829855,0.0,0.0,0.0,0.0,0.0,0.0,0.0,0.0,0.0,0.0,0.0,11.180339887498949,11.045361017187261,11.045361017187261,10.0,9.055385138137417,9.055385138137417,7.280109889280518,6.708203932499369,7.0710678118654755,6.708203932499369,8.246211251235321,9.219544457292887,11.045361017187261,13.038404810405298,15.132745950421556,16.278820596099706,17.46424919657298,17.72004514666935,17.08800749063506,17.46424919657298,16.1245154965971,14.7648230602334,13.0,11.40175425099138,10.04987562112089,11.40175425099138
1784880304.517857,-57,0.0,18.027756377319946,17.46424919657298,19.313207915827967,20.8806130178211,20.615528128088304,21.37755832643195,20.09975124224178,18.027756377319946,17.0,14.035668847618199,12.041594578792296,10.0,8.06225774829855,6.708203932499369,6.4031242374328485,7.211102550927978,8.94427190999916,9.848857801796104,10.770329614269007,11.704699910719626,11.704699910719626,11.704699910719626,11.704699910719626,11.40175425099138,10.198039027185569,9.055385138137417,0.0,0.0,0.0,0.0,0.0,0.0,0.0,0.0,0.0,0.0,0.0,10.295630140987,10.295630140987,9.848857801796104,9.486832980505138,9.219544457292887,8.06225774829855,7.0,6.082762530298219,5.830951894845301,6.4031242374328485,8.06225774829855,9.486832980505138,11.704699910719626,13.601470508735444,14.866068747318506,17.46424919657298,17.88854381999832,18.35755975068582,18.027756377319946,17.804493814764857,17.029386365926403,14.866068747318506,13.601470508735444,11.661903789690601,11.40175425099138,11.045361017187261
1784880304.626254,-57,0.0,25.317977802344327,21.213203435596427,18.110770276274835,14.142135623730951,11.40175425099138,10.295630140987,9.219544457292887,11.661903789690601,13.0,14.317821063276353,15.652475842498529,17.0,17.4928556845359,17.204650534085253,17.029386365926403,16.278820596099706,14.142135623730951,12.727922061357855,9.899494936611665,7.810249675906654,6.708203932499369,5.0990195135927845,5.0990195135927845,5.0,6.4031242374328485,8.06225774829855,0.0,0.0,0.0,0.0,0.0,0.0,0.0,0.0,0.0,0.0,0.0,5.0990195135927845,5.830951894845301,6.4031242374328485,8.06225774829855,9.848857801796104,11.704699910719626,12.649110640673518,13.92838827718412,14.866068747318506,16.15549442140351,16.15549442140351,15.231546211727817,14.317821063276353,13.0,11.704699910719626,9.219544457292887,9.0,9.486832980505138,11.661903789690601,14.422205101855956,17.4928556845359,21.095023109728988,23.706539182259394,25.495097567963924,27.51363298439521,27.892651361962706
1784880304.73684,-57,0.0,23.600847442411894,23.430749027719962,22.627416997969522,21.2602916254693,18.601075237738275,15.811388300841896,13.038404810405298,10.816653826391969,8.48528137423857,7.211102550927978,7.280109889280518,9.0,10.04987562112089,11.045361017187261,13.038404810405298,13.0,14.0,13.0,13.038404810405298,11.045361017187261,11.045361017187261,9.0,8.0,7.0710678118654755,5.385164807134504,5.0,0.0,0.0,0.0,0.0,0.0,0.0,0.0,0.0,0.0,0.0,0.0,8.06225774829855,7.280109889280518,6.708203932499369,5.0,4.47213595499958,5.0990195135927845,6.082762530298219,7.615773105863909,9.848857801796104,11.180339887498949,13.416407864998739,14.317821063276353,14.866068747318506,15.524174696260024,15.297058540778355,15.297058540778355,14.142135623730951,12.041594578792296,10.198039027185569,9.219544457292887,8.94427190999916,9.899494936611665,12.206555615733702,14.7648230602334,17.88854381999832,20.591260281974
1784880304.764448,-57,0.0,26.0,24.08318915758459,23.194827009486403,21.587033144922902,18.973665961010276,17.08800749063506,13.92838827718412,10.770329614269007,9.219544457292887,7.0,6.324555320336759,7.211102550927978,8.48528137423857,10.63014581273465,12.041594578792296,13.45362404707371,12.727922061357855,13.45362404707371,12.041594578792296,11.40175425099138,10.63014581273465,9.219544457292887,7.810249675906654,6.4031242374328485,4.47213595499958,3.0,0.0,0.0,0.0,0.0,0.0,0.0,0.0,0.0,0.0,0.0,0.0,9.433981132056603,7.810249675906654,6.4031242374328485,5.830951894845301,5.0990195135927845,6.082762530298219,6.708203932499369,7.810249675906654,9.899494936611665,12.041594578792296,13.45362404707371,14.866068747318506,16.278820596099706,16.278820596099706,16.401219466856727,15.811388300841896,15.264337522473747,13.038404810405298,12.206555615733702,9.219544457292887,8.602325267042627,9.486832980505138,11.045361017187261,14.035668847618199,17.029386365926403,21.02379604162864
1784880304.845817,-57,0.0,25.298221281347036,23.769728648009426,22.360679774997898,21.095023109728988,18.027756377319946,16.0,13.0,10.0,8.06225774829855,6.708203932499369,6.4031242374328485,8.06225774829855,9.848857801796104,10.770329614269007,13.0,13.416407864998739,13.892443989449804,13.892443989449804,13.038404810405298,11.661903789690601,10.816653826391969,9.433981132056603,7.615773105863909,6.324555320336759,5.0,4.47213595499958,0.0,0.0,0.0,0.0,0.0,0.0,0.0,0.0,0.0,0.0,0.0,9.219544457292887,8.06225774829855,6.708203932499369,5.0990195135927845,5.0990195135927845,5.0,5.830951894845301,7.615773105863909,9.486832980505138,11.40175425099138,13.601470508735444,14.866068747318506,15.231546211727817,15.652475842498529,15.264337522473747,15.264337522473747,13.601470508735444,12.206555615733702,10.0,8.94427190999916,8.06225774829855,9.055385138137417,11.704699910719626,14.317821063276353,17.88854381999832,21.02379604162864
1784880304.953651,-57,0.0,27.018512172212592,24.08318915758459,24.041630560342615,22.02271554554524,20.0,18.027756377319946,14.422205101855956,11.661903789690601,9.219544457292887,7.211102550927978,7.280109889280518,9.0,10.04987562112089,12.041594578792296,13.038404810405298,14.035668847618199,14.035668847618199,14.0,13.0,12.0,11.0,10.0,8.0,6.082762530298219,4.47213595499958,4.242640687119285,0.0,0.0,0.0,0.0,0.0,0.0,0.0,0.0,0.0,0.0,0.0,9.0,8.06225774829855,6.324555320336759,5.830951894845301,5.0,5.385164807134504,7.0,8.06225774829855,10.44030650891055,12.649110640673518,14.560219778561036,15.524174696260024,16.278820596099706,17.11724276862369,17.029386365926403,16.0312195418814,15.0,13.0,11.0,10.198039027185569,8.94427190999916,10.63014581273465,12.806248474865697,15.264337522473747,18.867962264113206,21.633307652783937
1784880305.088019,-57,0.0,26.076809620810597,25.0,24.08318915758459,22.627416997969522,19.849433241279208,17.804493814764857,14.212670403551895,11.40175425099138,9.219544457292887,7.615773105863909,7.0710678118654755,8.0,10.04987562112089,11.180339887498949,13.152946437965905,14.142135623730951,14.142135623730951,14.035668847618199,13.038404810405298,12.0,11.045361017187261,9.0,8.0,6.082762530298219,5.385164807134504,4.242640687119285,0.0,0.0,0.0,0.0,0.0,0.0,0.0,0.0,0.0,0.0,0.0,9.055385138137417,7.280109889280518,6.708203932499369,5.656854249492381,5.830951894845301,6.082762530298219,7.0710678118654755,8.54400374531753,10.770329614269007,12.083045973594572,14.317821063276353,16.15549442140351,16.76305461424021,16.76305461424021,16.278820596099706,16.278820596099706,15.132745950421556,13.152946437965905,12.165525060596439,10.44030650891055,9.433981132056603,9.899494936611665,12.529964086141668,15.652475842498529,18.788294228055936,21.470910553583888
1784880305.195311,-57,0.0,24.515301344262525,22.80350850198276,22.135943621178654,21.02379604162864,18.35755975068582,15.264337522473747,13.038404810405298,10.295630140987,7.615773105863909,6.082762530298219,6.082762530298219,8.06225774829855,9.433981132056603,10.816653826391969,11.661903789690601,13.038404810405298,13.416407864998739,13.416407864998739,12.083045973594572,11.180339887498949,9.848857801796104,8.94427190999916,7.211102550927978,6.4031242374328485,5.0,4.123105625617661,0.0,0.0,0.0,0.0,0.0,0.0,0.0,0.0,0.0,0.0,0.0,8.94427190999916,8.602325267042627,7.0710678118654755,5.830951894845301,5.0990195135927845,5.0,5.830951894845301,7.211102550927978,9.219544457292887,11.313708498984761,12.727922061357855,14.142135623730951,14.866068747318506,15.0,15.264337522473747,14.7648230602334,13.416407864998739,12.083045973594572,10.295630140987,8.602325267042627,7.810249675906654,8.54400374531753,11.180339887498949,14.035668847618199,17.029386365926403,20.09975124224178
1784880305.304714,-57,0.0,25.942243542145693,24.186773244895647,23.853720883753127,22.02271554554524,19.1049731745428,17.69180601295413,14.866068747318506,11.313708498984761,9.219544457292887,7.615773105863909,7.0710678118654755,8.0,10.198039027185569,11.40175425099138,12.36931687685298,13.341664064126334,14.142135623730951,13.152946437965905,13.038404810405298,11.045361017187261,11.045361017187261,10.04987562112089,8.06225774829855,6.082762530298219,4.47213595499958,3.605551275463989,0.0,0.0,0.0,0.0,0.0,0.0,0.0,0.0,0.0,0.0,0.0,8.54400374531753,8.06225774829855,6.4031242374328485,5.830951894845301,5.385164807134504,6.0,7.280109889280518,8.94427190999916,10.295630140987,12.206555615733702,14.422205101855956,16.1245154965971,15.652475842498529,16.55294535724685,15.811388300841896,15.811388300841896,15.524174696260024,13.341664064126334,11.40175425099138,9.848857801796104,10.0,10.0,12.083045973594572,14.866068747318506,18.027756377319946,20.615528128088304
1784880305.4134111,-57,0.0,25.079872407968907,21.0,18.0,15.033296378372908,11.180339887498949,9.848857801796104,9.219544457292887,10.0,11.661903789690601,13.416407864998739,15.264337522473747,15.811388300841896,16.401219466856727,17.029386365926403,16.278820596099706,15.556349186104045,13.45362404707371,12.041594578792296,9.219544457292887,7.0710678118654755,5.830951894845301,4.123105625617661,4.123105625617661,4.242640687119285,6.4031242374328485,7.615773105863909,0.0,0.0,0.0,0.0,0.0,0.0,0.0,0.0,0.0,0.0,0.0,6.0,6.324555320336759,7.211102550927978,8.48528137423857,10.0,11.661903789690601,12.529964086141668,14.7648230602334,14.7648230602334,16.1245154965971,16.1245154965971,15.264337522473747,14.422205101855956,13.038404810405298,11.661903789690601,9.848857801796104,9.055385138137417,9.055385138137417,11.704699910719626,13.416407864998739,17.0,20.12461179749811,22.847319317591726,25.298221281347036,26.92582403567252,28.442925306655784
1784880305.523168,-57,0.0,23.194827009486403,19.4164878389476,16.278820596099706,13.152946437965905,10.0,8.54400374531753,8.602325267042627,10.63014581273465,12.206555615733702,13.601470508735444,15.0,16.401219466856727,16.278820596099706,16.278820596099706,15.620499351813308,15.0,13.601470508735444,11.40175425099138,9.219544457292887,7.0710678118654755,5.830951894845301,5.0990195135927845,5.385164807134504,5.830951894845301,7.810249675906654,8.602325267042627,0.0,0.0,0.0,0.0,0.0,0.0,0.0,0.0,0.0,0.0,0.0,5.0,5.0990195135927845,5.0990195135927845,6.708203932499369,8.602325267042627,10.63014581273465,11.313708498984761,12.727922061357855,13.45362404707371,14.866068747318506,14.866068747318506,14.212670403551895,12.806248474865697,11.40175425099138,9.899494936611665,7.810249675906654,7.615773105863909,8.0,10.198039027185569,12.36931687685298,15.524174696260024,18.439088914585774,22.360679774997898,24.186773244895647,26.019223662515376,27.018512172212592
