Timestamp,RSSI,Sub_0,Sub_1,Sub_2,Sub_3,Sub_4,Sub_5,Sub_6,Sub_7,Sub_8,Sub_9,Sub_10,Sub_11,Sub_12,Sub_13,Sub_14,Sub_15,Sub_16,Sub_17,Sub_18,Sub_19,Sub_20,Sub_21,Sub_22,Sub_23,Sub_24,Sub_25,Sub_26,Sub_27,Sub_28,Sub_29,Sub_30,Sub_31,Sub_32,Sub_33,Sub_34,Sub_35,Sub_36,Sub_37,Sub_38,Sub_39,Sub_40,Sub_41,Sub_42,Sub_43,Sub_44,Sub_45,Sub_46,Sub_47,Sub_48,Sub_49,Sub_50,Sub_51,Sub_52,Sub_53,Sub_54,Sub_55,Sub_56,Sub_57,Sub_58,Sub_59,Sub_60,Sub_61,Sub_62,Sub_63
1784879559.502491,-56,0.0,5.385164807134504,12.083045973594572,14.866068747318506,16.76305461424021,18.973665961010276,19.6468827043885,20.615528128088304,20.396078054371138,18.24828759089466,17.26267650163207,15.132745950421556,14.035668847618199,11.045361017187261,8.0,5.0,3.0,1.0,2.23606797749979,4.47213595499958,5.830951894845301,6.708203932499369,8.602325267042627,9.219544457292887,9.899494936611665,9.899494936611665,10.0,0.0,0.0,0.0,0.0,0.0,0.0,0.0,0.0,0.0,0.0,0.0,12.206555615733702,13.0,12.649110640673518,12.165525060596439,12.0,10.04987562112089,8.246211251235321,6.324555320336759,3.605551275463989,1.4142135623730951,3.1622776601683795,6.0,8.246211251235321,11.40175425099138,13.601470508735444,16.492422502470642,17.72004514666935,19.6468827043885,19.6468827043885,20.615528128088304,19.4164878389476,17.26267650163207,15.297058540778355,12.165525060596439,9.0,3.1622776601683795
1784879559.610929,-55,0.0,27.313000567495326,26.0,22.47220505424423,18.027756377319946,14.560219778561036,10.198039027185569,6.0,2.23606797749979,3.605551275463989,6.324555320336759,9.486832980505138,12.649110640673518,14.560219778561036,15.524174696260024,15.524174696260024,16.492422502470642,16.492422502470642,14.560219778561036,12.649110640673518,10.770329614269007,8.94427190999916,7.615773105863909,5.385164807134504,3.1622776601683795,1.0,2.0,0.0,0.0,0.0,0.0,0.0,0.0,0.0,0.0,0.0,0.0,0.0,4.123105625617661,1.4142135623730951,2.23606797749979,5.0,8.06225774829855,10.198039027185569,11.704699910719626,14.317821063276353,16.1245154965971,18.027756377319946,18.027756377319946,18.601075237738275,18.601075237738275,16.401219466856727,15.0,12.041594578792296,8.48528137423857,4.242640687119285,0.0,4.47213595499958,8.94427190999916,13.892443989449804,17.88854381999832,22.360679774997898,25.495097567963924,27.313000567495326
1784879559.724239,-55,0.0,7.280109889280518,10.0,15.033296378372908,17.26267650163207,20.223748416156685,21.37755832643195,21.37755832643195,21.587033144922902,19.924858845171276,17.72004514666935,15.811388300841896,14.317821063276353,12.083045973594572,8.06225774829855,5.0,2.8284271247461903,2.23606797749979,3.1622776601683795,5.0990195135927845,7.0710678118654755,9.055385138137417,10.198039027185569,11.40175425099138,11.704699910719626,10.770329614269007,10.295630140987,0.0,0.0,0.0,0.0,0.0,0.0,0.0,0.0,0.0,0.0,0.0,12.206555615733702,13.45362404707371,14.212670403551895,14.422205101855956,13.416407864998739,11.704699910719626,9.219544457292887,8.06225774829855,6.0,3.0,1.0,3.1622776601683795,7.0,10.0,14.0,16.0312195418814,18.027756377319946,20.024984394500787,22.090722034374522,22.090722034374522,21.213203435596427,20.223748416156685,16.1245154965971,14.142135623730951,10.198039027185569,6.0
1784879559.833853,-55,0.0,20.615528128088304,22.561028345356956,23.769728648009426,22.80350850198276,22.135943621178654,20.248456731316587,17.46424919657298,14.317821063276353,10.770329614269007,6.708203932499369,3.605551275463989,1.0,2.0,5.385164807134504,8.06225774829855,9.848857801796104,11.180339887498949,11.180339887498949,12.083045973594572,12.083045973594572,11.704699910719626,11.704699910719626,10.44030650891055,9.219544457292887,8.06225774829855,6.0,0.0,0.0,0.0,0.0,0.0,0.0,0.0,0.0,0.0,0.0,0.0,10.816653826391969,9.848857801796104,8.246211251235321,7.0710678118654755,5.0,2.8284271247461903,2.0,3.605551275463989,6.324555320336759,9.055385138137417,12.041594578792296,14.035668847618199,16.0,18.0,19.0,19.0,18.0,17.029386365926403,16.0312195418814,13.038404810405298,10.04987562112089,6.082762530298219,1.0,3.0,8.06225774829855,12.36931687685298
1784879559.9420218,-55,0.0,17.88854381999832,14.560219778561036,9.219544457292887,3.1622776601683795,2.23606797749979,7.211102550927978,10.295630140987,14.317821063276353,16.15549442140351,16.76305461424021,17.72004514666935,18.681541692269406,18.681541692269406,17.72004514666935,14.560219778561036,12.649110640673518,10.44030650891055,7.280109889280518,4.47213595499958,1.4142135623730951,1.0,2.8284271247461903,5.656854249492381,7.0710678118654755,8.48528137423857,10.0,0.0,0.0,0.0,0.0,0.0,0.0,0.0,0.0,0.0,0.0,0.0,4.47213595499958,7.0710678118654755,9.055385138137417,11.180339887498949,13.341664064126334,13.92838827718412,14.317821063276353,15.652475842498529,15.264337522473747,15.0,14.212670403551895,11.313708498984761,8.48528137423857,5.656854249492381,2.0,3.0,7.280109889280518,12.083045973594572,16.1245154965971,19.235384061671343,23.706539182259394,25.942243542145693,26.40075756488817,29.068883707497267,28.635642126552707,27.313000567495326
1784879560.0508668,-55,0.0,20.024984394500787,22.0,23.021728866442675,22.090722034374522,22.090722034374522,20.223748416156685,18.24828759089466,15.297058540778355,12.165525060596439,9.219544457292887,5.385164807134504,2.8284271247461903,2.23606797749979,4.123105625617661,6.0,8.0,10.0,11.045361017187261,12.0,12.0,12.041594578792296,12.165525060596439,11.180339887498949,10.44030650891055,8.54400374531753,7.615773105863909,0.0,0.0,0.0,0.0,0.0,0.0,0.0,0.0,0.0,0.0,0.0,10.0,8.94427190999916,7.615773105863909,5.0990195135927845,3.1622776601683795,1.0,2.23606797749979,4.123105625617661,7.0,10.04987562112089,12.041594578792296,14.142135623730951,16.278820596099706,17.26267650163207,18.24828759089466,18.24828759089466,17.26267650163207,16.278820596099706,15.132745950421556,13.038404810405298,10.04987562112089,6.0,1.4142135623730951,3.0,8.0,12.041594578792296
1784879560.1629598,-55,0.0,29.0,27.018512172212592,24.08318915758459,20.024984394500787,16.1245154965971,11.180339887498949,6.324555320336759,2.8284271247461903,3.0,6.0,10.04987562112089,13.038404810405298,15.033296378372908,16.1245154965971,16.1245154965971,16.1245154965971,17.11724276862369,15.033296378372908,13.038404810405298,11.0,9.0,7.0,5.0,3.0,0.0,2.23606797749979,0.0,0.0,0.0,0.0,0.0,0.0,0.0,0.0,0.0,0.0,0.0,5.385164807134504,3.0,0.0,3.1622776601683795,6.082762530298219,8.06225774829855,10.04987562112089,13.0,15.033296378372908,18.110770276274835,18.24828759089466,18.439088914585774,19.4164878389476,17.46424919657298,15.297058540778355,12.649110640673518,9.486832980505138,6.324555320336759,2.23606797749979,3.0,8.0,13.0,17.0,22.02271554554524,27.018512172212592,29.017236257093817
1784879560.246241,-55,0.0,6.4031242374328485,10.0,14.212670403551895,16.278820596099706,19.79898987322333,21.93171219946131,21.2602916254693,21.400934559032695,19.209372712298546,18.027756377319946,15.264337522473747,13.416407864998739,10.295630140987,7.615773105863909,3.605551275463989,1.0,2.23606797749979,4.47213595499958,6.708203932499369,8.06225774829855,10.0,10.63014581273465,11.313708498984761,12.041594578792296,11.40175425099138,10.816653826391969,0.0,0.0,0.0,0.0,0.0,0.0,0.0,0.0,0.0,0.0,0.0,12.083045973594572,12.206555615733702,13.45362404707371,13.45362404707371,13.601470508735444,11.180339887498949,9.848857801796104,8.246211251235321,6.082762530298219,4.0,2.23606797749979,4.47213595499958,7.0710678118654755,10.816653826391969,13.892443989449804,16.64331697709324,18.027756377319946,20.808652046684813,21.633307652783937,23.021728866442675,22.20360331117452,20.615528128088304,17.804493814764857,14.866068747318506,11.313708498984761,6.4031242374328485
1784879560.410481,-55,0.0,28.635642126552707,27.730849247724095,25.495097567963924,20.12461179749811,17.46424919657298,12.649110640673518,9.219544457292887,6.082762530298219,3.605551275463989,5.0990195135927845,7.615773105863909,11.180339887498949,13.416407864998739,14.7648230602334,14.7648230602334,15.652475842498529,15.231546211727817,13.92838827718412,12.649110640673518,11.180339887498949,9.055385138137417,8.06225774829855,6.082762530298219,4.123105625617661,2.23606797749979,2.0,0.0,0.0,0.0,0.0,0.0,0.0,0.0,0.0,0.0,0.0,0.0,2.23606797749979,0.0,2.23606797749979,5.0,7.810249675906654,9.219544457292887,11.40175425099138,13.038404810405298,14.7648230602334,16.15549442140351,16.76305461424021,16.492422502470642,16.492422502470642,14.317821063276353,13.341664064126334,9.219544457292887,6.324555320336759,3.605551275463989,4.123105625617661,7.0710678118654755,11.180339887498949,15.652475842498529,19.313207915827967,23.769728648009426,27.313000567495326,29.154759474226502
1784879560.5209332,-55,0.0,20.591260281974,14.866068747318506,10.198039027185569,5.0,4.123105625617661,7.280109889280518,10.816653826391969,14.212670403551895,16.278820596099706,17.69180601295413,19.1049731745428,20.518284528683193,19.1049731745428,18.439088914585774,16.278820596099706,14.212670403551895,11.40175425099138,8.602325267042627,5.830951894845301,3.605551275463989,1.0,2.23606797749979,4.123105625617661,6.082762530298219,8.246211251235321,9.486832980505138,0.0,0.0,0.0,0.0,0.0,0.0,0.0,0.0,0.0,0.0,0.0,4.47213595499958,7.0710678118654755,8.94427190999916,12.083045973594572,12.649110640673518,14.142135623730951,14.035668847618199,15.0,15.033296378372908,15.132745950421556,13.341664064126334,10.44030650891055,8.246211251235321,5.0990195135927845,1.4142135623730951,3.1622776601683795,7.615773105863909,11.180339887498949,15.652475842498529,20.12461179749811,23.259406699226016,26.40075756488817,26.832815729997478,29.068883707497267,29.966648127543394,27.730849247724095
1784879560.7364538,-55,0.0,17.72004514666935,14.7648230602334,9.433981132056603,4.242640687119285,4.47213595499958,6.708203932499369,10.198039027185569,13.152946437965905,15.033296378372908,16.0,17.0,19.026297590440446,18.027756377319946,18.027756377319946,15.033296378372908,13.038404810405298,12.041594578792296,9.219544457292887,6.082762530298219,3.1622776601683795,1.0,2.23606797749979,4.47213595499958,5.830951894845301,7.211102550927978,8.94427190999916,0.0,0.0,0.0,0.0,0.0,0.0,0.0,0.0,0.0,0.0,0.0,6.082762530298219,8.0,10.198039027185569,11.704699910719626,12.529964086141668,13.038404810405298,12.806248474865697,13.45362404707371,12.727922061357855,12.041594578792296,10.0,8.06225774829855,5.0,2.23606797749979,2.23606797749979,5.385164807134504,8.54400374531753,12.649110640673518,16.76305461424021,20.8806130178211,23.40939982143925,26.248809496813376,26.248809496813376,28.160255680657446,28.460498941515414,26.248809496813376
1784879560.84578,-55,0.0,18.439088914585774,12.083045973594572,7.280109889280518,3.1622776601683795,6.082762530298219,8.246211251235321,13.0,15.652475842498529,16.64331697709324,18.867962264113206,18.867962264113206,19.72308292331602,18.867962264113206,17.4928556845359,14.7648230602334,13.416407864998739,11.180339887498949,7.615773105863909,4.47213595499958,2.23606797749979,1.0,3.605551275463989,5.830951894845301,6.708203932499369,8.06225774829855,10.0,0.0,0.0,0.0,0.0,0.0,0.0,0.0,0.0,0.0,0.0,0.0,5.0,7.211102550927978,9.848857801796104,11.40175425099138,13.152946437965905,13.0,14.035668847618199,14.142135623730951,13.601470508735444,13.601470508735444,11.180339887498949,8.94427190999916,6.708203932499369,3.1622776601683795,1.0,4.47213595499958,8.06225774829855,13.038404810405298,17.204650534085253,20.808652046684813,23.600847442411894,25.80697580112788,26.40075756488817,27.80287754891569,27.80287754891569,25.0
1784879560.9552572,-55,0.0,26.92582403567252,26.68332812825267,23.53720459187964,19.4164878389476,16.1245154965971,12.041594578792296,8.0,3.605551275463989,2.0,4.47213595499958,7.615773105863909,11.180339887498949,13.0,13.92838827718412,14.866068747318506,14.866068747318506,15.231546211727817,13.92838827718412,12.083045973594572,10.295630140987,9.433981132056603,7.211102550927978,5.830951894845301,3.605551275463989,1.4142135623730951,1.0,0.0,0.0,0.0,0.0,0.0,0.0,0.0,0.0,0.0,0.0,0.0,4.123105625617661,1.0,1.4142135623730951,4.123105625617661,6.082762530298219,8.06225774829855,10.0,12.041594578792296,14.142135623730951,15.524174696260024,15.811388300841896,15.811388300841896,15.811388300841896,13.92838827718412,12.649110640673518,9.848857801796104,6.708203932499369,2.8284271247461903,1.0,5.385164807134504,9.486832980505138,14.560219778561036,17.46424919657298,22.135943621178654,25.0,26.92582403567252
1784879561.066207,-55,0.0,2.23606797749979,8.54400374531753,12.36931687685298,14.317821063276353,17.26267650163207,19.235384061671343,20.223748416156685,19.1049731745428,18.110770276274835,17.029386365926403,15.033296378372908,14.0,11.0,9.0,5.0,3.0,1.0,2.8284271247461903,4.47213595499958,6.708203932499369,8.06225774829855,10.0,10.63014581273465,11.313708498984761,10.63014581273465,10.295630140987,0.0,0.0,0.0,0.0,0.0,0.0,0.0,0.0,0.0,0.0,0.0,10.770329614269007,11.661903789690601,11.40175425099138,11.313708498984761,10.0,8.06225774829855,7.615773105863909,5.0990195135927845,3.0,1.0,2.23606797749979,5.385164807134504,8.06225774829855,11.045361017187261,14.035668847618199,16.1245154965971,18.110770276274835,20.09975124224178,21.095023109728988,22.090722034374522,21.095023109728988,20.223748416156685,17.11724276862369,15.132745950421556,11.40175425099138,6.324555320336759
1784879561.2012439,-55,0.0,5.0,9.486832980505138,13.416407864998739,15.811388300841896,19.4164878389476,21.400934559032695,21.400934559032695,21.400934559032695,20.615528128088304,18.439088914585774,16.278820596099706,14.866068747318506,12.727922061357855,9.219544457292887,5.656854249492381,2.8284271247461903,1.4142135623730951,2.23606797749979,5.0,6.708203932499369,8.54400374531753,9.848857801796104,11.40175425099138,11.180339887498949,11.045361017187261,11.0,0.0,0.0,0.0,0.0,0.0,0.0,0.0,0.0,0.0,0.0,0.0,12.165525060596439,12.649110640673518,13.0,13.038404810405298,11.40175425099138,9.899494936611665,8.602325267042627,6.708203932499369,4.123105625617661,2.0,2.0,5.0,7.810249675906654,11.40175425099138,14.422205101855956,16.401219466856727,18.601075237738275,20.808652046684813,22.80350850198276,22.80350850198276,22.02271554554524,21.2602916254693,17.029386365926403,14.866068747318506,11.313708498984761,7.0710678118654755
1784879561.309453,-55,0.0,29.154759474226502,28.160255680657446,24.186773244895647,19.1049731745428,16.278820596099706,11.40175425099138,6.324555320336759,2.8284271247461903,2.0,6.082762530298219,9.219544457292887,12.165525060596439,14.142135623730951,16.278820596099706,15.297058540778355,16.278820596099706,16.1245154965971,13.152946437965905,12.041594578792296,10.04987562112089,8.0,6.082762530298219,4.123105625617661,2.23606797749979,2.23606797749979,3.605551275463989,0.0,0.0,0.0,0.0,0.0,0.0,0.0,0.0,0.0,0.0,0.0,4.47213595499958,3.0,2.23606797749979,3.605551275463989,5.656854249492381,8.602325267042627,10.295630140987,13.0,14.560219778561036,17.26267650163207,17.26267650163207,17.11724276862369,17.029386365926403,16.0312195418814,14.035668847618199,11.0,8.0,4.0,1.0,5.0990195135927845,10.0,15.0,19.1049731745428,24.08318915758459,27.073972741361768,29.154759474226502
1784879561.417208,-55,0.0,28.0178514522438,27.018512172212592,24.0,19.026297590440446,16.0312195418814,11.045361017187261,7.280109889280518,2.8284271247461903,2.8284271247461903,5.385164807134504,9.219544457292887,11.40175425099138,13.341664064126334,15.524174696260024,15.297058540778355,15.524174696260024,15.524174696260024,13.601470508735444,11.704699910719626,9.848857801796104,7.615773105863909,6.324555320336759,4.123105625617661,3.0,2.0,3.0,0.0,0.0,0.0,0.0,0.0,0.0,0.0,0.0,0.0,0.0,0.0,4.242640687119285,2.23606797749979,1.0,3.1622776601683795,6.4031242374328485,8.48528137423857,10.0,12.529964086141668,14.317821063276353,15.811388300841896,16.76305461424021,16.492422502470642,17.46424919657298,15.297058540778355,13.341664064126334,10.04987562112089,7.0710678118654755,3.1622776601683795,2.23606797749979,5.385164807134504,10.04987562112089,15.033296378372908,18.0,23.021728866442675,27.018512172212592,28.0
1784879561.524893,-55,0.0,21.213203435596427,23.194827009486403,23.194827009486403,22.360679774997898,22.360679774997898,19.4164878389476,17.72004514666935,14.866068747318506,10.44030650891055,7.615773105863909,4.242640687119285,3.0,3.605551275463989,6.324555320336759,8.06225774829855,10.0,12.041594578792296,12.041594578792296,12.041594578792296,12.165525060596439,12.36931687685298,12.36931687685298,11.40175425099138,9.848857801796104,8.06225774829855,5.830951894845301,0.0,0.0,0.0,0.0,0.0,0.0,0.0,0.0,0.0,0.0,0.0,10.295630140987,10.0,7.810249675906654,6.4031242374328485,3.605551275463989,1.0,1.4142135623730951,3.605551275463989,6.708203932499369,9.219544457292887,12.36931687685298,14.317821063276353,16.1245154965971,18.110770276274835,18.110770276274835,18.110770276274835,17.11724276862369,16.1245154965971,14.142135623730951,11.180339887498949,8.246211251235321,4.123105625617661,0.0,5.0,10.04987562112089,14.142135623730951
1784879561.633497,-55,0.0,4.47213595499958,10.44030650891055,13.601470508735444,15.811388300841896,18.973665961010276,20.248456731316587,20.615528128088304,19.697715603592208,18.788294228055936,17.0,15.264337522473747,14.422205101855956,11.40175425099138,9.219544457292887,5.656854249492381,2.8284271247461903,2.23606797749979,2.23606797749979,4.0,6.082762530298219,7.0,9.0,10.04987562112089,11.045361017187261,10.198039027185569,10.44030650891055,0.0,0.0,0.0,0.0,0.0,0.0,0.0,0.0,0.0,0.0,0.0,12.529964086141668,12.806248474865697,12.727922061357855,12.206555615733702,11.661903789690601,9.848857801796104,7.280109889280518,6.082762530298219,4.0,1.0,2.23606797749979,4.47213595499958,7.280109889280518,10.198039027185569,13.341664064126334,15.297058540778355,16.492422502470642,18.439088914585774,19.6468827043885,19.6468827043885,19.6468827043885,17.72004514666935,14.560219778561036,13.0,8.94427190999916,3.605551275463989
1784879561.744011,-55,0.0,20.0,22.0,23.0,22.02271554554524,21.02379604162864,19.026297590440446,17.11724276862369,14.142135623730951,10.198039027185569,7.280109889280518,3.605551275463989,3.0,4.242640687119285,6.708203932499369,7.280109889280518,9.219544457292887,11.40175425099138,11.40175425099138,12.649110640673518,11.704699910719626,12.083045973594572,11.180339887498949,10.295630140987,9.433981132056603,7.810249675906654,5.656854249492381,0.0,0.0,0.0,0.0,0.0,0.0,0.0,0.0,0.0,0.0,0.0,10.770329614269007,9.433981132056603,8.602325267042627,6.4031242374328485,4.242640687119285,2.23606797749979,1.4142135623730951,3.605551275463989,6.708203932499369,9.219544457292887,11.40175425099138,14.317821063276353,16.1245154965971,17.11724276862369,18.110770276274835,18.027756377319946,17.029386365926403,16.0312195418814,15.033296378372908,12.041594578792296,8.06225774829855,4.123105625617661,0.0,5.0990195135927845,9.055385138137417,14.035668847618199
1784879561.8802009,-55,0.0,5.0990195135927845,9.055385138137417,13.038404810405298,14.560219778561036,17.46424919657298,18.681541692269406,19.6468827043885,19.924858845171276,17.72004514666935,16.76305461424021,14.560219778561036,13.601470508735444,10.770329614269007,8.54400374531753,5.0,2.8284271247461903,3.0,4.242640687119285,5.0,7.211102550927978,8.602325267042627,9.899494936611665,10.63014581273465,11.40175425099138,10.295630140987,10.770329614269007,0.0,0.0,0.0,0.0,0.0,0.0,0.0,0.0,0.0,0.0,0.0,10.770329614269007,11.661903789690601,12.041594578792296,12.041594578792296,10.816653826391969,9.848857801796104,7.615773105863909,6.324555320336759,4.123105625617661,2.8284271247461903,2.23606797749979,4.242640687119285,7.810249675906654,10.816653826391969,13.601470508735444,15.264337522473747,17.4928556845359,19.4164878389476,20.808652046684813,21.633307652783937,21.633307652783937,20.808652046684813,17.204650534085253,15.264337522473747,12.529964086141668,7.615773105863909
1784879561.988446,-56,0.0,16.1245154965971,9.899494936611665,5.830951894845301,4.123105625617661,5.830951894845301,9.055385138137417,12.0,14.035668847618199,16.278820596099706,17.26267650163207,17.26267650163207,18.24828759089466,17.26267650163207,16.278820596099706,14.142135623730951,12.165525060596439,10.198039027185569,7.0710678118654755,5.0990195135927845,2.23606797749979,2.0,3.1622776601683795,5.0,6.4031242374328485,8.602325267042627,8.94427190999916,0.0,0.0,0.0,0.0,0.0,0.0,0.0,0.0,0.0,0.0,0.0,5.0,7.280109889280518,10.0,11.045361017187261,12.36931687685298,12.649110640673518,13.416407864998739,13.892443989449804,13.601470508735444,12.806248474865697,11.313708498984761,9.219544457292887,6.4031242374328485,2.8284271247461903,1.0,4.242640687119285,7.810249675906654,11.40175425099138,15.811388300841896,18.867962264113206,21.633307652783937,23.853720883753127,23.853720883753127,25.553864678361276,24.698178070456937,22.47220505424423
1784879562.0962749,-54,0.0,27.730849247724095,26.832815729997478,24.166091947189145,20.12461179749811,16.55294535724685,13.0,8.246211251235321,5.0,2.23606797749979,4.47213595499958,8.602325267042627,11.40175425099138,14.212670403551895,15.620499351813308,15.620499351813308,16.401219466856727,17.204650534085253,15.264337522473747,13.892443989449804,12.083045973594572,10.770329614269007,8.54400374531753,6.324555320336759,4.47213595499958,2.23606797749979,2.0,0.0,0.0,0.0,0.0,0.0,0.0,0.0,0.0,0.0,0.0,0.0,5.385164807134504,3.1622776601683795,1.0,2.0,4.123105625617661,6.708203932499369,9.486832980505138,11.40175425099138,14.142135623730951,16.0312195418814,17.0,17.029386365926403,18.027756377319946,17.11724276862369,16.0312195418814,13.152946437965905,10.04987562112089,7.0,4.123105625617661,2.23606797749979,6.4031242374328485,11.180339887498949,15.231546211727817,19.697715603592208,23.259406699226016,25.079872407968907
1784879562.337996,-55,0.0,4.47213595499958,7.810249675906654,11.661903789690601,13.92838827718412,17.08800749063506,18.973665961010276,18.973665961010276,19.924858845171276,17.72004514666935,16.492422502470642,14.317821063276353,13.152946437965905,11.045361017187261,8.06225774829855,5.0,2.23606797749979,2.0,4.242640687119285,6.4031242374328485,7.810249675906654,9.899494936611665,11.40175425099138,12.206555615733702,12.529964086141668,12.083045973594572,11.704699910719626,0.0,0.0,0.0,0.0,0.0,0.0,0.0,0.0,0.0,0.0,0.0,11.40175425099138,11.313708498984761,12.206555615733702,12.529964086141668,10.770329614269007,9.486832980505138,8.246211251235321,7.0710678118654755,4.0,2.23606797749979,1.0,4.123105625617661,7.280109889280518,10.44030650891055,13.601470508735444,15.524174696260024,17.46424919657298,19.6468827043885,21.587033144922902,21.587033144922902,21.37755832643195,20.396078054371138,17.26267650163207,15.132745950421556,12.041594578792296,7.0710678118654755
1784879562.338619,-55,0.0,4.47213595499958,8.06225774829855,11.40175425099138,14.142135623730951,17.11724276862369,19.1049731745428,19.1049731745428,19.026297590440446,18.027756377319946,17.0,15.0,14.0,11.0,8.06225774829855,5.0,2.23606797749979,2.0,3.605551275463989,5.830951894845301,6.708203932499369,8.602325267042627,10.0,11.313708498984761,12.041594578792296,11.40175425099138,11.180339887498949,0.0,0.0,0.0,0.0,0.0,0.0,0.0,0.0,0.0,0.0,0.0,10.04987562112089,10.44030650891055,11.180339887498949,11.661903789690601,10.63014581273465,9.899494936611665,7.810249675906654,6.4031242374328485,4.47213595499958,2.23606797749979,1.4142135623730951,3.1622776601683795,7.0710678118654755,10.198039027185569,13.152946437965905,15.524174696260024,17.46424919657298,19.4164878389476,21.37755832643195,21.587033144922902,21.587033144922902,20.615528128088304,17.46424919657298,15.524174696260024,11.704699910719626,7.280109889280518
1784879562.4212868,-55,0.0,19.4164878389476,23.600847442411894,24.413111231467404,22.20360331117452,22.20360331117452,20.808652046684813,18.867962264113206,15.264337522473747,11.661903789690601,8.602325267042627,5.830951894845301,3.0,2.23606797749979,4.123105625617661,6.4031242374328485,8.48528137423857,10.0,11.40175425099138,11.40175425099138,11.661903789690601,11.661903789690601,12.083045973594572,10.770329614269007,9.486832980505138,8.06225774829855,7.0,0.0,0.0,0.0,0.0,0.0,0.0,0.0,0.0,0.0,0.0,0.0,9.219544457292887,8.06225774829855,6.708203932499369,4.123105625617661,2.0,1.0,3.1622776601683795,5.0990195135927845,8.0,10.198039027185569,13.341664064126334,14.560219778561036,16.76305461424021,18.027756377319946,18.027756377319946,18.027756377319946,17.08800749063506,15.811388300841896,14.560219778561036,11.40175425099138,9.219544457292887,5.0990195135927845,2.23606797749979,5.385164807134504,10.63014581273465,14.212670403551895
1784879562.664374,-54,0.0,27.65863337187866,25.709920264364882,22.80350850198276,18.439088914585774,15.811388300841896,10.770329614269007,7.211102550927978,4.123105625617661,3.605551275463989,6.324555320336759,9.219544457292887,12.36931687685298,14.317821063276353,16.278820596099706,16.278820596099706,16.278820596099706,16.492422502470642,14.560219778561036,12.649110640673518,10.770329614269007,9.848857801796104,8.06225774829855,5.830951894845301,4.123105625617661,2.0,2.23606797749979,0.0,0.0,0.0,0.0,0.0,0.0,0.0,0.0,0.0,0.0,0.0,5.0990195135927845,2.0,0.0,3.605551275463989,5.830951894845301,8.06225774829855,10.0,12.041594578792296,14.866068747318506,17.029386365926403,17.204650534085253,17.4928556845359,17.4928556845359,16.1245154965971,13.892443989449804,11.180339887498949,7.615773105863909,4.47213595499958,1.0,4.0,9.219544457292887,13.341664064126334,17.72004514666935,22.561028345356956,25.709920264364882,26.92582403567252
1784879562.772897,-55,0.0,19.4164878389476,23.600847442411894,24.413111231467404,23.600847442411894,23.600847442411894,20.808652046684813,19.4164878389476,15.811388300841896,12.206555615733702,9.433981132056603,5.830951894845301,3.0,2.23606797749979,4.123105625617661,5.830951894845301,8.602325267042627,11.180339887498949,11.180339887498949,11.180339887498949,11.704699910719626,11.704699910719626,11.180339887498949,11.180339887498949,9.0,8.06225774829855,6.082762530298219,0.0,0.0,0.0,0.0,0.0,0.0,0.0,0.0,0.0,0.0,0.0,10.770329614269007,9.433981132056603,7.810249675906654,5.656854249492381,3.605551275463989,1.0,1.4142135623730951,4.123105625617661,7.0710678118654755,10.0,13.0,15.033296378372908,17.11724276862369,18.24828759089466,19.235384061671343,19.235384061671343,18.24828759089466,17.26267650163207,16.1245154965971,13.038404810405298,10.0,7.0710678118654755,2.8284271247461903,5.385164807134504,10.0,14.212670403551895
1784879562.8814652,-55,0.0,19.697715603592208,24.596747752497688,25.495097567963924,23.706539182259394,24.596747752497688,22.360679774997898,19.697715603592208,17.46424919657298,13.92838827718412,10.770329614269007,7.0710678118654755,5.0990195135927845,3.605551275463989,5.0,7.280109889280518,9.848857801796104,11.704699910719626,11.704699910719626,12.649110640673518,12.36931687685298,13.152946437965905,13.038404810405298,13.0,11.045361017187261,9.219544457292887,7.280109889280518,0.0,0.0,0.0,0.0,0.0,0.0,0.0,0.0,0.0,0.0,0.0,11.180339887498949,10.770329614269007,8.94427190999916,7.211102550927978,5.0,2.8284271247461903,0.0,2.23606797749979,5.0990195135927845,8.06225774829855,11.180339887498949,13.038404810405298,16.0312195418814,17.0,18.0,17.029386365926403,17.029386365926403,16.0312195418814,15.0,13.038404810405298,10.04987562112089,6.324555320336759,2.23606797749979,5.0,9.219544457292887,13.892443989449804
1784879562.988949,-56,0.0,26.248809496813376,26.90724809414742,24.08318915758459,19.209372712298546,16.278820596099706,12.041594578792296,7.211102550927978,3.1622776601683795,2.23606797749979,5.830951894845301,9.433981132056603,12.206555615733702,14.422205101855956,15.811388300841896,17.204650534085253,17.204650534085253,17.4928556845359,16.1245154965971,13.892443989449804,12.083045973594572,10.44030650891055,8.54400374531753,6.324555320336759,3.1622776601683795,1.0,2.8284271247461903,0.0,0.0,0.0,0.0,0.0,0.0,0.0,0.0,0.0,0.0,0.0,4.0,2.0,1.0,3.1622776601683795,5.830951894845301,7.615773105863909,10.295630140987,12.206555615733702,14.212670403551895,16.278820596099706,16.97056274847714,17.69180601295413,17.69180601295413,16.278820596099706,14.866068747318506,12.041594578792296,9.219544457292887,5.656854249492381,2.23606797749979,2.0,7.211102550927978,12.206555615733702,15.620499351813308,20.0,24.20743687382041,27.018512172212592
1784879563.097922,-55,0.0,19.209372712298546,21.633307652783937,22.20360331117452,22.80350850198276,21.400934559032695,20.615528128088304,18.439088914585774,16.278820596099706,12.041594578792296,9.219544457292887,5.830951894845301,4.123105625617661,2.8284271247461903,4.0,7.280109889280518,8.94427190999916,11.704699910719626,11.704699910719626,11.704699910719626,12.36931687685298,12.165525060596439,12.041594578792296,12.041594578792296,10.0,8.06225774829855,7.280109889280518,0.0,0.0,0.0,0.0,0.0,0.0,0.0,0.0,0.0,0.0,0.0,10.0,9.055385138137417,8.246211251235321,6.324555320336759,4.47213595499958,2.23606797749979,0.0,2.8284271247461903,5.0,7.211102550927978,10.0,12.206555615733702,14.422205101855956,15.811388300841896,16.64331697709324,17.204650534085253,16.64331697709324,15.811388300841896,14.422205101855956,12.206555615733702,9.219544457292887,5.0,1.4142135623730951,3.0,6.708203932499369,10.63014581273465
1784879563.3395798,-54,0.0,4.47213595499958,8.246211251235321,13.0,15.264337522473747,17.88854381999832,19.72308292331602,19.72308292331602,20.248456731316587,18.027756377319946,15.811388300841896,15.0,12.806248474865697,10.63014581273465,7.0710678118654755,4.242640687119285,1.0,3.1622776601683795,5.0990195135927845,7.280109889280518,8.246211251235321,10.198039027185569,11.045361017187261,12.0,12.041594578792296,12.041594578792296,11.40175425099138,0.0,0.0,0.0,0.0,0.0,0.0,0.0,0.0,0.0,0.0,0.0,10.04987562112089,11.045361017187261,11.40175425099138,11.704699910719626,10.295630140987,9.433981132056603,7.810249675906654,5.656854249492381,3.605551275463989,1.4142135623730951,1.4142135623730951,4.242640687119285,7.211102550927978,10.816653826391969,13.892443989449804,15.811388300841896,18.027756377319946,19.4164878389476,21.633307652783937,21.633307652783937,21.400934559032695,20.0,16.401219466856727,14.212670403551895,11.313708498984761,6.4031242374328485
1784879563.446743,-55,0.0,16.401219466856727,12.806248474865697,8.06225774829855,3.0,5.0990195135927845,9.055385138137417,12.36931687685298,15.811388300841896,16.55294535724685,17.88854381999832,18.788294228055936,18.788294228055936,18.788294228055936,17.46424919657298,14.317821063276353,12.083045973594572,10.770329614269007,6.708203932499369,4.47213595499958,1.4142135623730951,2.23606797749979,5.0,7.211102550927978,8.602325267042627,9.433981132056603,10.63014581273465,0.0,0.0,0.0,0.0,0.0,0.0,0.0,0.0,0.0,0.0,0.0,6.4031242374328485,8.06225774829855,10.44030650891055,12.041594578792296,13.0,14.142135623730951,13.341664064126334,13.92838827718412,13.416407864998739,13.416407864998739,10.816653826391969,8.602325267042627,5.830951894845301,2.23606797749979,2.0,5.656854249492381,9.899494936611665,14.142135623730951,18.439088914585774,21.2602916254693,24.758836806279895,26.90724809414742,26.90724809414742,29.0,28.319604517012593,26.248809496813376
1784879563.5564659,-55,0.0,16.55294535724685,9.486832980505138,5.0990195135927845,1.0,4.242640687119285,8.602325267042627,11.661903789690601,14.7648230602334,16.55294535724685,17.46424919657298,18.384776310850235,18.384776310850235,18.384776310850235,16.15549442140351,13.92838827718412,13.0,10.770329614269007,7.280109889280518,4.123105625617661,2.0,2.23606797749979,4.0,6.082762530298219,8.246211251235321,9.219544457292887,10.04987562112089,0.0,0.0,0.0,0.0,0.0,0.0,0.0,0.0,0.0,0.0,0.0,6.4031242374328485,8.602325267042627,9.848857801796104,11.40175425099138,13.152946437965905,14.035668847618199,14.0,14.035668847618199,13.152946437965905,13.341664064126334,11.40175425099138,8.54400374531753,6.324555320336759,3.1622776601683795,1.0,4.47213595499958,7.615773105863909,11.180339887498949,15.652475842498529,18.788294228055936,21.02379604162864,22.847319317591726,23.769728648009426,26.0,24.698178070456937,22.47220505424423
1784879563.665211,-56,0.0,17.4928556845359,23.323807579381203,23.323807579381203,22.47220505424423,22.47220505424423,21.095023109728988,18.867962264113206,16.1245154965971,12.529964086141668,9.848857801796104,6.708203932499369,5.0,3.605551275463989,4.123105625617661,6.082762530298219,7.280109889280518,10.44030650891055,10.44030650891055,11.180339887498949,11.045361017187261,11.0,11.045361017187261,11.180339887498949,9.486832980505138,7.615773105863909,5.830951894845301,0.0,0.0,0.0,0.0,0.0,0.0,0.0,0.0,0.0,0.0,0.0,9.055385138137417,8.246211251235321,6.708203932499369,5.830951894845301,3.605551275463989,1.4142135623730951,0.0,2.8284271247461903,5.385164807134504,7.280109889280518,9.486832980505138,12.36931687685298,14.142135623730951,15.132745950421556,16.1245154965971,16.0312195418814,15.033296378372908,14.035668847618199,13.038404810405298,11.180339887498949,8.246211251235321,5.830951894845301,3.1622776601683795,5.385164807134504,9.899494936611665,13.601470508735444
1784879563.7743459,-56,0.0,17.88854381999832,14.422205101855956,9.219544457292887,5.0,4.47213595499958,6.708203932499369,9.219544457292887,12.165525060596439,14.035668847618199,16.0312195418814,16.0312195418814,17.029386365926403,17.029386365926403,16.0312195418814,15.132745950421556,12.165525060596439,11.180339887498949,8.246211251235321,5.0990195135927845,3.0,1.0,2.0,4.47213595499958,6.324555320336759,7.615773105863909,9.219544457292887,0.0,0.0,0.0,0.0,0.0,0.0,0.0,0.0,0.0,0.0,0.0,5.0,6.708203932499369,9.219544457292887,10.0,11.045361017187261,11.180339887498949,11.40175425099138,13.0,12.529964086141668,11.661903789690601,10.0,7.810249675906654,5.830951894845301,3.1622776601683795,1.4142135623730951,4.47213595499958,6.708203932499369,11.180339887498949,14.7648230602334,17.88854381999832,20.591260281974,23.706539182259394,23.706539182259394,25.942243542145693,25.942243542145693,23.706539182259394
1784879563.909361,-55,0.0,18.0,15.297058540778355,10.44030650891055,5.0,5.0,8.602325267042627,11.313708498984761,14.212670403551895,15.264337522473747,16.64331697709324,18.027756377319946,19.4164878389476,19.4164878389476,18.027756377319946,15.811388300841896,14.212670403551895,12.206555615733702,8.48528137423857,6.4031242374328485,3.605551275463989,2.0,2.23606797749979,5.0990195135927845,7.280109889280518,8.246211251235321,9.848857801796104,0.0,0.0,0.0,0.0,0.0,0.0,0.0,0.0,0.0,0.0,0.0,5.0990195135927845,7.0,9.219544457292887,11.704699910719626,12.529964086141668,13.038404810405298,14.212670403551895,14.142135623730951,14.212670403551895,13.601470508735444,11.661903789690601,9.848857801796104,7.211102550927978,4.242640687119285,2.23606797749979,4.0,8.0,12.041594578792296,17.0,20.024984394500787,24.020824298928627,26.019223662515376,26.019223662515376,29.0,29.0,27.018512172212592
1784879564.019868,-55,0.0,20.518284528683193,23.345235059857504,24.041630560342615,22.627416997969522,23.345235059857504,21.93171219946131,19.79898987322333,16.278820596099706,12.727922061357855,9.219544457292887,6.4031242374328485,3.1622776601683795,1.4142135623730951,4.123105625617661,6.708203932499369,8.94427190999916,10.770329614269007,10.770329614269007,11.704699910719626,11.40175425099138,11.180339887498949,12.041594578792296,11.0,10.04987562112089,8.246211251235321,6.324555320336759,0.0,0.0,0.0,0.0,0.0,0.0,0.0,0.0,0.0,0.0,0.0,9.899494936611665,9.219544457292887,8.06225774829855,6.708203932499369,4.123105625617661,2.0,0.0,3.0,6.0,8.246211251235321,11.180339887498949,13.341664064126334,15.811388300841896,18.027756377319946,18.384776310850235,18.384776310850235,18.384776310850235,17.08800749063506,15.811388300841896,13.601470508735444,11.40175425099138,7.0,3.1622776601683795,4.0,8.06225774829855,12.041594578792296
1784879564.1282198,-56,0.0,3.605551275463989,10.816653826391969,13.416407864998739,15.652475842498529,18.788294228055936,19.697715603592208,21.540659228538015,20.615528128088304,18.973665961010276,18.027756377319946,15.811388300841896,14.560219778561036,12.36931687685298,9.219544457292887,6.324555320336759,4.123105625617661,2.23606797749979,2.23606797749979,4.47213595499958,5.830951894845301,7.211102550927978,8.94427190999916,9.848857801796104,10.44030650891055,10.198039027185569,11.045361017187261,0.0,0.0,0.0,0.0,0.0,0.0,0.0,0.0,0.0,0.0,0.0,11.661903789690601,12.041594578792296,12.041594578792296,11.40175425099138,11.180339887498949,8.54400374531753,7.280109889280518,6.082762530298219,4.0,1.0,2.23606797749979,5.0990195135927845,8.0,11.045361017187261,13.038404810405298,15.033296378372908,17.11724276862369,18.027756377319946,20.09975124224178,20.09975124224178,20.09975124224178,18.027756377319946,16.0312195418814,14.0,10.04987562112089,5.385164807134504
1784879564.236435,-55,0.0,28.160255680657446,27.073972741361768,24.020824298928627,19.026297590440446,16.0,11.045361017187261,7.280109889280518,3.605551275463989,3.605551275463989,5.830951894845301,8.94427190999916,12.083045973594572,13.92838827718412,15.231546211727817,15.811388300841896,16.15549442140351,15.231546211727817,13.416407864998739,11.661903789690601,9.433981132056603,8.602325267042627,6.4031242374328485,5.0,2.23606797749979,1.4142135623730951,3.0,0.0,0.0,0.0,0.0,0.0,0.0,0.0,0.0,0.0,0.0,0.0,5.0,2.23606797749979,1.0,2.8284271247461903,5.830951894845301,8.602325267042627,10.295630140987,13.0,14.560219778561036,16.278820596099706,17.11724276862369,17.029386365926403,17.029386365926403,16.0312195418814,14.0,10.04987562112089,7.0710678118654755,3.0,1.4142135623730951,6.082762530298219,10.04987562112089,15.033296378372908,19.026297590440446,23.08679276123039,27.16615541441225,29.068883707497267
1784879564.346865,-55,0.0,17.46424919657298,13.601470508735444,8.48528137423857,3.1622776601683795,5.0,9.219544457292887,13.038404810405298,16.0,18.110770276274835,19.1049731745428,20.09975124224178,21.095023109728988,20.09975124224178,19.1049731745428,17.11724276862369,14.035668847618199,13.038404810405298,9.0,6.0,3.1622776601683795,1.4142135623730951,3.1622776601683795,5.0,7.211102550927978,9.433981132056603,10.295630140987,0.0,0.0,0.0,0.0,0.0,0.0,0.0,0.0,0.0,0.0,0.0,5.0990195135927845,8.0,10.198039027185569,11.704699910719626,13.416407864998739,13.892443989449804,14.422205101855956,14.866068747318506,14.142135623730951,14.866068747318506,12.206555615733702,10.0,7.211102550927978,4.242640687119285,1.0,3.605551275463989,8.06225774829855,12.529964086141668,16.55294535724685,21.02379604162864,23.259406699226016,26.832815729997478,26.40075756488817,29.546573405388315,28.635642126552707,26.40075756488817
1784879564.430752,-55,0.0,2.8284271247461903,9.219544457292887,12.165525060596439,14.035668847618199,17.029386365926403,19.026297590440446,20.024984394500787,20.024984394500787,19.0,17.0,16.0,15.033296378372908,13.038404810405298,10.04987562112089,7.0,5.0,2.23606797749979,1.4142135623730951,3.605551275463989,4.242640687119285,7.0710678118654755,8.602325267042627,10.0,10.295630140987,10.770329614269007,10.44030650891055,0.0,0.0,0.0,0.0,0.0,0.0,0.0,0.0,0.0,0.0,0.0,11.704699910719626,11.180339887498949,11.0,10.04987562112089,8.246211251235321,6.324555320336759,4.47213595499958,3.1622776601683795,1.0,2.23606797749979,5.0,7.211102550927978,10.295630140987,13.892443989449804,16.1245154965971,17.0,19.235384061671343,20.12461179749811,21.470910553583888,21.470910553583888,20.12461179749811,19.235384061671343,16.55294535724685,15.264337522473747,11.40175425099138,6.4031242374328485
1784879564.485025,-55,0.0,16.278820596099706,12.206555615733702,8.06225774829855,3.0,3.1622776601683795,6.082762530298219,9.486832980505138,12.083045973594572,13.038404810405298,15.264337522473747,15.264337522473747,16.64331697709324,15.264337522473747,15.264337522473747,13.038404810405298,11.661903789690601,10.295630140987,7.615773105863909,4.47213595499958,2.23606797749979,1.0,2.23606797749979,4.47213595499958,5.385164807134504,7.615773105863909,8.06225774829855,0.0,0.0,0.0,0.0,0.0,0.0,0.0,0.0,0.0,0.0,0.0,7.0710678118654755,8.06225774829855,9.486832980505138,11.180339887498949,12.0,12.041594578792296,12.165525060596439,12.36931687685298,11.704699910719626,10.770329614269007,8.94427190999916,5.830951894845301,4.123105625617661,1.0,2.23606797749979,5.656854249492381,9.219544457292887,12.041594578792296,16.97056274847714,19.1049731745428,21.93171219946131,23.345235059857504,24.08318915758459,25.495097567963924,24.758836806279895,21.93171219946131
1784879564.566456,-55,0.0,4.47213595499958,9.055385138137417,13.601470508735444,15.231546211727817,18.027756377319946,20.615528128088304,20.615528128088304,21.02379604162864,19.235384061671343,17.88854381999832,16.1245154965971,13.892443989449804,11.661903789690601,9.433981132056603,6.4031242374328485,2.8284271247461903,2.0,3.1622776601683795,5.0,6.082762530298219,8.06225774829855,10.198039027185569,10.44030650891055,11.704699910719626,11.180339887498949,10.816653826391969,0.0,0.0,0.0,0.0,0.0,0.0,0.0,0.0,0.0,0.0,0.0,11.0,12.165525060596439,12.649110640673518,13.0,12.529964086141668,11.40175425099138,9.219544457292887,8.48528137423857,6.4031242374328485,4.242640687119285,1.0,2.23606797749979,5.385164807134504,8.94427190999916,12.083045973594572,14.7648230602334,16.1245154965971,18.35755975068582,20.591260281974,20.591260281974,19.72308292331602,18.867962264113206,16.1245154965971,14.422205101855956,10.816653826391969,6.4031242374328485
1784879564.6771798,-56,0.0,18.384776310850235,13.892443989449804,10.0,5.830951894845301,5.0990195135927845,6.4031242374328485,9.848857801796104,12.36931687685298,13.152946437965905,15.297058540778355,16.278820596099706,17.26267650163207,17.26267650163207,16.278820596099706,14.317821063276353,13.341664064126334,11.40175425099138,8.54400374531753,6.708203932499369,4.47213595499958,2.0,1.4142135623730951,3.0,5.0,6.082762530298219,8.0,0.0,0.0,0.0,0.0,0.0,0.0,0.0,0.0,0.0,0.0,0.0,6.4031242374328485,8.06225774829855,10.44030650891055,11.180339887498949,12.0,12.041594578792296,12.36931687685298,12.649110640673518,12.083045973594572,11.180339887498949,9.433981132056603,7.211102550927978,5.385164807134504,3.0,2.23606797749979,5.385164807134504,8.06225774829855,12.529964086141668,15.652475842498529,19.235384061671343,22.360679774997898,23.706539182259394,24.596747752497688,26.40075756488817,26.832815729997478,23.259406699226016
1784879564.8118558,-55,0.0,17.204650534085253,13.45362404707371,8.06225774829855,3.0,5.830951894845301,9.0,13.038404810405298,15.297058540778355,17.72004514666935,18.681541692269406,18.973665961010276,20.8806130178211,19.924858845171276,18.681541692269406,15.524174696260024,13.601470508735444,12.36931687685298,8.246211251235321,5.0990195135927845,2.23606797749979,1.0,2.8284271247461903,5.0,7.810249675906654,9.219544457292887,9.899494936611665,0.0,0.0,0.0,0.0,0.0,0.0,0.0,0.0,0.0,0.0,0.0,5.385164807134504,8.246211251235321,10.0,12.041594578792296,13.341664064126334,13.92838827718412,14.317821063276353,15.264337522473747,15.0,15.0,12.806248474865697,9.899494936611665,7.810249675906654,4.242640687119285,0.0,4.242640687119285,7.810249675906654,12.806248474865697,17.204650534085253,20.808652046684813,24.413111231467404,27.202941017470888,27.202941017470888,29.410882339705484,29.410882339705484,26.627053911388696
1784879564.919798,-55,0.0,21.540659228538015,22.135943621178654,24.351591323771842,22.47220505424423,22.47220505424423,20.615528128088304,18.384776310850235,15.652475842498529,12.083045973594572,8.94427190999916,5.830951894845301,3.605551275463989,2.23606797749979,4.123105625617661,7.0,9.0,11.0,12.0,12.041594578792296,12.165525060596439,12.165525060596439,12.649110640673518,11.704699910719626,10.770329614269007,9.433981132056603,7.211102550927978,0.0,0.0,0.0,0.0,0.0,0.0,0.0,0.0,0.0,0.0,0.0,9.486832980505138,8.06225774829855,6.0,5.0,2.0,0.0,3.1622776601683795,5.830951894845301,7.810249675906654,11.313708498984761,12.727922061357855,14.866068747318506,17.029386365926403,17.804493814764857,19.209372712298546,18.601075237738275,17.204650534085253,16.401219466856727,15.620499351813308,12.041594578792296,9.219544457292887,5.830951894845301,2.23606797749979,5.0,9.219544457292887,13.0
1784879565.0276952,-55,0.0,27.65863337187866,26.90724809414742,24.08318915758459,20.518284528683193,17.029386365926403,12.806248474865697,8.06225774829855,5.0990195135927845,2.23606797749979,5.0990195135927845,7.615773105863909,10.770329614269007,13.0,13.92838827718412,15.231546211727817,14.866068747318506,15.524174696260024,13.341664064126334,12.36931687685298,10.04987562112089,9.055385138137417,8.0,5.0,3.1622776601683795,1.4142135623730951,3.1622776601683795,0.0,0.0,0.0,0.0,0.0,0.0,0.0,0.0,0.0,0.0,0.0,4.47213595499958,1.4142135623730951,1.0,3.605551275463989,6.708203932499369,8.94427190999916,10.770329614269007,12.36931687685298,15.132745950421556,17.029386365926403,18.027756377319946,18.110770276274835,18.110770276274835,17.11724276862369,15.132745950421556,12.165525060596439,9.055385138137417,6.0,3.605551275463989,4.123105625617661,7.810249675906654,12.727922061357855,16.401219466856727,21.2602916254693,24.839484696748443,27.018512172212592
1784879565.136767,-55,0.0,18.110770276274835,15.524174696260024,10.770329614269007,5.830951894845301,5.0990195135927845,6.708203932499369,9.899494936611665,12.806248474865697,14.422205101855956,16.64331697709324,16.64331697709324,18.027756377319946,18.601075237738275,17.804493814764857,15.0,13.45362404707371,12.041594578792296,8.48528137423857,5.656854249492381,3.605551275463989,2.0,2.8284271247461903,5.0,6.708203932499369,8.94427190999916,10.0,0.0,0.0,0.0,0.0,0.0,0.0,0.0,0.0,0.0,0.0,0.0,5.830951894845301,7.615773105863909,10.198039027185569,12.041594578792296,14.035668847618199,14.142135623730951,14.317821063276353,14.866068747318506,14.317821063276353,14.7648230602334,11.661903789690601,10.816653826391969,8.06225774829855,5.385164807134504,4.47213595499958,4.123105625617661,8.06225774829855,12.165525060596439,16.1245154965971,19.235384061671343,22.360679774997898,25.317977802344327,25.317977802344327,28.284271247461902,28.284271247461902,26.1725046566048
1784879565.245879,-55,0.0,20.808652046684813,22.02271554554524,23.430749027719962,21.400934559032695,21.400934559032695,20.0,17.804493814764857,15.0,10.816653826391969,8.06225774829855,5.0990195135927845,4.123105625617661,4.47213595499958,6.082762530298219,8.06225774829855,9.055385138137417,11.045361017187261,12.041594578792296,12.041594578792296,12.0,12.041594578792296,12.165525060596439,11.40175425099138,10.44030650891055,8.54400374531753,6.708203932499369,0.0,0.0,0.0,0.0,0.0,0.0,0.0,0.0,0.0,0.0,0.0,11.045361017187261,10.04987562112089,8.06225774829855,6.324555320336759,4.123105625617661,2.0,2.0,4.123105625617661,7.280109889280518,10.198039027185569,12.165525060596439,14.142135623730951,17.029386365926403,18.0,19.0,18.0,18.027756377319946,16.0312195418814,15.0,13.0,9.055385138137417,6.324555320336759,3.1622776601683795,5.830951894845301,9.899494936611665,13.601470508735444
1784879565.596141,-55,0.0,20.0,22.02271554554524,23.021728866442675,21.0,21.0,19.0,17.029386365926403,14.035668847618199,10.04987562112089,7.0710678118654755,4.47213595499958,3.1622776601683795,3.605551275463989,6.4031242374328485,8.06225774829855,9.848857801796104,11.180339887498949,12.083045973594572,12.529964086141668,11.661903789690601,11.40175425099138,11.40175425099138,9.899494936611665,9.219544457292887,7.810249675906654,5.830951894845301,0.0,0.0,0.0,0.0,0.0,0.0,0.0,0.0,0.0,0.0,0.0,11.045361017187261,9.486832980505138,8.54400374531753,6.708203932499369,4.47213595499958,2.8284271247461903,0.0,2.23606797749979,5.385164807134504,8.54400374531753,10.770329614269007,12.649110640673518,15.524174696260024,17.46424919657298,17.26267650163207,17.26267650163207,17.26267650163207,16.278820596099706,14.317821063276353,12.36931687685298,9.219544457292887,5.385164807134504,1.4142135623730951,4.123105625617661,9.055385138137417,13.0
1784879565.705647,-55,0.0,21.2602916254693,23.345235059857504,24.758836806279895,22.67156809750927,22.67156809750927,21.400934559032695,18.601075237738275,15.811388300841896,12.206555615733702,8.06225774829855,5.385164807134504,3.1622776601683795,3.1622776601683795,5.0990195135927845,7.211102550927978,9.433981132056603,11.661903789690601,11.661903789690601,11.661903789690601,11.661903789690601,12.083045973594572,11.704699910719626,10.44030650891055,10.198039027185569,8.06225774829855,6.0,0.0,0.0,0.0,0.0,0.0,0.0,0.0,0.0,0.0,0.0,0.0,11.40175425099138,10.04987562112089,9.0,7.0710678118654755,5.0990195135927845,2.23606797749979,0.0,2.23606797749979,5.830951894845301,8.602325267042627,11.40175425099138,13.45362404707371,16.278820596099706,17.69180601295413,18.384776310850235,17.69180601295413,17.69180601295413,16.278820596099706,14.866068747318506,12.806248474865697,8.602325267042627,5.830951894845301,1.0,4.242640687119285,9.219544457292887,12.806248474865697
1784879565.8143559,-55,0.0,28.635642126552707,27.65863337187866,24.73863375370596,20.615528128088304,16.76305461424021,11.704699910719626,8.06225774829855,3.605551275463989,2.8284271247461903,6.082762530298219,9.055385138137417,12.041594578792296,14.035668847618199,16.0,16.0,16.0,17.029386365926403,15.132745950421556,13.152946437965905,11.180339887498949,9.486832980505138,8.246211251235321,6.324555320336759,4.123105625617661,1.0,2.0,0.0,0.0,0.0,0.0,0.0,0.0,0.0,0.0,0.0,0.0,0.0,5.0990195135927845,3.1622776601683795,1.0,2.8284271247461903,5.0,7.810249675906654,10.0,12.206555615733702,15.264337522473747,17.46424919657298,18.384776310850235,18.027756377319946,18.027756377319946,17.72004514666935,14.866068747318506,12.36931687685298,9.219544457292887,6.082762530298219,2.23606797749979,3.0,8.06225774829855,12.36931687685298,16.492422502470642,21.37755832643195,25.495097567963924,27.65863337187866
1784879565.922047,-55,0.0,4.0,9.0,13.152946437965905,15.524174696260024,18.681541692269406,20.8806130178211,20.8806130178211,21.18962010041709,20.248456731316587,18.384776310850235,16.55294535724685,14.317821063276353,12.529964086141668,9.433981132056603,5.830951894845301,3.605551275463989,2.0,3.1622776601683795,5.0,6.082762530298219,8.06225774829855,9.486832980505138,10.44030650891055,10.770329614269007,10.295630140987,10.0,0.0,0.0,0.0,0.0,0.0,0.0,0.0,0.0,0.0,0.0,0.0,11.180339887498949,12.0,12.165525060596439,12.36931687685298,12.083045973594572,10.295630140987,9.219544457292887,7.0710678118654755,5.656854249492381,2.8284271247461903,0.0,3.605551275463989,6.4031242374328485,10.0,13.038404810405298,15.0,17.204650534085253,19.4164878389476,21.633307652783937,23.021728866442675,22.20360331117452,21.400934559032695,18.601075237738275,15.620499351813308,12.727922061357855,8.48528137423857
1784879566.031592,-55,0.0,18.35755975068582,14.422205101855956,9.219544457292887,2.8284271247461903,3.1622776601683795,7.0710678118654755,11.40175425099138,14.560219778561036,16.55294535724685,18.384776310850235,19.697715603592208,20.615528128088304,19.697715603592208,18.788294228055936,16.15549442140351,14.866068747318506,13.0,9.486832980505138,6.324555320336759,3.605551275463989,1.4142135623730951,2.8284271247461903,5.0,7.211102550927978,8.602325267042627,10.63014581273465,0.0,0.0,0.0,0.0,0.0,0.0,0.0,0.0,0.0,0.0,0.0,5.0,8.06225774829855,10.44030650891055,12.649110640673518,14.317821063276353,15.264337522473747,15.0,15.620499351813308,16.278820596099706,16.278820596099706,14.212670403551895,11.40175425099138,9.219544457292887,6.4031242374328485,2.23606797749979,2.23606797749979,5.830951894845301,10.295630140987,14.7648230602334,19.235384061671343,22.825424421026653,25.553864678361276,26.419689627245813,28.653097563788805,28.653097563788805,26.419689627245813
1784879566.1665,-55,0.0,16.278820596099706,12.36931687685298,7.280109889280518,2.0,2.0,6.082762530298219,9.486832980505138,12.649110640673518,14.317821063276353,15.652475842498529,15.652475842498529,17.0,16.1245154965971,15.264337522473747,13.416407864998739,11.661903789690601,9.433981132056603,6.708203932499369,4.47213595499958,2.23606797749979,0.0,3.0,5.0990195135927845,6.082762530298219,8.06225774829855,9.0,0.0,0.0,0.0,0.0,0.0,0.0,0.0,0.0,0.0,0.0,0.0,5.656854249492381,8.06225774829855,9.486832980505138,11.180339887498949,12.041594578792296,12.041594578792296,12.0,13.038404810405298,12.165525060596439,12.165525060596439,10.44030650891055,7.615773105863909,5.385164807134504,2.23606797749979,1.4142135623730951,5.385164807134504,9.055385138137417,12.041594578792296,16.0312195418814,19.026297590440446,22.090722034374522,24.186773244895647,24.331050121192877,26.30589287593181,25.495097567963924,23.345235059857504
1784879566.273283,-54,0.0,4.242640687119285,8.602325267042627,12.727922061357855,15.0,17.804493814764857,20.0,20.808652046684813,20.808652046684813,19.4164878389476,18.027756377319946,16.64331697709324,15.264337522473747,12.529964086141668,8.94427190999916,5.830951894845301,3.1622776601683795,2.23606797749979,3.1622776601683795,4.47213595499958,6.708203932499369,7.615773105863909,9.486832980505138,10.198039027185569,11.045361017187261,11.0,10.04987562112089,0.0,0.0,0.0,0.0,0.0,0.0,0.0,0.0,0.0,0.0,0.0,10.0,11.180339887498949,11.704699910719626,12.36931687685298,11.045361017187261,10.0,9.055385138137417,8.06225774829855,6.082762530298219,4.123105625617661,1.0,2.23606797749979,5.385164807134504,8.06225774829855,11.180339887498949,13.416407864998739,15.652475842498529,17.46424919657298,19.697715603592208,20.615528128088304,20.615528128088304,19.313207915827967,16.55294535724685,14.866068747318506,11.40175425099138,7.280109889280518
1784879566.3803132,-55,0.0,5.0,9.219544457292887,12.529964086141668,14.866068747318506,18.384776310850235,20.248456731316587,20.248456731316587,19.924858845171276,18.681541692269406,17.72004514666935,15.524174696260024,14.560219778561036,11.40175425099138,9.219544457292887,6.082762530298219,3.0,2.23606797749979,2.23606797749979,4.47213595499958,5.830951894845301,7.211102550927978,8.94427190999916,9.848857801796104,10.44030650891055,10.198039027185569,10.0,0.0,0.0,0.0,0.0,0.0,0.0,0.0,0.0,0.0,0.0,0.0,10.44030650891055,11.180339887498949,12.206555615733702,12.041594578792296,11.313708498984761,10.0,8.602325267042627,8.06225774829855,5.385164807134504,3.605551275463989,0.0,3.1622776601683795,6.0,9.0,12.041594578792296,14.035668847618199,16.0312195418814,18.027756377319946,20.024984394500787,21.02379604162864,20.09975124224178,20.09975124224178,16.0312195418814,15.132745950421556,12.165525060596439,7.280109889280518
1784879566.487691,-55,0.0,21.470910553583888,23.769728648009426,24.166091947189145,23.706539182259394,22.825424421026653,21.95449840010015,19.235384061671343,15.811388300841896,12.529964086141668,8.602325267042627,5.0,2.23606797749979,1.0,4.123105625617661,6.708203932499369,8.94427190999916,10.770329614269007,11.180339887498949,12.083045973594572,11.704699910719626,11.40175425099138,11.40175425099138,10.198039027185569,9.055385138137417,7.0,6.082762530298219,0.0,0.0,0.0,0.0,0.0,0.0,0.0,0.0,0.0,0.0,0.0,10.770329614269007,9.433981132056603,8.602325267042627,7.0710678118654755,5.0,3.0,1.4142135623730951,3.1622776601683795,5.656854249492381,8.602325267042627,10.816653826391969,13.038404810405298,15.652475842498529,17.0,17.88854381999832,17.88854381999832,17.0,15.652475842498529,15.264337522473747,13.038404810405298,9.219544457292887,5.656854249492381,1.0,4.0,8.54400374531753,12.083045973594572
1784879566.5425558,-55,0.0,17.11724276862369,13.601470508735444,7.615773105863909,2.23606797749979,3.1622776601683795,8.0,11.0,14.142135623730951,16.278820596099706,17.46424919657298,18.439088914585774,18.681541692269406,17.72004514666935,16.76305461424021,14.560219778561036,12.649110640673518,10.44030650891055,7.280109889280518,4.123105625617661,1.0,1.0,4.123105625617661,6.082762530298219,8.246211251235321,9.486832980505138,10.770329614269007,0.0,0.0,0.0,0.0,0.0,0.0,0.0,0.0,0.0,0.0,0.0,5.0,7.0710678118654755,9.433981132056603,12.083045973594572,12.649110640673518,13.341664064126334,13.152946437965905,14.035668847618199,14.0,13.038404810405298,12.165525060596439,9.219544457292887,7.0710678118654755,3.1622776601683795,1.0,4.123105625617661,9.055385138137417,12.041594578792296,17.0,21.02379604162864,23.08679276123039,26.076809620810597,26.076809620810597,28.160255680657446,28.160255680657446,26.1725046566048
1784879566.596962,-55,0.0,27.586228448267445,26.1725046566048,24.08318915758459,19.1049731745428,16.401219466856727,12.206555615733702,8.06225774829855,4.123105625617661,2.23606797749979,4.47213595499958,8.06225774829855,10.816653826391969,13.601470508735444,15.0,15.0,16.401219466856727,15.811388300841896,14.422205101855956,13.892443989449804,11.180339887498949,9.848857801796104,8.54400374531753,6.324555320336759,4.123105625617661,2.0,1.0,0.0,0.0,0.0,0.0,0.0,0.0,0.0,0.0,0.0,0.0,0.0,3.0,1.4142135623730951,1.0,4.123105625617661,6.324555320336759,8.54400374531753,10.295630140987,13.038404810405298,15.0,15.620499351813308,16.278820596099706,16.97056274847714,16.97056274847714,14.866068747318506,13.45362404707371,10.0,7.211102550927978,3.605551275463989,0.0,5.0,9.219544457292887,13.45362404707371,17.69180601295413,21.93171219946131,25.45584412271571,27.586228448267445
1784879566.7089689,-55,0.0,21.095023109728988,22.360679774997898,24.186773244895647,22.825424421026653,23.323807579381203,21.095023109728988,18.867962264113206,16.64331697709324,13.038404810405298,9.433981132056603,6.4031242374328485,3.605551275463989,1.4142135623730951,4.0,6.324555320336759,8.246211251235321,10.198039027185569,10.198039027185569,11.180339887498949,11.045361017187261,11.045361017187261,11.0,10.04987562112089,9.219544457292887,7.280109889280518,5.385164807134504,0.0,0.0,0.0,0.0,0.0,0.0,0.0,0.0,0.0,0.0,0.0,10.44030650891055,9.055385138137417,8.0,6.082762530298219,4.123105625617661,2.23606797749979,1.4142135623730951,3.1622776601683795,5.385164807134504,8.602325267042627,10.816653826391969,12.806248474865697,15.620499351813308,16.97056274847714,17.69180601295413,17.69180601295413,16.97056274847714,16.278820596099706,15.620499351813308,12.806248474865697,10.0,6.708203932499369,2.0,4.0,8.246211251235321,12.529964086141668
1784879566.844513,-55,0.0,19.1049731745428,22.02271554554524,23.430749027719962,21.93171219946131,22.67156809750927,21.2602916254693,19.1049731745428,16.97056274847714,13.45362404707371,9.899494936611665,6.4031242374328485,4.123105625617661,2.23606797749979,3.0,5.385164807134504,8.246211251235321,10.44030650891055,11.40175425099138,11.40175425099138,12.165525060596439,12.041594578792296,13.0,12.041594578792296,11.180339887498949,9.486832980505138,8.54400374531753,0.0,0.0,0.0,0.0,0.0,0.0,0.0,0.0,0.0,0.0,0.0,9.899494936611665,8.602325267042627,7.211102550927978,5.385164807134504,3.1622776601683795,1.4142135623730951,1.4142135623730951,4.123105625617661,6.324555320336759,9.848857801796104,12.083045973594572,14.317821063276353,16.1245154965971,17.4928556845359,18.35755975068582,18.35755975068582,17.4928556845359,16.64331697709324,16.1245154965971,13.416407864998739,10.770329614269007,7.280109889280518,3.0,4.0,8.06225774829855,11.313708498984761
1784879566.953214,-55,0.0,29.0,27.073972741361768,24.020824298928627,20.024984394500787,17.11724276862369,12.165525060596439,7.280109889280518,3.605551275463989,2.8284271247461903,5.385164807134504,9.219544457292887,12.36931687685298,14.317821063276353,16.278820596099706,16.492422502470642,17.46424919657298,17.72004514666935,15.811388300841896,13.92838827718412,12.083045973594572,10.295630140987,8.06225774829855,5.830951894845301,3.605551275463989,1.0,2.0,0.0,0.0,0.0,0.0,0.0,0.0,0.0,0.0,0.0,0.0,0.0,5.385164807134504,3.1622776601683795,0.0,2.8284271247461903,5.0,7.211102550927978,10.295630140987,12.529964086141668,14.317821063276353,16.76305461424021,17.72004514666935,17.46424919657298,18.439088914585774,17.26267650163207,15.297058540778355,13.038404810405298,9.055385138137417,6.0,2.23606797749979,3.1622776601683795,7.0,12.041594578792296,16.1245154965971,22.02271554554524,26.076809620810597,28.160255680657446
1784879567.061812,-55,0.0,28.600699292150182,27.80287754891569,25.0,20.0,17.029386365926403,12.041594578792296,7.810249675906654,3.1622776601683795,2.0,5.385164807134504,8.94427190999916,12.083045973594572,14.317821063276353,15.652475842498529,15.652475842498529,16.55294535724685,16.15549442140351,14.866068747318506,12.649110640673518,10.44030650891055,9.219544457292887,7.280109889280518,5.0990195135927845,2.8284271247461903,2.0,3.605551275463989,0.0,0.0,0.0,0.0,0.0,0.0,0.0,0.0,0.0,0.0,0.0,4.0,2.23606797749979,1.4142135623730951,4.0,6.082762530298219,9.219544457292887,10.44030650891055,13.0,14.7648230602334,16.64331697709324,17.204650534085253,17.804493814764857,17.804493814764857,17.029386365926403,14.212670403551895,11.313708498984761,9.219544457292887,4.47213595499958,2.23606797749979,5.0990195135927845,8.94427190999916,13.892443989449804,17.804493814764857,23.021728866442675,26.627053911388696,28.600699292150182
1784879567.170034,-55,0.0,3.605551275463989,8.94427190999916,12.806248474865697,15.556349186104045,18.384776310850235,20.518284528683193,21.93171219946131,22.02271554554524,20.615528128088304,19.209372712298546,16.401219466856727,15.0,12.206555615733702,9.433981132056603,6.4031242374328485,2.23606797749979,1.0,2.8284271247461903,5.0,7.211102550927978,8.94427190999916,10.770329614269007,11.704699910719626,12.36931687685298,12.041594578792296,11.0,0.0,0.0,0.0,0.0,0.0,0.0,0.0,0.0,0.0,0.0,0.0,10.770329614269007,11.40175425099138,12.041594578792296,12.0,12.041594578792296,10.198039027185569,9.486832980505138,7.615773105863909,5.830951894845301,3.605551275463989,1.0,3.1622776601683795,7.211102550927978,10.0,13.038404810405298,15.264337522473747,18.027756377319946,20.248456731316587,22.47220505424423,22.47220505424423,22.825424421026653,21.95449840010015,18.35755975068582,17.0,13.0,8.94427190999916
1784879567.2777548,-55,0.0,21.02379604162864,22.825424421026653,24.186773244895647,23.259406699226016,23.259406699226016,21.93171219946131,19.697715603592208,17.08800749063506,13.0,9.486832980505138,6.082762530298219,3.1622776601683795,2.23606797749979,3.605551275463989,6.4031242374328485,8.602325267042627,10.63014581273465,11.40175425099138,12.041594578792296,11.313708498984761,12.041594578792296,11.40175425099138,10.816653826391969,10.295630140987,8.54400374531753,6.082762530298219,0.0,0.0,0.0,0.0,0.0,0.0,0.0,0.0,0.0,0.0,0.0,11.704699910719626,10.44030650891055,9.219544457292887,8.06225774829855,6.0,3.0,1.0,2.23606797749979,4.47213595499958,8.06225774829855,10.295630140987,13.038404810405298,15.264337522473747,16.64331697709324,18.027756377319946,18.027756377319946,17.4928556845359,16.64331697709324,16.1245154965971,13.416407864998739,9.848857801796104,6.324555320336759,1.4142135623730951,2.8284271247461903,7.211102550927978,12.083045973594572
1784879567.386307,-55,0.0,28.319604517012593,27.65863337187866,23.430749027719962,19.849433241279208,15.811388300841896,11.661903789690601,7.280109889280518,3.1622776601683795,3.1622776601683795,6.708203932499369,10.0,12.806248474865697,15.0,16.401219466856727,16.401219466856727,16.401219466856727,16.401219466856727,14.422205101855956,12.529964086141668,10.295630140987,8.94427190999916,6.708203932499369,4.47213595499958,2.23606797749979,0.0,3.1622776601683795,0.0,0.0,0.0,0.0,0.0,0.0,0.0,0.0,0.0,0.0,0.0,6.082762530298219,3.0,0.0,3.0,5.0990195135927845,8.246211251235321,9.848857801796104,12.529964086141668,15.264337522473747,17.204650534085253,17.804493814764857,17.804493814764857,17.69180601295413,16.278820596099706,14.866068747318506,12.041594578792296,7.810249675906654,5.0,0.0,4.242640687119285,9.219544457292887,14.142135623730951,18.439088914585774,23.345235059857504,26.90724809414742,28.319604517012593
1784879567.520517,-55,0.0,26.627053911388696,26.076809620810597,22.47220505424423,18.027756377319946,14.7648230602334,10.770329614269007,7.0710678118654755,3.605551275463989,4.0,6.708203932499369,9.433981132056603,12.529964086141668,14.422205101855956,15.811388300841896,15.811388300841896,15.264337522473747,15.264337522473747,13.892443989449804,12.083045973594572,9.848857801796104,8.54400374531753,7.280109889280518,5.385164807134504,2.8284271247461903,1.0,2.8284271247461903,0.0,0.0,0.0,0.0,0.0,0.0,0.0,0.0,0.0,0.0,0.0,5.0,2.23606797749979,0.0,3.1622776601683795,5.0990195135927845,7.280109889280518,10.04987562112089,12.0,14.035668847618199,16.278820596099706,16.492422502470642,15.811388300841896,15.811388300841896,14.866068747318506,13.0,10.295630140987,6.708203932499369,3.605551275463989,1.0,5.656854249492381,9.433981132056603,14.422205101855956,18.35755975068582,22.47220505424423,26.076809620810597,27.459060435491963
1784879567.6282198,-55,0.0,18.0,16.278820596099706,10.44030650891055,6.324555320336759,4.123105625617661,5.830951894845301,9.219544457292887,12.206555615733702,13.416407864998739,15.652475842498529,16.55294535724685,18.384776310850235,17.88854381999832,17.46424919657298,15.652475842498529,14.7648230602334,13.416407864998739,10.295630140987,8.602325267042627,5.0,3.605551275463989,2.0,2.23606797749979,4.123105625617661,6.0,7.0710678118654755,0.0,0.0,0.0,0.0,0.0,0.0,0.0,0.0,0.0,0.0,0.0,7.0,9.219544457292887,10.770329614269007,11.661903789690601,12.806248474865697,12.727922061357855,12.806248474865697,13.038404810405298,12.529964086141668,12.083045973594572,9.848857801796104,7.280109889280518,5.385164807134504,2.8284271247461903,2.23606797749979,5.0990195135927845,9.055385138137417,13.038404810405298,17.0,20.0,23.0,26.019223662515376,26.019223662515376,28.0,28.0,26.0
1784879567.7359061,-55,0.0,21.470910553583888,23.323807579381203,24.698178070456937,22.825424421026653,22.825424421026653,21.470910553583888,19.235384061671343,15.231546211727817,12.083045973594572,7.615773105863909,5.0990195135927845,2.23606797749979,2.0,5.0,6.4031242374328485,9.219544457292887,10.63014581273465,12.041594578792296,12.041594578792296,12.041594578792296,11.40175425099138,11.661903789690601,10.816653826391969,10.295630140987,7.615773105863909,6.324555320336759,0.0,0.0,0.0,0.0,0.0,0.0,0.0,0.0,0.0,0.0,0.0,9.899494936611665,9.433981132056603,7.615773105863909,6.324555320336759,4.123105625617661,1.4142135623730951,1.4142135623730951,4.123105625617661,7.0,10.04987562112089,12.041594578792296,14.317821063276353,16.492422502470642,17.72004514666935,18.681541692269406,17.72004514666935,17.72004514666935,16.76305461424021,15.524174696260024,13.341664064126334,9.055385138137417,6.0,1.4142135623730951,5.0,9.219544457292887,12.529964086141668
1784879567.950647,-55,0.0,20.248456731316587,21.400934559032695,23.600847442411894,21.633307652783937,21.633307652783937,21.095023109728988,18.35755975068582,15.652475842498529,11.180339887498949,7.615773105863909,4.123105625617661,2.23606797749979,2.23606797749979,5.656854249492381,7.211102550927978,10.0,11.40175425099138,12.041594578792296,12.806248474865697,12.041594578792296,12.727922061357855,12.041594578792296,11.40175425099138,10.816653826391969,8.06225774829855,6.708203932499369,0.0,0.0,0.0,0.0,0.0,0.0,0.0,0.0,0.0,0.0,0.0,10.198039027185569,9.055385138137417,8.0,6.082762530298219,4.123105625617661,1.4142135623730951,1.0,4.123105625617661,6.708203932499369,9.433981132056603,11.661903789690601,13.601470508735444,16.401219466856727,17.804493814764857,19.209372712298546,17.804493814764857,17.804493814764857,16.401219466856727,15.811388300841896,13.038404810405298,9.433981132056603,6.708203932499369,1.4142135623730951,2.8284271247461903,7.810249675906654,12.206555615733702
1784879568.0863318,-55,0.0,17.08800749063506,10.816653826391969,7.211102550927978,3.1622776601683795,3.605551275463989,7.0,10.04987562112089,12.165525060596439,14.560219778561036,15.524174696260024,15.524174696260024,16.492422502470642,15.524174696260024,14.560219778561036,12.36931687685298,11.40175425099138,9.219544457292887,6.082762530298219,3.1622776601683795,1.0,1.4142135623730951,3.605551275463989,5.385164807134504,6.708203932499369,8.06225774829855,9.219544457292887,0.0,0.0,0.0,0.0,0.0,0.0,0.0,0.0,0.0,0.0,0.0,5.0990195135927845,7.0710678118654755,8.54400374531753,9.848857801796104,11.661903789690601,11.40175425099138,12.041594578792296,12.041594578792296,12.041594578792296,12.206555615733702,9.848857801796104,7.615773105863909,5.830951894845301,2.23606797749979,1.0,4.47213595499958,8.06225774829855,11.180339887498949,15.231546211727817,18.384776310850235,21.02379604162864,23.259406699226016,23.769728648009426,26.0,25.079872407968907,22.847319317591726
1784879568.195501,-55,0.0,22.090722034374522,23.194827009486403,25.179356624028344,23.08679276123039,23.08679276123039,21.02379604162864,18.027756377319946,15.0,11.0,8.0,4.123105625617661,2.23606797749979,2.8284271247461903,5.830951894845301,7.280109889280518,9.486832980505138,11.704699910719626,11.704699910719626,13.0,12.083045973594572,12.529964086141668,12.206555615733702,10.816653826391969,9.219544457292887,7.0710678118654755,5.656854249492381,0.0,0.0,0.0,0.0,0.0,0.0,0.0,0.0,0.0,0.0,0.0,10.44030650891055,8.94427190999916,7.810249675906654,5.656854249492381,3.605551275463989,1.0,1.4142135623730951,4.242640687119285,6.708203932499369,10.44030650891055,12.649110640673518,14.560219778561036,17.26267650163207,19.235384061671343,20.223748416156685,19.235384061671343,18.110770276274835,17.11724276862369,16.278820596099706,13.341664064126334,9.486832980505138,5.385164807134504,1.0,5.830951894845301,10.198039027185569,14.035668847618199
1784879568.305938,-55,0.0,27.85677655436824,25.96150997149434,23.08679276123039,19.924858845171276,15.297058540778355,11.180339887498949,7.0,4.47213595499958,3.1622776601683795,5.656854249492381,9.219544457292887,12.041594578792296,14.212670403551895,15.620499351813308,15.620499351813308,15.620499351813308,16.278820596099706,14.142135623730951,13.45362404707371,11.40175425099138,10.0,9.433981132056603,7.211102550927978,5.0,2.8284271247461903,2.0,0.0,0.0,0.0,0.0,0.0,0.0,0.0,0.0,0.0,0.0,0.0,3.1622776601683795,0.0,2.23606797749979,4.47213595499958,7.211102550927978,9.433981132056603,11.704699910719626,13.601470508735444,15.524174696260024,18.24828759089466,18.110770276274835,18.027756377319946,18.0,16.0,14.0,11.045361017187261,8.06225774829855,4.123105625617661,1.4142135623730951,4.47213595499958,8.54400374531753,13.601470508735444,17.46424919657298,22.80350850198276,25.96150997149434,27.892651361962706
1784879568.414117,-55,0.0,17.88854381999832,13.038404810405298,7.810249675906654,1.4142135623730951,4.0,8.246211251235321,12.649110640673518,15.811388300841896,17.46424919657298,18.788294228055936,19.235384061671343,20.12461179749811,19.235384061671343,18.35755975068582,16.1245154965971,13.416407864998739,11.661903789690601,7.211102550927978,5.0,2.23606797749979,2.23606797749979,4.47213595499958,6.708203932499369,8.54400374531753,9.848857801796104,11.661903789690601,0.0,0.0,0.0,0.0,0.0,0.0,0.0,0.0,0.0,0.0,0.0,7.0710678118654755,9.055385138137417,11.40175425099138,13.0,13.892443989449804,15.0,14.866068747318506,15.556349186104045,15.620499351813308,14.212670403551895,12.206555615733702,9.433981132056603,7.211102550927978,2.8284271247461903,1.4142135623730951,5.385164807134504,9.848857801796104,13.0,18.384776310850235,21.540659228538015,25.079872407968907,27.313000567495326,27.730849247724095,29.068883707497267,29.068883707497267,25.942243542145693
1784879568.522536,-55,0.0,26.832815729997478,26.832815729997478,23.259406699226016,17.88854381999832,15.231546211727817,10.44030650891055,6.082762530298219,2.23606797749979,2.8284271247461903,6.708203932499369,8.94427190999916,12.083045973594572,14.317821063276353,15.231546211727817,15.231546211727817,15.231546211727817,15.652475842498529,13.416407864998739,12.083045973594572,10.295630140987,8.94427190999916,6.708203932499369,5.385164807134504,3.0,1.4142135623730951,3.1622776601683795,0.0,0.0,0.0,0.0,0.0,0.0,0.0,0.0,0.0,0.0,0.0,4.0,2.23606797749979,1.4142135623730951,4.123105625617661,6.0,9.0,11.045361017187261,13.341664064126334,14.560219778561036,17.46424919657298,17.46424919657298,17.88854381999832,17.88854381999832,16.1245154965971,14.7648230602334,11.661903789690601,8.06225774829855,4.47213595499958,1.4142135623730951,4.242640687119285,8.602325267042627,13.601470508735444,17.4928556845359,22.47220505424423,25.553864678361276,27.294688127912362
1784879568.630601,-55,0.0,21.18962010041709,22.80350850198276,23.08679276123039,22.135943621178654,21.840329667841555,19.924858845171276,18.027756377319946,15.231546211727817,10.770329614269007,8.06225774829855,5.656854249492381,4.123105625617661,4.47213595499958,6.4031242374328485,7.615773105863909,9.486832980505138,11.704699910719626,11.704699910719626,12.083045973594572,12.083045973594572,12.529964086141668,12.206555615733702,11.40175425099138,9.899494936611665,8.48528137423857,6.4031242374328485,0.0,0.0,0.0,0.0,0.0,0.0,0.0,0.0,0.0,0.0,0.0,11.180339887498949,9.486832980505138,9.219544457292887,7.0710678118654755,5.0,2.0,1.0,3.605551275463989,5.830951894845301,9.219544457292887,11.313708498984761,14.142135623730951,16.278820596099706,17.029386365926403,17.804493814764857,17.804493814764857,16.401219466856727,15.811388300841896,14.212670403551895,12.041594578792296,8.48528137423857,5.0,1.0,5.0,9.219544457292887,13.92838827718412
1784879568.65856,-55,0.0,21.93171219946131,22.847319317591726,23.769728648009426,22.847319317591726,22.847319317591726,21.02379604162864,17.88854381999832,15.652475842498529,11.661903789690601,8.602325267042627,5.0,4.0,4.242640687119285,5.385164807134504,8.06225774829855,10.04987562112089,11.180339887498949,12.041594578792296,12.165525060596439,12.36931687685298,12.649110640673518,11.704699910719626,12.083045973594572,10.295630140987,8.602325267042627,7.211102550927978,0.0,0.0,0.0,0.0,0.0,0.0,0.0,0.0,0.0,0.0,0.0,11.704699910719626,10.198039027185569,9.055385138137417,7.0,5.0,2.0,0.0,3.605551275463989,6.4031242374328485,9.219544457292887,12.041594578792296,14.142135623730951,15.620499351813308,17.804493814764857,18.601075237738275,18.601075237738275,17.204650534085253,16.401219466856727,15.0,12.806248474865697,9.219544457292887,5.656854249492381,1.0,5.0990195135927845,9.486832980505138,13.416407864998739
1784879568.766253,-55,0.0,6.324555320336759,9.848857801796104,13.601470508735444,16.278820596099706,19.4164878389476,20.396078054371138,21.37755832643195,21.213203435596427,19.1049731745428,17.11724276862369,16.1245154965971,15.033296378372908,12.0,9.055385138137417,6.082762530298219,3.605551275463989,4.123105625617661,4.123105625617661,6.708203932499369,7.211102550927978,8.94427190999916,10.770329614269007,11.704699910719626,12.36931687685298,12.165525060596439,11.0,0.0,0.0,0.0,0.0,0.0,0.0,0.0,0.0,0.0,0.0,0.0,12.165525060596439,13.0,13.152946437965905,13.601470508735444,12.083045973594572,11.661903789690601,9.433981132056603,7.810249675906654,5.656854249492381,3.605551275463989,1.4142135623730951,3.1622776601683795,7.280109889280518,10.44030650891055,13.341664064126334,15.524174696260024,17.72004514666935,18.681541692269406,20.615528128088304,20.615528128088304,20.8806130178211,19.6468827043885,15.524174696260024,13.92838827718412,10.770329614269007,5.830951894845301
1784879568.873198,-55,0.0,27.018512172212592,27.018512172212592,23.430749027719962,19.209372712298546,16.401219466856727,12.206555615733702,7.615773105863909,5.0,3.1622776601683795,6.082762530298219,8.246211251235321,12.36931687685298,14.560219778561036,15.524174696260024,15.811388300841896,16.492422502470642,17.26267650163207,15.132745950421556,14.035668847618199,12.0,10.04987562112089,9.0,7.0,4.0,2.23606797749979,3.1622776601683795,0.0,0.0,0.0,0.0,0.0,0.0,0.0,0.0,0.0,0.0,0.0,5.0990195135927845,2.0,1.4142135623730951,3.1622776601683795,5.385164807134504,8.06225774829855,9.486832980505138,12.36931687685298,14.317821063276353,17.029386365926403,17.0,18.0,18.027756377319946,17.029386365926403,15.033296378372908,12.165525060596439,9.055385138137417,6.0,2.8284271247461903,4.123105625617661,7.810249675906654,12.806248474865697,15.811388300841896,20.808652046684813,25.0,25.80697580112788
1784879569.089323,-55,0.0,21.37755832643195,23.08679276123039,24.08318915758459,22.20360331117452,22.20360331117452,21.213203435596427,18.24828759089466,15.297058540778355,12.165525060596439,9.486832980505138,5.830951894845301,4.47213595499958,4.123105625617661,5.830951894845301,7.810249675906654,10.0,12.041594578792296,12.041594578792296,12.041594578792296,12.727922061357855,12.806248474865697,12.206555615733702,11.661903789690601,11.180339887498949,9.486832980505138,7.280109889280518,0.0,0.0,0.0,0.0,0.0,0.0,0.0,0.0,0.0,0.0,0.0,10.63014581273465,10.295630140987,8.94427190999916,7.615773105863909,5.385164807134504,2.23606797749979,1.0,3.605551275463989,5.830951894845301,9.219544457292887,12.041594578792296,14.142135623730951,16.278820596099706,17.69180601295413,18.439088914585774,17.804493814764857,17.804493814764857,16.401219466856727,15.620499351813308,12.806248474865697,9.219544457292887,5.830951894845301,2.23606797749979,5.385164807134504,10.0,13.152946437965905
1784879569.197503,-55,0.0,28.319604517012593,26.90724809414742,24.839484696748443,19.849433241279208,17.804493814764857,13.038404810405298,8.54400374531753,5.0,3.605551275463989,6.082762530298219,9.055385138137417,12.041594578792296,14.142135623730951,16.278820596099706,16.278820596099706,16.278820596099706,17.11724276862369,15.033296378372908,14.0,12.041594578792296,10.198039027185569,9.055385138137417,6.082762530298219,4.0,2.0,2.23606797749979,0.0,0.0,0.0,0.0,0.0,0.0,0.0,0.0,0.0,0.0,0.0,5.385164807134504,2.23606797749979,1.0,2.23606797749979,5.385164807134504,7.615773105863909,9.486832980505138,12.165525060596439,14.035668847618199,16.0,17.029386365926403,17.26267650163207,17.26267650163207,16.278820596099706,14.317821063276353,11.40175425099138,8.246211251235321,4.123105625617661,2.8284271247461903,4.47213595499958,8.48528137423857,14.212670403551895,17.204650534085253,22.67156809750927,26.248809496813376,28.42534080710379
1784879569.305881,-55,0.0,18.867962264113206,14.7648230602334,8.94427190999916,3.1622776601683795,3.0,7.0710678118654755,10.63014581273465,14.212670403551895,16.64331697709324,18.027756377319946,18.867962264113206,20.248456731316587,19.4164878389476,18.867962264113206,16.64331697709324,14.422205101855956,11.661903789690601,8.602325267042627,5.830951894845301,3.1622776601683795,1.4142135623730951,3.1622776601683795,6.0,8.0,10.0,11.045361017187261,0.0,0.0,0.0,0.0,0.0,0.0,0.0,0.0,0.0,0.0,0.0,6.4031242374328485,8.94427190999916,11.40175425099138,13.152946437965905,15.033296378372908,15.033296378372908,15.132745950421556,16.278820596099706,16.76305461424021,15.811388300841896,14.317821063276353,12.083045973594572,8.54400374531753,5.385164807134504,2.0,2.8284271247461903,7.211102550927978,10.816653826391969,16.401219466856727,20.0,23.853720883753127,26.627053911388696,27.459060435491963,30.23243291566195,29.68164415931166,27.459060435491963
1784879569.416041,-56,0.0,20.615528128088304,21.840329667841555,22.80350850198276,21.587033144922902,21.587033144922902,19.4164878389476,17.26267650163207,15.132745950421556,11.045361017187261,8.0,5.0990195135927845,2.8284271247461903,3.1622776601683795,5.656854249492381,7.810249675906654,10.0,11.40175425099138,11.40175425099138,12.041594578792296,12.727922061357855,12.041594578792296,12.806248474865697,11.40175425099138,10.295630140987,8.94427190999916,6.324555320336759,0.0,0.0,0.0,0.0,0.0,0.0,0.0,0.0,0.0,0.0,0.0,9.848857801796104,9.433981132056603,7.810249675906654,5.656854249492381,4.242640687119285,1.4142135623730951,1.0,3.1622776601683795,6.082762530298219,9.055385138137417,11.045361017187261,13.038404810405298,16.0,17.0,18.027756377319946,17.029386365926403,17.029386365926403,16.0312195418814,15.0,12.0,9.0,5.0990195135927845,1.4142135623730951,3.605551275463989,8.54400374531753,12.36931687685298
1784879569.549411,-55,0.0,4.47213595499958,9.055385138137417,12.0,14.035668847618199,17.029386365926403,18.110770276274835,19.1049731745428,19.1049731745428,17.26267650163207,16.278820596099706,14.142135623730951,13.341664064126334,10.198039027185569,8.246211251235321,5.0990195135927845,2.23606797749979,2.0,2.8284271247461903,4.47213595499958,5.830951894845301,7.211102550927978,8.602325267042627,9.219544457292887,9.219544457292887,9.433981132056603,8.94427190999916,0.0,0.0,0.0,0.0,0.0,0.0,0.0,0.0,0.0,0.0,0.0,9.486832980505138,10.198039027185569,11.0,10.04987562112089,9.486832980505138,8.54400374531753,7.211102550927978,5.656854249492381,4.242640687119285,2.23606797749979,1.0,3.605551275463989,6.4031242374328485,8.602325267042627,12.206555615733702,13.601470508735444,15.811388300841896,17.204650534085253,18.867962264113206,18.867962264113206,18.867962264113206,17.204650534085253,14.422205101855956,12.806248474865697,9.899494936611665,5.830951894845301
1784879569.765501,-55,0.0,28.861739379323623,26.68332812825267,23.769728648009426,19.6468827043885,15.811388300841896,12.083045973594572,7.211102550927978,3.605551275463989,2.8284271247461903,6.082762530298219,9.055385138137417,12.041594578792296,14.035668847618199,15.0,16.0,16.0312195418814,16.0312195418814,14.142135623730951,12.165525060596439,10.198039027185569,8.246211251235321,7.280109889280518,4.123105625617661,2.0,1.0,2.23606797749979,0.0,0.0,0.0,0.0,0.0,0.0,0.0,0.0,0.0,0.0,0.0,4.47213595499958,2.8284271247461903,1.0,2.23606797749979,5.0,7.211102550927978,9.899494936611665,12.041594578792296,13.601470508735444,16.1245154965971,16.55294535724685,16.15549442140351,17.08800749063506,14.866068747318506,13.92838827718412,10.44030650891055,7.280109889280518,3.1622776601683795,1.4142135623730951,5.0,10.198039027185569,14.317821063276353,18.681541692269406,23.53720459187964,26.68332812825267,27.65863337187866
1784879569.873535,-55,0.0,28.0,27.0,24.0,19.0,16.0312195418814,12.165525060596439,7.280109889280518,4.242640687119285,2.23606797749979,5.830951894845301,8.54400374531753,11.704699910719626,13.601470508735444,14.560219778561036,15.811388300841896,15.811388300841896,16.15549442140351,13.92838827718412,12.083045973594572,10.295630140987,8.602325267042627,7.211102550927978,5.0,2.23606797749979,1.0,2.0,0.0,0.0,0.0,0.0,0.0,0.0,0.0,0.0,0.0,0.0,0.0,5.0,2.8284271247461903,0.0,2.8284271247461903,5.0,7.211102550927978,9.433981132056603,11.704699910719626,13.601470508735444,15.297058540778355,16.278820596099706,16.1245154965971,16.1245154965971,15.132745950421556,13.038404810405298,10.0,7.0,3.0,1.0,5.0990195135927845,9.055385138137417,14.035668847618199,18.0,22.02271554554524,26.019223662515376,28.0
1784879570.11567,-55,0.0,20.396078054371138,22.20360331117452,24.331050121192877,23.345235059857504,24.331050121192877,22.561028345356956,20.396078054371138,18.439088914585774,14.317821063276353,11.40175425099138,8.54400374531753,5.830951894845301,3.605551275463989,2.8284271247461903,4.47213595499958,7.280109889280518,9.486832980505138,10.44030650891055,11.40175425099138,11.704699910719626,12.083045973594572,12.529964086141668,12.206555615733702,10.63014581273465,9.219544457292887,8.06225774829855,0.0,0.0,0.0,0.0,0.0,0.0,0.0,0.0,0.0,0.0,0.0,10.04987562112089,9.486832980505138,8.54400374531753,6.708203932499369,4.47213595499958,1.4142135623730951,0.0,2.8284271247461903,5.830951894845301,7.615773105863909,10.295630140987,12.083045973594572,15.231546211727817,16.15549442140351,17.08800749063506,17.08800749063506,17.08800749063506,14.866068747318506,14.317821063276353,12.083045973594572,9.433981132056603,6.4031242374328485,1.4142135623730951,4.123105625617661,8.0,12.165525060596439
1784879570.2231228,-55,0.0,3.1622776601683795,8.246211251235321,12.083045973594572,15.264337522473747,18.35755975068582,21.095023109728988,21.095023109728988,21.095023109728988,20.248456731316587,18.867962264113206,16.64331697709324,15.0,12.806248474865697,9.219544457292887,5.656854249492381,3.605551275463989,3.1622776601683795,4.47213595499958,6.082762530298219,8.06225774829855,10.198039027185569,11.704699910719626,13.0,13.892443989449804,13.038404810405298,12.727922061357855,0.0,0.0,0.0,0.0,0.0,0.0,0.0,0.0,0.0,0.0,0.0,11.661903789690601,12.083045973594572,13.601470508735444,13.341664064126334,12.041594578792296,11.0,9.055385138137417,8.06225774829855,6.082762530298219,4.0,1.4142135623730951,3.605551275463989,6.4031242374328485,9.219544457292887,12.727922061357855,14.866068747318506,17.69180601295413,19.1049731745428,21.2602916254693,21.93171219946131,21.93171219946131,21.2602916254693,17.69180601295413,16.401219466856727,12.806248474865697,7.810249675906654
1784879570.331604,-55,0.0,4.123105625617661,8.246211251235321,12.649110640673518,14.317821063276353,17.46424919657298,20.12461179749811,20.12461179749811,20.591260281974,18.35755975068582,17.4928556845359,16.1245154965971,14.422205101855956,12.206555615733702,10.0,6.4031242374328485,4.242640687119285,2.0,3.1622776601683795,5.0990195135927845,6.082762530298219,8.246211251235321,9.486832980505138,10.770329614269007,11.661903789690601,10.816653826391969,11.313708498984761,0.0,0.0,0.0,0.0,0.0,0.0,0.0,0.0,0.0,0.0,0.0,10.770329614269007,11.180339887498949,12.041594578792296,12.041594578792296,11.180339887498949,10.44030650891055,8.54400374531753,7.615773105863909,5.830951894845301,3.1622776601683795,1.0,2.8284271247461903,5.0,8.602325267042627,11.40175425099138,13.45362404707371,15.620499351813308,17.029386365926403,19.1049731745428,19.1049731745428,19.1049731745428,18.384776310850235,15.556349186104045,14.142135623730951,10.63014581273465,6.4031242374328485
1784879570.440533,-55,0.0,26.832815729997478,26.832815729997478,23.706539182259394,20.12461179749811,17.0,13.038404810405298,8.602325267042627,4.242640687119285,1.0,4.0,7.0710678118654755,10.198039027185569,12.165525060596439,13.341664064126334,14.317821063276353,15.297058540778355,15.132745950421556,14.035668847618199,13.038404810405298,11.0,10.04987562112089,8.06225774829855,6.082762530298219,4.123105625617661,2.0,1.0,0.0,0.0,0.0,0.0,0.0,0.0,0.0,0.0,0.0,0.0,0.0,2.0,1.0,2.0,5.0,7.280109889280518,8.246211251235321,10.770329614269007,12.529964086141668,14.422205101855956,16.401219466856727,15.620499351813308,16.278820596099706,15.556349186104045,14.866068747318506,12.727922061357855,9.899494936611665,7.0710678118654755,3.605551275463989,2.8284271247461903,5.0,8.246211251235321,13.0,17.0,21.02379604162864,24.596747752497688,25.942243542145693
1784879570.548268,-55,0.0,4.47213595499958,8.94427190999916,12.806248474865697,15.556349186104045,18.384776310850235,19.79898987322333,20.518284528683193,21.2602916254693,19.849433241279208,18.439088914585774,16.278820596099706,15.620499351813308,12.806248474865697,10.0,6.708203932499369,4.47213595499958,3.1622776601683795,3.1622776601683795,4.0,6.0,8.0,9.055385138137417,10.198039027185569,11.40175425099138,10.770329614269007,11.180339887498949,0.0,0.0,0.0,0.0,0.0,0.0,0.0,0.0,0.0,0.0,0.0,11.40175425099138,12.041594578792296,13.601470508735444,12.529964086141668,13.0,11.40175425099138,9.219544457292887,8.06225774829855,6.0,4.123105625617661,1.0,2.23606797749979,5.385164807134504,8.94427190999916,12.083045973594572,14.866068747318506,15.811388300841896,18.027756377319946,20.248456731316587,21.18962010041709,21.18962010041709,19.924858845171276,17.08800749063506,15.811388300841896,12.36931687685298,7.0710678118654755
1784879570.683218,-54,0.0,3.605551275463989,7.810249675906654,12.727922061357855,15.0,17.804493814764857,20.0,20.0,20.0,19.4164878389476,18.027756377319946,16.64331697709324,14.7648230602334,12.529964086141668,9.848857801796104,5.385164807134504,3.1622776601683795,2.8284271247461903,3.0,5.385164807134504,7.280109889280518,9.486832980505138,11.180339887498949,11.045361017187261,12.041594578792296,12.041594578792296,12.165525060596439,0.0,0.0,0.0,0.0,0.0,0.0,0.0,0.0,0.0,0.0,0.0,11.40175425099138,12.529964086141668,13.0,12.649110640673518,12.165525060596439,10.04987562112089,9.0,7.0,5.0,3.1622776601683795,1.0,2.8284271247461903,6.4031242374328485,9.433981132056603,13.038404810405298,14.7648230602334,17.4928556845359,18.35755975068582,20.591260281974,21.095023109728988,21.470910553583888,20.12461179749811,17.0,15.231546211727817,12.083045973594572,7.615773105863909
1784879570.738128,-55,0.0,20.518284528683193,22.80350850198276,23.430749027719962,23.345235059857504,22.67156809750927,21.93171219946131,19.79898987322333,17.69180601295413,13.45362404707371,10.63014581273465,7.211102550927978,4.123105625617661,2.23606797749979,4.0,5.385164807134504,8.06225774829855,10.770329614269007,11.180339887498949,12.083045973594572,12.649110640673518,13.601470508735444,13.341664064126334,13.038404810405298,12.0,10.04987562112089,8.246211251235321,0.0,0.0,0.0,0.0,0.0,0.0,0.0,0.0,0.0,0.0,0.0,10.04987562112089,8.0,7.0710678118654755,5.0990195135927845,3.1622776601683795,1.0,1.4142135623730951,3.605551275463989,6.4031242374328485,9.219544457292887,11.313708498984761,13.45362404707371,15.620499351813308,16.401219466856727,17.804493814764857,17.029386365926403,16.401219466856727,15.620499351813308,14.866068747318506,12.041594578792296,9.219544457292887,5.0,1.4142135623730951,3.1622776601683795,8.602325267042627,12.727922061357855
1784879570.79261,-54,0.0,3.1622776601683795,7.0710678118654755,12.041594578792296,14.422205101855956,18.027756377319946,20.248456731316587,21.095023109728988,21.095023109728988,19.72308292331602,17.88854381999832,16.55294535724685,14.317821063276353,11.704699910719626,8.54400374531753,5.385164807134504,2.0,2.0,4.242640687119285,6.4031242374328485,7.810249675906654,10.0,10.816653826391969,11.661903789690601,12.083045973594572,11.704699910719626,11.40175425099138,0.0,0.0,0.0,0.0,0.0,0.0,0.0,0.0,0.0,0.0,0.0,10.04987562112089,11.045361017187261,12.165525060596439,12.649110640673518,11.704699910719626,11.180339887498949,9.433981132056603,8.602325267042627,7.211102550927978,4.47213595499958,2.23606797749979,1.4142135623730951,4.47213595499958,7.810249675906654,11.40175425099138,13.45362404707371,16.278820596099706,18.384776310850235,20.518284528683193,21.93171219946131,21.2602916254693,21.2602916254693,18.439088914585774,16.401219466856727,13.601470508735444,9.219544457292887
1784879570.901014,-55,0.0,5.0,10.0,13.341664064126334,15.231546211727817,19.313207915827967,21.93171219946131,21.93171219946131,22.360679774997898,21.470910553583888,19.235384061671343,17.88854381999832,16.1245154965971,13.416407864998739,10.295630140987,6.708203932499369,3.605551275463989,2.0,3.1622776601683795,5.0990195135927845,7.0710678118654755,9.219544457292887,10.44030650891055,11.704699910719626,12.529964086141668,12.206555615733702,12.041594578792296,0.0,0.0,0.0,0.0,0.0,0.0,0.0,0.0,0.0,0.0,0.0,10.295630140987,11.704699910719626,12.165525060596439,12.041594578792296,12.041594578792296,10.198039027185569,8.54400374531753,7.615773105863909,4.47213595499958,3.1622776601683795,0.0,3.605551275463989,7.0710678118654755,9.899494936611665,13.45362404707371,15.620499351813308,18.439088914585774,19.849433241279208,22.67156809750927,22.67156809750927,22.67156809750927,21.2602916254693,18.439088914585774,16.401219466856727,13.038404810405298,8.602325267042627
1784879571.009171,-55,0.0,20.12461179749811,22.47220505424423,24.698178070456937,23.323807579381203,23.323807579381203,21.95449840010015,19.72308292331602,17.0,13.416407864998739,9.848857801796104,6.708203932499369,4.0,2.23606797749979,3.0,5.830951894845301,8.06225774829855,10.295630140987,10.295630140987,11.180339887498949,10.770329614269007,11.40175425099138,11.180339887498949,11.045361017187261,10.0,8.06225774829855,6.324555320336759,0.0,0.0,0.0,0.0,0.0,0.0,0.0,0.0,0.0,0.0,0.0,9.433981132056603,9.219544457292887,7.810249675906654,6.4031242374328485,4.47213595499958,2.23606797749979,0.0,2.23606797749979,5.0990195135927845,7.0,10.0,12.0,14.142135623730951,16.1245154965971,17.11724276862369,16.1245154965971,16.1245154965971,15.132745950421556,14.035668847618199,12.041594578792296,9.0,6.082762530298219,2.23606797749979,4.47213595499958,8.48528137423857,11.661903789690601
1784879571.117165,-55,0.0,27.784887978899608,27.294688127912362,25.059928172283335,20.591260281974,16.55294535724685,13.0,8.246211251235321,4.0,2.0,5.0,8.48528137423857,11.313708498984761,13.45362404707371,14.866068747318506,15.620499351813308,16.278820596099706,16.278820596099706,14.866068747318506,12.806248474865697,10.816653826391969,9.433981132056603,8.06225774829855,5.385164807134504,3.1622776601683795,1.0,2.0,0.0,0.0,0.0,0.0,0.0,0.0,0.0,0.0,0.0,0.0,0.0,5.385164807134504,3.1622776601683795,1.0,2.0,4.0,7.0,9.055385138137417,11.180339887498949,13.601470508735444,15.231546211727817,16.55294535724685,16.55294535724685,17.0,16.1245154965971,14.7648230602334,11.661903789690601,8.602325267042627,5.0,2.0,2.8284271247461903,7.211102550927978,11.661903789690601,16.1245154965971,21.095023109728988,25.553864678361276,27.294688127912362
1784879571.225256,-55,0.0,17.46424919657298,22.847319317591726,22.847319317591726,21.93171219946131,21.93171219946131,19.697715603592208,17.88854381999832,14.7648230602334,11.180339887498949,8.06225774829855,5.0,2.23606797749979,2.23606797749979,5.0,7.280109889280518,9.219544457292887,11.180339887498949,12.165525060596439,12.165525060596439,12.041594578792296,12.0,12.041594578792296,11.045361017187261,10.198039027185569,8.246211251235321,6.324555320336759,0.0,0.0,0.0,0.0,0.0,0.0,0.0,0.0,0.0,0.0,0.0,10.04987562112089,8.06225774829855,7.0710678118654755,5.385164807134504,3.605551275463989,1.4142135623730951,1.0,3.605551275463989,6.4031242374328485,9.219544457292887,11.40175425099138,13.601470508735444,15.811388300841896,18.027756377319946,18.027756377319946,18.027756377319946,16.64331697709324,16.64331697709324,15.0,12.806248474865697,10.0,5.656854249492381,2.23606797749979,4.123105625617661,8.06225774829855,12.649110640673518
1784879571.334809,-56,0.0,19.4164878389476,23.853720883753127,25.238858928247925,23.021728866442675,23.021728866442675,20.808652046684813,19.209372712298546,15.620499351813308,12.806248474865697,9.219544457292887,6.4031242374328485,4.47213595499958,2.23606797749979,4.0,5.385164807134504,7.615773105863909,10.44030650891055,10.44030650891055,10.44030650891055,10.198039027185569,11.180339887498949,11.045361017187261,10.0,9.055385138137417,7.0710678118654755,6.324555320336759,0.0,0.0,0.0,0.0,0.0,0.0,0.0,0.0,0.0,0.0,0.0,11.0,10.198039027185569,9.219544457292887,7.615773105863909,5.0,2.8284271247461903,1.0,2.23606797749979,5.830951894845301,8.48528137423857,9.899494936611665,12.727922061357855,15.0,16.401219466856727,17.804493814764857,16.401219466856727,16.401219466856727,15.0,14.212670403551895,11.313708498984761,8.48528137423857,4.47213595499958,1.0,4.123105625617661,9.486832980505138,13.892443989449804
1784879571.472414,-55,0.0,18.35755975068582,12.083045973594572,7.280109889280518,2.0,4.123105625617661,7.211102550927978,11.313708498984761,14.142135623730951,15.620499351813308,17.029386365926403,17.804493814764857,18.439088914585774,18.439088914585774,17.029386365926403,14.866068747318506,12.806248474865697,10.63014581273465,7.810249675906654,5.0,3.1622776601683795,2.23606797749979,4.47213595499958,6.324555320336759,8.246211251235321,9.486832980505138,10.770329614269007,0.0,0.0,0.0,0.0,0.0,0.0,0.0,0.0,0.0,0.0,0.0,5.830951894845301,7.810249675906654,10.0,12.529964086141668,13.92838827718412,13.601470508735444,14.142135623730951,14.035668847618199,14.0,14.035668847618199,12.041594578792296,9.219544457292887,7.0710678118654755,4.0,1.4142135623730951,3.605551275463989,6.708203932499369,11.180339887498949,14.7648230602334,18.35755975068582,21.470910553583888,23.706539182259394,24.596747752497688,26.832815729997478,25.942243542145693,23.259406699226016
1784879571.5809228,-56,0.0,18.384776310850235,12.206555615733702,8.06225774829855,3.0,5.0990195135927845,8.06225774829855,11.704699910719626,14.866068747318506,16.55294535724685,17.88854381999832,19.235384061671343,19.235384061671343,19.235384061671343,17.88854381999832,15.652475842498529,13.416407864998739,11.180339887498949,8.54400374531753,5.385164807134504,2.23606797749979,1.0,2.8284271247461903,4.47213595499958,6.708203932499369,8.06225774829855,9.433981132056603,0.0,0.0,0.0,0.0,0.0,0.0,0.0,0.0,0.0,0.0,0.0,5.0,7.280109889280518,10.04987562112089,12.0,13.152946437965905,13.341664064126334,13.92838827718412,14.317821063276353,13.892443989449804,13.038404810405298,11.40175425099138,9.219544457292887,7.0710678118654755,3.605551275463989,0.0,4.47213595499958,7.810249675906654,12.041594578792296,16.97056274847714,19.79898987322333,23.345235059857504,25.45584412271571,26.1725046566048,28.284271247461902,27.586228448267445,24.758836806279895
1784879571.689622,-56,0.0,26.40075756488817,25.80697580112788,23.021728866442675,18.601075237738275,16.1245154965971,12.083045973594572,8.246211251235321,4.0,2.23606797749979,4.47213595499958,7.211102550927978,10.0,12.806248474865697,14.212670403551895,14.866068747318506,14.866068747318506,15.620499351813308,14.212670403551895,13.038404810405298,10.816653826391969,9.848857801796104,8.54400374531753,6.708203932499369,4.47213595499958,2.23606797749979,1.0,0.0,0.0,0.0,0.0,0.0,0.0,0.0,0.0,0.0,0.0,0.0,3.0,1.4142135623730951,2.0,4.0,6.082762530298219,8.246211251235321,10.44030650891055,12.649110640673518,14.317821063276353,16.1245154965971,16.64331697709324,15.811388300841896,15.811388300841896,15.0,12.206555615733702,9.219544457292887,6.4031242374328485,2.8284271247461903,1.4142135623730951,5.656854249492381,9.219544457292887,14.212670403551895,17.204650534085253,21.400934559032695,25.0,26.40075756488817
1784879571.9048262,-55,0.0,16.97056274847714,12.806248474865697,8.06225774829855,2.23606797749979,4.0,8.54400374531753,11.661903789690601,15.264337522473747,17.204650534085253,18.601075237738275,19.209372712298546,20.615528128088304,20.0,19.209372712298546,16.401219466856727,15.0,12.806248474865697,9.219544457292887,6.4031242374328485,3.605551275463989,2.0,3.605551275463989,5.385164807134504,7.615773105863909,8.94427190999916,11.180339887498949,0.0,0.0,0.0,0.0,0.0,0.0,0.0,0.0,0.0,0.0,0.0,8.94427190999916,10.44030650891055,13.152946437965905,14.0,15.132745950421556,15.297058540778355,14.560219778561036,14.866068747318506,14.317821063276353,13.416407864998739,10.816653826391969,8.602325267042627,5.385164807134504,2.0,2.23606797749979,6.4031242374328485,10.63014581273465,14.866068747318506,18.439088914585774,21.93171219946131,25.495097567963924,27.586228448267445,27.586228448267445,29.0,28.284271247461902,26.1725046566048
1784879572.012256,-56,0.0,29.154759474226502,27.784887978899608,25.059928172283335,19.72308292331602,16.55294535724685,11.704699910719626,7.0710678118654755,4.47213595499958,5.0,7.615773105863909,10.295630140987,13.892443989449804,15.264337522473747,17.4928556845359,16.64331697709324,17.4928556845359,16.55294535724685,14.317821063276353,12.649110640673518,10.44030650891055,8.246211251235321,6.324555320336759,4.123105625617661,1.4142135623730951,2.23606797749979,4.242640687119285,0.0,0.0,0.0,0.0,0.0,0.0,0.0,0.0,0.0,0.0,0.0,7.211102550927978,5.0,2.23606797749979,0.0,3.1622776601683795,6.324555320336759,8.246211251235321,11.180339887498949,14.035668847618199,16.0,17.029386365926403,17.26267650163207,18.24828759089466,17.46424919657298,15.297058540778355,12.36931687685298,9.486832980505138,5.0990195135927845,2.23606797749979,4.242640687119285,9.433981132056603,13.892443989449804,17.88854381999832,23.323807579381203,26.419689627245813,28.653097563788805
1784879572.146915,-56,0.0,27.202941017470888,27.202941017470888,24.20743687382041,20.0,17.029386365926403,11.313708498984761,8.06225774829855,4.123105625617661,3.1622776601683795,6.0,9.219544457292887,12.165525060596439,14.317821063276353,15.524174696260024,15.524174696260024,16.492422502470642,16.278820596099706,15.132745950421556,13.038404810405298,11.0,10.0,8.06225774829855,6.0,4.0,1.4142135623730951,2.0,0.0,0.0,0.0,0.0,0.0,0.0,0.0,0.0,0.0,0.0,0.0,5.385164807134504,2.0,0.0,3.0,6.082762530298219,8.246211251235321,9.848857801796104,12.083045973594572,14.7648230602334,17.204650534085253,17.204650534085253,17.029386365926403,17.029386365926403,16.278820596099706,14.142135623730951,10.63014581273465,8.48528137423857,4.242640687119285,1.0,4.47213595499958,8.602325267042627,13.601470508735444,17.029386365926403,22.20360331117452,25.80697580112788,27.80287754891569
1784879572.254692,-56,0.0,2.23606797749979,8.54400374531753,12.083045973594572,14.317821063276353,17.46424919657298,17.88854381999832,19.235384061671343,19.235384061671343,17.4928556845359,16.64331697709324,15.0,12.806248474865697,10.63014581273465,7.810249675906654,4.242640687119285,2.23606797749979,2.8284271247461903,4.123105625617661,6.0,7.0,9.0,10.04987562112089,11.180339887498949,11.40175425099138,11.704699910719626,11.180339887498949,0.0,0.0,0.0,0.0,0.0,0.0,0.0,0.0,0.0,0.0,0.0,11.045361017187261,12.041594578792296,12.36931687685298,11.704699910719626,11.180339887498949,9.433981132056603,7.810249675906654,7.0710678118654755,5.0,2.23606797749979,1.0,3.605551275463989,6.708203932499369,10.295630140987,12.529964086141668,14.7648230602334,17.0,18.35755975068582,19.72308292331602,20.591260281974,20.591260281974,18.867962264113206,16.1245154965971,14.422205101855956,10.63014581273465,5.656854249492381
1784879572.362816,-56,0.0,18.681541692269406,23.769728648009426,23.769728648009426,22.561028345356956,21.587033144922902,19.6468827043885,17.72004514666935,14.560219778561036,10.770329614269007,8.54400374531753,5.0,4.123105625617661,4.47213595499958,6.4031242374328485,8.06225774829855,9.848857801796104,11.661903789690601,12.529964086141668,13.038404810405298,12.206555615733702,12.806248474865697,12.727922061357855,11.313708498984761,10.0,8.06225774829855,6.708203932499369,0.0,0.0,0.0,0.0,0.0,0.0,0.0,0.0,0.0,0.0,0.0,10.816653826391969,9.848857801796104,8.54400374531753,6.082762530298219,4.123105625617661,1.0,1.4142135623730951,3.605551275463989,5.830951894845301,9.219544457292887,11.40175425099138,13.45362404707371,15.556349186104045,17.69180601295413,17.69180601295413,17.029386365926403,16.401219466856727,15.0,14.212670403551895,11.313708498984761,8.48528137423857,4.47213595499958,1.4142135623730951,6.082762530298219,10.04987562112089,14.317821063276353
1784879572.471828,-56,0.0,30.0,28.0178514522438,25.019992006393608,21.02379604162864,17.11724276862369,13.152946437965905,8.54400374531753,5.656854249492381,4.123105625617661,6.4031242374328485,9.219544457292887,12.806248474865697,14.212670403551895,16.401219466856727,16.401219466856727,17.029386365926403,17.69180601295413,15.556349186104045,13.45362404707371,11.661903789690601,10.295630140987,8.06225774829855,5.830951894845301,3.605551275463989,1.4142135623730951,2.23606797749979,0.0,0.0,0.0,0.0,0.0,0.0,0.0,0.0,0.0,0.0,0.0,4.123105625617661,2.0,1.0,3.0,6.082762530298219,8.246211251235321,9.848857801796104,12.206555615733702,14.212670403551895,16.97056274847714,17.029386365926403,16.401219466856727,16.401219466856727,15.811388300841896,13.601470508735444,10.295630140987,7.211102550927978,2.8284271247461903,2.8284271247461903,6.082762530298219,11.0,16.0312195418814,19.1049731745428,24.08318915758459,28.071337695236398,29.068883707497267
1784879572.582408,-55,0.0,22.67156809750927,24.041630560342615,24.758836806279895,23.345235059857504,24.08318915758459,22.02271554554524,19.849433241279208,16.401219466856727,12.806248474865697,8.602325267042627,5.830951894845301,4.0,2.23606797749979,4.123105625617661,6.708203932499369,8.94427190999916,10.770329614269007,11.180339887498949,11.704699910719626,11.704699910719626,11.40175425099138,11.180339887498949,11.045361017187261,10.0,8.06225774829855,6.324555320336759,0.0,0.0,0.0,0.0,0.0,0.0,0.0,0.0,0.0,0.0,0.0,10.295630140987,9.486832980505138,8.246211251235321,7.0710678118654755,4.0,2.23606797749979,1.0,3.0,5.0990195135927845,7.615773105863909,10.770329614269007,13.0,14.7648230602334,16.1245154965971,17.4928556845359,16.64331697709324,16.1245154965971,15.264337522473747,13.416407864998739,11.180339887498949,8.54400374531753,5.0,1.0,5.830951894845301,10.0,13.45362404707371
1784879572.691071,-55,0.0,16.1245154965971,13.0,8.06225774829855,2.23606797749979,4.47213595499958,8.602325267042627,11.661903789690601,14.317821063276353,16.15549442140351,18.027756377319946,18.027756377319946,18.973665961010276,18.027756377319946,17.08800749063506,14.866068747318506,12.649110640673518,10.44030650891055,6.324555320336759,4.123105625617661,2.23606797749979,2.0,5.0990195135927845,7.280109889280518,9.219544457292887,10.198039027185569,11.045361017187261,0.0,0.0,0.0,0.0,0.0,0.0,0.0,0.0,0.0,0.0,0.0,6.082762530298219,8.54400374531753,10.0,12.041594578792296,12.806248474865697,13.601470508735444,13.416407864998739,14.317821063276353,13.601470508735444,13.601470508735444,11.180339887498949,8.06225774829855,6.082762530298219,2.8284271247461903,2.23606797749979,5.0990195135927845,9.219544457292887,13.152946437965905,17.26267650163207,21.213203435596427,24.186773244895647,26.1725046566048,26.1725046566048,28.160255680657446,27.294688127912362,25.179356624028344
1784879572.8273091,-55,0.0,15.652475842498529,12.36931687685298,7.0,2.23606797749979,4.123105625617661,8.48528137423857,12.727922061357855,14.866068747318506,17.204650534085253,18.601075237738275,19.4164878389476,20.0,19.4164878389476,18.601075237738275,15.811388300841896,13.601470508735444,12.206555615733702,8.602325267042627,5.830951894845301,3.1622776601683795,2.23606797749979,4.47213595499958,6.324555320336759,8.246211251235321,10.44030650891055,10.770329614269007,0.0,0.0,0.0,0.0,0.0,0.0,0.0,0.0,0.0,0.0,0.0,7.615773105863909,10.0,12.041594578792296,13.601470508735444,14.7648230602334,14.317821063276353,14.560219778561036,15.297058540778355,14.142135623730951,14.035668847618199,12.0,9.0,6.082762530298219,3.1622776601683795,2.0,5.385164807134504,8.54400374531753,12.649110640673518,16.15549442140351,20.615528128088304,23.40939982143925,25.632011235952593,26.570660511172846,27.85677655436824,26.92582403567252,24.698178070456937
1784879572.936024,-55,0.0,28.42534080710379,26.90724809414742,24.08318915758459,19.209372712298546,16.278820596099706,12.041594578792296,7.810249675906654,3.1622776601683795,2.23606797749979,5.830951894845301,8.602325267042627,12.206555615733702,13.601470508735444,15.0,16.401219466856727,15.811388300841896,16.64331697709324,13.892443989449804,12.529964086141668,11.180339887498949,8.94427190999916,7.615773105863909,5.385164807134504,2.8284271247461903,1.4142135623730951,2.8284271247461903,0.0,0.0,0.0,0.0,0.0,0.0,0.0,0.0,0.0,0.0,0.0,4.0,2.23606797749979,1.4142135623730951,4.123105625617661,6.082762530298219,9.055385138137417,10.44030650891055,12.649110640673518,14.7648230602334,16.64331697709324,17.204650534085253,17.204650534085253,17.804493814764857,15.620499351813308,14.212670403551895,10.63014581273465,7.810249675906654,4.242640687119285,2.23606797749979,4.123105625617661,8.602325267042627,13.601470508735444,17.029386365926403,22.02271554554524,25.612496949731394,26.90724809414742
1784879573.044862,-55,0.0,26.68332812825267,25.709920264364882,22.561028345356956,17.46424919657298,14.317821063276353,10.04987562112089,6.0,2.8284271247461903,2.8284271247461903,6.708203932499369,9.848857801796104,12.083045973594572,14.317821063276353,15.231546211727817,16.15549442140351,16.55294535724685,15.652475842498529,14.7648230602334,13.038404810405298,10.816653826391969,8.602325267042627,7.211102550927978,5.0,3.1622776601683795,2.23606797749979,3.1622776601683795,0.0,0.0,0.0,0.0,0.0,0.0,0.0,0.0,0.0,0.0,0.0,2.8284271247461903,1.0,2.23606797749979,4.242640687119285,6.708203932499369,8.94427190999916,10.770329614269007,12.36931687685298,14.317821063276353,17.11724276862369,17.029386365926403,17.0,17.0,15.0,14.0,10.04987562112089,8.0,4.0,2.23606797749979,5.0,8.54400374531753,13.92838827718412,16.492422502470642,21.840329667841555,24.73863375370596,25.709920264364882
1784879573.153825,-56,0.0,17.69180601295413,22.67156809750927,23.345235059857504,22.67156809750927,22.67156809750927,20.518284528683193,19.1049731745428,15.556349186104045,12.041594578792296,9.219544457292887,6.4031242374328485,4.123105625617661,2.8284271247461903,4.0,6.324555320336759,8.54400374531753,10.44030650891055,11.704699910719626,12.36931687685298,12.36931687685298,13.152946437965905,13.038404810405298,13.0,11.045361017187261,9.219544457292887,7.280109889280518,0.0,0.0,0.0,0.0,0.0,0.0,0.0,0.0,0.0,0.0,0.0,8.602325267042627,8.06225774829855,6.708203932499369,5.0990195135927845,2.23606797749979,0.0,2.0,5.0990195135927845,7.280109889280518,10.770329614269007,12.083045973594572,14.7648230602334,16.1245154965971,17.4928556845359,18.027756377319946,18.027756377319946,16.64331697709324,15.811388300841896,15.264337522473747,12.529964086141668,8.94427190999916,6.082762530298219,2.0,4.123105625617661,8.94427190999916,12.806248474865697
1784879573.261632,-55,0.0,15.033296378372908,11.045361017187261,7.280109889280518,2.8284271247461903,4.47213595499958,7.211102550927978,10.295630140987,13.416407864998739,14.866068747318506,15.811388300841896,17.08800749063506,18.027756377319946,17.08800749063506,15.811388300841896,13.92838827718412,12.649110640673518,10.770329614269007,7.615773105863909,5.385164807134504,3.1622776601683795,1.0,2.0,4.123105625617661,6.082762530298219,7.280109889280518,8.06225774829855,0.0,0.0,0.0,0.0,0.0,0.0,0.0,0.0,0.0,0.0,0.0,4.47213595499958,7.211102550927978,9.219544457292887,10.816653826391969,12.529964086141668,13.0,12.649110640673518,13.601470508735444,13.152946437965905,13.152946437965905,11.045361017187261,9.0,7.0,4.0,1.0,3.0,6.0,10.04987562112089,14.142135623730951,17.11724276862369,20.09975124224178,22.090722034374522,22.090722034374522,24.186773244895647,24.08318915758459,21.095023109728988
1784879573.368901,-55,0.0,4.0,9.055385138137417,13.152946437965905,15.811388300841896,18.681541692269406,20.248456731316587,21.18962010041709,21.540659228538015,19.697715603592208,18.384776310850235,16.55294535724685,14.7648230602334,12.529964086141668,9.433981132056603,5.385164807134504,2.23606797749979,1.0,3.0,5.0990195135927845,7.0710678118654755,9.0,10.04987562112089,11.180339887498949,11.40175425099138,11.704699910719626,11.180339887498949,0.0,0.0,0.0,0.0,0.0,0.0,0.0,0.0,0.0,0.0,0.0,11.40175425099138,11.704699910719626,12.529964086141668,12.206555615733702,12.041594578792296,10.63014581273465,8.602325267042627,8.06225774829855,5.385164807134504,3.605551275463989,1.4142135623730951,2.8284271247461903,5.830951894845301,9.848857801796104,12.083045973594572,14.317821063276353,16.55294535724685,18.788294228055936,21.02379604162864,21.470910553583888,21.470910553583888,20.591260281974,18.35755975068582,15.811388300841896,12.206555615733702,7.211102550927978
1784879573.477673,-55,0.0,17.804493814764857,14.7648230602334,9.486832980505138,3.1622776601683795,3.1622776601683795,7.615773105863909,11.661903789690601,14.212670403551895,16.278820596099706,17.69180601295413,19.1049731745428,19.849433241279208,19.1049731745428,17.69180601295413,14.866068747318506,12.806248474865697,10.63014581273465,7.810249675906654,5.0,1.4142135623730951,1.4142135623730951,4.123105625617661,6.082762530298219,8.246211251235321,10.198039027185569,11.40175425099138,0.0,0.0,0.0,0.0,0.0,0.0,0.0,0.0,0.0,0.0,0.0,5.656854249492381,8.06225774829855,10.44030650891055,12.165525060596439,13.038404810405298,14.0,14.142135623730951,14.317821063276353,13.601470508735444,13.92838827718412,12.083045973594572,8.94427190999916,6.708203932499369,3.1622776601683795,1.0,4.242640687119285,8.602325267042627,12.806248474865697,17.029386365926403,21.400934559032695,24.20743687382041,27.202941017470888,27.202941017470888,29.206163733020468,29.206163733020468,27.018512172212592
1784879573.611917,-55,0.0,4.47213595499958,8.48528137423857,13.038404810405298,14.866068747318506,18.384776310850235,20.248456731316587,21.18962010041709,20.8806130178211,19.924858845171276,17.72004514666935,16.492422502470642,14.560219778561036,12.36931687685298,9.219544457292887,5.0990195135927845,2.0,2.0,3.605551275463989,6.4031242374328485,7.810249675906654,9.899494936611665,11.40175425099138,12.206555615733702,12.529964086141668,12.083045973594572,11.40175425099138,0.0,0.0,0.0,0.0,0.0,0.0,0.0,0.0,0.0,0.0,0.0,10.816653826391969,12.041594578792296,12.041594578792296,12.206555615733702,11.180339887498949,9.486832980505138,8.246211251235321,7.0710678118654755,5.0,2.0,1.0,4.0,7.0710678118654755,10.04987562112089,13.152946437965905,16.1245154965971,18.110770276274835,20.09975124224178,22.090722034374522,23.08679276123039,22.090722034374522,21.095023109728988,18.027756377319946,16.0,13.0,8.0
1784879573.720041,-55,0.0,27.073972741361768,25.179356624028344,23.194827009486403,19.1049731745428,16.278820596099706,12.36931687685298,8.54400374531753,5.0,2.0,4.47213595499958,7.280109889280518,10.44030650891055,13.341664064126334,14.317821063276353,15.132745950421556,16.278820596099706,16.492422502470642,14.560219778561036,13.92838827718412,12.083045973594572,11.180339887498949,9.433981132056603,7.211102550927978,5.0,2.8284271247461903,1.0,0.0,0.0,0.0,0.0,0.0,0.0,0.0,0.0,0.0,0.0,0.0,3.1622776601683795,1.0,1.4142135623730951,3.605551275463989,6.4031242374328485,8.602325267042627,10.295630140987,12.529964086141668,14.317821063276353,15.811388300841896,16.492422502470642,16.492422502470642,16.492422502470642,15.297058540778355,13.341664064126334,10.198039027185569,8.06225774829855,4.123105625617661,1.4142135623730951,3.1622776601683795,8.0,12.0,15.132745950421556,20.024984394500787,24.08318915758459,26.1725046566048
1784879573.8280928,-55,0.0,16.76305461424021,13.416407864998739,8.06225774829855,2.8284271247461903,3.605551275463989,8.0,11.045361017187261,14.142135623730951,16.492422502470642,18.439088914585774,19.4164878389476,20.396078054371138,19.4164878389476,18.439088914585774,16.492422502470642,14.317821063276353,13.341664064126334,9.055385138137417,6.082762530298219,3.1622776601683795,1.4142135623730951,2.8284271247461903,5.656854249492381,7.0710678118654755,9.219544457292887,10.0,0.0,0.0,0.0,0.0,0.0,0.0,0.0,0.0,0.0,0.0,0.0,6.082762530298219,8.246211251235321,11.180339887498949,12.529964086141668,13.601470508735444,14.212670403551895,14.866068747318506,15.620499351813308,14.422205101855956,15.264337522473747,12.529964086141668,10.295630140987,8.06225774829855,5.0,2.23606797749979,3.1622776601683795,6.324555320336759,10.44030650891055,14.560219778561036,18.681541692269406,21.840329667841555,24.351591323771842,25.298221281347036,27.202941017470888,27.51363298439521,25.298221281347036
1784879573.8827698,-55,0.0,3.1622776601683795,7.615773105863909,12.165525060596439,13.0,17.0,19.026297590440446,19.026297590440446,19.1049731745428,17.11724276862369,15.132745950421556,14.142135623730951,12.165525060596439,9.219544457292887,6.324555320336759,3.1622776601683795,1.0,2.8284271247461903,5.385164807134504,6.324555320336759,7.615773105863909,9.848857801796104,10.816653826391969,11.40175425099138,12.041594578792296,10.63014581273465,10.0,0.0,0.0,0.0,0.0,0.0,0.0,0.0,0.0,0.0,0.0,0.0,9.055385138137417,10.04987562112089,10.44030650891055,10.770329614269007,11.180339887498949,10.0,9.219544457292887,7.0710678118654755,5.656854249492381,4.242640687119285,1.0,2.23606797749979,5.0990195135927845,8.54400374531753,11.704699910719626,13.92838827718412,16.15549442140351,18.384776310850235,20.248456731316587,21.18962010041709,20.615528128088304,20.615528128088304,17.08800749063506,15.652475842498529,12.529964086141668,8.06225774829855
1784879573.9375842,-56,0.0,26.90724809414742,26.90724809414742,23.345235059857504,19.1049731745428,15.620499351813308,11.40175425099138,6.708203932499369,3.0,2.0,5.830951894845301,8.602325267042627,12.206555615733702,13.601470508735444,15.0,15.811388300841896,15.811388300841896,16.64331697709324,13.892443989449804,12.529964086141668,9.848857801796104,8.54400374531753,7.615773105863909,4.47213595499958,2.8284271247461903,2.0,3.605551275463989,0.0,0.0,0.0,0.0,0.0,0.0,0.0,0.0,0.0,0.0,0.0,3.1622776601683795,1.4142135623730951,1.4142135623730951,4.123105625617661,6.082762530298219,9.055385138137417,11.045361017187261,13.152946437965905,14.560219778561036,16.76305461424021,17.08800749063506,16.55294535724685,16.55294535724685,15.652475842498529,13.416407864998739,10.295630140987,7.615773105863909,4.123105625617661,2.23606797749979,5.385164807134504,8.602325267042627,13.45362404707371,17.69180601295413,21.93171219946131,25.45584412271571,26.90724809414742
1784879574.046193,-55,0.0,27.784887978899608,26.92582403567252,24.698178070456937,19.72308292331602,16.64331697709324,12.806248474865697,9.219544457292887,5.830951894845301,2.23606797749979,5.0990195135927845,8.0,11.0,13.0,15.0,15.0,16.0,16.0312195418814,14.142135623730951,13.341664064126334,10.44030650891055,9.848857801796104,7.615773105863909,5.830951894845301,3.1622776601683795,1.0,2.0,0.0,0.0,0.0,0.0,0.0,0.0,0.0,0.0,0.0,0.0,0.0,3.605551275463989,2.0,0.0,3.1622776601683795,5.0990195135927845,7.0,9.055385138137417,11.180339887498949,13.601470508735444,15.231546211727817,15.652475842498529,16.1245154965971,16.1245154965971,14.7648230602334,13.038404810405298,10.0,7.211102550927978,4.123105625617661,2.8284271247461903,5.0990195135927845,8.94427190999916,13.892443989449804,17.204650534085253,21.633307652783937,25.238858928247925,27.459060435491963
1784879574.182186,-55,0.0,26.248809496813376,26.248809496813376,23.08679276123039,18.973665961010276,15.524174696260024,11.180339887498949,7.0,4.47213595499958,3.1622776601683795,6.4031242374328485,9.219544457292887,12.806248474865697,14.866068747318506,16.278820596099706,16.278820596099706,17.029386365926403,17.204650534085253,15.811388300841896,13.892443989449804,12.083045973594572,9.848857801796104,8.54400374531753,6.324555320336759,3.605551275463989,2.23606797749979,3.1622776601683795,0.0,0.0,0.0,0.0,0.0,0.0,0.0,0.0,0.0,0.0,0.0,4.0,2.0,1.0,3.605551275463989,6.4031242374328485,8.602325267042627,10.295630140987,12.083045973594572,13.92838827718412,15.524174696260024,16.492422502470642,16.278820596099706,17.11724276862369,15.132745950421556,14.035668847618199,11.045361017187261,8.06225774829855,4.123105625617661,2.23606797749979,5.0,8.54400374531753,12.649110640673518,15.524174696260024,20.8806130178211,24.041630560342615,26.248809496813376
1784879574.290721,-56,0.0,14.212670403551895,10.0,5.830951894845301,2.23606797749979,5.0990195135927845,8.0,11.180339887498949,14.317821063276353,15.811388300841896,16.76305461424021,18.027756377319946,17.72004514666935,17.72004514666935,16.76305461424021,14.560219778561036,12.36931687685298,10.44030650891055,7.280109889280518,5.385164807134504,3.605551275463989,2.0,4.123105625617661,5.830951894845301,7.211102550927978,8.06225774829855,9.848857801796104,0.0,0.0,0.0,0.0,0.0,0.0,0.0,0.0,0.0,0.0,0.0,5.0,7.211102550927978,9.486832980505138,11.180339887498949,12.041594578792296,12.0,12.165525060596439,13.341664064126334,12.649110640673518,12.083045973594572,10.295630140987,8.06225774829855,5.385164807134504,3.1622776601683795,1.4142135623730951,3.605551275463989,7.0710678118654755,10.63014581273465,13.45362404707371,17.029386365926403,19.849433241279208,21.93171219946131,22.67156809750927,23.345235059857504,22.67156809750927,20.518284528683193
1784879574.399433,-56,0.0,17.204650534085253,12.806248474865697,7.810249675906654,3.1622776601683795,3.605551275463989,7.0710678118654755,10.04987562112089,13.152946437965905,14.560219778561036,15.811388300841896,16.76305461424021,16.76305461424021,16.76305461424021,15.811388300841896,13.601470508735444,12.36931687685298,10.44030650891055,7.280109889280518,4.123105625617661,2.23606797749979,1.0,2.8284271247461903,5.0,7.211102550927978,8.602325267042627,9.899494936611665,0.0,0.0,0.0,0.0,0.0,0.0,0.0,0.0,0.0,0.0,0.0,5.830951894845301,7.615773105863909,9.055385138137417,11.0,12.165525060596439,12.36931687685298,12.649110640673518,13.416407864998739,13.038404810405298,12.206555615733702,10.63014581273465,7.810249675906654,6.4031242374328485,3.1622776601683795,1.0,5.0,7.810249675906654,12.206555615733702,15.811388300841896,19.4164878389476,22.20360331117452,24.413111231467404,24.413111231467404,27.202941017470888,25.80697580112788,23.600847442411894
1784879574.509109,-56,0.0,19.79898987322333,13.601470508735444,8.94427190999916,4.0,4.47213595499958,8.06225774829855,11.40175425099138,15.231546211727817,16.1245154965971,18.35755975068582,19.235384061671343,20.591260281974,19.235384061671343,19.235384061671343,17.0,14.317821063276353,12.083045973594572,8.54400374531753,6.324555320336759,3.1622776601683795,1.4142135623730951,2.23606797749979,4.47213595499958,6.708203932499369,8.06225774829855,10.0,0.0,0.0,0.0,0.0,0.0,0.0,0.0,0.0,0.0,0.0,0.0,5.656854249492381,8.06225774829855,11.180339887498949,13.038404810405298,14.0,15.132745950421556,14.317821063276353,15.811388300841896,15.231546211727817,14.317821063276353,12.529964086141668,10.0,7.211102550927978,4.47213595499958,1.4142135623730951,4.242640687119285,7.810249675906654,12.041594578792296,16.97056274847714,20.518284528683193,24.08318915758459,26.90724809414742,26.90724809414742,29.732137494637012,29.068883707497267,26.248809496813376
1784879574.616831,-56,0.0,20.12461179749811,14.422205101855956,10.0,4.47213595499958,4.47213595499958,7.280109889280518,11.045361017187261,14.0,16.0312195418814,18.110770276274835,19.1049731745428,20.09975124224178,20.09975124224178,19.026297590440446,17.029386365926403,15.0,13.0,10.04987562112089,7.0710678118654755,4.123105625617661,1.0,2.0,4.47213595499958,7.211102550927978,8.06225774829855,9.848857801796104,0.0,0.0,0.0,0.0,0.0,0.0,0.0,0.0,0.0,0.0,0.0,5.385164807134504,7.0710678118654755,10.04987562112089,12.165525060596439,12.649110640673518,13.92838827718412,13.892443989449804,15.264337522473747,15.0,15.620499351813308,12.727922061357855,10.63014581273465,8.48528137423857,5.0,2.23606797749979,2.23606797749979,6.708203932499369,10.816653826391969,14.7648230602334,19.235384061671343,22.825424421026653,25.942243542145693,26.419689627245813,28.653097563788805,28.653097563788805,26.419689627245813
1784879574.7248352,-55,0.0,2.0,7.211102550927978,10.770329614269007,13.601470508735444,16.492422502470642,17.46424919657298,18.439088914585774,19.4164878389476,17.26267650163207,16.278820596099706,15.132745950421556,14.142135623730951,11.180339887498949,8.06225774829855,5.0990195135927845,3.0,1.0,2.23606797749979,4.47213595499958,5.830951894845301,8.602325267042627,9.899494936611665,10.63014581273465,11.40175425099138,11.180339887498949,10.770329614269007,0.0,0.0,0.0,0.0,0.0,0.0,0.0,0.0,0.0,0.0,0.0,9.486832980505138,10.295630140987,11.40175425099138,11.313708498984761,10.63014581273465,9.433981132056603,8.06225774829855,6.324555320336759,4.123105625617661,2.23606797749979,0.0,3.1622776601683795,6.0,9.0,12.0,14.035668847618199,16.0312195418814,18.027756377319946,20.024984394500787,21.02379604162864,21.02379604162864,20.09975124224178,17.029386365926403,16.1245154965971,13.341664064126334,8.246211251235321
1784879574.833406,-55,0.0,3.605551275463989,7.211102550927978,12.041594578792296,14.212670403551895,17.804493814764857,20.0,21.400934559032695,20.808652046684813,20.248456731316587,18.027756377319946,17.4928556845359,15.264337522473747,12.529964086141668,9.848857801796104,6.708203932499369,4.123105625617661,2.23606797749979,3.1622776601683795,5.385164807134504,7.615773105863909,8.54400374531753,11.40175425099138,12.36931687685298,13.038404810405298,13.0,12.041594578792296,0.0,0.0,0.0,0.0,0.0,0.0,0.0,0.0,0.0,0.0,0.0,13.038404810405298,13.0,13.601470508735444,14.142135623730951,13.038404810405298,12.0,10.04987562112089,8.06225774829855,6.082762530298219,4.0,1.4142135623730951,2.8284271247461903,5.656854249492381,9.219544457292887,12.806248474865697,15.0,17.204650534085253,19.4164878389476,21.633307652783937,22.47220505424423,22.47220505424423,21.95449840010015,17.4928556845359,17.0,13.416407864998739,9.433981132056603
1784879574.941482,-55,0.0,26.832815729997478,26.40075756488817,23.259406699226016,19.697715603592208,16.1245154965971,11.661903789690601,7.810249675906654,3.605551275463989,2.23606797749979,5.0990195135927845,8.246211251235321,11.180339887498949,13.341664064126334,15.524174696260024,15.524174696260024,16.278820596099706,17.26267650163207,15.132745950421556,14.035668847618199,12.0,10.04987562112089,9.055385138137417,6.082762530298219,4.0,1.4142135623730951,2.0,0.0,0.0,0.0,0.0,0.0,0.0,0.0,0.0,0.0,0.0,0.0,4.123105625617661,2.0,1.4142135623730951,3.1622776601683795,5.830951894845301,7.615773105863909,10.295630140987,12.206555615733702,14.212670403551895,16.97056274847714,17.69180601295413,17.69180601295413,18.439088914585774,17.029386365926403,15.620499351813308,12.806248474865697,10.0,6.4031242374328485,3.1622776601683795,3.1622776601683795,7.0710678118654755,11.704699910719626,15.652475842498529,19.697715603592208,24.166091947189145,25.942243542145693
1784879574.968805,-55,0.0,4.242640687119285,9.433981132056603,12.727922061357855,14.212670403551895,18.439088914585774,20.615528128088304,20.615528128088304,20.615528128088304,19.4164878389476,18.601075237738275,16.401219466856727,14.422205101855956,12.206555615733702,9.433981132056603,5.830951894845301,3.1622776601683795,2.23606797749979,3.0,5.0990195135927845,6.324555320336759,8.246211251235321,10.04987562112089,11.0,11.045361017187261,11.180339887498949,10.44030650891055,0.0,0.0,0.0,0.0,0.0,0.0,0.0,0.0,0.0,0.0,0.0,10.63014581273465,12.041594578792296,13.038404810405298,12.529964086141668,11.704699910719626,11.180339887498949,9.055385138137417,8.0,6.0,4.0,1.0,2.23606797749979,5.385164807134504,8.54400374531753,11.704699910719626,13.601470508735444,15.811388300841896,18.027756377319946,20.248456731316587,21.18962010041709,19.924858845171276,19.924858845171276,16.76305461424021,15.524174696260024,12.165525060596439,8.06225774829855
1784879575.077465,-55,0.0,20.615528128088304,23.08679276123039,24.351591323771842,23.40939982143925,23.40939982143925,22.47220505424423,20.615528128088304,17.46424919657298,13.416407864998739,10.295630140987,7.211102550927978,4.242640687119285,3.0,3.605551275463989,6.082762530298219,8.06225774829855,10.04987562112089,11.045361017187261,11.180339887498949,11.180339887498949,11.40175425099138,12.083045973594572,11.180339887498949,10.816653826391969,9.219544457292887,6.4031242374328485,0.0,0.0,0.0,0.0,0.0,0.0,0.0,0.0,0.0,0.0,0.0,11.180339887498949,10.0,9.055385138137417,7.280109889280518,5.385164807134504,3.605551275463989,1.4142135623730951,1.4142135623730951,4.242640687119285,7.0710678118654755,9.899494936611665,12.041594578792296,15.0,15.811388300841896,17.204650534085253,16.64331697709324,16.64331697709324,15.811388300841896,15.0,12.806248474865697,9.899494936611665,6.4031242374328485,2.23606797749979,4.123105625617661,8.246211251235321,12.083045973594572
1784879575.185724,-55,0.0,4.47213595499958,9.219544457292887,13.038404810405298,16.0,19.0,20.0,22.02271554554524,21.02379604162864,20.024984394500787,19.026297590440446,17.029386365926403,15.132745950421556,12.041594578792296,9.055385138137417,6.082762530298219,3.1622776601683795,2.0,2.8284271247461903,5.385164807134504,6.708203932499369,8.06225774829855,10.0,10.63014581273465,12.041594578792296,11.40175425099138,10.295630140987,0.0,0.0,0.0,0.0,0.0,0.0,0.0,0.0,0.0,0.0,0.0,11.0,11.180339887498949,11.704699910719626,12.083045973594572,11.661903789690601,10.0,8.48528137423857,7.211102550927978,5.0,2.8284271247461903,0.0,2.8284271247461903,6.324555320336759,9.486832980505138,12.649110640673518,15.231546211727817,16.15549442140351,19.313207915827967,20.248456731316587,21.540659228538015,21.540659228538015,20.615528128088304,17.46424919657298,15.652475842498529,11.661903789690601,7.211102550927978
1784879575.294903,-55,0.0,17.4928556845359,12.649110640673518,8.246211251235321,4.123105625617661,4.123105625617661,7.615773105863909,10.816653826391969,13.601470508735444,14.866068747318506,16.278820596099706,17.69180601295413,18.439088914585774,18.439088914585774,17.029386365926403,14.866068747318506,12.806248474865697,11.40175425099138,8.602325267042627,5.830951894845301,2.8284271247461903,1.0,2.23606797749979,5.0990195135927845,7.0710678118654755,8.246211251235321,9.486832980505138,0.0,0.0,0.0,0.0,0.0,0.0,0.0,0.0,0.0,0.0,0.0,4.242640687119285,6.4031242374328485,8.94427190999916,10.44030650891055,12.165525060596439,12.041594578792296,13.0,13.152946437965905,12.165525060596439,12.36931687685298,10.770329614269007,8.94427190999916,6.324555320336759,3.1622776601683795,1.0,3.605551275463989,7.615773105863909,11.180339887498949,15.264337522473747,18.35755975068582,21.470910553583888,23.706539182259394,24.186773244895647,26.419689627245813,26.419689627245813,23.706539182259394
1784879575.4034328,-55,0.0,26.476404589747453,26.476404589747453,23.53720459187964,19.4164878389476,15.524174696260024,11.704699910719626,8.06225774829855,4.47213595499958,3.605551275463989,6.708203932499369,9.486832980505138,12.649110640673518,14.560219778561036,16.492422502470642,16.492422502470642,16.76305461424021,17.08800749063506,15.231546211727817,13.416407864998739,11.661903789690601,10.816653826391969,8.602325267042627,6.4031242374328485,3.605551275463989,2.0,2.23606797749979,0.0,0.0,0.0,0.0,0.0,0.0,0.0,0.0,0.0,0.0,0.0,4.123105625617661,2.0,1.0,3.605551275463989,5.830951894845301,7.211102550927978,10.0,12.041594578792296,13.45362404707371,16.401219466856727,15.811388300841896,16.64331697709324,16.1245154965971,16.1245154965971,13.892443989449804,11.180339887498949,7.615773105863909,4.47213595499958,1.0,4.123105625617661,8.06225774829855,13.152946437965905,16.492422502470642,21.37755832643195,25.495097567963924,26.68332812825267
1784879575.512613,-55,0.0,29.0,29.0,26.1725046566048,21.213203435596427,18.384776310850235,14.212670403551895,10.0,6.324555320336759,2.23606797749979,4.123105625617661,7.0710678118654755,11.180339887498949,13.341664064126334,14.317821063276353,15.524174696260024,15.297058540778355,16.1245154965971,14.035668847618199,13.0,11.045361017187261,9.219544457292887,8.246211251235321,6.082762530298219,3.1622776601683795,1.0,2.0,0.0,0.0,0.0,0.0,0.0,0.0,0.0,0.0,0.0,0.0,0.0,4.242640687119285,2.23606797749979,0.0,2.23606797749979,5.385164807134504,6.708203932499369,9.219544457292887,11.180339887498949,13.038404810405298,16.0312195418814,16.1245154965971,16.278820596099706,16.278820596099706,15.524174696260024,14.317821063276353,11.40175425099138,8.246211251235321,5.0,2.8284271247461903,5.0990195135927845,8.602325267042627,13.45362404707371,17.029386365926403,21.93171219946131,26.1725046566048,27.586228448267445
1784879575.756022,-55,0.0,5.0990195135927845,9.433981132056603,13.416407864998739,15.811388300841896,19.313207915827967,22.135943621178654,22.135943621178654,22.80350850198276,20.615528128088304,19.6468827043885,18.439088914585774,16.278820596099706,14.317821063276353,11.045361017187261,7.0710678118654755,4.0,2.8284271247461903,2.23606797749979,5.0,6.4031242374328485,8.602325267042627,10.816653826391969,11.661903789690601,13.0,12.649110640673518,13.341664064126334,0.0,0.0,0.0,0.0,0.0,0.0,0.0,0.0,0.0,0.0,0.0,12.727922061357855,12.806248474865697,13.892443989449804,13.416407864998739,11.704699910719626,10.198039027185569,8.06225774829855,6.082762530298219,4.0,2.23606797749979,2.23606797749979,5.0990195135927845,8.54400374531753,11.704699910719626,13.601470508735444,16.492422502470642,18.681541692269406,20.615528128088304,21.840329667841555,22.561028345356956,21.587033144922902,20.396078054371138,17.46424919657298,15.132745950421556,12.041594578792296,7.0710678118654755
1784879575.865351,-55,0.0,28.160255680657446,27.16615541441225,24.08318915758459,20.024984394500787,17.11724276862369,12.165525060596439,8.246211251235321,5.0,2.0,4.47213595499958,7.615773105863909,10.770329614269007,12.649110640673518,14.560219778561036,14.560219778561036,15.811388300841896,15.231546211727817,13.416407864998739,12.529964086141668,10.0,8.602325267042627,7.211102550927978,5.0,2.8284271247461903,1.0,3.0,0.0,0.0,0.0,0.0,0.0,0.0,0.0,0.0,0.0,0.0,0.0,3.0,1.4142135623730951,1.0,3.1622776601683795,6.324555320336759,7.615773105863909,10.295630140987,12.206555615733702,13.45362404707371,16.278820596099706,16.401219466856727,15.811388300841896,16.64331697709324,15.264337522473747,13.601470508735444,10.816653826391969,8.602325267042627,4.242640687119285,3.1622776601683795,5.385164807134504,9.0,13.038404810405298,17.11724276862369,22.090722034374522,25.179356624028344,27.16615541441225
1784879576.0806909,-56,0.0,18.973665961010276,13.416407864998739,9.433981132056603,4.242640687119285,4.47213595499958,6.324555320336759,10.198039027185569,13.038404810405298,15.0,17.029386365926403,18.027756377319946,19.0,19.0,19.0,16.0312195418814,15.033296378372908,13.038404810405298,10.198039027185569,7.280109889280518,4.123105625617661,2.0,1.0,3.605551275463989,5.830951894845301,7.211102550927978,9.848857801796104,0.0,0.0,0.0,0.0,0.0,0.0,0.0,0.0,0.0,0.0,0.0,5.0,7.0710678118654755,8.54400374531753,11.180339887498949,12.206555615733702,12.806248474865697,13.45362404707371,13.45362404707371,14.212670403551895,13.601470508735444,11.661903789690601,10.295630140987,7.211102550927978,5.0,1.4142135623730951,2.23606797749979,6.324555320336759,9.848857801796104,14.560219778561036,18.027756377319946,21.18962010041709,23.40939982143925,24.351591323771842,26.570660511172846,26.570660511172846,24.698178070456937
1784879576.322281,-55,0.0,27.65863337187866,26.68332812825267,23.769728648009426,19.4164878389476,16.76305461424021,12.649110640673518,8.06225774829855,5.0,2.23606797749979,4.47213595499958,7.280109889280518,10.198039027185569,12.165525060596439,14.142135623730951,14.142135623730951,15.132745950421556,15.297058540778355,13.341664064126334,12.649110640673518,10.770329614269007,8.94427190999916,8.06225774829855,5.0,3.605551275463989,1.0,1.0,0.0,0.0,0.0,0.0,0.0,0.0,0.0,0.0,0.0,0.0,0.0,5.0990195135927845,2.23606797749979,1.0,2.23606797749979,5.385164807134504,7.211102550927978,9.219544457292887,11.313708498984761,13.45362404707371,15.811388300841896,16.64331697709324,16.1245154965971,16.55294535724685,14.7648230602334,13.416407864998739,9.848857801796104,7.615773105863909,3.605551275463989,1.4142135623730951,5.0,9.055385138137417,14.317821063276353,17.46424919657298,21.37755832643195,25.495097567963924,26.68332812825267
1784879576.429715,-55,0.0,17.08800749063506,14.142135623730951,9.0,4.0,3.0,6.4031242374328485,10.0,13.038404810405298,14.7648230602334,17.0,17.88854381999832,18.788294228055936,18.788294228055936,17.46424919657298,16.55294535724685,14.317821063276353,12.083045973594572,8.94427190999916,6.4031242374328485,3.605551275463989,1.4142135623730951,1.0,3.605551275463989,5.385164807134504,7.615773105863909,9.486832980505138,0.0,0.0,0.0,0.0,0.0,0.0,0.0,0.0,0.0,0.0,0.0,6.4031242374328485,8.06225774829855,10.44030650891055,12.165525060596439,14.035668847618199,13.0,14.142135623730951,14.317821063276353,13.601470508735444,13.601470508735444,10.770329614269007,8.94427190999916,5.830951894845301,2.23606797749979,1.0,5.0990195135927845,8.54400374531753,12.649110640673518,16.15549442140351,20.615528128088304,23.769728648009426,25.632011235952593,26.570660511172846,27.85677655436824,27.85677655436824,25.632011235952593
1784879576.5379,-55,0.0,18.027756377319946,14.560219778561036,9.433981132056603,4.242640687119285,5.385164807134504,8.48528137423857,12.206555615733702,14.7648230602334,17.46424919657298,18.384776310850235,19.313207915827967,20.248456731316587,19.313207915827967,18.384776310850235,16.15549442140351,13.416407864998739,12.083045973594572,8.06225774829855,5.830951894845301,2.23606797749979,1.4142135623730951,3.0,6.0,8.06225774829855,9.0,10.04987562112089,0.0,0.0,0.0,0.0,0.0,0.0,0.0,0.0,0.0,0.0,0.0,6.324555320336759,8.0,10.198039027185569,11.704699910719626,13.416407864998739,13.038404810405298,14.212670403551895,14.142135623730951,14.212670403551895,13.601470508735444,11.661903789690601,8.94427190999916,6.4031242374328485,3.605551275463989,1.4142135623730951,5.0990195135927845,9.055385138137417,13.152946437965905,17.11724276862369,21.213203435596427,24.186773244895647,27.294688127912362,27.294688127912362,29.154759474226502,29.154759474226502,27.073972741361768
1784879576.648582,-54,0.0,5.0990195135927845,11.045361017187261,14.560219778561036,15.652475842498529,18.788294228055936,21.02379604162864,21.93171219946131,21.470910553583888,20.12461179749811,19.235384061671343,17.0,15.264337522473747,13.038404810405298,9.433981132056603,5.830951894845301,2.8284271247461903,3.0,3.605551275463989,5.385164807134504,6.324555320336759,8.54400374531753,10.295630140987,10.816653826391969,11.40175425099138,11.313708498984761,10.816653826391969,0.0,0.0,0.0,0.0,0.0,0.0,0.0,0.0,0.0,0.0,0.0,11.180339887498949,12.206555615733702,12.727922061357855,12.206555615733702,11.661903789690601,9.848857801796104,8.246211251235321,7.0710678118654755,5.0990195135927845,2.23606797749979,1.4142135623730951,4.123105625617661,7.615773105863909,11.180339887498949,14.317821063276353,16.15549442140351,18.788294228055936,19.697715603592208,22.360679774997898,22.360679774997898,22.360679774997898,21.02379604162864,17.88854381999832,16.15549442140351,13.601470508735444,9.219544457292887
1784879576.757122,-55,0.0,27.073972741361768,26.076809620810597,23.08679276123039,19.026297590440446,16.1245154965971,12.36931687685298,8.54400374531753,5.656854249492381,4.0,6.4031242374328485,8.48528137423857,12.041594578792296,14.212670403551895,15.620499351813308,16.401219466856727,17.029386365926403,16.97056274847714,15.556349186104045,14.212670403551895,12.206555615733702,10.816653826391969,9.433981132056603,8.06225774829855,5.830951894845301,3.605551275463989,2.23606797749979,0.0,0.0,0.0,0.0,0.0,0.0,0.0,0.0,0.0,0.0,0.0,2.8284271247461903,1.0,2.23606797749979,5.0990195135927845,7.280109889280518,9.219544457292887,10.770329614269007,13.416407864998739,15.264337522473747,17.029386365926403,17.029386365926403,16.97056274847714,16.278820596099706,15.620499351813308,13.45362404707371,10.0,7.0710678118654755,3.605551275463989,2.23606797749979,6.082762530298219,10.04987562112089,14.142135623730951,17.26267650163207,22.20360331117452,26.1725046566048,27.294688127912362
1784879576.867195,-55,0.0,4.123105625617661,8.246211251235321,12.083045973594572,13.601470508735444,16.64331697709324,18.601075237738275,19.4164878389476,19.209372712298546,17.804493814764857,16.401219466856727,15.0,14.212670403551895,10.63014581273465,8.48528137423857,5.0,3.1622776601683795,3.1622776601683795,4.123105625617661,5.0990195135927845,7.0710678118654755,9.219544457292887,10.44030650891055,11.180339887498949,11.661903789690601,11.40175425099138,11.313708498984761,0.0,0.0,0.0,0.0,0.0,0.0,0.0,0.0,0.0,0.0,0.0,11.40175425099138,12.083045973594572,12.206555615733702,12.041594578792296,10.63014581273465,10.0,8.06225774829855,6.708203932499369,4.47213595499958,2.8284271247461903,2.23606797749979,4.47213595499958,7.615773105863909,10.770329614269007,13.0,14.866068747318506,17.08800749063506,18.973665961010276,21.18962010041709,21.18962010041709,21.18962010041709,20.248456731316587,17.08800749063506,15.811388300841896,12.36931687685298,8.246211251235321
1784879576.976852,-55,0.0,18.110770276274835,21.095023109728988,21.095023109728988,21.095023109728988,21.095023109728988,19.1049731745428,18.027756377319946,15.033296378372908,11.0,9.0,6.082762530298219,3.605551275463989,3.0,5.0,6.4031242374328485,8.602325267042627,10.816653826391969,11.40175425099138,12.041594578792296,12.041594578792296,12.041594578792296,12.206555615733702,11.661903789690601,10.295630140987,8.54400374531753,7.280109889280518,0.0,0.0,0.0,0.0,0.0,0.0,0.0,0.0,0.0,0.0,0.0,11.0,9.055385138137417,8.246211251235321,6.324555320336759,4.47213595499958,2.23606797749979,1.0,3.1622776601683795,5.385164807134504,8.54400374531753,10.770329614269007,12.649110640673518,15.524174696260024,16.492422502470642,17.46424919657298,17.46424919657298,16.492422502470642,15.297058540778355,14.317821063276353,12.36931687685298,9.486832980505138,6.324555320336759,2.8284271247461903,3.605551275463989,7.280109889280518,12.041594578792296
1784879577.1127942,-55,0.0,26.92582403567252,25.96150997149434,22.80350850198276,18.681541692269406,15.811388300841896,11.704699910719626,8.06225774829855,4.242640687119285,2.8284271247461903,5.385164807134504,8.06225774829855,11.180339887498949,13.152946437965905,15.132745950421556,15.132745950421556,16.278820596099706,16.492422502470642,14.560219778561036,12.649110640673518,10.770329614269007,9.848857801796104,8.06225774829855,5.385164807134504,4.123105625617661,2.23606797749979,2.23606797749979,0.0,0.0,0.0,0.0,0.0,0.0,0.0,0.0,0.0,0.0,0.0,4.47213595499958,1.4142135623730951,1.4142135623730951,4.123105625617661,6.324555320336759,8.54400374531753,10.770329614269007,12.529964086141668,14.422205101855956,17.029386365926403,17.69180601295413,17.69180601295413,17.69180601295413,17.029386365926403,14.866068747318506,12.041594578792296,9.219544457292887,5.656854249492381,3.0,4.123105625617661,8.06225774829855,12.36931687685298,15.811388300841896,20.8806130178211,24.041630560342615,26.248809496813376
1784879577.2216918,-55,0.0,20.591260281974,21.93171219946131,23.259406699226016,22.360679774997898,22.360679774997898,21.470910553583888,19.235384061671343,16.1245154965971,12.529964086141668,9.433981132056603,5.830951894845301,3.605551275463989,2.23606797749979,4.47213595499958,6.0,8.0,10.04987562112089,11.045361017187261,11.180339887498949,11.180339887498949,10.44030650891055,10.770329614269007,10.295630140987,9.433981132056603,7.810249675906654,5.656854249492381,0.0,0.0,0.0,0.0,0.0,0.0,0.0,0.0,0.0,0.0,0.0,9.219544457292887,8.602325267042627,7.211102550927978,5.385164807134504,4.123105625617661,1.0,1.0,3.0,6.082762530298219,8.54400374531753,10.770329614269007,13.0,15.652475842498529,17.4928556845359,17.4928556845359,17.4928556845359,16.64331697709324,15.264337522473747,14.7648230602334,12.529964086141668,9.486832980505138,7.0710678118654755,3.605551275463989,5.0990195135927845,9.219544457292887,12.083045973594572
1784879577.32973,-55,0.0,4.47213595499958,7.810249675906654,11.180339887498949,14.560219778561036,17.08800749063506,18.973665961010276,19.924858845171276,19.924858845171276,18.681541692269406,17.46424919657298,15.524174696260024,14.317821063276353,11.180339887498949,9.055385138137417,5.0,3.1622776601683795,3.1622776601683795,4.123105625617661,5.830951894845301,7.211102550927978,9.433981132056603,10.770329614269007,12.649110640673518,13.341664064126334,12.165525060596439,12.0,0.0,0.0,0.0,0.0,0.0,0.0,0.0,0.0,0.0,0.0,0.0,12.0,12.165525060596439,12.649110640673518,12.083045973594572,11.661903789690601,10.0,9.219544457292887,7.0710678118654755,5.0,3.1622776601683795,1.4142135623730951,4.0,7.0,10.0,13.038404810405298,16.1245154965971,17.11724276862369,20.09975124224178,21.095023109728988,22.090722034374522,22.090722034374522,21.095023109728988,18.110770276274835,16.1245154965971,12.165525060596439,8.06225774829855
1784879577.437282,-55,0.0,19.6468827043885,13.92838827718412,8.94427190999916,5.0,5.385164807134504,7.810249675906654,11.180339887498949,13.92838827718412,15.811388300841896,16.76305461424021,17.72004514666935,18.973665961010276,18.973665961010276,18.027756377319946,15.231546211727817,13.416407864998739,12.083045973594572,8.06225774829855,5.385164807134504,3.0,1.4142135623730951,3.1622776601683795,6.082762530298219,8.06225774829855,9.219544457292887,10.44030650891055,0.0,0.0,0.0,0.0,0.0,0.0,0.0,0.0,0.0,0.0,0.0,6.4031242374328485,9.433981132056603,11.40175425099138,13.152946437965905,14.0,14.035668847618199,14.142135623730951,15.524174696260024,14.866068747318506,14.317821063276353,12.529964086141668,9.433981132056603,7.615773105863909,5.0,2.8284271247461903,5.0990195135927845,9.486832980505138,12.649110640673518,16.76305461424021,21.18962010041709,23.40939982143925,26.570660511172846,26.570660511172846,28.460498941515414,28.460498941515414,25.298221281347036
1784879577.5453498,-55,0.0,19.1049731745428,23.021728866442675,23.021728866442675,23.021728866442675,22.02271554554524,21.02379604162864,19.1049731745428,16.1245154965971,12.041594578792296,10.04987562112089,6.082762530298219,3.605551275463989,2.0,3.605551275463989,5.830951894845301,7.615773105863909,10.295630140987,10.295630140987,10.816653826391969,10.816653826391969,10.63014581273465,11.313708498984761,10.0,9.433981132056603,7.615773105863909,6.324555320336759,0.0,0.0,0.0,0.0,0.0,0.0,0.0,0.0,0.0,0.0,0.0,9.486832980505138,8.06225774829855,8.0,6.082762530298219,4.123105625617661,1.4142135623730951,1.0,3.1622776601683795,5.830951894845301,8.48528137423857,10.63014581273465,12.727922061357855,15.0,16.401219466856727,17.204650534085253,16.64331697709324,15.811388300841896,15.264337522473747,13.601470508735444,12.806248474865697,9.899494936611665,5.830951894845301,3.0,5.830951894845301,9.219544457292887,13.0
1784879577.6544588,-55,0.0,26.476404589747453,24.73863375370596,22.561028345356956,18.439088914585774,15.297058540778355,12.041594578792296,8.0,4.47213595499958,2.0,5.0,7.0710678118654755,10.63014581273465,12.806248474865697,14.212670403551895,14.212670403551895,15.620499351813308,15.556349186104045,14.142135623730951,12.806248474865697,11.40175425099138,9.433981132056603,8.602325267042627,6.708203932499369,5.0,2.8284271247461903,2.0,0.0,0.0,0.0,0.0,0.0,0.0,0.0,0.0,0.0,0.0,0.0,1.0,1.4142135623730951,2.8284271247461903,5.830951894845301,7.810249675906654,9.899494936611665,11.40175425099138,13.601470508735444,15.264337522473747,16.55294535724685,16.15549442140351,15.811388300841896,15.811388300841896,14.560219778561036,12.649110640673518,9.486832980505138,6.708203932499369,4.242640687119285,3.0,5.0,9.848857801796104,13.601470508735444,16.278820596099706,20.615528128088304,23.769728648009426,25.495097567963924
1784879577.789342,-55,0.0,18.110770276274835,13.038404810405298,8.246211251235321,4.242640687119285,5.0,8.06225774829855,10.63014581273465,13.45362404707371,15.0,15.811388300841896,17.204650534085253,18.601075237738275,17.804493814764857,16.401219466856727,14.212670403551895,13.45362404707371,10.63014581273465,8.48528137423857,5.656854249492381,2.8284271247461903,1.0,3.1622776601683795,4.123105625617661,6.324555320336759,7.280109889280518,8.94427190999916,0.0,0.0,0.0,0.0,0.0,0.0,0.0,0.0,0.0,0.0,0.0,5.0990195135927845,7.0710678118654755,8.54400374531753,10.295630140987,11.40175425099138,12.041594578792296,12.041594578792296,12.206555615733702,12.529964086141668,12.083045973594572,9.848857801796104,8.54400374531753,5.385164807134504,2.8284271247461903,1.4142135623730951,5.0,8.0,11.0,15.033296378372908,19.026297590440446,21.02379604162864,24.020824298928627,24.020824298928627,26.076809620810597,26.076809620810597,23.08679276123039
1784879577.896863,-55,0.0,20.223748416156685,22.02271554554524,23.021728866442675,22.090722034374522,22.090722034374522,21.095023109728988,18.027756377319946,16.1245154965971,12.041594578792296,9.055385138137417,6.082762530298219,3.605551275463989,3.0,4.242640687119285,6.708203932499369,8.94427190999916,10.295630140987,11.661903789690601,12.206555615733702,11.40175425099138,12.041594578792296,12.041594578792296,11.40175425099138,10.295630140987,8.94427190999916,7.280109889280518,0.0,0.0,0.0,0.0,0.0,0.0,0.0,0.0,0.0,0.0,0.0,9.433981132056603,8.54400374531753,7.280109889280518,5.0990195135927845,3.1622776601683795,1.4142135623730951,1.4142135623730951,3.605551275463989,6.4031242374328485,9.899494936611665,11.313708498984761,13.45362404707371,15.620499351813308,17.804493814764857,17.804493814764857,17.804493814764857,17.204650534085253,16.401219466856727,15.620499351813308,12.806248474865697,9.899494936611665,7.211102550927978,3.0,5.0,9.055385138137417,11.045361017187261
1784879578.0053911,-55,0.0,26.248809496813376,26.248809496813376,23.430749027719962,19.209372712298546,16.278820596099706,12.041594578792296,7.211102550927978,4.123105625617661,2.23606797749979,6.0,9.219544457292887,12.165525060596439,14.317821063276353,16.278820596099706,16.278820596099706,17.26267650163207,17.11724276862369,15.033296378372908,14.0,12.041594578792296,10.04987562112089,9.055385138137417,6.082762530298219,4.0,2.23606797749979,3.0,0.0,0.0,0.0,0.0,0.0,0.0,0.0,0.0,0.0,0.0,0.0,4.47213595499958,2.23606797749979,1.4142135623730951,4.0,6.082762530298219,8.06225774829855,10.0,13.0,14.142135623730951,16.492422502470642,16.76305461424021,17.08800749063506,17.08800749063506,16.15549442140351,13.92838827718412,12.083045973594572,8.54400374531753,5.0990195135927845,3.1622776601683795,4.123105625617661,8.06225774829855,12.806248474865697,15.556349186104045,19.849433241279208,24.08318915758459,25.495097567963924
1784879578.061939,-55,0.0,3.605551275463989,7.810249675906654,12.083045973594572,13.601470508735444,17.08800749063506,18.973665961010276,19.924858845171276,19.6468827043885,17.72004514666935,16.492422502470642,15.524174696260024,14.317821063276353,11.180339887498949,9.055385138137417,5.0,3.1622776601683795,3.1622776601683795,4.123105625617661,5.830951894845301,8.06225774829855,8.94427190999916,10.770329614269007,11.704699910719626,12.36931687685298,12.165525060596439,12.0,0.0,0.0,0.0,0.0,0.0,0.0,0.0,0.0,0.0,0.0,0.0,12.0,12.165525060596439,12.36931687685298,12.083045973594572,11.661903789690601,10.0,9.219544457292887,7.0710678118654755,4.242640687119285,3.1622776601683795,1.4142135623730951,4.0,7.0,10.04987562112089,13.038404810405298,15.132745950421556,17.11724276862369,19.1049731745428,21.095023109728988,22.090722034374522,21.213203435596427,21.095023109728988,17.11724276862369,15.132745950421556,12.36931687685298,8.246211251235321
1784879578.116933,-55,0.0,5.0,8.54400374531753,12.36931687685298,15.033296378372908,18.110770276274835,20.024984394500787,21.02379604162864,21.0,19.0,18.0,17.0,15.0,12.0,10.04987562112089,7.0710678118654755,4.123105625617661,2.23606797749979,2.23606797749979,4.47213595499958,5.830951894845301,7.810249675906654,9.219544457292887,10.63014581273465,10.816653826391969,10.295630140987,10.770329614269007,0.0,0.0,0.0,0.0,0.0,0.0,0.0,0.0,0.0,0.0,0.0,11.0,11.180339887498949,12.649110640673518,12.083045973594572,11.661903789690601,10.63014581273465,8.48528137423857,7.810249675906654,5.830951894845301,2.8284271247461903,0.0,3.605551275463989,6.324555320336759,9.486832980505138,12.649110640673518,14.866068747318506,17.08800749063506,18.973665961010276,21.18962010041709,21.18962010041709,21.18962010041709,20.248456731316587,17.08800749063506,15.231546211727817,12.529964086141668,7.211102550927978
1784879578.22642,-55,0.0,3.1622776601683795,8.06225774829855,12.36931687685298,14.560219778561036,17.72004514666935,18.681541692269406,19.924858845171276,19.924858845171276,18.973665961010276,18.027756377319946,16.15549442140351,15.231546211727817,13.0,10.770329614269007,7.615773105863909,5.0,2.8284271247461903,2.23606797749979,3.605551275463989,5.830951894845301,7.211102550927978,8.602325267042627,10.0,11.313708498984761,10.63014581273465,10.816653826391969,0.0,0.0,0.0,0.0,0.0,0.0,0.0,0.0,0.0,0.0,0.0,11.180339887498949,11.40175425099138,12.165525060596439,12.0,11.045361017187261,10.198039027185569,8.54400374531753,6.708203932499369,4.47213595499958,2.23606797749979,1.0,3.605551275463989,6.4031242374328485,9.219544457292887,12.041594578792296,13.45362404707371,15.620499351813308,17.029386365926403,19.209372712298546,20.615528128088304,19.209372712298546,18.439088914585774,15.620499351813308,14.142135623730951,12.041594578792296,6.4031242374328485
1784879578.3357599,-55,0.0,3.1622776601683795,8.06225774829855,12.041594578792296,14.142135623730951,17.11724276862369,19.235384061671343,19.235384061671343,20.396078054371138,18.439088914585774,17.46424919657298,15.524174696260024,13.601470508735444,11.40175425099138,8.54400374531753,5.385164807134504,2.8284271247461903,3.0,4.242640687119285,5.830951894845301,7.211102550927978,10.0,10.63014581273465,11.313708498984761,12.041594578792296,12.206555615733702,12.083045973594572,0.0,0.0,0.0,0.0,0.0,0.0,0.0,0.0,0.0,0.0,0.0,12.083045973594572,12.36931687685298,13.152946437965905,13.0,12.041594578792296,10.198039027185569,9.219544457292887,7.280109889280518,5.385164807134504,3.0,1.4142135623730951,3.1622776601683795,6.708203932499369,10.295630140987,12.529964086141668,15.264337522473747,17.4928556845359,18.867962264113206,21.095023109728988,21.095023109728988,21.095023109728988,20.248456731316587,17.4928556845359,15.811388300841896,12.041594578792296,7.810249675906654
1784879578.44477,-55,0.0,28.231188426986208,28.231188426986208,25.079872407968907,20.615528128088304,17.46424919657298,13.416407864998739,9.433981132056603,4.242640687119285,1.4142135623730951,4.0,7.0710678118654755,11.045361017187261,13.038404810405298,15.033296378372908,15.132745950421556,16.0312195418814,16.0,14.0,13.038404810405298,11.180339887498949,9.219544457292887,7.280109889280518,5.0990195135927845,3.1622776601683795,1.4142135623730951,3.1622776601683795,0.0,0.0,0.0,0.0,0.0,0.0,0.0,0.0,0.0,0.0,0.0,4.123105625617661,1.0,1.0,4.0,6.082762530298219,8.246211251235321,10.44030650891055,12.083045973594572,13.892443989449804,17.204650534085253,17.029386365926403,17.69180601295413,17.69180601295413,16.97056274847714,14.866068747318506,11.313708498984761,8.48528137423857,5.0,3.1622776601683795,4.123105625617661,8.246211251235321,13.601470508735444,17.46424919657298,21.540659228538015,26.0,27.313000567495326
1784879578.794506,-55,0.0,26.476404589747453,27.459060435491963,24.515301344262525,20.396078054371138,17.26267650163207,13.038404810405298,9.0,5.385164807134504,2.23606797749979,4.242640687119285,7.211102550927978,10.816653826391969,11.661903789690601,13.892443989449804,14.7648230602334,13.892443989449804,15.264337522473747,13.601470508735444,11.40175425099138,9.899494936611665,8.48528137423857,7.0710678118654755,5.0,2.8284271247461903,1.0,2.23606797749979,0.0,0.0,0.0,0.0,0.0,0.0,0.0,0.0,0.0,0.0,0.0,3.605551275463989,2.23606797749979,1.0,2.23606797749979,5.656854249492381,7.810249675906654,9.433981132056603,12.083045973594572,13.92838827718412,15.524174696260024,16.278820596099706,16.1245154965971,16.1245154965971,15.132745950421556,13.152946437965905,11.045361017187261,8.06225774829855,4.123105625617661,3.1622776601683795,5.0,8.54400374531753,13.601470508735444,17.26267650163207,21.587033144922902,24.73863375370596,26.68332812825267
1784879578.9038851,-56,0.0,28.160255680657446,28.160255680657446,25.079872407968907,20.223748416156685,18.027756377319946,13.0,9.055385138137417,4.47213595499958,3.0,4.242640687119285,8.06225774829855,10.816653826391969,13.038404810405298,14.7648230602334,15.652475842498529,15.652475842498529,16.1245154965971,14.422205101855956,12.806248474865697,10.63014581273465,9.899494936611665,7.810249675906654,5.656854249492381,3.605551275463989,1.4142135623730951,1.0,0.0,0.0,0.0,0.0,0.0,0.0,0.0,0.0,0.0,0.0,0.0,5.830951894845301,2.8284271247461903,0.0,2.8284271247461903,5.0,7.211102550927978,10.295630140987,12.083045973594572,13.92838827718412,16.492422502470642,17.26267650163207,17.11724276862369,17.11724276862369,16.0312195418814,14.035668847618199,11.0,8.0,4.0,1.4142135623730951,4.47213595499958,9.219544457292887,13.152946437965905,17.11724276862369,22.20360331117452,26.30589287593181,28.160255680657446
1784879579.011967,-55,0.0,16.64331697709324,13.0,8.246211251235321,4.0,4.47213595499958,7.0710678118654755,10.44030650891055,12.083045973594572,13.892443989449804,15.264337522473747,16.1245154965971,16.1245154965971,16.1245154965971,14.7648230602334,13.416407864998739,11.180339887498949,9.848857801796104,6.708203932499369,4.47213595499958,2.23606797749979,1.0,2.8284271247461903,5.0,7.211102550927978,7.810249675906654,9.219544457292887,0.0,0.0,0.0,0.0,0.0,0.0,0.0,0.0,0.0,0.0,0.0,6.324555320336759,8.06225774829855,9.219544457292887,10.63014581273465,11.661903789690601,12.529964086141668,12.649110640673518,12.36931687685298,12.165525060596439,12.041594578792296,10.0,8.0,6.0,3.1622776601683795,2.23606797749979,5.0,8.06225774829855,11.661903789690601,16.1245154965971,18.867962264113206,21.095023109728988,23.323807579381203,23.323807579381203,25.553864678361276,24.698178070456937,22.47220505424423
1784879579.1207318,-56,0.0,28.792360097775937,26.92582403567252,23.769728648009426,19.313207915827967,15.811388300841896,12.165525060596439,8.0,5.830951894845301,5.0990195135927845,7.280109889280518,9.848857801796104,13.0,15.231546211727817,16.55294535724685,16.55294535724685,16.55294535724685,17.08800749063506,14.866068747318506,13.601470508735444,11.180339887498949,10.04987562112089,8.06225774829855,6.082762530298219,4.123105625617661,2.8284271247461903,3.0,0.0,0.0,0.0,0.0,0.0,0.0,0.0,0.0,0.0,0.0,0.0,4.123105625617661,1.4142135623730951,1.0,3.605551275463989,6.4031242374328485,8.48528137423857,10.63014581273465,12.206555615733702,14.7648230602334,16.15549442140351,16.76305461424021,16.492422502470642,16.278820596099706,15.297058540778355,13.152946437965905,10.04987562112089,7.0710678118654755,3.1622776601683795,3.1622776601683795,7.211102550927978,10.770329614269007,16.15549442140351,18.973665961010276,23.40939982143925,26.570660511172846,27.51363298439521
1784879579.147969,-56,0.0,27.018512172212592,27.018512172212592,22.80350850198276,19.209372712298546,15.811388300841896,11.180339887498949,7.280109889280518,4.123105625617661,4.123105625617661,6.324555320336759,9.486832980505138,13.0,14.317821063276353,15.652475842498529,16.55294535724685,16.55294535724685,16.15549442140351,14.866068747318506,13.601470508735444,11.180339887498949,9.219544457292887,8.06225774829855,6.082762530298219,3.1622776601683795,1.4142135623730951,2.23606797749979,0.0,0.0,0.0,0.0,0.0,0.0,0.0,0.0,0.0,0.0,0.0,5.0,2.0,0.0,3.1622776601683795,6.082762530298219,8.06225774829855,10.0,12.041594578792296,14.142135623730951,16.492422502470642,16.76305461424021,16.15549442140351,16.55294535724685,15.231546211727817,13.0,10.295630140987,6.708203932499369,3.1622776601683795,2.0,5.0,9.219544457292887,14.212670403551895,17.804493814764857,22.67156809750927,25.612496949731394,27.018512172212592
1784879579.2554371,-56,0.0,27.51363298439521,27.202941017470888,24.041630560342615,18.973665961010276,16.76305461424021,12.165525060596439,8.0,4.123105625617661,2.0,5.0,7.810249675906654,10.63014581273465,12.806248474865697,15.0,15.0,15.620499351813308,14.866068747318506,14.142135623730951,12.041594578792296,10.0,8.602325267042627,7.211102550927978,5.0,2.8284271247461903,1.0,2.23606797749979,0.0,0.0,0.0,0.0,0.0,0.0,0.0,0.0,0.0,0.0,0.0,4.242640687119285,2.0,1.0,3.605551275463989,6.4031242374328485,8.602325267042627,10.295630140987,12.083045973594572,14.560219778561036,16.278820596099706,16.1245154965971,16.0312195418814,16.0,15.0,13.0,10.0,7.0,3.1622776601683795,2.0,5.0,9.848857801796104,14.866068747318506,18.027756377319946,22.47220505424423,26.570660511172846,28.460498941515414
1784879579.363028,-55,0.0,27.294688127912362,25.942243542145693,23.706539182259394,19.235384061671343,16.15549442140351,11.704699910719626,8.06225774829855,4.123105625617661,2.0,5.0,7.810249675906654,10.63014581273465,12.727922061357855,14.866068747318506,14.866068747318506,16.278820596099706,15.556349186104045,14.866068747318506,12.806248474865697,10.816653826391969,10.295630140987,8.06225774829855,6.708203932499369,4.47213595499958,1.0,1.0,0.0,0.0,0.0,0.0,0.0,0.0,0.0,0.0,0.0,0.0,0.0,3.1622776601683795,1.4142135623730951,2.23606797749979,4.123105625617661,7.0710678118654755,9.0,11.045361017187261,12.165525060596439,14.317821063276353,15.811388300841896,16.15549442140351,15.652475842498529,15.652475842498529,14.317821063276353,12.083045973594572,9.433981132056603,5.830951894845301,2.8284271247461903,1.4142135623730951,5.0,9.433981132056603,14.7648230602334,17.88854381999832,21.95449840010015,25.553864678361276,27.294688127912362
1784879579.4722261,-56,0.0,28.160255680657446,28.071337695236398,25.079872407968907,20.09975124224178,17.0,13.038404810405298,8.246211251235321,5.0,2.23606797749979,5.830951894845301,8.94427190999916,12.083045973594572,14.317821063276353,15.231546211727817,16.15549442140351,16.55294535724685,16.55294535724685,14.7648230602334,13.038404810405298,11.40175425099138,9.899494936611665,7.810249675906654,5.656854249492381,2.8284271247461903,0.0,2.0,0.0,0.0,0.0,0.0,0.0,0.0,0.0,0.0,0.0,0.0,0.0,5.0,2.23606797749979,1.0,2.8284271247461903,5.0,7.211102550927978,9.848857801796104,11.704699910719626,13.601470508735444,16.278820596099706,16.1245154965971,16.0312195418814,16.0312195418814,15.033296378372908,13.038404810405298,10.0,7.0,3.0,1.0,5.0990195135927845,9.219544457292887,14.142135623730951,18.027756377319946,23.194827009486403,26.1725046566048,28.160255680657446
1784879579.689041,-56,0.0,15.297058540778355,9.486832980505138,5.830951894845301,3.0,5.656854249492381,8.94427190999916,11.704699910719626,14.560219778561036,15.297058540778355,16.278820596099706,17.26267650163207,18.24828759089466,17.26267650163207,17.26267650163207,14.317821063276353,13.341664064126334,10.198039027185569,8.06225774829855,5.0990195135927845,3.1622776601683795,2.23606797749979,4.0,6.0,8.06225774829855,9.055385138137417,10.0,0.0,0.0,0.0,0.0,0.0,0.0,0.0,0.0,0.0,0.0,0.0,6.082762530298219,8.0,10.198039027185569,11.704699910719626,13.0,13.892443989449804,13.601470508735444,13.45362404707371,13.45362404707371,12.041594578792296,10.816653826391969,8.602325267042627,6.4031242374328485,3.605551275463989,1.4142135623730951,4.123105625617661,8.246211251235321,11.40175425099138,15.297058540778355,18.439088914585774,21.37755832643195,22.561028345356956,22.561028345356956,24.515301344262525,23.53720459187964,21.587033144922902
1784879579.798681,-55,0.0,3.605551275463989,8.602325267042627,11.661903789690601,14.7648230602334,17.0,17.88854381999832,18.788294228055936,18.788294228055936,17.46424919657298,16.15549442140351,14.317821063276353,12.649110640673518,10.44030650891055,8.246211251235321,5.0990195135927845,3.1622776601683795,3.1622776601683795,4.123105625617661,6.324555320336759,7.615773105863909,9.486832980505138,10.44030650891055,12.165525060596439,12.041594578792296,12.0,11.180339887498949,0.0,0.0,0.0,0.0,0.0,0.0,0.0,0.0,0.0,0.0,0.0,11.045361017187261,11.40175425099138,12.083045973594572,11.661903789690601,10.816653826391969,9.219544457292887,7.810249675906654,6.4031242374328485,3.605551275463989,2.23606797749979,2.0,5.0,8.06225774829855,11.045361017187261,13.0,15.0,17.029386365926403,19.026297590440446,20.024984394500787,21.0,20.024984394500787,19.0,16.0312195418814,14.035668847618199,11.180339887498949,6.324555320336759
1784879579.934161,-55,0.0,16.55294535724685,12.36931687685298,8.0,4.47213595499958,6.082762530298219,8.246211251235321,11.180339887498949,13.416407864998739,15.264337522473747,16.64331697709324,17.204650534085253,18.027756377319946,18.027756377319946,16.64331697709324,13.892443989449804,12.529964086141668,11.180339887498949,7.615773105863909,5.385164807134504,3.605551275463989,1.0,2.8284271247461903,5.0,6.4031242374328485,7.810249675906654,9.219544457292887,0.0,0.0,0.0,0.0,0.0,0.0,0.0,0.0,0.0,0.0,0.0,5.0990195135927845,6.708203932499369,9.219544457292887,10.63014581273465,12.206555615733702,12.529964086141668,12.083045973594572,12.36931687685298,12.165525060596439,12.165525060596439,10.0,8.0,5.0,2.23606797749979,2.23606797749979,5.385164807134504,8.246211251235321,11.704699910719626,16.15549442140351,19.313207915827967,21.540659228538015,23.769728648009426,23.769728648009426,26.0,25.079872407968907,22.47220505424423
1784879580.0430741,-55,0.0,20.808652046684813,22.80350850198276,22.80350850198276,22.20360331117452,22.20360331117452,20.808652046684813,18.601075237738275,15.811388300841896,12.206555615733702,8.602325267042627,5.830951894845301,3.0,2.23606797749979,4.123105625617661,6.4031242374328485,8.602325267042627,10.295630140987,11.180339887498949,12.083045973594572,11.704699910719626,11.40175425099138,11.40175425099138,11.180339887498949,10.04987562112089,8.0,6.082762530298219,0.0,0.0,0.0,0.0,0.0,0.0,0.0,0.0,0.0,0.0,0.0,9.433981132056603,8.48528137423857,7.810249675906654,5.830951894845301,3.605551275463989,1.0,1.4142135623730951,4.123105625617661,6.0,9.055385138137417,12.041594578792296,14.142135623730951,16.278820596099706,17.46424919657298,17.46424919657298,17.46424919657298,16.492422502470642,16.492422502470642,15.297058540778355,13.152946437965905,10.04987562112089,7.0710678118654755,2.8284271247461903,5.385164807134504,9.219544457292887,12.806248474865697
1784879580.266134,-55,0.0,21.2602916254693,22.80350850198276,24.839484696748443,22.67156809750927,22.67156809750927,21.93171219946131,18.384776310850235,16.278820596099706,12.727922061357855,8.48528137423857,5.656854249492381,2.23606797749979,2.0,4.47213595499958,7.0710678118654755,9.219544457292887,10.816653826391969,11.40175425099138,12.206555615733702,11.661903789690601,12.529964086141668,12.083045973594572,10.770329614269007,9.486832980505138,7.0710678118654755,6.0,0.0,0.0,0.0,0.0,0.0,0.0,0.0,0.0,0.0,0.0,0.0,10.04987562112089,9.055385138137417,7.280109889280518,6.324555320336759,3.605551275463989,2.23606797749979,1.0,4.123105625617661,6.708203932499369,8.602325267042627,11.40175425099138,13.45362404707371,15.556349186104045,16.97056274847714,18.384776310850235,16.97056274847714,16.97056274847714,16.278820596099706,15.620499351813308,12.806248474865697,9.433981132056603,5.385164807134504,1.4142135623730951,5.0990195135927845,8.94427190999916,12.806248474865697
1784879580.589937,-56,0.0,20.615528128088304,22.360679774997898,23.259406699226016,21.93171219946131,21.93171219946131,20.615528128088304,18.384776310850235,15.811388300841896,12.649110640673518,8.246211251235321,5.0990195135927845,3.1622776601683795,2.0,4.242640687119285,7.211102550927978,9.433981132056603,11.40175425099138,12.206555615733702,12.206555615733702,12.806248474865697,12.727922061357855,12.727922061357855,12.806248474865697,10.816653826391969,8.94427190999916,7.615773105863909,0.0,0.0,0.0,0.0,0.0,0.0,0.0,0.0,0.0,0.0,0.0,10.816653826391969,9.848857801796104,8.246211251235321,6.082762530298219,4.0,2.0,1.0,4.123105625617661,6.082762530298219,9.486832980505138,11.704699910719626,13.92838827718412,16.55294535724685,17.88854381999832,18.788294228055936,18.788294228055936,17.88854381999832,17.46424919657298,16.15549442140351,13.92838827718412,10.44030650891055,7.280109889280518,2.0,2.8284271247461903,7.211102550927978,11.180339887498949
1784879580.7260108,-55,0.0,2.23606797749979,9.0,12.0,15.033296378372908,18.027756377319946,19.1049731745428,20.09975124224178,20.09975124224178,18.24828759089466,17.26267650163207,15.297058540778355,14.317821063276353,12.36931687685298,9.486832980505138,6.324555320336759,3.605551275463989,2.0,2.8284271247461903,4.47213595499958,6.708203932499369,8.06225774829855,9.433981132056603,10.816653826391969,11.40175425099138,11.313708498984761,10.816653826391969,0.0,0.0,0.0,0.0,0.0,0.0,0.0,0.0,0.0,0.0,0.0,11.40175425099138,12.083045973594572,13.038404810405298,12.806248474865697,12.041594578792296,10.63014581273465,9.433981132056603,8.06225774829855,5.385164807134504,3.605551275463989,0.0,3.1622776601683795,6.082762530298219,9.055385138137417,12.165525060596439,14.317821063276353,16.278820596099706,17.26267650163207,19.4164878389476,20.396078054371138,19.4164878389476,18.439088914585774,16.278820596099706,14.560219778561036,10.770329614269007,5.830951894845301
1784879580.834917,-56,0.0,26.832815729997478,26.832815729997478,23.259406699226016,18.788294228055936,16.15549442140351,12.36931687685298,8.06225774829855,5.385164807134504,4.123105625617661,6.324555320336759,8.94427190999916,11.180339887498949,13.892443989449804,15.264337522473747,15.264337522473747,16.1245154965971,15.652475842498529,14.317821063276353,13.0,11.40175425099138,9.219544457292887,8.246211251235321,6.082762530298219,4.123105625617661,1.4142135623730951,2.23606797749979,0.0,0.0,0.0,0.0,0.0,0.0,0.0,0.0,0.0,0.0,0.0,4.47213595499958,2.8284271247461903,0.0,2.8284271247461903,5.830951894845301,8.06225774829855,9.848857801796104,11.704699910719626,14.317821063276353,16.1245154965971,16.0,16.0312195418814,16.0312195418814,15.033296378372908,13.038404810405298,10.198039027185569,7.0710678118654755,4.0,2.0,5.0,9.433981132056603,13.416407864998739,17.46424919657298,22.360679774997898,25.495097567963924,27.730849247724095
1784879580.9434218,-56,0.0,19.4164878389476,25.0,25.0,23.853720883753127,24.413111231467404,22.20360331117452,20.808652046684813,17.804493814764857,14.212670403551895,10.63014581273465,8.48528137423857,5.830951894845301,4.0,4.242640687119285,5.0990195135927845,7.0710678118654755,9.055385138137417,10.04987562112089,11.180339887498949,11.180339887498949,11.40175425099138,11.704699910719626,12.083045973594572,10.816653826391969,9.219544457292887,7.810249675906654,0.0,0.0,0.0,0.0,0.0,0.0,0.0,0.0,0.0,0.0,0.0,10.63014581273465,9.219544457292887,7.211102550927978,5.385164807134504,3.1622776601683795,1.0,2.23606797749979,4.0,7.0,10.198039027185569,12.36931687685298,13.601470508735444,16.15549442140351,17.46424919657298,17.46424919657298,17.88854381999832,16.55294535724685,15.652475842498529,14.317821063276353,11.704699910719626,8.246211251235321,5.0,2.8284271247461903,6.082762530298219,10.770329614269007,14.7648230602334
1784879581.05218,-56,0.0,21.540659228538015,25.632011235952593,26.0,24.351591323771842,24.351591323771842,21.540659228538015,19.697715603592208,16.55294535724685,12.083045973594572,9.433981132056603,5.656854249492381,4.123105625617661,4.47213595499958,6.4031242374328485,7.615773105863909,9.848857801796104,12.083045973594572,12.083045973594572,12.529964086141668,11.661903789690601,12.206555615733702,12.041594578792296,11.313708498984761,9.219544457292887,7.211102550927978,5.830951894845301,0.0,0.0,0.0,0.0,0.0,0.0,0.0,0.0,0.0,0.0,0.0,11.313708498984761,10.816653826391969,9.848857801796104,8.54400374531753,6.082762530298219,3.0,1.0,2.0,5.0990195135927845,8.54400374531753,10.770329614269007,13.416407864998739,15.264337522473747,18.027756377319946,18.601075237738275,17.804493814764857,17.804493814764857,15.620499351813308,15.0,12.206555615733702,8.94427190999916,5.0990195135927845,2.8284271247461903,7.0,11.180339887498949,15.811388300841896
1784879581.1624389,-56,0.0,18.439088914585774,23.345235059857504,24.08318915758459,23.345235059857504,22.67156809750927,20.615528128088304,18.439088914585774,15.0,11.661903789690601,8.06225774829855,5.385164807134504,4.123105625617661,3.605551275463989,6.0,7.280109889280518,9.219544457292887,11.180339887498949,11.40175425099138,12.165525060596439,12.165525060596439,12.041594578792296,12.0,12.041594578792296,10.198039027185569,8.246211251235321,6.708203932499369,0.0,0.0,0.0,0.0,0.0,0.0,0.0,0.0,0.0,0.0,0.0,10.63014581273465,10.0,8.602325267042627,6.708203932499369,4.47213595499958,2.0,0.0,3.0,6.082762530298219,9.486832980505138,11.40175425099138,13.601470508735444,16.15549442140351,17.46424919657298,17.46424919657298,17.0,17.0,15.652475842498529,14.317821063276353,11.704699910719626,8.54400374531753,5.0990195135927845,1.4142135623730951,4.47213595499958,10.0,14.142135623730951
1784879581.218119,-56,0.0,18.973665961010276,23.40939982143925,23.40939982143925,22.47220505424423,22.47220505424423,20.248456731316587,18.973665961010276,15.811388300841896,11.40175425099138,9.219544457292887,6.082762530298219,4.123105625617661,3.1622776601683795,4.123105625617661,6.4031242374328485,7.810249675906654,10.816653826391969,10.0,10.816653826391969,10.295630140987,10.770329614269007,10.44030650891055,10.198039027185569,9.055385138137417,7.0,5.0990195135927845,0.0,0.0,0.0,0.0,0.0,0.0,0.0,0.0,0.0,0.0,0.0,9.219544457292887,8.54400374531753,7.615773105863909,5.830951894845301,4.242640687119285,1.0,1.0,2.8284271247461903,5.830951894845301,8.54400374531753,10.770329614269007,12.649110640673518,14.317821063276353,16.278820596099706,16.278820596099706,16.278820596099706,15.132745950421556,14.142135623730951,13.152946437965905,11.40175425099138,8.54400374531753,5.0,3.0,5.656854249492381,10.295630140987,14.317821063276353
1784879581.2989812,-56,0.0,27.459060435491963,26.076809620810597,23.853720883753127,18.867962264113206,16.1245154965971,12.083045973594572,7.280109889280518,4.123105625617661,3.0,5.0,8.602325267042627,11.40175425099138,13.45362404707371,14.866068747318506,14.866068747318506,15.620499351813308,15.0,13.601470508735444,11.661903789690601,10.295630140987,8.54400374531753,6.708203932499369,4.47213595499958,2.23606797749979,1.0,3.605551275463989,0.0,0.0,0.0,0.0,0.0,0.0,0.0,0.0,0.0,0.0,0.0,4.123105625617661,2.23606797749979,1.0,3.605551275463989,6.324555320336759,8.246211251235321,10.04987562112089,12.0,14.035668847618199,15.297058540778355,16.492422502470642,15.524174696260024,15.811388300841896,14.866068747318506,12.649110640673518,9.848857801796104,6.324555320336759,3.0,2.0,5.656854249492381,10.0,15.0,18.027756377319946,23.021728866442675,26.627053911388696,27.459060435491963
1784879581.406232,-45,0.0,3.1622776601683795,9.433981132056603,12.041594578792296,14.142135623730951,16.97056274847714,19.1049731745428,19.1049731745428,19.1049731745428,17.804493814764857,16.401219466856727,15.0,13.601470508735444,10.816653826391969,8.06225774829855,5.0,2.23606797749979,1.0,3.1622776601683795,5.0,6.708203932499369,8.54400374531753,10.44030650891055,10.44030650891055,11.180339887498949,10.0,10.04987562112089,0.0,0.0,0.0,0.0,0.0,0.0,0.0,0.0,0.0,0.0,0.0,10.0,11.180339887498949,11.40175425099138,11.180339887498949,11.0,9.055385138137417,8.246211251235321,6.324555320336759,4.47213595499958,2.23606797749979,1.0,4.123105625617661,6.708203932499369,10.295630140987,12.529964086141668,14.7648230602334,17.0,18.35755975068582,20.591260281974,20.591260281974,20.591260281974,18.788294228055936,15.652475842498529,13.92838827718412,11.40175425099138,6.082762530298219
1784879581.515455,-56,0.0,17.0,12.083045973594572,8.246211251235321,3.0,3.0,5.830951894845301,9.219544457292887,12.727922061357855,14.212670403551895,15.0,16.64331697709324,17.204650534085253,17.204650534085253,15.811388300841896,13.601470508735444,11.40175425099138,10.0,6.4031242374328485,4.242640687119285,1.4142135623730951,1.0,3.0,6.082762530298219,7.0710678118654755,9.055385138137417,10.0,0.0,0.0,0.0,0.0,0.0,0.0,0.0,0.0,0.0,0.0,0.0,5.0,7.211102550927978,8.54400374531753,10.44030650891055,11.045361017187261,12.0,12.041594578792296,12.165525060596439,12.36931687685298,11.704699910719626,9.848857801796104,7.615773105863909,6.324555320336759,3.1622776601683795,1.0,4.47213595499958,8.06225774829855,11.661903789690601,15.811388300841896,18.867962264113206,21.095023109728988,23.323807579381203,24.186773244895647,26.419689627245813,25.059928172283335,22.825424421026653
1784879581.624341,-56,0.0,27.202941017470888,27.202941017470888,24.041630560342615,18.973665961010276,16.492422502470642,12.165525060596439,8.06225774829855,4.123105625617661,2.0,5.0,7.810249675906654,10.63014581273465,12.806248474865697,14.212670403551895,15.0,15.620499351813308,15.556349186104045,13.45362404707371,12.041594578792296,10.0,8.06225774829855,7.211102550927978,4.47213595499958,2.8284271247461903,1.0,3.1622776601683795,0.0,0.0,0.0,0.0,0.0,0.0,0.0,0.0,0.0,0.0,0.0,3.605551275463989,2.0,1.0,3.605551275463989,6.4031242374328485,7.810249675906654,9.433981132056603,12.083045973594572,13.601470508735444,15.297058540778355,16.1245154965971,16.1245154965971,16.0312195418814,15.033296378372908,13.038404810405298,10.04987562112089,7.0710678118654755,3.1622776601683795,3.0,5.656854249492381,9.848857801796104,13.92838827718412,17.72004514666935,22.135943621178654,25.298221281347036,27.202941017470888
1784879581.733841,-56,0.0,29.614185789921695,28.635642126552707,25.709920264364882,20.615528128088304,17.72004514666935,13.0,8.94427190999916,4.242640687119285,2.23606797749979,5.0990195135927845,9.055385138137417,12.041594578792296,14.035668847618199,15.033296378372908,16.0,17.029386365926403,16.0312195418814,15.132745950421556,13.152946437965905,11.40175425099138,9.486832980505138,7.615773105863909,5.385164807134504,3.1622776601683795,0.0,2.23606797749979,0.0,0.0,0.0,0.0,0.0,0.0,0.0,0.0,0.0,0.0,0.0,4.47213595499958,2.8284271247461903,1.0,3.1622776601683795,5.830951894845301,7.810249675906654,9.899494936611665,12.206555615733702,14.422205101855956,16.55294535724685,17.08800749063506,17.08800749063506,17.08800749063506,15.811388300841896,13.601470508735444,10.44030650891055,7.280109889280518,3.1622776601683795,1.4142135623730951,5.0,10.04987562112089,15.132745950421556,18.439088914585774,23.345235059857504,27.459060435491963,28.635642126552707
1784879581.841609,-55,0.0,22.20360331117452,23.430749027719962,24.20743687382041,22.20360331117452,23.021728866442675,21.633307652783937,18.027756377319946,14.7648230602334,11.661903789690601,8.06225774829855,4.47213595499958,2.0,2.23606797749979,5.0,7.211102550927978,9.433981132056603,11.40175425099138,12.206555615733702,12.806248474865697,12.041594578792296,12.041594578792296,12.041594578792296,11.40175425099138,9.433981132056603,8.06225774829855,5.385164807134504,0.0,0.0,0.0,0.0,0.0,0.0,0.0,0.0,0.0,0.0,0.0,10.04987562112089,9.055385138137417,8.246211251235321,5.385164807134504,3.605551275463989,2.0,2.23606797749979,4.0,6.324555320336759,9.433981132056603,11.661903789690601,14.422205101855956,15.811388300841896,17.804493814764857,18.601075237738275,17.804493814764857,16.401219466856727,15.811388300841896,14.422205101855956,11.661903789690601,8.94427190999916,5.0990195135927845,1.4142135623730951,4.47213595499958,9.219544457292887,12.806248474865697
1784879581.975935,-56,0.0,30.4138126514911,28.284271247461902,25.179356624028344,21.213203435596427,17.029386365926403,12.0,7.0710678118654755,3.605551275463989,2.8284271247461903,6.708203932499369,10.770329614269007,13.92838827718412,16.15549442140351,17.08800749063506,18.027756377319946,18.384776310850235,18.788294228055936,16.55294535724685,14.7648230602334,11.661903789690601,10.0,8.602325267042627,5.830951894845301,3.1622776601683795,1.4142135623730951,4.123105625617661,0.0,0.0,0.0,0.0,0.0,0.0,0.0,0.0,0.0,0.0,0.0,3.605551275463989,1.4142135623730951,1.4142135623730951,4.242640687119285,7.810249675906654,10.0,11.661903789690601,14.7648230602334,16.15549442140351,18.681541692269406,19.4164878389476,19.4164878389476,19.235384061671343,18.24828759089466,16.1245154965971,12.041594578792296,9.055385138137417,5.0990195135927845,2.23606797749979,5.0,9.486832980505138,14.317821063276353,19.1049731745428,24.331050121192877,28.284271247461902,30.14962686336267
1784879582.083827,-56,0.0,19.4164878389476,23.600847442411894,24.413111231467404,23.600847442411894,23.600847442411894,21.633307652783937,18.867962264113206,16.64331697709324,11.661903789690601,9.433981132056603,5.830951894845301,3.0,2.23606797749979,4.47213595499958,6.4031242374328485,9.219544457292887,10.816653826391969,11.40175425099138,12.206555615733702,11.661903789690601,12.083045973594572,11.704699910719626,11.40175425099138,10.198039027185569,8.0,6.0,0.0,0.0,0.0,0.0,0.0,0.0,0.0,0.0,0.0,0.0,0.0,9.899494936611665,8.602325267042627,8.06225774829855,6.324555320336759,4.123105625617661,1.0,1.4142135623730951,4.123105625617661,6.0,9.055385138137417,11.180339887498949,14.317821063276353,16.76305461424021,18.027756377319946,18.027756377319946,18.027756377319946,18.027756377319946,16.76305461424021,15.524174696260024,13.341664064126334,10.04987562112089,7.0,2.23606797749979,5.0990195135927845,8.602325267042627,13.45362404707371
1784879582.193428,-55,0.0,18.973665961010276,24.041630560342615,24.351591323771842,23.08679276123039,23.40939982143925,20.248456731316587,19.313207915827967,16.15549442140351,12.083045973594572,8.54400374531753,5.385164807134504,2.8284271247461903,1.4142135623730951,4.0,6.324555320336759,8.246211251235321,10.198039027185569,11.180339887498949,11.045361017187261,11.045361017187261,12.0,11.045361017187261,10.04987562112089,9.219544457292887,7.615773105863909,5.385164807134504,0.0,0.0,0.0,0.0,0.0,0.0,0.0,0.0,0.0,0.0,0.0,10.198039027185569,8.54400374531753,8.06225774829855,6.4031242374328485,4.242640687119285,2.23606797749979,1.4142135623730951,3.1622776601683795,5.656854249492381,8.602325267042627,11.40175425099138,13.038404810405298,15.652475842498529,17.0,17.88854381999832,17.0,16.55294535724685,15.652475842498529,13.892443989449804,12.206555615733702,8.602325267042627,5.0,1.0,5.0990195135927845,9.055385138137417,13.341664064126334
1784879582.302905,-56,0.0,18.788294228055936,22.847319317591726,23.769728648009426,22.847319317591726,22.847319317591726,21.02379604162864,18.788294228055936,15.652475842498529,11.661903789690601,9.433981132056603,5.656854249492381,3.1622776601683795,2.8284271247461903,5.385164807134504,7.0,9.055385138137417,11.0,12.0,12.0,12.041594578792296,12.165525060596439,12.165525060596439,11.40175425099138,10.770329614269007,8.94427190999916,7.211102550927978,0.0,0.0,0.0,0.0,0.0,0.0,0.0,0.0,0.0,0.0,0.0,11.045361017187261,10.04987562112089,9.219544457292887,7.280109889280518,4.47213595499958,2.23606797749979,0.0,2.8284271247461903,5.656854249492381,8.602325267042627,10.816653826391969,13.038404810405298,16.1245154965971,17.0,17.88854381999832,17.88854381999832,17.88854381999832,15.652475842498529,14.7648230602334,13.038404810405298,9.433981132056603,5.656854249492381,1.4142135623730951,3.0,8.246211251235321,12.649110640673518
1784879582.4104362,-55,0.0,17.11724276862369,12.36931687685298,8.54400374531753,2.8284271247461903,3.605551275463989,6.708203932499369,10.44030650891055,13.341664064126334,14.142135623730951,16.1245154965971,17.11724276862369,18.110770276274835,17.11724276862369,16.1245154965971,14.142135623730951,12.165525060596439,10.198039027185569,7.280109889280518,4.123105625617661,2.23606797749979,1.0,2.8284271247461903,5.0,7.211102550927978,8.06225774829855,9.848857801796104,0.0,0.0,0.0,0.0,0.0,0.0,0.0,0.0,0.0,0.0,0.0,5.0,7.0710678118654755,8.94427190999916,10.816653826391969,12.041594578792296,12.041594578792296,12.206555615733702,13.038404810405298,12.529964086141668,12.083045973594572,10.770329614269007,8.246211251235321,6.324555320336759,3.1622776601683795,1.0,4.123105625617661,8.246211251235321,11.180339887498949,16.1245154965971,19.235384061671343,22.20360331117452,24.186773244895647,24.331050121192877,26.30589287593181,26.30589287593181,24.331050121192877
1784879582.627869,-55,0.0,26.92582403567252,26.92582403567252,24.186773244895647,20.248456731316587,17.0,12.083045973594572,8.246211251235321,5.0,2.23606797749979,5.385164807134504,8.06225774829855,11.661903789690601,13.038404810405298,15.811388300841896,15.0,15.811388300841896,16.64331697709324,14.7648230602334,13.0,10.770329614269007,10.44030650891055,8.246211251235321,6.082762530298219,4.123105625617661,1.4142135623730951,1.4142135623730951,0.0,0.0,0.0,0.0,0.0,0.0,0.0,0.0,0.0,0.0,0.0,5.656854249492381,2.8284271247461903,0.0,2.23606797749979,5.0990195135927845,7.0710678118654755,9.055385138137417,12.0,14.035668847618199,15.297058540778355,16.492422502470642,16.76305461424021,16.76305461424021,15.811388300841896,13.92838827718412,10.770329614269007,8.54400374531753,4.47213595499958,2.23606797749979,3.605551275463989,8.602325267042627,13.038404810405298,16.1245154965971,21.095023109728988,24.698178070456937,26.92582403567252
1784879582.739912,-55,0.0,21.93171219946131,23.706539182259394,24.596747752497688,22.847319317591726,22.847319317591726,21.540659228538015,19.313207915827967,16.76305461424021,12.649110640673518,9.486832980505138,6.324555320336759,3.0,2.0,3.605551275463989,5.830951894845301,8.06225774829855,10.0,11.40175425099138,11.40175425099138,11.313708498984761,11.313708498984761,11.40175425099138,10.816653826391969,9.433981132056603,7.615773105863909,6.082762530298219,0.0,0.0,0.0,0.0,0.0,0.0,0.0,0.0,0.0,0.0,0.0,11.180339887498949,9.848857801796104,9.219544457292887,7.0710678118654755,5.0,3.1622776601683795,1.0,2.23606797749979,5.0,8.246211251235321,10.198039027185569,12.649110640673518,14.866068747318506,17.08800749063506,18.027756377319946,17.08800749063506,17.08800749063506,15.811388300841896,14.560219778561036,12.36931687685298,9.219544457292887,5.0,1.4142135623730951,4.242640687119285,8.602325267042627,12.529964086141668
1784879582.876137,-55,0.0,27.65863337187866,26.248809496813376,23.430749027719962,18.439088914585774,15.556349186104045,12.041594578792296,7.211102550927978,3.0,3.0,6.708203932499369,8.94427190999916,12.529964086141668,14.7648230602334,16.1245154965971,16.1245154965971,17.0,17.0,15.231546211727817,13.92838827718412,11.704699910719626,9.486832980505138,8.246211251235321,6.324555320336759,3.605551275463989,1.0,2.23606797749979,0.0,0.0,0.0,0.0,0.0,0.0,0.0,0.0,0.0,0.0,0.0,4.123105625617661,2.0,1.0,3.1622776601683795,6.082762530298219,8.246211251235321,10.770329614269007,13.0,14.7648230602334,17.204650534085253,17.804493814764857,17.804493814764857,18.439088914585774,17.029386365926403,14.866068747318506,12.041594578792296,9.219544457292887,5.656854249492381,2.0,3.1622776601683795,8.06225774829855,12.206555615733702,16.278820596099706,21.400934559032695,24.20743687382041,26.248809496813376
1784879582.984915,-54,0.0,2.23606797749979,7.0710678118654755,11.0,14.142135623730951,17.11724276862369,19.235384061671343,20.223748416156685,20.396078054371138,18.439088914585774,17.46424919657298,15.524174696260024,14.560219778561036,11.40175425099138,8.54400374531753,5.385164807134504,2.8284271247461903,2.0,3.605551275463989,6.324555320336759,7.615773105863909,9.848857801796104,10.816653826391969,12.206555615733702,12.041594578792296,12.041594578792296,12.206555615733702,0.0,0.0,0.0,0.0,0.0,0.0,0.0,0.0,0.0,0.0,0.0,11.0,12.041594578792296,12.36931687685298,13.0,12.083045973594572,10.816653826391969,8.602325267042627,7.810249675906654,5.656854249492381,3.605551275463989,1.4142135623730951,3.1622776601683795,6.082762530298219,9.219544457292887,12.649110640673518,14.866068747318506,18.027756377319946,18.973665961010276,21.18962010041709,22.135943621178654,21.540659228538015,20.248456731316587,18.027756377319946,16.15549442140351,12.083045973594572,7.615773105863909
1784879583.2010481,-54,0.0,4.0,8.06225774829855,12.041594578792296,15.033296378372908,18.0,20.024984394500787,20.024984394500787,20.09975124224178,19.1049731745428,18.110770276274835,16.1245154965971,15.132745950421556,12.165525060596439,9.219544457292887,6.082762530298219,3.1622776601683795,2.0,2.8284271247461903,5.0,6.708203932499369,8.06225774829855,10.0,10.63014581273465,12.041594578792296,11.40175425099138,11.661903789690601,0.0,0.0,0.0,0.0,0.0,0.0,0.0,0.0,0.0,0.0,0.0,11.40175425099138,12.083045973594572,13.038404810405298,12.206555615733702,12.041594578792296,10.63014581273465,8.602325267042627,8.06225774829855,5.830951894845301,3.605551275463989,0.0,2.0,5.0,9.055385138137417,11.180339887498949,13.152946437965905,15.297058540778355,17.26267650163207,19.4164878389476,20.396078054371138,20.396078054371138,19.4164878389476,16.278820596099706,14.560219778561036,11.40175425099138,7.280109889280518
1784879583.3091059,-55,0.0,28.0178514522438,27.073972741361768,25.019992006393608,20.024984394500787,17.0,13.038404810405298,8.246211251235321,5.0,2.0,5.0,8.06225774829855,10.295630140987,13.416407864998739,14.317821063276353,15.231546211727817,15.652475842498529,16.1245154965971,13.892443989449804,12.206555615733702,10.63014581273465,9.219544457292887,7.810249675906654,5.656854249492381,2.8284271247461903,1.0,2.0,0.0,0.0,0.0,0.0,0.0,0.0,0.0,0.0,0.0,0.0,0.0,5.385164807134504,2.8284271247461903,0.0,2.23606797749979,4.242640687119285,6.4031242374328485,8.602325267042627,11.180339887498949,13.0,15.811388300841896,15.524174696260024,16.278820596099706,16.278820596099706,15.297058540778355,13.152946437965905,10.04987562112089,8.06225774829855,4.123105625617661,2.23606797749979,4.123105625617661,8.06225774829855,13.038404810405298,17.0,21.095023109728988,25.079872407968907,27.018512172212592
1784879583.3127182,-55,0.0,27.0,27.0,24.0,20.0,16.0312195418814,12.041594578792296,7.280109889280518,4.242640687119285,2.23606797749979,5.830951894845301,8.94427190999916,12.083045973594572,14.317821063276353,16.15549442140351,16.15549442140351,16.55294535724685,17.88854381999832,14.7648230602334,13.892443989449804,12.206555615733702,10.0,9.219544457292887,6.4031242374328485,4.242640687119285,1.0,2.23606797749979,0.0,0.0,0.0,0.0,0.0,0.0,0.0,0.0,0.0,0.0,0.0,5.0,2.23606797749979,1.0,2.8284271247461903,5.0,7.810249675906654,10.0,12.206555615733702,14.7648230602334,17.08800749063506,17.08800749063506,17.72004514666935,17.72004514666935,16.492422502470642,14.560219778561036,12.36931687685298,9.219544457292887,5.0990195135927845,2.8284271247461903,3.1622776601683795,8.06225774829855,12.0,16.0312195418814,21.02379604162864,25.0,27.0
1784879583.420795,-54,0.0,4.0,8.54400374531753,12.36931687685298,15.033296378372908,17.11724276862369,20.09975124224178,20.024984394500787,20.024984394500787,19.0,18.0,16.0312195418814,14.035668847618199,11.045361017187261,9.055385138137417,5.0,3.0,0.0,2.0,4.0,6.082762530298219,8.06225774829855,9.486832980505138,10.770329614269007,11.180339887498949,10.295630140987,10.0,0.0,0.0,0.0,0.0,0.0,0.0,0.0,0.0,0.0,0.0,0.0,10.816653826391969,12.083045973594572,12.649110640673518,12.165525060596439,12.041594578792296,11.0,9.055385138137417,8.246211251235321,6.324555320336759,4.123105625617661,1.0,3.1622776601683795,5.0990195135927845,8.246211251235321,11.180339887498949,14.142135623730951,16.278820596099706,18.24828759089466,20.223748416156685,20.223748416156685,20.09975124224178,19.1049731745428,16.1245154965971,15.0,11.0,7.0710678118654755
1784879583.5294662,-55,0.0,21.02379604162864,22.135943621178654,23.40939982143925,21.93171219946131,21.93171219946131,21.02379604162864,18.788294228055936,15.652475842498529,11.180339887498949,8.06225774829855,5.0,2.23606797749979,2.23606797749979,4.0,7.280109889280518,9.219544457292887,11.180339887498949,12.165525060596439,12.165525060596439,12.041594578792296,12.0,12.041594578792296,11.045361017187261,10.198039027185569,8.54400374531753,6.708203932499369,0.0,0.0,0.0,0.0,0.0,0.0,0.0,0.0,0.0,0.0,0.0,10.0,9.055385138137417,8.246211251235321,6.324555320336759,4.47213595499958,1.4142135623730951,1.0,3.605551275463989,5.656854249492381,9.219544457292887,12.206555615733702,14.422205101855956,16.64331697709324,18.35755975068582,19.72308292331602,18.35755975068582,18.35755975068582,17.4928556845359,16.64331697709324,13.601470508735444,10.63014581273465,7.0710678118654755,2.23606797749979,3.1622776601683795,8.06225774829855,11.704699910719626
1784879583.6640372,-55,0.0,18.384776310850235,24.166091947189145,24.698178070456937,22.847319317591726,23.40939982143925,21.18962010041709,19.924858845171276,16.492422502470642,12.36931687685298,9.219544457292887,6.082762530298219,3.0,1.0,3.605551275463989,5.385164807134504,7.280109889280518,9.848857801796104,10.770329614269007,10.770329614269007,11.180339887498949,10.816653826391969,10.816653826391969,10.0,9.219544457292887,7.0710678118654755,5.0,0.0,0.0,0.0,0.0,0.0,0.0,0.0,0.0,0.0,0.0,0.0,11.40175425099138,10.04987562112089,9.0,7.0710678118654755,5.0990195135927845,3.605551275463989,1.0,2.23606797749979,5.0990195135927845,7.615773105863909,10.770329614269007,13.0,14.7648230602334,16.1245154965971,17.0,17.0,17.0,15.652475842498529,14.317821063276353,11.704699910719626,8.54400374531753,5.0990195135927845,1.0,4.242640687119285,8.602325267042627,13.892443989449804
1784879583.8796082,-56,0.0,25.553864678361276,26.419689627245813,22.825424421026653,18.35755975068582,15.231546211727817,10.770329614269007,7.280109889280518,3.1622776601683795,2.8284271247461903,5.830951894845301,9.433981132056603,11.661903789690601,13.892443989449804,15.264337522473747,16.1245154965971,16.1245154965971,16.64331697709324,15.264337522473747,13.601470508735444,11.40175425099138,9.899494936611665,8.48528137423857,5.656854249492381,3.605551275463989,1.0,2.0,0.0,0.0,0.0,0.0,0.0,0.0,0.0,0.0,0.0,0.0,0.0,4.0,2.23606797749979,1.4142135623730951,3.0,6.082762530298219,8.246211251235321,10.44030650891055,13.0,14.7648230602334,17.4928556845359,18.027756377319946,17.204650534085253,17.804493814764857,16.401219466856727,15.0,12.041594578792296,9.219544457292887,5.656854249492381,1.4142135623730951,2.8284271247461903,7.211102550927978,12.206555615733702,16.1245154965971,20.248456731316587,23.853720883753127,25.553864678361276
1784879583.9888132,-55,0.0,16.278820596099706,14.0,9.219544457292887,3.605551275463989,5.0990195135927845,9.219544457292887,12.041594578792296,15.0,16.64331697709324,18.027756377319946,18.867962264113206,19.72308292331602,19.72308292331602,18.027756377319946,15.811388300841896,13.601470508735444,12.206555615733702,7.810249675906654,5.656854249492381,2.23606797749979,1.4142135623730951,3.0,5.0,8.0,9.0,10.04987562112089,0.0,0.0,0.0,0.0,0.0,0.0,0.0,0.0,0.0,0.0,0.0,6.082762530298219,7.615773105863909,9.899494936611665,12.041594578792296,13.038404810405298,13.892443989449804,13.0,13.601470508735444,13.341664064126334,13.152946437965905,11.045361017187261,9.0,6.082762530298219,3.1622776601683795,1.4142135623730951,5.0,9.055385138137417,13.152946437965905,17.26267650163207,20.396078054371138,24.331050121192877,26.476404589747453,26.30589287593181,28.442925306655784,28.442925306655784,26.476404589747453
1784879584.097764,-55,0.0,17.88854381999832,13.601470508735444,8.06225774829855,3.1622776601683795,4.123105625617661,8.602325267042627,12.041594578792296,15.556349186104045,17.029386365926403,19.209372712298546,19.209372712298546,20.615528128088304,20.615528128088304,19.209372712298546,17.029386365926403,14.866068747318506,12.041594578792296,9.219544457292887,5.656854249492381,3.1622776601683795,2.23606797749979,4.47213595499958,6.324555320336759,9.219544457292887,10.44030650891055,12.083045973594572,0.0,0.0,0.0,0.0,0.0,0.0,0.0,0.0,0.0,0.0,0.0,7.211102550927978,9.219544457292887,11.40175425099138,13.892443989449804,15.231546211727817,14.866068747318506,15.297058540778355,15.132745950421556,15.0,15.0,13.038404810405298,10.04987562112089,8.0,4.123105625617661,2.23606797749979,4.47213595499958,8.06225774829855,12.083045973594572,17.0,20.12461179749811,23.259406699226016,26.832815729997478,26.832815729997478,28.635642126552707,28.635642126552707,25.495097567963924
1784879584.207774,-55,0.0,18.439088914585774,14.212670403551895,9.219544457292887,3.1622776601683795,3.605551275463989,7.0710678118654755,11.180339887498949,14.560219778561036,16.15549442140351,18.384776310850235,19.697715603592208,20.615528128088304,19.697715603592208,19.697715603592208,16.55294535724685,14.866068747318506,13.0,9.486832980505138,6.324555320336759,4.47213595499958,2.23606797749979,3.1622776601683795,5.0,7.0710678118654755,9.219544457292887,10.63014581273465,0.0,0.0,0.0,0.0,0.0,0.0,0.0,0.0,0.0,0.0,0.0,8.06225774829855,10.44030650891055,12.165525060596439,14.0,15.033296378372908,15.297058540778355,14.560219778561036,14.866068747318506,14.317821063276353,13.416407864998739,10.816653826391969,8.602325267042627,5.830951894845301,3.0,3.0,5.830951894845301,10.0,13.601470508735444,18.027756377319946,21.633307652783937,25.0,27.202941017470888,27.202941017470888,29.206163733020468,29.206163733020468,25.80697580112788
1784879584.4500139,-55,0.0,18.867962264113206,24.698178070456937,23.853720883753127,23.323807579381203,22.47220505424423,21.095023109728988,18.867962264113206,15.811388300841896,12.206555615733702,9.219544457292887,6.4031242374328485,5.0990195135927845,5.0,5.830951894845301,8.246211251235321,10.198039027185569,12.36931687685298,12.165525060596439,12.649110640673518,12.649110640673518,13.0,12.529964086141668,12.206555615733702,11.40175425099138,9.219544457292887,7.810249675906654,0.0,0.0,0.0,0.0,0.0,0.0,0.0,0.0,0.0,0.0,0.0,10.0,9.219544457292887,8.602325267042627,5.830951894845301,4.47213595499958,2.23606797749979,1.0,3.1622776601683795,6.324555320336759,9.486832980505138,11.704699910719626,13.0,15.652475842498529,17.0,17.4928556845359,16.64331697709324,16.64331697709324,15.264337522473747,13.892443989449804,11.661903789690601,8.94427190999916,5.0,2.23606797749979,6.082762530298219,10.770329614269007,14.7648230602334
1784879584.558828,-55,0.0,18.384776310850235,14.212670403551895,9.433981132056603,4.0,4.47213595499958,8.0,12.165525060596439,15.524174696260024,16.76305461424021,18.973665961010276,19.313207915827967,20.248456731316587,19.924858845171276,18.973665961010276,16.76305461424021,14.560219778561036,12.36931687685298,8.246211251235321,5.385164807134504,2.8284271247461903,3.0,4.47213595499958,6.4031242374328485,8.602325267042627,10.816653826391969,12.529964086141668,0.0,0.0,0.0,0.0,0.0,0.0,0.0,0.0,0.0,0.0,0.0,7.0710678118654755,9.219544457292887,11.661903789690601,13.92838827718412,14.317821063276353,15.132745950421556,15.033296378372908,15.033296378372908,15.132745950421556,14.317821063276353,12.36931687685298,10.44030650891055,7.0710678118654755,5.0990195135927845,3.1622776601683795,5.0,9.219544457292887,12.727922061357855,17.69180601295413,20.518284528683193,24.758836806279895,26.1725046566048,26.870057685088806,29.0,29.0,25.495097567963924
1784879584.6676219,-55,0.0,5.0990195135927845,9.219544457292887,13.0,14.142135623730951,17.26267650163207,19.4164878389476,20.396078054371138,19.4164878389476,18.439088914585774,16.492422502470642,15.297058540778355,13.341664064126334,11.40175425099138,8.54400374531753,5.385164807134504,2.8284271247461903,3.0,3.605551275463989,5.830951894845301,7.211102550927978,8.602325267042627,10.0,11.313708498984761,12.041594578792296,10.816653826391969,11.180339887498949,0.0,0.0,0.0,0.0,0.0,0.0,0.0,0.0,0.0,0.0,0.0,10.63014581273465,11.661903789690601,11.704699910719626,11.40175425099138,10.198039027185569,9.0,7.0,6.082762530298219,3.0,2.23606797749979,2.23606797749979,5.0,7.810249675906654,10.63014581273465,13.45362404707371,15.556349186104045,17.69180601295413,19.1049731745428,21.2602916254693,21.2602916254693,20.518284528683193,20.518284528683193,17.029386365926403,15.556349186104045,12.041594578792296,7.810249675906654
1784879584.909268,-55,0.0,6.082762530298219,11.045361017187261,14.317821063276353,16.15549442140351,18.973665961010276,21.540659228538015,21.540659228538015,20.615528128088304,19.697715603592208,17.46424919657298,16.55294535724685,14.7648230602334,11.180339887498949,9.433981132056603,5.830951894845301,2.8284271247461903,2.23606797749979,3.1622776601683795,6.082762530298219,7.0710678118654755,8.246211251235321,10.44030650891055,11.704699910719626,11.661903789690601,10.816653826391969,10.63014581273465,0.0,0.0,0.0,0.0,0.0,0.0,0.0,0.0,0.0,0.0,0.0,10.770329614269007,11.40175425099138,12.041594578792296,12.041594578792296,11.180339887498949,9.486832980505138,7.615773105863909,5.830951894845301,4.242640687119285,1.4142135623730951,1.0,4.47213595499958,7.0710678118654755,11.313708498984761,13.45362404707371,15.556349186104045,17.69180601295413,19.1049731745428,20.518284528683193,21.93171219946131,21.213203435596427,19.79898987322333,16.278820596099706,14.866068747318506,11.40175425099138,5.830951894845301
1784879585.017515,-55,0.0,4.47213595499958,9.219544457292887,13.038404810405298,15.0,18.0,19.026297590440446,20.024984394500787,20.09975124224178,18.110770276274835,17.11724276862369,15.132745950421556,14.142135623730951,11.180339887498949,8.246211251235321,5.0990195135927845,2.23606797749979,2.0,2.8284271247461903,4.47213595499958,5.830951894845301,8.06225774829855,10.0,10.63014581273465,10.63014581273465,10.0,10.295630140987,0.0,0.0,0.0,0.0,0.0,0.0,0.0,0.0,0.0,0.0,0.0,10.0,11.180339887498949,11.704699910719626,11.180339887498949,10.816653826391969,9.219544457292887,7.810249675906654,6.4031242374328485,4.47213595499958,2.23606797749979,1.0,3.605551275463989,6.708203932499369,9.848857801796104,12.083045973594572,14.317821063276353,16.15549442140351,17.46424919657298,19.313207915827967,19.697715603592208,19.697715603592208,17.88854381999832,15.231546211727817,13.416407864998739,10.816653826391969,5.656854249492381
1784879585.1271648,-55,0.0,28.0178514522438,25.0,22.02271554554524,17.029386365926403,14.035668847618199,10.198039027185569,5.385164807134504,2.23606797749979,4.123105625617661,7.0710678118654755,10.0,13.038404810405298,15.033296378372908,16.0312195418814,17.029386365926403,17.029386365926403,17.029386365926403,15.132745950421556,13.152946437965905,11.180339887498949,9.219544457292887,7.0710678118654755,5.0990195135927845,3.1622776601683795,2.23606797749979,4.0,0.0,0.0,0.0,0.0,0.0,0.0,0.0,0.0,0.0,0.0,0.0,2.8284271247461903,1.0,2.23606797749979,4.242640687119285,7.211102550927978,9.433981132056603,11.180339887498949,13.0,14.866068747318506,17.46424919657298,17.26267650163207,17.11724276862369,17.11724276862369,15.132745950421556,13.152946437965905,10.04987562112089,7.0710678118654755,3.0,1.4142135623730951,5.0990195135927845,10.04987562112089,14.035668847618199,18.0,22.0,25.0,27.018512172212592
1784879585.2359731,-55,0.0,18.601075237738275,22.80350850198276,23.600847442411894,22.02271554554524,21.400934559032695,19.4164878389476,18.027756377319946,14.422205101855956,10.295630140987,7.615773105863909,4.123105625617661,3.1622776601683795,3.0,5.385164807134504,7.211102550927978,9.433981132056603,11.661903789690601,11.661903789690601,12.529964086141668,12.529964086141668,12.083045973594572,11.704699910719626,11.40175425099138,10.198039027185569,8.06225774829855,6.0,0.0,0.0,0.0,0.0,0.0,0.0,0.0,0.0,0.0,0.0,0.0,10.63014581273465,9.433981132056603,8.06225774829855,6.324555320336759,3.1622776601683795,1.0,1.0,4.0,7.0710678118654755,10.44030650891055,12.649110640673518,14.866068747318506,16.55294535724685,17.88854381999832,18.788294228055936,17.88854381999832,17.88854381999832,17.0,14.317821063276353,13.0,9.486832980505138,5.0990195135927845,1.0,4.47213595499958,9.219544457292887,13.45362404707371
1784879585.3450198,-56,0.0,18.973665961010276,23.40939982143925,23.40939982143925,22.135943621178654,22.135943621178654,19.924858845171276,18.681541692269406,15.524174696260024,11.40175425099138,9.219544457292887,6.0,4.123105625617661,2.23606797749979,4.47213595499958,5.656854249492381,7.810249675906654,9.219544457292887,10.63014581273465,9.899494936611665,10.63014581273465,10.816653826391969,10.816653826391969,10.295630140987,8.94427190999916,7.280109889280518,5.0990195135927845,0.0,0.0,0.0,0.0,0.0,0.0,0.0,0.0,0.0,0.0,0.0,10.295630140987,9.219544457292887,7.810249675906654,5.830951894845301,4.47213595499958,2.0,1.0,3.605551275463989,5.385164807134504,8.246211251235321,11.180339887498949,13.038404810405298,15.0,16.0,17.0,16.0312195418814,16.0312195418814,14.035668847618199,13.0,11.045361017187261,8.06225774829855,4.47213595499958,2.0,5.656854249492381,9.433981132056603,14.317821063276353
1784879585.427215,-56,0.0,17.4928556845359,22.825424421026653,22.825424421026653,21.470910553583888,21.470910553583888,19.72308292331602,18.867962264113206,15.264337522473747,12.206555615733702,8.602325267042627,6.4031242374328485,3.605551275463989,2.23606797749979,4.123105625617661,6.082762530298219,8.06225774829855,10.04987562112089,11.180339887498949,12.041594578792296,12.041594578792296,12.0,12.041594578792296,12.165525060596439,11.40175425099138,9.486832980505138,8.06225774829855,0.0,0.0,0.0,0.0,0.0,0.0,0.0,0.0,0.0,0.0,0.0,8.54400374531753,7.0710678118654755,6.0,4.0,2.0,1.0,3.1622776601683795,5.385164807134504,8.06225774829855,10.63014581273465,12.806248474865697,14.866068747318506,16.97056274847714,17.69180601295413,17.69180601295413,17.69180601295413,16.278820596099706,14.866068747318506,14.142135623730951,12.041594578792296,8.602325267042627,5.385164807134504,1.0,5.0,9.219544457292887,13.0
1784879585.4549801,-56,0.0,27.018512172212592,26.40075756488817,23.600847442411894,19.209372712298546,15.811388300841896,11.661903789690601,7.280109889280518,4.123105625617661,3.1622776601683795,6.324555320336759,8.94427190999916,12.083045973594572,13.416407864998739,15.652475842498529,16.1245154965971,16.1245154965971,16.55294535724685,14.317821063276353,12.649110640673518,11.40175425099138,9.219544457292887,8.246211251235321,6.082762530298219,3.1622776601683795,1.4142135623730951,1.4142135623730951,0.0,0.0,0.0,0.0,0.0,0.0,0.0,0.0,0.0,0.0,0.0,4.47213595499958,2.0,0.0,3.1622776601683795,5.0990195135927845,8.06225774829855,10.0,12.041594578792296,13.341664064126334,15.811388300841896,16.15549442140351,16.55294535724685,16.55294535724685,15.652475842498529,13.416407864998739,10.295630140987,7.211102550927978,3.605551275463989,1.0,5.0,9.219544457292887,14.212670403551895,17.204650534085253,22.02271554554524,25.612496949731394,27.80287754891569
1784879585.567999,-56,0.0,16.97056274847714,12.206555615733702,8.06225774829855,4.0,4.47213595499958,7.0710678118654755,10.44030650891055,12.649110640673518,14.317821063276353,15.652475842498529,15.652475842498529,17.0,17.0,15.652475842498529,13.416407864998739,12.083045973594572,9.848857801796104,6.708203932499369,4.47213595499958,1.4142135623730951,1.4142135623730951,3.605551275463989,5.385164807134504,6.708203932499369,8.06225774829855,10.0,0.0,0.0,0.0,0.0,0.0,0.0,0.0,0.0,0.0,0.0,0.0,5.656854249492381,7.211102550927978,9.486832980505138,11.180339887498949,12.041594578792296,13.0,13.152946437965905,13.341664064126334,12.649110640673518,11.704699910719626,10.295630140987,8.06225774829855,5.385164807134504,3.0,2.0,5.656854249492381,8.48528137423857,12.727922061357855,16.278820596099706,19.1049731745428,22.627416997969522,24.041630560342615,24.041630560342615,25.45584412271571,25.45584412271571,24.041630560342615
1784879585.677469,-56,0.0,3.605551275463989,8.94427190999916,12.649110640673518,14.560219778561036,17.46424919657298,18.439088914585774,19.4164878389476,19.4164878389476,17.26267650163207,16.278820596099706,15.132745950421556,13.038404810405298,11.045361017187261,8.0,5.0,2.23606797749979,2.0,2.8284271247461903,5.0,6.4031242374328485,8.48528137423857,10.0,10.816653826391969,11.180339887498949,10.770329614269007,10.198039027185569,0.0,0.0,0.0,0.0,0.0,0.0,0.0,0.0,0.0,0.0,0.0,10.04987562112089,11.045361017187261,11.40175425099138,11.180339887498949,10.295630140987,9.219544457292887,7.0710678118654755,6.4031242374328485,3.605551275463989,1.4142135623730951,1.4142135623730951,4.47213595499958,7.280109889280518,10.44030650891055,13.341664064126334,15.524174696260024,17.46424919657298,18.681541692269406,20.615528128088304,21.587033144922902,20.615528128088304,19.6468827043885,16.492422502470642,15.811388300841896,12.083045973594572,7.211102550927978
1784879585.812085,-56,0.0,27.784887978899608,27.294688127912362,24.186773244895647,19.235384061671343,16.55294535724685,11.704699910719626,7.280109889280518,4.123105625617661,2.0,5.0,8.48528137423857,11.313708498984761,13.45362404707371,14.866068747318506,14.866068747318506,14.866068747318506,15.556349186104045,13.45362404707371,12.041594578792296,10.0,8.06225774829855,7.211102550927978,4.47213595499958,2.8284271247461903,1.4142135623730951,3.1622776601683795,0.0,0.0,0.0,0.0,0.0,0.0,0.0,0.0,0.0,0.0,0.0,4.123105625617661,2.23606797749979,1.0,3.605551275463989,6.324555320336759,8.246211251235321,10.04987562112089,12.0,14.035668847618199,16.278820596099706,16.492422502470642,16.76305461424021,15.811388300841896,14.866068747318506,12.649110640673518,9.848857801796104,6.324555320336759,3.1622776601683795,2.0,5.656854249492381,10.0,14.422205101855956,18.35755975068582,23.323807579381203,26.92582403567252,27.784887978899608
1784879585.9230878,-56,0.0,27.784887978899608,27.784887978899608,24.186773244895647,19.72308292331602,17.0,13.0,9.486832980505138,5.0,1.4142135623730951,3.605551275463989,7.0710678118654755,9.899494936611665,12.041594578792296,13.45362404707371,14.212670403551895,14.866068747318506,15.556349186104045,13.45362404707371,12.806248474865697,11.40175425099138,9.433981132056603,8.06225774829855,6.708203932499369,4.47213595499958,1.4142135623730951,1.4142135623730951,0.0,0.0,0.0,0.0,0.0,0.0,0.0,0.0,0.0,0.0,0.0,3.0,1.4142135623730951,2.23606797749979,4.47213595499958,7.0710678118654755,8.06225774829855,10.0,12.041594578792296,14.142135623730951,15.524174696260024,15.811388300841896,15.811388300841896,16.15549442140351,13.92838827718412,11.704699910719626,8.94427190999916,6.324555320336759,3.1622776601683795,2.0,5.656854249492381,10.0,14.422205101855956,17.4928556845359,22.47220505424423,26.076809620810597,26.92582403567252
1784879586.0329611,-44,0.0,14.866068747318506,9.433981132056603,5.656854249492381,2.23606797749979,4.47213595499958,7.0,10.0,13.038404810405298,14.142135623730951,15.132745950421556,16.278820596099706,17.26267650163207,16.278820596099706,15.297058540778355,13.152946437965905,11.180339887498949,10.198039027185569,7.0710678118654755,5.0990195135927845,2.23606797749979,2.23606797749979,3.1622776601683795,4.47213595499958,7.211102550927978,7.211102550927978,8.94427190999916,0.0,0.0,0.0,0.0,0.0,0.0,0.0,0.0,0.0,0.0,0.0,5.0990195135927845,7.0,9.219544457292887,10.44030650891055,12.083045973594572,12.529964086141668,13.038404810405298,12.806248474865697,12.727922061357855,12.727922061357855,10.63014581273465,8.602325267042627,6.4031242374328485,4.242640687119285,1.0,3.1622776601683795,6.324555320336759,8.94427190999916,13.0,16.15549442140351,18.384776310850235,20.615528128088304,20.615528128088304,22.847319317591726,22.847319317591726,21.02379604162864
1784879586.248497,-55,0.0,19.924858845171276,23.08679276123039,24.041630560342615,22.135943621178654,23.08679276123039,20.8806130178211,18.681541692269406,15.524174696260024,12.36931687685298,8.246211251235321,6.082762530298219,3.1622776601683795,2.0,4.242640687119285,5.830951894845301,8.06225774829855,10.0,10.816653826391969,10.816653826391969,10.63014581273465,10.63014581273465,10.63014581273465,10.0,8.602325267042627,6.708203932499369,5.385164807134504,0.0,0.0,0.0,0.0,0.0,0.0,0.0,0.0,0.0,0.0,0.0,9.899494936611665,8.602325267042627,8.06225774829855,6.324555320336759,4.123105625617661,2.23606797749979,1.0,3.1622776601683795,5.0990195135927845,8.0,10.0,12.0,15.033296378372908,16.1245154965971,17.11724276862369,16.1245154965971,16.1245154965971,14.142135623730951,13.038404810405298,11.0,8.0,4.47213595499958,1.0,5.0,9.433981132056603,13.92838827718412
1784879586.356319,-56,0.0,25.238858928247925,25.238858928247925,23.021728866442675,18.027756377319946,15.264337522473747,11.180339887498949,7.615773105863909,3.0,2.0,5.0,7.0710678118654755,10.63014581273465,12.727922061357855,14.142135623730951,14.142135623730951,15.556349186104045,14.866068747318506,14.212670403551895,12.806248474865697,11.40175425099138,9.433981132056603,8.06225774829855,5.830951894845301,3.605551275463989,2.23606797749979,2.23606797749979,0.0,0.0,0.0,0.0,0.0,0.0,0.0,0.0,0.0,0.0,0.0,2.0,1.0,3.605551275463989,5.385164807134504,8.246211251235321,10.198039027185569,11.0,13.038404810405298,14.142135623730951,15.524174696260024,16.492422502470642,15.811388300841896,15.811388300841896,14.866068747318506,12.649110640673518,9.486832980505138,6.324555320336759,3.0,2.0,5.830951894845301,9.899494936611665,13.45362404707371,16.64331697709324,21.400934559032695,24.413111231467404,26.627053911388696
1784879586.490419,-55,0.0,17.029386365926403,13.038404810405298,8.06225774829855,2.23606797749979,3.0,5.830951894845301,10.0,12.806248474865697,14.142135623730951,16.278820596099706,16.278820596099706,17.69180601295413,16.278820596099706,16.278820596099706,13.45362404707371,12.041594578792296,9.899494936611665,7.0710678118654755,4.242640687119285,1.4142135623730951,1.0,3.0,6.082762530298219,8.0,9.0,10.04987562112089,0.0,0.0,0.0,0.0,0.0,0.0,0.0,0.0,0.0,0.0,0.0,5.0,6.708203932499369,9.055385138137417,10.0,11.045361017187261,12.165525060596439,12.649110640673518,13.0,12.529964086141668,12.529964086141668,10.0,7.810249675906654,5.830951894845301,3.1622776601683795,1.0,4.242640687119285,7.810249675906654,11.40175425099138,15.556349186104045,19.1049731745428,21.93171219946131,23.430749027719962,24.839484696748443,26.248809496813376,25.612496949731394,24.20743687382041
1784879586.5995991,-56,0.0,17.26267650163207,13.0,8.06225774829855,3.605551275463989,4.123105625617661,7.0710678118654755,10.0,12.529964086141668,14.317821063276353,16.15549442140351,16.15549442140351,17.08800749063506,17.08800749063506,16.15549442140351,13.92838827718412,12.083045973594572,11.180339887498949,7.211102550927978,4.47213595499958,2.23606797749979,0.0,2.23606797749979,4.47213595499958,6.708203932499369,7.615773105863909,9.219544457292887,0.0,0.0,0.0,0.0,0.0,0.0,0.0,0.0,0.0,0.0,0.0,4.47213595499958,6.4031242374328485,9.219544457292887,10.816653826391969,12.083045973594572,11.704699910719626,12.36931687685298,13.152946437965905,13.038404810405298,13.0,11.045361017187261,9.055385138137417,6.0,3.0,0.0,4.0,8.06225774829855,11.045361017187261,15.297058540778355,18.24828759089466,21.37755832643195,24.331050121192877,24.331050121192877,26.30589287593181,26.30589287593181,23.194827009486403
1784879586.709206,-55,0.0,17.46424919657298,13.601470508735444,9.219544457292887,3.0,4.0,7.211102550927978,10.63014581273465,14.142135623730951,15.620499351813308,17.804493814764857,19.209372712298546,19.849433241279208,19.849433241279208,19.209372712298546,17.029386365926403,14.866068747318506,13.45362404707371,9.219544457292887,7.0710678118654755,5.0,2.0,2.8284271247461903,4.47213595499958,7.615773105863909,8.54400374531753,10.770329614269007,0.0,0.0,0.0,0.0,0.0,0.0,0.0,0.0,0.0,0.0,0.0,8.06225774829855,10.63014581273465,12.806248474865697,13.892443989449804,15.231546211727817,15.811388300841896,15.524174696260024,15.132745950421556,15.033296378372908,14.0,12.041594578792296,9.0,7.0710678118654755,3.1622776601683795,2.0,5.0,8.94427190999916,13.416407864998739,17.88854381999832,21.02379604162864,24.166091947189145,26.40075756488817,26.40075756488817,28.635642126552707,28.635642126552707,25.495097567963924
1784879586.818275,-55,0.0,5.385164807134504,10.198039027185569,13.92838827718412,16.1245154965971,19.235384061671343,21.470910553583888,21.95449840010015,21.095023109728988,20.248456731316587,18.027756377319946,15.811388300841896,15.0,11.40175425099138,9.219544457292887,5.656854249492381,2.8284271247461903,1.4142135623730951,3.0,5.0990195135927845,7.0710678118654755,9.055385138137417,10.0,11.045361017187261,12.165525060596439,11.40175425099138,10.770329614269007,0.0,0.0,0.0,0.0,0.0,0.0,0.0,0.0,0.0,0.0,0.0,11.40175425099138,12.041594578792296,13.0,12.165525060596439,12.36931687685298,10.770329614269007,8.94427190999916,7.211102550927978,5.0,2.8284271247461903,1.0,3.605551275463989,7.0710678118654755,10.63014581273465,13.45362404707371,16.278820596099706,18.384776310850235,19.79898987322333,21.93171219946131,23.345235059857504,22.627416997969522,21.213203435596427,16.97056274847714,15.620499351813308,12.206555615733702,7.211102550927978
1784879586.92734,-55,0.0,26.627053911388696,26.627053911388696,23.021728866442675,18.601075237738275,15.264337522473747,11.180339887498949,7.280109889280518,4.123105625617661,3.0,5.830951894845301,8.94427190999916,12.083045973594572,13.892443989449804,15.652475842498529,16.1245154965971,15.652475842498529,15.231546211727817,13.92838827718412,12.649110640673518,10.44030650891055,8.246211251235321,7.280109889280518,5.0990195135927845,3.605551275463989,2.0,3.1622776601683795,0.0,0.0,0.0,0.0,0.0,0.0,0.0,0.0,0.0,0.0,0.0,3.1622776601683795,1.0,1.4142135623730951,4.242640687119285,7.211102550927978,9.433981132056603,11.180339887498949,13.0,14.560219778561036,17.26267650163207,17.11724276862369,17.029386365926403,17.0,16.0,14.0,11.0,8.0,4.123105625617661,3.1622776601683795,5.830951894845301,9.219544457292887,13.601470508735444,17.4928556845359,21.633307652783937,25.238858928247925,26.92582403567252
1784879587.036187,-56,0.0,15.811388300841896,12.083045973594572,8.06225774829855,2.8284271247461903,4.242640687119285,7.280109889280518,10.04987562112089,13.038404810405298,14.0,16.0312195418814,16.0312195418814,17.029386365926403,16.0312195418814,15.033296378372908,13.038404810405298,11.0,10.0,6.0,4.0,1.0,1.0,3.605551275463989,5.0,7.0710678118654755,8.48528137423857,9.219544457292887,0.0,0.0,0.0,0.0,0.0,0.0,0.0,0.0,0.0,0.0,0.0,5.0,7.0710678118654755,8.94427190999916,10.816653826391969,11.40175425099138,11.313708498984761,12.041594578792296,12.206555615733702,12.529964086141668,12.083045973594572,9.848857801796104,8.54400374531753,5.385164807134504,2.23606797749979,1.0,4.123105625617661,8.246211251235321,11.40175425099138,15.297058540778355,18.439088914585774,21.587033144922902,23.769728648009426,23.769728648009426,25.96150997149434,25.0,22.80350850198276
1784879587.1451058,-55,0.0,4.47213595499958,10.0,13.416407864998739,15.524174696260024,18.027756377319946,20.615528128088304,20.615528128088304,20.396078054371138,19.4164878389476,18.24828759089466,16.278820596099706,15.132745950421556,12.041594578792296,10.04987562112089,6.0,3.0,2.23606797749979,2.8284271247461903,5.0,6.4031242374328485,7.810249675906654,9.899494936611665,11.40175425099138,12.206555615733702,11.180339887498949,11.704699910719626,0.0,0.0,0.0,0.0,0.0,0.0,0.0,0.0,0.0,0.0,0.0,11.704699910719626,12.529964086141668,12.806248474865697,12.727922061357855,11.40175425099138,9.433981132056603,7.615773105863909,6.324555320336759,3.1622776601683795,1.4142135623730951,2.23606797749979,5.0990195135927845,9.0,12.0,15.0,17.029386365926403,19.026297590440446,21.02379604162864,23.0,23.021728866442675,23.021728866442675,22.090722034374522,18.027756377319946,16.1245154965971,12.165525060596439,8.06225774829855
1784879587.2552059,-55,0.0,5.0990195135927845,10.0,14.142135623730951,15.811388300841896,18.973665961010276,21.540659228538015,22.47220505424423,21.93171219946131,19.697715603592208,18.788294228055936,16.55294535724685,14.7648230602334,12.529964086141668,9.433981132056603,5.830951894845301,2.8284271247461903,2.23606797749979,3.1622776601683795,5.0,7.0710678118654755,8.06225774829855,10.198039027185569,10.770329614269007,12.083045973594572,11.661903789690601,11.40175425099138,0.0,0.0,0.0,0.0,0.0,0.0,0.0,0.0,0.0,0.0,0.0,11.40175425099138,12.165525060596439,13.0,13.152946437965905,12.36931687685298,10.770329614269007,8.94427190999916,8.06225774829855,5.0,3.605551275463989,0.0,3.605551275463989,7.0710678118654755,10.63014581273465,14.212670403551895,16.278820596099706,18.439088914585774,20.615528128088304,22.80350850198276,23.430749027719962,22.67156809750927,21.2602916254693,18.439088914585774,16.278820596099706,12.727922061357855,7.810249675906654
1784879587.3891468,-55,0.0,3.1622776601683795,7.810249675906654,10.816653826391969,13.416407864998739,16.1245154965971,17.88854381999832,18.788294228055936,17.88854381999832,16.55294535724685,15.652475842498529,14.317821063276353,13.0,10.770329614269007,8.246211251235321,5.0990195135927845,3.0,2.8284271247461903,4.0,6.082762530298219,7.0710678118654755,9.055385138137417,10.0,11.045361017187261,11.180339887498949,10.44030650891055,10.770329614269007,0.0,0.0,0.0,0.0,0.0,0.0,0.0,0.0,0.0,0.0,0.0,11.180339887498949,11.40175425099138,12.041594578792296,12.0,12.165525060596439,10.198039027185569,8.54400374531753,7.615773105863909,5.385164807134504,4.0,1.4142135623730951,4.0,7.0710678118654755,10.198039027185569,12.36931687685298,14.317821063276353,16.492422502470642,18.439088914585774,20.396078054371138,21.37755832643195,21.37755832643195,19.4164878389476,17.26267650163207,15.524174696260024,12.649110640673518,7.615773105863909
1784879587.496622,-55,0.0,4.123105625617661,8.246211251235321,12.0,14.142135623730951,17.11724276862369,19.235384061671343,19.235384061671343,19.4164878389476,17.46424919657298,16.492422502470642,14.317821063276353,13.341664064126334,10.44030650891055,8.54400374531753,4.47213595499958,2.23606797749979,2.23606797749979,3.1622776601683795,5.385164807134504,7.280109889280518,8.54400374531753,10.295630140987,10.816653826391969,11.40175425099138,10.63014581273465,10.63014581273465,0.0,0.0,0.0,0.0,0.0,0.0,0.0,0.0,0.0,0.0,0.0,10.44030650891055,11.045361017187261,12.0,11.180339887498949,10.44030650891055,9.848857801796104,8.06225774829855,7.211102550927978,5.0,2.23606797749979,1.0,3.605551275463989,6.708203932499369,10.295630140987,13.892443989449804,15.264337522473747,17.4928556845359,19.72308292331602,21.95449840010015,21.95449840010015,21.95449840010015,21.095023109728988,17.4928556845359,15.811388300841896,12.206555615733702,7.810249675906654
1784879587.49719,-55,0.0,4.242640687119285,9.219544457292887,13.45362404707371,15.0,18.601075237738275,19.4164878389476,20.808652046684813,20.248456731316587,18.867962264113206,17.4928556845359,16.1245154965971,14.7648230602334,12.083045973594572,8.94427190999916,5.385164807134504,3.1622776601683795,2.23606797749979,3.0,4.123105625617661,6.324555320336759,7.280109889280518,9.219544457292887,10.198039027185569,11.045361017187261,10.04987562112089,10.198039027185569,0.0,0.0,0.0,0.0,0.0,0.0,0.0,0.0,0.0,0.0,0.0,10.816653826391969,11.313708498984761,12.206555615733702,12.529964086141668,12.083045973594572,10.44030650891055,9.219544457292887,8.06225774829855,6.0,4.0,0.0,3.0,6.324555320336759,9.219544457292887,12.36931687685298,14.317821063276353,16.492422502470642,18.439088914585774,19.6468827043885,20.615528128088304,20.615528128088304,19.4164878389476,16.492422502470642,15.132745950421556,11.045361017187261,7.0
1784879587.605183,-55,0.0,1.0,8.54400374531753,11.704699910719626,14.866068747318506,17.08800749063506,17.46424919657298,19.697715603592208,18.788294228055936,17.0,15.652475842498529,14.7648230602334,13.038404810405298,10.0,7.810249675906654,4.242640687119285,2.23606797749979,2.8284271247461903,4.123105625617661,6.082762530298219,7.0710678118654755,8.06225774829855,10.198039027185569,10.44030650891055,10.770329614269007,11.180339887498949,10.816653826391969,0.0,0.0,0.0,0.0,0.0,0.0,0.0,0.0,0.0,0.0,0.0,11.180339887498949,12.0,13.152946437965905,12.36931687685298,11.704699910719626,9.848857801796104,8.06225774829855,7.211102550927978,5.0,2.23606797749979,1.0,3.605551275463989,6.708203932499369,10.295630140987,12.529964086141668,15.264337522473747,17.0,18.867962264113206,20.591260281974,21.095023109728988,20.591260281974,18.867962264113206,16.64331697709324,14.422205101855956,10.63014581273465,5.656854249492381
1784879587.71377,-56,0.0,21.02379604162864,26.0,25.495097567963924,24.166091947189145,23.259406699226016,21.470910553583888,19.235384061671343,16.1245154965971,11.661903789690601,8.06225774829855,5.0,2.23606797749979,2.0,5.0990195135927845,7.615773105863909,9.848857801796104,11.704699910719626,11.704699910719626,12.649110640673518,12.36931687685298,12.165525060596439,12.041594578792296,11.045361017187261,9.0,7.0710678118654755,5.0990195135927845,0.0,0.0,0.0,0.0,0.0,0.0,0.0,0.0,0.0,0.0,0.0,10.198039027185569,8.94427190999916,8.06225774829855,6.4031242374328485,4.242640687119285,2.0,2.0,3.605551275463989,6.4031242374328485,10.0,12.206555615733702,14.422205101855956,16.1245154965971,18.35755975068582,18.35755975068582,18.35755975068582,17.0,16.1245154965971,14.422205101855956,12.206555615733702,8.48528137423857,5.0,1.4142135623730951,6.0,11.180339887498949,14.866068747318506
1784879587.954905,-55,0.0,15.132745950421556,11.704699910719626,7.211102550927978,3.0,5.656854249492381,9.433981132056603,13.0,15.811388300841896,17.72004514666935,18.681541692269406,18.681541692269406,19.6468827043885,18.681541692269406,17.72004514666935,14.866068747318506,13.601470508735444,11.40175425099138,8.246211251235321,5.0990195135927845,3.1622776601683795,3.605551275463989,5.0990195135927845,7.0,9.055385138137417,10.04987562112089,11.180339887498949,0.0,0.0,0.0,0.0,0.0,0.0,0.0,0.0,0.0,0.0,0.0,7.0710678118654755,9.0,11.180339887498949,13.341664064126334,14.317821063276353,14.7648230602334,14.422205101855956,15.0,14.142135623730951,14.142135623730951,11.40175425099138,9.219544457292887,7.0710678118654755,3.605551275463989,2.8284271247461903,5.0,8.06225774829855,12.36931687685298,16.278820596099706,20.223748416156685,22.360679774997898,25.317977802344327,24.331050121192877,26.476404589747453,26.30589287593181,23.194827009486403
1784879588.063915,-56,0.0,22.561028345356956,25.317977802344327,25.317977802344327,24.331050121192877,23.345235059857504,21.37755832643195,19.4164878389476,16.492422502470642,12.36931687685298,9.486832980505138,6.708203932499369,5.830951894845301,5.0,5.830951894845301,7.0710678118654755,9.899494936611665,12.041594578792296,12.041594578792296,12.041594578792296,12.041594578792296,12.206555615733702,12.529964086141668,12.083045973594572,10.770329614269007,8.246211251235321,7.0710678118654755,0.0,0.0,0.0,0.0,0.0,0.0,0.0,0.0,0.0,0.0,0.0,10.63014581273465,9.219544457292887,8.06225774829855,6.324555320336759,4.123105625617661,1.0,1.0,4.0,6.324555320336759,9.848857801796104,11.180339887498949,13.892443989449804,16.401219466856727,17.804493814764857,17.804493814764857,17.029386365926403,16.278820596099706,14.866068747318506,13.45362404707371,11.40175425099138,8.06225774829855,5.0,3.605551275463989,8.06225774829855,12.041594578792296,15.297058540778355
1784879588.173036,-55,0.0,28.600699292150182,27.80287754891569,25.0,20.615528128088304,18.601075237738275,14.422205101855956,10.295630140987,7.0710678118654755,3.605551275463989,5.385164807134504,7.0,11.0,13.038404810405298,15.033296378372908,15.033296378372908,16.0,16.0312195418814,14.142135623730951,13.341664064126334,11.40175425099138,9.848857801796104,8.94427190999916,6.708203932499369,4.47213595499958,2.0,1.4142135623730951,0.0,0.0,0.0,0.0,0.0,0.0,0.0,0.0,0.0,0.0,0.0,4.123105625617661,2.0,1.0,2.8284271247461903,5.0,7.810249675906654,9.899494936611665,11.40175425099138,13.892443989449804,15.652475842498529,16.15549442140351,16.76305461424021,16.492422502470642,16.492422502470642,14.560219778561036,11.180339887498949,8.246211251235321,5.830951894845301,4.47213595499958,5.385164807134504,8.48528137423857,13.601470508735444,16.64331697709324,21.633307652783937,25.238858928247925,27.459060435491963
1784879588.390545,-55,0.0,19.4164878389476,21.18962010041709,23.08679276123039,21.840329667841555,22.135943621178654,20.8806130178211,18.681541692269406,15.524174696260024,12.36931687685298,9.219544457292887,6.0,4.123105625617661,3.1622776601683795,4.123105625617661,7.211102550927978,9.219544457292887,10.816653826391969,12.206555615733702,12.206555615733702,12.529964086141668,12.083045973594572,12.649110640673518,12.36931687685298,11.180339887498949,9.0,7.0710678118654755,0.0,0.0,0.0,0.0,0.0,0.0,0.0,0.0,0.0,0.0,0.0,11.045361017187261,10.0,9.055385138137417,7.0710678118654755,5.0990195135927845,3.0,1.4142135623730951,3.0,5.385164807134504,8.246211251235321,10.44030650891055,12.36931687685298,15.297058540778355,17.26267650163207,18.24828759089466,18.24828759089466,17.26267650163207,17.26267650163207,16.278820596099706,13.341664064126334,10.44030650891055,7.615773105863909,3.605551275463989,4.47213595499958,7.211102550927978,10.44030650891055
1784879588.499475,-55,0.0,6.0,10.04987562112089,14.035668847618199,15.297058540778355,18.24828759089466,20.223748416156685,20.396078054371138,19.4164878389476,18.439088914585774,16.492422502470642,15.524174696260024,13.601470508735444,11.704699910719626,8.54400374531753,5.385164807134504,4.242640687119285,4.0,3.605551275463989,5.656854249492381,7.0710678118654755,8.48528137423857,10.0,10.0,10.816653826391969,11.180339887498949,10.770329614269007,0.0,0.0,0.0,0.0,0.0,0.0,0.0,0.0,0.0,0.0,0.0,10.816653826391969,12.083045973594572,12.649110640673518,13.152946437965905,12.041594578792296,11.045361017187261,9.219544457292887,7.280109889280518,5.385164807134504,3.0,1.0,2.8284271247461903,6.4031242374328485,9.219544457292887,12.806248474865697,14.212670403551895,16.278820596099706,17.69180601295413,20.615528128088304,20.615528128088304,19.849433241279208,18.439088914585774,15.620499351813308,13.45362404707371,10.63014581273465,5.830951894845301
1784879588.609236,-55,0.0,21.840329667841555,23.345235059857504,24.515301344262525,22.80350850198276,22.80350850198276,20.8806130178211,18.681541692269406,14.866068747318506,11.704699910719626,7.615773105863909,4.47213595499958,2.23606797749979,2.23606797749979,5.0,7.280109889280518,9.219544457292887,10.198039027185569,11.180339887498949,11.180339887498949,11.045361017187261,11.0,11.0,10.04987562112089,9.055385138137417,7.280109889280518,5.385164807134504,0.0,0.0,0.0,0.0,0.0,0.0,0.0,0.0,0.0,0.0,0.0,10.295630140987,10.0,8.48528137423857,6.4031242374328485,4.47213595499958,2.0,2.0,3.605551275463989,6.4031242374328485,8.94427190999916,11.180339887498949,13.92838827718412,15.811388300841896,17.72004514666935,18.681541692269406,17.72004514666935,16.76305461424021,15.811388300841896,14.866068747318506,11.704699910719626,8.94427190999916,5.0,1.0,5.0,10.04987562112089,13.341664064126334
1784879588.7448452,-56,0.0,19.313207915827967,24.351591323771842,23.40939982143925,22.135943621178654,21.540659228538015,19.697715603592208,17.46424919657298,13.892443989449804,9.433981132056603,7.211102550927978,4.242640687119285,3.1622776601683795,4.47213595499958,6.082762530298219,8.0,10.04987562112089,12.0,12.0,12.0,12.0,12.041594578792296,11.180339887498949,10.198039027185569,9.219544457292887,7.615773105863909,5.830951894845301,0.0,0.0,0.0,0.0,0.0,0.0,0.0,0.0,0.0,0.0,0.0,11.045361017187261,10.198039027185569,8.54400374531753,6.708203932499369,3.605551275463989,1.4142135623730951,1.4142135623730951,4.242640687119285,7.0710678118654755,10.816653826391969,13.038404810405298,14.7648230602334,17.88854381999832,18.384776310850235,18.788294228055936,18.384776310850235,17.08800749063506,16.15549442140351,14.317821063276353,11.180339887498949,7.615773105863909,3.605551275463989,0.0,6.082762530298219,10.198039027185569,14.866068747318506
1784879588.852612,-56,0.0,18.867962264113206,23.853720883753127,24.698178070456937,23.021728866442675,23.021728866442675,21.095023109728988,19.72308292331602,16.1245154965971,12.529964086141668,9.433981132056603,6.708203932499369,4.0,2.8284271247461903,4.0,5.385164807134504,8.06225774829855,9.848857801796104,10.770329614269007,11.704699910719626,11.40175425099138,11.180339887498949,11.045361017187261,11.0,10.04987562112089,7.280109889280518,6.324555320336759,0.0,0.0,0.0,0.0,0.0,0.0,0.0,0.0,0.0,0.0,0.0,8.94427190999916,8.602325267042627,7.0710678118654755,5.656854249492381,3.605551275463989,1.0,1.4142135623730951,3.1622776601683795,6.324555320336759,9.055385138137417,11.045361017187261,13.0,15.033296378372908,16.0312195418814,17.11724276862369,16.1245154965971,16.1245154965971,14.142135623730951,13.038404810405298,11.0,8.06225774829855,5.385164807134504,2.23606797749979,5.830951894845301,9.899494936611665,14.212670403551895
1784879588.959956,-55,0.0,26.476404589747453,25.709920264364882,22.561028345356956,18.439088914585774,16.278820596099706,12.165525060596439,8.0,4.123105625617661,1.0,3.605551275463989,7.211102550927978,10.0,11.661903789690601,13.892443989449804,13.892443989449804,15.264337522473747,15.811388300841896,14.212670403551895,13.45362404707371,11.313708498984761,9.899494936611665,8.602325267042627,6.4031242374328485,5.0,2.8284271247461903,2.23606797749979,0.0,0.0,0.0,0.0,0.0,0.0,0.0,0.0,0.0,0.0,0.0,2.0,1.0,2.8284271247461903,5.0,7.211102550927978,8.602325267042627,10.295630140987,12.529964086141668,13.92838827718412,15.811388300841896,16.492422502470642,16.278820596099706,16.278820596099706,15.297058540778355,13.341664064126334,10.198039027185569,7.280109889280518,4.47213595499958,3.1622776601683795,4.242640687119285,8.94427190999916,11.704699910719626,15.297058540778355,19.6468827043885,23.53720459187964,24.515301344262525
1784879589.06863,-56,0.0,18.027756377319946,12.529964086141668,8.602325267042627,4.47213595499958,5.0,7.615773105863909,11.180339887498949,14.142135623730951,16.0,18.0,19.0,19.026297590440446,19.026297590440446,18.027756377319946,16.0312195418814,14.142135623730951,12.041594578792296,9.219544457292887,6.082762530298219,3.0,1.4142135623730951,2.0,4.47213595499958,6.708203932499369,7.615773105863909,9.486832980505138,0.0,0.0,0.0,0.0,0.0,0.0,0.0,0.0,0.0,0.0,0.0,5.0990195135927845,7.0,10.198039027185569,11.704699910719626,13.416407864998739,13.892443989449804,13.601470508735444,14.212670403551895,14.142135623730951,13.45362404707371,12.206555615733702,9.433981132056603,7.211102550927978,4.242640687119285,1.0,3.1622776601683795,7.615773105863909,10.770329614269007,14.866068747318506,19.313207915827967,21.540659228538015,24.698178070456937,24.698178070456937,26.92582403567252,26.92582403567252,25.079872407968907
1784879589.2862,-55,0.0,18.24828759089466,22.360679774997898,22.20360331117452,21.213203435596427,21.213203435596427,20.09975124224178,18.027756377319946,15.033296378372908,11.0,8.0,5.0990195135927845,2.8284271247461903,2.23606797749979,4.47213595499958,7.280109889280518,9.219544457292887,11.704699910719626,12.36931687685298,12.649110640673518,13.0,12.529964086141668,13.038404810405298,12.206555615733702,10.63014581273465,8.48528137423857,6.4031242374328485,0.0,0.0,0.0,0.0,0.0,0.0,0.0,0.0,0.0,0.0,0.0,9.219544457292887,8.602325267042627,6.708203932499369,5.385164807134504,3.1622776601683795,1.0,1.0,3.0,6.0,9.055385138137417,11.180339887498949,13.152946437965905,15.297058540778355,16.492422502470642,17.46424919657298,16.492422502470642,16.492422502470642,15.524174696260024,14.317821063276353,12.165525060596439,9.055385138137417,5.0,1.0,3.605551275463989,7.615773105863909,12.36931687685298
1784879589.421246,-55,0.0,27.294688127912362,27.294688127912362,23.706539182259394,19.235384061671343,16.1245154965971,11.661903789690601,7.810249675906654,3.1622776601683795,2.0,5.0990195135927845,8.246211251235321,11.40175425099138,13.341664064126334,15.524174696260024,15.524174696260024,15.524174696260024,16.278820596099706,14.142135623730951,12.041594578792296,10.04987562112089,9.0,7.0,5.0,2.23606797749979,1.0,3.605551275463989,0.0,0.0,0.0,0.0,0.0,0.0,0.0,0.0,0.0,0.0,0.0,3.0,1.4142135623730951,2.23606797749979,4.0,7.0710678118654755,8.246211251235321,10.770329614269007,12.529964086141668,13.892443989449804,16.401219466856727,17.029386365926403,16.97056274847714,16.97056274847714,15.556349186104045,12.727922061357855,10.63014581273465,7.0710678118654755,3.605551275463989,2.8284271247461903,5.0,9.486832980505138,13.92838827718412,17.0,21.93171219946131,25.495097567963924,27.294688127912362
