Timestamp,RSSI,Sub_0,Sub_1,Sub_2,Sub_3,Sub_4,Sub_5,Sub_6,Sub_7,Sub_8,Sub_9,Sub_10,Sub_11,Sub_12,Sub_13,Sub_14,Sub_15,Sub_16,Sub_17,Sub_18,Sub_19,Sub_20,Sub_21,Sub_22,Sub_23,Sub_24,Sub_25,Sub_26,Sub_27,Sub_28,Sub_29,Sub_30,Sub_31,Sub_32,Sub_33,Sub_34,Sub_35,Sub_36,Sub_37,Sub_38,Sub_39,Sub_40,Sub_41,Sub_42,Sub_43,Sub_44,Sub_45,Sub_46,Sub_47,Sub_48,Sub_49,Sub_50,Sub_51,Sub_52,Sub_53,Sub_54,Sub_55,Sub_56,Sub_57,Sub_58,Sub_59,Sub_60,Sub_61,Sub_62,Sub_63
1786417268.587279,-43,0.0,25.0,19.235384061671343,15.132745950421556,13.0,9.486832980505138,8.602325267042627,10.295630140987,11.704699910719626,14.560219778561036,16.492422502470642,17.72004514666935,17.72004514666935,18.027756377319946,17.46424919657298,18.35755975068582,15.811388300841896,13.601470508735444,11.313708498984761,9.219544457292887,7.0710678118654755,5.0,4.123105625617661,5.0,6.082762530298219,8.06225774829855,9.0,0.0,0.0,0.0,0.0,0.0,0.0,0.0,0.0,0.0,0.0,0.0,5.830951894845301,6.708203932499369,9.433981132056603,10.816653826391969,12.041594578792296,13.45362404707371,15.0,15.264337522473747,16.55294535724685,16.76305461424021,15.524174696260024,15.297058540778355,12.36931687685298,11.40175425099138,8.94427190999916,8.48528137423857,8.94427190999916,10.198039027185569,13.0,17.029386365926403,20.024984394500787,23.08679276123039,26.0,28.0178514522438,30.066592756745816,30.066592756745816
1786417269.637342,-43,0.0,22.02271554554524,19.1049731745428,16.278820596099706,12.206555615733702,9.486832980505138,9.055385138137417,9.486832980505138,11.661903789690601,14.212670403551895,16.401219466856727,17.204650534085253,19.4164878389476,17.4928556845359,18.788294228055936,17.46424919657298,14.866068747318506,12.649110640673518,10.44030650891055,8.246211251235321,5.830951894845301,4.242640687119285,5.0,6.324555320336759,7.615773105863909,8.06225774829855,10.816653826391969,0.0,0.0,0.0,0.0,0.0,0.0,0.0,0.0,0.0,0.0,0.0,4.0,6.324555320336759,8.246211251235321,9.219544457292887,11.180339887498949,11.045361017187261,13.0,13.152946437965905,14.560219778561036,15.811388300841896,16.55294535724685,14.7648230602334,11.180339887498949,11.661903789690601,8.246211251235321,8.0,7.280109889280518,9.219544457292887,12.041594578792296,15.0,18.027756377319946,20.808652046684813,23.600847442411894,26.90724809414742,28.284271247461902,27.586228448267445
1786417270.688918,-43,0.0,18.384776310850235,20.248456731316587,20.615528128088304,22.47220505424423,21.18962010041709,20.8806130178211,19.6468827043885,17.46424919657298,15.297058540778355,13.341664064126334,9.486832980505138,7.615773105863909,6.4031242374328485,5.830951894845301,6.082762530298219,9.0,10.0,10.0,11.045361017187261,11.180339887498949,11.40175425099138,10.770329614269007,10.816653826391969,10.63014581273465,9.219544457292887,7.211102550927978,0.0,0.0,0.0,0.0,0.0,0.0,0.0,0.0,0.0,0.0,0.0,11.180339887498949,11.0,10.198039027185569,9.219544457292887,8.54400374531753,7.280109889280518,6.082762530298219,6.0,6.324555320336759,7.211102550927978,10.0,12.206555615733702,12.806248474865697,15.811388300841896,16.64331697709324,17.4928556845359,17.4928556845359,18.35755975068582,18.35755975068582,16.1245154965971,15.264337522473747,13.038404810405298,11.313708498984761,10.295630140987,10.198039027185569,11.045361017187261
1786417271.738813,-43,0.0,21.37755832643195,19.235384061671343,16.278820596099706,12.041594578792296,9.219544457292887,8.06225774829855,8.602325267042627,9.848857801796104,12.36931687685298,14.142135623730951,16.278820596099706,16.278820596099706,16.492422502470642,17.72004514666935,17.08800749063506,15.231546211727817,13.416407864998739,11.661903789690601,9.433981132056603,7.211102550927978,5.830951894845301,4.123105625617661,4.0,5.0990195135927845,6.324555320336759,7.280109889280518,0.0,0.0,0.0,0.0,0.0,0.0,0.0,0.0,0.0,0.0,0.0,6.4031242374328485,9.219544457292887,9.899494936611665,10.63014581273465,12.206555615733702,12.529964086141668,13.0,13.601470508735444,14.317821063276353,14.142135623730951,14.035668847618199,13.038404810405298,10.04987562112089,10.198039027185569,7.211102550927978,7.810249675906654,8.06225774829855,11.180339887498949,13.038404810405298,16.0312195418814,19.0,22.02271554554524,24.020824298928627,26.076809620810597,27.16615541441225,27.294688127912362
1786417272.787939,-43,0.0,27.294688127912362,25.238858928247925,23.600847442411894,20.808652046684813,17.804493814764857,15.0,11.661903789690601,9.486832980505138,7.0710678118654755,7.280109889280518,7.810249675906654,9.899494936611665,11.40175425099138,13.45362404707371,13.45362404707371,14.866068747318506,15.0,14.422205101855956,13.416407864998739,10.770329614269007,10.44030650891055,8.246211251235321,6.324555320336759,5.385164807134504,4.47213595499958,4.242640687119285,0.0,0.0,0.0,0.0,0.0,0.0,0.0,0.0,0.0,0.0,0.0,7.810249675906654,7.0710678118654755,5.656854249492381,5.0,4.47213595499958,5.0990195135927845,7.0,9.055385138137417,11.0,13.038404810405298,15.132745950421556,15.297058540778355,16.492422502470642,15.811388300841896,16.15549442140351,15.231546211727817,13.0,10.770329614269007,9.219544457292887,8.06225774829855,8.602325267042627,10.63014581273465,13.416407864998739,16.55294535724685,19.697715603592208,23.259406699226016
1786417273.067179,-43,0.0,20.09975124224178,18.0,16.0,12.041594578792296,9.848857801796104,9.219544457292887,10.295630140987,11.704699910719626,14.317821063276353,15.297058540778355,18.439088914585774,18.681541692269406,17.72004514666935,18.384776310850235,18.384776310850235,14.317821063276353,12.529964086141668,10.816653826391969,8.06225774829855,6.324555320336759,6.0,6.082762530298219,6.708203932499369,7.280109889280518,9.486832980505138,10.198039027185569,0.0,0.0,0.0,0.0,0.0,0.0,0.0,0.0,0.0,0.0,0.0,3.605551275463989,7.211102550927978,8.06225774829855,8.602325267042627,10.63014581273465,11.313708498984761,11.40175425099138,13.038404810405298,13.416407864998739,13.92838827718412,14.560219778561036,13.341664064126334,11.180339887498949,10.198039027185569,7.211102550927978,7.810249675906654,7.211102550927978,9.055385138137417,12.0,15.033296378372908,17.11724276862369,21.095023109728988,22.02271554554524,26.0,26.076809620810597,27.16615541441225
1786417273.180663,-43,0.0,9.848857801796104,11.045361017187261,12.165525060596439,13.601470508735444,16.15549442140351,17.46424919657298,18.384776310850235,18.384776310850235,19.313207915827967,18.027756377319946,18.027756377319946,15.811388300841896,13.601470508735444,11.704699910719626,9.486832980505138,8.06225774829855,7.0710678118654755,5.830951894845301,6.324555320336759,7.0710678118654755,9.055385138137417,10.198039027185569,11.40175425099138,11.661903789690601,12.206555615733702,11.313708498984761,0.0,0.0,0.0,0.0,0.0,0.0,0.0,0.0,0.0,0.0,0.0,9.219544457292887,9.055385138137417,10.04987562112089,11.180339887498949,11.704699910719626,11.180339887498949,10.295630140987,9.433981132056603,8.602325267042627,7.211102550927978,7.211102550927978,6.082762530298219,6.082762530298219,8.54400374531753,9.433981132056603,12.206555615733702,14.212670403551895,17.804493814764857,18.601075237738275,19.4164878389476,20.248456731316587,19.72308292331602,19.72308292331602,19.235384061671343,16.64331697709324,15.264337522473747
1786417273.29341,-43,0.0,17.72004514666935,19.4164878389476,21.587033144922902,21.587033144922902,21.37755832643195,21.37755832643195,19.235384061671343,17.11724276862369,15.033296378372908,13.038404810405298,10.198039027185569,8.246211251235321,5.830951894845301,5.830951894845301,6.082762530298219,9.055385138137417,10.04987562112089,10.198039027185569,11.180339887498949,11.40175425099138,11.704699910719626,11.180339887498949,10.816653826391969,9.899494936611665,8.602325267042627,8.06225774829855,0.0,0.0,0.0,0.0,0.0,0.0,0.0,0.0,0.0,0.0,0.0,12.0,11.180339887498949,10.44030650891055,9.486832980505138,7.615773105863909,7.615773105863909,6.324555320336759,6.0,6.082762530298219,7.615773105863909,10.295630140987,11.180339887498949,13.038404810405298,15.652475842498529,16.55294535724685,17.46424919657298,18.384776310850235,18.384776310850235,18.027756377319946,16.15549442140351,15.231546211727817,13.416407864998739,10.816653826391969,10.0,10.44030650891055,12.0
1786417273.4097972,-43,0.0,22.360679774997898,17.88854381999832,16.55294535724685,12.36931687685298,10.04987562112089,8.54400374531753,10.63014581273465,11.40175425099138,14.422205101855956,16.1245154965971,17.4928556845359,18.867962264113206,17.204650534085253,18.439088914585774,18.384776310850235,14.866068747318506,12.806248474865697,10.63014581273465,8.602325267042627,5.0,5.385164807134504,5.0990195135927845,6.082762530298219,8.0,9.0,10.198039027185569,0.0,0.0,0.0,0.0,0.0,0.0,0.0,0.0,0.0,0.0,0.0,4.123105625617661,7.211102550927978,8.06225774829855,8.06225774829855,10.295630140987,10.770329614269007,12.36931687685298,13.152946437965905,14.035668847618199,15.0,16.1245154965971,14.142135623730951,11.180339887498949,11.180339887498949,8.06225774829855,7.615773105863909,7.211102550927978,9.433981132056603,12.083045973594572,14.560219778561036,17.72004514666935,20.8806130178211,24.041630560342615,26.570660511172846,27.313000567495326,27.730849247724095
1786417273.5188742,-43,0.0,9.055385138137417,9.848857801796104,10.63014581273465,12.806248474865697,14.422205101855956,16.1245154965971,17.4928556845359,18.027756377319946,18.027756377319946,17.204650534085253,16.401219466856727,13.601470508735444,12.806248474865697,10.0,8.602325267042627,6.708203932499369,5.0990195135927845,5.0990195135927845,5.830951894845301,7.211102550927978,8.602325267042627,9.433981132056603,9.848857801796104,10.198039027185569,11.045361017187261,10.04987562112089,0.0,0.0,0.0,0.0,0.0,0.0,0.0,0.0,0.0,0.0,0.0,9.219544457292887,10.816653826391969,10.770329614269007,12.649110640673518,12.165525060596439,12.041594578792296,11.0,11.045361017187261,9.055385138137417,9.055385138137417,8.0,7.280109889280518,5.830951894845301,7.810249675906654,10.295630140987,12.083045973594572,14.317821063276353,17.46424919657298,18.384776310850235,19.697715603592208,20.12461179749811,20.591260281974,19.72308292331602,19.72308292331602,17.0,14.7648230602334
1786417273.6321511,-43,0.0,22.20360331117452,19.4164878389476,17.204650534085253,12.083045973594572,9.219544457292887,9.055385138137417,8.94427190999916,11.40175425099138,14.142135623730951,15.620499351813308,17.029386365926403,18.384776310850235,16.278820596099706,18.601075237738275,17.204650534085253,13.892443989449804,13.416407864998739,10.295630140987,7.615773105863909,5.0,4.242640687119285,4.47213595499958,5.0,7.0710678118654755,8.246211251235321,9.486832980505138,0.0,0.0,0.0,0.0,0.0,0.0,0.0,0.0,0.0,0.0,0.0,5.0990195135927845,7.615773105863909,8.94427190999916,9.848857801796104,11.704699910719626,12.36931687685298,14.142135623730951,14.035668847618199,16.0,16.1245154965971,17.26267650163207,15.524174696260024,12.165525060596439,12.36931687685298,9.0,8.54400374531753,8.06225774829855,10.63014581273465,13.038404810405298,14.7648230602334,18.788294228055936,21.93171219946131,24.596747752497688,27.294688127912362,28.30194339616981,28.0178514522438
1786417273.745074,-43,0.0,26.92582403567252,25.942243542145693,24.186773244895647,21.95449840010015,18.867962264113206,16.1245154965971,12.529964086141668,9.486832980505138,7.0710678118654755,6.708203932499369,7.810249675906654,10.0,10.816653826391969,12.206555615733702,13.601470508735444,14.212670403551895,14.142135623730951,14.212670403551895,12.206555615733702,10.295630140987,9.848857801796104,8.246211251235321,6.324555320336759,5.385164807134504,3.605551275463989,3.605551275463989,0.0,0.0,0.0,0.0,0.0,0.0,0.0,0.0,0.0,0.0,0.0,9.433981132056603,7.810249675906654,6.4031242374328485,5.830951894845301,5.0990195135927845,7.0,8.06225774829855,10.04987562112089,12.041594578792296,14.035668847618199,16.0312195418814,17.11724276862369,17.26267650163207,17.46424919657298,16.76305461424021,15.524174696260024,14.560219778561036,12.36931687685298,10.04987562112089,9.219544457292887,9.219544457292887,10.816653826391969,13.416407864998739,17.08800749063506,20.248456731316587,23.40939982143925
1786417273.8457532,-43,0.0,21.213203435596427,19.4164878389476,16.278820596099706,12.36931687685298,9.433981132056603,8.602325267042627,9.486832980505138,11.0,13.038404810405298,14.142135623730951,16.1245154965971,17.11724276862369,17.029386365926403,18.0,17.029386365926403,14.035668847618199,12.165525060596439,10.44030650891055,8.246211251235321,5.0990195135927845,4.123105625617661,4.123105625617661,5.656854249492381,5.656854249492381,7.810249675906654,8.602325267042627,0.0,0.0,0.0,0.0,0.0,0.0,0.0,0.0,0.0,0.0,0.0,5.0,8.06225774829855,8.94427190999916,9.848857801796104,11.661903789690601,12.806248474865697,13.45362404707371,14.866068747318506,15.0,15.811388300841896,16.1245154965971,14.7648230602334,11.180339887498949,11.180339887498949,8.48528137423857,8.94427190999916,8.246211251235321,10.04987562112089,13.341664064126334,15.524174696260024,18.027756377319946,22.135943621178654,23.08679276123039,26.68332812825267,26.68332812825267,28.284271247461902
1786417273.970732,-43,0.0,17.26267650163207,19.6468827043885,20.615528128088304,21.587033144922902,20.615528128088304,19.924858845171276,19.313207915827967,17.08800749063506,15.231546211727817,13.0,9.486832980505138,8.06225774829855,7.0,5.830951894845301,6.4031242374328485,8.06225774829855,9.433981132056603,10.816653826391969,11.40175425099138,11.40175425099138,11.313708498984761,11.40175425099138,10.295630140987,10.770329614269007,9.219544457292887,7.0710678118654755,0.0,0.0,0.0,0.0,0.0,0.0,0.0,0.0,0.0,0.0,0.0,10.816653826391969,9.899494936611665,10.0,8.602325267042627,7.211102550927978,6.708203932499369,5.0,5.0,5.385164807134504,6.082762530298219,9.0,11.045361017187261,13.0,15.0,15.132745950421556,17.11724276862369,17.11724276862369,17.26267650163207,17.26267650163207,15.132745950421556,14.142135623730951,13.038404810405298,10.04987562112089,9.848857801796104,9.899494936611665,10.295630140987
1786417274.083562,-43,0.0,16.97056274847714,19.209372712298546,20.518284528683193,21.2602916254693,20.615528128088304,20.615528128088304,19.4164878389476,16.64331697709324,14.422205101855956,12.206555615733702,9.899494936611665,7.810249675906654,6.708203932499369,6.0,7.280109889280518,8.94427190999916,10.770329614269007,11.180339887498949,11.704699910719626,11.704699910719626,12.165525060596439,12.041594578792296,11.045361017187261,10.198039027185569,9.486832980505138,7.615773105863909,0.0,0.0,0.0,0.0,0.0,0.0,0.0,0.0,0.0,0.0,0.0,10.198039027185569,10.0,9.055385138137417,8.246211251235321,7.615773105863909,6.324555320336759,5.0990195135927845,5.0,4.47213595499958,5.830951894845301,8.48528137423857,9.899494936611665,12.041594578792296,13.45362404707371,14.866068747318506,16.278820596099706,16.278820596099706,17.029386365926403,15.620499351813308,14.866068747318506,13.45362404707371,11.313708498984761,9.433981132056603,8.246211251235321,9.055385138137417,9.848857801796104
1786417274.196372,-43,0.0,25.632011235952593,25.0,22.561028345356956,21.37755832643195,17.26267650163207,15.297058540778355,12.36931687685298,8.94427190999916,7.211102550927978,6.708203932499369,8.06225774829855,9.0,11.045361017187261,13.038404810405298,13.0,14.035668847618199,14.142135623730951,13.341664064126334,12.649110640673518,10.295630140987,9.433981132056603,7.810249675906654,6.4031242374328485,5.0,4.47213595499958,4.123105625617661,0.0,0.0,0.0,0.0,0.0,0.0,0.0,0.0,0.0,0.0,0.0,8.54400374531753,7.280109889280518,6.324555320336759,5.385164807134504,5.0,5.656854249492381,7.211102550927978,9.433981132056603,11.40175425099138,13.601470508735444,14.866068747318506,16.278820596099706,17.029386365926403,16.401219466856727,15.811388300841896,15.264337522473747,13.038404810405298,12.206555615733702,9.899494936611665,9.433981132056603,9.055385138137417,10.04987562112089,12.649110640673518,16.15549442140351,19.697715603592208,22.847319317591726
1786417274.310275,-43,0.0,17.029386365926403,20.223748416156685,20.09975124224178,21.095023109728988,20.223748416156685,20.223748416156685,19.4164878389476,17.46424919657298,15.524174696260024,13.341664064126334,10.198039027185569,8.0,7.0710678118654755,6.4031242374328485,5.830951894845301,8.94427190999916,9.848857801796104,10.295630140987,11.661903789690601,10.816653826391969,11.40175425099138,10.63014581273465,10.816653826391969,10.295630140987,9.486832980505138,7.280109889280518,0.0,0.0,0.0,0.0,0.0,0.0,0.0,0.0,0.0,0.0,0.0,10.770329614269007,10.0,9.219544457292887,8.48528137423857,7.0710678118654755,6.4031242374328485,5.0,5.385164807134504,5.0990195135927845,6.0,9.055385138137417,11.045361017187261,13.152946437965905,15.132745950421556,15.033296378372908,17.029386365926403,17.0,18.0,17.0,16.0,14.035668847618199,13.038404810405298,10.198039027185569,9.433981132056603,10.0,10.770329614269007
1786417274.423148,-43,0.0,16.15549442140351,17.46424919657298,18.788294228055936,19.697715603592208,19.313207915827967,18.973665961010276,17.72004514666935,15.524174696260024,13.341664064126334,11.40175425099138,8.54400374531753,6.708203932499369,5.656854249492381,5.385164807134504,6.0,8.06225774829855,9.055385138137417,10.0,10.0,10.04987562112089,10.44030650891055,9.848857801796104,9.433981132056603,9.219544457292887,7.810249675906654,6.4031242374328485,0.0,0.0,0.0,0.0,0.0,0.0,0.0,0.0,0.0,0.0,0.0,11.40175425099138,10.04987562112089,10.0,10.04987562112089,8.06225774829855,7.280109889280518,6.082762530298219,6.0,5.0990195135927845,6.708203932499369,8.602325267042627,10.63014581273465,12.041594578792296,13.45362404707371,15.0,16.401219466856727,17.204650534085253,17.204650534085253,16.64331697709324,15.264337522473747,14.422205101855956,12.206555615733702,10.63014581273465,8.94427190999916,9.219544457292887,10.198039027185569
1786417274.5360541,-43,0.0,27.073972741361768,25.317977802344327,23.53720459187964,21.587033144922902,18.681541692269406,16.492422502470642,13.152946437965905,10.0,8.246211251235321,7.211102550927978,8.602325267042627,8.94427190999916,10.770329614269007,12.083045973594572,13.92838827718412,14.7648230602334,14.422205101855956,14.212670403551895,12.727922061357855,10.63014581273465,10.0,8.94427190999916,6.708203932499369,5.0,3.605551275463989,4.242640687119285,0.0,0.0,0.0,0.0,0.0,0.0,0.0,0.0,0.0,0.0,0.0,8.06225774829855,7.0710678118654755,6.082762530298219,6.0,5.385164807134504,6.708203932499369,8.06225774829855,10.295630140987,12.529964086141668,14.317821063276353,14.866068747318506,16.492422502470642,16.278820596099706,16.1245154965971,16.0312195418814,15.132745950421556,13.152946437965905,12.36931687685298,10.770329614269007,8.602325267042627,9.433981132056603,11.40175425099138,14.142135623730951,17.029386365926403,20.024984394500787,23.021728866442675
1786417274.6487958,-43,0.0,22.825424421026653,20.12461179749811,16.55294535724685,13.341664064126334,11.0,10.44030650891055,11.661903789690601,12.727922061357855,15.556349186104045,17.029386365926403,18.439088914585774,19.1049731745428,18.384776310850235,19.849433241279208,19.209372712298546,15.811388300841896,13.892443989449804,11.661903789690601,9.433981132056603,6.4031242374328485,6.4031242374328485,5.385164807134504,6.082762530298219,8.246211251235321,9.486832980505138,10.770329614269007,0.0,0.0,0.0,0.0,0.0,0.0,0.0,0.0,0.0,0.0,0.0,4.47213595499958,7.0710678118654755,8.48528137423857,9.219544457292887,11.40175425099138,11.661903789690601,13.0,13.601470508735444,14.142135623730951,15.033296378372908,16.0,14.0,11.0,11.0,8.54400374531753,8.602325267042627,8.48528137423857,11.180339887498949,13.92838827718412,16.76305461424021,18.681541692269406,23.08679276123039,25.298221281347036,27.85677655436824,28.635642126552707,28.178005607210743
1786417274.7630742,-43,0.0,9.219544457292887,11.180339887498949,11.40175425099138,13.038404810405298,16.0,17.029386365926403,18.0,18.0,19.0,18.027756377319946,17.029386365926403,15.033296378372908,13.152946437965905,11.045361017187261,9.055385138137417,7.0710678118654755,5.385164807134504,5.0,5.656854249492381,6.708203932499369,8.06225774829855,9.433981132056603,10.0,10.63014581273465,11.661903789690601,10.770329614269007,0.0,0.0,0.0,0.0,0.0,0.0,0.0,0.0,0.0,0.0,0.0,10.04987562112089,10.44030650891055,11.180339887498949,11.661903789690601,11.40175425099138,11.313708498984761,10.63014581273465,10.0,8.602325267042627,7.810249675906654,7.0710678118654755,7.211102550927978,6.082762530298219,8.0,10.198039027185569,13.341664064126334,14.560219778561036,17.72004514666935,18.681541692269406,20.396078054371138,20.396078054371138,20.223748416156685,20.223748416156685,19.235384061671343,17.26267650163207,15.297058540778355
1786417274.89069,-43,0.0,17.69180601295413,19.849433241279208,21.213203435596427,21.93171219946131,21.2602916254693,20.615528128088304,19.209372712298546,17.204650534085253,15.0,12.806248474865697,10.63014581273465,7.810249675906654,5.830951894845301,6.082762530298219,6.082762530298219,7.615773105863909,8.94427190999916,9.848857801796104,10.770329614269007,10.44030650891055,11.180339887498949,11.045361017187261,11.045361017187261,10.198039027185569,8.54400374531753,8.06225774829855,0.0,0.0,0.0,0.0,0.0,0.0,0.0,0.0,0.0,0.0,0.0,11.180339887498949,10.44030650891055,10.198039027185569,9.055385138137417,8.0,7.0,6.082762530298219,5.830951894845301,6.4031242374328485,7.810249675906654,10.0,12.206555615733702,13.038404810405298,15.811388300841896,16.401219466856727,17.804493814764857,18.439088914585774,18.439088914585774,17.69180601295413,16.278820596099706,15.0,13.038404810405298,10.770329614269007,10.04987562112089,10.198039027185569,11.180339887498949
1786417274.895862,-43,0.0,17.46424919657298,19.313207915827967,20.615528128088304,21.18962010041709,21.18962010041709,21.18962010041709,19.6468827043885,17.46424919657298,15.297058540778355,12.36931687685298,9.486832980505138,7.615773105863909,6.4031242374328485,5.385164807134504,6.0,8.0,9.055385138137417,10.04987562112089,11.0,11.0,11.180339887498949,11.40175425099138,10.770329614269007,10.816653826391969,8.48528137423857,7.810249675906654,0.0,0.0,0.0,0.0,0.0,0.0,0.0,0.0,0.0,0.0,0.0,11.0,11.180339887498949,10.44030650891055,9.486832980505138,7.615773105863909,7.615773105863909,6.082762530298219,5.0,6.082762530298219,6.708203932499369,9.433981132056603,11.661903789690601,13.038404810405298,15.264337522473747,16.1245154965971,17.88854381999832,17.88854381999832,17.88854381999832,17.46424919657298,16.55294535724685,14.7648230602334,12.529964086141668,10.63014581273465,9.433981132056603,10.198039027185569,11.045361017187261
1786417275.327012,-43,0.0,9.219544457292887,10.04987562112089,11.180339887498949,13.601470508735444,15.0,17.029386365926403,18.439088914585774,17.804493814764857,17.804493814764857,18.601075237738275,17.204650534085253,15.811388300841896,13.892443989449804,10.816653826391969,10.0,7.810249675906654,6.4031242374328485,5.385164807134504,6.0,7.0710678118654755,8.06225774829855,10.04987562112089,11.0,11.180339887498949,11.704699910719626,11.180339887498949,0.0,0.0,0.0,0.0,0.0,0.0,0.0,0.0,0.0,0.0,0.0,9.848857801796104,9.486832980505138,11.180339887498949,11.0,12.041594578792296,10.198039027185569,9.486832980505138,9.486832980505138,7.615773105863909,7.615773105863909,6.082762530298219,6.082762530298219,5.830951894845301,7.810249675906654,9.219544457292887,12.806248474865697,15.0,17.804493814764857,17.804493814764857,19.1049731745428,20.518284528683193,19.79898987322333,19.79898987322333,19.1049731745428,16.278820596099706,14.212670403551895
1786417275.439685,-43,0.0,21.02379604162864,18.24828759089466,15.132745950421556,11.40175425099138,9.433981132056603,8.602325267042627,9.486832980505138,11.0,13.0,15.132745950421556,17.029386365926403,17.0,17.029386365926403,18.24828759089466,16.278820596099706,14.317821063276353,11.40175425099138,9.848857801796104,7.615773105863909,5.0990195135927845,4.123105625617661,4.47213595499958,5.656854249492381,6.4031242374328485,8.602325267042627,8.94427190999916,0.0,0.0,0.0,0.0,0.0,0.0,0.0,0.0,0.0,0.0,0.0,4.242640687119285,6.708203932499369,7.615773105863909,8.94427190999916,10.295630140987,12.206555615733702,12.727922061357855,13.45362404707371,14.422205101855956,15.0,15.652475842498529,14.317821063276353,12.083045973594572,11.180339887498949,8.602325267042627,8.06225774829855,7.615773105863909,9.0,12.165525060596439,15.524174696260024,17.72004514666935,20.8806130178211,23.08679276123039,25.709920264364882,26.476404589747453,27.16615541441225
1786417275.552725,-43,0.0,27.459060435491963,27.202941017470888,24.351591323771842,22.47220505424423,19.313207915827967,16.76305461424021,13.601470508735444,10.198039027185569,8.06225774829855,8.06225774829855,8.48528137423857,10.0,11.661903789690601,13.038404810405298,14.422205101855956,15.0,14.866068747318506,14.866068747318506,13.601470508735444,11.661903789690601,11.180339887498949,9.486832980505138,7.280109889280518,5.385164807134504,4.47213595499958,4.242640687119285,0.0,0.0,0.0,0.0,0.0,0.0,0.0,0.0,0.0,0.0,0.0,8.06225774829855,7.280109889280518,6.082762530298219,6.0,6.082762530298219,6.708203932499369,8.06225774829855,10.295630140987,12.083045973594572,14.866068747318506,15.524174696260024,17.26267650163207,17.11724276862369,17.029386365926403,16.0312195418814,16.0312195418814,14.035668847618199,12.165525060596439,10.44030650891055,9.433981132056603,10.0,12.083045973594572,15.297058540778355,18.24828759089466,21.213203435596427,24.331050121192877
1786417275.6707351,-43,0.0,10.0,11.40175425099138,12.083045973594572,13.601470508735444,15.297058540778355,17.11724276862369,18.24828759089466,18.24828759089466,18.439088914585774,18.439088914585774,16.76305461424021,15.524174696260024,13.92838827718412,11.40175425099138,9.219544457292887,7.0710678118654755,6.082762530298219,5.385164807134504,6.4031242374328485,7.0710678118654755,8.48528137423857,9.219544457292887,10.0,11.180339887498949,11.40175425099138,11.180339887498949,0.0,0.0,0.0,0.0,0.0,0.0,0.0,0.0,0.0,0.0,0.0,9.219544457292887,9.848857801796104,10.816653826391969,11.40175425099138,11.313708498984761,11.40175425099138,10.0,9.433981132056603,8.06225774829855,8.06225774829855,6.4031242374328485,6.4031242374328485,6.324555320336759,9.055385138137417,10.0,13.038404810405298,15.132745950421556,17.11724276862369,19.1049731745428,20.09975124224178,20.024984394500787,21.02379604162864,20.0,19.0,17.0,15.033296378372908
1786417275.778496,-43,0.0,22.02271554554524,20.0,17.204650534085253,12.529964086141668,10.44030650891055,10.04987562112089,10.770329614269007,12.206555615733702,14.212670403551895,16.278820596099706,17.69180601295413,18.439088914585774,17.804493814764857,18.601075237738275,17.4928556845359,15.652475842498529,13.0,10.770329614269007,8.54400374531753,5.830951894845301,5.0,4.47213595499958,5.385164807134504,7.280109889280518,7.615773105863909,9.848857801796104,0.0,0.0,0.0,0.0,0.0,0.0,0.0,0.0,0.0,0.0,0.0,5.0990195135927845,7.615773105863909,8.94427190999916,9.848857801796104,11.704699910719626,12.36931687685298,13.152946437965905,14.035668847618199,15.033296378372908,16.278820596099706,15.524174696260024,14.560219778561036,12.36931687685298,11.40175425099138,9.0,8.54400374531753,9.433981132056603,10.63014581273465,13.601470508735444,16.1245154965971,19.235384061671343,22.825424421026653,24.186773244895647,27.459060435491963,28.600699292150182,28.42534080710379
1786417275.891396,-43,0.0,21.095023109728988,20.223748416156685,16.278820596099706,12.36931687685298,10.295630140987,9.219544457292887,9.848857801796104,11.045361017187261,13.038404810405298,15.0,17.0,17.029386365926403,17.11724276862369,17.26267650163207,17.46424919657298,13.341664064126334,12.649110640673518,9.848857801796104,7.615773105863909,5.385164807134504,5.0,4.123105625617661,5.830951894845301,5.830951894845301,8.06225774829855,8.54400374531753,0.0,0.0,0.0,0.0,0.0,0.0,0.0,0.0,0.0,0.0,0.0,5.656854249492381,7.615773105863909,8.94427190999916,9.848857801796104,12.083045973594572,12.206555615733702,13.45362404707371,14.866068747318506,15.0,16.401219466856727,16.1245154965971,14.7648230602334,12.529964086141668,11.661903789690601,8.48528137423857,9.433981132056603,8.54400374531753,10.04987562112089,13.152946437965905,16.278820596099706,18.681541692269406,21.840329667841555,23.769728648009426,26.476404589747453,27.459060435491963,27.073972741361768
1786417275.938414,-43,0.0,27.65863337187866,26.40075756488817,25.80697580112788,22.47220505424423,18.867962264113206,16.64331697709324,13.601470508735444,10.63014581273465,8.06225774829855,8.06225774829855,9.055385138137417,10.44030650891055,11.704699910719626,13.92838827718412,14.866068747318506,15.524174696260024,15.132745950421556,15.033296378372908,14.0,12.041594578792296,11.40175425099138,9.486832980505138,7.280109889280518,6.324555320336759,5.0990195135927845,5.0,0.0,0.0,0.0,0.0,0.0,0.0,0.0,0.0,0.0,0.0,0.0,7.810249675906654,7.0710678118654755,5.656854249492381,5.830951894845301,5.385164807134504,6.082762530298219,8.06225774829855,10.04987562112089,12.165525060596439,14.560219778561036,16.15549442140351,16.55294535724685,17.0,16.1245154965971,16.64331697709324,15.264337522473747,13.892443989449804,11.661903789690601,9.486832980505138,10.04987562112089,9.848857801796104,12.206555615733702,14.866068747318506,18.384776310850235,21.213203435596427,25.45584412271571
1786417276.005146,-43,0.0,17.804493814764857,19.209372712298546,21.400934559032695,21.400934559032695,22.02271554554524,21.2602916254693,19.79898987322333,18.384776310850235,15.556349186104045,13.45362404707371,11.40175425099138,9.433981132056603,7.615773105863909,6.082762530298219,6.082762530298219,7.615773105863909,8.94427190999916,10.295630140987,11.180339887498949,10.770329614269007,11.40175425099138,11.180339887498949,11.0,11.045361017187261,10.198039027185569,9.486832980505138,0.0,0.0,0.0,0.0,0.0,0.0,0.0,0.0,0.0,0.0,0.0,10.0,10.295630140987,8.54400374531753,8.246211251235321,7.280109889280518,6.324555320336759,5.385164807134504,5.0,5.830951894845301,7.615773105863909,9.486832980505138,11.704699910719626,13.0,15.231546211727817,16.55294535724685,17.0,17.0,17.4928556845359,17.0,16.1245154965971,14.7648230602334,13.0,10.198039027185569,10.04987562112089,9.848857801796104,12.206555615733702
1786417276.1181781,-43,0.0,9.486832980505138,10.04987562112089,11.40175425099138,13.0,14.7648230602334,17.4928556845359,18.35755975068582,19.235384061671343,19.235384061671343,18.788294228055936,17.46424919657298,15.231546211727817,13.92838827718412,12.083045973594572,9.848857801796104,8.06225774829855,5.656854249492381,5.830951894845301,6.082762530298219,7.0,8.0,10.0,10.04987562112089,11.40175425099138,12.083045973594572,11.661903789690601,0.0,0.0,0.0,0.0,0.0,0.0,0.0,0.0,0.0,0.0,0.0,10.04987562112089,11.0,11.180339887498949,11.704699910719626,12.083045973594572,11.661903789690601,10.63014581273465,9.899494936611665,9.219544457292887,7.810249675906654,6.708203932499369,6.082762530298219,7.0710678118654755,8.54400374531753,10.295630140987,13.038404810405298,15.811388300841896,17.204650534085253,19.4164878389476,20.248456731316587,21.095023109728988,21.095023109728988,20.591260281974,18.35755975068582,17.0,14.422205101855956
1786417276.2315352,-43,0.0,22.47220505424423,20.248456731316587,16.64331697709324,12.041594578792296,10.0,8.54400374531753,9.0,10.44030650891055,13.0,14.7648230602334,15.652475842498529,17.88854381999832,16.15549442140351,18.027756377319946,17.46424919657298,14.317821063276353,13.152946437965905,10.04987562112089,8.0,5.0990195135927845,4.47213595499958,4.47213595499958,5.0,5.830951894845301,6.4031242374328485,8.602325267042627,0.0,0.0,0.0,0.0,0.0,0.0,0.0,0.0,0.0,0.0,0.0,5.0,8.06225774829855,10.04987562112089,11.0,13.038404810405298,12.165525060596439,13.601470508735444,13.92838827718412,14.7648230602334,15.811388300841896,16.401219466856727,15.0,11.40175425099138,11.40175425099138,8.246211251235321,9.0,9.219544457292887,11.180339887498949,13.038404810405298,15.620499351813308,19.1049731745428,22.02271554554524,24.08318915758459,26.40075756488817,28.0178514522438,26.92582403567252
1786417276.3478348,-43,0.0,26.40075756488817,24.166091947189145,23.40939982143925,20.248456731316587,18.027756377319946,15.811388300841896,11.704699910719626,9.433981132056603,6.4031242374328485,6.324555320336759,7.0,8.246211251235321,10.44030650891055,11.704699910719626,12.649110640673518,13.601470508735444,14.142135623730951,14.035668847618199,13.0,11.180339887498949,10.44030650891055,8.54400374531753,6.708203932499369,5.385164807134504,4.123105625617661,3.0,0.0,0.0,0.0,0.0,0.0,0.0,0.0,0.0,0.0,0.0,0.0,7.0710678118654755,6.082762530298219,5.0990195135927845,5.385164807134504,5.0,6.4031242374328485,8.602325267042627,10.0,12.041594578792296,14.142135623730951,14.866068747318506,15.620499351813308,15.811388300841896,15.811388300841896,16.1245154965971,13.892443989449804,13.038404810405298,10.816653826391969,8.48528137423857,8.06225774829855,8.0,10.44030650891055,12.083045973594572,16.1245154965971,18.867962264113206,23.323807579381203
1786417276.457131,-44,0.0,20.248456731316587,18.867962264113206,15.264337522473747,11.704699910719626,9.055385138137417,9.486832980505138,10.0,11.313708498984761,14.212670403551895,16.401219466856727,17.804493814764857,18.439088914585774,17.69180601295413,19.1049731745428,17.804493814764857,15.0,13.038404810405298,10.0,8.06225774829855,5.656854249492381,4.47213595499958,5.0990195135927845,6.0,8.06225774829855,9.219544457292887,10.44030650891055,0.0,0.0,0.0,0.0,0.0,0.0,0.0,0.0,0.0,0.0,0.0,4.123105625617661,6.708203932499369,8.06225774829855,8.94427190999916,10.770329614269007,11.704699910719626,12.165525060596439,13.038404810405298,14.0,15.132745950421556,15.297058540778355,14.317821063276353,11.40175425099138,11.40175425099138,8.0,7.280109889280518,7.211102550927978,10.0,12.083045973594572,15.231546211727817,18.027756377319946,21.540659228538015,22.847319317591726,25.495097567963924,26.419689627245813,26.076809620810597
1786417276.570795,-44,0.0,27.65863337187866,25.96150997149434,25.298221281347036,21.540659228538015,19.313207915827967,16.15549442140351,12.649110640673518,10.198039027185569,8.06225774829855,6.708203932499369,8.48528137423857,9.433981132056603,11.180339887498949,12.529964086141668,13.892443989449804,14.422205101855956,14.212670403551895,14.142135623730951,12.806248474865697,10.816653826391969,9.848857801796104,8.54400374531753,7.280109889280518,5.385164807134504,4.47213595499958,4.242640687119285,0.0,0.0,0.0,0.0,0.0,0.0,0.0,0.0,0.0,0.0,0.0,8.246211251235321,7.280109889280518,6.082762530298219,5.0,5.0990195135927845,7.280109889280518,8.54400374531753,10.770329614269007,12.649110640673518,13.601470508735444,15.297058540778355,17.11724276862369,17.029386365926403,17.0,16.0,15.0,14.0,12.041594578792296,10.198039027185569,9.433981132056603,9.219544457292887,12.083045973594572,14.317821063276353,18.24828759089466,21.213203435596427,24.331050121192877
1786417276.6833222,-43,0.0,9.486832980505138,11.40175425099138,12.041594578792296,13.892443989449804,15.652475842498529,17.46424919657298,17.88854381999832,17.88854381999832,19.235384061671343,18.35755975068582,18.35755975068582,15.652475842498529,14.422205101855956,11.661903789690601,8.94427190999916,7.615773105863909,6.0,6.082762530298219,6.708203932499369,7.211102550927978,9.219544457292887,9.433981132056603,11.180339887498949,11.40175425099138,12.165525060596439,11.0,0.0,0.0,0.0,0.0,0.0,0.0,0.0,0.0,0.0,0.0,0.0,10.0,9.899494936611665,10.816653826391969,11.661903789690601,11.704699910719626,10.44030650891055,9.219544457292887,9.055385138137417,8.06225774829855,7.0710678118654755,7.280109889280518,6.4031242374328485,6.4031242374328485,8.94427190999916,10.44030650891055,13.341664064126334,15.297058540778355,18.24828759089466,19.4164878389476,19.6468827043885,19.6468827043885,19.924858845171276,19.924858845171276,19.924858845171276,17.72004514666935,15.811388300841896
1786417276.7963898,-44,0.0,22.0,20.024984394500787,16.0312195418814,13.152946437965905,10.295630140987,9.219544457292887,9.848857801796104,11.180339887498949,14.142135623730951,15.033296378372908,17.11724276862369,18.110770276274835,17.26267650163207,17.46424919657298,16.76305461424021,14.866068747318506,12.083045973594572,10.295630140987,8.06225774829855,5.385164807134504,4.0,4.123105625617661,5.830951894845301,5.830951894845301,7.615773105863909,9.486832980505138,0.0,0.0,0.0,0.0,0.0,0.0,0.0,0.0,0.0,0.0,0.0,5.656854249492381,8.06225774829855,8.94427190999916,10.295630140987,12.206555615733702,13.45362404707371,13.45362404707371,15.0,15.264337522473747,16.1245154965971,16.15549442140351,14.866068747318506,11.704699910719626,11.704699910719626,8.602325267042627,8.602325267042627,8.94427190999916,11.045361017187261,13.038404810405298,16.1245154965971,18.439088914585774,22.360679774997898,24.331050121192877,27.16615541441225,28.071337695236398,28.0
1786417276.910326,-43,0.0,9.486832980505138,11.313708498984761,11.661903789690601,13.0,15.524174696260024,17.46424919657298,17.46424919657298,17.72004514666935,18.681541692269406,18.973665961010276,18.027756377319946,15.811388300841896,14.317821063276353,11.704699910719626,9.486832980505138,7.280109889280518,5.0,5.385164807134504,6.4031242374328485,7.0710678118654755,8.602325267042627,9.219544457292887,10.63014581273465,11.180339887498949,12.649110640673518,11.180339887498949,0.0,0.0,0.0,0.0,0.0,0.0,0.0,0.0,0.0,0.0,0.0,9.433981132056603,10.63014581273465,10.63014581273465,12.206555615733702,12.083045973594572,10.770329614269007,9.486832980505138,9.219544457292887,8.246211251235321,7.0710678118654755,6.324555320336759,6.4031242374328485,5.830951894845301,8.54400374531753,10.198039027185569,13.152946437965905,15.033296378372908,18.027756377319946,19.026297590440446,20.09975124224178,20.223748416156685,20.396078054371138,20.396078054371138,20.396078054371138,18.24828759089466,15.297058540778355
1786417276.990029,-43,0.0,9.219544457292887,9.433981132056603,10.44030650891055,12.041594578792296,15.0,16.0312195418814,17.0,18.0,18.027756377319946,17.029386365926403,16.1245154965971,14.035668847618199,12.165525060596439,10.04987562112089,8.06225774829855,7.0710678118654755,5.830951894845301,5.0,6.4031242374328485,6.708203932499369,8.94427190999916,9.433981132056603,10.0,10.63014581273465,11.661903789690601,9.848857801796104,0.0,0.0,0.0,0.0,0.0,0.0,0.0,0.0,0.0,0.0,0.0,9.219544457292887,9.848857801796104,10.816653826391969,11.40175425099138,11.313708498984761,11.40175425099138,10.816653826391969,10.295630140987,8.94427190999916,8.06225774829855,7.211102550927978,7.0710678118654755,5.385164807134504,8.06225774829855,9.0,12.165525060596439,14.317821063276353,16.278820596099706,18.24828759089466,19.235384061671343,19.235384061671343,20.09975124224178,19.026297590440446,18.027756377319946,17.11724276862369,14.142135623730951
1786417277.02261,-43,0.0,9.433981132056603,11.40175425099138,11.704699910719626,13.341664064126334,16.1245154965971,17.11724276862369,18.110770276274835,18.24828759089466,19.235384061671343,18.24828759089466,17.46424919657298,15.297058540778355,13.601470508735444,11.40175425099138,9.219544457292887,7.0,6.082762530298219,5.385164807134504,6.4031242374328485,7.0710678118654755,7.810249675906654,9.899494936611665,10.63014581273465,10.816653826391969,11.704699910719626,11.180339887498949,0.0,0.0,0.0,0.0,0.0,0.0,0.0,0.0,0.0,0.0,0.0,9.486832980505138,9.848857801796104,10.816653826391969,11.40175425099138,11.313708498984761,11.40175425099138,10.816653826391969,9.433981132056603,8.94427190999916,8.06225774829855,6.4031242374328485,6.4031242374328485,6.324555320336759,9.055385138137417,11.0,13.038404810405298,15.132745950421556,17.11724276862369,19.1049731745428,20.09975124224178,21.02379604162864,21.0,20.0,19.0,18.027756377319946,15.033296378372908
1786417277.135011,-43,0.0,20.024984394500787,18.027756377319946,16.0,12.165525060596439,8.94427190999916,8.602325267042627,9.848857801796104,12.165525060596439,14.142135623730951,15.033296378372908,18.110770276274835,18.110770276274835,17.26267650163207,18.681541692269406,17.72004514666935,14.866068747318506,12.083045973594572,11.180339887498949,8.54400374531753,6.324555320336759,5.0990195135927845,5.385164807134504,7.211102550927978,6.708203932499369,8.94427190999916,10.44030650891055,0.0,0.0,0.0,0.0,0.0,0.0,0.0,0.0,0.0,0.0,0.0,3.605551275463989,6.4031242374328485,7.211102550927978,8.06225774829855,10.0,11.313708498984761,11.40175425099138,13.038404810405298,13.416407864998739,14.317821063276353,14.560219778561036,13.601470508735444,10.44030650891055,10.44030650891055,7.211102550927978,7.0710678118654755,7.211102550927978,9.055385138137417,12.041594578792296,15.132745950421556,17.26267650163207,21.37755832643195,22.20360331117452,26.076809620810597,26.019223662515376,27.018512172212592
1786417277.248327,-43,0.0,9.219544457292887,11.0,12.083045973594572,13.038404810405298,14.422205101855956,16.401219466856727,17.204650534085253,17.204650534085253,18.027756377319946,17.204650534085253,16.64331697709324,15.264337522473747,13.416407864998739,11.661903789690601,8.06225774829855,7.211102550927978,5.0,4.123105625617661,5.0990195135927845,6.324555320336759,8.246211251235321,9.055385138137417,10.0,10.198039027185569,11.40175425099138,10.295630140987,0.0,0.0,0.0,0.0,0.0,0.0,0.0,0.0,0.0,0.0,0.0,10.295630140987,10.44030650891055,11.180339887498949,13.038404810405298,13.038404810405298,11.180339887498949,10.198039027185569,9.486832980505138,8.54400374531753,7.280109889280518,7.280109889280518,7.0,6.324555320336759,8.602325267042627,10.63014581273465,13.45362404707371,15.620499351813308,17.804493814764857,18.439088914585774,19.849433241279208,20.518284528683193,20.518284528683193,19.79898987322333,20.518284528683193,17.69180601295413,15.556349186104045
1786417277.3609002,-43,0.0,9.055385138137417,9.433981132056603,10.63014581273465,12.529964086141668,13.92838827718412,15.811388300841896,16.15549442140351,16.55294535724685,17.0,17.0,17.0,14.317821063276353,13.038404810405298,10.295630140987,8.06225774829855,6.324555320336759,4.0,5.385164807134504,6.4031242374328485,7.0710678118654755,9.219544457292887,9.899494936611665,10.816653826391969,10.770329614269007,12.36931687685298,10.0,0.0,0.0,0.0,0.0,0.0,0.0,0.0,0.0,0.0,0.0,0.0,9.219544457292887,10.63014581273465,10.816653826391969,12.529964086141668,12.649110640673518,11.40175425099138,10.198039027185569,10.04987562112089,8.0,8.0,8.06225774829855,7.615773105863909,6.4031242374328485,8.602325267042627,9.486832980505138,12.649110640673518,14.317821063276353,16.492422502470642,18.439088914585774,18.681541692269406,18.973665961010276,19.313207915827967,18.384776310850235,20.248456731316587,17.72004514666935,14.866068747318506
1786417277.4782789,-43,0.0,21.095023109728988,18.027756377319946,15.264337522473747,11.313708498984761,9.433981132056603,9.219544457292887,10.04987562112089,11.704699910719626,14.317821063276353,15.652475842498529,16.55294535724685,17.46424919657298,16.76305461424021,18.681541692269406,16.492422502470642,14.317821063276353,12.165525060596439,9.055385138137417,8.06225774829855,5.385164807134504,5.0,5.656854249492381,6.708203932499369,7.211102550927978,8.602325267042627,9.899494936611665,0.0,0.0,0.0,0.0,0.0,0.0,0.0,0.0,0.0,0.0,0.0,4.123105625617661,7.0,8.06225774829855,9.0,10.0,11.180339887498949,12.36931687685298,12.649110640673518,14.317821063276353,14.7648230602334,15.0,14.212670403551895,11.40175425099138,11.40175425099138,7.615773105863909,8.06225774829855,8.06225774829855,9.433981132056603,12.206555615733702,14.212670403551895,18.384776310850235,20.518284528683193,22.67156809750927,25.612496949731394,26.627053911388696,26.419689627245813
1786417277.587143,-43,0.0,22.627416997969522,20.518284528683193,17.69180601295413,12.206555615733702,9.486832980505138,9.0,9.486832980505138,11.661903789690601,14.212670403551895,16.278820596099706,17.029386365926403,18.439088914585774,17.204650534085253,18.867962264113206,18.35755975068582,14.317821063276353,13.0,9.848857801796104,8.246211251235321,5.0,4.242640687119285,4.47213595499958,5.0990195135927845,7.0710678118654755,8.54400374531753,9.848857801796104,0.0,0.0,0.0,0.0,0.0,0.0,0.0,0.0,0.0,0.0,0.0,5.0990195135927845,7.280109889280518,9.219544457292887,10.198039027185569,12.165525060596439,12.041594578792296,14.0,15.132745950421556,16.492422502470642,16.76305461424021,17.08800749063506,15.652475842498529,13.0,12.083045973594572,9.055385138137417,9.055385138137417,8.54400374531753,10.63014581273465,13.45362404707371,15.811388300841896,19.4164878389476,23.021728866442675,24.413111231467404,27.80287754891569,29.068883707497267,29.0
1786417277.7023702,-43,0.0,9.899494936611665,11.180339887498949,12.165525060596439,13.0,16.1245154965971,17.11724276862369,18.110770276274835,18.110770276274835,19.1049731745428,18.027756377319946,17.0,16.0,14.035668847618199,11.0,9.0,8.06225774829855,5.830951894845301,5.0,5.830951894845301,6.708203932499369,8.06225774829855,8.94427190999916,10.0,11.313708498984761,11.40175425099138,11.180339887498949,0.0,0.0,0.0,0.0,0.0,0.0,0.0,0.0,0.0,0.0,0.0,10.0,10.04987562112089,11.40175425099138,11.704699910719626,11.661903789690601,11.40175425099138,10.63014581273465,9.899494936611665,9.219544457292887,8.48528137423857,7.211102550927978,6.708203932499369,7.0,9.055385138137417,10.44030650891055,13.92838827718412,15.231546211727817,17.46424919657298,19.313207915827967,20.248456731316587,20.8806130178211,20.8806130178211,20.615528128088304,19.6468827043885,17.72004514666935,15.524174696260024
1786417277.813278,-43,0.0,11.045361017187261,11.40175425099138,11.40175425099138,14.142135623730951,14.866068747318506,17.029386365926403,18.439088914585774,18.439088914585774,19.1049731745428,18.384776310850235,18.384776310850235,15.556349186104045,14.212670403551895,12.041594578792296,9.219544457292887,7.0710678118654755,5.385164807134504,5.0,5.385164807134504,6.708203932499369,8.06225774829855,9.848857801796104,10.198039027185569,11.0,12.041594578792296,11.40175425099138,0.0,0.0,0.0,0.0,0.0,0.0,0.0,0.0,0.0,0.0,0.0,10.816653826391969,11.180339887498949,12.649110640673518,13.341664064126334,13.038404810405298,12.0,11.045361017187261,10.04987562112089,9.055385138137417,8.06225774829855,8.06225774829855,7.280109889280518,7.211102550927978,8.48528137423857,11.40175425099138,14.422205101855956,16.1245154965971,19.235384061671343,19.72308292331602,20.248456731316587,21.633307652783937,21.633307652783937,21.400934559032695,21.400934559032695,18.867962264113206,16.64331697709324
1786417277.9257898,-43,0.0,26.68332812825267,25.495097567963924,23.194827009486403,21.095023109728988,18.110770276274835,16.1245154965971,12.165525060596439,9.848857801796104,7.810249675906654,8.06225774829855,9.219544457292887,11.045361017187261,12.0,14.035668847618199,15.033296378372908,15.297058540778355,15.524174696260024,14.866068747318506,13.416407864998739,11.661903789690601,10.816653826391969,9.219544457292887,6.4031242374328485,5.0,4.47213595499958,5.0990195135927845,0.0,0.0,0.0,0.0,0.0,0.0,0.0,0.0,0.0,0.0,0.0,7.280109889280518,6.082762530298219,5.0990195135927845,4.123105625617661,3.605551275463989,5.656854249492381,7.211102550927978,9.219544457292887,10.63014581273465,14.142135623730951,14.866068747318506,15.811388300841896,16.1245154965971,15.652475842498529,15.231546211727817,14.317821063276353,12.529964086141668,11.180339887498949,9.219544457292887,8.602325267042627,9.055385138137417,11.045361017187261,13.601470508735444,16.76305461424021,19.924858845171276,24.041630560342615
1786417278.039003,-43,0.0,21.470910553583888,20.591260281974,17.0,12.806248474865697,10.0,10.44030650891055,10.0,12.36931687685298,14.560219778561036,16.15549442140351,16.76305461424021,17.72004514666935,17.46424919657298,18.439088914585774,17.26267650163207,15.033296378372908,13.0,11.045361017187261,8.0,6.0,5.385164807134504,5.0,6.4031242374328485,6.4031242374328485,8.48528137423857,9.899494936611665,0.0,0.0,0.0,0.0,0.0,0.0,0.0,0.0,0.0,0.0,0.0,4.123105625617661,7.0,8.0,10.0,11.045361017187261,12.36931687685298,12.649110640673518,13.92838827718412,14.7648230602334,15.811388300841896,15.620499351813308,14.866068747318506,12.041594578792296,10.63014581273465,8.54400374531753,8.06225774829855,8.06225774829855,9.848857801796104,13.038404810405298,15.811388300841896,19.209372712298546,22.20360331117452,24.20743687382041,26.92582403567252,27.784887978899608,27.730849247724095
1786417278.152086,-43,0.0,27.459060435491963,25.80697580112788,23.430749027719962,21.2602916254693,17.69180601295413,16.278820596099706,12.806248474865697,10.295630140987,7.280109889280518,7.0710678118654755,8.06225774829855,9.219544457292887,10.63014581273465,12.806248474865697,13.45362404707371,14.422205101855956,13.892443989449804,13.92838827718412,12.649110640673518,10.198039027185569,10.04987562112089,8.0,6.0,5.0,4.123105625617661,4.47213595499958,0.0,0.0,0.0,0.0,0.0,0.0,0.0,0.0,0.0,0.0,0.0,8.602325267042627,7.810249675906654,6.4031242374328485,5.385164807134504,5.0990195135927845,7.0710678118654755,8.0,10.0,12.0,14.035668847618199,16.1245154965971,16.492422502470642,16.492422502470642,16.76305461424021,17.08800749063506,15.811388300841896,13.601470508735444,12.36931687685298,10.04987562112089,9.055385138137417,9.433981132056603,10.63014581273465,14.422205101855956,17.0,20.12461179749811,24.186773244895647
1786417278.3781161,-43,0.0,21.37755832643195,18.681541692269406,15.524174696260024,13.0,10.63014581273465,9.433981132056603,10.44030650891055,12.041594578792296,14.0,16.0312195418814,18.0,18.0,18.110770276274835,18.24828759089466,17.46424919657298,14.560219778561036,12.649110640673518,10.770329614269007,8.54400374531753,6.324555320336759,6.0,6.082762530298219,6.708203932499369,7.615773105863909,9.486832980505138,10.198039027185569,0.0,0.0,0.0,0.0,0.0,0.0,0.0,0.0,0.0,0.0,0.0,4.123105625617661,6.082762530298219,8.06225774829855,8.06225774829855,10.198039027185569,10.770329614269007,12.083045973594572,13.038404810405298,14.212670403551895,14.866068747318506,14.212670403551895,13.45362404707371,11.40175425099138,10.63014581273465,8.602325267042627,7.615773105863909,8.06225774829855,9.219544457292887,12.649110640673518,15.231546211727817,17.88854381999832,21.02379604162864,22.847319317591726,25.632011235952593,26.248809496813376,26.68332812825267
1786417278.411532,-96,0.0,12.206555615733702,13.601470508735444,13.892443989449804,13.892443989449804,14.7648230602334,14.7648230602334,13.892443989449804,12.529964086141668,11.661903789690601,9.219544457292887,7.810249675906654,6.708203932499369,7.0,7.280109889280518,8.94427190999916,10.0,12.041594578792296,12.727922061357855,13.45362404707371,12.727922061357855,12.041594578792296,12.041594578792296,11.40175425099138,10.816653826391969,9.433981132056603,8.94427190999916,0.0,0.0,0.0,0.0,0.0,0.0,0.0,0.0,0.0,0.0,0.0,9.848857801796104,10.295630140987,10.295630140987,10.816653826391969,9.219544457292887,9.899494936611665,7.810249675906654,5.656854249492381,3.605551275463989,2.0,3.1622776601683795,5.0,7.0,9.055385138137417,11.045361017187261,11.180339887498949,13.152946437965905,12.165525060596439,11.180339887498949,10.04987562112089,9.055385138137417,8.0,6.082762530298219,5.385164807134504,3.605551275463989,3.605551275463989
1786417278.470507,-95,0.0,10.770329614269007,10.44030650891055,10.770329614269007,11.180339887498949,11.180339887498949,11.180339887498949,12.529964086141668,11.180339887498949,10.295630140987,10.0,9.899494936611665,8.602325267042627,8.54400374531753,8.06225774829855,9.055385138137417,10.198039027185569,11.40175425099138,11.180339887498949,12.36931687685298,11.40175425099138,11.180339887498949,10.198039027185569,10.04987562112089,10.0,10.0,9.0,0.0,0.0,0.0,0.0,0.0,0.0,0.0,0.0,0.0,0.0,0.0,11.704699910719626,11.704699910719626,10.770329614269007,9.486832980505138,8.54400374531753,7.615773105863909,6.324555320336759,5.385164807134504,3.605551275463989,3.1622776601683795,4.123105625617661,5.830951894845301,7.211102550927978,8.06225774829855,10.816653826391969,12.206555615733702,12.529964086141668,13.416407864998739,13.416407864998739,12.083045973594572,10.770329614269007,9.433981132056603,9.219544457292887,7.810249675906654,6.708203932499369,8.246211251235321
1786417278.4908218,-43,0.0,25.632011235952593,24.351591323771842,22.80350850198276,20.615528128088304,17.46424919657298,15.297058540778355,12.649110640673518,8.94427190999916,7.211102550927978,6.708203932499369,8.06225774829855,9.0,10.04987562112089,12.041594578792296,13.152946437965905,14.0,14.035668847618199,13.152946437965905,12.36931687685298,10.770329614269007,10.295630140987,8.602325267042627,7.211102550927978,5.0,3.605551275463989,3.1622776601683795,0.0,0.0,0.0,0.0,0.0,0.0,0.0,0.0,0.0,0.0,0.0,7.615773105863909,6.324555320336759,5.385164807134504,5.0,5.656854249492381,6.4031242374328485,8.06225774829855,10.295630140987,11.40175425099138,14.212670403551895,15.556349186104045,15.620499351813308,16.401219466856727,15.811388300841896,15.264337522473747,14.422205101855956,13.038404810405298,11.40175425099138,9.219544457292887,8.94427190999916,9.0,11.180339887498949,13.0,16.55294535724685,20.12461179749811,23.259406699226016
1786417278.58987,-94,0.0,11.704699910719626,11.704699910719626,13.0,14.317821063276353,13.92838827718412,14.317821063276353,12.529964086141668,11.180339887498949,9.433981132056603,7.810249675906654,6.4031242374328485,4.47213595499958,4.123105625617661,5.656854249492381,7.615773105863909,9.848857801796104,10.295630140987,12.083045973594572,12.083045973594572,12.083045973594572,12.083045973594572,11.180339887498949,10.295630140987,9.433981132056603,7.211102550927978,6.708203932499369,0.0,0.0,0.0,0.0,0.0,0.0,0.0,0.0,0.0,0.0,0.0,12.727922061357855,12.727922061357855,11.313708498984761,9.219544457292887,7.810249675906654,7.211102550927978,4.47213595499958,3.0,2.23606797749979,3.0,5.0990195135927845,7.280109889280518,9.219544457292887,11.180339887498949,12.36931687685298,13.341664064126334,13.341664064126334,13.152946437965905,12.165525060596439,12.041594578792296,10.198039027185569,8.246211251235321,7.615773105863909,6.708203932499369,5.830951894845301,6.4031242374328485
1786417278.6038442,-43,0.0,21.95449840010015,19.72308292331602,16.64331697709324,12.041594578792296,10.816653826391969,10.44030650891055,11.0,12.165525060596439,14.560219778561036,15.811388300841896,17.72004514666935,18.681541692269406,17.46424919657298,19.235384061671343,17.11724276862369,15.033296378372908,13.0,10.04987562112089,8.06225774829855,6.0,5.385164807134504,5.830951894845301,6.4031242374328485,7.0710678118654755,9.219544457292887,10.0,0.0,0.0,0.0,0.0,0.0,0.0,0.0,0.0,0.0,0.0,0.0,5.0990195135927845,8.06225774829855,9.055385138137417,10.04987562112089,12.0,12.165525060596439,13.341664064126334,13.601470508735444,14.317821063276353,14.7648230602334,15.811388300841896,14.422205101855956,12.206555615733702,10.816653826391969,8.54400374531753,9.055385138137417,9.219544457292887,11.180339887498949,13.892443989449804,15.811388300841896,19.849433241279208,22.80350850198276,23.430749027719962,26.627053911388696,28.30194339616981,28.178005607210743
1786417278.8296351,-43,0.0,21.37755832643195,17.72004514666935,15.524174696260024,11.704699910719626,9.219544457292887,8.94427190999916,9.219544457292887,11.045361017187261,13.152946437965905,15.297058540778355,17.11724276862369,17.11724276862369,16.0312195418814,18.0,17.029386365926403,14.035668847618199,12.165525060596439,10.44030650891055,7.0710678118654755,5.0,4.47213595499958,5.0,6.4031242374328485,7.0710678118654755,8.602325267042627,9.433981132056603,0.0,0.0,0.0,0.0,0.0,0.0,0.0,0.0,0.0,0.0,0.0,5.0,7.280109889280518,8.54400374531753,8.54400374531753,10.770329614269007,11.661903789690601,12.206555615733702,13.45362404707371,14.142135623730951,15.620499351813308,15.264337522473747,14.422205101855956,11.661903789690601,11.661903789690601,7.810249675906654,8.06225774829855,8.246211251235321,9.055385138137417,12.36931687685298,14.866068747318506,17.46424919657298,20.615528128088304,22.847319317591726,26.248809496813376,25.96150997149434,26.476404589747453
1786417278.942358,-43,0.0,9.055385138137417,11.180339887498949,11.661903789690601,14.212670403551895,14.866068747318506,16.97056274847714,17.69180601295413,17.69180601295413,19.1049731745428,18.439088914585774,17.804493814764857,15.620499351813308,13.601470508735444,12.041594578792296,8.48528137423857,7.810249675906654,6.324555320336759,6.0,7.280109889280518,8.54400374531753,10.44030650891055,11.40175425099138,11.045361017187261,12.041594578792296,12.36931687685298,11.704699910719626,0.0,0.0,0.0,0.0,0.0,0.0,0.0,0.0,0.0,0.0,0.0,9.433981132056603,9.486832980505138,11.180339887498949,12.041594578792296,12.041594578792296,11.045361017187261,10.198039027185569,9.486832980505138,8.54400374531753,7.615773105863909,7.280109889280518,6.0,6.324555320336759,7.810249675906654,9.899494936611665,12.806248474865697,14.422205101855956,18.027756377319946,17.804493814764857,19.209372712298546,19.209372712298546,19.849433241279208,19.1049731745428,20.518284528683193,17.029386365926403,15.620499351813308
1786417278.991149,-95,0.0,12.041594578792296,12.041594578792296,13.038404810405298,14.035668847618199,14.0,14.035668847618199,13.038404810405298,11.045361017187261,10.198039027185569,8.54400374531753,7.615773105863909,7.211102550927978,7.0710678118654755,7.211102550927978,8.06225774829855,8.94427190999916,9.848857801796104,9.848857801796104,10.0,10.816653826391969,10.816653826391969,10.0,10.0,9.219544457292887,9.219544457292887,7.810249675906654,0.0,0.0,0.0,0.0,0.0,0.0,0.0,0.0,0.0,0.0,0.0,9.486832980505138,9.486832980505138,9.219544457292887,7.280109889280518,7.280109889280518,6.082762530298219,4.0,3.1622776601683795,4.242640687119285,4.47213595499958,6.324555320336759,7.280109889280518,8.54400374531753,10.44030650891055,10.770329614269007,11.661903789690601,10.816653826391969,10.63014581273465,11.313708498984761,10.63014581273465,9.899494936611665,8.48528137423857,7.211102550927978,6.324555320336759,5.0,5.385164807134504
1786417278.9950871,-95,0.0,17.26267650163207,17.26267650163207,17.26267650163207,17.11724276862369,17.11724276862369,16.1245154965971,14.035668847618199,13.0,12.041594578792296,9.219544457292887,7.280109889280518,5.385164807134504,5.0,5.0990195135927845,6.0,9.0,10.04987562112089,10.198039027185569,11.180339887498949,13.152946437965905,13.341664064126334,12.36931687685298,11.40175425099138,11.704699910719626,9.848857801796104,9.848857801796104,0.0,0.0,0.0,0.0,0.0,0.0,0.0,0.0,0.0,0.0,0.0,11.0,11.0,10.0,9.055385138137417,8.0,6.0,5.0990195135927845,4.47213595499958,3.605551275463989,4.0,6.324555320336759,8.54400374531753,9.486832980505138,10.770329614269007,12.649110640673518,13.601470508735444,13.341664064126334,14.317821063276353,14.142135623730951,12.041594578792296,11.180339887498949,10.44030650891055,9.848857801796104,9.433981132056603,9.899494936611665,10.816653826391969
1786417278.9994822,-95,0.0,12.36931687685298,12.36931687685298,12.649110640673518,12.083045973594572,12.083045973594572,11.180339887498949,9.848857801796104,9.486832980505138,8.246211251235321,7.0710678118654755,6.082762530298219,5.385164807134504,5.0,6.708203932499369,7.615773105863909,8.246211251235321,10.198039027185569,10.04987562112089,10.04987562112089,11.045361017187261,10.04987562112089,10.04987562112089,9.055385138137417,8.06225774829855,8.06225774829855,7.0710678118654755,0.0,0.0,0.0,0.0,0.0,0.0,0.0,0.0,0.0,0.0,0.0,11.180339887498949,11.180339887498949,10.198039027185569,10.04987562112089,8.06225774829855,8.0,6.082762530298219,3.605551275463989,3.605551275463989,4.123105625617661,5.0990195135927845,6.708203932499369,8.602325267042627,8.602325267042627,10.0,10.63014581273465,10.816653826391969,10.816653826391969,10.816653826391969,9.433981132056603,7.810249675906654,7.0710678118654755,5.830951894845301,5.385164807134504,5.0990195135927845,5.0990195135927845
1786417279.065251,-43,0.0,21.633307652783937,19.4164878389476,16.401219466856727,11.313708498984761,8.94427190999916,9.055385138137417,9.219544457292887,12.083045973594572,13.892443989449804,15.811388300841896,16.64331697709324,18.867962264113206,17.0,18.384776310850235,16.76305461424021,14.560219778561036,13.341664064126334,10.198039027185569,8.06225774829855,5.385164807134504,5.0,5.0,6.324555320336759,7.615773105863909,8.602325267042627,10.816653826391969,0.0,0.0,0.0,0.0,0.0,0.0,0.0,0.0,0.0,0.0,0.0,4.123105625617661,6.0,8.06225774829855,9.055385138137417,11.0,11.045361017187261,12.36931687685298,13.601470508735444,14.317821063276353,15.652475842498529,15.811388300841896,14.422205101855956,11.40175425099138,11.40175425099138,8.54400374531753,8.06225774829855,8.06225774829855,9.433981132056603,12.041594578792296,14.866068747318506,17.69180601295413,21.213203435596427,23.345235059857504,26.1725046566048,27.65863337187866,27.202941017470888
1786417279.1713421,-43,0.0,26.92582403567252,25.298221281347036,23.769728648009426,21.540659228538015,18.788294228055936,16.15549442140351,13.0,10.198039027185569,8.06225774829855,6.324555320336759,7.810249675906654,8.602325267042627,10.295630140987,11.661903789690601,13.038404810405298,13.601470508735444,13.45362404707371,13.45362404707371,12.206555615733702,11.180339887498949,9.848857801796104,9.486832980505138,7.280109889280518,5.0990195135927845,4.123105625617661,3.605551275463989,0.0,0.0,0.0,0.0,0.0,0.0,0.0,0.0,0.0,0.0,0.0,7.280109889280518,6.324555320336759,6.082762530298219,6.0,6.082762530298219,7.280109889280518,8.54400374531753,10.770329614269007,12.649110640673518,14.317821063276353,16.278820596099706,17.029386365926403,17.029386365926403,17.0,16.0312195418814,15.033296378372908,13.0,12.0,10.198039027185569,8.06225774829855,9.219544457292887,11.180339887498949,13.601470508735444,17.26267650163207,20.396078054371138,23.53720459187964
1786417279.2860281,-43,0.0,10.0,9.848857801796104,11.40175425099138,13.45362404707371,15.0,17.204650534085253,18.601075237738275,18.601075237738275,18.439088914585774,18.439088914585774,17.029386365926403,14.866068747318506,13.45362404707371,11.313708498984761,9.219544457292887,7.211102550927978,5.385164807134504,6.0,6.082762530298219,7.280109889280518,8.246211251235321,9.219544457292887,10.04987562112089,11.0,11.045361017187261,10.44030650891055,0.0,0.0,0.0,0.0,0.0,0.0,0.0,0.0,0.0,0.0,0.0,9.219544457292887,9.219544457292887,10.295630140987,10.770329614269007,10.44030650891055,11.180339887498949,10.0,9.0,8.0,8.0,7.0710678118654755,5.830951894845301,6.4031242374328485,7.211102550927978,9.848857801796104,11.704699910719626,13.92838827718412,17.08800749063506,18.384776310850235,19.697715603592208,20.12461179749811,20.12461179749811,19.235384061671343,19.235384061671343,17.0,15.231546211727817
1786417279.395197,-43,0.0,21.587033144922902,19.924858845171276,16.76305461424021,13.0,10.0,8.94427190999916,9.219544457292887,11.0,13.152946437965905,14.317821063276353,17.26267650163207,17.26267650163207,17.029386365926403,18.0,17.0,14.035668847618199,12.165525060596439,10.44030650891055,7.280109889280518,5.0990195135927845,4.123105625617661,4.47213595499958,5.0,5.656854249492381,7.810249675906654,8.602325267042627,0.0,0.0,0.0,0.0,0.0,0.0,0.0,0.0,0.0,0.0,0.0,5.830951894845301,7.280109889280518,8.246211251235321,9.486832980505138,11.704699910719626,12.529964086141668,13.038404810405298,14.212670403551895,14.866068747318506,15.556349186104045,16.401219466856727,15.0,12.206555615733702,12.206555615733702,9.219544457292887,8.94427190999916,8.246211251235321,10.198039027185569,12.649110640673518,15.811388300841896,18.788294228055936,21.93171219946131,23.259406699226016,26.92582403567252,27.51363298439521,27.65863337187866
1786417279.508438,-43,0.0,23.021728866442675,20.248456731316587,18.027756377319946,13.0,11.180339887498949,10.04987562112089,10.770329614269007,12.206555615733702,14.866068747318506,16.278820596099706,17.69180601295413,18.439088914585774,17.804493814764857,19.4164878389476,17.4928556845359,15.652475842498529,13.0,10.770329614269007,8.54400374531753,5.830951894845301,5.0,5.0,5.385164807134504,7.280109889280518,8.06225774829855,10.295630140987,0.0,0.0,0.0,0.0,0.0,0.0,0.0,0.0,0.0,0.0,0.0,5.385164807134504,8.602325267042627,9.433981132056603,10.816653826391969,11.661903789690601,13.0,13.601470508735444,14.142135623730951,15.033296378372908,16.0,16.0312195418814,15.132745950421556,12.041594578792296,12.165525060596439,9.219544457292887,8.94427190999916,10.0,11.40175425099138,13.892443989449804,16.55294535724685,19.697715603592208,23.259406699226016,24.596747752497688,28.178005607210743,29.154759474226502,28.844410203711913
1786417279.623252,-43,0.0,17.69180601295413,19.1049731745428,20.518284528683193,21.213203435596427,21.213203435596427,19.849433241279208,18.439088914585774,17.029386365926403,14.212670403551895,12.041594578792296,9.899494936611665,8.06225774829855,6.324555320336759,6.0,7.280109889280518,8.94427190999916,9.848857801796104,11.180339887498949,11.704699910719626,11.40175425099138,12.165525060596439,12.0,11.045361017187261,10.198039027185569,9.486832980505138,7.615773105863909,0.0,0.0,0.0,0.0,0.0,0.0,0.0,0.0,0.0,0.0,0.0,10.295630140987,9.486832980505138,9.219544457292887,9.055385138137417,7.0,6.0,5.0,4.47213595499958,5.0,6.4031242374328485,8.06225774829855,10.295630140987,11.661903789690601,13.892443989449804,15.264337522473747,15.811388300841896,17.204650534085253,16.401219466856727,16.401219466856727,15.620499351813308,13.601470508735444,11.661903789690601,9.848857801796104,9.0,9.486832980505138,11.661903789690601
1786417279.734288,-43,0.0,28.600699292150182,27.018512172212592,25.495097567963924,22.627416997969522,19.79898987322333,16.97056274847714,13.45362404707371,10.295630140987,8.54400374531753,8.0,8.54400374531753,10.295630140987,12.206555615733702,13.038404810405298,14.422205101855956,14.7648230602334,15.231546211727817,14.866068747318506,13.341664064126334,12.041594578792296,11.0,9.055385138137417,7.0710678118654755,6.0,5.0990195135927845,5.385164807134504,0.0,0.0,0.0,0.0,0.0,0.0,0.0,0.0,0.0,0.0,0.0,8.06225774829855,6.4031242374328485,5.830951894845301,5.385164807134504,5.0990195135927845,7.0,8.0,10.04987562112089,12.0,14.035668847618199,15.297058540778355,16.492422502470642,16.76305461424021,17.08800749063506,16.15549442140351,14.866068747318506,13.92838827718412,12.649110640673518,10.04987562112089,9.055385138137417,10.295630140987,12.041594578792296,15.0,18.027756377319946,21.095023109728988,25.238858928247925
1786417279.8467069,-43,0.0,17.26267650163207,19.1049731745428,20.223748416156685,21.213203435596427,20.09975124224178,20.09975124224178,18.0,16.0,14.0,12.0,9.055385138137417,7.280109889280518,5.830951894845301,5.830951894845301,7.280109889280518,9.219544457292887,10.198039027185569,11.40175425099138,11.704699910719626,11.704699910719626,11.661903789690601,11.40175425099138,11.313708498984761,10.0,8.94427190999916,6.708203932499369,0.0,0.0,0.0,0.0,0.0,0.0,0.0,0.0,0.0,0.0,0.0,10.04987562112089,9.486832980505138,8.94427190999916,8.06225774829855,7.211102550927978,6.4031242374328485,5.830951894845301,4.123105625617661,5.0,6.082762530298219,8.54400374531753,10.770329614269007,12.083045973594572,13.92838827718412,14.560219778561036,16.76305461424021,16.76305461424021,16.492422502470642,16.492422502470642,14.560219778561036,13.601470508735444,11.704699910719626,9.433981132056603,8.48528137423857,8.54400374531753,11.045361017187261
1786417279.960553,-43,0.0,16.492422502470642,18.439088914585774,19.6468827043885,20.615528128088304,19.4164878389476,19.235384061671343,18.110770276274835,16.0312195418814,14.035668847618199,12.041594578792296,9.219544457292887,7.280109889280518,5.0,5.385164807134504,6.082762530298219,8.06225774829855,9.0,10.04987562112089,10.198039027185569,10.44030650891055,10.770329614269007,10.295630140987,10.0,9.219544457292887,8.602325267042627,6.708203932499369,0.0,0.0,0.0,0.0,0.0,0.0,0.0,0.0,0.0,0.0,0.0,11.0,10.198039027185569,10.44030650891055,9.486832980505138,7.615773105863909,7.615773105863909,6.324555320336759,5.0990195135927845,5.0990195135927845,6.324555320336759,8.94427190999916,11.180339887498949,12.529964086141668,14.7648230602334,15.231546211727817,16.55294535724685,17.46424919657298,17.08800749063506,17.08800749063506,15.231546211727817,13.92838827718412,12.083045973594572,10.0,8.602325267042627,9.486832980505138,11.0
1786417280.072962,-43,0.0,21.587033144922902,19.235384061671343,16.1245154965971,13.0,10.44030650891055,9.219544457292887,10.0,11.704699910719626,13.601470508735444,15.524174696260024,17.72004514666935,18.027756377319946,16.15549442140351,17.88854381999832,17.4928556845359,13.892443989449804,12.206555615733702,10.63014581273465,7.211102550927978,5.385164807134504,4.0,5.0990195135927845,6.708203932499369,6.324555320336759,8.246211251235321,10.04987562112089,0.0,0.0,0.0,0.0,0.0,0.0,0.0,0.0,0.0,0.0,0.0,4.47213595499958,7.810249675906654,8.602325267042627,9.219544457292887,11.313708498984761,12.041594578792296,13.038404810405298,13.892443989449804,14.866068747318506,15.811388300841896,16.278820596099706,15.297058540778355,12.165525060596439,12.165525060596439,8.94427190999916,8.48528137423857,8.602325267042627,10.44030650891055,12.165525060596439,16.0312195418814,18.0,22.0,24.020824298928627,27.073972741361768,27.294688127912362,27.459060435491963
1786417280.1318588,-43,0.0,16.64331697709324,18.027756377319946,20.0,20.248456731316587,20.248456731316587,19.72308292331602,18.35755975068582,16.55294535724685,14.317821063276353,12.083045973594572,9.433981132056603,7.211102550927978,6.4031242374328485,5.0990195135927845,6.082762530298219,8.246211251235321,8.246211251235321,9.219544457292887,10.198039027185569,10.04987562112089,11.0,11.180339887498949,10.44030650891055,9.848857801796104,8.602325267042627,7.810249675906654,0.0,0.0,0.0,0.0,0.0,0.0,0.0,0.0,0.0,0.0,0.0,10.770329614269007,10.198039027185569,10.04987562112089,9.0,7.0710678118654755,6.0,5.0,5.385164807134504,5.830951894845301,7.0710678118654755,9.219544457292887,11.40175425099138,12.806248474865697,14.866068747318506,15.556349186104045,16.278820596099706,17.69180601295413,17.029386365926403,17.029386365926403,14.866068747318506,14.142135623730951,12.041594578792296,9.433981132056603,9.486832980505138,9.0,10.770329614269007
1786417280.1862268,-43,0.0,20.223748416156685,18.027756377319946,16.0312195418814,12.041594578792296,9.486832980505138,9.899494936611665,10.816653826391969,11.704699910719626,14.866068747318506,15.524174696260024,17.72004514666935,18.973665961010276,17.08800749063506,18.788294228055936,18.35755975068582,15.264337522473747,12.206555615733702,11.40175425099138,8.602325267042627,5.830951894845301,5.0,6.0,6.324555320336759,7.280109889280518,9.219544457292887,10.04987562112089,0.0,0.0,0.0,0.0,0.0,0.0,0.0,0.0,0.0,0.0,0.0,4.242640687119285,7.211102550927978,8.06225774829855,8.602325267042627,10.0,11.313708498984761,11.40175425099138,13.038404810405298,13.416407864998739,13.92838827718412,14.560219778561036,13.341664064126334,11.40175425099138,11.180339887498949,7.211102550927978,7.810249675906654,8.06225774829855,10.04987562112089,12.0,15.0,18.110770276274835,21.02379604162864,23.021728866442675,26.019223662515376,27.073972741361768,27.294688127912362
1786417280.29969,-44,0.0,17.0,18.788294228055936,20.12461179749811,21.02379604162864,20.615528128088304,20.615528128088304,18.973665961010276,16.76305461424021,14.866068747318506,12.649110640673518,9.486832980505138,6.708203932499369,5.656854249492381,5.385164807134504,6.0,7.0710678118654755,9.055385138137417,10.04987562112089,10.04987562112089,11.0,11.045361017187261,11.180339887498949,10.770329614269007,9.433981132056603,9.219544457292887,7.810249675906654,0.0,0.0,0.0,0.0,0.0,0.0,0.0,0.0,0.0,0.0,0.0,11.045361017187261,11.045361017187261,10.198039027185569,9.219544457292887,7.280109889280518,7.280109889280518,6.082762530298219,6.0,5.385164807134504,7.211102550927978,10.0,12.206555615733702,13.601470508735444,14.422205101855956,15.811388300841896,16.64331697709324,17.4928556845359,17.0,17.0,15.264337522473747,14.422205101855956,12.206555615733702,9.899494936611665,8.94427190999916,9.055385138137417,11.180339887498949
1786417280.413345,-43,0.0,9.219544457292887,10.295630140987,11.40175425099138,13.038404810405298,15.0,17.029386365926403,18.0,18.0,18.027756377319946,17.029386365926403,17.029386365926403,15.033296378372908,13.038404810405298,11.0,9.0,7.0710678118654755,5.385164807134504,5.830951894845301,6.4031242374328485,6.708203932499369,8.94427190999916,9.433981132056603,10.0,11.313708498984761,11.40175425099138,11.180339887498949,0.0,0.0,0.0,0.0,0.0,0.0,0.0,0.0,0.0,0.0,0.0,8.54400374531753,9.433981132056603,10.0,10.63014581273465,10.63014581273465,10.816653826391969,9.848857801796104,8.54400374531753,8.246211251235321,7.280109889280518,5.830951894845301,5.656854249492381,5.385164807134504,7.0710678118654755,9.055385138137417,12.165525060596439,13.341664064126334,16.278820596099706,18.24828759089466,19.1049731745428,19.1049731745428,20.024984394500787,19.026297590440446,18.027756377319946,16.1245154965971,14.142135623730951
1786417280.5257652,-43,0.0,27.586228448267445,26.90724809414742,25.612496949731394,22.80350850198276,18.601075237738275,16.401219466856727,13.45362404707371,10.0,8.94427190999916,8.06225774829855,9.219544457292887,10.770329614269007,12.083045973594572,13.416407864998739,14.317821063276353,15.811388300841896,15.524174696260024,15.132745950421556,14.035668847618199,12.0,11.180339887498949,9.219544457292887,7.280109889280518,6.082762530298219,5.0,5.0990195135927845,0.0,0.0,0.0,0.0,0.0,0.0,0.0,0.0,0.0,0.0,0.0,7.810249675906654,7.0710678118654755,5.656854249492381,5.830951894845301,5.385164807134504,6.082762530298219,8.06225774829855,10.04987562112089,12.165525060596439,14.317821063276353,15.811388300841896,16.15549442140351,16.55294535724685,17.0,16.1245154965971,15.264337522473747,13.892443989449804,11.180339887498949,10.198039027185569,10.0,9.848857801796104,12.206555615733702,14.866068747318506,18.439088914585774,21.2602916254693,25.495097567963924
1786417280.751046,-43,0.0,18.027756377319946,19.313207915827967,20.248456731316587,20.248456731316587,20.248456731316587,19.697715603592208,18.35755975068582,17.0,14.7648230602334,12.529964086141668,8.94427190999916,7.280109889280518,6.0,5.0,5.0,8.06225774829855,8.94427190999916,10.816653826391969,10.816653826391969,10.63014581273465,10.63014581273465,10.0,9.848857801796104,9.486832980505138,8.06225774829855,7.0,0.0,0.0,0.0,0.0,0.0,0.0,0.0,0.0,0.0,0.0,0.0,11.313708498984761,10.816653826391969,10.295630140987,9.848857801796104,7.615773105863909,7.615773105863909,6.708203932499369,6.4031242374328485,5.830951894845301,6.708203932499369,9.219544457292887,11.40175425099138,13.152946437965905,15.297058540778355,15.524174696260024,17.72004514666935,17.72004514666935,18.027756377319946,16.76305461424021,15.811388300841896,14.560219778561036,12.36931687685298,10.04987562112089,9.219544457292887,9.433981132056603,10.0
1786417280.8664808,-43,0.0,22.360679774997898,18.788294228055936,17.46424919657298,12.36931687685298,10.0,8.54400374531753,10.0,11.40175425099138,14.422205101855956,15.264337522473747,17.4928556845359,18.027756377319946,17.204650534085253,18.439088914585774,17.69180601295413,14.866068747318506,11.40175425099138,10.0,7.810249675906654,5.0,4.47213595499958,5.0,6.082762530298219,7.0,8.0,9.219544457292887,0.0,0.0,0.0,0.0,0.0,0.0,0.0,0.0,0.0,0.0,0.0,5.0990195135927845,8.602325267042627,8.602325267042627,9.433981132056603,11.661903789690601,12.529964086141668,13.92838827718412,14.560219778561036,15.132745950421556,16.1245154965971,17.0,15.033296378372908,12.0,12.041594578792296,8.246211251235321,8.06225774829855,9.219544457292887,10.295630140987,13.0,15.524174696260024,18.439088914585774,21.587033144922902,24.041630560342615,27.202941017470888,27.85677655436824,27.313000567495326
1786417280.977,-44,0.0,26.076809620810597,25.0,23.021728866442675,21.02379604162864,17.029386365926403,15.033296378372908,12.0,9.219544457292887,6.708203932499369,7.211102550927978,8.54400374531753,10.198039027185569,11.180339887498949,13.152946437965905,14.142135623730951,14.560219778561036,14.866068747318506,14.317821063276353,12.529964086141668,10.816653826391969,10.63014581273465,8.48528137423857,7.0710678118654755,5.0,4.47213595499958,4.123105625617661,0.0,0.0,0.0,0.0,0.0,0.0,0.0,0.0,0.0,0.0,0.0,7.0710678118654755,6.324555320336759,5.0990195135927845,5.0,4.123105625617661,5.385164807134504,6.4031242374328485,8.602325267042627,10.816653826391969,12.529964086141668,13.92838827718412,14.866068747318506,15.524174696260024,15.297058540778355,15.132745950421556,14.142135623730951,12.165525060596439,10.44030650891055,8.54400374531753,7.810249675906654,8.54400374531753,10.04987562112089,13.038404810405298,16.1245154965971,19.235384061671343,22.20360331117452
1786417281.0904891,-43,0.0,22.360679774997898,18.35755975068582,17.0,12.649110640673518,10.0,9.486832980505138,10.0,12.041594578792296,14.212670403551895,15.811388300841896,17.204650534085253,18.439088914585774,17.69180601295413,19.1049731745428,18.439088914585774,15.0,13.038404810405298,10.816653826391969,8.602325267042627,5.656854249492381,5.0,5.0990195135927845,6.0,8.06225774829855,9.219544457292887,10.44030650891055,0.0,0.0,0.0,0.0,0.0,0.0,0.0,0.0,0.0,0.0,0.0,4.123105625617661,7.211102550927978,7.211102550927978,8.602325267042627,10.295630140987,11.180339887498949,12.649110640673518,13.341664064126334,14.035668847618199,15.0,16.0312195418814,14.142135623730951,12.165525060596439,12.165525060596439,8.06225774829855,7.615773105863909,8.06225774829855,9.433981132056603,12.083045973594572,14.866068747318506,17.72004514666935,20.8806130178211,23.40939982143925,26.92582403567252,27.313000567495326,26.832815729997478
1786417281.2126179,-43,0.0,27.202941017470888,25.553864678361276,24.186773244895647,20.12461179749811,17.88854381999832,15.652475842498529,11.661903789690601,9.219544457292887,7.211102550927978,7.0710678118654755,8.06225774829855,9.486832980505138,11.704699910719626,13.0,13.92838827718412,14.560219778561036,15.132745950421556,14.035668847618199,13.0,11.045361017187261,10.198039027185569,8.54400374531753,6.324555320336759,4.123105625617661,4.0,4.123105625617661,0.0,0.0,0.0,0.0,0.0,0.0,0.0,0.0,0.0,0.0,0.0,8.06225774829855,6.708203932499369,6.708203932499369,5.0,4.242640687119285,5.830951894845301,7.615773105863909,9.486832980505138,11.180339887498949,13.416407864998739,15.264337522473747,16.401219466856727,16.401219466856727,16.278820596099706,16.97056274847714,14.866068747318506,13.45362404707371,11.313708498984761,9.433981132056603,8.246211251235321,8.246211251235321,9.848857801796104,13.601470508735444,17.029386365926403,19.849433241279208,23.430749027719962
1786417281.3208718,-43,0.0,17.4928556845359,19.4164878389476,21.633307652783937,21.633307652783937,20.808652046684813,20.0,19.209372712298546,17.029386365926403,15.620499351813308,12.806248474865697,10.295630140987,7.615773105863909,7.0710678118654755,6.324555320336759,7.211102550927978,9.219544457292887,10.63014581273465,11.40175425099138,12.206555615733702,11.661903789690601,12.083045973594572,11.704699910719626,11.180339887498949,11.045361017187261,10.0,8.06225774829855,0.0,0.0,0.0,0.0,0.0,0.0,0.0,0.0,0.0,0.0,0.0,10.295630140987,9.486832980505138,9.219544457292887,9.055385138137417,7.0,7.0,5.0,4.123105625617661,4.242640687119285,5.830951894845301,7.615773105863909,9.848857801796104,12.083045973594572,14.317821063276353,14.7648230602334,16.1245154965971,17.4928556845359,16.64331697709324,16.64331697709324,14.422205101855956,13.892443989449804,12.083045973594572,9.486832980505138,8.06225774829855,8.94427190999916,10.63014581273465
1786417281.4323368,-43,0.0,27.80287754891569,25.612496949731394,24.08318915758459,21.93171219946131,18.384776310850235,15.556349186104045,12.806248474865697,10.295630140987,8.246211251235321,8.06225774829855,9.848857801796104,10.816653826391969,12.206555615733702,13.601470508735444,15.0,16.1245154965971,15.652475842498529,14.866068747318506,13.341664064126334,12.165525060596439,11.045361017187261,9.0,7.0,6.082762530298219,5.0990195135927845,5.385164807134504,0.0,0.0,0.0,0.0,0.0,0.0,0.0,0.0,0.0,0.0,0.0,7.211102550927978,6.4031242374328485,5.0,4.47213595499958,4.123105625617661,6.0,7.0,10.04987562112089,11.0,13.038404810405298,15.297058540778355,15.524174696260024,15.811388300841896,15.811388300841896,15.231546211727817,14.317821063276353,13.0,10.770329614269007,9.055385138137417,8.06225774829855,9.433981132056603,11.313708498984761,14.422205101855956,17.4928556845359,21.095023109728988,24.698178070456937
1786417281.54622,-43,0.0,9.486832980505138,10.63014581273465,11.661903789690601,13.0,15.811388300841896,17.46424919657298,17.72004514666935,18.681541692269406,18.973665961010276,18.027756377319946,17.08800749063506,15.811388300841896,14.317821063276353,11.704699910719626,8.54400374531753,7.280109889280518,6.0,5.385164807134504,5.830951894845301,7.0710678118654755,8.48528137423857,9.219544457292887,10.816653826391969,11.180339887498949,11.40175425099138,11.045361017187261,0.0,0.0,0.0,0.0,0.0,0.0,0.0,0.0,0.0,0.0,0.0,9.433981132056603,10.0,10.63014581273465,11.40175425099138,11.180339887498949,11.704699910719626,10.44030650891055,9.219544457292887,9.055385138137417,8.246211251235321,6.324555320336759,6.4031242374328485,5.830951894845301,8.246211251235321,10.198039027185569,13.152946437965905,15.033296378372908,17.029386365926403,19.1049731745428,20.223748416156685,20.223748416156685,21.37755832643195,20.396078054371138,19.4164878389476,17.26267650163207,15.132745950421556
1786417281.6579862,-44,0.0,20.223748416156685,18.439088914585774,15.524174696260024,11.704699910719626,10.0,8.94427190999916,10.198039027185569,12.0,14.035668847618199,15.132745950421556,18.027756377319946,18.027756377319946,18.0,19.1049731745428,17.11724276862369,15.132745950421556,12.36931687685298,10.44030650891055,8.246211251235321,6.082762530298219,5.0990195135927845,5.385164807134504,7.0710678118654755,7.211102550927978,9.433981132056603,9.848857801796104,0.0,0.0,0.0,0.0,0.0,0.0,0.0,0.0,0.0,0.0,0.0,3.605551275463989,6.324555320336759,7.280109889280518,8.54400374531753,9.848857801796104,11.661903789690601,11.40175425099138,13.45362404707371,13.45362404707371,14.212670403551895,14.7648230602334,13.892443989449804,11.180339887498949,10.295630140987,7.0710678118654755,7.211102550927978,7.280109889280518,9.219544457292887,12.36931687685298,14.866068747318506,17.46424919657298,21.18962010041709,22.47220505424423,25.96150997149434,26.68332812825267,27.459060435491963
1786417281.770894,-44,0.0,27.892651361962706,26.248809496813376,24.351591323771842,21.540659228538015,18.384776310850235,16.15549442140351,12.083045973594572,9.219544457292887,7.0710678118654755,5.830951894845301,7.810249675906654,8.94427190999916,11.180339887498949,12.529964086141668,13.416407864998739,14.422205101855956,14.212670403551895,13.45362404707371,12.806248474865697,10.816653826391969,9.848857801796104,8.54400374531753,6.324555320336759,4.47213595499958,3.605551275463989,3.605551275463989,0.0,0.0,0.0,0.0,0.0,0.0,0.0,0.0,0.0,0.0,0.0,8.54400374531753,7.615773105863909,6.708203932499369,6.324555320336759,5.0,7.0710678118654755,8.246211251235321,10.44030650891055,12.36931687685298,14.317821063276353,16.278820596099706,17.11724276862369,17.029386365926403,17.0,17.029386365926403,16.0312195418814,14.035668847618199,12.0,10.04987562112089,8.54400374531753,8.48528137423857,11.180339887498949,13.341664064126334,17.26267650163207,20.223748416156685,23.345235059857504
1786417281.884151,-43,0.0,17.46424919657298,19.697715603592208,21.02379604162864,20.615528128088304,20.615528128088304,20.248456731316587,18.973665961010276,16.76305461424021,14.560219778561036,12.649110640673518,9.848857801796104,8.06225774829855,7.0710678118654755,6.708203932499369,7.0710678118654755,9.0,10.0,11.0,12.041594578792296,11.180339887498949,11.40175425099138,11.704699910719626,11.180339887498949,10.816653826391969,9.219544457292887,7.810249675906654,0.0,0.0,0.0,0.0,0.0,0.0,0.0,0.0,0.0,0.0,0.0,10.198039027185569,9.0,9.055385138137417,8.246211251235321,7.280109889280518,6.324555320336759,5.0990195135927845,4.123105625617661,5.385164807134504,6.4031242374328485,8.48528137423857,10.63014581273465,12.727922061357855,14.212670403551895,15.0,15.811388300841896,16.64331697709324,16.64331697709324,16.64331697709324,15.264337522473747,13.601470508735444,11.40175425099138,9.899494936611665,8.94427190999916,10.04987562112089,12.36931687685298
1786417282.110225,-43,0.0,21.2602916254693,19.1049731745428,15.556349186104045,11.661903789690601,9.486832980505138,9.0,10.44030650891055,11.661903789690601,15.0,16.401219466856727,17.204650534085253,18.867962264113206,17.4928556845359,18.788294228055936,17.46424919657298,14.866068747318506,13.601470508735444,10.44030650891055,8.246211251235321,5.830951894845301,5.0,5.830951894845301,6.708203932499369,7.615773105863909,8.06225774829855,10.816653826391969,0.0,0.0,0.0,0.0,0.0,0.0,0.0,0.0,0.0,0.0,0.0,4.0,7.280109889280518,8.54400374531753,9.219544457292887,11.180339887498949,11.045361017187261,13.0,13.152946437965905,14.317821063276353,14.866068747318506,15.652475842498529,14.7648230602334,11.180339887498949,11.661903789690601,8.06225774829855,8.06225774829855,7.615773105863909,10.63014581273465,12.041594578792296,15.0,18.027756377319946,20.808652046684813,24.20743687382041,26.248809496813376,27.586228448267445,26.870057685088806
1786417282.225239,-43,0.0,9.219544457292887,10.770329614269007,11.045361017187261,12.041594578792296,14.317821063276353,16.492422502470642,16.278820596099706,16.278820596099706,17.11724276862369,16.1245154965971,17.11724276862369,14.142135623730951,13.0,10.04987562112089,8.06225774829855,6.324555320336759,5.0,4.242640687119285,5.385164807134504,6.082762530298219,8.06225774829855,9.219544457292887,9.848857801796104,10.0,11.313708498984761,9.433981132056603,0.0,0.0,0.0,0.0,0.0,0.0,0.0,0.0,0.0,0.0,0.0,10.04987562112089,10.198039027185569,11.704699910719626,13.0,13.038404810405298,11.40175425099138,10.63014581273465,9.899494936611665,9.219544457292887,8.48528137423857,7.810249675906654,7.615773105863909,6.082762530298219,9.055385138137417,10.44030650891055,12.649110640673518,14.317821063276353,17.46424919657298,18.384776310850235,19.313207915827967,20.248456731316587,19.924858845171276,18.681541692269406,19.924858845171276,17.72004514666935,15.524174696260024
1786417282.231713,-43,0.0,9.219544457292887,9.848857801796104,11.180339887498949,13.0,16.0312195418814,17.11724276862369,18.027756377319946,18.027756377319946,19.026297590440446,18.0,17.0,15.0,13.038404810405298,11.0,9.0,7.280109889280518,5.830951894845301,5.656854249492381,6.4031242374328485,7.615773105863909,8.94427190999916,10.295630140987,10.816653826391969,11.313708498984761,12.206555615733702,11.180339887498949,0.0,0.0,0.0,0.0,0.0,0.0,0.0,0.0,0.0,0.0,0.0,8.246211251235321,9.486832980505138,10.295630140987,10.816653826391969,11.313708498984761,10.63014581273465,9.433981132056603,9.433981132056603,8.06225774829855,8.06225774829855,5.830951894845301,6.4031242374328485,5.385164807134504,7.0,9.055385138137417,12.36931687685298,13.601470508735444,16.492422502470642,17.46424919657298,19.4164878389476,19.4164878389476,20.223748416156685,19.235384061671343,18.110770276274835,16.278820596099706,14.142135623730951
1786417282.335188,-43,0.0,10.44030650891055,9.219544457292887,11.180339887498949,14.212670403551895,15.620499351813308,17.69180601295413,19.1049731745428,19.849433241279208,19.849433241279208,18.601075237738275,17.204650534085253,15.811388300841896,13.601470508735444,10.816653826391969,9.219544457292887,7.0710678118654755,5.830951894845301,6.082762530298219,7.0710678118654755,7.0710678118654755,9.219544457292887,10.04987562112089,11.0,11.180339887498949,12.36931687685298,12.083045973594572,0.0,0.0,0.0,0.0,0.0,0.0,0.0,0.0,0.0,0.0,0.0,8.94427190999916,10.44030650891055,11.045361017187261,12.0,12.165525060596439,11.40175425099138,10.770329614269007,11.180339887498949,9.433981132056603,8.06225774829855,7.615773105863909,6.082762530298219,6.324555320336759,7.211102550927978,9.899494936611665,12.041594578792296,14.212670403551895,17.029386365926403,18.439088914585774,19.849433241279208,21.213203435596427,21.213203435596427,21.2602916254693,19.849433241279208,17.69180601295413,14.866068747318506
1786417282.448107,-44,0.0,28.635642126552707,27.459060435491963,26.1725046566048,23.08679276123039,20.024984394500787,17.029386365926403,13.152946437965905,10.44030650891055,7.211102550927978,7.211102550927978,8.246211251235321,10.0,12.0,14.0,15.033296378372908,16.1245154965971,15.297058540778355,14.866068747318506,13.416407864998739,11.661903789690601,10.0,8.48528137423857,7.0710678118654755,5.0,4.47213595499958,4.123105625617661,0.0,0.0,0.0,0.0,0.0,0.0,0.0,0.0,0.0,0.0,0.0,9.055385138137417,8.0,7.0,6.082762530298219,5.385164807134504,6.4031242374328485,8.48528137423857,10.63014581273465,12.727922061357855,14.866068747318506,17.204650534085253,18.027756377319946,18.35755975068582,17.88854381999832,17.88854381999832,16.55294535724685,15.231546211727817,12.529964086141668,10.816653826391969,9.219544457292887,9.486832980505138,11.045361017187261,14.317821063276353,18.027756377319946,22.135943621178654,26.248809496813376
1786417282.561444,-43,0.0,10.04987562112089,11.180339887498949,12.529964086141668,14.212670403551895,15.620499351813308,16.97056274847714,18.384776310850235,19.1049731745428,19.1049731745428,18.439088914585774,18.439088914585774,16.401219466856727,14.422205101855956,12.806248474865697,9.219544457292887,8.48528137423857,6.708203932499369,6.082762530298219,7.0710678118654755,7.280109889280518,9.486832980505138,10.198039027185569,11.045361017187261,12.041594578792296,12.36931687685298,11.704699910719626,0.0,0.0,0.0,0.0,0.0,0.0,0.0,0.0,0.0,0.0,0.0,9.433981132056603,9.848857801796104,10.44030650891055,12.165525060596439,12.0,11.045361017187261,10.198039027185569,9.219544457292887,8.246211251235321,7.280109889280518,7.0710678118654755,6.082762530298219,5.830951894845301,8.48528137423857,10.0,13.601470508735444,15.264337522473747,18.027756377319946,18.027756377319946,20.0,20.0,20.615528128088304,19.849433241279208,20.615528128088304,17.804493814764857,15.620499351813308
1786417282.674046,-43,0.0,9.433981132056603,11.40175425099138,12.0,13.152946437965905,15.297058540778355,17.46424919657298,18.439088914585774,18.439088914585774,18.439088914585774,18.24828759089466,17.11724276862369,15.132745950421556,14.035668847618199,11.180339887498949,9.055385138137417,7.280109889280518,6.4031242374328485,5.656854249492381,6.708203932499369,7.615773105863909,9.486832980505138,9.848857801796104,11.180339887498949,11.40175425099138,12.041594578792296,11.661903789690601,0.0,0.0,0.0,0.0,0.0,0.0,0.0,0.0,0.0,0.0,0.0,9.055385138137417,9.055385138137417,10.198039027185569,11.40175425099138,11.180339887498949,10.816653826391969,9.219544457292887,9.219544457292887,8.48528137423857,7.0710678118654755,6.4031242374328485,5.385164807134504,6.0,8.246211251235321,9.848857801796104,12.083045973594572,13.892443989449804,17.0,17.88854381999832,18.788294228055936,19.697715603592208,19.313207915827967,19.313207915827967,18.973665961010276,16.15549442140351,14.317821063276353
1786417282.7872589,-43,0.0,17.46424919657298,19.72308292331602,21.470910553583888,21.470910553583888,21.095023109728988,21.095023109728988,19.4164878389476,17.204650534085253,15.264337522473747,13.038404810405298,10.295630140987,7.280109889280518,7.0,6.324555320336759,7.211102550927978,9.219544457292887,10.63014581273465,11.313708498984761,12.041594578792296,12.206555615733702,12.529964086141668,12.083045973594572,11.40175425099138,10.04987562112089,9.0,8.06225774829855,0.0,0.0,0.0,0.0,0.0,0.0,0.0,0.0,0.0,0.0,0.0,10.0,10.295630140987,9.486832980505138,8.246211251235321,7.0710678118654755,6.082762530298219,5.0990195135927845,4.47213595499958,5.0,5.830951894845301,8.54400374531753,10.44030650891055,11.704699910719626,13.92838827718412,14.866068747318506,16.15549442140351,16.55294535724685,17.46424919657298,16.55294535724685,15.652475842498529,13.92838827718412,11.704699910719626,10.198039027185569,8.246211251235321,9.433981132056603,10.63014581273465
1786417283.012488,-43,0.0,9.486832980505138,11.045361017187261,12.36931687685298,13.92838827718412,16.15549442140351,17.88854381999832,17.46424919657298,17.46424919657298,18.384776310850235,17.08800749063506,18.027756377319946,15.231546211727817,13.601470508735444,10.770329614269007,8.94427190999916,8.06225774829855,6.4031242374328485,5.830951894845301,7.0710678118654755,8.06225774829855,10.0,10.04987562112089,11.40175425099138,11.180339887498949,12.206555615733702,11.313708498984761,0.0,0.0,0.0,0.0,0.0,0.0,0.0,0.0,0.0,0.0,0.0,9.219544457292887,9.055385138137417,10.04987562112089,11.180339887498949,11.704699910719626,9.848857801796104,8.94427190999916,8.602325267042627,7.211102550927978,7.211102550927978,6.708203932499369,6.082762530298219,5.0990195135927845,7.615773105863909,10.0,12.206555615733702,14.866068747318506,17.029386365926403,17.804493814764857,18.601075237738275,19.4164878389476,18.867962264113206,18.867962264113206,18.867962264113206,16.64331697709324,14.422205101855956
1786417283.238868,-43,0.0,7.810249675906654,9.486832980505138,10.0,12.165525060596439,14.317821063276353,16.492422502470642,17.46424919657298,17.46424919657298,17.26267650163207,17.26267650163207,16.1245154965971,14.142135623730951,12.041594578792296,10.198039027185569,8.246211251235321,6.708203932499369,5.656854249492381,4.47213595499958,6.324555320336759,7.0710678118654755,9.055385138137417,9.219544457292887,10.770329614269007,10.816653826391969,10.63014581273465,10.63014581273465,0.0,0.0,0.0,0.0,0.0,0.0,0.0,0.0,0.0,0.0,0.0,8.246211251235321,9.486832980505138,10.295630140987,11.661903789690601,12.041594578792296,10.63014581273465,10.0,9.433981132056603,8.94427190999916,8.06225774829855,6.4031242374328485,6.4031242374328485,5.0990195135927845,7.0,9.219544457292887,11.40175425099138,13.0,16.15549442140351,16.76305461424021,18.973665961010276,18.681541692269406,19.6468827043885,18.439088914585774,18.439088914585774,16.492422502470642,13.601470508735444
1786417283.276482,-43,0.0,18.027756377319946,19.72308292331602,21.095023109728988,21.095023109728988,20.591260281974,20.591260281974,18.788294228055936,17.46424919657298,15.231546211727817,12.083045973594572,9.433981132056603,7.810249675906654,6.4031242374328485,6.082762530298219,6.082762530298219,8.246211251235321,9.219544457292887,10.198039027185569,11.180339887498949,11.045361017187261,11.0,11.180339887498949,10.44030650891055,9.848857801796104,8.602325267042627,7.211102550927978,0.0,0.0,0.0,0.0,0.0,0.0,0.0,0.0,0.0,0.0,0.0,11.40175425099138,11.045361017187261,10.0,9.055385138137417,8.06225774829855,7.0710678118654755,6.0,6.082762530298219,6.324555320336759,7.211102550927978,9.899494936611665,11.313708498984761,13.45362404707371,15.556349186104045,16.278820596099706,17.029386365926403,17.804493814764857,17.804493814764857,17.804493814764857,16.401219466856727,14.866068747318506,12.727922061357855,10.816653826391969,9.486832980505138,10.0,11.40175425099138
1786417283.3513632,-43,0.0,18.027756377319946,18.681541692269406,20.8806130178211,20.8806130178211,20.615528128088304,19.6468827043885,19.235384061671343,17.11724276862369,15.132745950421556,12.165525060596439,10.44030650891055,8.54400374531753,6.4031242374328485,6.708203932499369,7.0710678118654755,9.055385138137417,10.04987562112089,11.045361017187261,11.180339887498949,11.40175425099138,11.704699910719626,11.180339887498949,10.816653826391969,10.63014581273465,9.219544457292887,8.602325267042627,0.0,0.0,0.0,0.0,0.0,0.0,0.0,0.0,0.0,0.0,0.0,10.0,10.198039027185569,8.54400374531753,8.54400374531753,6.708203932499369,6.708203932499369,5.0990195135927845,5.0,5.0990195135927845,6.708203932499369,9.433981132056603,11.661903789690601,13.038404810405298,14.7648230602334,15.652475842498529,16.55294535724685,17.46424919657298,16.15549442140351,16.15549442140351,15.231546211727817,13.0,11.180339887498949,9.219544457292887,8.06225774829855,9.219544457292887,11.045361017187261
1786417283.468975,-43,0.0,9.433981132056603,10.770329614269007,11.0,13.152946437965905,15.297058540778355,17.72004514666935,17.72004514666935,18.681541692269406,18.681541692269406,18.439088914585774,17.26267650163207,15.297058540778355,14.142135623730951,11.180339887498949,9.055385138137417,7.280109889280518,5.830951894845301,5.0,5.385164807134504,6.082762530298219,8.06225774829855,9.219544457292887,9.486832980505138,10.295630140987,11.40175425099138,10.63014581273465,0.0,0.0,0.0,0.0,0.0,0.0,0.0,0.0,0.0,0.0,0.0,10.04987562112089,10.198039027185569,10.770329614269007,12.529964086141668,12.206555615733702,12.041594578792296,10.63014581273465,9.219544457292887,9.219544457292887,7.810249675906654,7.0710678118654755,6.708203932499369,6.082762530298219,8.06225774829855,10.44030650891055,13.0,15.231546211727817,17.88854381999832,19.313207915827967,20.248456731316587,21.540659228538015,21.18962010041709,20.8806130178211,19.924858845171276,18.027756377319946,15.811388300841896
1786417283.577684,-43,0.0,26.40075756488817,26.248809496813376,24.041630560342615,21.93171219946131,17.69180601295413,16.97056274847714,13.45362404707371,10.816653826391969,8.54400374531753,8.06225774829855,8.54400374531753,9.433981132056603,10.816653826391969,12.206555615733702,13.892443989449804,14.7648230602334,14.866068747318506,14.560219778561036,13.341664064126334,11.045361017187261,11.0,9.055385138137417,7.0,5.0,4.123105625617661,4.123105625617661,0.0,0.0,0.0,0.0,0.0,0.0,0.0,0.0,0.0,0.0,0.0,8.602325267042627,7.0710678118654755,7.0710678118654755,5.0,4.47213595499958,5.0990195135927845,7.0,9.0,11.0,14.035668847618199,14.317821063276353,15.524174696260024,16.76305461424021,16.15549442140351,15.652475842498529,15.231546211727817,13.416407864998739,12.083045973594572,10.44030650891055,9.0,8.94427190999916,10.816653826391969,13.601470508735444,16.64331697709324,20.248456731316587,23.853720883753127
1786417283.6910012,-43,0.0,18.439088914585774,20.396078054371138,21.587033144922902,22.360679774997898,21.213203435596427,21.213203435596427,19.1049731745428,17.029386365926403,15.033296378372908,13.038404810405298,10.198039027185569,8.54400374531753,6.4031242374328485,7.211102550927978,7.280109889280518,9.219544457292887,11.180339887498949,11.40175425099138,12.649110640673518,11.704699910719626,12.083045973594572,11.661903789690601,12.041594578792296,10.63014581273465,9.433981132056603,8.06225774829855,0.0,0.0,0.0,0.0,0.0,0.0,0.0,0.0,0.0,0.0,0.0,10.04987562112089,9.219544457292887,9.486832980505138,8.06225774829855,7.211102550927978,5.830951894845301,5.385164807134504,4.123105625617661,5.0990195135927845,6.324555320336759,8.94427190999916,11.180339887498949,12.529964086141668,14.317821063276353,15.231546211727817,17.08800749063506,17.08800749063506,16.76305461424021,16.76305461424021,14.866068747318506,13.92838827718412,12.083045973594572,10.0,8.602325267042627,10.198039027185569,12.0
1786417284.3248,-43,0.0,10.198039027185569,11.661903789690601,12.041594578792296,13.038404810405298,14.317821063276353,16.15549442140351,17.46424919657298,17.88854381999832,17.88854381999832,18.35755975068582,17.4928556845359,15.652475842498529,14.422205101855956,11.661903789690601,9.433981132056603,7.615773105863909,6.082762530298219,5.0,5.385164807134504,6.4031242374328485,7.810249675906654,8.602325267042627,9.848857801796104,10.44030650891055,12.165525060596439,10.04987562112089,0.0,0.0,0.0,0.0,0.0,0.0,0.0,0.0,0.0,0.0,0.0,11.40175425099138,11.313708498984761,12.206555615733702,13.038404810405298,13.0,11.704699910719626,10.44030650891055,10.198039027185569,8.246211251235321,8.246211251235321,7.615773105863909,7.810249675906654,7.211102550927978,9.848857801796104,11.704699910719626,14.560219778561036,16.492422502470642,18.439088914585774,19.4164878389476,20.615528128088304,20.615528128088304,21.18962010041709,21.18962010041709,20.248456731316587,17.72004514666935,15.811388300841896
1786417285.3747141,-44,0.0,22.02271554554524,19.0,16.0,12.041594578792296,9.848857801796104,7.810249675906654,9.848857801796104,11.180339887498949,14.035668847618199,15.033296378372908,17.029386365926403,18.027756377319946,17.11724276862369,18.24828759089466,16.492422502470642,14.560219778561036,12.649110640673518,10.295630140987,7.615773105863909,5.385164807134504,4.0,4.47213595499958,5.0,5.830951894845301,8.602325267042627,8.94427190999916,0.0,0.0,0.0,0.0,0.0,0.0,0.0,0.0,0.0,0.0,0.0,5.0,7.810249675906654,8.602325267042627,10.0,11.313708498984761,12.806248474865697,13.601470508735444,15.264337522473747,15.231546211727817,15.811388300841896,16.492422502470642,14.317821063276353,12.36931687685298,11.40175425099138,8.06225774829855,7.810249675906654,8.06225774829855,10.04987562112089,13.0,16.0312195418814,18.24828759089466,22.20360331117452,24.186773244895647,27.073972741361768,27.0,28.0178514522438
1786417286.426959,-44,0.0,21.37755832643195,19.6468827043885,16.492422502470642,12.649110640673518,10.63014581273465,10.295630140987,10.44030650891055,12.041594578792296,15.0,16.0312195418814,18.0,18.0,18.027756377319946,19.1049731745428,17.26267650163207,15.297058540778355,13.341664064126334,10.770329614269007,9.486832980505138,6.324555320336759,5.0990195135927845,5.385164807134504,6.4031242374328485,7.211102550927978,8.94427190999916,9.848857801796104,0.0,0.0,0.0,0.0,0.0,0.0,0.0,0.0,0.0,0.0,0.0,4.47213595499958,7.280109889280518,8.246211251235321,9.486832980505138,10.770329614269007,12.529964086141668,12.206555615733702,14.212670403551895,14.866068747318506,15.620499351813308,15.811388300841896,14.422205101855956,11.661903789690601,10.816653826391969,8.602325267042627,8.54400374531753,8.246211251235321,10.04987562112089,13.601470508735444,15.811388300841896,18.384776310850235,22.47220505424423,23.769728648009426,27.202941017470888,27.892651361962706,28.442925306655784
1786417287.4756548,-44,0.0,22.67156809750927,19.1049731745428,16.278820596099706,12.206555615733702,9.486832980505138,10.0,10.770329614269007,13.038404810405298,15.811388300841896,17.029386365926403,17.804493814764857,20.0,18.027756377319946,19.235384061671343,17.88854381999832,15.231546211727817,13.92838827718412,10.770329614269007,8.54400374531753,5.830951894845301,5.656854249492381,5.830951894845301,7.280109889280518,8.246211251235321,9.848857801796104,11.180339887498949,0.0,0.0,0.0,0.0,0.0,0.0,0.0,0.0,0.0,0.0,0.0,4.123105625617661,7.0710678118654755,8.06225774829855,9.055385138137417,11.0,11.045361017187261,12.165525060596439,13.601470508735444,14.317821063276353,14.7648230602334,15.264337522473747,14.422205101855956,11.661903789690601,10.816653826391969,8.246211251235321,7.0,7.615773105863909,10.63014581273465,12.727922061357855,15.620499351813308,18.601075237738275,22.02271554554524,24.839484696748443,26.90724809414742,28.284271247461902,27.65863337187866
1786417288.517209,-43,0.0,8.48528137423857,9.848857801796104,10.0,12.041594578792296,15.297058540778355,16.492422502470642,16.492422502470642,16.278820596099706,17.26267650163207,17.11724276862369,17.11724276862369,14.317821063276353,13.038404810405298,10.198039027185569,8.06225774829855,6.708203932499369,5.656854249492381,5.0,6.082762530298219,7.0710678118654755,9.055385138137417,10.198039027185569,10.44030650891055,11.661903789690601,11.40175425099138,10.63014581273465,0.0,0.0,0.0,0.0,0.0,0.0,0.0,0.0,0.0,0.0,0.0,8.54400374531753,8.94427190999916,10.816653826391969,12.041594578792296,12.041594578792296,11.40175425099138,10.295630140987,8.94427190999916,8.54400374531753,7.615773105863909,6.708203932499369,7.0710678118654755,5.385164807134504,8.0,9.055385138137417,12.165525060596439,13.601470508735444,16.76305461424021,17.72004514666935,18.439088914585774,18.439088914585774,19.235384061671343,18.24828759089466,19.235384061671343,16.278820596099706,14.142135623730951
1786417289.454657,-43,0.0,8.94427190999916,10.198039027185569,10.44030650891055,13.0,15.231546211727817,16.55294535724685,17.46424919657298,17.46424919657298,17.46424919657298,17.08800749063506,17.08800749063506,15.231546211727817,13.601470508735444,11.180339887498949,8.06225774829855,7.211102550927978,6.4031242374328485,5.385164807134504,6.0,8.06225774829855,10.04987562112089,11.0,11.045361017187261,11.704699910719626,12.083045973594572,10.816653826391969,0.0,0.0,0.0,0.0,0.0,0.0,0.0,0.0,0.0,0.0,0.0,9.0,9.055385138137417,10.44030650891055,11.704699910719626,12.529964086141668,10.816653826391969,9.219544457292887,9.219544457292887,8.48528137423857,7.810249675906654,7.0710678118654755,6.708203932499369,5.0,8.246211251235321,9.486832980505138,12.083045973594572,14.422205101855956,16.64331697709324,18.35755975068582,18.35755975068582,19.235384061671343,18.788294228055936,18.788294228055936,19.697715603592208,16.55294535724685,14.317821063276353
1786417289.551994,-43,0.0,16.76305461424021,18.681541692269406,20.8806130178211,20.8806130178211,21.587033144922902,20.615528128088304,19.235384061671343,17.26267650163207,15.132745950421556,12.165525060596439,9.486832980505138,7.615773105863909,5.656854249492381,6.324555320336759,7.0,9.055385138137417,11.045361017187261,11.045361017187261,12.0,12.041594578792296,12.165525060596439,11.40175425099138,11.180339887498949,10.816653826391969,9.219544457292887,7.810249675906654,0.0,0.0,0.0,0.0,0.0,0.0,0.0,0.0,0.0,0.0,0.0,10.770329614269007,10.295630140987,10.0,9.219544457292887,7.810249675906654,7.0710678118654755,5.656854249492381,4.47213595499958,5.0990195135927845,6.082762530298219,8.246211251235321,10.44030650891055,11.704699910719626,14.560219778561036,15.524174696260024,16.492422502470642,17.46424919657298,17.46424919657298,17.46424919657298,15.524174696260024,13.341664064126334,11.40175425099138,8.94427190999916,7.810249675906654,8.54400374531753,10.0
1786417289.9057422,-43,0.0,26.92582403567252,26.419689627245813,24.596747752497688,21.93171219946131,18.384776310850235,15.652475842498529,12.529964086141668,9.219544457292887,8.06225774829855,8.06225774829855,9.055385138137417,11.180339887498949,12.649110640673518,13.601470508735444,14.560219778561036,15.297058540778355,16.0312195418814,15.0,14.035668847618199,11.180339887498949,10.44030650891055,9.486832980505138,7.280109889280518,5.0990195135927845,5.0,5.0990195135927845,0.0,0.0,0.0,0.0,0.0,0.0,0.0,0.0,0.0,0.0,0.0,7.615773105863909,6.324555320336759,5.385164807134504,5.0,4.242640687119285,5.385164807134504,7.280109889280518,9.486832980505138,11.180339887498949,13.416407864998739,14.422205101855956,15.0,15.620499351813308,15.556349186104045,14.866068747318506,14.866068747318506,12.041594578792296,11.313708498984761,9.433981132056603,8.246211251235321,8.246211251235321,11.180339887498949,13.601470508735444,17.204650534085253,20.615528128088304,24.413111231467404
1786417290.019579,-43,0.0,8.602325267042627,10.816653826391969,11.704699910719626,13.341664064126334,15.132745950421556,17.029386365926403,18.110770276274835,18.110770276274835,19.1049731745428,18.24828759089466,17.26267650163207,15.297058540778355,13.341664064126334,11.180339887498949,9.055385138137417,7.0,6.324555320336759,5.830951894845301,6.4031242374328485,7.211102550927978,9.433981132056603,10.0,11.313708498984761,11.40175425099138,11.661903789690601,10.770329614269007,0.0,0.0,0.0,0.0,0.0,0.0,0.0,0.0,0.0,0.0,0.0,8.94427190999916,9.219544457292887,10.63014581273465,10.63014581273465,11.180339887498949,10.770329614269007,9.486832980505138,9.219544457292887,8.06225774829855,7.0710678118654755,6.324555320336759,5.830951894845301,5.385164807134504,7.280109889280518,9.055385138137417,12.0,14.035668847618199,17.029386365926403,18.0,19.0,20.024984394500787,20.024984394500787,20.09975124224178,18.110770276274835,16.0312195418814,14.035668847618199
1786417290.131982,-43,0.0,9.848857801796104,11.40175425099138,12.206555615733702,13.416407864998739,15.811388300841896,17.72004514666935,18.027756377319946,18.973665961010276,19.313207915827967,18.384776310850235,17.46424919657298,15.231546211727817,13.416407864998739,10.770329614269007,8.54400374531753,7.280109889280518,6.0,5.385164807134504,6.4031242374328485,7.0710678118654755,8.48528137423857,9.219544457292887,10.816653826391969,11.180339887498949,11.40175425099138,11.045361017187261,0.0,0.0,0.0,0.0,0.0,0.0,0.0,0.0,0.0,0.0,0.0,9.219544457292887,9.899494936611665,10.816653826391969,11.661903789690601,11.704699910719626,11.40175425099138,10.198039027185569,9.055385138137417,8.06225774829855,7.0710678118654755,6.324555320336759,5.830951894845301,6.4031242374328485,8.54400374531753,10.44030650891055,13.341664064126334,15.132745950421556,17.26267650163207,19.235384061671343,19.4164878389476,20.396078054371138,20.615528128088304,19.6468827043885,19.6468827043885,17.46424919657298,15.297058540778355
1786417290.358099,-43,0.0,12.206555615733702,10.816653826391969,11.40175425099138,13.038404810405298,15.0,17.029386365926403,18.027756377319946,19.026297590440446,19.0,19.026297590440446,18.027756377319946,16.1245154965971,14.142135623730951,12.165525060596439,10.04987562112089,8.0,6.082762530298219,5.385164807134504,5.656854249492381,6.4031242374328485,7.810249675906654,9.219544457292887,9.899494936611665,10.816653826391969,11.180339887498949,11.40175425099138,0.0,0.0,0.0,0.0,0.0,0.0,0.0,0.0,0.0,0.0,0.0,9.055385138137417,11.0,11.180339887498949,11.40175425099138,12.083045973594572,11.661903789690601,11.40175425099138,10.63014581273465,9.899494936611665,9.219544457292887,7.810249675906654,6.708203932499369,7.0710678118654755,9.055385138137417,10.44030650891055,13.0,15.231546211727817,17.46424919657298,19.313207915827967,20.248456731316587,21.18962010041709,22.135943621178654,21.840329667841555,20.615528128088304,18.681541692269406,17.08800749063506
1786417290.4709,-43,0.0,18.681541692269406,19.6468827043885,21.840329667841555,21.840329667841555,22.135943621178654,21.18962010041709,19.697715603592208,17.46424919657298,15.231546211727817,13.0,10.44030650891055,8.06225774829855,7.0710678118654755,6.708203932499369,7.0710678118654755,9.219544457292887,10.0,11.40175425099138,12.041594578792296,12.041594578792296,12.206555615733702,11.661903789690601,12.083045973594572,10.44030650891055,9.055385138137417,8.0,0.0,0.0,0.0,0.0,0.0,0.0,0.0,0.0,0.0,0.0,0.0,10.295630140987,9.899494936611665,9.219544457292887,8.06225774829855,6.708203932499369,6.708203932499369,5.0,4.242640687119285,5.385164807134504,6.082762530298219,8.0,11.0,12.0,14.035668847618199,16.0312195418814,16.1245154965971,17.26267650163207,17.26267650163207,17.26267650163207,15.297058540778355,14.142135623730951,12.041594578792296,10.04987562112089,8.94427190999916,9.899494936611665,11.180339887498949
1786417290.599624,-44,0.0,23.323807579381203,20.591260281974,17.0,11.704699910719626,9.055385138137417,8.54400374531753,9.219544457292887,11.40175425099138,13.892443989449804,15.652475842498529,17.0,18.35755975068582,18.027756377319946,19.209372712298546,18.439088914585774,14.142135623730951,13.45362404707371,9.899494936611665,7.810249675906654,5.0,4.123105625617661,4.0,5.385164807134504,7.280109889280518,9.055385138137417,10.0,0.0,0.0,0.0,0.0,0.0,0.0,0.0,0.0,0.0,0.0,0.0,5.0,7.280109889280518,8.94427190999916,9.848857801796104,11.704699910719626,13.341664064126334,14.142135623730951,15.033296378372908,16.0312195418814,16.1245154965971,17.46424919657298,15.524174696260024,13.341664064126334,12.36931687685298,9.0,8.246211251235321,8.06225774829855,10.0,12.529964086141668,16.15549442140351,18.973665961010276,22.135943621178654,24.698178070456937,28.231188426986208,29.068883707497267,28.653097563788805
1786417290.6252742,-44,0.0,22.20360331117452,19.4164878389476,16.278820596099706,12.649110640673518,10.816653826391969,9.433981132056603,9.486832980505138,11.045361017187261,14.0,15.132745950421556,17.029386365926403,18.027756377319946,18.0,19.026297590440446,18.110770276274835,15.132745950421556,13.341664064126334,11.704699910719626,9.486832980505138,7.280109889280518,6.0,5.0990195135927845,5.0,5.830951894845301,7.211102550927978,8.94427190999916,0.0,0.0,0.0,0.0,0.0,0.0,0.0,0.0,0.0,0.0,0.0,5.385164807134504,7.615773105863909,9.486832980505138,9.848857801796104,11.661903789690601,12.806248474865697,12.727922061357855,13.45362404707371,14.422205101855956,14.422205101855956,14.317821063276353,13.416407864998739,11.180339887498949,10.295630140987,7.810249675906654,7.615773105863909,8.06225774829855,10.198039027185569,13.341664064126334,16.492422502470642,18.973665961010276,23.08679276123039,24.041630560342615,26.92582403567252,27.65863337187866,28.284271247461902
1786417290.7936609,-94,0.0,14.317821063276353,15.297058540778355,15.524174696260024,15.524174696260024,15.811388300841896,14.866068747318506,15.811388300841896,14.560219778561036,12.649110640673518,11.180339887498949,10.0,8.06225774829855,8.246211251235321,8.602325267042627,9.219544457292887,10.63014581273465,12.206555615733702,13.038404810405298,13.038404810405298,11.661903789690601,12.529964086141668,10.816653826391969,9.433981132056603,7.810249675906654,6.4031242374328485,5.0,0.0,0.0,0.0,0.0,0.0,0.0,0.0,0.0,0.0,0.0,0.0,11.40175425099138,11.40175425099138,11.40175425099138,9.899494936611665,9.219544457292887,7.810249675906654,6.708203932499369,4.47213595499958,3.0,2.8284271247461903,4.0,7.0,9.0,11.045361017187261,12.041594578792296,13.038404810405298,13.152946437965905,13.341664064126334,13.601470508735444,13.601470508735444,11.704699910719626,10.44030650891055,8.246211251235321,7.0710678118654755,6.0,5.0990195135927845
1786417290.80972,-44,0.0,27.294688127912362,25.079872407968907,23.769728648009426,21.18962010041709,18.027756377319946,15.811388300841896,12.083045973594572,9.433981132056603,7.810249675906654,7.280109889280518,9.0,10.198039027185569,12.36931687685298,13.341664064126334,14.560219778561036,15.132745950421556,16.0312195418814,15.0,13.152946437965905,11.180339887498949,10.44030650891055,8.54400374531753,6.708203932499369,5.0990195135927845,5.0,5.0990195135927845,0.0,0.0,0.0,0.0,0.0,0.0,0.0,0.0,0.0,0.0,0.0,7.280109889280518,6.082762530298219,5.0990195135927845,4.47213595499958,3.605551275463989,5.0,6.708203932499369,8.94427190999916,10.816653826391969,12.806248474865697,14.866068747318506,14.866068747318506,15.620499351813308,15.811388300841896,15.811388300841896,14.422205101855956,12.206555615733702,10.816653826391969,9.219544457292887,7.615773105863909,8.06225774829855,10.44030650891055,13.416407864998739,16.64331697709324,19.72308292331602,23.323807579381203
1786417290.922282,-43,0.0,9.433981132056603,10.198039027185569,10.198039027185569,12.083045973594572,14.317821063276353,15.652475842498529,16.55294535724685,16.55294535724685,16.55294535724685,16.55294535724685,16.15549442140351,14.317821063276353,12.649110640673518,9.848857801796104,7.615773105863909,6.4031242374328485,5.0,3.1622776601683795,5.0990195135927845,6.324555320336759,8.246211251235321,9.219544457292887,10.0,10.198039027185569,10.770329614269007,9.433981132056603,0.0,0.0,0.0,0.0,0.0,0.0,0.0,0.0,0.0,0.0,0.0,10.0,10.198039027185569,11.40175425099138,13.0,12.529964086141668,11.661903789690601,10.63014581273465,10.63014581273465,8.48528137423857,8.48528137423857,7.810249675906654,7.615773105863909,6.0,8.246211251235321,9.848857801796104,13.0,14.422205101855956,17.4928556845359,18.35755975068582,19.235384061671343,19.235384061671343,19.697715603592208,19.697715603592208,20.12461179749811,17.0,14.317821063276353
1786417290.959424,-95,0.0,13.038404810405298,12.041594578792296,13.038404810405298,13.038404810405298,13.038404810405298,12.0,11.0,9.0,8.0,6.0,5.0990195135927845,3.605551275463989,3.1622776601683795,4.123105625617661,5.830951894845301,7.211102550927978,8.602325267042627,10.0,10.0,10.63014581273465,9.899494936611665,8.48528137423857,9.219544457292887,7.810249675906654,7.211102550927978,6.708203932499369,0.0,0.0,0.0,0.0,0.0,0.0,0.0,0.0,0.0,0.0,0.0,11.180339887498949,10.198039027185569,9.219544457292887,7.280109889280518,6.324555320336759,4.123105625617661,2.23606797749979,2.0,2.23606797749979,4.0,6.082762530298219,7.0710678118654755,9.219544457292887,10.44030650891055,11.40175425099138,11.704699910719626,12.083045973594572,11.661903789690601,10.816653826391969,9.433981132056603,8.602325267042627,6.708203932499369,5.0,4.47213595499958,5.656854249492381,7.615773105863909
1786417290.989563,-95,0.0,8.06225774829855,8.94427190999916,8.94427190999916,8.94427190999916,8.94427190999916,7.615773105863909,7.615773105863909,7.615773105863909,6.324555320336759,5.385164807134504,4.123105625617661,4.0,3.605551275463989,4.242640687119285,5.830951894845301,6.708203932499369,7.615773105863909,7.615773105863909,8.54400374531753,9.486832980505138,9.486832980505138,8.94427190999916,8.06225774829855,7.211102550927978,7.211102550927978,5.830951894845301,0.0,0.0,0.0,0.0,0.0,0.0,0.0,0.0,0.0,0.0,0.0,10.0,10.0,8.602325267042627,8.602325267042627,8.06225774829855,6.708203932499369,4.47213595499958,3.0,2.23606797749979,2.23606797749979,4.123105625617661,5.0,7.0,7.0710678118654755,8.0,8.06225774829855,8.246211251235321,8.246211251235321,8.54400374531753,7.615773105863909,7.211102550927978,5.830951894845301,5.0,3.1622776601683795,2.0,1.0
1786417291.035357,-43,0.0,27.459060435491963,25.553864678361276,25.059928172283335,21.470910553583888,17.88854381999832,15.652475842498529,12.529964086141668,9.899494936611665,8.06225774829855,8.06225774829855,9.055385138137417,10.44030650891055,11.704699910719626,13.92838827718412,14.560219778561036,15.297058540778355,16.1245154965971,15.033296378372908,14.0,11.180339887498949,11.180339887498949,9.486832980505138,7.280109889280518,5.0990195135927845,5.0,5.0990195135927845,0.0,0.0,0.0,0.0,0.0,0.0,0.0,0.0,0.0,0.0,0.0,6.708203932499369,6.324555320336759,5.385164807134504,4.242640687119285,4.242640687119285,5.385164807134504,7.280109889280518,9.486832980505138,11.180339887498949,13.416407864998739,14.422205101855956,15.0,15.620499351813308,15.556349186104045,15.556349186104045,14.142135623730951,12.727922061357855,10.63014581273465,9.433981132056603,8.246211251235321,8.246211251235321,11.180339887498949,13.601470508735444,17.029386365926403,20.615528128088304,24.20743687382041
1786417291.148345,-43,0.0,8.94427190999916,11.180339887498949,11.180339887498949,13.601470508735444,15.811388300841896,17.46424919657298,18.384776310850235,18.027756377319946,18.027756377319946,18.027756377319946,17.72004514666935,15.811388300841896,14.317821063276353,11.40175425099138,9.486832980505138,8.06225774829855,7.0710678118654755,5.0,6.324555320336759,7.0710678118654755,9.055385138137417,10.04987562112089,11.40175425099138,11.180339887498949,12.206555615733702,10.63014581273465,0.0,0.0,0.0,0.0,0.0,0.0,0.0,0.0,0.0,0.0,0.0,9.0,9.055385138137417,10.44030650891055,11.704699910719626,12.529964086141668,10.816653826391969,9.219544457292887,8.48528137423857,7.810249675906654,7.0710678118654755,6.4031242374328485,6.324555320336759,5.0,8.246211251235321,9.848857801796104,12.529964086141668,14.422205101855956,18.027756377319946,18.35755975068582,19.235384061671343,19.235384061671343,20.12461179749811,19.697715603592208,19.697715603592208,16.55294535724685,15.231546211727817
1786417291.2627132,-43,0.0,21.587033144922902,20.396078054371138,17.26267650163207,13.038404810405298,10.198039027185569,9.433981132056603,10.63014581273465,11.661903789690601,14.317821063276353,15.231546211727817,17.08800749063506,17.46424919657298,17.0,18.867962264113206,17.204650534085253,15.0,12.727922061357855,11.313708498984761,7.810249675906654,5.656854249492381,4.47213595499958,5.0990195135927845,5.0990195135927845,7.0710678118654755,8.06225774829855,10.0,0.0,0.0,0.0,0.0,0.0,0.0,0.0,0.0,0.0,0.0,0.0,5.0,7.810249675906654,9.219544457292887,10.0,12.041594578792296,13.45362404707371,13.601470508735444,14.422205101855956,15.231546211727817,15.811388300841896,16.492422502470642,15.524174696260024,12.36931687685298,12.36931687685298,9.433981132056603,8.48528137423857,9.219544457292887,10.44030650891055,13.152946437965905,16.0312195418814,19.026297590440446,23.021728866442675,24.020824298928627,27.16615541441225,28.284271247461902,28.635642126552707
1786417291.289943,-95,0.0,10.0,11.40175425099138,13.038404810405298,13.601470508735444,13.892443989449804,15.264337522473747,14.422205101855956,13.601470508735444,12.206555615733702,11.661903789690601,9.848857801796104,9.219544457292887,10.04987562112089,10.0,10.198039027185569,11.704699910719626,12.083045973594572,13.92838827718412,14.317821063276353,14.317821063276353,13.416407864998739,12.083045973594572,10.770329614269007,9.486832980505138,8.246211251235321,7.0710678118654755,0.0,0.0,0.0,0.0,0.0,0.0,0.0,0.0,0.0,0.0,0.0,10.0,10.0,9.433981132056603,10.295630140987,8.94427190999916,8.602325267042627,8.602325267042627,9.219544457292887,7.810249675906654,7.615773105863909,8.06225774829855,10.04987562112089,11.045361017187261,12.041594578792296,13.152946437965905,14.142135623730951,14.142135623730951,13.038404810405298,14.0,13.0,13.0,11.045361017187261,11.045361017187261,9.055385138137417,8.246211251235321,7.280109889280518
1786417291.3748102,-43,0.0,17.029386365926403,19.0,20.024984394500787,21.02379604162864,20.0,20.0,18.110770276274835,17.11724276862369,15.132745950421556,13.038404810405298,10.04987562112089,8.0,6.082762530298219,5.656854249492381,5.385164807134504,7.280109889280518,9.219544457292887,9.486832980505138,10.44030650891055,9.848857801796104,10.295630140987,10.0,10.63014581273465,10.0,8.94427190999916,7.280109889280518,0.0,0.0,0.0,0.0,0.0,0.0,0.0,0.0,0.0,0.0,0.0,11.180339887498949,10.770329614269007,10.295630140987,9.433981132056603,7.211102550927978,7.211102550927978,5.385164807134504,6.082762530298219,6.0,7.0710678118654755,10.44030650891055,11.40175425099138,13.601470508735444,15.524174696260024,16.492422502470642,17.26267650163207,18.24828759089466,17.11724276862369,17.11724276862369,15.297058540778355,14.317821063276353,12.165525060596439,10.770329614269007,9.219544457292887,9.433981132056603,10.198039027185569
1786417291.487694,-43,0.0,21.93171219946131,19.1049731745428,16.97056274847714,12.206555615733702,10.44030650891055,10.0,10.44030650891055,12.529964086141668,15.264337522473747,17.204650534085253,18.027756377319946,19.72308292331602,18.35755975068582,19.697715603592208,18.384776310850235,15.811388300841896,13.601470508735444,10.44030650891055,9.219544457292887,6.708203932499369,5.656854249492381,6.4031242374328485,6.708203932499369,7.615773105863909,9.433981132056603,10.816653826391969,0.0,0.0,0.0,0.0,0.0,0.0,0.0,0.0,0.0,0.0,0.0,4.0,6.324555320336759,8.54400374531753,9.486832980505138,10.198039027185569,12.041594578792296,13.0,13.152946437965905,14.317821063276353,14.866068747318506,15.231546211727817,13.892443989449804,11.180339887498949,11.180339887498949,8.06225774829855,8.06225774829855,7.615773105863909,10.63014581273465,13.45362404707371,15.620499351813308,19.4164878389476,22.20360331117452,24.20743687382041,26.90724809414742,28.284271247461902,28.319604517012593
1786417291.667697,-43,0.0,10.0,11.661903789690601,11.40175425099138,13.038404810405298,16.0312195418814,17.029386365926403,18.027756377319946,18.0,19.0,18.0,18.027756377319946,16.0,14.142135623730951,11.045361017187261,9.055385138137417,7.0710678118654755,5.385164807134504,5.830951894845301,6.4031242374328485,6.708203932499369,8.54400374531753,8.94427190999916,10.816653826391969,10.63014581273465,12.206555615733702,11.180339887498949,0.0,0.0,0.0,0.0,0.0,0.0,0.0,0.0,0.0,0.0,0.0,10.198039027185569,10.44030650891055,11.180339887498949,12.529964086141668,12.041594578792296,11.313708498984761,10.0,10.0,8.06225774829855,7.211102550927978,7.810249675906654,7.211102550927978,6.082762530298219,9.0,10.198039027185569,13.341664064126334,15.524174696260024,17.72004514666935,19.6468827043885,19.6468827043885,20.396078054371138,21.213203435596427,20.223748416156685,20.223748416156685,18.24828759089466,16.278820596099706
1786417291.713513,-44,0.0,22.20360331117452,20.808652046684813,18.027756377319946,12.083045973594572,10.198039027185569,10.04987562112089,10.770329614269007,12.206555615733702,14.866068747318506,15.556349186104045,16.97056274847714,18.384776310850235,17.029386365926403,18.601075237738275,18.027756377319946,15.264337522473747,13.416407864998739,10.770329614269007,8.54400374531753,5.830951894845301,5.0,4.47213595499958,5.0990195135927845,7.280109889280518,8.54400374531753,9.848857801796104,0.0,0.0,0.0,0.0,0.0,0.0,0.0,0.0,0.0,0.0,0.0,5.0990195135927845,7.615773105863909,8.94427190999916,9.848857801796104,11.704699910719626,12.36931687685298,13.152946437965905,14.035668847618199,15.033296378372908,15.132745950421556,16.278820596099706,14.560219778561036,12.36931687685298,12.36931687685298,9.055385138137417,8.54400374531753,9.433981132056603,11.40175425099138,13.601470508735444,16.1245154965971,19.235384061671343,22.360679774997898,25.059928172283335,27.784887978899608,28.844410203711913,28.600699292150182
1786417291.826574,-43,0.0,27.85677655436824,26.248809496813376,24.73863375370596,21.587033144922902,18.439088914585774,16.492422502470642,13.601470508735444,9.848857801796104,7.810249675906654,6.708203932499369,8.06225774829855,9.0,11.045361017187261,13.038404810405298,13.038404810405298,15.0,15.033296378372908,14.142135623730951,12.649110640673518,10.770329614269007,10.295630140987,8.602325267042627,6.4031242374328485,4.47213595499958,4.123105625617661,4.0,0.0,0.0,0.0,0.0,0.0,0.0,0.0,0.0,0.0,0.0,0.0,8.54400374531753,7.280109889280518,6.324555320336759,5.830951894845301,5.0,7.0710678118654755,8.602325267042627,10.816653826391969,12.806248474865697,14.212670403551895,16.278820596099706,16.278820596099706,16.401219466856727,17.204650534085253,16.64331697709324,15.264337522473747,14.422205101855956,12.206555615733702,9.899494936611665,9.433981132056603,10.0,11.180339887498949,13.92838827718412,17.46424919657298,20.12461179749811,24.166091947189145
1786417291.9401011,-43,0.0,10.295630140987,11.313708498984761,11.180339887498949,12.649110640673518,15.297058540778355,17.26267650163207,18.439088914585774,18.439088914585774,18.681541692269406,17.72004514666935,16.76305461424021,15.524174696260024,13.92838827718412,11.704699910719626,8.54400374531753,7.0710678118654755,6.082762530298219,5.385164807134504,6.4031242374328485,7.0710678118654755,8.48528137423857,9.219544457292887,10.0,11.180339887498949,11.40175425099138,11.180339887498949,0.0,0.0,0.0,0.0,0.0,0.0,0.0,0.0,0.0,0.0,0.0,9.486832980505138,10.295630140987,10.816653826391969,12.041594578792296,11.40175425099138,10.816653826391969,10.295630140987,9.848857801796104,8.54400374531753,7.615773105863909,7.211102550927978,6.4031242374328485,6.324555320336759,8.06225774829855,10.04987562112089,13.0,15.033296378372908,17.029386365926403,19.026297590440446,20.0,20.0,21.02379604162864,19.026297590440446,19.026297590440446,17.029386365926403,15.0
1786417292.0519402,-43,0.0,8.602325267042627,10.0,10.44030650891055,12.165525060596439,14.035668847618199,16.0,17.029386365926403,17.029386365926403,18.027756377319946,17.11724276862369,16.1245154965971,15.132745950421556,13.341664064126334,10.04987562112089,9.055385138137417,7.0,5.0990195135927845,4.47213595499958,5.656854249492381,5.830951894845301,8.06225774829855,8.602325267042627,9.219544457292887,10.63014581273465,10.816653826391969,9.848857801796104,0.0,0.0,0.0,0.0,0.0,0.0,0.0,0.0,0.0,0.0,0.0,9.486832980505138,10.295630140987,11.40175425099138,11.313708498984761,11.40175425099138,10.816653826391969,10.295630140987,8.94427190999916,8.54400374531753,7.615773105863909,6.4031242374328485,6.4031242374328485,6.324555320336759,8.06225774829855,10.0,12.041594578792296,14.142135623730951,16.1245154965971,18.110770276274835,19.1049731745428,19.026297590440446,20.024984394500787,19.0,18.0,17.0,14.035668847618199
1786417292.2788842,-44,0.0,22.135943621178654,19.6468827043885,17.46424919657298,13.038404810405298,11.180339887498949,10.295630140987,12.041594578792296,12.806248474865697,15.264337522473747,17.0,18.35755975068582,19.72308292331602,18.601075237738275,19.209372712298546,19.1049731745428,15.556349186104045,13.45362404707371,11.40175425099138,9.219544457292887,6.4031242374328485,5.830951894845301,6.082762530298219,7.0,8.06225774829855,9.055385138137417,11.40175425099138,0.0,0.0,0.0,0.0,0.0,0.0,0.0,0.0,0.0,0.0,0.0,4.242640687119285,7.810249675906654,8.602325267042627,9.219544457292887,11.313708498984761,12.041594578792296,13.038404810405298,13.416407864998739,14.866068747318506,15.524174696260024,15.132745950421556,14.142135623730951,11.180339887498949,11.180339887498949,8.94427190999916,8.48528137423857,8.602325267042627,11.40175425099138,13.152946437965905,16.1245154965971,19.1049731745428,23.194827009486403,25.317977802344327,27.65863337187866,28.861739379323623,28.460498941515414
1786417292.391937,-43,0.0,27.0,27.073972741361768,25.019992006393608,23.194827009486403,20.09975124224178,18.110770276274835,15.033296378372908,12.041594578792296,10.198039027185569,8.602325267042627,10.0,11.180339887498949,12.083045973594572,14.317821063276353,14.7648230602334,16.1245154965971,15.811388300841896,15.620499351813308,14.866068747318506,12.806248474865697,12.206555615733702,10.295630140987,7.615773105863909,5.830951894845301,5.0,5.656854249492381,0.0,0.0,0.0,0.0,0.0,0.0,0.0,0.0,0.0,0.0,0.0,8.246211251235321,7.0710678118654755,6.082762530298219,5.385164807134504,5.0,7.0710678118654755,7.810249675906654,9.899494936611665,12.041594578792296,12.806248474865697,15.0,16.55294535724685,16.55294535724685,16.15549442140351,15.811388300841896,15.811388300841896,13.0,11.704699910719626,10.816653826391969,9.899494936611665,9.848857801796104,12.165525060596439,14.0,18.110770276274835,22.090722034374522,25.079872407968907
1786417292.509558,-43,0.0,8.602325267042627,11.40175425099138,11.704699910719626,14.142135623730951,16.1245154965971,18.027756377319946,19.1049731745428,19.1049731745428,20.09975124224178,19.235384061671343,18.24828759089466,16.1245154965971,14.317821063276353,12.041594578792296,9.055385138137417,8.0,6.324555320336759,5.830951894845301,7.810249675906654,8.06225774829855,9.433981132056603,10.0,12.041594578792296,12.041594578792296,12.529964086141668,11.704699910719626,0.0,0.0,0.0,0.0,0.0,0.0,0.0,0.0,0.0,0.0,0.0,8.94427190999916,10.0,10.63014581273465,11.40175425099138,11.661903789690601,11.180339887498949,10.770329614269007,9.486832980505138,8.246211251235321,7.280109889280518,6.324555320336759,6.4031242374328485,5.830951894845301,8.246211251235321,10.0,13.0,15.033296378372908,17.029386365926403,19.026297590440446,20.0,21.0,21.02379604162864,20.024984394500787,19.026297590440446,17.029386365926403,15.033296378372908
1786417292.619387,-44,0.0,26.019223662515376,24.331050121192877,23.345235059857504,20.396078054371138,17.46424919657298,15.297058540778355,11.180339887498949,9.0,6.708203932499369,6.4031242374328485,8.54400374531753,10.44030650891055,11.180339887498949,13.341664064126334,14.317821063276353,14.866068747318506,14.317821063276353,14.7648230602334,13.038404810405298,11.40175425099138,9.899494936611665,8.48528137423857,6.4031242374328485,5.0,4.47213595499958,4.123105625617661,0.0,0.0,0.0,0.0,0.0,0.0,0.0,0.0,0.0,0.0,0.0,8.06225774829855,7.211102550927978,5.0,4.47213595499958,4.0,5.0990195135927845,6.324555320336759,8.54400374531753,10.44030650891055,12.36931687685298,14.317821063276353,15.132745950421556,16.0312195418814,15.0,15.033296378372908,14.035668847618199,13.038404810405298,11.0,9.219544457292887,7.211102550927978,7.211102550927978,9.486832980505138,13.038404810405298,16.0,20.0,22.02271554554524
1786417292.722667,-43,0.0,8.48528137423857,10.295630140987,10.198039027185569,12.0,14.035668847618199,16.1245154965971,17.11724276862369,17.11724276862369,18.027756377319946,17.029386365926403,16.0312195418814,14.035668847618199,12.0,10.0,8.06225774829855,6.082762530298219,5.0,4.242640687119285,5.385164807134504,6.082762530298219,8.246211251235321,8.54400374531753,10.295630140987,10.0,10.63014581273465,9.433981132056603,0.0,0.0,0.0,0.0,0.0,0.0,0.0,0.0,0.0,0.0,0.0,9.219544457292887,10.770329614269007,11.180339887498949,11.661903789690601,12.041594578792296,12.041594578792296,11.40175425099138,10.816653826391969,9.433981132056603,9.433981132056603,7.810249675906654,7.211102550927978,6.324555320336759,8.0,10.04987562112089,12.36931687685298,14.560219778561036,16.76305461424021,18.681541692269406,19.4164878389476,20.396078054371138,20.396078054371138,20.223748416156685,19.235384061671343,17.26267650163207,15.297058540778355
1786417292.746884,-44,0.0,22.80350850198276,20.0,17.204650534085253,12.083045973594572,9.219544457292887,8.246211251235321,9.433981132056603,11.313708498984761,14.866068747318506,15.620499351813308,17.029386365926403,18.439088914585774,16.97056274847714,18.439088914585774,17.204650534085253,14.422205101855956,12.529964086141668,9.433981132056603,6.708203932499369,5.0,4.47213595499958,4.123105625617661,6.082762530298219,7.0,8.06225774829855,10.198039027185569,0.0,0.0,0.0,0.0,0.0,0.0,0.0,0.0,0.0,0.0,0.0,5.0990195135927845,7.280109889280518,8.54400374531753,9.486832980505138,11.40175425099138,12.165525060596439,14.035668847618199,14.0,16.1245154965971,16.278820596099706,17.46424919657298,15.811388300841896,12.649110640673518,12.649110640673518,9.055385138137417,8.246211251235321,7.615773105863909,9.899494936611665,12.206555615733702,15.652475842498529,18.788294228055936,22.360679774997898,24.596747752497688,27.784887978899608,28.844410203711913,28.600699292150182
1786417292.842869,-44,0.0,22.20360331117452,20.615528128088304,17.029386365926403,13.45362404707371,10.295630140987,10.198039027185569,10.198039027185569,12.083045973594572,14.7648230602334,16.64331697709324,17.4928556845359,19.235384061671343,17.88854381999832,19.697715603592208,18.027756377319946,15.811388300841896,14.317821063276353,11.180339887498949,9.055385138137417,5.385164807134504,4.47213595499958,4.242640687119285,5.385164807134504,6.708203932499369,8.06225774829855,9.433981132056603,0.0,0.0,0.0,0.0,0.0,0.0,0.0,0.0,0.0,0.0,0.0,5.0990195135927845,8.06225774829855,9.055385138137417,10.04987562112089,12.0,12.041594578792296,13.341664064126334,14.560219778561036,15.231546211727817,16.1245154965971,15.811388300841896,15.0,12.206555615733702,12.206555615733702,8.246211251235321,9.0,8.246211251235321,10.816653826391969,12.806248474865697,16.278820596099706,19.1049731745428,22.627416997969522,25.45584412271571,28.319604517012593,28.42534080710379,28.600699292150182
1786417292.957411,-43,0.0,17.029386365926403,18.439088914585774,20.518284528683193,21.93171219946131,21.93171219946131,20.615528128088304,19.209372712298546,17.204650534085253,14.212670403551895,12.806248474865697,9.899494936611665,7.211102550927978,6.324555320336759,6.0,7.280109889280518,8.54400374531753,9.848857801796104,11.704699910719626,11.704699910719626,12.165525060596439,12.041594578792296,12.0,11.180339887498949,10.44030650891055,8.94427190999916,8.06225774829855,0.0,0.0,0.0,0.0,0.0,0.0,0.0,0.0,0.0,0.0,0.0,10.0,9.848857801796104,9.219544457292887,8.06225774829855,7.0,6.0,5.0,4.123105625617661,5.0,5.830951894845301,8.06225774829855,9.848857801796104,12.083045973594572,13.892443989449804,15.264337522473747,16.64331697709324,17.204650534085253,16.401219466856727,15.620499351813308,15.620499351813308,14.212670403551895,11.661903789690601,9.848857801796104,9.055385138137417,9.486832980505138,12.806248474865697
1786417293.0700521,-44,0.0,22.67156809750927,20.615528128088304,16.401219466856727,12.529964086141668,10.44030650891055,9.0,9.848857801796104,12.206555615733702,14.866068747318506,15.556349186104045,16.97056274847714,18.439088914585774,17.804493814764857,18.601075237738275,17.4928556845359,14.7648230602334,13.416407864998739,10.770329614269007,8.54400374531753,5.830951894845301,5.0,4.47213595499958,5.0990195135927845,7.0710678118654755,8.54400374531753,9.848857801796104,0.0,0.0,0.0,0.0,0.0,0.0,0.0,0.0,0.0,0.0,0.0,5.0990195135927845,7.615773105863909,8.54400374531753,9.486832980505138,12.36931687685298,12.165525060596439,13.038404810405298,14.035668847618199,15.132745950421556,15.524174696260024,15.811388300841896,14.866068747318506,11.704699910719626,11.704699910719626,9.055385138137417,8.246211251235321,8.94427190999916,11.313708498984761,13.601470508735444,15.811388300841896,19.72308292331602,23.323807579381203,24.698178070456937,27.459060435491963,28.600699292150182,28.42534080710379
1786417293.180767,-44,0.0,26.832815729997478,25.553864678361276,23.853720883753127,21.633307652783937,18.027756377319946,15.811388300841896,11.661903789690601,9.486832980505138,7.0710678118654755,6.708203932499369,8.48528137423857,10.0,12.206555615733702,12.806248474865697,15.0,14.866068747318506,14.866068747318506,13.601470508735444,13.038404810405298,11.180339887498949,10.770329614269007,8.246211251235321,7.280109889280518,5.385164807134504,3.605551275463989,4.242640687119285,0.0,0.0,0.0,0.0,0.0,0.0,0.0,0.0,0.0,0.0,0.0,8.48528137423857,7.0710678118654755,5.656854249492381,5.0,4.47213595499958,5.0990195135927845,7.0,9.0,11.0,13.038404810405298,15.132745950421556,16.492422502470642,16.76305461424021,15.811388300841896,16.15549442140351,14.866068747318506,13.0,11.704699910719626,9.055385138137417,8.06225774829855,8.602325267042627,10.0,13.416407864998739,17.08800749063506,20.615528128088304,23.259406699226016
1786417293.293599,-43,0.0,17.0,18.867962264113206,19.72308292331602,21.095023109728988,20.248456731316587,19.4164878389476,19.209372712298546,17.029386365926403,14.212670403551895,12.206555615733702,9.433981132056603,7.615773105863909,6.082762530298219,6.324555320336759,7.211102550927978,9.219544457292887,10.63014581273465,11.40175425099138,12.206555615733702,11.661903789690601,12.083045973594572,11.704699910719626,11.180339887498949,10.04987562112089,9.0,7.0710678118654755,0.0,0.0,0.0,0.0,0.0,0.0,0.0,0.0,0.0,0.0,0.0,9.433981132056603,9.848857801796104,9.219544457292887,8.06225774829855,7.0,6.0,5.0990195135927845,4.47213595499958,4.242640687119285,5.830951894845301,7.615773105863909,9.848857801796104,11.704699910719626,13.0,14.317821063276353,15.652475842498529,16.1245154965971,16.1245154965971,15.264337522473747,13.892443989449804,13.416407864998739,11.180339887498949,9.486832980505138,8.06225774829855,8.94427190999916,10.63014581273465
1786417293.521933,-43,0.0,8.06225774829855,9.219544457292887,9.848857801796104,12.36931687685298,14.142135623730951,16.0312195418814,17.11724276862369,17.11724276862369,17.26267650163207,17.26267650163207,15.524174696260024,14.317821063276353,12.36931687685298,10.198039027185569,8.06225774829855,6.0,5.385164807134504,5.0,6.4031242374328485,7.211102550927978,8.602325267042627,10.0,9.899494936611665,10.816653826391969,11.180339887498949,10.44030650891055,0.0,0.0,0.0,0.0,0.0,0.0,0.0,0.0,0.0,0.0,0.0,8.94427190999916,9.433981132056603,10.63014581273465,11.313708498984761,11.40175425099138,11.180339887498949,10.770329614269007,10.44030650891055,9.486832980505138,8.246211251235321,7.615773105863909,6.4031242374328485,5.830951894845301,7.280109889280518,9.055385138137417,12.0,13.038404810405298,16.0312195418814,17.029386365926403,19.0,19.0,20.024984394500787,19.1049731745428,18.110770276274835,16.0312195418814,14.035668847618199
1786417293.8602781,-43,0.0,20.8806130178211,19.313207915827967,14.866068747318506,11.180339887498949,9.219544457292887,9.219544457292887,10.0,12.36931687685298,14.560219778561036,16.15549442140351,17.72004514666935,18.681541692269406,18.439088914585774,19.235384061671343,18.110770276274835,15.033296378372908,13.0,11.0,8.0,6.082762530298219,5.830951894845301,5.656854249492381,6.708203932499369,7.211102550927978,9.219544457292887,10.63014581273465,0.0,0.0,0.0,0.0,0.0,0.0,0.0,0.0,0.0,0.0,0.0,3.605551275463989,6.324555320336759,7.280109889280518,8.54400374531753,10.770329614269007,10.816653826391969,11.40175425099138,13.45362404707371,14.212670403551895,15.0,14.7648230602334,13.892443989449804,11.180339887498949,10.295630140987,7.0710678118654755,6.708203932499369,6.082762530298219,9.219544457292887,12.083045973594572,15.231546211727817,17.4928556845359,21.470910553583888,22.825424421026653,26.0,26.570660511172846,26.92582403567252
1786417293.970644,-43,0.0,8.06225774829855,8.06225774829855,10.0,12.083045973594572,13.92838827718412,16.15549442140351,17.08800749063506,17.46424919657298,17.46424919657298,16.55294535724685,16.55294535724685,14.317821063276353,12.529964086141668,10.295630140987,7.615773105863909,6.324555320336759,4.0,4.47213595499958,5.656854249492381,7.211102550927978,8.602325267042627,9.219544457292887,10.63014581273465,10.816653826391969,11.704699910719626,10.198039027185569,0.0,0.0,0.0,0.0,0.0,0.0,0.0,0.0,0.0,0.0,0.0,9.433981132056603,10.295630140987,11.704699910719626,12.36931687685298,12.041594578792296,12.0,11.045361017187261,10.198039027185569,9.219544457292887,8.246211251235321,8.06225774829855,7.0710678118654755,5.830951894845301,7.810249675906654,8.94427190999916,12.083045973594572,13.92838827718412,17.08800749063506,18.384776310850235,19.697715603592208,20.615528128088304,20.12461179749811,20.12461179749811,19.235384061671343,16.55294535724685,14.317821063276353
1786417294.1965199,-43,0.0,15.620499351813308,17.029386365926403,19.209372712298546,19.209372712298546,19.849433241279208,19.1049731745428,17.69180601295413,16.278820596099706,13.45362404707371,11.313708498984761,8.602325267042627,5.830951894845301,5.0990195135927845,5.0990195135927845,6.4031242374328485,8.48528137423857,9.219544457292887,9.899494936611665,10.63014581273465,10.816653826391969,11.180339887498949,10.770329614269007,10.198039027185569,9.055385138137417,8.0,7.0710678118654755,0.0,0.0,0.0,0.0,0.0,0.0,0.0,0.0,0.0,0.0,0.0,10.198039027185569,11.045361017187261,10.04987562112089,9.219544457292887,8.246211251235321,7.280109889280518,6.082762530298219,5.0,5.385164807134504,5.830951894845301,7.810249675906654,10.63014581273465,11.40175425099138,14.212670403551895,14.866068747318506,16.278820596099706,16.97056274847714,16.97056274847714,16.278820596099706,15.556349186104045,14.142135623730951,12.041594578792296,9.433981132056603,8.246211251235321,8.246211251235321,9.433981132056603
1786417294.309865,-44,0.0,23.345235059857504,20.09975124224178,17.11724276862369,13.0,10.44030650891055,9.219544457292887,10.816653826391969,12.649110640673518,15.524174696260024,16.278820596099706,18.439088914585774,19.4164878389476,18.681541692269406,20.248456731316587,18.384776310850235,15.652475842498529,13.892443989449804,11.661903789690601,8.602325267042627,6.708203932499369,5.0990195135927845,5.0990195135927845,5.830951894845301,7.615773105863909,8.54400374531753,10.44030650891055,0.0,0.0,0.0,0.0,0.0,0.0,0.0,0.0,0.0,0.0,0.0,3.605551275463989,7.0710678118654755,7.810249675906654,9.219544457292887,11.313708498984761,12.806248474865697,12.529964086141668,14.317821063276353,14.560219778561036,15.297058540778355,16.1245154965971,14.035668847618199,12.041594578792296,11.045361017187261,7.615773105863909,7.810249675906654,8.06225774829855,10.198039027185569,13.038404810405298,16.0,19.026297590440446,23.0,25.0,28.0178514522438,29.154759474226502,29.427877939124322
1786417294.650133,-43,0.0,28.0178514522438,26.40075756488817,24.08318915758459,21.2602916254693,19.1049731745428,16.278820596099706,12.806248474865697,9.848857801796104,8.246211251235321,8.246211251235321,8.94427190999916,10.816653826391969,12.806248474865697,14.212670403551895,15.0,15.264337522473747,15.652475842498529,15.231546211727817,14.560219778561036,12.165525060596439,11.045361017187261,9.0,7.0710678118654755,6.082762530298219,5.385164807134504,5.830951894845301,0.0,0.0,0.0,0.0,0.0,0.0,0.0,0.0,0.0,0.0,0.0,7.211102550927978,6.4031242374328485,5.0,4.47213595499958,4.123105625617661,6.0,8.0,10.04987562112089,11.0,13.038404810405298,15.132745950421556,15.524174696260024,15.811388300841896,15.811388300841896,15.231546211727817,14.317821063276353,13.0,10.44030650891055,9.055385138137417,8.06225774829855,9.433981132056603,11.313708498984761,14.422205101855956,17.0,20.591260281974,24.698178070456937
1786417294.761622,-43,0.0,10.198039027185569,12.083045973594572,12.041594578792296,13.601470508735444,15.264337522473747,17.4928556845359,18.35755975068582,18.027756377319946,19.4164878389476,19.4164878389476,18.601075237738275,15.811388300841896,14.212670403551895,11.40175425099138,8.602325267042627,7.615773105863909,5.0990195135927845,5.0990195135927845,5.830951894845301,7.211102550927978,8.602325267042627,9.433981132056603,10.770329614269007,11.180339887498949,12.041594578792296,11.180339887498949,0.0,0.0,0.0,0.0,0.0,0.0,0.0,0.0,0.0,0.0,0.0,10.63014581273465,11.40175425099138,13.038404810405298,13.416407864998739,13.601470508735444,12.36931687685298,11.180339887498949,10.04987562112089,9.055385138137417,9.055385138137417,8.246211251235321,8.06225774829855,7.0710678118654755,9.433981132056603,11.180339887498949,14.866068747318506,16.76305461424021,19.924858845171276,19.924858845171276,21.18962010041709,21.540659228538015,21.93171219946131,21.02379604162864,21.93171219946131,19.313207915827967,16.55294535724685
1786417294.8191261,-44,0.0,20.615528128088304,18.439088914585774,16.278820596099706,12.041594578792296,9.219544457292887,8.602325267042627,10.0,12.083045973594572,14.866068747318506,15.811388300841896,18.027756377319946,18.384776310850235,17.46424919657298,19.235384061671343,17.4928556845359,15.811388300841896,12.806248474865697,10.63014581273465,8.602325267042627,5.830951894845301,5.0990195135927845,6.0,6.324555320336759,7.280109889280518,9.055385138137417,11.045361017187261,0.0,0.0,0.0,0.0,0.0,0.0,0.0,0.0,0.0,0.0,0.0,4.47213595499958,7.0710678118654755,7.810249675906654,8.48528137423857,10.63014581273465,11.661903789690601,12.083045973594572,13.0,14.317821063276353,14.142135623730951,15.033296378372908,14.035668847618199,11.0,11.0,7.615773105863909,7.810249675906654,7.810249675906654,9.486832980505138,12.165525060596439,15.033296378372908,18.027756377319946,21.095023109728988,23.194827009486403,26.30589287593181,27.65863337187866,26.92582403567252
1786417294.8745239,-43,0.0,17.11724276862369,19.235384061671343,20.223748416156685,20.223748416156685,20.223748416156685,19.4164878389476,18.681541692269406,16.76305461424021,14.560219778561036,11.40175425099138,9.219544457292887,7.0,5.0990195135927845,5.0,5.830951894845301,8.54400374531753,9.486832980505138,9.848857801796104,11.180339887498949,10.816653826391969,10.63014581273465,10.63014581273465,10.0,8.94427190999916,8.54400374531753,7.0710678118654755,0.0,0.0,0.0,0.0,0.0,0.0,0.0,0.0,0.0,0.0,0.0,11.180339887498949,11.40175425099138,9.899494936611665,9.219544457292887,7.810249675906654,7.810249675906654,5.656854249492381,5.830951894845301,5.385164807134504,7.0710678118654755,9.0,11.0,13.038404810405298,15.033296378372908,16.0,17.029386365926403,18.027756377319946,18.110770276274835,17.029386365926403,16.0312195418814,15.033296378372908,13.0,10.198039027185569,8.94427190999916,9.219544457292887,9.848857801796104
1786417294.986051,-43,0.0,17.4928556845359,20.12461179749811,21.470910553583888,21.470910553583888,21.02379604162864,21.02379604162864,19.313207915827967,17.08800749063506,14.866068747318506,13.0,9.433981132056603,7.810249675906654,6.4031242374328485,7.0710678118654755,7.0710678118654755,9.219544457292887,11.40175425099138,11.180339887498949,12.041594578792296,12.041594578792296,12.041594578792296,12.165525060596439,11.40175425099138,10.770329614269007,9.433981132056603,7.211102550927978,0.0,0.0,0.0,0.0,0.0,0.0,0.0,0.0,0.0,0.0,0.0,11.0,10.198039027185569,9.486832980505138,8.94427190999916,8.06225774829855,7.211102550927978,5.385164807134504,4.123105625617661,5.0990195135927845,5.385164807134504,8.602325267042627,10.816653826391969,12.206555615733702,14.422205101855956,15.264337522473747,16.1245154965971,17.0,17.0,17.0,15.652475842498529,13.892443989449804,11.661903789690601,9.899494936611665,8.94427190999916,9.055385138137417,10.44030650891055
1786417295.099883,-43,0.0,17.08800749063506,18.788294228055936,20.615528128088304,20.615528128088304,21.02379604162864,20.12461179749811,18.35755975068582,17.4928556845359,14.7648230602334,12.529964086141668,9.848857801796104,7.280109889280518,6.082762530298219,5.385164807134504,5.656854249492381,7.810249675906654,8.602325267042627,10.0,10.63014581273465,10.63014581273465,11.40175425099138,10.295630140987,10.770329614269007,10.44030650891055,9.055385138137417,8.0,0.0,0.0,0.0,0.0,0.0,0.0,0.0,0.0,0.0,0.0,0.0,10.0,9.433981132056603,9.486832980505138,8.54400374531753,7.280109889280518,6.082762530298219,5.385164807134504,5.0,5.0,6.324555320336759,8.246211251235321,10.44030650891055,12.36931687685298,14.560219778561036,14.866068747318506,16.76305461424021,17.08800749063506,17.08800749063506,16.15549442140351,15.231546211727817,13.92838827718412,12.36931687685298,10.04987562112089,9.219544457292887,9.433981132056603,10.63014581273465
1786417295.213075,-43,0.0,27.730849247724095,26.92582403567252,25.632011235952593,22.135943621178654,18.973665961010276,16.76305461424021,13.0,10.295630140987,8.48528137423857,7.615773105863909,9.055385138137417,10.04987562112089,12.165525060596439,13.341664064126334,14.317821063276353,15.132745950421556,16.0312195418814,15.033296378372908,14.142135623730951,11.40175425099138,11.704699910719626,9.848857801796104,7.615773105863909,5.385164807134504,4.123105625617661,5.0,0.0,0.0,0.0,0.0,0.0,0.0,0.0,0.0,0.0,0.0,0.0,7.280109889280518,6.082762530298219,5.0990195135927845,4.47213595499958,4.242640687119285,5.656854249492381,8.06225774829855,9.433981132056603,11.40175425099138,14.212670403551895,15.556349186104045,16.278820596099706,16.401219466856727,16.401219466856727,16.64331697709324,14.422205101855956,13.038404810405298,11.40175425099138,9.899494936611665,8.94427190999916,9.0,11.40175425099138,14.317821063276353,17.4928556845359,21.470910553583888,25.059928172283335
1786417295.331635,-43,0.0,9.219544457292887,10.04987562112089,11.180339887498949,13.601470508735444,15.0,16.401219466856727,17.804493814764857,17.804493814764857,18.601075237738275,17.204650534085253,17.204650534085253,15.0,13.038404810405298,11.40175425099138,7.810249675906654,7.810249675906654,6.708203932499369,5.0,7.280109889280518,8.54400374531753,9.486832980505138,11.180339887498949,11.045361017187261,11.045361017187261,12.36931687685298,10.770329614269007,0.0,0.0,0.0,0.0,0.0,0.0,0.0,0.0,0.0,0.0,0.0,9.219544457292887,10.04987562112089,10.04987562112089,12.165525060596439,12.649110640673518,10.770329614269007,10.295630140987,9.433981132056603,8.602325267042627,7.211102550927978,7.211102550927978,6.082762530298219,6.082762530298219,7.615773105863909,10.0,11.40175425099138,14.142135623730951,17.69180601295413,17.69180601295413,18.439088914585774,19.849433241279208,19.209372712298546,18.601075237738275,19.209372712298546,17.029386365926403,14.212670403551895
1786417295.44505,-43,0.0,18.0,20.09975124224178,21.02379604162864,22.02271554554524,21.095023109728988,21.095023109728988,19.4164878389476,17.46424919657298,15.524174696260024,13.152946437965905,10.04987562112089,8.0,6.082762530298219,5.656854249492381,5.830951894845301,8.54400374531753,9.486832980505138,10.770329614269007,11.180339887498949,11.180339887498949,11.661903789690601,10.63014581273465,10.63014581273465,10.816653826391969,8.94427190999916,7.615773105863909,0.0,0.0,0.0,0.0,0.0,0.0,0.0,0.0,0.0,0.0,0.0,11.180339887498949,10.0,9.899494936611665,9.219544457292887,7.211102550927978,7.211102550927978,5.656854249492381,4.47213595499958,5.0990195135927845,6.0,9.055385138137417,11.045361017187261,13.152946437965905,15.132745950421556,16.0312195418814,17.0,18.0,18.0,18.0,16.0,15.033296378372908,13.038404810405298,10.44030650891055,9.433981132056603,10.0,10.44030650891055
1786417295.5579221,-43,0.0,22.0,20.024984394500787,17.029386365926403,13.038404810405298,9.848857801796104,9.219544457292887,9.848857801796104,11.045361017187261,13.038404810405298,15.0,17.0,17.029386365926403,17.11724276862369,18.24828759089466,17.46424919657298,14.560219778561036,11.704699910719626,10.295630140987,7.615773105863909,5.385164807134504,4.0,4.123105625617661,5.656854249492381,6.4031242374328485,7.810249675906654,8.94427190999916,0.0,0.0,0.0,0.0,0.0,0.0,0.0,0.0,0.0,0.0,0.0,5.0,7.810249675906654,8.602325267042627,10.0,12.041594578792296,12.727922061357855,12.806248474865697,14.422205101855956,14.7648230602334,15.231546211727817,15.811388300841896,14.866068747318506,12.649110640673518,11.704699910719626,8.602325267042627,8.48528137423857,8.06225774829855,10.04987562112089,13.038404810405298,16.0312195418814,18.24828759089466,22.20360331117452,23.345235059857504,27.16615541441225,28.071337695236398,28.0
1786417295.670866,-43,0.0,16.0312195418814,18.110770276274835,20.09975124224178,20.09975124224178,20.09975124224178,19.235384061671343,18.439088914585774,16.492422502470642,14.560219778561036,12.36931687685298,9.055385138137417,7.0,5.0990195135927845,5.0,5.385164807134504,8.246211251235321,9.219544457292887,10.44030650891055,10.770329614269007,10.770329614269007,10.295630140987,10.0,9.899494936611665,10.0,8.06225774829855,6.324555320336759,0.0,0.0,0.0,0.0,0.0,0.0,0.0,0.0,0.0,0.0,0.0,11.661903789690601,10.63014581273465,10.63014581273465,10.0,8.06225774829855,8.06225774829855,6.4031242374328485,5.656854249492381,5.385164807134504,6.082762530298219,9.0,11.0,13.038404810405298,15.0,16.0312195418814,17.029386365926403,18.027756377319946,18.110770276274835,17.029386365926403,16.1245154965971,14.035668847618199,13.0,10.04987562112089,8.94427190999916,9.219544457292887,9.486832980505138
1786417295.783736,-43,0.0,9.055385138137417,10.198039027185569,11.661903789690601,13.45362404707371,14.866068747318506,16.97056274847714,17.69180601295413,18.384776310850235,18.384776310850235,17.69180601295413,18.439088914585774,15.620499351813308,13.601470508735444,12.041594578792296,9.219544457292887,7.810249675906654,5.830951894845301,5.0,6.324555320336759,7.615773105863909,8.94427190999916,9.486832980505138,11.180339887498949,11.0,12.041594578792296,11.40175425099138,0.0,0.0,0.0,0.0,0.0,0.0,0.0,0.0,0.0,0.0,0.0,9.486832980505138,10.198039027185569,10.0,12.041594578792296,11.180339887498949,10.44030650891055,9.486832980505138,8.94427190999916,7.615773105863909,6.708203932499369,6.708203932499369,6.0,5.385164807134504,7.810249675906654,9.899494936611665,12.041594578792296,15.0,17.804493814764857,18.439088914585774,19.209372712298546,19.849433241279208,19.79898987322333,19.1049731745428,19.79898987322333,16.97056274847714,14.866068747318506
1786417295.8614368,-43,0.0,17.4928556845359,19.235384061671343,21.095023109728988,21.470910553583888,21.470910553583888,21.02379604162864,19.697715603592208,17.08800749063506,14.866068747318506,12.649110640673518,10.295630140987,8.06225774829855,5.656854249492381,5.385164807134504,6.0,8.06225774829855,9.219544457292887,10.198039027185569,11.045361017187261,11.045361017187261,11.0,11.180339887498949,10.44030650891055,10.295630140987,8.602325267042627,7.0710678118654755,0.0,0.0,0.0,0.0,0.0,0.0,0.0,0.0,0.0,0.0,0.0,11.180339887498949,11.0,10.04987562112089,9.219544457292887,8.246211251235321,7.280109889280518,6.0,6.082762530298219,6.324555320336759,7.211102550927978,9.219544457292887,11.40175425099138,13.45362404707371,15.620499351813308,16.401219466856727,17.204650534085253,18.601075237738275,18.027756377319946,18.027756377319946,16.64331697709324,15.0,12.806248474865697,10.63014581273465,9.848857801796104,10.04987562112089,11.180339887498949
1786417295.8961978,-43,0.0,8.602325267042627,10.63014581273465,12.083045973594572,13.601470508735444,16.278820596099706,18.24828759089466,19.4164878389476,19.4164878389476,19.4164878389476,18.681541692269406,17.72004514666935,15.524174696260024,13.92838827718412,11.40175425099138,9.219544457292887,8.0,6.082762530298219,5.830951894845301,7.0710678118654755,7.810249675906654,10.0,10.63014581273465,11.40175425099138,11.661903789690601,13.0,11.40175425099138,0.0,0.0,0.0,0.0,0.0,0.0,0.0,0.0,0.0,0.0,0.0,8.94427190999916,10.0,10.63014581273465,11.40175425099138,11.180339887498949,11.180339887498949,10.44030650891055,9.219544457292887,8.246211251235321,7.0710678118654755,6.324555320336759,5.830951894845301,5.830951894845301,7.280109889280518,10.04987562112089,13.038404810405298,14.0,17.0,19.0,20.024984394500787,20.09975124224178,21.095023109728988,20.223748416156685,19.235384061671343,17.11724276862369,15.132745950421556
1786417296.009451,-43,0.0,8.06225774829855,10.198039027185569,10.198039027185569,11.704699910719626,15.231546211727817,16.55294535724685,16.55294535724685,17.08800749063506,17.08800749063506,16.15549442140351,16.76305461424021,13.92838827718412,13.341664064126334,10.770329614269007,7.615773105863909,7.211102550927978,5.830951894845301,4.47213595499958,6.0,7.0710678118654755,9.055385138137417,10.0,11.045361017187261,10.770329614269007,12.083045973594572,10.0,0.0,0.0,0.0,0.0,0.0,0.0,0.0,0.0,0.0,0.0,0.0,9.055385138137417,9.486832980505138,9.848857801796104,12.529964086141668,12.206555615733702,10.63014581273465,9.899494936611665,9.219544457292887,8.602325267042627,7.211102550927978,6.4031242374328485,5.830951894845301,5.0990195135927845,7.0710678118654755,9.486832980505138,11.704699910719626,13.892443989449804,16.1245154965971,17.88854381999832,17.88854381999832,18.384776310850235,19.313207915827967,18.027756377319946,18.384776310850235,16.15549442140351,13.92838827718412
1786417296.122619,-43,0.0,23.345235059857504,19.79898987322333,16.97056274847714,12.529964086141668,10.44030650891055,10.0,10.770329614269007,13.038404810405298,16.401219466856727,17.69180601295413,18.439088914585774,20.0,18.601075237738275,21.095023109728988,19.235384061671343,16.55294535724685,14.317821063276353,10.770329614269007,8.54400374531753,6.4031242374328485,5.656854249492381,5.830951894845301,6.324555320336759,8.246211251235321,9.848857801796104,11.180339887498949,0.0,0.0,0.0,0.0,0.0,0.0,0.0,0.0,0.0,0.0,0.0,4.0,7.280109889280518,8.246211251235321,9.219544457292887,11.045361017187261,12.0,13.038404810405298,13.341664064126334,14.866068747318506,15.231546211727817,16.1245154965971,14.422205101855956,11.661903789690601,11.661903789690601,8.06225774829855,7.0710678118654755,7.615773105863909,10.63014581273465,13.45362404707371,15.811388300841896,19.4164878389476,23.600847442411894,25.0,27.65863337187866,29.0,29.0
1786417296.235735,-43,0.0,18.110770276274835,20.09975124224178,21.213203435596427,22.090722034374522,22.090722034374522,21.02379604162864,19.0,17.0,15.0,13.0,10.04987562112089,8.246211251235321,6.708203932499369,6.4031242374328485,7.280109889280518,9.219544457292887,10.198039027185569,11.40175425099138,12.649110640673518,11.704699910719626,12.083045973594572,12.206555615733702,12.041594578792296,11.313708498984761,9.433981132056603,8.06225774829855,0.0,0.0,0.0,0.0,0.0,0.0,0.0,0.0,0.0,0.0,0.0,10.44030650891055,9.848857801796104,8.602325267042627,7.810249675906654,7.0710678118654755,6.4031242374328485,5.0,4.47213595499958,5.0,6.082762530298219,8.54400374531753,10.44030650891055,12.649110640673518,14.560219778561036,15.524174696260024,16.278820596099706,16.278820596099706,17.26267650163207,17.26267650163207,15.297058540778355,13.341664064126334,11.40175425099138,9.848857801796104,9.219544457292887,9.848857801796104,11.045361017187261
1786417296.3482392,-43,0.0,26.40075756488817,23.853720883753127,23.323807579381203,20.591260281974,17.0,14.7648230602334,11.661903789690601,8.48528137423857,7.211102550927978,7.0710678118654755,8.246211251235321,9.848857801796104,11.180339887498949,13.0,13.0,14.866068747318506,14.317821063276353,14.035668847618199,13.0,10.04987562112089,10.198039027185569,8.246211251235321,6.082762530298219,4.0,4.123105625617661,4.123105625617661,0.0,0.0,0.0,0.0,0.0,0.0,0.0,0.0,0.0,0.0,0.0,8.06225774829855,6.708203932499369,5.385164807134504,5.0,4.242640687119285,5.830951894845301,7.615773105863909,9.486832980505138,10.770329614269007,13.416407864998739,15.264337522473747,15.811388300841896,16.401219466856727,15.620499351813308,15.556349186104045,14.142135623730951,12.727922061357855,10.63014581273465,9.433981132056603,8.246211251235321,8.246211251235321,10.295630140987,12.806248474865697,16.278820596099706,19.849433241279208,22.67156809750927
1786417296.461022,-43,0.0,17.4928556845359,19.235384061671343,20.591260281974,20.591260281974,20.12461179749811,20.12461179749811,18.788294228055936,16.15549442140351,13.92838827718412,12.083045973594572,9.433981132056603,7.810249675906654,5.830951894845301,7.0710678118654755,7.0710678118654755,9.219544457292887,10.198039027185569,11.180339887498949,12.041594578792296,12.041594578792296,12.0,12.165525060596439,11.40175425099138,10.770329614269007,8.94427190999916,7.211102550927978,0.0,0.0,0.0,0.0,0.0,0.0,0.0,0.0,0.0,0.0,0.0,10.04987562112089,10.04987562112089,9.219544457292887,8.54400374531753,7.615773105863909,6.708203932499369,5.385164807134504,5.0,5.0990195135927845,5.830951894845301,7.810249675906654,10.0,12.041594578792296,13.601470508735444,14.422205101855956,16.64331697709324,16.64331697709324,16.1245154965971,16.1245154965971,15.264337522473747,13.601470508735444,11.40175425099138,9.219544457292887,7.615773105863909,9.0,10.44030650891055
1786417296.5738509,-43,0.0,20.8806130178211,18.384776310850235,14.866068747318506,11.180339887498949,9.219544457292887,8.54400374531753,9.055385138137417,11.045361017187261,13.341664064126334,15.524174696260024,17.46424919657298,17.46424919657298,16.1245154965971,18.027756377319946,17.029386365926403,14.0,12.041594578792296,10.198039027185569,7.0710678118654755,5.0,4.47213595499958,5.0,6.4031242374328485,6.4031242374328485,8.48528137423857,9.219544457292887,0.0,0.0,0.0,0.0,0.0,0.0,0.0,0.0,0.0,0.0,0.0,4.47213595499958,7.0710678118654755,8.246211251235321,8.246211251235321,11.40175425099138,11.704699910719626,12.529964086141668,13.038404810405298,14.212670403551895,14.866068747318506,15.620499351813308,14.212670403551895,11.40175425099138,11.40175425099138,8.602325267042627,7.615773105863909,8.06225774829855,9.486832980505138,12.083045973594572,14.317821063276353,17.4928556845359,20.591260281974,22.825424421026653,25.495097567963924,26.40075756488817,26.248809496813376
1786417296.6392372,-93,0.0,11.180339887498949,11.661903789690601,12.206555615733702,12.206555615733702,12.206555615733702,12.206555615733702,12.806248474865697,11.40175425099138,11.40175425099138,11.40175425099138,10.816653826391969,8.94427190999916,8.54400374531753,8.06225774829855,8.0,8.246211251235321,9.486832980505138,9.848857801796104,10.816653826391969,10.816653826391969,12.206555615733702,12.206555615733702,11.661903789690601,11.661903789690601,11.180339887498949,11.180339887498949,0.0,0.0,0.0,0.0,0.0,0.0,0.0,0.0,0.0,0.0,0.0,12.041594578792296,12.165525060596439,12.165525060596439,12.165525060596439,12.165525060596439,11.180339887498949,9.055385138137417,8.0,6.082762530298219,5.830951894845301,6.4031242374328485,7.615773105863909,9.486832980505138,10.44030650891055,12.36931687685298,13.341664064126334,14.317821063276353,14.560219778561036,13.601470508735444,14.866068747318506,13.92838827718412,12.649110640673518,10.770329614269007,10.770329614269007,9.486832980505138,8.94427190999916
1786417296.687458,-43,0.0,9.848857801796104,10.63014581273465,11.661903789690601,13.0,15.524174696260024,17.46424919657298,17.72004514666935,17.72004514666935,18.973665961010276,18.027756377319946,17.08800749063506,14.866068747318506,13.416407864998739,10.770329614269007,8.54400374531753,7.280109889280518,6.0,5.385164807134504,5.830951894845301,7.0710678118654755,8.48528137423857,9.219544457292887,10.0,11.180339887498949,11.40175425099138,11.045361017187261,0.0,0.0,0.0,0.0,0.0,0.0,0.0,0.0,0.0,0.0,0.0,9.433981132056603,10.0,10.63014581273465,11.40175425099138,11.180339887498949,10.770329614269007,9.486832980505138,9.219544457292887,8.246211251235321,7.280109889280518,6.324555320336759,6.4031242374328485,5.830951894845301,8.246211251235321,10.198039027185569,12.041594578792296,15.033296378372908,17.029386365926403,19.1049731745428,20.09975124224178,20.223748416156685,20.223748416156685,19.4164878389476,19.4164878389476,17.26267650163207,15.132745950421556
1786417296.7999759,-43,0.0,8.48528137423857,10.295630140987,11.180339887498949,12.0,15.132745950421556,16.1245154965971,17.11724276862369,17.11724276862369,18.027756377319946,17.029386365926403,16.0,15.033296378372908,13.038404810405298,10.0,8.0,6.082762530298219,5.0,4.242640687119285,5.385164807134504,6.324555320336759,8.246211251235321,8.54400374531753,9.848857801796104,10.0,10.63014581273465,9.433981132056603,0.0,0.0,0.0,0.0,0.0,0.0,0.0,0.0,0.0,0.0,0.0,10.198039027185569,10.770329614269007,11.180339887498949,13.038404810405298,12.806248474865697,12.727922061357855,11.40175425099138,10.0,9.433981132056603,8.602325267042627,7.810249675906654,7.211102550927978,6.324555320336759,9.0,10.04987562112089,13.341664064126334,14.560219778561036,16.76305461424021,19.6468827043885,19.6468827043885,20.615528128088304,20.396078054371138,20.223748416156685,19.235384061671343,17.26267650163207,15.297058540778355
1786417296.908205,-43,0.0,22.20360331117452,20.0,16.401219466856727,12.041594578792296,9.433981132056603,9.219544457292887,9.219544457292887,11.180339887498949,13.892443989449804,15.811388300841896,16.64331697709324,18.35755975068582,17.0,18.384776310850235,17.08800749063506,14.560219778561036,13.341664064126334,9.219544457292887,7.0710678118654755,4.47213595499958,4.242640687119285,5.0,5.385164807134504,6.324555320336759,8.06225774829855,8.94427190999916,0.0,0.0,0.0,0.0,0.0,0.0,0.0,0.0,0.0,0.0,0.0,5.385164807134504,7.0,9.0,10.0,12.041594578792296,12.165525060596439,13.341664064126334,14.866068747318506,15.652475842498529,16.1245154965971,17.204650534085253,15.0,12.206555615733702,12.206555615733702,8.54400374531753,8.06225774829855,8.06225774829855,10.295630140987,12.806248474865697,15.620499351813308,19.1049731745428,21.93171219946131,24.758836806279895,27.65863337187866,28.42534080710379,28.0178514522438
1786417296.924743,-44,0.0,22.360679774997898,17.88854381999832,15.652475842498529,12.36931687685298,9.055385138137417,8.94427190999916,9.899494936611665,12.206555615733702,15.264337522473747,16.1245154965971,17.88854381999832,18.867962264113206,18.027756377319946,19.209372712298546,18.439088914585774,14.866068747318506,13.45362404707371,11.313708498984761,8.48528137423857,5.830951894845301,5.0990195135927845,5.0,6.082762530298219,8.06225774829855,9.055385138137417,11.0,0.0,0.0,0.0,0.0,0.0,0.0,0.0,0.0,0.0,0.0,0.0,4.0,6.708203932499369,8.06225774829855,8.94427190999916,10.770329614269007,11.704699910719626,12.165525060596439,13.038404810405298,15.0,15.033296378372908,16.278820596099706,14.317821063276353,11.40175425099138,11.40175425099138,8.0,7.615773105863909,7.810249675906654,9.433981132056603,11.704699910719626,14.560219778561036,17.72004514666935,21.840329667841555,24.041630560342615,26.92582403567252,27.313000567495326,27.730849247724095
1786417297.0253,-44,0.0,27.202941017470888,26.076809620810597,24.186773244895647,21.470910553583888,18.788294228055936,15.652475842498529,12.529964086141668,9.219544457292887,7.211102550927978,7.0710678118654755,8.06225774829855,9.486832980505138,10.770329614269007,13.0,13.92838827718412,14.560219778561036,14.317821063276353,14.035668847618199,13.0,11.180339887498949,10.44030650891055,8.54400374531753,6.324555320336759,4.123105625617661,4.0,4.0,0.0,0.0,0.0,0.0,0.0,0.0,0.0,0.0,0.0,0.0,0.0,8.602325267042627,7.211102550927978,6.708203932499369,5.656854249492381,5.0,6.708203932499369,8.54400374531753,10.44030650891055,12.083045973594572,14.317821063276353,16.1245154965971,16.64331697709324,17.204650534085253,17.029386365926403,16.278820596099706,15.556349186104045,13.45362404707371,12.806248474865697,10.295630140987,9.219544457292887,9.219544457292887,11.180339887498949,13.601470508735444,17.029386365926403,20.615528128088304,24.20743687382041
1786417297.137502,-43,0.0,9.055385138137417,9.433981132056603,10.63014581273465,13.038404810405298,14.7648230602334,15.652475842498529,17.0,17.0,17.4928556845359,16.64331697709324,16.64331697709324,13.892443989449804,12.206555615733702,10.295630140987,8.06225774829855,6.324555320336759,5.0,5.385164807134504,5.830951894845301,7.0710678118654755,7.810249675906654,10.0,10.295630140987,10.44030650891055,11.180339887498949,10.0,0.0,0.0,0.0,0.0,0.0,0.0,0.0,0.0,0.0,0.0,0.0,9.219544457292887,10.0,11.180339887498949,11.704699910719626,12.165525060596439,11.045361017187261,11.0,10.04987562112089,9.055385138137417,8.06225774829855,8.0,6.324555320336759,6.4031242374328485,7.810249675906654,10.295630140987,12.083045973594572,13.92838827718412,17.08800749063506,18.027756377319946,19.313207915827967,19.697715603592208,20.12461179749811,19.235384061671343,18.788294228055936,16.55294535724685,14.317821063276353
1786417297.250644,-44,0.0,21.93171219946131,20.12461179749811,16.1245154965971,12.206555615733702,10.63014581273465,9.486832980505138,10.0,12.165525060596439,14.560219778561036,15.811388300841896,17.72004514666935,18.681541692269406,17.46424919657298,18.24828759089466,17.11724276862369,15.033296378372908,13.0,11.045361017187261,8.06225774829855,6.0,5.385164807134504,5.0,6.4031242374328485,6.4031242374328485,8.48528137423857,9.219544457292887,0.0,0.0,0.0,0.0,0.0,0.0,0.0,0.0,0.0,0.0,0.0,5.385164807134504,7.0710678118654755,8.06225774829855,10.04987562112089,11.180339887498949,11.704699910719626,13.0,13.892443989449804,14.422205101855956,15.620499351813308,15.556349186104045,14.142135623730951,11.313708498984761,11.313708498984761,8.06225774829855,8.246211251235321,8.0,9.848857801796104,13.416407864998739,15.264337522473747,18.601075237738275,21.633307652783937,23.853720883753127,26.419689627245813,28.178005607210743,28.231188426986208
1786417297.362962,-43,0.0,7.810249675906654,8.94427190999916,10.04987562112089,12.0,15.132745950421556,16.278820596099706,16.1245154965971,17.11724276862369,17.029386365926403,17.029386365926403,17.0,14.035668847618199,13.038404810405298,10.04987562112089,8.0,6.324555320336759,5.0,5.656854249492381,6.708203932499369,7.280109889280518,9.219544457292887,9.486832980505138,10.295630140987,10.63014581273465,11.313708498984761,9.433981132056603,0.0,0.0,0.0,0.0,0.0,0.0,0.0,0.0,0.0,0.0,0.0,9.486832980505138,9.848857801796104,10.816653826391969,11.40175425099138,12.041594578792296,11.40175425099138,9.433981132056603,9.433981132056603,8.06225774829855,7.615773105863909,7.211102550927978,7.0710678118654755,5.385164807134504,8.06225774829855,9.055385138137417,12.165525060596439,13.341664064126334,16.492422502470642,17.46424919657298,18.439088914585774,18.24828759089466,19.235384061671343,18.110770276274835,19.1049731745428,16.1245154965971,14.142135623730951
1786417297.590105,-43,0.0,17.26267650163207,19.6468827043885,21.37755832643195,21.587033144922902,21.587033144922902,20.615528128088304,18.973665961010276,17.08800749063506,15.811388300841896,12.649110640673518,10.198039027185569,8.06225774829855,7.0710678118654755,5.830951894845301,6.4031242374328485,8.06225774829855,9.848857801796104,10.295630140987,11.661903789690601,10.816653826391969,11.40175425099138,10.63014581273465,10.816653826391969,10.295630140987,9.486832980505138,8.06225774829855,0.0,0.0,0.0,0.0,0.0,0.0,0.0,0.0,0.0,0.0,0.0,10.63014581273465,9.899494936611665,9.433981132056603,8.06225774829855,6.708203932499369,6.708203932499369,5.0,5.0,5.385164807134504,6.082762530298219,9.0,11.045361017187261,13.0,15.033296378372908,16.1245154965971,17.11724276862369,17.26267650163207,17.26267650163207,17.26267650163207,16.1245154965971,14.142135623730951,12.041594578792296,10.04987562112089,8.94427190999916,9.899494936611665,10.295630140987
1786417297.815159,-43,0.0,17.204650534085253,19.209372712298546,20.808652046684813,20.808652046684813,20.615528128088304,19.849433241279208,19.1049731745428,16.97056274847714,14.142135623730951,12.041594578792296,9.219544457292887,6.708203932499369,6.324555320336759,5.0990195135927845,5.830951894845301,7.810249675906654,9.219544457292887,10.0,10.816653826391969,10.295630140987,10.770329614269007,10.44030650891055,10.04987562112089,10.0,8.06225774829855,7.280109889280518,0.0,0.0,0.0,0.0,0.0,0.0,0.0,0.0,0.0,0.0,0.0,10.816653826391969,10.770329614269007,10.44030650891055,9.219544457292887,8.06225774829855,7.0710678118654755,6.324555320336759,5.830951894845301,5.656854249492381,7.211102550927978,8.94427190999916,11.180339887498949,13.0,14.7648230602334,16.1245154965971,17.4928556845359,17.4928556845359,17.4928556845359,17.204650534085253,15.811388300841896,14.7648230602334,12.529964086141668,10.44030650891055,9.0,9.486832980505138,11.40175425099138
