Timestamp,RSSI,Sub_0,Sub_1,Sub_2,Sub_3,Sub_4,Sub_5,Sub_6,Sub_7,Sub_8,Sub_9,Sub_10,Sub_11,Sub_12,Sub_13,Sub_14,Sub_15,Sub_16,Sub_17,Sub_18,Sub_19,Sub_20,Sub_21,Sub_22,Sub_23,Sub_24,Sub_25,Sub_26,Sub_27,Sub_28,Sub_29,Sub_30,Sub_31,Sub_32,Sub_33,Sub_34,Sub_35,Sub_36,Sub_37,Sub_38,Sub_39,Sub_40,Sub_41,Sub_42,Sub_43,Sub_44,Sub_45,Sub_46,Sub_47,Sub_48,Sub_49,Sub_50,Sub_51,Sub_52,Sub_53,Sub_54,Sub_55,Sub_56,Sub_57,Sub_58,Sub_59,Sub_60,Sub_61,Sub_62,Sub_63
1787398066.7203152,-69,0.0,19.209372712298546,19.209372712298546,19.209372712298546,19.209372712298546,18.601075237738275,18.027756377319946,16.64331697709324,15.264337522473747,15.264337522473747,14.422205101855956,12.806248474865697,12.806248474865697,12.041594578792296,12.041594578792296,12.041594578792296,12.806248474865697,13.45362404707371,13.45362404707371,13.45362404707371,13.45362404707371,13.45362404707371,12.806248474865697,12.806248474865697,12.206555615733702,10.295630140987,10.295630140987,0.0,0.0,0.0,0.0,0.0,0.0,0.0,0.0,0.0,0.0,0.0,9.848857801796104,9.848857801796104,10.770329614269007,10.770329614269007,9.848857801796104,9.848857801796104,9.848857801796104,9.848857801796104,10.295630140987,11.180339887498949,12.083045973594572,12.529964086141668,12.529964086141668,12.529964086141668,12.529964086141668,13.416407864998739,13.038404810405298,13.038404810405298,13.601470508735444,14.422205101855956,15.0,15.0,15.620499351813308,17.029386365926403,17.69180601295413,18.439088914585774
1787398066.873482,-88,0.0,7.211102550927978,7.810249675906654,9.219544457292887,10.0,10.816653826391969,12.529964086141668,13.416407864998739,14.317821063276353,13.416407864998739,13.0,12.36931687685298,13.152946437965905,13.038404810405298,12.041594578792296,11.045361017187261,10.04987562112089,9.219544457292887,8.246211251235321,6.708203932499369,5.0,4.47213595499958,5.0,6.082762530298219,7.280109889280518,7.615773105863909,8.94427190999916,0.0,0.0,0.0,0.0,0.0,0.0,0.0,0.0,0.0,0.0,0.0,7.280109889280518,7.280109889280518,6.708203932499369,5.830951894845301,5.656854249492381,4.47213595499958,5.385164807134504,5.0990195135927845,6.082762530298219,6.082762530298219,7.0710678118654755,6.082762530298219,6.082762530298219,5.0990195135927845,4.0,3.1622776601683795,1.0,2.8284271247461903,5.385164807134504,7.615773105863909,9.848857801796104,11.180339887498949,13.416407864998739,14.7648230602334,15.652475842498529,15.652475842498529
1787398066.930352,-69,0.0,19.1049731745428,19.1049731745428,18.384776310850235,18.384776310850235,17.804493814764857,17.204650534085253,15.264337522473747,13.892443989449804,13.038404810405298,12.206555615733702,11.40175425099138,10.63014581273465,9.219544457292887,9.219544457292887,10.0,10.0,10.816653826391969,10.816653826391969,10.63014581273465,10.63014581273465,10.63014581273465,10.63014581273465,10.0,9.433981132056603,8.602325267042627,8.602325267042627,0.0,0.0,0.0,0.0,0.0,0.0,0.0,0.0,0.0,0.0,0.0,8.602325267042627,8.602325267042627,8.602325267042627,8.602325267042627,8.602325267042627,9.219544457292887,9.219544457292887,9.219544457292887,9.899494936611665,11.313708498984761,11.313708498984761,11.313708498984761,11.313708498984761,11.313708498984761,12.727922061357855,12.727922061357855,12.727922061357855,13.45362404707371,14.212670403551895,14.212670403551895,14.212670403551895,14.866068747318506,16.278820596099706,17.029386365926403,17.804493814764857,17.804493814764857
1787398067.2203038,-70,0.0,20.396078054371138,19.4164878389476,18.439088914585774,18.439088914585774,18.681541692269406,18.027756377319946,17.08800749063506,15.231546211727817,13.0,12.649110640673518,11.180339887498949,10.198039027185569,10.04987562112089,11.045361017187261,11.0,11.0,11.045361017187261,11.045361017187261,11.045361017187261,11.0,12.0,11.045361017187261,11.180339887498949,10.198039027185569,10.44030650891055,9.486832980505138,0.0,0.0,0.0,0.0,0.0,0.0,0.0,0.0,0.0,0.0,0.0,9.219544457292887,9.219544457292887,9.219544457292887,8.602325267042627,8.602325267042627,8.602325267042627,9.433981132056603,9.433981132056603,9.848857801796104,11.180339887498949,11.661903789690601,12.529964086141668,12.529964086141668,12.529964086141668,12.529964086141668,12.083045973594572,12.083045973594572,12.649110640673518,12.649110640673518,13.601470508735444,13.341664064126334,14.317821063276353,15.297058540778355,16.278820596099706,18.24828759089466,18.24828759089466
1787398067.5430126,-70,0.0,21.213203435596427,21.213203435596427,20.09975124224178,20.09975124224178,19.235384061671343,18.439088914585774,17.72004514666935,16.76305461424021,15.524174696260024,14.560219778561036,13.341664064126334,12.041594578792296,12.041594578792296,12.041594578792296,12.041594578792296,12.041594578792296,12.0,12.0,12.0,12.0,13.038404810405298,13.038404810405298,12.165525060596439,12.36931687685298,11.40175425099138,10.44030650891055,0.0,0.0,0.0,0.0,0.0,0.0,0.0,0.0,0.0,0.0,0.0,10.295630140987,9.433981132056603,8.06225774829855,8.06225774829855,9.433981132056603,8.94427190999916,8.54400374531753,8.246211251235321,9.219544457292887,11.40175425099138,12.36931687685298,13.601470508735444,12.649110640673518,10.770329614269007,11.704699910719626,12.649110640673518,12.649110640673518,12.36931687685298,13.341664064126334,14.142135623730951,15.132745950421556,15.132745950421556,16.0312195418814,18.0,19.026297590440446,19.026297590440446
1787398067.8446991,-71,0.0,20.518284528683193,21.2602916254693,22.67156809750927,21.93171219946131,21.213203435596427,21.2602916254693,21.2602916254693,19.209372712298546,16.401219466856727,15.620499351813308,14.866068747318506,13.45362404707371,12.727922061357855,12.041594578792296,12.206555615733702,14.422205101855956,13.416407864998739,12.083045973594572,14.422205101855956,14.422205101855956,14.212670403551895,14.212670403551895,14.142135623730951,12.806248474865697,11.40175425099138,10.816653826391969,0.0,0.0,0.0,0.0,0.0,0.0,0.0,0.0,0.0,0.0,0.0,11.0,10.0,9.055385138137417,9.055385138137417,8.06225774829855,8.246211251235321,8.54400374531753,8.94427190999916,9.848857801796104,11.180339887498949,12.083045973594572,12.083045973594572,12.083045973594572,12.083045973594572,12.083045973594572,11.661903789690601,12.206555615733702,12.806248474865697,13.601470508735444,15.620499351813308,15.620499351813308,14.866068747318506,15.556349186104045,17.029386365926403,19.209372712298546,19.849433241279208
1787398067.8667734,-71,0.0,24.08318915758459,23.430749027719962,22.80350850198276,22.20360331117452,19.4164878389476,16.278820596099706,12.041594578792296,8.94427190999916,6.082762530298219,5.385164807134504,6.4031242374328485,8.48528137423857,9.899494936611665,12.041594578792296,12.206555615733702,13.038404810405298,13.892443989449804,14.7648230602334,14.422205101855956,12.806248474865697,11.313708498984761,10.0,8.54400374531753,8.0,8.54400374531753,8.94427190999916,0.0,0.0,0.0,0.0,0.0,0.0,0.0,0.0,0.0,0.0,0.0,7.211102550927978,4.47213595499958,2.23606797749979,1.0,2.23606797749979,4.123105625617661,5.0990195135927845,7.280109889280518,10.770329614269007,13.416407864998739,15.264337522473747,16.401219466856727,17.029386365926403,16.278820596099706,15.620499351813308,15.264337522473747,13.0,11.40175425099138,9.486832980505138,6.708203932499369,3.605551275463989,4.123105625617661,6.4031242374328485,10.63014581273465,15.556349186104045,17.69180601295413
1787398067.8861728,-71,0.0,25.298221281347036,24.351591323771842,23.40939982143925,21.540659228538015,19.313207915827967,16.492422502470642,13.152946437965905,10.04987562112089,7.615773105863909,7.0710678118654755,7.211102550927978,8.94427190999916,10.770329614269007,12.083045973594572,13.892443989449804,14.422205101855956,15.811388300841896,15.811388300841896,15.0,13.892443989449804,12.083045973594572,11.40175425099138,9.0,8.246211251235321,8.602325267042627,8.602325267042627,0.0,0.0,0.0,0.0,0.0,0.0,0.0,0.0,0.0,0.0,0.0,6.0,3.0,1.0,1.0,3.1622776601683795,4.242640687119285,6.4031242374328485,8.94427190999916,10.770329614269007,12.649110640673518,15.132745950421556,16.0312195418814,16.0312195418814,16.1245154965971,14.560219778561036,13.92838827718412,12.529964086141668,10.816653826391969,8.602325267042627,5.830951894845301,3.0,3.605551275463989,7.280109889280518,11.180339887498949,15.524174696260024,18.439088914585774
1787398067.9046154,-70,0.0,21.840329667841555,21.840329667841555,21.18962010041709,20.248456731316587,18.973665961010276,15.524174696260024,12.165525060596439,8.0,5.385164807134504,5.0,5.0990195135927845,7.0710678118654755,8.06225774829855,10.198039027185569,11.704699910719626,12.083045973594572,13.0,13.416407864998739,13.0,11.704699910719626,10.44030650891055,9.0,7.280109889280518,7.810249675906654,7.211102550927978,7.615773105863909,0.0,0.0,0.0,0.0,0.0,0.0,0.0,0.0,0.0,0.0,0.0,7.280109889280518,8.06225774829855,7.810249675906654,3.1622776601683795,3.1622776601683795,5.0,6.4031242374328485,6.708203932499369,9.219544457292887,13.341664064126334,15.132745950421556,16.0312195418814,16.0,15.132745950421556,14.317821063276353,13.601470508735444,12.083045973594572,10.295630140987,9.433981132056603,6.708203932499369,4.0,3.605551275463989,6.324555320336759,11.180339887498949,14.142135623730951,17.26267650163207
1787398067.923968,-69,0.0,24.020824298928627,24.020824298928627,23.08679276123039,21.095023109728988,19.026297590440446,15.033296378372908,11.40175425099138,7.615773105863909,5.656854249492381,5.385164807134504,7.0,8.0,10.0,12.0,13.0,14.0,15.033296378372908,15.033296378372908,15.033296378372908,14.0,12.165525060596439,10.770329614269007,8.602325267042627,8.602325267042627,8.246211251235321,9.055385138137417,0.0,0.0,0.0,0.0,0.0,0.0,0.0,0.0,0.0,0.0,0.0,9.219544457292887,6.082762530298219,4.242640687119285,4.0,4.123105625617661,5.0,5.830951894845301,7.810249675906654,10.295630140987,12.36931687685298,14.142135623730951,15.033296378372908,15.0,15.132745950421556,14.317821063276353,13.601470508735444,12.083045973594572,10.295630140987,8.06225774829855,5.830951894845301,3.0,3.605551275463989,6.082762530298219,11.045361017187261,15.033296378372908,18.0
1787398067.9418552,-70,0.0,16.401219466856727,17.204650534085253,17.204650534085253,16.64331697709324,17.4928556845359,17.0,15.652475842498529,14.317821063276353,13.416407864998739,12.529964086141668,11.661903789690601,10.816653826391969,10.816653826391969,11.40175425099138,10.63014581273465,10.63014581273465,10.63014581273465,12.041594578792296,12.041594578792296,12.041594578792296,11.40175425099138,11.661903789690601,11.180339887498949,10.770329614269007,10.44030650891055,9.219544457292887,0.0,0.0,0.0,0.0,0.0,0.0,0.0,0.0,0.0,0.0,0.0,8.06225774829855,7.0710678118654755,7.0,7.0710678118654755,7.280109889280518,7.0710678118654755,7.0,7.0,8.246211251235321,8.54400374531753,9.219544457292887,10.198039027185569,9.219544457292887,8.246211251235321,10.44030650891055,11.704699910719626,11.180339887498949,10.816653826391969,10.816653826391969,11.661903789690601,12.529964086141668,12.206555615733702,13.601470508735444,14.422205101855956,15.811388300841896,16.401219466856727
1787398068.7653952,-70,0.0,21.37755832643195,21.587033144922902,20.8806130178211,18.973665961010276,17.46424919657298,15.132745950421556,12.041594578792296,8.246211251235321,7.211102550927978,7.810249675906654,8.602325267042627,9.433981132056603,10.816653826391969,13.45362404707371,14.866068747318506,17.029386365926403,18.439088914585774,18.439088914585774,17.804493814764857,16.278820596099706,14.212670403551895,11.661903789690601,9.219544457292887,8.06225774829855,8.06225774829855,8.48528137423857,0.0,0.0,0.0,0.0,0.0,0.0,0.0,0.0,0.0,0.0,0.0,6.082762530298219,4.123105625617661,2.23606797749979,1.0,2.23606797749979,4.242640687119285,6.4031242374328485,9.433981132056603,12.083045973594572,14.866068747318506,17.46424919657298,18.24828759089466,19.1049731745428,18.027756377319946,17.029386365926403,16.1245154965971,14.317821063276353,11.40175425099138,9.219544457292887,7.0710678118654755,4.47213595499958,5.385164807134504,8.246211251235321,12.041594578792296,15.033296378372908,17.11724276862369
1787398068.8630264,-70,0.0,22.090722034374522,22.02271554554524,21.0,21.02379604162864,19.0,15.132745950421556,11.40175425099138,8.06225774829855,7.0710678118654755,6.4031242374328485,6.708203932499369,8.54400374531753,9.848857801796104,12.083045973594572,14.317821063276353,16.1245154965971,16.64331697709324,16.64331697709324,15.264337522473747,14.422205101855956,12.529964086141668,9.486832980505138,8.0,6.708203932499369,6.4031242374328485,7.615773105863909,0.0,0.0,0.0,0.0,0.0,0.0,0.0,0.0,0.0,0.0,0.0,5.656854249492381,4.242640687119285,2.23606797749979,1.0,3.605551275463989,6.4031242374328485,8.06225774829855,10.816653826391969,14.142135623730951,17.029386365926403,19.849433241279208,22.02271554554524,22.20360331117452,20.808652046684813,19.235384061671343,16.15549442140351,13.601470508735444,11.40175425099138,10.198039027185569,7.280109889280518,5.0,5.385164807134504,8.0,12.041594578792296,16.1245154965971,18.681541692269406
1787398068.9662697,-70,0.0,23.600847442411894,23.600847442411894,23.600847442411894,21.400934559032695,18.867962264113206,16.55294535724685,11.704699910719626,9.055385138137417,7.0710678118654755,7.615773105863909,8.06225774829855,9.848857801796104,11.180339887498949,13.0,15.231546211727817,16.76305461424021,18.681541692269406,19.6468827043885,17.72004514666935,16.15549442140351,13.416407864998739,11.40175425099138,9.219544457292887,7.280109889280518,8.06225774829855,8.54400374531753,0.0,0.0,0.0,0.0,0.0,0.0,0.0,0.0,0.0,0.0,0.0,5.0,4.242640687119285,2.8284271247461903,1.0,2.23606797749979,5.385164807134504,8.06225774829855,11.0,14.035668847618199,16.0312195418814,18.110770276274835,20.396078054371138,20.8806130178211,20.248456731316587,18.384776310850235,15.652475842498529,12.806248474865697,9.899494936611665,7.0710678118654755,5.0,2.23606797749979,4.242640687119285,7.211102550927978,11.661903789690601,16.64331697709324,20.248456731316587
1787398069.4847696,-70,0.0,25.079872407968907,25.019992006393608,24.020824298928627,22.090722034374522,19.235384061671343,15.524174696260024,12.083045973594572,8.48528137423857,7.615773105863909,8.06225774829855,9.0,10.0,11.0,12.041594578792296,13.152946437965905,14.317821063276353,15.524174696260024,14.560219778561036,13.601470508735444,12.36931687685298,10.198039027185569,8.0,6.708203932499369,5.656854249492381,6.324555320336759,7.0,0.0,0.0,0.0,0.0,0.0,0.0,0.0,0.0,0.0,0.0,0.0,4.123105625617661,3.0,1.0,1.0,4.123105625617661,6.708203932499369,8.94427190999916,10.816653826391969,13.45362404707371,16.278820596099706,17.804493814764857,18.867962264113206,18.35755975068582,17.46424919657298,15.811388300841896,15.132745950421556,13.038404810405298,11.0,9.0,7.0710678118654755,5.0,5.385164807134504,9.0,13.038404810405298,18.110770276274835,20.09975124224178
1787398069.5006096,-72,0.0,23.323807579381203,22.825424421026653,22.360679774997898,21.470910553583888,18.867962264113206,15.620499351813308,11.40175425099138,7.615773105863909,7.0,7.615773105863909,9.433981132056603,10.295630140987,11.180339887498949,13.0,13.601470508735444,15.524174696260024,15.297058540778355,15.132745950421556,14.142135623730951,13.341664064126334,11.40175425099138,8.94427190999916,7.810249675906654,7.280109889280518,8.06225774829855,8.246211251235321,0.0,0.0,0.0,0.0,0.0,0.0,0.0,0.0,0.0,0.0,0.0,5.0,3.605551275463989,2.23606797749979,1.0,4.0,6.0,8.06225774829855,11.180339887498949,13.92838827718412,16.55294535724685,17.0,16.64331697709324,17.029386365926403,16.97056274847714,15.620499351813308,14.422205101855956,12.529964086141668,10.770329614269007,8.54400374531753,5.385164807134504,4.47213595499958,6.0,8.54400374531753,11.661903789690601,15.811388300841896,20.248456731316587
1787398069.5752432,-71,0.0,23.345235059857504,23.345235059857504,22.67156809750927,20.518284528683193,18.439088914585774,15.0,11.180339887498949,8.06225774829855,7.0710678118654755,7.615773105863909,9.433981132056603,10.816653826391969,11.661903789690601,12.083045973594572,13.92838827718412,14.560219778561036,15.297058540778355,15.297058540778355,14.142135623730951,12.165525060596439,10.44030650891055,8.54400374531753,7.211102550927978,5.385164807134504,6.082762530298219,7.280109889280518,0.0,0.0,0.0,0.0,0.0,0.0,0.0,0.0,0.0,0.0,0.0,5.0990195135927845,4.0,1.4142135623730951,3.1622776601683795,4.0,5.0,7.615773105863909,10.44030650891055,12.165525060596439,14.142135623730951,16.0,17.26267650163207,17.72004514666935,17.46424919657298,15.652475842498529,13.038404810405298,12.206555615733702,10.63014581273465,8.602325267042627,7.211102550927978,5.0990195135927845,6.324555320336759,8.602325267042627,12.727922061357855,16.278820596099706,18.384776310850235
1787398069.7326863,-71,0.0,27.018512172212592,27.018512172212592,26.40075756488817,24.20743687382041,21.213203435596427,18.027756377319946,14.560219778561036,12.041594578792296,10.44030650891055,11.661903789690601,12.806248474865697,12.806248474865697,14.422205101855956,15.652475842498529,16.55294535724685,18.027756377319946,18.681541692269406,17.46424919657298,15.524174696260024,13.601470508735444,11.704699910719626,9.433981132056603,6.4031242374328485,6.082762530298219,6.324555320336759,7.810249675906654,0.0,0.0,0.0,0.0,0.0,0.0,0.0,0.0,0.0,0.0,0.0,2.23606797749979,0.0,1.0,2.23606797749979,5.656854249492381,8.06225774829855,9.219544457292887,12.36931687685298,15.652475842498529,18.35755975068582,21.095023109728988,21.633307652783937,20.615528128088304,20.518284528683193,19.79898987322333,18.439088914585774,15.264337522473747,13.0,10.770329614269007,7.211102550927978,5.0,4.123105625617661,8.602325267042627,13.45362404707371,18.439088914585774,20.615528128088304
1787398069.7888935,-71,0.0,25.0,25.0,25.019992006393608,23.021728866442675,20.024984394500787,17.46424919657298,13.892443989449804,12.041594578792296,11.180339887498949,11.40175425099138,12.165525060596439,13.341664064126334,14.317821063276353,15.811388300841896,16.55294535724685,17.4928556845359,16.64331697709324,16.64331697709324,15.0,12.206555615733702,8.94427190999916,6.082762530298219,5.385164807134504,5.830951894845301,8.246211251235321,10.04987562112089,0.0,0.0,0.0,0.0,0.0,0.0,0.0,0.0,0.0,0.0,0.0,5.0,3.605551275463989,1.0,1.4142135623730951,4.123105625617661,5.830951894845301,9.219544457292887,12.041594578792296,14.866068747318506,17.69180601295413,21.400934559032695,23.021728866442675,21.95449840010015,21.470910553583888,18.788294228055936,16.76305461424021,14.142135623730951,10.04987562112089,8.246211251235321,6.708203932499369,5.0,6.082762530298219,10.0,14.035668847618199,18.027756377319946,21.0
1787398070.5050364,-70,0.0,25.019992006393608,25.019992006393608,23.0,21.02379604162864,18.0,14.142135623730951,10.44030650891055,8.06225774829855,7.211102550927978,8.54400374531753,9.219544457292887,11.180339887498949,13.341664064126334,14.560219778561036,15.811388300841896,17.08800749063506,17.46424919657298,16.55294535724685,15.231546211727817,13.0,11.40175425099138,9.0,7.615773105863909,8.48528137423857,8.94427190999916,9.486832980505138,0.0,0.0,0.0,0.0,0.0,0.0,0.0,0.0,0.0,0.0,0.0,5.385164807134504,3.1622776601683795,1.0,1.0,3.1622776601683795,4.47213595499958,7.810249675906654,10.63014581273465,13.45362404707371,15.620499351813308,16.401219466856727,17.204650534085253,17.0,17.08800749063506,16.492422502470642,14.142135623730951,13.0,11.045361017187261,9.0,6.0,4.47213595499958,5.385164807134504,8.0,13.038404810405298,17.11724276862369,21.213203435596427
1787398070.7023685,-70,0.0,23.40939982143925,23.40939982143925,22.47220505424423,20.615528128088304,18.027756377319946,16.492422502470642,13.038404810405298,11.045361017187261,9.486832980505138,8.06225774829855,7.810249675906654,9.899494936611665,11.40175425099138,11.661903789690601,11.661903789690601,12.083045973594572,13.601470508735444,13.601470508735444,13.92838827718412,12.083045973594572,10.816653826391969,9.219544457292887,8.06225774829855,8.06225774829855,9.219544457292887,9.486832980505138,0.0,0.0,0.0,0.0,0.0,0.0,0.0,0.0,0.0,0.0,0.0,5.0990195135927845,3.0,1.0,1.0,2.23606797749979,5.0,7.211102550927978,9.433981132056603,11.661903789690601,15.652475842498529,18.384776310850235,18.973665961010276,17.46424919657298,16.278820596099706,16.0312195418814,15.132745950421556,12.649110640673518,9.848857801796104,8.94427190999916,7.615773105863909,5.0990195135927845,4.47213595499958,6.4031242374328485,11.180339887498949,16.15549442140351,18.027756377319946
1787398070.8103223,-69,0.0,22.80350850198276,22.561028345356956,23.53720459187964,22.561028345356956,19.235384061671343,16.0,12.165525060596439,8.94427190999916,6.4031242374328485,8.54400374531753,9.486832980505138,9.486832980505138,11.704699910719626,13.92838827718412,15.652475842498529,15.264337522473747,15.811388300841896,14.212670403551895,12.041594578792296,11.40175425099138,10.295630140987,8.54400374531753,7.0,6.708203932499369,7.211102550927978,8.54400374531753,0.0,0.0,0.0,0.0,0.0,0.0,0.0,0.0,0.0,0.0,0.0,4.47213595499958,4.123105625617661,2.23606797749979,1.4142135623730951,4.123105625617661,6.324555320336759,7.615773105863909,8.602325267042627,11.313708498984761,12.206555615733702,14.422205101855956,16.64331697709324,15.652475842498529,14.317821063276353,14.0,14.035668847618199,12.36931687685298,9.848857801796104,8.94427190999916,7.615773105863909,6.082762530298219,5.385164807134504,5.830951894845301,10.198039027185569,13.601470508735444,14.560219778561036
1787398071.021897,-70,0.0,25.495097567963924,25.495097567963924,24.596747752497688,21.95449840010015,18.601075237738275,15.556349186104045,12.529964086141668,10.198039027185569,9.055385138137417,10.44030650891055,11.40175425099138,12.649110640673518,13.341664064126334,15.132745950421556,16.0312195418814,16.0312195418814,16.0312195418814,15.132745950421556,14.317821063276353,12.36931687685298,9.219544457292887,7.0,4.47213595499958,3.1622776601683795,5.0990195135927845,5.385164807134504,0.0,0.0,0.0,0.0,0.0,0.0,0.0,0.0,0.0,0.0,0.0,3.0,2.0,1.0,2.8284271247461903,5.0,6.708203932499369,9.219544457292887,12.0,14.035668847618199,16.278820596099706,17.46424919657298,17.72004514666935,17.08800749063506,15.652475842498529,14.422205101855956,12.727922061357855,10.816653826391969,9.433981132056603,8.602325267042627,6.4031242374328485,5.385164807134504,7.0,9.486832980505138,14.317821063276353,18.788294228055936,21.02379604162864
1787398071.573212,-84,0.0,14.866068747318506,14.142135623730951,12.727922061357855,11.313708498984761,9.219544457292887,7.810249675906654,6.4031242374328485,4.47213595499958,2.23606797749979,2.23606797749979,4.123105625617661,6.708203932499369,10.0,12.041594578792296,14.866068747318506,16.97056274847714,17.69180601295413,18.384776310850235,18.439088914585774,17.029386365926403,16.401219466856727,13.601470508735444,10.295630140987,8.06225774829855,6.324555320336759,4.123105625617661,0.0,0.0,0.0,0.0,0.0,0.0,0.0,0.0,0.0,0.0,0.0,7.810249675906654,7.810249675906654,7.0710678118654755,5.0,3.605551275463989,2.0,2.23606797749979,4.0,5.0990195135927845,7.280109889280518,9.219544457292887,10.44030650891055,10.770329614269007,11.704699910719626,12.083045973594572,10.770329614269007,10.770329614269007,9.486832980505138,8.54400374531753,6.324555320336759,5.0,3.1622776601683795,3.1622776601683795,5.0,6.082762530298219,7.615773105863909
1787398071.7321959,-71,0.0,24.08318915758459,24.041630560342615,24.041630560342615,22.627416997969522,22.67156809750927,22.20360331117452,20.248456731316587,18.027756377319946,16.401219466856727,14.866068747318506,14.142135623730951,13.45362404707371,13.601470508735444,13.038404810405298,13.601470508735444,14.422205101855956,14.422205101855956,14.422205101855956,14.422205101855956,14.422205101855956,13.601470508735444,14.212670403551895,14.142135623730951,13.45362404707371,12.806248474865697,11.40175425099138,0.0,0.0,0.0,0.0,0.0,0.0,0.0,0.0,0.0,0.0,0.0,8.0,9.055385138137417,9.219544457292887,7.615773105863909,8.54400374531753,9.486832980505138,9.848857801796104,9.433981132056603,9.848857801796104,12.649110640673518,13.601470508735444,13.601470508735444,13.601470508735444,12.083045973594572,11.180339887498949,10.295630140987,10.0,11.313708498984761,12.041594578792296,12.041594578792296,12.806248474865697,13.45362404707371,15.264337522473747,18.35755975068582,20.248456731316587,21.633307652783937
1787398071.9321597,-70,0.0,26.68332812825267,26.68332812825267,24.515301344262525,22.360679774997898,20.024984394500787,16.1245154965971,12.649110640673518,10.63014581273465,9.433981132056603,10.198039027185569,11.045361017187261,12.165525060596439,13.341664064126334,14.560219778561036,15.811388300841896,16.15549442140351,16.55294535724685,14.7648230602334,13.416407864998739,11.180339887498949,8.94427190999916,6.324555320336759,3.1622776601683795,4.123105625617661,6.082762530298219,7.615773105863909,0.0,0.0,0.0,0.0,0.0,0.0,0.0,0.0,0.0,0.0,0.0,3.1622776601683795,2.0,2.23606797749979,4.0,4.47213595499958,5.830951894845301,8.54400374531753,11.180339887498949,14.035668847618199,16.0,18.027756377319946,18.110770276274835,18.24828759089466,16.492422502470642,15.231546211727817,13.892443989449804,11.40175425099138,8.48528137423857,6.4031242374328485,3.1622776601683795,2.8284271247461903,5.385164807134504,10.198039027185569,15.132745950421556,18.24828759089466,21.37755832643195
1787398072.0412276,-70,0.0,21.18962010041709,21.18962010041709,20.8806130178211,20.615528128088304,20.396078054371138,20.223748416156685,19.235384061671343,17.11724276862369,15.033296378372908,14.142135623730951,12.165525060596439,11.40175425099138,13.0,13.416407864998739,13.416407864998739,12.529964086141668,12.083045973594572,11.704699910719626,12.083045973594572,11.180339887498949,11.180339887498949,10.770329614269007,11.180339887498949,10.770329614269007,9.486832980505138,9.055385138137417,0.0,0.0,0.0,0.0,0.0,0.0,0.0,0.0,0.0,0.0,0.0,6.324555320336759,6.082762530298219,7.0,7.0,7.0710678118654755,8.06225774829855,9.055385138137417,10.198039027185569,10.04987562112089,11.045361017187261,11.0,11.0,11.0,11.0,12.0,12.041594578792296,11.180339887498949,12.36931687685298,13.341664064126334,13.601470508735444,14.560219778561036,13.601470508735444,14.560219778561036,16.76305461424021,18.973665961010276,19.313207915827967
1787398072.2394652,-71,0.0,25.942243542145693,25.059928172283335,22.825424421026653,21.02379604162864,17.08800749063506,13.152946437965905,9.219544457292887,7.0710678118654755,7.615773105863909,9.219544457292887,10.198039027185569,12.165525060596439,14.317821063276353,16.492422502470642,16.492422502470642,15.811388300841896,15.231546211727817,14.7648230602334,13.038404810405298,11.661903789690601,9.433981132056603,5.0,1.4142135623730951,2.23606797749979,5.0,7.211102550927978,0.0,0.0,0.0,0.0,0.0,0.0,0.0,0.0,0.0,0.0,0.0,3.605551275463989,2.8284271247461903,2.0,3.1622776601683795,5.0,7.615773105863909,10.295630140987,13.038404810405298,16.401219466856727,18.439088914585774,19.849433241279208,20.518284528683193,19.79898987322333,18.439088914585774,17.029386365926403,14.212670403551895,11.40175425099138,8.602325267042627,6.4031242374328485,4.123105625617661,5.830951894845301,7.810249675906654,10.816653826391969,15.811388300841896,20.248456731316587,23.853720883753127
1787398072.5501506,-69,0.0,21.540659228538015,20.615528128088304,19.697715603592208,19.697715603592208,18.788294228055936,17.0,16.1245154965971,15.264337522473747,12.529964086141668,11.180339887498949,11.180339887498949,11.704699910719626,12.36931687685298,12.36931687685298,11.180339887498949,11.180339887498949,11.045361017187261,11.0,12.0,12.041594578792296,12.165525060596439,11.40175425099138,11.40175425099138,10.44030650891055,9.486832980505138,9.486832980505138,0.0,0.0,0.0,0.0,0.0,0.0,0.0,0.0,0.0,0.0,0.0,6.4031242374328485,6.4031242374328485,6.4031242374328485,6.4031242374328485,6.708203932499369,6.324555320336759,7.615773105863909,9.848857801796104,10.770329614269007,10.770329614269007,11.180339887498949,12.083045973594572,12.083045973594572,12.529964086141668,12.529964086141668,12.083045973594572,11.704699910719626,12.649110640673518,13.601470508735444,14.866068747318506,15.231546211727817,15.231546211727817,15.524174696260024,17.72004514666935,19.924858845171276,20.8806130178211
1787398072.664434,-69,0.0,32.0624390837628,31.25699921617557,28.160255680657446,24.08318915758459,20.09975124224178,16.0312195418814,11.180339887498949,8.602325267042627,5.830951894845301,6.324555320336759,8.54400374531753,11.045361017187261,12.041594578792296,15.0,17.029386365926403,18.110770276274835,17.029386365926403,15.132745950421556,14.317821063276353,13.601470508735444,11.40175425099138,8.246211251235321,6.324555320336759,5.0,6.0,8.246211251235321,0.0,0.0,0.0,0.0,0.0,0.0,0.0,0.0,0.0,0.0,0.0,6.324555320336759,4.47213595499958,1.4142135623730951,1.0,0.0,3.1622776601683795,6.082762530298219,10.04987562112089,12.165525060596439,15.132745950421556,18.110770276274835,20.0,21.0,22.02271554554524,20.223748416156685,18.681541692269406,15.811388300841896,12.649110640673518,11.40175425099138,9.055385138137417,8.06225774829855,9.433981132056603,11.704699910719626,17.26267650163207,23.194827009486403,27.073972741361768
1787398072.7336457,-71,0.0,29.732137494637012,28.792360097775937,26.92582403567252,25.079872407968907,22.135943621178654,17.26267650163207,12.0,8.54400374531753,6.4031242374328485,7.280109889280518,9.055385138137417,12.041594578792296,14.035668847618199,15.297058540778355,15.524174696260024,16.76305461424021,17.46424919657298,17.0,15.264337522473747,13.601470508735444,10.816653826391969,8.06225774829855,5.0990195135927845,3.605551275463989,5.0990195135927845,6.082762530298219,0.0,0.0,0.0,0.0,0.0,0.0,0.0,0.0,0.0,0.0,0.0,7.280109889280518,5.0,3.1622776601683795,2.8284271247461903,2.23606797749979,4.123105625617661,7.0710678118654755,10.198039027185569,14.560219778561036,17.72004514666935,20.248456731316587,21.93171219946131,23.259406699226016,24.186773244895647,23.021728866442675,21.400934559032695,19.849433241279208,17.029386365926403,14.212670403551895,9.433981132056603,7.280109889280518,7.615773105863909,11.313708498984761,16.64331697709324,21.470910553583888,25.495097567963924
1787398072.9603486,-68,0.0,30.083217912982647,29.832867780352597,28.861739379323623,25.96150997149434,20.396078054371138,15.033296378372908,11.180339887498949,8.06225774829855,6.708203932499369,8.06225774829855,11.0,13.0,15.0,17.0,19.026297590440446,20.09975124224178,19.235384061671343,18.439088914585774,16.492422502470642,14.317821063276353,11.180339887498949,9.0,6.324555320336759,4.242640687119285,5.0,5.385164807134504,0.0,0.0,0.0,0.0,0.0,0.0,0.0,0.0,0.0,0.0,0.0,5.0990195135927845,4.47213595499958,5.0,3.605551275463989,2.23606797749979,5.0990195135927845,8.0,10.04987562112089,12.165525060596439,14.560219778561036,17.46424919657298,19.235384061671343,19.72308292331602,18.867962264113206,18.601075237738275,18.601075237738275,15.620499351813308,12.727922061357855,9.899494936611665,6.4031242374328485,4.123105625617661,6.708203932499369,10.770329614269007,15.811388300841896,21.18962010041709,24.351591323771842
1787398072.9660583,-69,0.0,25.612496949731394,25.0,23.600847442411894,20.808652046684813,17.804493814764857,14.142135623730951,10.295630140987,7.280109889280518,5.0990195135927845,5.830951894845301,8.48528137423857,10.63014581273465,12.727922061357855,13.45362404707371,15.620499351813308,15.620499351813308,16.401219466856727,15.264337522473747,13.038404810405298,11.661903789690601,8.602325267042627,6.4031242374328485,3.605551275463989,2.23606797749979,3.1622776601683795,4.0,0.0,0.0,0.0,0.0,0.0,0.0,0.0,0.0,0.0,0.0,0.0,2.23606797749979,1.4142135623730951,3.0,3.605551275463989,4.47213595499958,5.0990195135927845,5.0990195135927845,8.06225774829855,11.40175425099138,12.727922061357855,15.0,15.811388300841896,17.4928556845359,17.0,15.231546211727817,14.560219778561036,13.152946437965905,11.180339887498949,9.219544457292887,6.708203932499369,4.47213595499958,7.0710678118654755,9.848857801796104,15.264337522473747,19.4164878389476,21.400934559032695
1787398072.9720848,-69,0.0,26.40075756488817,25.495097567963924,24.166091947189145,21.02379604162864,17.4928556845359,13.601470508735444,9.219544457292887,6.324555320336759,6.082762530298219,7.211102550927978,8.48528137423857,10.63014581273465,13.45362404707371,15.620499351813308,17.029386365926403,17.204650534085253,17.204650534085253,16.64331697709324,15.264337522473747,13.038404810405298,11.40175425099138,7.810249675906654,5.0,3.0,2.8284271247461903,4.47213595499958,0.0,0.0,0.0,0.0,0.0,0.0,0.0,0.0,0.0,0.0,0.0,4.242640687119285,4.123105625617661,4.0,3.605551275463989,4.123105625617661,4.47213595499958,5.0,8.06225774829855,10.770329614269007,13.341664064126334,15.297058540778355,17.11724276862369,18.027756377319946,17.0,16.1245154965971,16.278820596099706,15.524174696260024,11.704699910719626,9.486832980505138,7.0710678118654755,4.47213595499958,5.0990195135927845,9.219544457292887,14.560219778561036,18.973665961010276,21.540659228538015
1787398073.0049582,-72,0.0,24.758836806279895,23.345235059857504,21.93171219946131,19.1049731745428,16.278820596099706,12.206555615733702,8.246211251235321,5.385164807134504,5.830951894845301,7.615773105863909,9.486832980505138,11.704699910719626,13.92838827718412,15.652475842498529,17.0,17.4928556845359,17.204650534085253,16.401219466856727,15.620499351813308,13.601470508735444,12.206555615733702,8.94427190999916,5.0,4.242640687119285,5.0990195135927845,7.0710678118654755,0.0,0.0,0.0,0.0,0.0,0.0,0.0,0.0,0.0,0.0,0.0,5.385164807134504,3.605551275463989,2.23606797749979,0.0,3.605551275463989,5.0,8.48528137423857,11.313708498984761,14.212670403551895,15.811388300841896,17.0,17.88854381999832,19.697715603592208,19.313207915827967,18.973665961010276,16.76305461424021,14.560219778561036,12.36931687685298,9.486832980505138,5.830951894845301,4.123105625617661,5.830951894845301,10.0,14.212670403551895,19.209372712298546,22.02271554554524
1787398073.0672193,-72,0.0,26.076809620810597,25.238858928247925,23.323807579381203,21.095023109728988,17.0,12.649110640673518,9.0,6.324555320336759,5.0,6.324555320336759,9.055385138137417,11.180339887498949,13.341664064126334,14.317821063276353,15.811388300841896,16.15549442140351,16.15549442140351,15.652475842498529,14.317821063276353,12.083045973594572,8.94427190999916,5.830951894845301,3.1622776601683795,1.0,4.242640687119285,6.4031242374328485,0.0,0.0,0.0,0.0,0.0,0.0,0.0,0.0,0.0,0.0,0.0,3.605551275463989,3.1622776601683795,4.123105625617661,5.0,5.0,5.0990195135927845,6.082762530298219,8.94427190999916,11.661903789690601,14.212670403551895,15.556349186104045,17.029386365926403,17.204650534085253,16.64331697709324,16.1245154965971,14.317821063276353,13.92838827718412,11.704699910719626,9.433981132056603,6.4031242374328485,4.123105625617661,5.830951894845301,9.219544457292887,14.142135623730951,18.439088914585774,22.02271554554524
1787398074.5424879,-71,0.0,24.020824298928627,24.0,23.0,21.0,18.027756377319946,14.317821063276353,11.180339887498949,9.219544457292887,8.54400374531753,9.055385138137417,11.0,14.035668847618199,15.033296378372908,17.0,18.027756377319946,18.110770276274835,18.24828759089466,17.46424919657298,15.524174696260024,12.649110640673518,10.198039027185569,7.0710678118654755,4.47213595499958,3.1622776601683795,5.0990195135927845,7.280109889280518,0.0,0.0,0.0,0.0,0.0,0.0,0.0,0.0,0.0,0.0,0.0,7.0710678118654755,5.0990195135927845,2.23606797749979,1.0,3.605551275463989,5.830951894845301,8.06225774829855,11.180339887498949,14.317821063276353,18.027756377319946,19.924858845171276,20.8806130178211,20.615528128088304,20.615528128088304,19.4164878389476,17.11724276862369,13.038404810405298,10.0,8.06225774829855,5.385164807134504,4.47213595499958,7.0710678118654755,10.0,14.035668847618199,18.027756377319946,20.0
1787398074.5784101,-71,0.0,24.698178070456937,24.698178070456937,23.853720883753127,22.47220505424423,19.72308292331602,15.231546211727817,11.180339887498949,9.055385138137417,8.06225774829855,9.433981132056603,10.770329614269007,13.0,14.7648230602334,16.1245154965971,17.4928556845359,17.204650534085253,17.029386365926403,15.556349186104045,14.142135623730951,11.313708498984761,7.810249675906654,5.385164807134504,4.123105625617661,5.0,7.280109889280518,9.219544457292887,0.0,0.0,0.0,0.0,0.0,0.0,0.0,0.0,0.0,0.0,0.0,4.123105625617661,6.4031242374328485,5.830951894845301,5.385164807134504,4.123105625617661,6.708203932499369,9.219544457292887,11.40175425099138,14.142135623730951,17.0,21.02379604162864,22.090722034374522,21.095023109728988,19.235384061671343,17.72004514666935,16.55294535724685,14.7648230602334,13.416407864998739,11.180339887498949,8.246211251235321,6.0,6.4031242374328485,10.0,13.892443989449804,17.88854381999832,21.02379604162864
1787398076.231456,-70,0.0,23.769728648009426,23.53720459187964,23.53720459187964,22.561028345356956,19.4164878389476,16.1245154965971,11.0,8.06225774829855,5.830951894845301,5.830951894845301,7.280109889280518,8.06225774829855,10.198039027185569,13.341664064126334,15.524174696260024,16.76305461424021,16.76305461424021,15.524174696260024,13.601470508735444,11.40175425099138,9.055385138137417,7.0,4.47213595499958,4.47213595499958,6.082762530298219,6.708203932499369,0.0,0.0,0.0,0.0,0.0,0.0,0.0,0.0,0.0,0.0,0.0,3.605551275463989,3.1622776601683795,1.4142135623730951,2.0,3.605551275463989,5.385164807134504,7.0710678118654755,9.0,12.041594578792296,15.297058540778355,17.72004514666935,18.973665961010276,18.384776310850235,18.788294228055936,18.35755975068582,18.027756377319946,17.029386365926403,14.212670403551895,12.206555615733702,8.94427190999916,6.082762530298219,6.4031242374328485,8.54400374531753,12.36931687685298,16.492422502470642,18.973665961010276
1787398076.481845,-72,0.0,22.360679774997898,22.360679774997898,21.095023109728988,19.1049731745428,15.297058540778355,11.40175425099138,7.211102550927978,5.0,4.123105625617661,4.123105625617661,6.708203932499369,8.54400374531753,10.198039027185569,13.152946437965905,15.297058540778355,15.297058540778355,16.1245154965971,15.033296378372908,14.035668847618199,12.165525060596439,9.219544457292887,7.615773105863909,5.0,5.0,6.708203932499369,7.810249675906654,0.0,0.0,0.0,0.0,0.0,0.0,0.0,0.0,0.0,0.0,0.0,4.47213595499958,3.605551275463989,1.4142135623730951,1.0,2.23606797749979,4.242640687119285,6.708203932499369,10.770329614269007,13.92838827718412,15.811388300841896,16.76305461424021,17.72004514666935,18.24828759089466,17.11724276862369,16.0,15.033296378372908,13.152946437965905,12.165525060596439,10.04987562112089,7.0710678118654755,5.0,6.082762530298219,10.04987562112089,14.317821063276353,17.46424919657298,18.681541692269406
1787398076.8922365,-69,0.0,30.083217912982647,29.546573405388315,28.635642126552707,25.632011235952593,22.80350850198276,18.24828759089466,13.0,9.486832980505138,7.810249675906654,8.94427190999916,10.44030650891055,12.165525060596439,14.142135623730951,17.26267650163207,19.4164878389476,19.6468827043885,19.6468827043885,18.439088914585774,16.278820596099706,13.152946437965905,10.0,7.0710678118654755,4.242640687119285,4.0,5.830951894845301,8.94427190999916,0.0,0.0,0.0,0.0,0.0,0.0,0.0,0.0,0.0,0.0,0.0,6.0,3.0,1.0,2.8284271247461903,5.0990195135927845,7.0710678118654755,9.486832980505138,12.649110640673518,15.231546211727817,18.35755975068582,20.248456731316587,21.400934559032695,20.615528128088304,19.849433241279208,18.439088914585774,17.204650534085253,14.7648230602334,11.180339887498949,8.06225774829855,5.0,2.0,5.385164807134504,9.848857801796104,15.231546211727817,21.93171219946131,26.0
1787398076.9577696,-71,0.0,20.248456731316587,20.248456731316587,19.313207915827967,18.973665961010276,18.681541692269406,17.46424919657298,17.26267650163207,15.132745950421556,13.152946437965905,13.341664064126334,13.601470508735444,11.704699910719626,10.770329614269007,10.770329614269007,11.180339887498949,12.083045973594572,11.704699910719626,11.704699910719626,11.704699910719626,12.649110640673518,12.649110640673518,12.165525060596439,11.045361017187261,10.04987562112089,9.055385138137417,8.0,0.0,0.0,0.0,0.0,0.0,0.0,0.0,0.0,0.0,0.0,0.0,9.433981132056603,9.848857801796104,9.219544457292887,12.206555615733702,11.180339887498949,7.615773105863909,4.47213595499958,7.280109889280518,10.44030650891055,10.770329614269007,12.649110640673518,12.36931687685298,11.40175425099138,11.40175425099138,12.36931687685298,12.649110640673518,12.083045973594572,12.083045973594572,13.416407864998739,14.317821063276353,14.866068747318506,15.231546211727817,15.652475842498529,17.0,19.235384061671343,20.12461179749811
1787398077.0011237,-70,0.0,23.769728648009426,24.041630560342615,23.08679276123039,20.615528128088304,17.26267650163207,12.0,9.486832980505138,7.810249675906654,5.830951894845301,7.0,9.0,10.0,12.041594578792296,13.152946437965905,15.297058540778355,15.297058540778355,15.297058540778355,14.317821063276353,13.341664064126334,10.198039027185569,8.06225774829855,5.0990195135927845,4.242640687119285,4.0,6.082762530298219,7.280109889280518,0.0,0.0,0.0,0.0,0.0,0.0,0.0,0.0,0.0,0.0,0.0,6.708203932499369,4.47213595499958,1.4142135623730951,1.0,4.0,6.082762530298219,9.055385138137417,11.40175425099138,13.601470508735444,16.15549442140351,17.46424919657298,18.788294228055936,18.35755975068582,18.027756377319946,17.029386365926403,14.866068747318506,12.806248474865697,10.816653826391969,7.810249675906654,5.0,4.0,5.0,8.246211251235321,12.649110640673518,17.72004514666935,20.8806130178211
1787398077.0194628,-69,0.0,28.178005607210743,26.419689627245813,25.553864678361276,23.323807579381203,18.027756377319946,12.806248474865697,8.06225774829855,6.0,7.280109889280518,8.06225774829855,9.219544457292887,9.899494936611665,11.40175425099138,13.416407864998739,13.92838827718412,14.866068747318506,15.231546211727817,13.92838827718412,12.649110640673518,9.219544457292887,7.615773105863909,5.0,4.123105625617661,4.47213595499958,6.4031242374328485,8.06225774829855,0.0,0.0,0.0,0.0,0.0,0.0,0.0,0.0,0.0,0.0,0.0,7.0710678118654755,5.0990195135927845,2.23606797749979,1.4142135623730951,4.47213595499958,7.211102550927978,10.0,12.727922061357855,15.620499351813308,17.804493814764857,20.248456731316587,21.095023109728988,21.470910553583888,20.615528128088304,19.6468827043885,18.110770276274835,15.0,12.0,9.055385138137417,5.830951894845301,5.830951894845301,8.0,11.180339887498949,16.55294535724685,22.825424421026653,26.419689627245813
1787398077.2409897,-70,0.0,26.419689627245813,26.076809620810597,24.186773244895647,22.360679774997898,19.72308292331602,15.620499351813308,11.313708498984761,7.211102550927978,6.082762530298219,7.0710678118654755,8.54400374531753,9.848857801796104,12.083045973594572,13.0,13.601470508735444,14.317821063276353,14.142135623730951,13.152946437965905,12.165525060596439,10.198039027185569,8.54400374531753,6.708203932499369,5.0,4.0,5.830951894845301,7.211102550927978,0.0,0.0,0.0,0.0,0.0,0.0,0.0,0.0,0.0,0.0,0.0,3.1622776601683795,1.0,1.4142135623730951,4.0,5.0990195135927845,7.615773105863909,10.295630140987,12.806248474865697,14.866068747318506,17.029386365926403,18.027756377319946,18.35755975068582,18.788294228055936,18.384776310850235,15.811388300841896,14.317821063276353,12.165525060596439,10.04987562112089,7.0,4.123105625617661,3.1622776601683795,5.0990195135927845,8.94427190999916,13.416407864998739,18.35755975068582,20.248456731316587
1787398077.253013,-70,0.0,26.076809620810597,25.553864678361276,24.186773244895647,21.470910553583888,18.788294228055936,14.866068747318506,11.40175425099138,9.055385138137417,7.211102550927978,8.602325267042627,10.0,10.816653826391969,12.206555615733702,13.601470508735444,13.601470508735444,14.212670403551895,14.212670403551895,13.45362404707371,12.041594578792296,11.40175425099138,8.94427190999916,7.280109889280518,5.0990195135927845,5.656854249492381,6.708203932499369,8.246211251235321,0.0,0.0,0.0,0.0,0.0,0.0,0.0,0.0,0.0,0.0,0.0,3.605551275463989,1.0,2.0,2.8284271247461903,5.0990195135927845,7.0,10.198039027185569,12.649110640673518,14.317821063276353,16.1245154965971,18.35755975068582,18.867962264113206,17.804493814764857,16.278820596099706,14.866068747318506,14.422205101855956,12.083045973594572,9.486832980505138,7.280109889280518,3.605551275463989,3.1622776601683795,5.0,9.433981132056603,14.7648230602334,19.72308292331602,21.95449840010015
1787398077.272765,-70,0.0,26.92582403567252,26.68332812825267,24.73863375370596,21.587033144922902,18.439088914585774,15.033296378372908,12.041594578792296,8.54400374531753,7.810249675906654,8.06225774829855,8.54400374531753,10.44030650891055,11.40175425099138,13.601470508735444,13.601470508735444,14.866068747318506,14.866068747318506,13.92838827718412,13.0,10.44030650891055,8.246211251235321,6.0,5.0,5.385164807134504,6.0,7.0710678118654755,0.0,0.0,0.0,0.0,0.0,0.0,0.0,0.0,0.0,0.0,0.0,2.0,2.0,2.23606797749979,2.23606797749979,4.0,7.0,9.055385138137417,12.041594578792296,14.142135623730951,15.524174696260024,18.027756377319946,19.313207915827967,19.697715603592208,17.4928556845359,16.401219466856727,15.556349186104045,12.041594578792296,10.0,7.211102550927978,4.242640687119285,2.23606797749979,6.324555320336759,9.486832980505138,13.341664064126334,18.439088914585774,22.561028345356956
1787398077.2887883,-70,0.0,31.144823004794873,30.14962686336267,27.294688127912362,24.186773244895647,21.0,17.029386365926403,12.165525060596439,8.94427190999916,7.810249675906654,9.486832980505138,10.198039027185569,11.180339887498949,13.038404810405298,15.132745950421556,16.278820596099706,16.492422502470642,16.492422502470642,15.811388300841896,13.92838827718412,11.40175425099138,9.219544457292887,7.0710678118654755,5.0,5.385164807134504,7.0710678118654755,8.246211251235321,0.0,0.0,0.0,0.0,0.0,0.0,0.0,0.0,0.0,0.0,0.0,3.1622776601683795,2.0,1.0,3.605551275463989,5.830951894845301,7.615773105863909,10.198039027185569,13.0,15.033296378372908,18.110770276274835,19.4164878389476,20.615528128088304,20.615528128088304,20.248456731316587,19.235384061671343,17.204650534085253,13.45362404707371,9.899494936611665,6.4031242374328485,3.1622776601683795,2.8284271247461903,5.0990195135927845,10.04987562112089,15.297058540778355,20.223748416156685,24.186773244895647
1787398077.4538262,-70,0.0,26.30589287593181,24.331050121192877,23.345235059857504,21.213203435596427,18.110770276274835,14.0,10.44030650891055,8.602325267042627,7.211102550927978,7.280109889280518,9.219544457292887,12.36931687685298,13.341664064126334,14.560219778561036,15.811388300841896,14.866068747318506,15.231546211727817,13.0,11.704699910719626,9.486832980505138,7.0710678118654755,5.0990195135927845,4.242640687119285,5.385164807134504,7.0,8.06225774829855,0.0,0.0,0.0,0.0,0.0,0.0,0.0,0.0,0.0,0.0,0.0,3.1622776601683795,1.4142135623730951,0.0,2.23606797749979,4.242640687119285,5.830951894845301,7.615773105863909,9.055385138137417,12.0,14.035668847618199,16.0312195418814,17.11724276862369,17.46424919657298,15.811388300841896,14.7648230602334,13.601470508735444,11.40175425099138,8.48528137423857,7.0710678118654755,4.47213595499958,3.605551275463989,6.324555320336759,11.180339887498949,15.297058540778355,19.235384061671343,22.20360331117452
1787398077.4631321,-70,0.0,28.0178514522438,25.80697580112788,24.413111231467404,23.021728866442675,19.72308292331602,16.15549442140351,12.165525060596439,9.055385138137417,8.06225774829855,8.48528137423857,9.899494936611665,11.313708498984761,12.727922061357855,14.866068747318506,16.278820596099706,16.401219466856727,16.401219466856727,15.811388300841896,13.038404810405298,10.816653826391969,8.48528137423857,5.830951894845301,4.0,5.0,6.4031242374328485,8.06225774829855,0.0,0.0,0.0,0.0,0.0,0.0,0.0,0.0,0.0,0.0,0.0,2.8284271247461903,1.0,2.0,3.605551275463989,4.242640687119285,5.385164807134504,8.06225774829855,10.0,12.36931687685298,14.866068747318506,17.46424919657298,17.88854381999832,17.4928556845359,15.620499351813308,14.866068747318506,13.45362404707371,10.816653826391969,9.433981132056603,6.708203932499369,3.605551275463989,4.47213595499958,7.0710678118654755,11.40175425099138,17.204650534085253,21.400934559032695,23.600847442411894
1787398077.494939,-70,0.0,27.784887978899608,27.784887978899608,27.294688127912362,23.706539182259394,19.235384061671343,15.620499351813308,12.206555615733702,8.54400374531753,7.0710678118654755,7.615773105863909,8.94427190999916,10.295630140987,12.529964086141668,14.317821063276353,13.92838827718412,14.317821063276353,14.317821063276353,13.152946437965905,11.045361017187261,9.055385138137417,7.0710678118654755,4.47213595499958,3.0,4.47213595499958,7.0710678118654755,7.810249675906654,0.0,0.0,0.0,0.0,0.0,0.0,0.0,0.0,0.0,0.0,0.0,3.605551275463989,1.0,2.0,4.0,5.0990195135927845,6.082762530298219,8.54400374531753,11.180339887498949,13.038404810405298,15.620499351813308,18.384776310850235,19.1049731745428,17.69180601295413,16.401219466856727,15.264337522473747,14.866068747318506,13.601470508735444,11.40175425099138,9.219544457292887,6.708203932499369,5.385164807134504,6.324555320336759,10.770329614269007,15.652475842498529,21.095023109728988,23.853720883753127
1787398077.494939,-70,0.0,25.019992006393608,24.08318915758459,23.194827009486403,21.095023109728988,18.027756377319946,14.142135623730951,10.770329614269007,7.810249675906654,6.708203932499369,8.06225774829855,10.04987562112089,11.045361017187261,12.165525060596439,14.142135623730951,15.297058540778355,15.297058540778355,14.560219778561036,13.601470508735444,11.704699910719626,9.486832980505138,7.0710678118654755,5.0990195135927845,4.242640687119285,5.0990195135927845,7.0710678118654755,8.06225774829855,0.0,0.0,0.0,0.0,0.0,0.0,0.0,0.0,0.0,0.0,0.0,3.1622776601683795,2.23606797749979,1.0,2.23606797749979,3.605551275463989,5.656854249492381,7.211102550927978,9.486832980505138,11.180339887498949,14.142135623730951,16.1245154965971,17.029386365926403,17.029386365926403,16.1245154965971,14.317821063276353,13.0,11.661903789690601,9.433981132056603,8.06225774829855,5.0990195135927845,3.605551275463989,5.385164807134504,10.04987562112089,14.142135623730951,19.1049731745428,22.090722034374522
1787398077.5992298,-69,0.0,25.0,24.413111231467404,23.021728866442675,21.633307652783937,18.601075237738275,14.866068747318506,10.816653826391969,8.246211251235321,7.0710678118654755,7.211102550927978,8.602325267042627,10.0,11.661903789690601,12.529964086141668,13.892443989449804,14.7648230602334,14.317821063276353,13.0,11.704699910719626,9.848857801796104,7.615773105863909,5.0,3.1622776601683795,3.605551275463989,5.0,5.830951894845301,0.0,0.0,0.0,0.0,0.0,0.0,0.0,0.0,0.0,0.0,0.0,3.605551275463989,2.23606797749979,0.0,2.23606797749979,4.123105625617661,6.708203932499369,9.433981132056603,13.038404810405298,15.264337522473747,18.601075237738275,20.615528128088304,20.615528128088304,19.79898987322333,17.69180601295413,16.401219466856727,14.422205101855956,12.529964086141668,9.848857801796104,8.06225774829855,6.4031242374328485,4.47213595499958,6.324555320336759,9.433981132056603,14.422205101855956,18.601075237738275,21.400934559032695
1787398077.9822502,-91,0.0,15.231546211727817,15.524174696260024,15.297058540778355,16.1245154965971,17.0,17.029386365926403,18.110770276274835,19.235384061671343,19.6468827043885,18.681541692269406,17.72004514666935,17.72004514666935,15.524174696260024,13.341664064126334,12.36931687685298,10.198039027185569,8.0,7.0,6.082762530298219,5.0990195135927845,3.0,3.0,3.0,2.23606797749979,2.23606797749979,2.8284271247461903,0.0,0.0,0.0,0.0,0.0,0.0,0.0,0.0,0.0,0.0,0.0,5.830951894845301,4.47213595499958,5.0990195135927845,4.0,4.123105625617661,5.0,5.0,6.4031242374328485,7.810249675906654,8.48528137423857,9.899494936611665,10.63014581273465,11.313708498984761,12.041594578792296,12.727922061357855,14.866068747318506,14.866068747318506,14.866068747318506,15.556349186104045,14.866068747318506,15.556349186104045,15.556349186104045,14.866068747318506,14.142135623730951,12.806248474865697,12.806248474865697
1787398078.3612707,-70,0.0,14.7648230602334,14.317821063276353,14.317821063276353,13.416407864998739,11.661903789690601,9.219544457292887,6.4031242374328485,5.0990195135927845,5.0990195135927845,5.385164807134504,6.708203932499369,8.06225774829855,9.433981132056603,10.295630140987,10.44030650891055,11.180339887498949,11.180339887498949,10.198039027185569,9.219544457292887,7.0710678118654755,5.0990195135927845,2.8284271247461903,2.0,2.8284271247461903,4.47213595499958,5.385164807134504,0.0,0.0,0.0,0.0,0.0,0.0,0.0,0.0,0.0,0.0,0.0,4.123105625617661,3.1622776601683795,1.0,0.0,1.4142135623730951,2.8284271247461903,5.656854249492381,7.810249675906654,9.899494936611665,12.041594578792296,14.212670403551895,15.0,14.422205101855956,13.038404810405298,11.661903789690601,11.180339887498949,9.486832980505138,7.280109889280518,6.324555320336759,4.47213595499958,3.1622776601683795,4.123105625617661,5.830951894845301,8.06225774829855,10.816653826391969,13.038404810405298
1787398078.3652806,-70,0.0,21.95449840010015,21.633307652783937,20.808652046684813,18.867962264113206,16.55294535724685,13.601470508735444,10.0,8.54400374531753,7.810249675906654,9.433981132056603,10.816653826391969,13.038404810405298,14.422205101855956,16.401219466856727,16.401219466856727,17.029386365926403,16.97056274847714,14.212670403551895,12.806248474865697,10.0,7.0710678118654755,5.0,3.0,4.123105625617661,7.0,9.0,0.0,0.0,0.0,0.0,0.0,0.0,0.0,0.0,0.0,0.0,0.0,5.0,4.242640687119285,2.8284271247461903,1.0,2.23606797749979,5.0990195135927845,8.246211251235321,11.180339887498949,14.560219778561036,17.72004514666935,19.924858845171276,21.18962010041709,20.615528128088304,20.12461179749811,17.88854381999832,15.264337522473747,12.041594578792296,9.899494936611665,7.810249675906654,5.0,3.1622776601683795,5.656854249492381,9.433981132056603,13.416407864998739,17.0,19.235384061671343
1787398078.3692877,-70,0.0,21.587033144922902,21.587033144922902,21.840329667841555,19.6468827043885,16.278820596099706,13.0,9.486832980505138,8.48528137423857,8.54400374531753,9.219544457292887,10.04987562112089,12.165525060596439,13.341664064126334,14.560219778561036,15.811388300841896,16.15549442140351,15.652475842498529,14.7648230602334,12.529964086141668,10.295630140987,8.06225774829855,4.123105625617661,2.8284271247461903,5.0990195135927845,7.615773105863909,8.94427190999916,0.0,0.0,0.0,0.0,0.0,0.0,0.0,0.0,0.0,0.0,0.0,4.47213595499958,3.605551275463989,2.23606797749979,1.0,3.605551275463989,6.324555320336759,8.246211251235321,11.180339887498949,14.035668847618199,17.029386365926403,20.0,21.02379604162864,21.095023109728988,20.09975124224178,17.26267650163207,14.560219778561036,12.649110640673518,10.770329614269007,7.615773105863909,5.0990195135927845,4.47213595499958,5.830951894845301,9.219544457292887,13.152946437965905,17.11724276862369,19.1049731745428
1787398078.3808243,-70,0.0,22.20360331117452,22.20360331117452,22.20360331117452,20.248456731316587,17.0,14.866068747318506,10.04987562112089,8.246211251235321,8.06225774829855,7.810249675906654,10.63014581273465,12.041594578792296,14.142135623730951,14.866068747318506,14.866068747318506,15.0,15.0,14.422205101855956,13.038404810405298,10.295630140987,7.211102550927978,5.0,2.0,3.1622776601683795,6.0,7.0,0.0,0.0,0.0,0.0,0.0,0.0,0.0,0.0,0.0,0.0,0.0,2.23606797749979,1.0,1.0,1.4142135623730951,3.1622776601683795,6.082762530298219,9.055385138137417,11.0,14.035668847618199,17.26267650163207,19.6468827043885,20.248456731316587,19.313207915827967,18.384776310850235,17.0,14.422205101855956,12.206555615733702,10.0,7.211102550927978,5.0990195135927845,5.385164807134504,7.0710678118654755,10.63014581273465,13.601470508735444,16.1245154965971,18.35755975068582
1787398078.3808243,-70,0.0,21.213203435596427,21.2602916254693,21.2602916254693,19.849433241279208,16.401219466856727,12.529964086141668,11.180339887498949,10.198039027185569,9.486832980505138,10.295630140987,12.041594578792296,12.041594578792296,13.45362404707371,15.264337522473747,15.231546211727817,15.524174696260024,16.492422502470642,15.524174696260024,14.317821063276353,11.180339887498949,8.06225774829855,5.0990195135927845,2.23606797749979,2.23606797749979,5.385164807134504,7.280109889280518,0.0,0.0,0.0,0.0,0.0,0.0,0.0,0.0,0.0,0.0,0.0,2.23606797749979,1.4142135623730951,1.0,2.8284271247461903,4.47213595499958,7.0710678118654755,9.055385138137417,11.40175425099138,13.92838827718412,17.08800749063506,19.313207915827967,21.470910553583888,21.095023109728988,20.808652046684813,18.439088914585774,15.620499351813308,13.45362404707371,11.313708498984761,8.602325267042627,7.280109889280518,7.0710678118654755,8.06225774829855,10.63014581273465,14.866068747318506,18.439088914585774,20.615528128088304
1787398078.3874698,-72,0.0,22.80350850198276,21.587033144922902,19.4164878389476,19.4164878389476,18.973665961010276,15.264337522473747,12.806248474865697,12.083045973594572,11.180339887498949,11.045361017187261,13.0,15.033296378372908,15.297058540778355,15.297058540778355,16.15549442140351,16.55294535724685,15.652475842498529,14.7648230602334,12.529964086141668,10.295630140987,7.810249675906654,5.0,1.0,4.123105625617661,8.06225774829855,9.0,0.0,0.0,0.0,0.0,0.0,0.0,0.0,0.0,0.0,0.0,0.0,5.0,2.23606797749979,1.0,1.0,3.605551275463989,8.48528137423857,10.816653826391969,12.529964086141668,13.892443989449804,15.264337522473747,17.204650534085253,17.804493814764857,18.439088914585774,17.69180601295413,16.64331697709324,14.7648230602334,11.704699910719626,10.198039027185569,7.0710678118654755,3.605551275463989,3.0,5.385164807134504,7.615773105863909,11.704699910719626,16.55294535724685,19.72308292331602
1787398078.795327,-70,0.0,20.09975124224178,19.026297590440446,19.026297590440446,19.026297590440446,19.026297590440446,18.24828759089466,16.492422502470642,14.317821063276353,13.152946437965905,12.041594578792296,11.0,10.04987562112089,10.04987562112089,10.198039027185569,10.198039027185569,10.198039027185569,11.180339887498949,11.180339887498949,11.40175425099138,11.180339887498949,11.180339887498949,11.045361017187261,11.045361017187261,10.0,10.0,10.0,0.0,0.0,0.0,0.0,0.0,0.0,0.0,0.0,0.0,0.0,0.0,8.54400374531753,8.246211251235321,8.246211251235321,8.246211251235321,9.055385138137417,10.04987562112089,11.0,11.0,12.0,13.038404810405298,14.035668847618199,14.142135623730951,14.142135623730951,14.317821063276353,14.317821063276353,14.142135623730951,14.035668847618199,14.035668847618199,15.033296378372908,16.0312195418814,16.1245154965971,16.0312195418814,16.0312195418814,18.027756377319946,19.0,19.0
1787398079.00101,-71,0.0,19.1049731745428,19.1049731745428,18.439088914585774,17.69180601295413,17.69180601295413,17.029386365926403,15.811388300841896,13.601470508735444,12.206555615733702,10.0,8.48528137423857,8.602325267042627,8.94427190999916,9.848857801796104,9.848857801796104,9.848857801796104,9.848857801796104,10.44030650891055,10.44030650891055,10.44030650891055,11.704699910719626,11.180339887498949,11.180339887498949,10.295630140987,10.0,8.48528137423857,0.0,0.0,0.0,0.0,0.0,0.0,0.0,0.0,0.0,0.0,0.0,6.082762530298219,5.0990195135927845,5.385164807134504,5.830951894845301,7.211102550927978,7.810249675906654,8.48528137423857,9.219544457292887,10.63014581273465,11.40175425099138,12.206555615733702,13.038404810405298,13.038404810405298,12.529964086141668,12.529964086141668,11.661903789690601,11.40175425099138,12.041594578792296,13.45362404707371,14.142135623730951,14.866068747318506,15.556349186104045,16.97056274847714,17.69180601295413,19.1049731745428,19.1049731745428
1787398079.5129557,-69,0.0,20.223748416156685,19.1049731745428,19.1049731745428,18.24828759089466,16.492422502470642,14.560219778561036,14.560219778561036,13.341664064126334,11.180339887498949,10.04987562112089,9.0,9.055385138137417,9.055385138137417,10.04987562112089,10.198039027185569,10.198039027185569,10.44030650891055,10.770329614269007,10.770329614269007,11.180339887498949,11.704699910719626,12.165525060596439,12.165525060596439,10.44030650891055,10.198039027185569,10.04987562112089,0.0,0.0,0.0,0.0,0.0,0.0,0.0,0.0,0.0,0.0,0.0,7.280109889280518,7.280109889280518,7.0710678118654755,8.0,9.055385138137417,9.486832980505138,10.198039027185569,11.180339887498949,11.180339887498949,11.704699910719626,13.0,13.601470508735444,13.341664064126334,13.341664064126334,13.341664064126334,14.142135623730951,14.035668847618199,14.035668847618199,15.033296378372908,15.0,15.033296378372908,17.029386365926403,19.026297590440446,20.0,21.02379604162864,20.09975124224178
1787398081.3061998,-72,0.0,23.08679276123039,23.08679276123039,22.02271554554524,21.02379604162864,19.1049731745428,16.492422502470642,12.083045973594572,10.0,8.602325267042627,8.94427190999916,10.770329614269007,12.649110640673518,14.560219778561036,16.15549442140351,16.55294535724685,17.0,17.0,16.64331697709324,14.422205101855956,11.661903789690601,9.848857801796104,8.246211251235321,7.0710678118654755,7.211102550927978,8.06225774829855,8.54400374531753,0.0,0.0,0.0,0.0,0.0,0.0,0.0,0.0,0.0,0.0,0.0,5.656854249492381,3.605551275463989,1.4142135623730951,1.0,3.1622776601683795,6.082762530298219,9.0,11.180339887498949,14.560219778561036,17.08800749063506,18.384776310850235,19.235384061671343,18.867962264113206,17.804493814764857,16.278820596099706,14.212670403551895,13.038404810405298,11.180339887498949,9.433981132056603,7.810249675906654,6.4031242374328485,7.280109889280518,10.0,13.038404810405298,16.1245154965971,19.235384061671343
1787398081.3148956,-72,0.0,22.02271554554524,22.0,21.02379604162864,20.0,18.110770276274835,15.524174696260024,12.083045973594572,9.219544457292887,8.94427190999916,9.486832980505138,11.180339887498949,12.36931687685298,14.560219778561036,15.524174696260024,16.76305461424021,16.15549442140351,16.15549442140351,15.231546211727817,14.317821063276353,13.0,9.486832980505138,7.0,6.324555320336759,6.4031242374328485,8.54400374531753,9.219544457292887,0.0,0.0,0.0,0.0,0.0,0.0,0.0,0.0,0.0,0.0,0.0,6.708203932499369,4.47213595499958,2.0,0.0,3.0,5.0990195135927845,8.246211251235321,11.704699910719626,13.892443989449804,16.64331697709324,17.204650534085253,17.804493814764857,17.69180601295413,16.278820596099706,15.811388300841896,13.416407864998739,12.649110640673518,11.180339887498949,9.219544457292887,7.280109889280518,5.830951894845301,5.385164807134504,8.06225774829855,12.0,16.0312195418814,18.027756377319946
1787398081.5811086,-71,0.0,22.47220505424423,23.40939982143925,22.47220505424423,20.248456731316587,17.46424919657298,15.033296378372908,12.165525060596439,9.848857801796104,9.219544457292887,10.63014581273465,10.816653826391969,13.038404810405298,14.422205101855956,15.811388300841896,16.401219466856727,15.620499351813308,15.556349186104045,14.142135623730951,12.041594578792296,9.899494936611665,7.810249675906654,5.385164807134504,4.0,5.0,7.211102550927978,8.94427190999916,0.0,0.0,0.0,0.0,0.0,0.0,0.0,0.0,0.0,0.0,0.0,5.0,3.1622776601683795,1.4142135623730951,1.4142135623730951,3.0,5.385164807134504,7.810249675906654,10.63014581273465,13.038404810405298,16.1245154965971,17.88854381999832,18.384776310850235,17.72004514666935,17.26267650163207,16.1245154965971,14.0,12.165525060596439,11.40175425099138,9.486832980505138,7.280109889280518,5.0,5.0,8.06225774829855,12.083045973594572,16.15549442140351,18.973665961010276
1787398081.592991,-71,0.0,26.832815729997478,26.832815729997478,26.832815729997478,24.596747752497688,21.95449840010015,19.1049731745428,15.811388300841896,13.0,10.44030650891055,11.180339887498949,13.0,15.033296378372908,17.11724276862369,19.026297590440446,19.0,19.026297590440446,18.110770276274835,16.278820596099706,15.297058540778355,12.165525060596439,9.219544457292887,7.0710678118654755,4.47213595499958,5.0990195135927845,7.0,8.0,0.0,0.0,0.0,0.0,0.0,0.0,0.0,0.0,0.0,0.0,0.0,11.40175425099138,5.385164807134504,2.23606797749979,3.605551275463989,8.54400374531753,10.770329614269007,9.055385138137417,11.045361017187261,16.0,19.026297590440446,20.024984394500787,21.213203435596427,21.840329667841555,20.615528128088304,19.235384061671343,17.204650534085253,14.866068747318506,12.041594578792296,9.219544457292887,9.219544457292887,7.615773105863909,8.0,9.486832980505138,14.7648230602334,18.867962264113206,21.95449840010015
1787398081.6233509,-69,0.0,24.186773244895647,23.08679276123039,20.09975124224178,19.026297590440446,18.027756377319946,15.297058540778355,10.770329614269007,8.48528137423857,7.615773105863909,9.055385138137417,11.045361017187261,13.0,14.035668847618199,14.0,14.035668847618199,15.033296378372908,14.0,11.180339887498949,7.280109889280518,6.708203932499369,4.123105625617661,4.242640687119285,5.0,4.123105625617661,4.123105625617661,2.23606797749979,0.0,0.0,0.0,0.0,0.0,0.0,0.0,0.0,0.0,0.0,0.0,5.0990195135927845,3.1622776601683795,1.0,2.0,3.605551275463989,5.656854249492381,8.602325267042627,10.816653826391969,13.892443989449804,16.55294535724685,19.313207915827967,20.248456731316587,19.924858845171276,18.439088914585774,17.11724276862369,15.0,13.152946437965905,12.165525060596439,9.055385138137417,6.0,4.123105625617661,5.0,7.280109889280518,11.045361017187261,16.1245154965971,19.1049731745428
1787398081.767025,-70,0.0,19.235384061671343,19.235384061671343,18.788294228055936,18.788294228055936,18.384776310850235,18.384776310850235,16.15549442140351,14.866068747318506,13.0,12.083045973594572,12.083045973594572,11.180339887498949,11.180339887498949,11.180339887498949,10.816653826391969,10.816653826391969,10.816653826391969,10.816653826391969,10.816653826391969,10.0,10.0,10.0,10.0,9.433981132056603,8.54400374531753,5.385164807134504,0.0,0.0,0.0,0.0,0.0,0.0,0.0,0.0,0.0,0.0,0.0,7.280109889280518,7.0710678118654755,7.0710678118654755,7.280109889280518,7.615773105863909,7.615773105863909,8.94427190999916,10.295630140987,11.180339887498949,12.083045973594572,12.649110640673518,12.649110640673518,12.649110640673518,12.649110640673518,11.40175425099138,11.40175425099138,12.649110640673518,12.649110640673518,13.0,13.416407864998739,13.416407864998739,13.416407864998739,14.7648230602334,16.1245154965971,18.35755975068582,19.72308292331602
1787398081.973805,-70,0.0,19.1049731745428,19.235384061671343,19.235384061671343,19.235384061671343,19.4164878389476,18.681541692269406,17.08800749063506,16.15549442140351,14.866068747318506,13.601470508735444,12.36931687685298,11.180339887498949,11.180339887498949,11.180339887498949,11.045361017187261,10.04987562112089,10.04987562112089,10.0,10.04987562112089,10.04987562112089,10.04987562112089,10.04987562112089,9.055385138137417,9.055385138137417,8.06225774829855,8.06225774829855,0.0,0.0,0.0,0.0,0.0,0.0,0.0,0.0,0.0,0.0,0.0,8.94427190999916,8.94427190999916,9.848857801796104,9.486832980505138,9.848857801796104,10.44030650891055,10.198039027185569,9.219544457292887,11.40175425099138,12.36931687685298,13.341664064126334,13.341664064126334,12.649110640673518,11.704699910719626,10.770329614269007,9.848857801796104,10.44030650891055,11.180339887498949,11.180339887498949,13.152946437965905,15.132745950421556,15.033296378372908,16.0,17.029386365926403,18.027756377319946,18.027756377319946
1787398082.077548,-71,0.0,19.235384061671343,19.235384061671343,19.235384061671343,19.697715603592208,19.313207915827967,18.027756377319946,17.72004514666935,16.492422502470642,16.492422502470642,15.811388300841896,13.92838827718412,12.649110640673518,11.704699910719626,11.704699910719626,11.704699910719626,13.0,12.083045973594572,12.083045973594572,11.704699910719626,10.770329614269007,10.295630140987,9.848857801796104,9.848857801796104,9.486832980505138,10.44030650891055,9.486832980505138,0.0,0.0,0.0,0.0,0.0,0.0,0.0,0.0,0.0,0.0,0.0,8.06225774829855,8.0,8.06225774829855,8.246211251235321,10.198039027185569,10.04987562112089,10.198039027185569,10.44030650891055,11.40175425099138,13.341664064126334,13.341664064126334,13.341664064126334,13.341664064126334,13.601470508735444,13.0,13.0,13.601470508735444,12.649110640673518,13.0,13.0,13.92838827718412,13.92838827718412,15.652475842498529,16.1245154965971,18.027756377319946,18.867962264113206
1787398082.1773653,-71,0.0,20.615528128088304,20.615528128088304,20.615528128088304,20.12461179749811,19.72308292331602,19.4164878389476,17.204650534085253,15.0,13.601470508735444,13.038404810405298,11.661903789690601,11.180339887498949,11.180339887498949,10.770329614269007,10.770329614269007,10.770329614269007,10.770329614269007,9.848857801796104,9.486832980505138,9.219544457292887,9.219544457292887,10.198039027185569,9.486832980505138,8.54400374531753,8.54400374531753,7.615773105863909,0.0,0.0,0.0,0.0,0.0,0.0,0.0,0.0,0.0,0.0,0.0,7.810249675906654,7.810249675906654,7.810249675906654,7.810249675906654,8.06225774829855,8.94427190999916,8.94427190999916,8.94427190999916,11.180339887498949,12.083045973594572,11.661903789690601,10.816653826391969,11.180339887498949,12.083045973594572,12.083045973594572,11.180339887498949,12.529964086141668,13.0,14.317821063276353,14.317821063276353,14.7648230602334,14.317821063276353,14.866068747318506,16.76305461424021,18.973665961010276,19.924858845171276
1787398082.926614,-71,0.0,30.479501308256342,30.479501308256342,29.732137494637012,26.1725046566048,21.2602916254693,17.4928556845359,14.560219778561036,11.0,10.44030650891055,11.661903789690601,12.806248474865697,13.601470508735444,14.422205101855956,15.264337522473747,16.55294535724685,17.46424919657298,17.08800749063506,16.492422502470642,14.560219778561036,12.649110640673518,9.848857801796104,6.4031242374328485,4.123105625617661,4.47213595499958,6.4031242374328485,9.433981132056603,0.0,0.0,0.0,0.0,0.0,0.0,0.0,0.0,0.0,0.0,0.0,5.0,3.1622776601683795,0.0,2.23606797749979,6.082762530298219,10.04987562112089,11.045361017187261,14.317821063276353,18.439088914585774,21.18962010041709,20.12461179749811,19.72308292331602,20.808652046684813,19.1049731745428,16.97056274847714,15.620499351813308,13.038404810405298,10.770329614269007,8.54400374531753,5.830951894845301,4.47213595499958,7.280109889280518,11.180339887498949,15.0,20.615528128088304,24.20743687382041
1787398082.9905396,-71,0.0,21.93171219946131,21.470910553583888,21.470910553583888,21.095023109728988,20.808652046684813,20.0,18.439088914585774,17.029386365926403,15.0,12.806248474865697,12.206555615733702,12.529964086141668,13.416407864998739,13.416407864998739,12.083045973594572,12.083045973594572,12.649110640673518,13.601470508735444,12.649110640673518,11.704699910719626,12.083045973594572,12.529964086141668,10.816653826391969,10.0,8.602325267042627,8.602325267042627,0.0,0.0,0.0,0.0,0.0,0.0,0.0,0.0,0.0,0.0,0.0,8.602325267042627,10.0,10.0,10.295630140987,10.816653826391969,10.63014581273465,9.219544457292887,9.899494936611665,11.313708498984761,11.313708498984761,12.206555615733702,11.661903789690601,11.661903789690601,11.180339887498949,10.816653826391969,10.0,10.63014581273465,12.206555615733702,12.529964086141668,13.416407864998739,15.652475842498529,16.15549442140351,16.15549442140351,18.027756377319946,19.697715603592208,19.697715603592208
1787398083.7621202,-69,0.0,25.298221281347036,25.0,23.08679276123039,20.8806130178211,17.08800749063506,12.529964086141668,9.219544457292887,6.708203932499369,7.0,8.246211251235321,10.44030650891055,12.36931687685298,13.152946437965905,15.033296378372908,16.0312195418814,16.1245154965971,16.278820596099706,16.492422502470642,14.560219778561036,12.649110640673518,10.198039027185569,8.0,5.385164807134504,4.47213595499958,5.0,6.324555320336759,0.0,0.0,0.0,0.0,0.0,0.0,0.0,0.0,0.0,0.0,0.0,2.0,1.0,1.0,2.0,3.1622776601683795,5.830951894845301,9.219544457292887,12.041594578792296,15.620499351813308,17.804493814764857,21.400934559032695,22.20360331117452,20.808652046684813,18.867962264113206,17.0,14.317821063276353,11.704699910719626,9.486832980505138,7.615773105863909,5.656854249492381,6.082762530298219,8.06225774829855,12.649110640673518,17.08800749063506,20.248456731316587,22.47220505424423
1787398083.766128,-69,0.0,29.614185789921695,28.861739379323623,26.92582403567252,24.515301344262525,19.235384061671343,14.0,10.770329614269007,7.211102550927978,5.830951894845301,10.198039027185569,12.36931687685298,11.704699910719626,14.560219778561036,17.46424919657298,18.027756377319946,19.4164878389476,19.4164878389476,16.401219466856727,11.313708498984761,9.219544457292887,10.63014581273465,10.0,5.830951894845301,3.605551275463989,9.0,11.045361017187261,0.0,0.0,0.0,0.0,0.0,0.0,0.0,0.0,0.0,0.0,0.0,4.123105625617661,2.23606797749979,0.0,1.4142135623730951,4.123105625617661,7.0710678118654755,10.04987562112089,14.0,18.0,21.0,24.0,26.019223662515376,25.019992006393608,24.08318915758459,21.37755832643195,18.681541692269406,15.811388300841896,13.0,9.486832980505138,7.0,7.211102550927978,9.433981132056603,13.601470508735444,18.439088914585774,22.561028345356956,24.515301344262525
1787398083.7794445,-68,0.0,24.758836806279895,24.041630560342615,23.345235059857504,20.518284528683193,17.029386365926403,13.92838827718412,11.045361017187261,8.246211251235321,10.295630140987,13.038404810405298,12.806248474865697,12.206555615733702,12.083045973594572,13.416407864998739,16.1245154965971,16.55294535724685,16.76305461424021,14.560219778561036,11.704699910719626,10.770329614269007,9.219544457292887,6.082762530298219,3.0,3.0,5.0,7.211102550927978,0.0,0.0,0.0,0.0,0.0,0.0,0.0,0.0,0.0,0.0,0.0,3.1622776601683795,2.0,1.0,1.4142135623730951,3.0,5.0990195135927845,7.615773105863909,10.295630140987,13.892443989449804,16.64331697709324,18.867962264113206,20.248456731316587,18.601075237738275,17.804493814764857,14.866068747318506,13.45362404707371,11.40175425099138,8.602325267042627,6.4031242374328485,4.47213595499958,5.0990195135927845,7.211102550927978,11.313708498984761,15.556349186104045,19.79898987322333,22.627416997969522
1787398083.818981,-70,0.0,24.186773244895647,26.832815729997478,27.294688127912362,24.186773244895647,21.400934559032695,16.97056274847714,10.770329614269007,8.06225774829855,9.219544457292887,12.083045973594572,14.422205101855956,18.027756377319946,17.88854381999832,14.317821063276353,14.317821063276353,16.76305461424021,17.11724276862369,18.0,16.0312195418814,14.035668847618199,11.180339887498949,6.708203932499369,5.0,5.0990195135927845,8.06225774829855,11.40175425099138,0.0,0.0,0.0,0.0,0.0,0.0,0.0,0.0,0.0,0.0,0.0,4.242640687119285,2.8284271247461903,1.4142135623730951,1.0,4.123105625617661,6.324555320336759,8.94427190999916,12.206555615733702,15.811388300841896,19.209372712298546,21.2602916254693,22.627416997969522,21.93171219946131,21.2602916254693,19.4164878389476,17.0,14.866068747318506,12.165525060596439,8.06225774829855,5.0,7.280109889280518,10.44030650891055,13.0,15.811388300841896,20.615528128088304,19.697715603592208
1787398084.0888205,-69,0.0,25.079872407968907,25.079872407968907,24.08318915758459,22.090722034374522,19.0,15.297058540778355,11.704699910719626,9.433981132056603,8.602325267042627,9.848857801796104,11.40175425099138,13.341664064126334,14.560219778561036,15.811388300841896,16.15549442140351,16.55294535724685,16.1245154965971,15.0,12.806248474865697,11.40175425099138,8.602325267042627,6.708203932499369,5.0,5.0,6.708203932499369,7.280109889280518,0.0,0.0,0.0,0.0,0.0,0.0,0.0,0.0,0.0,0.0,0.0,3.1622776601683795,2.0,2.0,2.23606797749979,3.0,4.47213595499958,6.4031242374328485,9.899494936611665,12.041594578792296,15.0,17.4928556845359,19.235384061671343,19.697715603592208,18.384776310850235,17.72004514666935,16.492422502470642,13.152946437965905,10.198039027185569,8.246211251235321,6.324555320336759,5.656854249492381,7.280109889280518,10.04987562112089,15.0,19.0,21.0
1787398084.6462545,-69,0.0,28.635642126552707,27.459060435491963,26.476404589747453,25.495097567963924,22.80350850198276,17.46424919657298,12.727922061357855,10.770329614269007,10.198039027185569,10.04987562112089,10.0,10.770329614269007,13.416407864998739,13.341664064126334,13.0,13.152946437965905,14.560219778561036,13.601470508735444,11.40175425099138,10.04987562112089,8.0,5.385164807134504,5.0,7.280109889280518,8.0,8.06225774829855,0.0,0.0,0.0,0.0,0.0,0.0,0.0,0.0,0.0,0.0,0.0,7.810249675906654,5.0,3.605551275463989,2.23606797749979,3.1622776601683795,6.324555320336759,9.219544457292887,12.649110640673518,15.652475842498529,18.35755975068582,21.095023109728988,23.021728866442675,22.02271554554524,20.518284528683193,19.209372712298546,17.204650534085253,13.892443989449804,10.770329614269007,8.54400374531753,5.830951894845301,5.0,6.082762530298219,8.06225774829855,11.180339887498949,15.524174696260024,19.6468827043885
1787398086.253202,-71,0.0,25.495097567963924,24.166091947189145,21.93171219946131,19.697715603592208,17.08800749063506,13.341664064126334,9.055385138137417,6.708203932499369,5.385164807134504,7.0710678118654755,9.055385138137417,10.198039027185569,11.180339887498949,11.40175425099138,13.0,12.529964086141668,13.038404810405298,12.806248474865697,11.40175425099138,8.602325267042627,5.830951894845301,4.123105625617661,3.1622776601683795,3.1622776601683795,6.082762530298219,7.0710678118654755,0.0,0.0,0.0,0.0,0.0,0.0,0.0,0.0,0.0,0.0,0.0,3.605551275463989,1.4142135623730951,1.0,3.1622776601683795,5.0990195135927845,7.0710678118654755,9.0,12.0,14.035668847618199,16.1245154965971,18.439088914585774,19.6468827043885,18.384776310850235,17.0,16.64331697709324,15.620499351813308,14.212670403551895,12.206555615733702,9.433981132056603,7.280109889280518,6.324555320336759,8.48528137423857,10.295630140987,13.416407864998739,17.88854381999832,21.93171219946131
1787398086.3234503,-70,0.0,28.792360097775937,26.92582403567252,24.698178070456937,23.08679276123039,19.4164878389476,16.0312195418814,11.180339887498949,8.48528137423857,8.54400374531753,10.04987562112089,12.041594578792296,13.152946437965905,14.317821063276353,15.297058540778355,16.492422502470642,16.15549442140351,17.0,16.64331697709324,15.264337522473747,13.892443989449804,11.180339887498949,7.615773105863909,5.0,3.605551275463989,6.0,7.280109889280518,0.0,0.0,0.0,0.0,0.0,0.0,0.0,0.0,0.0,0.0,0.0,4.47213595499958,2.23606797749979,1.4142135623730951,4.47213595499958,6.324555320336759,8.06225774829855,9.055385138137417,11.045361017187261,14.866068747318506,18.384776310850235,20.615528128088304,21.470910553583888,20.808652046684813,20.0,19.1049731745428,18.384776310850235,15.556349186104045,13.45362404707371,9.899494936611665,6.708203932499369,6.082762530298219,7.0710678118654755,10.295630140987,14.317821063276353,19.313207915827967,23.40939982143925
1787398086.5802948,-70,0.0,16.64331697709324,16.64331697709324,16.64331697709324,16.1245154965971,16.55294535724685,15.811388300841896,13.92838827718412,13.0,11.180339887498949,9.848857801796104,9.848857801796104,8.94427190999916,10.0,10.0,9.899494936611665,9.899494936611665,9.899494936611665,9.899494936611665,10.63014581273465,10.0,10.0,10.295630140987,10.295630140987,8.94427190999916,8.54400374531753,8.54400374531753,0.0,0.0,0.0,0.0,0.0,0.0,0.0,0.0,0.0,0.0,0.0,6.708203932499369,5.830951894845301,8.06225774829855,10.63014581273465,10.63014581273465,9.219544457292887,9.433981132056603,9.433981132056603,9.433981132056603,9.433981132056603,10.295630140987,10.770329614269007,11.180339887498949,11.180339887498949,10.770329614269007,9.848857801796104,8.94427190999916,10.295630140987,11.661903789690601,12.529964086141668,13.038404810405298,12.806248474865697,13.601470508735444,16.401219466856727,17.804493814764857,17.804493814764857
1787398086.5802948,-69,0.0,20.0,20.808652046684813,21.400934559032695,20.0,18.601075237738275,17.69180601295413,16.278820596099706,14.212670403551895,12.727922061357855,12.727922061357855,12.041594578792296,10.816653826391969,10.295630140987,10.295630140987,9.848857801796104,9.848857801796104,10.770329614269007,10.770329614269007,10.770329614269007,10.770329614269007,11.180339887498949,11.661903789690601,10.816653826391969,10.63014581273465,9.219544457292887,8.48528137423857,0.0,0.0,0.0,0.0,0.0,0.0,0.0,0.0,0.0,0.0,0.0,7.211102550927978,6.4031242374328485,7.0710678118654755,8.602325267042627,9.433981132056603,9.433981132056603,8.602325267042627,8.602325267042627,9.899494936611665,10.63014581273465,11.40175425099138,12.041594578792296,12.041594578792296,12.806248474865697,12.727922061357855,12.727922061357855,12.041594578792296,11.40175425099138,12.806248474865697,13.601470508735444,14.422205101855956,14.422205101855956,15.264337522473747,16.1245154965971,17.0,18.35755975068582
1787398086.8820894,-70,0.0,22.80350850198276,22.561028345356956,21.587033144922902,20.615528128088304,20.396078054371138,19.026297590440446,18.027756377319946,17.029386365926403,15.033296378372908,12.165525060596439,12.36931687685298,12.36931687685298,12.649110640673518,13.0,13.0,13.0,13.416407864998739,13.416407864998739,14.317821063276353,13.92838827718412,14.866068747318506,14.560219778561036,13.341664064126334,12.36931687685298,11.180339887498949,11.045361017187261,0.0,0.0,0.0,0.0,0.0,0.0,0.0,0.0,0.0,0.0,0.0,10.0,9.055385138137417,9.055385138137417,9.055385138137417,10.04987562112089,11.40175425099138,11.40175425099138,12.165525060596439,14.142135623730951,15.033296378372908,16.0312195418814,15.0,15.033296378372908,15.132745950421556,14.142135623730951,14.035668847618199,14.035668847618199,15.132745950421556,14.142135623730951,14.142135623730951,15.132745950421556,16.278820596099706,17.46424919657298,17.46424919657298,19.6468827043885,21.18962010041709
1787398087.6083636,-70,0.0,18.788294228055936,18.788294228055936,18.788294228055936,19.235384061671343,19.72308292331602,19.4164878389476,17.804493814764857,15.620499351813308,14.212670403551895,12.806248474865697,11.40175425099138,10.816653826391969,10.816653826391969,10.295630140987,11.180339887498949,10.770329614269007,10.770329614269007,9.848857801796104,9.848857801796104,9.848857801796104,9.848857801796104,9.848857801796104,9.848857801796104,9.433981132056603,8.06225774829855,8.06225774829855,0.0,0.0,0.0,0.0,0.0,0.0,0.0,0.0,0.0,0.0,0.0,9.848857801796104,7.810249675906654,8.06225774829855,10.295630140987,11.40175425099138,9.433981132056603,7.211102550927978,8.602325267042627,10.816653826391969,12.206555615733702,12.206555615733702,12.041594578792296,12.041594578792296,12.041594578792296,10.63014581273465,9.899494936611665,10.63014581273465,10.0,10.816653826391969,11.180339887498949,12.083045973594572,12.083045973594572,12.649110640673518,14.560219778561036,16.492422502470642,17.72004514666935
1787398087.6245515,-70,0.0,27.202941017470888,26.627053911388696,25.80697580112788,23.600847442411894,19.72308292331602,17.08800749063506,14.317821063276353,11.045361017187261,9.848857801796104,10.63014581273465,12.041594578792296,13.45362404707371,13.45362404707371,15.0,15.811388300841896,16.64331697709324,17.0,15.652475842498529,14.7648230602334,11.661903789690601,8.94427190999916,7.211102550927978,4.47213595499958,4.0,5.0,6.4031242374328485,0.0,0.0,0.0,0.0,0.0,0.0,0.0,0.0,0.0,0.0,0.0,6.4031242374328485,4.47213595499958,2.23606797749979,1.0,4.123105625617661,7.0710678118654755,10.0,12.041594578792296,15.132745950421556,17.26267650163207,20.223748416156685,20.396078054371138,18.681541692269406,16.15549442140351,14.317821063276353,11.661903789690601,9.219544457292887,7.211102550927978,6.708203932499369,5.0,3.1622776601683795,4.242640687119285,8.602325267042627,13.038404810405298,17.204650534085253,20.808652046684813
1787398087.6569152,-70,0.0,30.528675044947494,28.30194339616981,27.459060435491963,24.698178070456937,19.4164878389476,14.142135623730951,12.083045973594572,11.180339887498949,11.40175425099138,11.0,11.661903789690601,13.038404810405298,13.0,14.560219778561036,18.439088914585774,19.4164878389476,20.615528128088304,19.924858845171276,17.08800749063506,13.92838827718412,9.486832980505138,5.0990195135927845,2.8284271247461903,4.0,6.708203932499369,8.48528137423857,0.0,0.0,0.0,0.0,0.0,0.0,0.0,0.0,0.0,0.0,0.0,6.0,4.123105625617661,2.23606797749979,1.0,3.1622776601683795,5.830951894845301,9.433981132056603,12.806248474865697,16.278820596099706,19.79898987322333,21.213203435596427,20.518284528683193,19.4164878389476,19.235384061671343,17.88854381999832,13.0,11.180339887498949,11.045361017187261,9.055385138137417,6.0,3.1622776601683795,4.123105625617661,8.54400374531753,14.7648230602334,19.235384061671343,22.847319317591726
1787398087.7044435,-71,0.0,30.4138126514911,30.4138126514911,30.4138126514911,27.294688127912362,23.08679276123039,19.026297590440446,14.560219778561036,11.180339887498949,9.219544457292887,10.295630140987,11.40175425099138,13.341664064126334,13.601470508735444,13.92838827718412,15.652475842498529,16.1245154965971,15.811388300841896,15.0,13.601470508735444,10.816653826391969,8.06225774829855,5.385164807134504,3.1622776601683795,4.123105625617661,6.0,7.0710678118654755,0.0,0.0,0.0,0.0,0.0,0.0,0.0,0.0,0.0,0.0,0.0,5.0,3.0,1.0,2.23606797749979,5.0,7.810249675906654,11.313708498984761,15.0,19.4164878389476,22.47220505424423,24.186773244895647,23.706539182259394,22.847319317591726,21.18962010041709,18.439088914585774,16.1245154965971,13.0,11.0,9.0,6.082762530298219,4.242640687119285,6.708203932499369,10.44030650891055,15.297058540778355,20.396078054371138,24.331050121192877
1787398087.7246568,-70,0.0,27.294688127912362,26.832815729997478,27.313000567495326,25.079872407968907,20.591260281974,17.029386365926403,12.206555615733702,8.54400374531753,9.055385138137417,10.44030650891055,11.704699910719626,12.529964086141668,13.601470508735444,14.7648230602334,15.811388300841896,16.76305461424021,18.681541692269406,17.72004514666935,16.15549442140351,13.0,9.486832980505138,6.708203932499369,5.656854249492381,5.385164807134504,5.0990195135927845,5.830951894845301,0.0,0.0,0.0,0.0,0.0,0.0,0.0,0.0,0.0,0.0,0.0,6.324555320336759,4.123105625617661,2.0,0.0,3.0,6.082762530298219,8.94427190999916,12.529964086141668,14.7648230602334,17.4928556845359,18.027756377319946,18.601075237738275,17.69180601295413,16.97056274847714,14.212670403551895,12.529964086141668,9.848857801796104,7.280109889280518,5.0990195135927845,2.23606797749979,2.23606797749979,5.0,7.810249675906654,12.806248474865697,16.64331697709324,20.248456731316587
1787398087.784116,-71,0.0,24.413111231467404,22.47220505424423,20.591260281974,17.4928556845359,15.0,13.45362404707371,11.661903789690601,7.0710678118654755,7.280109889280518,8.94427190999916,10.295630140987,12.529964086141668,13.892443989449804,14.422205101855956,14.422205101855956,13.892443989449804,13.416407864998739,12.083045973594572,10.770329614269007,8.54400374531753,6.708203932499369,4.242640687119285,3.1622776601683795,4.47213595499958,6.4031242374328485,7.0710678118654755,0.0,0.0,0.0,0.0,0.0,0.0,0.0,0.0,0.0,0.0,0.0,4.47213595499958,2.8284271247461903,1.4142135623730951,1.4142135623730951,4.47213595499958,6.708203932499369,10.295630140987,12.529964086141668,15.652475842498529,17.4928556845359,18.027756377319946,18.439088914585774,18.384776310850235,18.384776310850235,16.278820596099706,12.206555615733702,10.295630140987,8.94427190999916,7.615773105863909,5.0,4.123105625617661,5.385164807134504,8.06225774829855,11.180339887498949,15.264337522473747,18.35755975068582
1787398087.8001454,-71,0.0,28.792360097775937,28.231188426986208,26.0,22.847319317591726,20.12461179749811,16.64331697709324,12.041594578792296,8.54400374531753,9.0,10.198039027185569,11.40175425099138,12.649110640673518,14.560219778561036,15.811388300841896,15.524174696260024,15.297058540778355,15.033296378372908,14.0,12.0,10.0,7.0,5.0990195135927845,3.605551275463989,4.0,6.324555320336759,7.615773105863909,0.0,0.0,0.0,0.0,0.0,0.0,0.0,0.0,0.0,0.0,0.0,6.4031242374328485,3.605551275463989,2.0,2.8284271247461903,4.47213595499958,6.708203932499369,10.295630140987,13.416407864998739,17.88854381999832,20.591260281974,21.633307652783937,21.400934559032695,20.518284528683193,19.1049731745428,17.69180601295413,15.0,12.529964086141668,10.770329614269007,8.246211251235321,4.123105625617661,3.0,6.324555320336759,9.486832980505138,15.231546211727817,20.615528128088304,23.769728648009426
1787398087.887814,-70,0.0,28.442925306655784,28.861739379323623,27.65863337187866,23.345235059857504,18.973665961010276,16.1245154965971,13.038404810405298,9.219544457292887,8.54400374531753,11.045361017187261,13.92838827718412,15.231546211727817,16.15549442140351,17.08800749063506,17.46424919657298,16.1245154965971,16.0312195418814,15.0,13.0,11.0,10.04987562112089,8.06225774829855,3.1622776601683795,1.4142135623730951,3.1622776601683795,3.605551275463989,0.0,0.0,0.0,0.0,0.0,0.0,0.0,0.0,0.0,0.0,0.0,2.23606797749979,2.0,2.8284271247461903,2.0,4.242640687119285,6.4031242374328485,9.899494936611665,12.806248474865697,16.64331697709324,19.72308292331602,21.02379604162864,21.540659228538015,20.248456731316587,18.681541692269406,16.1245154965971,15.0,12.041594578792296,9.055385138137417,8.06225774829855,5.385164807134504,4.123105625617661,7.0710678118654755,11.180339887498949,17.26267650163207,22.561028345356956,26.68332812825267
1787398087.9141388,-71,0.0,24.166091947189145,23.769728648009426,23.08679276123039,19.924858845171276,16.1245154965971,12.806248474865697,9.219544457292887,7.0710678118654755,8.06225774829855,11.313708498984761,12.041594578792296,12.806248474865697,14.212670403551895,14.212670403551895,14.422205101855956,16.1245154965971,15.652475842498529,13.92838827718412,12.36931687685298,12.165525060596439,10.44030650891055,6.708203932499369,3.1622776601683795,4.47213595499958,5.656854249492381,6.4031242374328485,0.0,0.0,0.0,0.0,0.0,0.0,0.0,0.0,0.0,0.0,0.0,4.123105625617661,2.0,1.0,2.0,3.1622776601683795,5.656854249492381,9.219544457292887,12.041594578792296,13.601470508735444,14.422205101855956,17.4928556845359,17.0,16.55294535724685,16.76305461424021,16.278820596099706,13.038404810405298,10.0,9.055385138137417,7.0,4.47213595499958,5.0,6.324555320336759,8.54400374531753,13.601470508735444,18.027756377319946,20.248456731316587
1787398087.9281664,-70,0.0,26.1725046566048,25.079872407968907,23.08679276123039,20.09975124224178,17.26267650163207,13.0,10.0,8.06225774829855,8.0,9.219544457292887,10.770329614269007,12.083045973594572,11.704699910719626,13.601470508735444,14.317821063276353,13.341664064126334,14.142135623730951,13.0,11.045361017187261,9.0,6.0,4.123105625617661,3.605551275463989,3.0,4.242640687119285,5.656854249492381,0.0,0.0,0.0,0.0,0.0,0.0,0.0,0.0,0.0,0.0,0.0,2.23606797749979,0.0,1.4142135623730951,3.605551275463989,4.242640687119285,5.830951894845301,9.848857801796104,12.083045973594572,15.231546211727817,17.46424919657298,19.235384061671343,19.235384061671343,18.110770276274835,17.029386365926403,15.033296378372908,14.142135623730951,12.36931687685298,9.219544457292887,7.0710678118654755,5.0,4.47213595499958,5.385164807134504,10.04987562112089,15.033296378372908,19.026297590440446,22.02271554554524
1787398087.9396021,-70,0.0,20.615528128088304,19.697715603592208,18.788294228055936,19.235384061671343,19.235384061671343,18.027756377319946,17.204650534085253,15.0,13.038404810405298,12.206555615733702,11.661903789690601,11.661903789690601,11.180339887498949,11.180339887498949,10.770329614269007,10.770329614269007,10.44030650891055,10.44030650891055,10.44030650891055,9.486832980505138,9.486832980505138,9.848857801796104,8.94427190999916,8.94427190999916,8.06225774829855,8.06225774829855,0.0,0.0,0.0,0.0,0.0,0.0,0.0,0.0,0.0,0.0,0.0,7.0710678118654755,6.4031242374328485,7.0710678118654755,7.0710678118654755,5.830951894845301,5.830951894845301,6.708203932499369,6.708203932499369,6.708203932499369,9.433981132056603,10.816653826391969,12.041594578792296,11.313708498984761,10.63014581273465,10.816653826391969,10.816653826391969,10.295630140987,11.180339887498949,11.704699910719626,13.0,13.416407864998739,14.317821063276353,13.92838827718412,15.811388300841896,16.76305461424021,18.027756377319946
1787398088.0170786,-69,0.0,25.059928172283335,23.706539182259394,22.360679774997898,20.591260281974,18.027756377319946,13.45362404707371,10.295630140987,8.06225774829855,7.280109889280518,8.602325267042627,10.63014581273465,12.041594578792296,13.45362404707371,14.212670403551895,14.422205101855956,14.7648230602334,14.317821063276353,13.92838827718412,12.649110640673518,11.704699910719626,8.94427190999916,6.4031242374328485,4.47213595499958,5.0990195135927845,6.4031242374328485,7.810249675906654,0.0,0.0,0.0,0.0,0.0,0.0,0.0,0.0,0.0,0.0,0.0,3.605551275463989,1.4142135623730951,1.4142135623730951,4.123105625617661,5.385164807134504,8.06225774829855,10.0,12.041594578792296,13.601470508735444,17.204650534085253,19.4164878389476,20.591260281974,19.235384061671343,18.384776310850235,16.76305461424021,14.317821063276353,13.038404810405298,11.0,8.06225774829855,5.385164807134504,3.605551275463989,5.0990195135927845,9.486832980505138,13.416407864998739,17.88854381999832,20.12461179749811
1787398088.0663595,-70,0.0,24.351591323771842,23.40939982143925,21.540659228538015,19.697715603592208,16.1245154965971,12.206555615733702,7.810249675906654,5.0990195135927845,5.830951894845301,7.810249675906654,9.219544457292887,10.63014581273465,12.041594578792296,12.806248474865697,13.892443989449804,13.416407864998739,14.317821063276353,13.92838827718412,12.649110640673518,10.770329614269007,9.433981132056603,7.0710678118654755,6.324555320336759,5.0990195135927845,5.656854249492381,6.324555320336759,0.0,0.0,0.0,0.0,0.0,0.0,0.0,0.0,0.0,0.0,0.0,4.47213595499958,3.1622776601683795,5.0,5.0990195135927845,6.082762530298219,8.94427190999916,11.40175425099138,11.40175425099138,13.038404810405298,13.416407864998739,16.15549442140351,17.72004514666935,17.72004514666935,17.26267650163207,16.0312195418814,13.0,11.045361017187261,9.219544457292887,6.082762530298219,3.0,3.1622776601683795,5.0990195135927845,8.246211251235321,13.0,18.027756377319946,21.18962010041709
1787398088.3950117,-30,0.0,13.038404810405298,13.601470508735444,12.806248474865697,12.806248474865697,12.806248474865697,12.806248474865697,12.806248474865697,12.806248474865697,12.727922061357855,12.727922061357855,13.45362404707371,12.806248474865697,14.212670403551895,14.212670403551895,13.601470508735444,14.212670403551895,14.212670403551895,14.212670403551895,14.212670403551895,14.142135623730951,14.142135623730951,13.45362404707371,13.45362404707371,12.806248474865697,12.806248474865697,12.206555615733702,0.0,0.0,0.0,0.0,0.0,0.0,0.0,0.0,0.0,0.0,0.0,11.180339887498949,12.083045973594572,12.083045973594572,12.649110640673518,12.649110640673518,13.341664064126334,13.341664064126334,13.152946437965905,14.317821063276353,14.142135623730951,13.152946437965905,13.152946437965905,13.152946437965905,13.341664064126334,13.341664064126334,12.36931687685298,12.36931687685298,12.649110640673518,12.649110640673518,12.649110640673518,13.0,13.0,12.083045973594572,12.529964086141668,13.416407864998739,13.416407864998739
1787398088.5312717,-71,0.0,21.633307652783937,21.095023109728988,21.95449840010015,21.633307652783937,21.095023109728988,21.470910553583888,19.697715603592208,17.46424919657298,16.15549442140351,14.317821063276353,14.317821063276353,13.0,12.083045973594572,13.416407864998739,13.038404810405298,12.206555615733702,12.806248474865697,12.041594578792296,9.219544457292887,10.63014581273465,11.313708498984761,11.40175425099138,10.816653826391969,10.295630140987,10.295630140987,9.433981132056603,0.0,0.0,0.0,0.0,0.0,0.0,0.0,0.0,0.0,0.0,0.0,7.0,7.0710678118654755,7.280109889280518,7.280109889280518,6.708203932499369,7.211102550927978,8.06225774829855,10.295630140987,11.661903789690601,12.529964086141668,13.0,12.649110640673518,12.649110640673518,12.083045973594572,13.0,13.0,13.416407864998739,12.529964086141668,13.038404810405298,14.422205101855956,15.811388300841896,16.401219466856727,17.029386365926403,18.439088914585774,19.209372712298546,19.209372712298546
1787398088.8671715,-70,0.0,26.248809496813376,26.248809496813376,24.839484696748443,22.80350850198276,19.4164878389476,15.231546211727817,11.180339887498949,7.280109889280518,7.0710678118654755,8.06225774829855,8.54400374531753,10.770329614269007,12.083045973594572,13.038404810405298,13.601470508735444,15.0,14.866068747318506,14.142135623730951,13.45362404707371,11.313708498984761,8.48528137423857,5.656854249492381,3.0,3.1622776601683795,5.0,7.0710678118654755,0.0,0.0,0.0,0.0,0.0,0.0,0.0,0.0,0.0,0.0,0.0,3.0,0.0,2.0,5.0990195135927845,7.0,10.04987562112089,12.36931687685298,14.317821063276353,16.1245154965971,19.4164878389476,22.20360331117452,22.80350850198276,22.02271554554524,20.518284528683193,17.69180601295413,14.142135623730951,11.40175425099138,9.433981132056603,6.4031242374328485,4.47213595499958,4.47213595499958,7.0710678118654755,10.816653826391969,15.0,19.209372712298546,21.400934559032695
1787398088.873369,-70,0.0,25.495097567963924,26.476404589747453,26.476404589747453,23.53720459187964,19.6468827043885,13.92838827718412,8.602325267042627,7.280109889280518,8.06225774829855,9.433981132056603,9.219544457292887,11.40175425099138,13.038404810405298,13.416407864998739,15.231546211727817,16.15549442140351,16.76305461424021,15.524174696260024,14.560219778561036,12.36931687685298,9.486832980505138,6.708203932499369,3.605551275463989,3.605551275463989,5.0,6.708203932499369,0.0,0.0,0.0,0.0,0.0,0.0,0.0,0.0,0.0,0.0,0.0,3.605551275463989,1.4142135623730951,2.23606797749979,4.242640687119285,6.708203932499369,9.219544457292887,12.041594578792296,14.035668847618199,17.029386365926403,20.0,22.090722034374522,23.08679276123039,22.090722034374522,20.09975124224178,17.26267650163207,14.560219778561036,11.40175425099138,8.246211251235321,5.0990195135927845,3.0,3.0,8.06225774829855,12.041594578792296,16.1245154965971,20.223748416156685,22.360679774997898
1787398088.8773768,-70,0.0,28.0,26.019223662515376,25.0,23.08679276123039,20.223748416156685,15.524174696260024,10.295630140987,6.708203932499369,6.082762530298219,7.211102550927978,8.602325267042627,10.816653826391969,12.529964086141668,13.0,14.560219778561036,15.297058540778355,15.132745950421556,15.132745950421556,13.038404810405298,11.045361017187261,8.246211251235321,5.385164807134504,3.605551275463989,4.123105625617661,6.4031242374328485,8.06225774829855,0.0,0.0,0.0,0.0,0.0,0.0,0.0,0.0,0.0,0.0,0.0,3.605551275463989,1.0,3.1622776601683795,5.385164807134504,7.280109889280518,9.219544457292887,12.041594578792296,15.033296378372908,18.027756377319946,21.095023109728988,23.194827009486403,24.186773244895647,23.345235059857504,21.587033144922902,18.681541692269406,16.76305461424021,13.92838827718412,9.848857801796104,6.708203932499369,4.123105625617661,3.605551275463989,7.0710678118654755,10.0,14.035668847618199,19.0,22.02271554554524
1787398088.8839025,-70,0.0,26.30589287593181,26.476404589747453,25.495097567963924,22.561028345356956,18.973665961010276,14.7648230602334,9.219544457292887,6.324555320336759,6.324555320336759,8.602325267042627,9.219544457292887,10.63014581273465,12.041594578792296,13.038404810405298,13.416407864998739,15.231546211727817,15.811388300841896,15.524174696260024,13.341664064126334,10.44030650891055,8.54400374531753,5.830951894845301,3.605551275463989,4.47213595499958,6.4031242374328485,8.06225774829855,0.0,0.0,0.0,0.0,0.0,0.0,0.0,0.0,0.0,0.0,0.0,4.123105625617661,1.0,1.4142135623730951,3.605551275463989,7.211102550927978,9.433981132056603,12.083045973594572,13.601470508735444,16.492422502470642,19.4164878389476,22.20360331117452,23.345235059857504,23.345235059857504,21.095023109728988,18.0,16.0312195418814,12.165525060596439,10.198039027185569,7.0710678118654755,4.123105625617661,3.1622776601683795,7.0710678118654755,11.40175425099138,15.811388300841896,19.4164878389476,21.213203435596427
1787398088.9289258,-69,0.0,23.600847442411894,23.853720883753127,23.323807579381203,20.248456731316587,17.029386365926403,13.601470508735444,10.44030650891055,7.0710678118654755,6.4031242374328485,7.810249675906654,10.63014581273465,12.041594578792296,13.45362404707371,14.866068747318506,16.278820596099706,16.401219466856727,17.204650534085253,15.811388300841896,14.422205101855956,12.206555615733702,9.219544457292887,6.4031242374328485,4.0,4.242640687119285,5.830951894845301,6.324555320336759,0.0,0.0,0.0,0.0,0.0,0.0,0.0,0.0,0.0,0.0,0.0,3.1622776601683795,1.0,2.0,4.0,5.0990195135927845,6.708203932499369,9.433981132056603,12.206555615733702,14.212670403551895,16.97056274847714,19.1049731745428,19.849433241279208,18.601075237738275,17.4928556845359,16.1245154965971,14.317821063276353,11.704699910719626,9.848857801796104,7.615773105863909,5.656854249492381,4.0,6.708203932499369,9.433981132056603,13.601470508735444,17.804493814764857,21.400934559032695
1787398089.451371,-69,0.0,25.079872407968907,25.079872407968907,24.020824298928627,22.02271554554524,18.110770276274835,14.560219778561036,10.816653826391969,8.602325267042627,8.246211251235321,9.055385138137417,9.055385138137417,10.04987562112089,12.165525060596439,13.601470508735444,13.0,13.892443989449804,14.422205101855956,15.0,12.806248474865697,11.40175425099138,8.602325267042627,6.708203932499369,5.0990195135927845,3.605551275463989,5.385164807134504,6.082762530298219,0.0,0.0,0.0,0.0,0.0,0.0,0.0,0.0,0.0,0.0,0.0,6.708203932499369,5.0,2.23606797749979,1.0,2.23606797749979,5.0,7.810249675906654,10.816653826391969,13.892443989449804,16.55294535724685,19.313207915827967,21.18962010041709,21.840329667841555,20.615528128088304,19.235384061671343,17.029386365926403,15.0,12.041594578792296,9.219544457292887,7.211102550927978,7.211102550927978,9.055385138137417,12.0,17.029386365926403,21.02379604162864,23.021728866442675
1787398089.4651535,-69,0.0,27.018512172212592,25.079872407968907,23.08679276123039,20.024984394500787,18.0,15.132745950421556,10.816653826391969,10.295630140987,10.44030650891055,10.198039027185569,11.180339887498949,11.180339887498949,12.165525060596439,13.341664064126334,13.92838827718412,14.7648230602334,14.422205101855956,14.212670403551895,13.601470508735444,12.206555615733702,9.219544457292887,6.708203932499369,4.0,4.242640687119285,5.0990195135927845,7.0710678118654755,0.0,0.0,0.0,0.0,0.0,0.0,0.0,0.0,0.0,0.0,0.0,5.656854249492381,5.0,3.1622776601683795,1.4142135623730951,3.1622776601683795,5.656854249492381,8.06225774829855,10.770329614269007,13.601470508735444,16.492422502470642,19.1049731745428,21.02379604162864,21.0,21.02379604162864,20.09975124224178,18.24828759089466,14.317821063276353,11.180339887498949,9.0,7.615773105863909,6.4031242374328485,8.246211251235321,12.041594578792296,16.0312195418814,21.095023109728988,23.08679276123039
1787398089.4671588,-69,0.0,27.65863337187866,27.018512172212592,25.0,21.400934559032695,17.029386365926403,14.212670403551895,11.180339887498949,8.06225774829855,7.615773105863909,8.602325267042627,8.48528137423857,9.899494936611665,11.40175425099138,12.206555615733702,13.416407864998739,13.601470508735444,14.142135623730951,14.035668847618199,13.038404810405298,11.045361017187261,9.055385138137417,6.324555320336759,3.605551275463989,3.1622776601683795,5.656854249492381,8.602325267042627,0.0,0.0,0.0,0.0,0.0,0.0,0.0,0.0,0.0,0.0,0.0,5.385164807134504,4.0,2.23606797749979,0.0,4.0,6.082762530298219,9.219544457292887,11.704699910719626,14.317821063276353,17.4928556845359,20.808652046684813,22.80350850198276,22.67156809750927,21.213203435596427,20.518284528683193,19.209372712298546,17.029386365926403,13.45362404707371,11.313708498984761,8.602325267042627,7.0710678118654755,9.486832980505138,12.206555615733702,15.620499351813308,19.849433241279208,23.345235059857504
1787398089.4671588,-69,0.0,26.019223662515376,26.019223662515376,25.079872407968907,23.194827009486403,19.1049731745428,15.0,10.44030650891055,8.48528137423857,7.615773105863909,9.055385138137417,10.0,11.045361017187261,12.36931687685298,13.0,13.416407864998739,15.264337522473747,15.620499351813308,14.866068747318506,13.45362404707371,12.041594578792296,10.0,7.211102550927978,4.0,5.385164807134504,8.0,6.708203932499369,0.0,0.0,0.0,0.0,0.0,0.0,0.0,0.0,0.0,0.0,0.0,5.830951894845301,4.242640687119285,2.23606797749979,1.0,2.23606797749979,5.0,8.602325267042627,12.083045973594572,16.76305461424021,19.6468827043885,22.561028345356956,24.331050121192877,24.186773244895647,24.020824298928627,22.0,20.024984394500787,17.11724276862369,14.035668847618199,12.0,9.219544457292887,7.810249675906654,8.94427190999916,12.36931687685298,18.110770276274835,23.021728866442675,25.0
1787398089.483261,-69,0.0,26.832815729997478,25.942243542145693,25.059928172283335,21.93171219946131,17.08800749063506,13.341664064126334,10.0,8.54400374531753,7.810249675906654,8.06225774829855,9.848857801796104,11.180339887498949,12.529964086141668,14.422205101855956,15.0,16.278820596099706,16.278820596099706,15.620499351813308,14.212670403551895,11.40175425099138,10.0,7.0710678118654755,4.47213595499958,4.47213595499958,5.830951894845301,7.280109889280518,0.0,0.0,0.0,0.0,0.0,0.0,0.0,0.0,0.0,0.0,0.0,5.830951894845301,5.385164807134504,3.1622776601683795,1.4142135623730951,2.23606797749979,6.082762530298219,9.0,11.180339887498949,13.341664064126334,16.492422502470642,17.72004514666935,18.973665961010276,19.697715603592208,19.235384061671343,18.027756377319946,15.811388300841896,12.727922061357855,10.63014581273465,8.94427190999916,7.0710678118654755,6.708203932499369,8.602325267042627,11.661903789690601,15.652475842498529,20.12461179749811,23.259406699226016
1787398089.4970803,-69,0.0,27.80287754891569,28.0178514522438,26.627053911388696,24.413111231467404,21.095023109728988,16.55294535724685,12.36931687685298,10.04987562112089,9.433981132056603,9.899494936611665,10.63014581273465,12.041594578792296,13.45362404707371,15.0,15.264337522473747,16.55294535724685,17.46424919657298,15.811388300841896,14.560219778561036,12.36931687685298,10.44030650891055,7.615773105863909,4.242640687119285,3.0,5.656854249492381,7.211102550927978,0.0,0.0,0.0,0.0,0.0,0.0,0.0,0.0,0.0,0.0,0.0,5.0,4.242640687119285,2.23606797749979,1.0,3.605551275463989,6.324555320336759,9.055385138137417,12.0,16.0312195418814,19.235384061671343,21.587033144922902,22.135943621178654,21.540659228538015,20.12461179749811,19.72308292331602,18.027756377319946,15.811388300841896,12.806248474865697,9.433981132056603,7.280109889280518,7.280109889280518,9.219544457292887,12.806248474865697,18.601075237738275,23.021728866442675,26.076809620810597
1787398089.5010881,-69,0.0,26.419689627245813,25.553864678361276,24.698178070456937,22.825424421026653,18.867962264113206,15.620499351813308,12.206555615733702,8.246211251235321,9.055385138137417,9.219544457292887,9.486832980505138,11.40175425099138,13.341664064126334,14.317821063276353,15.132745950421556,16.0,16.1245154965971,15.132745950421556,14.142135623730951,12.165525060596439,10.04987562112089,7.0,5.0990195135927845,3.605551275463989,5.0990195135927845,6.708203932499369,0.0,0.0,0.0,0.0,0.0,0.0,0.0,0.0,0.0,0.0,0.0,5.385164807134504,4.123105625617661,2.0,1.0,4.0,6.082762530298219,8.54400374531753,11.180339887498949,13.892443989449804,16.64331697709324,19.4164878389476,19.849433241279208,19.79898987322333,19.849433241279208,19.209372712298546,17.204650534085253,14.7648230602334,12.529964086141668,10.0,7.211102550927978,7.0,9.219544457292887,13.0,17.0,21.095023109728988,23.853720883753127
1787398089.5010881,-69,0.0,26.019223662515376,25.0,23.0,20.0,16.0,13.152946437965905,10.295630140987,8.602325267042627,8.246211251235321,9.055385138137417,10.0,11.045361017187261,12.165525060596439,14.560219778561036,14.866068747318506,15.652475842498529,15.264337522473747,14.422205101855956,13.038404810405298,10.816653826391969,8.06225774829855,6.324555320336759,4.0,4.242640687119285,6.082762530298219,8.0,0.0,0.0,0.0,0.0,0.0,0.0,0.0,0.0,0.0,0.0,0.0,7.615773105863909,5.0990195135927845,2.23606797749979,0.0,2.23606797749979,5.0,7.211102550927978,10.770329614269007,13.0,15.811388300841896,17.72004514666935,18.439088914585774,18.110770276274835,18.110770276274835,18.0,16.0312195418814,14.142135623730951,11.180339887498949,8.0,6.324555320336759,5.656854249492381,7.615773105863909,10.04987562112089,14.035668847618199,20.024984394500787,23.021728866442675
1787398089.546578,-69,0.0,18.027756377319946,17.11724276862369,17.26267650163207,17.26267650163207,17.029386365926403,18.027756377319946,17.029386365926403,15.033296378372908,13.038404810405298,12.0,11.045361017187261,10.04987562112089,10.04987562112089,10.198039027185569,10.198039027185569,9.486832980505138,9.486832980505138,9.486832980505138,9.219544457292887,9.219544457292887,9.219544457292887,9.219544457292887,9.219544457292887,9.055385138137417,8.06225774829855,8.06225774829855,0.0,0.0,0.0,0.0,0.0,0.0,0.0,0.0,0.0,0.0,0.0,8.0,7.0710678118654755,7.0710678118654755,8.246211251235321,8.06225774829855,8.06225774829855,8.06225774829855,9.219544457292887,10.198039027185569,11.180339887498949,11.180339887498949,12.165525060596439,12.165525060596439,13.152946437965905,13.038404810405298,13.038404810405298,14.035668847618199,14.142135623730951,14.142135623730951,13.038404810405298,14.035668847618199,16.0312195418814,16.0312195418814,17.11724276862369,18.24828759089466,18.24828759089466
1787398089.5624688,-69,0.0,20.615528128088304,19.849433241279208,19.849433241279208,19.849433241279208,19.1049731745428,17.69180601295413,16.401219466856727,15.811388300841896,13.601470508735444,12.806248474865697,11.313708498984761,9.899494936611665,9.899494936611665,10.0,10.0,10.0,9.433981132056603,9.433981132056603,10.295630140987,9.433981132056603,9.433981132056603,9.433981132056603,10.0,9.219544457292887,9.219544457292887,8.48528137423857,0.0,0.0,0.0,0.0,0.0,0.0,0.0,0.0,0.0,0.0,0.0,8.602325267042627,7.810249675906654,8.48528137423857,8.48528137423857,8.48528137423857,9.219544457292887,9.899494936611665,10.63014581273465,10.63014581273465,11.40175425099138,11.40175425099138,12.806248474865697,12.806248474865697,12.806248474865697,12.806248474865697,14.212670403551895,14.212670403551895,14.212670403551895,15.0,15.620499351813308,15.620499351813308,15.620499351813308,16.401219466856727,17.204650534085253,19.4164878389476,19.4164878389476
1787398089.5624688,-69,0.0,20.0,20.248456731316587,20.591260281974,20.248456731316587,18.601075237738275,16.278820596099706,15.556349186104045,14.866068747318506,12.041594578792296,11.313708498984761,11.313708498984761,10.63014581273465,10.0,10.0,9.433981132056603,9.433981132056603,9.848857801796104,9.848857801796104,9.848857801796104,9.848857801796104,10.295630140987,10.295630140987,9.433981132056603,9.433981132056603,8.602325267042627,8.602325267042627,0.0,0.0,0.0,0.0,0.0,0.0,0.0,0.0,0.0,0.0,0.0,8.602325267042627,8.602325267042627,8.602325267042627,8.602325267042627,8.602325267042627,8.602325267042627,9.433981132056603,9.848857801796104,9.848857801796104,11.180339887498949,11.661903789690601,12.529964086141668,12.529964086141668,13.038404810405298,13.038404810405298,13.038404810405298,13.601470508735444,13.601470508735444,15.264337522473747,15.652475842498529,15.652475842498529,16.1245154965971,17.0,17.4928556845359,19.72308292331602,19.72308292331602
1787398089.5784354,-86,0.0,8.06225774829855,8.06225774829855,9.055385138137417,9.219544457292887,9.848857801796104,10.0,12.041594578792296,15.0,15.811388300841896,16.64331697709324,18.35755975068582,19.235384061671343,19.235384061671343,19.72308292331602,18.027756377319946,17.204650534085253,14.866068747318506,12.206555615733702,11.180339887498949,9.486832980505138,9.055385138137417,10.0,10.198039027185569,11.40175425099138,13.92838827718412,14.866068747318506,0.0,0.0,0.0,0.0,0.0,0.0,0.0,0.0,0.0,0.0,0.0,11.180339887498949,10.295630140987,10.816653826391969,11.313708498984761,12.041594578792296,12.806248474865697,13.601470508735444,13.038404810405298,13.601470508735444,12.806248474865697,13.601470508735444,12.806248474865697,11.661903789690601,11.180339887498949,11.40175425099138,13.038404810405298,15.0,16.1245154965971,17.46424919657298,19.6468827043885,20.8806130178211,21.840329667841555,22.135943621178654,22.135943621178654,21.18962010041709,20.615528128088304
1787398089.6570456,-69,0.0,19.313207915827967,18.973665961010276,19.313207915827967,19.313207915827967,18.973665961010276,18.681541692269406,16.492422502470642,13.341664064126334,12.36931687685298,11.704699910719626,10.770329614269007,9.848857801796104,9.848857801796104,10.295630140987,10.295630140987,10.0,10.0,10.63014581273465,10.0,10.295630140987,10.295630140987,10.295630140987,10.295630140987,10.295630140987,8.94427190999916,7.615773105863909,0.0,0.0,0.0,0.0,0.0,0.0,0.0,0.0,0.0,0.0,0.0,8.94427190999916,8.94427190999916,10.295630140987,9.433981132056603,9.433981132056603,9.848857801796104,11.180339887498949,11.180339887498949,12.083045973594572,13.0,13.92838827718412,13.92838827718412,13.92838827718412,11.180339887498949,10.770329614269007,12.36931687685298,12.36931687685298,13.92838827718412,13.92838827718412,14.866068747318506,14.866068747318506,16.15549442140351,16.55294535724685,17.46424919657298,17.88854381999832,18.788294228055936
1787398089.9817805,-69,0.0,23.40939982143925,24.351591323771842,23.08679276123039,21.840329667841555,18.973665961010276,15.652475842498529,11.40175425099138,7.810249675906654,6.708203932499369,7.0710678118654755,9.0,11.0,12.0,14.035668847618199,15.297058540778355,16.492422502470642,16.76305461424021,16.76305461424021,15.231546211727817,13.0,11.704699910719626,9.219544457292887,6.0,4.47213595499958,4.47213595499958,5.0990195135927845,0.0,0.0,0.0,0.0,0.0,0.0,0.0,0.0,0.0,0.0,0.0,5.0990195135927845,3.605551275463989,3.1622776601683795,2.23606797749979,2.23606797749979,6.708203932499369,11.180339887498949,13.341664064126334,13.92838827718412,14.7648230602334,17.4928556845359,19.4164878389476,20.0,19.849433241279208,19.1049731745428,17.69180601295413,15.620499351813308,12.806248474865697,9.899494936611665,7.211102550927978,6.0,7.615773105863909,10.295630140987,13.892443989449804,17.4928556845359,19.235384061671343
1787398090.0052192,-69,0.0,22.67156809750927,22.02271554554524,20.615528128088304,19.209372712298546,16.278820596099706,12.806248474865697,9.433981132056603,6.082762530298219,5.0990195135927845,6.4031242374328485,8.48528137423857,9.219544457292887,10.63014581273465,12.041594578792296,12.806248474865697,13.601470508735444,14.422205101855956,13.892443989449804,12.529964086141668,11.661903789690601,8.602325267042627,5.656854249492381,3.605551275463989,3.1622776601683795,3.605551275463989,5.385164807134504,0.0,0.0,0.0,0.0,0.0,0.0,0.0,0.0,0.0,0.0,0.0,6.082762530298219,4.0,2.0,1.0,3.605551275463989,6.708203932499369,9.433981132056603,13.038404810405298,15.811388300841896,18.601075237738275,20.615528128088304,21.2602916254693,21.93171219946131,20.518284528683193,18.439088914585774,17.029386365926403,15.0,12.206555615733702,9.899494936611665,7.211102550927978,6.0,6.708203932499369,10.0,13.45362404707371,16.97056274847714,19.79898987322333
1787398090.0270925,-86,0.0,11.180339887498949,10.44030650891055,9.486832980505138,9.848857801796104,9.433981132056603,9.219544457292887,8.602325267042627,9.848857801796104,11.704699910719626,11.704699910719626,11.704699910719626,12.649110640673518,12.649110640673518,10.770329614269007,9.433981132056603,10.295630140987,8.06225774829855,6.4031242374328485,4.47213595499958,4.123105625617661,5.0,5.0990195135927845,6.082762530298219,8.06225774829855,8.246211251235321,9.219544457292887,0.0,0.0,0.0,0.0,0.0,0.0,0.0,0.0,0.0,0.0,0.0,11.704699910719626,11.704699910719626,11.40175425099138,11.40175425099138,12.36931687685298,12.36931687685298,12.36931687685298,13.341664064126334,13.341664064126334,13.341664064126334,12.165525060596439,12.649110640673518,12.083045973594572,11.661903789690601,10.63014581273465,10.63014581273465,12.206555615733702,12.529964086141668,14.317821063276353,16.15549442140351,16.55294535724685,16.55294535724685,17.4928556845359,18.027756377319946,18.601075237738275,18.601075237738275
1787398090.3709826,-69,0.0,23.600847442411894,23.021728866442675,22.47220505424423,21.095023109728988,18.601075237738275,15.556349186104045,12.206555615733702,9.486832980505138,8.0,9.219544457292887,9.848857801796104,11.704699910719626,12.649110640673518,14.560219778561036,15.524174696260024,16.278820596099706,16.278820596099706,16.1245154965971,14.142135623730951,12.165525060596439,9.486832980505138,8.06225774829855,6.4031242374328485,6.082762530298219,7.0710678118654755,8.54400374531753,0.0,0.0,0.0,0.0,0.0,0.0,0.0,0.0,0.0,0.0,0.0,5.830951894845301,4.123105625617661,2.0,0.0,3.1622776601683795,6.0,8.06225774829855,11.40175425099138,14.317821063276353,17.46424919657298,19.697715603592208,21.02379604162864,19.72308292331602,18.601075237738275,16.278820596099706,14.142135623730951,12.041594578792296,10.0,7.810249675906654,5.830951894845301,5.0990195135927845,6.708203932499369,10.0,13.45362404707371,17.69180601295413,21.2602916254693
1787398090.388926,-69,0.0,23.323807579381203,23.853720883753127,22.20360331117452,20.808652046684813,18.027756377319946,15.231546211727817,11.40175425099138,8.0,7.615773105863909,7.810249675906654,9.899494936611665,12.041594578792296,13.45362404707371,14.866068747318506,15.556349186104045,15.620499351813308,16.401219466856727,15.811388300841896,13.601470508735444,11.40175425099138,8.48528137423857,7.211102550927978,6.082762530298219,6.324555320336759,7.810249675906654,8.602325267042627,0.0,0.0,0.0,0.0,0.0,0.0,0.0,0.0,0.0,0.0,0.0,6.4031242374328485,5.0,2.23606797749979,1.0,4.123105625617661,7.0710678118654755,9.055385138137417,12.041594578792296,15.0,18.027756377319946,20.09975124224178,22.20360331117452,22.360679774997898,20.615528128088304,18.027756377319946,15.652475842498529,13.038404810405298,10.816653826391969,8.94427190999916,6.324555320336759,5.0990195135927845,5.656854249492381,9.433981132056603,13.892443989449804,17.88854381999832,21.02379604162864
1787398090.7123492,-87,0.0,12.165525060596439,12.165525060596439,12.165525060596439,12.041594578792296,12.0,12.0,12.041594578792296,12.041594578792296,12.165525060596439,11.180339887498949,9.486832980505138,8.54400374531753,7.615773105863909,5.830951894845301,6.4031242374328485,5.385164807134504,7.0710678118654755,8.0,9.0,11.0,12.041594578792296,13.152946437965905,14.317821063276353,14.560219778561036,13.92838827718412,14.317821063276353,0.0,0.0,0.0,0.0,0.0,0.0,0.0,0.0,0.0,0.0,0.0,8.246211251235321,8.246211251235321,9.219544457292887,9.486832980505138,9.486832980505138,9.486832980505138,9.848857801796104,8.94427190999916,9.433981132056603,9.433981132056603,9.219544457292887,9.899494936611665,10.63014581273465,11.40175425099138,12.206555615733702,13.038404810405298,12.529964086141668,12.529964086141668,12.529964086141668,12.529964086141668,11.180339887498949,9.433981132056603,7.211102550927978,5.830951894845301,5.0,3.605551275463989
1787398091.6032388,-69,0.0,21.633307652783937,21.633307652783937,20.248456731316587,20.248456731316587,20.808652046684813,18.601075237738275,17.029386365926403,15.620499351813308,14.212670403551895,12.806248474865697,12.806248474865697,12.529964086141668,12.083045973594572,13.0,12.649110640673518,12.649110640673518,13.601470508735444,13.601470508735444,13.92838827718412,13.0,13.416407864998739,12.529964086141668,12.206555615733702,11.40175425099138,10.0,9.219544457292887,0.0,0.0,0.0,0.0,0.0,0.0,0.0,0.0,0.0,0.0,0.0,8.48528137423857,8.48528137423857,9.219544457292887,9.219544457292887,10.0,10.0,10.816653826391969,10.816653826391969,11.40175425099138,12.806248474865697,13.45362404707371,12.727922061357855,12.727922061357855,12.041594578792296,12.041594578792296,12.806248474865697,12.806248474865697,12.206555615733702,13.038404810405298,14.7648230602334,14.7648230602334,14.317821063276353,15.231546211727817,16.55294535724685,17.88854381999832,18.788294228055936
1787398091.6545231,-69,0.0,27.892651361962706,27.51363298439521,26.248809496813376,22.80350850198276,18.439088914585774,14.142135623730951,10.04987562112089,7.810249675906654,6.708203932499369,8.06225774829855,10.0,10.04987562112089,11.180339887498949,13.341664064126334,14.866068747318506,15.811388300841896,17.08800749063506,17.46424919657298,16.15549442140351,13.92838827718412,11.40175425099138,9.055385138137417,6.0,3.605551275463989,5.0990195135927845,6.082762530298219,0.0,0.0,0.0,0.0,0.0,0.0,0.0,0.0,0.0,0.0,0.0,5.0,2.8284271247461903,1.0,1.4142135623730951,4.123105625617661,8.06225774829855,10.04987562112089,13.0,16.0312195418814,19.1049731745428,21.095023109728988,22.20360331117452,21.37755832643195,19.6468827043885,16.76305461424021,15.811388300841896,13.0,10.816653826391969,7.810249675906654,5.385164807134504,5.0,7.280109889280518,11.180339887498949,16.492422502470642,20.615528128088304,22.360679774997898
1787398091.8091362,-70,0.0,18.788294228055936,16.278820596099706,14.866068747318506,14.7648230602334,17.08800749063506,17.46424919657298,16.76305461424021,14.560219778561036,12.649110640673518,12.649110640673518,11.40175425099138,11.704699910719626,11.661903789690601,10.816653826391969,10.816653826391969,10.816653826391969,12.206555615733702,12.206555615733702,13.038404810405298,12.529964086141668,12.083045973594572,11.704699910719626,11.40175425099138,10.198039027185569,9.055385138137417,9.055385138137417,0.0,0.0,0.0,0.0,0.0,0.0,0.0,0.0,0.0,0.0,0.0,8.06225774829855,8.06225774829855,8.06225774829855,8.246211251235321,7.280109889280518,7.615773105863909,7.615773105863909,8.54400374531753,8.54400374531753,9.486832980505138,10.198039027185569,10.198039027185569,9.219544457292887,10.198039027185569,10.44030650891055,9.486832980505138,9.848857801796104,11.180339887498949,11.180339887498949,11.661903789690601,11.40175425099138,12.206555615733702,13.601470508735444,15.811388300841896,18.027756377319946,18.35755975068582
1787398092.2084954,-70,0.0,18.439088914585774,17.46424919657298,17.46424919657298,17.46424919657298,17.46424919657298,17.26267650163207,16.1245154965971,14.035668847618199,13.038404810405298,11.180339887498949,10.44030650891055,10.770329614269007,9.848857801796104,10.295630140987,10.295630140987,10.816653826391969,11.661903789690601,11.661903789690601,12.529964086141668,12.083045973594572,12.083045973594572,11.704699910719626,10.44030650891055,10.198039027185569,9.219544457292887,8.06225774829855,0.0,0.0,0.0,0.0,0.0,0.0,0.0,0.0,0.0,0.0,0.0,8.0,8.0,7.280109889280518,7.280109889280518,10.198039027185569,9.486832980505138,9.486832980505138,11.180339887498949,14.142135623730951,15.132745950421556,14.0,14.035668847618199,13.038404810405298,13.038404810405298,13.038404810405298,13.038404810405298,12.0,12.041594578792296,12.165525060596439,13.152946437965905,13.152946437965905,13.341664064126334,14.560219778561036,16.76305461424021,17.72004514666935,18.973665961010276
1787398092.518378,-70,0.0,17.26267650163207,18.24828759089466,16.278820596099706,17.26267650163207,18.110770276274835,17.0,15.0,14.0,13.038404810405298,13.152946437965905,11.180339887498949,9.219544457292887,8.246211251235321,9.486832980505138,10.770329614269007,9.848857801796104,10.295630140987,10.295630140987,9.848857801796104,10.770329614269007,10.770329614269007,9.486832980505138,9.486832980505138,8.246211251235321,7.280109889280518,7.280109889280518,0.0,0.0,0.0,0.0,0.0,0.0,0.0,0.0,0.0,0.0,0.0,6.0,5.0,4.242640687119285,2.0,4.123105625617661,7.0710678118654755,5.0990195135927845,5.385164807134504,8.246211251235321,10.198039027185569,11.40175425099138,11.40175425099138,10.44030650891055,10.44030650891055,10.198039027185569,10.198039027185569,10.0,10.0,10.0,11.045361017187261,11.180339887498949,12.165525060596439,13.341664064126334,16.492422502470642,17.46424919657298,17.46424919657298
1787398092.6192136,-68,0.0,25.942243542145693,25.495097567963924,24.166091947189145,22.360679774997898,18.867962264113206,14.866068747318506,10.816653826391969,8.246211251235321,7.280109889280518,9.433981132056603,11.40175425099138,12.806248474865697,14.422205101855956,15.811388300841896,16.1245154965971,17.0,17.46424919657298,16.15549442140351,14.866068747318506,11.704699910719626,8.94427190999916,6.4031242374328485,3.605551275463989,3.605551275463989,5.830951894845301,7.615773105863909,0.0,0.0,0.0,0.0,0.0,0.0,0.0,0.0,0.0,0.0,0.0,5.0,3.1622776601683795,1.4142135623730951,1.0,3.1622776601683795,5.385164807134504,8.602325267042627,11.313708498984761,14.212670403551895,17.204650534085253,19.72308292331602,20.248456731316587,19.72308292331602,18.35755975068582,16.55294535724685,13.92838827718412,11.40175425099138,9.055385138137417,7.0,3.1622776601683795,3.0,5.830951894845301,9.433981132056603,13.892443989449804,18.027756377319946,21.633307652783937
1787398092.6429887,-71,0.0,26.019223662515376,26.0,24.0,22.0,19.026297590440446,15.297058540778355,10.770329614269007,7.0710678118654755,5.385164807134504,7.0710678118654755,9.219544457292887,11.40175425099138,13.341664064126334,14.317821063276353,15.132745950421556,15.033296378372908,15.033296378372908,15.0,13.0,10.0,8.06225774829855,4.123105625617661,2.23606797749979,3.605551275463989,6.4031242374328485,8.602325267042627,0.0,0.0,0.0,0.0,0.0,0.0,0.0,0.0,0.0,0.0,0.0,4.47213595499958,2.23606797749979,0.0,2.23606797749979,5.656854249492381,7.211102550927978,9.848857801796104,12.649110640673518,15.524174696260024,18.24828759089466,20.223748416156685,21.213203435596427,20.09975124224178,19.026297590440446,17.0,15.033296378372908,12.165525060596439,10.44030650891055,7.280109889280518,5.0,4.242640687119285,6.082762530298219,10.0,14.035668847618199,19.1049731745428,22.090722034374522
1787398092.6522775,-71,0.0,23.853720883753127,23.853720883753127,22.47220505424423,20.248456731316587,17.204650534085253,12.727922061357855,8.94427190999916,7.0,7.211102550927978,7.810249675906654,10.0,12.206555615733702,13.601470508735444,14.212670403551895,14.866068747318506,15.556349186104045,16.278820596099706,14.866068747318506,14.142135623730951,11.313708498984761,9.219544457292887,5.385164807134504,4.123105625617661,4.242640687119285,6.324555320336759,9.219544457292887,0.0,0.0,0.0,0.0,0.0,0.0,0.0,0.0,0.0,0.0,0.0,5.0,3.0,1.0,1.4142135623730951,3.605551275463989,6.4031242374328485,9.219544457292887,12.206555615733702,15.0,18.027756377319946,19.72308292331602,20.591260281974,20.12461179749811,18.788294228055936,17.08800749063506,14.560219778561036,12.165525060596439,10.04987562112089,7.0710678118654755,4.47213595499958,3.1622776601683795,4.47213595499958,8.602325267042627,13.601470508735444,17.204650534085253,19.4164878389476
1787398092.8036342,-70,0.0,23.53720459187964,23.53720459187964,22.561028345356956,20.615528128088304,18.027756377319946,13.416407864998739,9.219544457292887,5.385164807134504,4.47213595499958,5.656854249492381,7.810249675906654,10.63014581273465,12.041594578792296,14.212670403551895,15.0,17.204650534085253,17.204650534085253,16.64331697709324,15.811388300841896,13.601470508735444,10.63014581273465,7.211102550927978,5.0990195135927845,3.1622776601683795,5.0990195135927845,7.0,0.0,0.0,0.0,0.0,0.0,0.0,0.0,0.0,0.0,0.0,0.0,3.605551275463989,2.23606797749979,1.0,2.23606797749979,4.123105625617661,7.0710678118654755,9.0,12.041594578792296,15.132745950421556,18.110770276274835,20.09975124224178,21.213203435596427,21.213203435596427,20.396078054371138,17.46424919657298,15.811388300841896,13.92838827718412,9.848857801796104,6.324555320336759,3.0,2.0,4.47213595499958,8.06225774829855,12.083045973594572,16.76305461424021,18.439088914585774
1787398092.82552,-68,0.0,23.08679276123039,23.08679276123039,23.021728866442675,21.095023109728988,18.24828759089466,14.560219778561036,10.295630140987,7.211102550927978,6.0,7.280109889280518,8.54400374531753,9.848857801796104,12.083045973594572,13.92838827718412,14.560219778561036,15.297058540778355,16.278820596099706,15.297058540778355,14.317821063276353,11.40175425099138,8.54400374531753,5.830951894845301,4.47213595499958,4.123105625617661,5.656854249492381,7.211102550927978,0.0,0.0,0.0,0.0,0.0,0.0,0.0,0.0,0.0,0.0,0.0,3.605551275463989,2.23606797749979,0.0,1.4142135623730951,3.605551275463989,6.324555320336759,9.486832980505138,12.165525060596439,15.132745950421556,18.110770276274835,20.024984394500787,22.02271554554524,21.0,19.026297590440446,18.24828759089466,16.492422502470642,13.92838827718412,10.770329614269007,8.54400374531753,5.0,2.8284271247461903,5.0,9.219544457292887,13.341664064126334,17.26267650163207,19.235384061671343
1787398092.9327145,-70,0.0,17.4928556845359,17.4928556845359,18.35755975068582,18.35755975068582,18.027756377319946,17.204650534085253,15.620499351813308,14.212670403551895,12.806248474865697,11.661903789690601,11.180339887498949,10.770329614269007,10.44030650891055,10.198039027185569,11.180339887498949,11.180339887498949,11.180339887498949,11.40175425099138,13.341664064126334,13.341664064126334,12.649110640673518,12.083045973594572,11.661903789690601,10.816653826391969,10.0,9.433981132056603,0.0,0.0,0.0,0.0,0.0,0.0,0.0,0.0,0.0,0.0,0.0,7.211102550927978,6.4031242374328485,7.0710678118654755,7.211102550927978,7.211102550927978,8.06225774829855,9.433981132056603,10.295630140987,11.661903789690601,12.206555615733702,12.806248474865697,12.806248474865697,12.806248474865697,12.806248474865697,12.041594578792296,12.806248474865697,12.206555615733702,13.038404810405298,13.601470508735444,14.422205101855956,14.422205101855956,14.422205101855956,15.264337522473747,15.652475842498529,16.55294535724685,17.0
1787398093.7513587,-69,0.0,23.706539182259394,23.259406699226016,21.470910553583888,19.235384061671343,16.15549442140351,12.36931687685298,9.0,5.830951894845301,5.830951894845301,7.0710678118654755,10.198039027185569,12.36931687685298,14.560219778561036,17.08800749063506,19.313207915827967,20.248456731316587,20.615528128088304,19.697715603592208,17.46424919657298,14.866068747318506,12.649110640673518,8.246211251235321,5.0,3.605551275463989,4.123105625617661,6.708203932499369,0.0,0.0,0.0,0.0,0.0,0.0,0.0,0.0,0.0,0.0,0.0,6.082762530298219,4.123105625617661,1.0,2.0,5.0990195135927845,6.324555320336759,9.848857801796104,13.416407864998739,16.1245154965971,18.35755975068582,19.72308292331602,20.248456731316587,18.601075237738275,17.804493814764857,16.278820596099706,14.212670403551895,12.206555615733702,8.602325267042627,5.656854249492381,3.1622776601683795,2.8284271247461903,6.324555320336759,10.44030650891055,14.866068747318506,18.384776310850235,21.02379604162864
1787398094.871053,-70,0.0,28.0,28.0,27.0,25.019992006393608,20.396078054371138,14.317821063276353,11.313708498984761,10.295630140987,10.198039027185569,11.0,13.038404810405298,14.0,15.132745950421556,16.492422502470642,17.72004514666935,18.384776310850235,18.35755975068582,17.4928556845359,15.811388300841896,13.038404810405298,10.295630140987,6.708203932499369,4.123105625617661,5.0,7.0710678118654755,9.0,0.0,0.0,0.0,0.0,0.0,0.0,0.0,0.0,0.0,0.0,0.0,5.0,3.1622776601683795,1.4142135623730951,1.4142135623730951,3.0,5.385164807134504,8.06225774829855,10.63014581273465,12.727922061357855,15.620499351813308,22.47220505424423,24.596747752497688,21.93171219946131,19.313207915827967,17.72004514666935,16.278820596099706,14.035668847618199,11.0,8.0,6.324555320336759,5.0,6.324555320336759,10.198039027185569,15.033296378372908,20.0,24.0
1787398095.7027416,-71,0.0,19.849433241279208,20.518284528683193,20.518284528683193,19.849433241279208,20.0,19.4164878389476,17.0,14.317821063276353,12.529964086141668,10.816653826391969,10.816653826391969,9.219544457292887,9.219544457292887,8.48528137423857,9.219544457292887,9.433981132056603,9.433981132056603,8.94427190999916,10.295630140987,10.295630140987,10.295630140987,10.0,10.0,8.602325267042627,8.602325267042627,7.211102550927978,0.0,0.0,0.0,0.0,0.0,0.0,0.0,0.0,0.0,0.0,0.0,6.082762530298219,5.0990195135927845,5.385164807134504,4.47213595499958,5.830951894845301,7.0710678118654755,8.48528137423857,9.219544457292887,10.63014581273465,11.40175425099138,12.206555615733702,11.661903789690601,11.661903789690601,11.661903789690601,11.661903789690601,10.816653826391969,10.0,10.63014581273465,12.041594578792296,13.45362404707371,13.45362404707371,12.727922061357855,13.45362404707371,16.401219466856727,17.804493814764857,18.439088914585774
1787398096.8238738,-70,0.0,20.223748416156685,18.24828759089466,18.110770276274835,18.027756377319946,18.027756377319946,18.027756377319946,16.0,15.0,13.0,12.0,10.04987562112089,9.219544457292887,9.486832980505138,9.848857801796104,9.848857801796104,10.770329614269007,11.180339887498949,11.180339887498949,12.083045973594572,11.704699910719626,11.704699910719626,11.40175425099138,11.180339887498949,11.045361017187261,10.0,9.0,0.0,0.0,0.0,0.0,0.0,0.0,0.0,0.0,0.0,0.0,0.0,8.54400374531753,8.54400374531753,7.280109889280518,7.280109889280518,7.280109889280518,8.06225774829855,9.0,9.0,10.0,12.0,12.041594578792296,12.041594578792296,12.041594578792296,12.165525060596439,11.180339887498949,12.165525060596439,12.165525060596439,13.038404810405298,13.0,13.0,13.0,13.038404810405298,13.341664064126334,15.524174696260024,16.492422502470642,17.46424919657298
1787398096.9262314,-70,0.0,19.697715603592208,19.697715603592208,19.697715603592208,19.313207915827967,18.027756377319946,17.72004514666935,16.492422502470642,14.317821063276353,12.36931687685298,11.40175425099138,10.770329614269007,9.848857801796104,10.295630140987,10.0,10.0,10.63014581273465,11.40175425099138,11.40175425099138,11.40175425099138,11.40175425099138,11.661903789690601,11.661903789690601,11.180339887498949,10.770329614269007,9.486832980505138,9.219544457292887,0.0,0.0,0.0,0.0,0.0,0.0,0.0,0.0,0.0,0.0,0.0,8.0,9.0,9.055385138137417,9.055385138137417,8.0,9.055385138137417,10.04987562112089,11.045361017187261,11.045361017187261,11.045361017187261,12.041594578792296,13.0,13.0,12.0,12.0,12.0,11.045361017187261,11.045361017187261,12.165525060596439,12.36931687685298,11.704699910719626,12.083045973594572,12.529964086141668,14.7648230602334,17.0,17.88854381999832
1787398097.0684147,-67,0.0,22.360679774997898,21.95449840010015,21.633307652783937,19.4164878389476,16.64331697709324,13.416407864998739,10.770329614269007,6.324555320336759,3.1622776601683795,4.123105625617661,7.615773105863909,11.661903789690601,11.661903789690601,11.661903789690601,13.038404810405298,14.7648230602334,15.231546211727817,14.560219778561036,14.866068747318506,14.317821063276353,11.180339887498949,6.324555320336759,4.47213595499958,7.0710678118654755,12.806248474865697,18.439088914585774,0.0,0.0,0.0,0.0,0.0,0.0,0.0,0.0,0.0,0.0,0.0,4.0,3.0,1.4142135623730951,1.4142135623730951,4.242640687119285,6.4031242374328485,8.06225774829855,10.770329614269007,13.601470508735444,16.278820596099706,18.24828759089466,19.026297590440446,19.0,18.027756377319946,16.1245154965971,14.317821063276353,12.36931687685298,9.486832980505138,7.280109889280518,6.0,4.47213595499958,5.830951894845301,8.06225774829855,12.529964086141668,16.1245154965971,18.35755975068582
1787398097.2317643,-70,0.0,18.24828759089466,18.439088914585774,18.439088914585774,17.46424919657298,17.72004514666935,17.08800749063506,16.15549442140351,14.317821063276353,13.0,11.704699910719626,10.198039027185569,9.055385138137417,9.055385138137417,10.0,10.0,10.0,10.04987562112089,11.180339887498949,11.180339887498949,11.180339887498949,11.045361017187261,12.0,12.041594578792296,11.180339887498949,11.180339887498949,10.198039027185569,0.0,0.0,0.0,0.0,0.0,0.0,0.0,0.0,0.0,0.0,0.0,8.94427190999916,8.54400374531753,8.54400374531753,9.486832980505138,9.486832980505138,9.486832980505138,10.44030650891055,10.44030650891055,11.704699910719626,11.704699910719626,13.0,13.416407864998739,12.529964086141668,12.083045973594572,12.083045973594572,11.704699910719626,11.704699910719626,11.40175425099138,12.36931687685298,12.649110640673518,13.601470508735444,13.341664064126334,14.142135623730951,15.132745950421556,17.11724276862369,18.110770276274835
1787398097.53737,-71,0.0,19.235384061671343,19.72308292331602,19.72308292331602,19.72308292331602,20.248456731316587,20.615528128088304,18.439088914585774,16.278820596099706,14.866068747318506,13.45362404707371,12.041594578792296,11.40175425099138,11.661903789690601,11.661903789690601,10.295630140987,11.180339887498949,11.704699910719626,11.704699910719626,11.704699910719626,11.180339887498949,10.295630140987,10.816653826391969,10.816653826391969,10.0,9.219544457292887,7.810249675906654,0.0,0.0,0.0,0.0,0.0,0.0,0.0,0.0,0.0,0.0,0.0,8.54400374531753,8.54400374531753,8.54400374531753,8.06225774829855,8.06225774829855,8.602325267042627,7.211102550927978,7.211102550927978,9.433981132056603,12.529964086141668,12.529964086141668,12.083045973594572,10.770329614269007,10.770329614269007,9.848857801796104,10.816653826391969,10.0,9.899494936611665,10.63014581273465,10.63014581273465,11.40175425099138,12.206555615733702,12.529964086141668,14.317821063276353,16.55294535724685,17.46424919657298
1787398098.4521792,-70,0.0,29.154759474226502,28.231188426986208,26.40075756488817,22.847319317591726,20.248456731316587,16.492422502470642,13.0,10.198039027185569,9.848857801796104,10.0,11.313708498984761,12.806248474865697,13.45362404707371,14.142135623730951,14.866068747318506,15.0,15.264337522473747,14.7648230602334,13.416407864998739,11.661903789690601,9.433981132056603,7.0710678118654755,5.385164807134504,5.0990195135927845,7.211102550927978,8.602325267042627,0.0,0.0,0.0,0.0,0.0,0.0,0.0,0.0,0.0,0.0,0.0,1.4142135623730951,2.0,1.0,1.0,3.0,5.0990195135927845,8.94427190999916,10.816653826391969,12.041594578792296,13.45362404707371,14.866068747318506,15.0,13.892443989449804,13.0,11.180339887498949,10.0,8.246211251235321,7.280109889280518,6.324555320336759,5.0,4.47213595499958,5.830951894845301,9.848857801796104,14.317821063276353,19.697715603592208,22.847319317591726
1787398098.7560513,-89,0.0,12.36931687685298,12.649110640673518,11.40175425099138,11.180339887498949,9.055385138137417,8.246211251235321,6.082762530298219,3.1622776601683795,1.4142135623730951,4.0,7.0710678118654755,10.04987562112089,12.0,14.0,16.0312195418814,17.029386365926403,16.1245154965971,15.132745950421556,14.142135623730951,12.165525060596439,10.198039027185569,9.219544457292887,7.0710678118654755,5.0,3.1622776601683795,3.605551275463989,0.0,0.0,0.0,0.0,0.0,0.0,0.0,0.0,0.0,0.0,0.0,7.0710678118654755,7.0710678118654755,6.082762530298219,5.0990195135927845,4.123105625617661,1.4142135623730951,1.0,2.23606797749979,3.1622776601683795,5.0,8.0,7.0,7.0,8.0,6.0,6.0,5.0,3.0,1.4142135623730951,1.0,3.1622776601683795,4.47213595499958,5.830951894845301,5.830951894845301,7.211102550927978,8.602325267042627
1787398098.865587,-70,0.0,28.844410203711913,30.23243291566195,29.68164415931166,26.419689627245813,22.847319317591726,19.6468827043885,16.0312195418814,12.165525060596439,9.433981132056603,9.899494936611665,12.041594578792296,14.142135623730951,16.278820596099706,17.69180601295413,17.804493814764857,18.601075237738275,18.867962264113206,17.88854381999832,14.866068747318506,12.649110640673518,9.848857801796104,7.810249675906654,5.385164807134504,4.47213595499958,5.656854249492381,6.4031242374328485,0.0,0.0,0.0,0.0,0.0,0.0,0.0,0.0,0.0,0.0,0.0,7.211102550927978,4.123105625617661,5.0,3.605551275463989,3.605551275463989,7.810249675906654,10.295630140987,13.416407864998739,17.46424919657298,20.248456731316587,21.840329667841555,22.561028345356956,21.095023109728988,20.024984394500787,18.24828759089466,16.76305461424021,14.317821063276353,11.661903789690601,10.295630140987,9.486832980505138,7.0,6.324555320336759,8.48528137423857,13.601470508735444,19.4164878389476,22.47220505424423
1787398098.8817594,-70,0.0,23.259406699226016,21.02379604162864,20.12461179749811,18.867962264113206,15.620499351813308,13.45362404707371,11.661903789690601,8.246211251235321,6.082762530298219,7.211102550927978,10.0,12.206555615733702,13.038404810405298,13.416407864998739,13.92838827718412,14.866068747318506,14.560219778561036,13.341664064126334,12.165525060596439,10.198039027185569,7.280109889280518,5.385164807134504,3.605551275463989,4.123105625617661,5.830951894845301,7.0710678118654755,0.0,0.0,0.0,0.0,0.0,0.0,0.0,0.0,0.0,0.0,0.0,3.605551275463989,2.23606797749979,1.0,1.4142135623730951,3.1622776601683795,6.082762530298219,9.0,11.045361017187261,13.152946437965905,14.560219778561036,16.15549442140351,16.55294535724685,15.264337522473747,15.0,14.142135623730951,13.038404810405298,12.083045973594572,11.40175425099138,10.44030650891055,8.54400374531753,5.0,4.47213595499958,6.082762530298219,10.770329614269007,15.652475842498529,17.0
1787398098.9118266,-70,0.0,29.732137494637012,29.0,27.586228448267445,24.839484696748443,21.400934559032695,17.0,14.560219778561036,13.0,13.601470508735444,14.422205101855956,14.866068747318506,15.556349186104045,17.029386365926403,18.601075237738275,19.4164878389476,19.235384061671343,18.788294228055936,17.08800749063506,15.811388300841896,12.649110640673518,10.770329614269007,7.211102550927978,5.830951894845301,5.0990195135927845,6.4031242374328485,7.810249675906654,0.0,0.0,0.0,0.0,0.0,0.0,0.0,0.0,0.0,0.0,0.0,4.242640687119285,2.23606797749979,2.23606797749979,3.1622776601683795,5.0,7.615773105863909,11.40175425099138,14.317821063276353,17.029386365926403,20.0,21.095023109728988,22.360679774997898,21.587033144922902,18.384776310850235,16.64331697709324,14.866068747318506,12.806248474865697,11.40175425099138,9.899494936611665,7.810249675906654,5.0,5.0990195135927845,8.602325267042627,12.806248474865697,18.439088914585774,21.2602916254693
1787398098.9175768,-70,0.0,22.80350850198276,24.20743687382041,23.430749027719962,21.93171219946131,19.1049731745428,17.029386365926403,14.317821063276353,11.180339887498949,11.045361017187261,11.704699910719626,12.083045973594572,13.0,14.317821063276353,15.231546211727817,14.866068747318506,14.560219778561036,14.317821063276353,13.152946437965905,11.045361017187261,10.04987562112089,8.06225774829855,5.385164807134504,3.605551275463989,4.123105625617661,5.830951894845301,7.211102550927978,0.0,0.0,0.0,0.0,0.0,0.0,0.0,0.0,0.0,0.0,0.0,4.242640687119285,3.605551275463989,2.0,2.0,3.605551275463989,6.4031242374328485,8.54400374531753,11.045361017187261,15.0,18.110770276274835,19.235384061671343,20.396078054371138,19.6468827043885,18.384776310850235,17.4928556845359,15.620499351813308,14.866068747318506,13.601470508735444,10.816653826391969,7.810249675906654,5.656854249492381,5.385164807134504,7.0,10.770329614269007,15.264337522473747,18.027756377319946
1787398098.9473581,-70,0.0,23.0,24.0,23.021728866442675,21.02379604162864,18.027756377319946,14.560219778561036,12.083045973594572,10.63014581273465,9.848857801796104,9.219544457292887,10.04987562112089,13.152946437965905,14.142135623730951,15.132745950421556,14.317821063276353,14.560219778561036,14.560219778561036,13.601470508735444,11.704699910719626,9.486832980505138,8.246211251235321,6.0,4.47213595499958,4.47213595499958,5.0990195135927845,7.0,0.0,0.0,0.0,0.0,0.0,0.0,0.0,0.0,0.0,0.0,0.0,4.47213595499958,2.8284271247461903,2.0,2.8284271247461903,3.0,5.830951894845301,7.810249675906654,10.63014581273465,13.038404810405298,16.1245154965971,17.88854381999832,19.313207915827967,18.973665961010276,18.439088914585774,16.1245154965971,14.0,12.165525060596439,10.44030650891055,9.486832980505138,7.280109889280518,5.0,4.47213595499958,6.4031242374328485,10.770329614269007,15.524174696260024,17.26267650163207
1787398098.9719958,-70,0.0,26.0,25.079872407968907,24.166091947189145,22.847319317591726,19.72308292331602,15.620499351813308,12.041594578792296,9.848857801796104,10.04987562112089,11.0,12.041594578792296,13.341664064126334,14.560219778561036,14.317821063276353,14.142135623730951,14.0,14.035668847618199,13.038404810405298,13.038404810405298,11.045361017187261,9.055385138137417,6.082762530298219,3.605551275463989,3.1622776601683795,4.123105625617661,5.385164807134504,0.0,0.0,0.0,0.0,0.0,0.0,0.0,0.0,0.0,0.0,0.0,4.0,3.1622776601683795,1.4142135623730951,2.23606797749979,3.605551275463989,6.082762530298219,8.0,11.045361017187261,13.601470508735444,16.15549442140351,18.788294228055936,19.72308292331602,20.248456731316587,19.4164878389476,17.69180601295413,15.0,12.529964086141668,10.770329614269007,9.486832980505138,6.708203932499369,4.242640687119285,5.385164807134504,8.0,11.045361017187261,14.317821063276353,15.811388300841896
1787398098.984763,-70,0.0,24.758836806279895,24.758836806279895,24.08318915758459,21.400934559032695,17.4928556845359,16.55294535724685,13.341664064126334,12.041594578792296,10.770329614269007,10.816653826391969,11.40175425099138,12.727922061357855,14.212670403551895,14.866068747318506,16.278820596099706,15.620499351813308,14.422205101855956,13.892443989449804,11.661903789690601,10.295630140987,8.06225774829855,6.4031242374328485,4.47213595499958,4.123105625617661,5.0,5.0,0.0,0.0,0.0,0.0,0.0,0.0,0.0,0.0,0.0,0.0,0.0,4.47213595499958,3.0,2.23606797749979,2.0,4.242640687119285,6.708203932499369,8.06225774829855,10.295630140987,12.165525060596439,15.033296378372908,17.11724276862369,18.24828759089466,18.439088914585774,16.76305461424021,15.652475842498529,13.892443989449804,12.806248474865697,10.63014581273465,8.602325267042627,6.4031242374328485,4.47213595499958,4.0,6.708203932499369,9.219544457292887,13.45362404707371,18.439088914585774
1787398099.0399659,-70,0.0,26.570660511172846,26.570660511172846,25.632011235952593,23.08679276123039,19.4164878389476,16.0312195418814,12.36931687685298,10.816653826391969,10.63014581273465,11.40175425099138,11.661903789690601,13.038404810405298,14.422205101855956,14.212670403551895,14.866068747318506,15.620499351813308,14.422205101855956,14.7648230602334,13.416407864998739,10.770329614269007,8.94427190999916,6.4031242374328485,4.47213595499958,4.0,5.0,6.4031242374328485,0.0,0.0,0.0,0.0,0.0,0.0,0.0,0.0,0.0,0.0,0.0,5.830951894845301,3.605551275463989,1.0,2.0,3.605551275463989,5.0,8.48528137423857,12.041594578792296,14.422205101855956,15.652475842498529,18.384776310850235,20.248456731316587,19.6468827043885,18.439088914585774,17.11724276862369,14.0,13.152946437965905,11.180339887498949,10.04987562112089,8.06225774829855,6.708203932499369,7.810249675906654,10.0,13.892443989449804,18.788294228055936,21.470910553583888
1787398099.325929,-70,0.0,25.709920264364882,25.709920264364882,23.769728648009426,20.615528128088304,17.0,14.422205101855956,12.041594578792296,10.816653826391969,9.848857801796104,9.055385138137417,10.198039027185569,10.198039027185569,11.180339887498949,12.0,12.36931687685298,14.317821063276353,14.142135623730951,14.317821063276353,13.0,11.661903789690601,8.94427190999916,5.830951894845301,3.0,2.23606797749979,5.0990195135927845,6.708203932499369,0.0,0.0,0.0,0.0,0.0,0.0,0.0,0.0,0.0,0.0,0.0,4.123105625617661,2.23606797749979,0.0,3.1622776601683795,5.830951894845301,8.602325267042627,11.40175425099138,14.142135623730951,16.97056274847714,19.849433241279208,22.80350850198276,23.600847442411894,23.600847442411894,21.095023109728988,19.235384061671343,17.46424919657298,14.560219778561036,12.36931687685298,10.198039027185569,8.54400374531753,6.4031242374328485,6.324555320336759,9.0,13.152946437965905,17.46424919657298,21.37755832643195
1787398099.3582835,-70,0.0,26.076809620810597,26.076809620810597,26.1725046566048,24.08318915758459,21.02379604162864,18.110770276274835,13.92838827718412,10.816653826391969,10.0,11.180339887498949,11.704699910719626,12.36931687685298,13.601470508735444,14.317821063276353,13.892443989449804,15.0,15.620499351813308,14.866068747318506,13.45362404707371,12.041594578792296,9.219544457292887,7.0710678118654755,4.123105625617661,3.605551275463989,5.830951894845301,7.280109889280518,0.0,0.0,0.0,0.0,0.0,0.0,0.0,0.0,0.0,0.0,0.0,4.123105625617661,3.0,1.4142135623730951,1.4142135623730951,2.23606797749979,6.4031242374328485,12.529964086141668,16.15549442140351,18.788294228055936,21.95449840010015,23.706539182259394,24.166091947189145,23.769728648009426,21.540659228538015,18.681541692269406,16.278820596099706,14.035668847618199,12.0,9.0,6.0,5.830951894845301,6.4031242374328485,8.54400374531753,13.152946437965905,18.110770276274835,20.223748416156685
1787398099.4529402,-70,0.0,27.018512172212592,26.076809620810597,24.186773244895647,21.095023109728988,18.0,15.132745950421556,11.704699910719626,9.219544457292887,8.06225774829855,8.246211251235321,10.198039027185569,11.40175425099138,11.40175425099138,11.704699910719626,12.529964086141668,12.806248474865697,14.142135623730951,14.866068747318506,13.45362404707371,11.313708498984761,8.48528137423857,7.211102550927978,5.0990195135927845,4.47213595499958,5.830951894845301,7.280109889280518,0.0,0.0,0.0,0.0,0.0,0.0,0.0,0.0,0.0,0.0,0.0,5.0990195135927845,3.1622776601683795,0.0,2.23606797749979,5.0,7.810249675906654,11.40175425099138,14.142135623730951,17.029386365926403,20.0,23.853720883753127,24.186773244895647,23.706539182259394,21.540659228538015,18.973665961010276,16.278820596099706,14.035668847618199,12.0,10.0,9.055385138137417,7.615773105863909,7.810249675906654,11.180339887498949,15.811388300841896,20.396078054371138,23.08679276123039
1787398099.549095,-71,0.0,30.01666203960727,29.068883707497267,28.160255680657446,26.30589287593181,21.840329667841555,16.55294535724685,14.7648230602334,13.45362404707371,12.36931687685298,10.0,9.0,11.0,15.0,18.027756377319946,20.396078054371138,19.924858845171276,20.12461179749811,18.867962264113206,17.204650534085253,16.401219466856727,14.422205101855956,11.180339887498949,6.082762530298219,5.0,7.280109889280518,9.0,0.0,0.0,0.0,0.0,0.0,0.0,0.0,0.0,0.0,0.0,0.0,6.324555320336759,4.0,1.4142135623730951,2.0,4.47213595499958,8.06225774829855,11.40175425099138,15.556349186104045,19.1049731745428,21.213203435596427,24.758836806279895,26.40075756488817,25.80697580112788,24.413111231467404,22.825424421026653,20.248456731316587,16.76305461424021,12.649110640673518,9.848857801796104,7.280109889280518,5.830951894845301,6.4031242374328485,7.615773105863909,12.041594578792296,19.026297590440446,23.021728866442675
1787398099.9304273,-70,0.0,23.08679276123039,24.351591323771842,23.40939982143925,19.924858845171276,17.46424919657298,14.142135623730951,11.045361017187261,8.94427190999916,7.810249675906654,8.06225774829855,9.848857801796104,11.704699910719626,13.416407864998739,13.892443989449804,14.422205101855956,14.212670403551895,14.866068747318506,14.142135623730951,12.727922061357855,11.313708498984761,9.219544457292887,6.708203932499369,5.0,5.0,6.708203932499369,8.246211251235321,0.0,0.0,0.0,0.0,0.0,0.0,0.0,0.0,0.0,0.0,0.0,5.0,3.0,1.0,1.4142135623730951,3.605551275463989,5.830951894845301,8.54400374531753,11.40175425099138,15.297058540778355,18.24828759089466,21.095023109728988,23.021728866442675,22.0,21.02379604162864,19.235384061671343,17.46424919657298,15.811388300841896,13.92838827718412,10.770329614269007,8.246211251235321,7.0710678118654755,7.211102550927978,10.0,13.892443989449804,16.55294535724685,19.313207915827967
1787398100.1623228,-70,0.0,29.5296461204668,28.653097563788805,26.92582403567252,24.186773244895647,21.02379604162864,17.08800749063506,13.152946437965905,10.198039027185569,10.0,10.0,10.816653826391969,11.40175425099138,12.806248474865697,14.142135623730951,15.620499351813308,16.1245154965971,16.55294535724685,16.15549442140351,14.866068747318506,13.601470508735444,10.770329614269007,7.211102550927978,5.385164807134504,5.385164807134504,7.810249675906654,9.219544457292887,0.0,0.0,0.0,0.0,0.0,0.0,0.0,0.0,0.0,0.0,0.0,7.0710678118654755,5.0990195135927845,0.0,2.8284271247461903,5.0990195135927845,6.324555320336759,9.486832980505138,13.341664064126334,16.278820596099706,21.213203435596427,23.345235059857504,24.331050121192877,23.08679276123039,21.0,18.110770276274835,16.492422502470642,13.92838827718412,11.661903789690601,9.433981132056603,7.280109889280518,6.324555320336759,8.48528137423857,10.816653826391969,15.652475842498529,21.02379604162864,25.495097567963924
1787398100.2315562,-70,0.0,28.160255680657446,27.16615541441225,25.179356624028344,23.08679276123039,19.235384061671343,14.866068747318506,11.661903789690601,10.0,9.486832980505138,11.045361017187261,12.0,13.0,14.035668847618199,15.297058540778355,15.811388300841896,17.46424919657298,18.35755975068582,17.4928556845359,15.811388300841896,13.892443989449804,11.661903789690601,8.54400374531753,6.0,5.830951894845301,6.708203932499369,8.246211251235321,0.0,0.0,0.0,0.0,0.0,0.0,0.0,0.0,0.0,0.0,0.0,5.385164807134504,3.1622776601683795,0.0,2.0,4.47213595499958,7.211102550927978,10.0,13.45362404707371,15.556349186104045,18.439088914585774,20.615528128088304,21.633307652783937,21.095023109728988,19.235384061671343,17.08800749063506,14.560219778561036,12.165525060596439,10.198039027185569,8.246211251235321,6.4031242374328485,6.708203932499369,8.06225774829855,12.041594578792296,17.029386365926403,22.090722034374522,25.079872407968907
1787398100.2792907,-69,0.0,28.178005607210743,26.832815729997478,25.059928172283335,21.95449840010015,18.788294228055936,15.524174696260024,14.0,11.40175425099138,10.63014581273465,11.40175425099138,13.038404810405298,14.422205101855956,14.422205101855956,14.866068747318506,15.620499351813308,15.811388300841896,16.1245154965971,15.231546211727817,13.92838827718412,11.704699910719626,9.848857801796104,7.810249675906654,5.830951894845301,5.0990195135927845,6.4031242374328485,7.810249675906654,0.0,0.0,0.0,0.0,0.0,0.0,0.0,0.0,0.0,0.0,0.0,5.0990195135927845,3.1622776601683795,1.4142135623730951,1.0,2.8284271247461903,6.708203932499369,9.486832980505138,12.36931687685298,16.278820596099706,19.235384061671343,21.095023109728988,22.090722034374522,21.0,18.027756377319946,17.26267650163207,15.524174696260024,13.92838827718412,11.704699910719626,9.219544457292887,7.0,5.830951894845301,8.602325267042627,11.661903789690601,17.0,21.470910553583888,25.059928172283335
1787398100.3112607,-71,0.0,26.30589287593181,25.317977802344327,23.194827009486403,20.223748416156685,17.029386365926403,12.165525060596439,9.848857801796104,7.810249675906654,8.246211251235321,10.04987562112089,11.0,12.041594578792296,12.165525060596439,12.649110640673518,13.416407864998739,14.422205101855956,14.212670403551895,14.142135623730951,12.727922061357855,10.63014581273465,8.48528137423857,5.830951894845301,4.0,4.242640687119285,6.324555320336759,8.06225774829855,0.0,0.0,0.0,0.0,0.0,0.0,0.0,0.0,0.0,0.0,0.0,3.605551275463989,5.0,4.0,3.0,3.1622776601683795,6.708203932499369,10.0,12.206555615733702,15.652475842498529,17.88854381999832,20.615528128088304,21.18962010041709,19.924858845171276,19.4164878389476,18.110770276274835,16.0312195418814,13.152946437965905,11.40175425099138,10.04987562112089,8.06225774829855,7.211102550927978,8.602325267042627,11.180339887498949,15.524174696260024,20.396078054371138,23.53720459187964
1787398100.8177636,-87,0.0,18.384776310850235,19.1049731745428,20.0,20.808652046684813,20.808652046684813,21.633307652783937,21.095023109728988,19.697715603592208,20.615528128088304,19.924858845171276,18.681541692269406,17.08800749063506,16.15549442140351,14.866068747318506,12.649110640673518,10.770329614269007,11.180339887498949,10.295630140987,8.602325267042627,8.602325267042627,7.211102550927978,6.4031242374328485,6.4031242374328485,6.4031242374328485,7.0710678118654755,7.0710678118654755,0.0,0.0,0.0,0.0,0.0,0.0,0.0,0.0,0.0,0.0,0.0,8.54400374531753,8.54400374531753,7.280109889280518,7.280109889280518,6.082762530298219,6.082762530298219,4.123105625617661,3.605551275463989,3.605551275463989,4.47213595499958,5.0,5.0990195135927845,6.324555320336759,7.615773105863909,7.615773105863909,7.615773105863909,8.94427190999916,8.602325267042627,9.219544457292887,9.219544457292887,11.40175425099138,12.806248474865697,15.0,17.029386365926403,18.439088914585774,19.849433241279208
1787398101.3074467,-71,0.0,30.805843601498726,30.0,28.42534080710379,26.076809620810597,22.360679774997898,18.384776310850235,15.132745950421556,14.142135623730951,13.0,12.206555615733702,14.212670403551895,15.0,14.422205101855956,14.317821063276353,15.524174696260024,15.033296378372908,16.1245154965971,16.278820596099706,15.297058540778355,13.152946437965905,10.04987562112089,7.0,5.830951894845301,5.385164807134504,7.0,9.055385138137417,0.0,0.0,0.0,0.0,0.0,0.0,0.0,0.0,0.0,0.0,0.0,4.123105625617661,3.0,1.4142135623730951,1.0,2.23606797749979,5.0,7.810249675906654,10.63014581273465,13.601470508735444,17.4928556845359,19.697715603592208,20.248456731316587,20.615528128088304,19.235384061671343,18.027756377319946,17.029386365926403,14.035668847618199,12.041594578792296,10.04987562112089,9.0,8.54400374531753,10.0,14.212670403551895,18.601075237738275,24.413111231467404,28.0178514522438
1787398101.3553803,-70,0.0,25.0,26.019223662515376,25.019992006393608,22.0,19.1049731745428,16.492422502470642,13.892443989449804,12.041594578792296,11.180339887498949,11.704699910719626,11.704699910719626,11.704699910719626,12.083045973594572,12.529964086141668,12.806248474865697,12.041594578792296,11.661903789690601,12.083045973594572,11.704699910719626,11.40175425099138,10.770329614269007,6.708203932499369,3.605551275463989,4.0,5.385164807134504,5.830951894845301,0.0,0.0,0.0,0.0,0.0,0.0,0.0,0.0,0.0,0.0,0.0,5.0,3.605551275463989,1.4142135623730951,1.0,3.0,5.0,8.06225774829855,11.40175425099138,13.92838827718412,15.652475842498529,18.027756377319946,20.0,19.1049731745428,18.439088914585774,17.204650534085253,15.264337522473747,14.317821063276353,11.704699910719626,9.848857801796104,8.94427190999916,7.810249675906654,9.433981132056603,11.704699910719626,16.278820596099706,20.09975124224178,22.02271554554524
1787398101.5228152,-70,0.0,24.331050121192877,24.331050121192877,23.53720459187964,22.360679774997898,19.1049731745428,16.0312195418814,12.649110640673518,10.816653826391969,9.899494936611665,10.816653826391969,11.180339887498949,12.083045973594572,12.083045973594572,13.038404810405298,13.45362404707371,14.212670403551895,13.892443989449804,14.317821063276353,13.0,12.083045973594572,9.848857801796104,8.06225774829855,5.656854249492381,5.385164807134504,4.123105625617661,4.47213595499958,0.0,0.0,0.0,0.0,0.0,0.0,0.0,0.0,0.0,0.0,0.0,4.47213595499958,3.1622776601683795,1.0,1.0,2.23606797749979,4.47213595499958,7.211102550927978,10.63014581273465,13.45362404707371,15.556349186104045,18.439088914585774,19.209372712298546,19.4164878389476,17.4928556845359,16.55294535724685,14.866068747318506,13.341664064126334,11.180339887498949,9.219544457292887,8.06225774829855,7.0710678118654755,8.54400374531753,11.180339887498949,14.142135623730951,18.24828759089466,20.396078054371138
1787398101.767232,-70,0.0,26.40075756488817,24.413111231467404,22.47220505424423,21.095023109728988,18.601075237738275,14.866068747318506,10.816653826391969,8.06225774829855,7.280109889280518,8.602325267042627,9.899494936611665,10.63014581273465,12.727922061357855,13.45362404707371,13.601470508735444,13.892443989449804,13.416407864998739,13.92838827718412,13.92838827718412,13.601470508735444,10.44030650891055,7.615773105863909,5.656854249492381,4.123105625617661,4.123105625617661,5.0,0.0,0.0,0.0,0.0,0.0,0.0,0.0,0.0,0.0,0.0,0.0,5.0,4.0,2.23606797749979,1.0,2.0,4.123105625617661,6.708203932499369,9.433981132056603,12.806248474865697,16.278820596099706,18.384776310850235,19.79898987322333,19.1049731745428,18.439088914585774,17.204650534085253,14.7648230602334,13.0,10.770329614269007,8.54400374531753,6.4031242374328485,5.0990195135927845,6.324555320336759,10.295630140987,15.0,19.209372712298546,22.02271554554524
1787398101.8400788,-70,0.0,20.808652046684813,20.0,18.601075237738275,19.209372712298546,19.1049731745428,18.384776310850235,17.69180601295413,14.866068747318506,12.806248474865697,10.63014581273465,10.63014581273465,9.899494936611665,8.48528137423857,7.810249675906654,7.211102550927978,6.708203932499369,7.280109889280518,7.0710678118654755,7.0710678118654755,8.06225774829855,8.06225774829855,8.06225774829855,8.246211251235321,7.280109889280518,6.324555320336759,6.324555320336759,0.0,0.0,0.0,0.0,0.0,0.0,0.0,0.0,0.0,0.0,0.0,7.0,6.082762530298219,6.082762530298219,6.324555320336759,6.708203932499369,7.211102550927978,6.4031242374328485,7.810249675906654,8.602325267042627,9.433981132056603,9.433981132056603,10.295630140987,10.295630140987,9.433981132056603,9.219544457292887,9.219544457292887,9.219544457292887,10.0,11.661903789690601,13.038404810405298,13.892443989449804,13.892443989449804,14.7648230602334,17.0,19.235384061671343,20.591260281974
1787398102.0984828,-71,0.0,25.495097567963924,24.041630560342615,23.345235059857504,22.627416997969522,19.849433241279208,15.811388300841896,11.704699910719626,10.0,9.486832980505138,10.0,9.899494936611665,9.899494936611665,10.63014581273465,12.206555615733702,12.083045973594572,12.649110640673518,12.36931687685298,12.041594578792296,11.045361017187261,9.0,7.0710678118654755,5.385164807134504,4.242640687119285,4.123105625617661,5.0990195135927845,6.324555320336759,0.0,0.0,0.0,0.0,0.0,0.0,0.0,0.0,0.0,0.0,0.0,4.0,3.0,1.0,1.0,2.8284271247461903,5.0,8.54400374531753,11.180339887498949,13.152946437965905,16.1245154965971,18.0,19.026297590440446,18.24828759089466,17.72004514666935,15.231546211727817,13.892443989449804,14.212670403551895,12.727922061357855,11.313708498984761,8.602325267042627,7.0710678118654755,8.246211251235321,10.295630140987,13.45362404707371,19.1049731745428,22.02271554554524
1787398102.1359417,-71,0.0,30.610455730027933,28.42534080710379,26.248809496813376,23.430749027719962,21.400934559032695,18.788294228055936,14.560219778561036,11.0,8.54400374531753,9.219544457292887,10.816653826391969,12.529964086141668,13.892443989449804,14.422205101855956,12.806248474865697,12.041594578792296,12.041594578792296,10.816653826391969,9.433981132056603,6.708203932499369,5.0,3.605551275463989,3.0,2.8284271247461903,4.47213595499958,6.708203932499369,0.0,0.0,0.0,0.0,0.0,0.0,0.0,0.0,0.0,0.0,0.0,7.0710678118654755,3.0,0.0,2.8284271247461903,5.385164807134504,8.06225774829855,10.04987562112089,13.0,16.1245154965971,19.1049731745428,20.396078054371138,20.8806130178211,21.18962010041709,21.470910553583888,18.867962264113206,15.0,13.45362404707371,12.041594578792296,9.219544457292887,6.4031242374328485,6.082762530298219,6.708203932499369,9.219544457292887,15.0,21.400934559032695,25.80697580112788
1787398102.23289,-72,0.0,25.495097567963924,24.166091947189145,24.166091947189145,21.93171219946131,18.788294228055936,15.264337522473747,12.041594578792296,8.06225774829855,7.0,7.615773105863909,7.810249675906654,8.602325267042627,10.816653826391969,11.661903789690601,11.180339887498949,11.704699910719626,12.165525060596439,11.180339887498949,10.04987562112089,9.055385138137417,8.06225774829855,5.385164807134504,4.242640687119285,4.123105625617661,5.0990195135927845,5.385164807134504,0.0,0.0,0.0,0.0,0.0,0.0,0.0,0.0,0.0,0.0,0.0,3.1622776601683795,2.0,1.4142135623730951,1.4142135623730951,3.1622776601683795,5.0,7.615773105863909,10.295630140987,13.038404810405298,15.0,17.804493814764857,19.1049731745428,19.1049731745428,17.804493814764857,16.64331697709324,15.652475842498529,14.866068747318506,12.36931687685298,10.44030650891055,8.06225774829855,6.4031242374328485,7.0710678118654755,10.198039027185569,13.92838827718412,18.788294228055936,22.825424421026653
1787398102.35659,-70,0.0,25.96150997149434,25.709920264364882,24.515301344262525,22.561028345356956,18.681541692269406,15.231546211727817,10.63014581273465,7.615773105863909,6.082762530298219,6.4031242374328485,8.48528137423857,10.63014581273465,12.041594578792296,12.727922061357855,13.45362404707371,12.806248474865697,12.806248474865697,12.206555615733702,10.295630140987,8.94427190999916,6.708203932499369,4.47213595499958,2.8284271247461903,2.23606797749979,3.605551275463989,4.123105625617661,0.0,0.0,0.0,0.0,0.0,0.0,0.0,0.0,0.0,0.0,0.0,2.23606797749979,1.0,1.4142135623730951,2.23606797749979,4.242640687119285,6.708203932499369,8.54400374531753,11.180339887498949,13.038404810405298,16.0,18.0,19.026297590440446,18.110770276274835,17.26267650163207,15.297058540778355,13.601470508735444,12.083045973594572,10.295630140987,7.615773105863909,5.0990195135927845,3.605551275463989,6.082762530298219,10.04987562112089,15.132745950421556,20.396078054371138,22.561028345356956
1787398102.461774,-69,0.0,24.698178070456937,25.942243542145693,25.059928172283335,22.47220505424423,19.209372712298546,14.866068747318506,12.083045973594572,9.055385138137417,7.280109889280518,8.48528137423857,10.63014581273465,12.206555615733702,12.206555615733702,12.041594578792296,13.601470508735444,15.0,15.0,14.212670403551895,13.601470508735444,12.206555615733702,11.40175425099138,9.219544457292887,4.47213595499958,4.123105625617661,4.242640687119285,6.708203932499369,0.0,0.0,0.0,0.0,0.0,0.0,0.0,0.0,0.0,0.0,0.0,5.830951894845301,3.1622776601683795,0.0,2.0,4.0,6.324555320336759,10.295630140987,12.206555615733702,13.45362404707371,13.038404810405298,13.416407864998739,15.231546211727817,14.866068747318506,14.560219778561036,14.317821063276353,11.045361017187261,8.246211251235321,8.06225774829855,7.615773105863909,6.0,2.23606797749979,5.385164807134504,9.433981132056603,13.601470508735444,17.204650534085253,21.095023109728988
1787398102.5644052,-71,0.0,21.470910553583888,21.93171219946131,21.93171219946131,22.847319317591726,21.540659228538015,21.18962010041709,19.6468827043885,17.72004514666935,16.492422502470642,15.524174696260024,14.560219778561036,13.601470508735444,12.649110640673518,12.083045973594572,12.529964086141668,12.529964086141668,12.206555615733702,12.806248474865697,12.806248474865697,12.806248474865697,13.601470508735444,13.892443989449804,13.892443989449804,12.529964086141668,11.180339887498949,10.770329614269007,0.0,0.0,0.0,0.0,0.0,0.0,0.0,0.0,0.0,0.0,0.0,7.280109889280518,7.280109889280518,7.280109889280518,7.0710678118654755,7.0,8.06225774829855,8.06225774829855,9.055385138137417,9.219544457292887,10.198039027185569,11.180339887498949,11.045361017187261,11.045361017187261,11.045361017187261,11.180339887498949,11.40175425099138,11.40175425099138,11.704699910719626,13.0,13.92838827718412,14.317821063276353,14.7648230602334,16.1245154965971,18.027756377319946,19.72308292331602,21.095023109728988
1787398102.643191,-71,0.0,27.80287754891569,27.202941017470888,25.80697580112788,23.430749027719962,19.1049731745428,14.212670403551895,9.848857801796104,6.0,4.242640687119285,7.280109889280518,10.0,11.045361017187261,13.0,15.033296378372908,15.132745950421556,16.492422502470642,16.76305461424021,16.15549442140351,16.15549442140351,14.866068747318506,12.36931687685298,10.198039027185569,7.0,5.0,4.47213595499958,6.0,0.0,0.0,0.0,0.0,0.0,0.0,0.0,0.0,0.0,0.0,0.0,3.1622776601683795,1.0,1.4142135623730951,3.605551275463989,5.385164807134504,8.54400374531753,10.770329614269007,13.92838827718412,15.811388300841896,17.72004514666935,18.681541692269406,18.439088914585774,18.110770276274835,17.029386365926403,15.033296378372908,13.152946437965905,11.40175425099138,9.486832980505138,7.280109889280518,3.1622776601683795,1.0,5.0,10.0,15.0,19.209372712298546,22.02271554554524
1787398102.7559948,-71,0.0,26.0,24.698178070456937,22.47220505424423,20.248456731316587,16.492422502470642,13.038404810405298,8.54400374531753,7.211102550927978,7.0,9.219544457292887,11.40175425099138,13.341664064126334,14.317821063276353,15.132745950421556,15.033296378372908,15.0,15.033296378372908,15.033296378372908,14.035668847618199,13.038404810405298,11.045361017187261,8.0,5.385164807134504,3.1622776601683795,5.830951894845301,7.211102550927978,0.0,0.0,0.0,0.0,0.0,0.0,0.0,0.0,0.0,0.0,0.0,4.242640687119285,3.1622776601683795,2.23606797749979,4.123105625617661,6.082762530298219,8.246211251235321,10.44030650891055,12.649110640673518,12.649110640673518,10.44030650891055,11.704699910719626,16.401219466856727,16.97056274847714,15.556349186104045,14.212670403551895,12.206555615733702,10.295630140987,8.54400374531753,5.385164807134504,2.23606797749979,1.4142135623730951,4.47213595499958,8.06225774829855,13.416407864998739,18.788294228055936,21.93171219946131
1787398102.9546783,-72,0.0,28.42534080710379,27.80287754891569,25.612496949731394,22.80350850198276,17.204650534085253,12.649110640673518,8.246211251235321,6.4031242374328485,7.280109889280518,9.055385138137417,11.40175425099138,12.649110640673518,13.416407864998739,14.422205101855956,16.401219466856727,17.029386365926403,16.97056274847714,15.620499351813308,14.212670403551895,12.806248474865697,10.63014581273465,7.211102550927978,4.123105625617661,2.8284271247461903,4.123105625617661,7.0710678118654755,0.0,0.0,0.0,0.0,0.0,0.0,0.0,0.0,0.0,0.0,0.0,2.23606797749979,1.0,3.1622776601683795,5.0990195135927845,6.0,8.246211251235321,10.816653826391969,12.806248474865697,14.212670403551895,16.278820596099706,19.1049731745428,19.1049731745428,17.804493814764857,16.401219466856727,14.7648230602334,13.92838827718412,12.083045973594572,9.848857801796104,7.810249675906654,5.0990195135927845,5.830951894845301,7.810249675906654,12.041594578792296,18.439088914585774,23.430749027719962,24.839484696748443
1787398102.986269,-71,0.0,21.93171219946131,22.847319317591726,22.847319317591726,21.540659228538015,19.313207915827967,18.384776310850235,17.08800749063506,14.317821063276353,14.317821063276353,14.560219778561036,12.083045973594572,9.433981132056603,8.54400374531753,8.06225774829855,8.602325267042627,8.94427190999916,9.486832980505138,12.083045973594572,12.806248474865697,12.041594578792296,12.806248474865697,12.529964086141668,12.529964086141668,12.041594578792296,10.63014581273465,9.219544457292887,0.0,0.0,0.0,0.0,0.0,0.0,0.0,0.0,0.0,0.0,0.0,8.48528137423857,7.0710678118654755,6.4031242374328485,5.830951894845301,5.385164807134504,5.0990195135927845,6.0,8.0,9.0,9.0,10.0,11.0,10.0,10.0,10.0,11.045361017187261,11.180339887498949,11.704699910719626,11.704699910719626,11.704699910719626,12.529964086141668,14.422205101855956,15.811388300841896,18.027756377319946,20.591260281974,20.591260281974
1787398103.0179594,-72,0.0,27.784887978899608,26.419689627245813,24.186773244895647,21.633307652783937,19.209372712298546,14.142135623730951,8.94427190999916,7.0710678118654755,7.211102550927978,8.06225774829855,10.295630140987,10.816653826391969,12.041594578792296,13.45362404707371,14.422205101855956,14.317821063276353,14.866068747318506,15.811388300841896,14.866068747318506,13.0,9.848857801796104,7.211102550927978,4.123105625617661,4.242640687119285,6.708203932499369,8.54400374531753,0.0,0.0,0.0,0.0,0.0,0.0,0.0,0.0,0.0,0.0,0.0,1.4142135623730951,3.0,5.0,7.0710678118654755,8.0,8.06225774829855,9.486832980505138,12.206555615733702,14.866068747318506,16.401219466856727,17.204650534085253,17.4928556845359,17.88854381999832,17.0,15.652475842498529,13.0,10.04987562112089,8.06225774829855,6.082762530298219,4.242640687119285,5.0,7.280109889280518,11.180339887498949,16.64331697709324,21.095023109728988,24.698178070456937
1787398103.0493522,-72,0.0,24.08318915758459,23.08679276123039,21.095023109728988,19.1049731745428,16.0,12.36931687685298,8.602325267042627,6.708203932499369,7.0,9.219544457292887,10.44030650891055,11.40175425099138,13.038404810405298,13.0,14.142135623730951,14.317821063276353,14.866068747318506,14.317821063276353,14.317821063276353,13.0,10.44030650891055,7.0,5.0,5.385164807134504,6.082762530298219,7.615773105863909,0.0,0.0,0.0,0.0,0.0,0.0,0.0,0.0,0.0,0.0,0.0,1.0,1.0,4.123105625617661,4.47213595499958,4.242640687119285,5.656854249492381,6.708203932499369,9.055385138137417,12.0,14.0,15.033296378372908,15.132745950421556,15.297058540778355,15.524174696260024,13.92838827718412,11.661903789690601,9.219544457292887,8.48528137423857,6.4031242374328485,4.123105625617661,2.23606797749979,5.0990195135927845,9.055385138137417,13.038404810405298,18.110770276274835,21.095023109728988
1787398103.1798542,-72,0.0,20.615528128088304,19.6468827043885,18.973665961010276,18.973665961010276,18.973665961010276,18.384776310850235,16.55294535724685,14.7648230602334,12.529964086141668,10.770329614269007,10.44030650891055,10.198039027185569,10.04987562112089,10.0,10.04987562112089,10.04987562112089,11.180339887498949,12.36931687685298,13.341664064126334,13.152946437965905,14.035668847618199,14.035668847618199,13.0,13.038404810405298,12.041594578792296,11.180339887498949,0.0,0.0,0.0,0.0,0.0,0.0,0.0,0.0,0.0,0.0,0.0,6.082762530298219,6.082762530298219,5.385164807134504,5.830951894845301,5.830951894845301,5.830951894845301,5.656854249492381,6.4031242374328485,7.810249675906654,7.810249675906654,9.219544457292887,9.219544457292887,9.219544457292887,9.899494936611665,8.48528137423857,8.48528137423857,8.602325267042627,8.602325267042627,10.295630140987,11.180339887498949,11.704699910719626,11.704699910719626,12.36931687685298,15.297058540778355,17.26267650163207,19.4164878389476
1787398103.1938071,-70,0.0,28.178005607210743,28.635642126552707,26.40075756488817,22.825424421026653,18.867962264113206,13.45362404707371,8.54400374531753,7.211102550927978,10.295630140987,13.416407864998739,13.601470508735444,13.45362404707371,13.45362404707371,16.401219466856727,19.4164878389476,20.248456731316587,21.470910553583888,21.470910553583888,20.248456731316587,18.601075237738275,15.0,10.63014581273465,7.211102550927978,4.0,5.0,8.54400374531753,0.0,0.0,0.0,0.0,0.0,0.0,0.0,0.0,0.0,0.0,0.0,2.0,3.1622776601683795,4.47213595499958,7.0710678118654755,8.602325267042627,10.816653826391969,13.038404810405298,14.7648230602334,15.524174696260024,16.76305461424021,17.72004514666935,18.24828759089466,18.110770276274835,17.029386365926403,15.297058540778355,15.652475842498529,13.892443989449804,7.615773105863909,4.0,2.8284271247461903,4.123105625617661,6.082762530298219,11.180339887498949,17.88854381999832,25.079872407968907,27.784887978899608
1787398105.3404777,-70,0.0,30.364452901377952,30.083217912982647,27.892651361962706,25.96150997149434,22.135943621178654,17.46424919657298,11.40175425099138,8.602325267042627,6.082762530298219,7.615773105863909,11.40175425099138,14.142135623730951,15.556349186104045,18.384776310850235,19.1049731745428,19.1049731745428,19.849433241279208,19.4164878389476,17.204650534085253,14.866068747318506,14.212670403551895,10.0,6.708203932499369,5.0990195135927845,5.830951894845301,8.246211251235321,0.0,0.0,0.0,0.0,0.0,0.0,0.0,0.0,0.0,0.0,0.0,5.0990195135927845,4.123105625617661,2.23606797749979,3.605551275463989,5.0,8.54400374531753,11.180339887498949,13.038404810405298,16.0,18.027756377319946,20.223748416156685,21.37755832643195,20.396078054371138,18.681541692269406,17.08800749063506,15.231546211727817,13.038404810405298,10.0,6.4031242374328485,2.8284271247461903,2.0,5.0990195135927845,9.486832980505138,14.560219778561036,19.6468827043885,22.80350850198276
1787398105.5987873,-70,0.0,25.96150997149434,25.709920264364882,24.331050121192877,21.37755832643195,17.72004514666935,13.92838827718412,9.433981132056603,5.656854249492381,4.0,6.708203932499369,8.94427190999916,12.083045973594572,13.416407864998739,15.652475842498529,17.08800749063506,18.681541692269406,19.4164878389476,19.4164878389476,18.439088914585774,16.76305461424021,13.92838827718412,10.816653826391969,7.810249675906654,6.0,7.211102550927978,8.602325267042627,0.0,0.0,0.0,0.0,0.0,0.0,0.0,0.0,0.0,0.0,0.0,5.385164807134504,3.1622776601683795,1.0,1.4142135623730951,3.605551275463989,5.830951894845301,8.94427190999916,11.704699910719626,15.524174696260024,18.681541692269406,20.615528128088304,22.360679774997898,22.20360331117452,21.095023109728988,19.0,16.0312195418814,14.142135623730951,12.165525060596439,8.06225774829855,5.0990195135927845,4.47213595499958,6.082762530298219,10.44030650891055,15.811388300841896,19.924858845171276,22.80350850198276
1787398105.6226008,-70,0.0,25.632011235952593,24.041630560342615,22.80350850198276,21.840329667841555,18.027756377319946,12.649110640673518,8.06225774829855,5.0,4.123105625617661,5.0990195135927845,6.708203932499369,8.94427190999916,11.180339887498949,13.416407864998739,16.15549442140351,17.72004514666935,19.6468827043885,18.681541692269406,16.76305461424021,15.231546211727817,13.416407864998739,10.816653826391969,7.810249675906654,5.0,6.4031242374328485,9.219544457292887,0.0,0.0,0.0,0.0,0.0,0.0,0.0,0.0,0.0,0.0,0.0,5.0,3.1622776601683795,1.0,1.4142135623730951,4.47213595499958,7.211102550927978,8.48528137423857,12.041594578792296,15.620499351813308,17.029386365926403,19.4164878389476,19.72308292331602,19.235384061671343,19.235384061671343,16.55294535724685,14.866068747318506,12.165525060596439,10.04987562112089,7.0710678118654755,4.47213595499958,4.47213595499958,7.0710678118654755,9.848857801796104,14.7648230602334,19.235384061671343,21.95449840010015
1787398105.6303651,-70,0.0,23.345235059857504,24.041630560342615,21.93171219946131,19.209372712298546,17.804493814764857,14.212670403551895,9.899494936611665,6.708203932499369,5.0990195135927845,6.4031242374328485,7.810249675906654,9.899494936611665,12.041594578792296,14.212670403551895,16.401219466856727,17.804493814764857,18.601075237738275,19.4164878389476,17.204650534085253,15.620499351813308,12.727922061357855,10.0,7.280109889280518,5.385164807134504,5.830951894845301,6.324555320336759,0.0,0.0,0.0,0.0,0.0,0.0,0.0,0.0,0.0,0.0,0.0,3.1622776601683795,2.0,1.0,4.123105625617661,6.0,7.0710678118654755,8.94427190999916,10.816653826391969,14.422205101855956,15.811388300841896,17.204650534085253,17.69180601295413,18.384776310850235,17.69180601295413,15.0,13.038404810405298,11.661903789690601,8.94427190999916,5.830951894845301,2.23606797749979,2.23606797749979,5.0,9.219544457292887,12.727922061357855,17.69180601295413,21.213203435596427
1787398105.6673698,-69,0.0,18.110770276274835,18.110770276274835,17.11724276862369,15.033296378372908,13.038404810405298,9.055385138137417,6.0,4.123105625617661,3.605551275463989,5.385164807134504,5.0990195135927845,7.0710678118654755,10.198039027185569,10.44030650891055,11.40175425099138,13.152946437965905,14.035668847618199,14.035668847618199,13.038404810405298,11.045361017187261,9.055385138137417,8.94427190999916,9.433981132056603,8.246211251235321,3.605551275463989,12.041594578792296,0.0,0.0,0.0,0.0,0.0,0.0,0.0,0.0,0.0,0.0,0.0,2.8284271247461903,1.0,1.4142135623730951,2.23606797749979,2.23606797749979,4.47213595499958,6.324555320336759,8.246211251235321,11.180339887498949,13.152946437965905,14.035668847618199,15.0,13.0,12.041594578792296,12.36931687685298,12.649110640673518,9.848857801796104,6.324555320336759,4.0,3.1622776601683795,3.1622776601683795,5.0,8.0,11.045361017187261,15.132745950421556,17.26267650163207
1787398106.764454,-69,0.0,19.209372712298546,19.209372712298546,19.849433241279208,19.1049731745428,18.384776310850235,17.69180601295413,15.620499351813308,13.601470508735444,12.041594578792296,12.041594578792296,12.206555615733702,12.529964086141668,11.180339887498949,11.180339887498949,12.083045973594572,12.083045973594572,13.0,13.0,12.083045973594572,11.180339887498949,12.529964086141668,11.661903789690601,12.206555615733702,11.40175425099138,10.0,8.602325267042627,0.0,0.0,0.0,0.0,0.0,0.0,0.0,0.0,0.0,0.0,0.0,6.0,6.082762530298219,5.385164807134504,5.385164807134504,5.830951894845301,6.708203932499369,7.211102550927978,8.602325267042627,10.0,10.816653826391969,10.295630140987,10.295630140987,11.180339887498949,10.295630140987,10.0,10.0,10.63014581273465,10.63014581273465,11.313708498984761,12.727922061357855,12.727922061357855,13.45362404707371,14.212670403551895,15.811388300841896,17.204650534085253,18.601075237738275
1787398106.958451,-71,0.0,18.110770276274835,18.110770276274835,18.110770276274835,19.026297590440446,19.0,18.027756377319946,17.029386365926403,15.033296378372908,13.038404810405298,12.0,12.041594578792296,12.165525060596439,12.165525060596439,12.165525060596439,11.40175425099138,11.40175425099138,12.649110640673518,13.601470508735444,13.601470508735444,14.560219778561036,13.341664064126334,13.152946437965905,13.038404810405298,12.0,11.045361017187261,10.04987562112089,0.0,0.0,0.0,0.0,0.0,0.0,0.0,0.0,0.0,0.0,0.0,7.211102550927978,6.708203932499369,6.708203932499369,7.615773105863909,6.708203932499369,7.0710678118654755,8.0,9.0,10.04987562112089,10.198039027185569,11.40175425099138,11.704699910719626,10.770329614269007,9.486832980505138,9.486832980505138,9.219544457292887,10.0,12.0,13.0,13.038404810405298,13.038404810405298,13.0,13.0,15.033296378372908,16.1245154965971,16.1245154965971
1787398107.275623,-72,0.0,21.540659228538015,19.6468827043885,19.6468827043885,20.396078054371138,20.223748416156685,17.11724276862369,16.1245154965971,16.0312195418814,15.0,14.0,15.297058540778355,14.866068747318506,13.0,9.219544457292887,8.54400374531753,11.180339887498949,13.892443989449804,14.317821063276353,13.92838827718412,11.704699910719626,9.433981132056603,9.433981132056603,10.44030650891055,11.40175425099138,10.44030650891055,10.44030650891055,0.0,0.0,0.0,0.0,0.0,0.0,0.0,0.0,0.0,0.0,0.0,8.06225774829855,7.615773105863909,8.06225774829855,6.708203932499369,6.708203932499369,9.486832980505138,11.180339887498949,12.36931687685298,13.0,12.649110640673518,12.36931687685298,12.36931687685298,12.649110640673518,12.041594578792296,9.0,8.06225774829855,10.04987562112089,11.045361017187261,11.045361017187261,12.165525060596439,12.165525060596439,13.601470508735444,14.317821063276353,15.652475842498529,15.652475842498529,15.231546211727817
1787398108.1129441,-80,0.0,16.55294535724685,17.88854381999832,18.384776310850235,18.027756377319946,18.384776310850235,17.0,14.7648230602334,14.7648230602334,14.317821063276353,12.649110640673518,13.92838827718412,14.866068747318506,13.601470508735444,12.36931687685298,11.40175425099138,11.704699910719626,12.649110640673518,11.40175425099138,10.04987562112089,11.045361017187261,10.04987562112089,9.055385138137417,10.198039027185569,10.04987562112089,9.0,9.0,0.0,0.0,0.0,0.0,0.0,0.0,0.0,0.0,0.0,0.0,0.0,10.770329614269007,10.770329614269007,12.083045973594572,12.529964086141668,13.416407864998739,14.7648230602334,15.264337522473747,15.264337522473747,13.892443989449804,14.7648230602334,15.264337522473747,15.0,16.401219466856727,16.401219466856727,15.811388300841896,16.1245154965971,15.652475842498529,15.231546211727817,16.15549442140351,17.88854381999832,18.027756377319946,17.4928556845359,20.12461179749811,20.591260281974,18.35755975068582,17.0
1787398108.2354355,-70,0.0,24.020824298928627,24.020824298928627,23.021728866442675,20.09975124224178,16.278820596099706,11.704699910719626,9.219544457292887,7.280109889280518,8.246211251235321,10.295630140987,13.038404810405298,14.422205101855956,16.64331697709324,17.4928556845359,18.35755975068582,17.88854381999832,17.46424919657298,16.15549442140351,14.866068747318506,13.601470508735444,10.770329614269007,8.06225774829855,5.656854249492381,3.1622776601683795,5.0,6.4031242374328485,0.0,0.0,0.0,0.0,0.0,0.0,0.0,0.0,0.0,0.0,0.0,3.605551275463989,2.23606797749979,2.0,3.1622776601683795,4.242640687119285,7.211102550927978,8.94427190999916,10.44030650891055,13.038404810405298,15.033296378372908,16.0,16.0312195418814,16.278820596099706,15.524174696260024,14.866068747318506,13.416407864998739,11.661903789690601,9.433981132056603,7.211102550927978,4.123105625617661,2.8284271247461903,5.0990195135927845,9.0,13.0,18.0,20.024984394500787
1787398108.2540188,-81,0.0,8.246211251235321,8.246211251235321,8.06225774829855,8.06225774829855,8.0,8.06225774829855,8.06225774829855,7.280109889280518,7.280109889280518,7.615773105863909,7.615773105863909,7.211102550927978,7.211102550927978,7.211102550927978,7.810249675906654,7.810249675906654,7.810249675906654,7.810249675906654,7.810249675906654,7.0710678118654755,7.0710678118654755,6.4031242374328485,6.4031242374328485,6.4031242374328485,5.0,5.0,0.0,0.0,0.0,0.0,0.0,0.0,0.0,0.0,0.0,0.0,0.0,13.038404810405298,13.892443989449804,14.7648230602334,15.264337522473747,15.0,15.620499351813308,15.620499351813308,14.866068747318506,14.866068747318506,14.866068747318506,14.212670403551895,14.142135623730951,13.45362404707371,13.45362404707371,12.206555615733702,12.206555615733702,12.529964086141668,12.529964086141668,12.083045973594572,13.416407864998739,13.0,13.0,13.0,13.0,12.083045973594572,12.529964086141668
1787398109.0656567,-82,0.0,11.180339887498949,12.083045973594572,12.083045973594572,12.083045973594572,12.083045973594572,12.083045973594572,12.083045973594572,12.083045973594572,11.704699910719626,10.770329614269007,10.44030650891055,10.44030650891055,10.198039027185569,10.198039027185569,10.198039027185569,10.198039027185569,10.198039027185569,10.198039027185569,11.40175425099138,11.40175425099138,10.44030650891055,10.44030650891055,10.44030650891055,10.44030650891055,9.486832980505138,9.486832980505138,0.0,0.0,0.0,0.0,0.0,0.0,0.0,0.0,0.0,0.0,0.0,16.1245154965971,16.278820596099706,15.524174696260024,16.492422502470642,15.297058540778355,15.524174696260024,15.811388300841896,16.15549442140351,15.231546211727817,15.652475842498529,14.317821063276353,14.317821063276353,13.892443989449804,13.892443989449804,14.422205101855956,13.892443989449804,14.7648230602334,14.7648230602334,14.7648230602334,14.7648230602334,14.7648230602334,13.892443989449804,12.529964086141668,12.529964086141668,11.180339887498949,10.295630140987
1787398109.1887007,-67,0.0,26.1725046566048,26.1725046566048,23.021728866442675,20.024984394500787,16.0312195418814,12.36931687685298,6.708203932499369,5.385164807134504,6.082762530298219,8.94427190999916,12.529964086141668,13.92838827718412,16.492422502470642,20.223748416156685,21.095023109728988,21.095023109728988,20.09975124224178,19.026297590440446,17.029386365926403,14.035668847618199,11.045361017187261,8.246211251235321,4.47213595499958,3.1622776601683795,3.605551275463989,5.0,0.0,0.0,0.0,0.0,0.0,0.0,0.0,0.0,0.0,0.0,0.0,4.123105625617661,3.0,1.0,1.0,3.1622776601683795,6.324555320336759,9.055385138137417,10.04987562112089,12.041594578792296,15.132745950421556,16.0312195418814,16.0,15.297058540778355,15.297058540778355,14.142135623730951,14.317821063276353,12.36931687685298,9.219544457292887,8.0,6.324555320336759,5.656854249492381,7.211102550927978,10.770329614269007,13.341664064126334,18.24828759089466,23.345235059857504
1787398109.4517636,-78,0.0,12.36931687685298,11.180339887498949,10.44030650891055,10.44030650891055,10.44030650891055,11.180339887498949,11.661903789690601,12.083045973594572,12.529964086141668,12.206555615733702,13.038404810405298,13.038404810405298,13.601470508735444,13.601470508735444,13.601470508735444,14.212670403551895,14.142135623730951,12.806248474865697,12.083045973594572,13.416407864998739,13.038404810405298,13.038404810405298,13.416407864998739,11.180339887498949,9.486832980505138,8.06225774829855,0.0,0.0,0.0,0.0,0.0,0.0,0.0,0.0,0.0,0.0,0.0,8.602325267042627,10.0,11.40175425099138,11.40175425099138,10.816653826391969,10.295630140987,8.602325267042627,12.206555615733702,15.264337522473747,15.652475842498529,13.892443989449804,14.317821063276353,15.524174696260024,14.866068747318506,12.649110640673518,11.180339887498949,11.180339887498949,11.40175425099138,11.704699910719626,12.083045973594572,12.083045973594572,9.219544457292887,10.0,13.038404810405298,14.317821063276353,14.866068747318506
1787398110.2175503,-68,0.0,26.570660511172846,25.298221281347036,25.298221281347036,22.847319317591726,18.384776310850235,14.560219778561036,10.04987562112089,6.082762530298219,4.47213595499958,5.385164807134504,8.06225774829855,10.198039027185569,11.704699910719626,14.866068747318506,17.46424919657298,17.88854381999832,18.788294228055936,16.55294535724685,13.92838827718412,12.083045973594572,11.661903789690601,9.848857801796104,6.324555320336759,4.123105625617661,5.0,7.280109889280518,0.0,0.0,0.0,0.0,0.0,0.0,0.0,0.0,0.0,0.0,0.0,4.242640687119285,3.605551275463989,3.0,3.1622776601683795,4.47213595499958,5.830951894845301,6.708203932499369,7.615773105863909,8.94427190999916,11.180339887498949,11.704699910719626,12.36931687685298,12.041594578792296,12.0,12.041594578792296,11.180339887498949,10.198039027185569,8.246211251235321,6.0,4.123105625617661,4.242640687119285,7.211102550927978,10.770329614269007,15.524174696260024,19.6468827043885,23.08679276123039
1787398110.8162508,-80,0.0,12.041594578792296,12.0,11.0,11.045361017187261,11.045361017187261,11.180339887498949,10.198039027185569,10.198039027185569,10.198039027185569,10.44030650891055,10.44030650891055,10.44030650891055,11.704699910719626,11.704699910719626,12.083045973594572,12.529964086141668,12.529964086141668,11.661903789690601,11.661903789690601,12.206555615733702,12.206555615733702,12.206555615733702,12.806248474865697,12.806248474865697,12.206555615733702,12.806248474865697,0.0,0.0,0.0,0.0,0.0,0.0,0.0,0.0,0.0,0.0,0.0,20.024984394500787,20.024984394500787,20.024984394500787,20.0,21.02379604162864,21.02379604162864,21.02379604162864,20.024984394500787,20.024984394500787,19.026297590440446,18.110770276274835,17.11724276862369,16.0312195418814,15.033296378372908,13.152946437965905,13.0,13.0,12.0,12.0,12.041594578792296,12.041594578792296,11.045361017187261,11.045361017187261,11.180339887498949,11.045361017187261,11.045361017187261
1787398110.8623145,-69,0.0,27.294688127912362,27.294688127912362,25.059928172283335,23.323807579381203,19.4164878389476,14.866068747318506,11.40175425099138,7.615773105863909,7.0,7.615773105863909,9.433981132056603,11.661903789690601,13.892443989449804,15.652475842498529,16.55294535724685,16.15549442140351,15.811388300841896,14.866068747318506,12.649110640673518,10.770329614269007,9.848857801796104,7.615773105863909,5.656854249492381,5.385164807134504,6.082762530298219,7.615773105863909,0.0,0.0,0.0,0.0,0.0,0.0,0.0,0.0,0.0,0.0,0.0,4.47213595499958,3.1622776601683795,1.4142135623730951,3.0,5.0990195135927845,7.0,8.06225774829855,10.198039027185569,11.40175425099138,13.0,13.416407864998739,13.601470508735444,13.45362404707371,13.601470508735444,12.529964086141668,12.36931687685298,11.045361017187261,10.0,9.055385138137417,7.0,4.123105625617661,3.1622776601683795,7.280109889280518,12.083045973594572,15.652475842498529,19.235384061671343
1787398110.9620178,-69,0.0,30.610455730027933,30.610455730027933,28.42534080710379,25.238858928247925,21.470910553583888,16.15549442140351,11.180339887498949,8.246211251235321,5.656854249492381,7.280109889280518,10.44030650891055,13.92838827718412,18.788294228055936,20.591260281974,18.867962264113206,19.4164878389476,20.0,18.601075237738275,15.0,13.601470508735444,11.661903789690601,7.280109889280518,6.324555320336759,7.0710678118654755,8.94427190999916,9.848857801796104,0.0,0.0,0.0,0.0,0.0,0.0,0.0,0.0,0.0,0.0,0.0,3.1622776601683795,1.0,2.0,5.0990195135927845,6.082762530298219,9.055385138137417,10.0,12.041594578792296,14.317821063276353,16.15549442140351,17.0,17.4928556845359,17.029386365926403,16.278820596099706,15.264337522473747,14.317821063276353,13.601470508735444,12.165525060596439,10.04987562112089,6.082762530298219,3.605551275463989,4.0,8.06225774829855,14.212670403551895,20.518284528683193,24.041630560342615
1787398111.0107918,-70,0.0,25.632011235952593,26.570660511172846,25.632011235952593,23.08679276123039,20.396078054371138,16.1245154965971,12.041594578792296,8.246211251235321,6.4031242374328485,5.830951894845301,7.615773105863909,9.848857801796104,10.770329614269007,13.0,13.92838827718412,14.317821063276353,14.7648230602334,15.264337522473747,14.422205101855956,12.206555615733702,10.816653826391969,8.06225774829855,5.0990195135927845,4.47213595499958,5.385164807134504,6.0,0.0,0.0,0.0,0.0,0.0,0.0,0.0,0.0,0.0,0.0,0.0,2.23606797749979,1.4142135623730951,3.1622776601683795,4.47213595499958,6.4031242374328485,7.810249675906654,10.0,11.180339887498949,11.704699910719626,12.36931687685298,13.152946437965905,14.0,13.152946437965905,12.649110640673518,12.529964086141668,12.041594578792296,12.041594578792296,10.816653826391969,8.602325267042627,5.0,3.605551275463989,3.605551275463989,7.211102550927978,12.083045973594572,17.08800749063506,19.924858845171276
1787398111.0665288,-70,0.0,28.30194339616981,26.92582403567252,25.553864678361276,23.323807579381203,20.12461179749811,15.811388300841896,12.041594578792296,9.055385138137417,7.211102550927978,8.48528137423857,10.0,10.816653826391969,13.038404810405298,15.0,15.620499351813308,15.620499351813308,15.556349186104045,14.866068747318506,14.866068747318506,13.45362404707371,12.041594578792296,10.0,7.280109889280518,6.082762530298219,6.4031242374328485,7.211102550927978,0.0,0.0,0.0,0.0,0.0,0.0,0.0,0.0,0.0,0.0,0.0,1.4142135623730951,1.4142135623730951,3.0,4.47213595499958,6.4031242374328485,7.810249675906654,8.06225774829855,8.54400374531753,10.198039027185569,11.045361017187261,12.041594578792296,12.649110640673518,11.180339887498949,10.816653826391969,11.313708498984761,10.816653826391969,10.770329614269007,9.486832980505138,8.06225774829855,5.0990195135927845,2.23606797749979,2.8284271247461903,7.211102550927978,12.206555615733702,16.64331697709324,20.248456731316587
1787398111.7806349,-69,0.0,20.0,20.0,19.4164878389476,19.4164878389476,18.35755975068582,17.88854381999832,16.55294535724685,15.652475842498529,13.892443989449804,12.529964086141668,11.661903789690601,11.661903789690601,10.816653826391969,10.63014581273465,10.63014581273465,10.63014581273465,10.63014581273465,12.041594578792296,12.041594578792296,11.313708498984761,12.041594578792296,12.806248474865697,12.206555615733702,11.661903789690601,10.295630140987,10.295630140987,0.0,0.0,0.0,0.0,0.0,0.0,0.0,0.0,0.0,0.0,0.0,7.0,7.0,7.0,8.06225774829855,8.06225774829855,7.0710678118654755,8.246211251235321,8.246211251235321,9.219544457292887,9.219544457292887,10.198039027185569,10.198039027185569,10.198039027185569,9.219544457292887,9.219544457292887,10.44030650891055,10.770329614269007,9.848857801796104,10.295630140987,10.816653826391969,11.40175425099138,12.041594578792296,12.727922061357855,14.866068747318506,16.97056274847714,18.439088914585774
1787398112.0618224,-84,0.0,13.038404810405298,13.038404810405298,13.038404810405298,13.038404810405298,12.206555615733702,12.206555615733702,11.40175425099138,10.816653826391969,10.0,9.433981132056603,8.06225774829855,7.615773105863909,7.280109889280518,7.0710678118654755,6.0,6.082762530298219,6.324555320336759,6.324555320336759,6.708203932499369,6.708203932499369,5.830951894845301,4.47213595499958,4.47213595499958,4.123105625617661,3.1622776601683795,3.0,0.0,0.0,0.0,0.0,0.0,0.0,0.0,0.0,0.0,0.0,0.0,12.165525060596439,12.041594578792296,11.0,12.0,11.180339887498949,12.36931687685298,12.649110640673518,13.0,12.083045973594572,12.529964086141668,13.038404810405298,13.601470508735444,13.45362404707371,14.212670403551895,14.142135623730951,14.866068747318506,14.866068747318506,14.866068747318506,14.866068747318506,14.866068747318506,14.866068747318506,13.45362404707371,12.727922061357855,12.727922061357855,12.041594578792296,11.313708498984761
1787398112.0707865,-31,0.0,13.0,13.0,13.0,13.0,13.038404810405298,13.038404810405298,13.038404810405298,13.152946437965905,13.152946437965905,13.152946437965905,13.341664064126334,12.36931687685298,13.601470508735444,13.601470508735444,13.601470508735444,13.601470508735444,14.560219778561036,14.560219778561036,14.560219778561036,14.317821063276353,14.317821063276353,14.142135623730951,13.152946437965905,13.038404810405298,13.0,12.041594578792296,0.0,0.0,0.0,0.0,0.0,0.0,0.0,0.0,0.0,0.0,0.0,11.045361017187261,12.165525060596439,12.36931687685298,12.649110640673518,12.649110640673518,13.0,13.92838827718412,14.317821063276353,14.317821063276353,13.416407864998739,13.416407864998739,13.416407864998739,13.416407864998739,13.0,13.0,13.0,12.649110640673518,12.649110640673518,12.36931687685298,12.36931687685298,12.36931687685298,12.165525060596439,13.152946437965905,13.152946437965905,13.152946437965905,13.152946437965905
1787398112.15515,-83,0.0,12.0,12.0,11.045361017187261,11.180339887498949,11.180339887498949,11.180339887498949,12.165525060596439,11.180339887498949,10.198039027185569,9.055385138137417,9.0,8.0,7.0,5.0990195135927845,4.123105625617661,3.0,1.4142135623730951,0.0,1.0,2.23606797749979,3.1622776601683795,3.605551275463989,3.605551275463989,4.242640687119285,5.656854249492381,5.830951894845301,0.0,0.0,0.0,0.0,0.0,0.0,0.0,0.0,0.0,0.0,0.0,16.97056274847714,15.620499351813308,15.0,14.422205101855956,15.264337522473747,14.7648230602334,15.264337522473747,15.264337522473747,15.264337522473747,16.1245154965971,16.1245154965971,16.1245154965971,14.7648230602334,14.7648230602334,13.892443989449804,12.206555615733702,10.816653826391969,12.206555615733702,10.63014581273465,9.899494936611665,9.433981132056603,8.94427190999916,8.94427190999916,8.54400374531753,8.54400374531753,8.246211251235321
1787398112.2759194,-83,0.0,3.1622776601683795,3.0,3.1622776601683795,3.605551275463989,4.242640687119285,5.0,5.830951894845301,7.615773105863909,7.615773105863909,8.246211251235321,7.280109889280518,8.06225774829855,8.06225774829855,9.0,9.055385138137417,9.219544457292887,9.219544457292887,10.44030650891055,10.44030650891055,10.44030650891055,9.486832980505138,9.486832980505138,9.219544457292887,9.0,9.0,9.055385138137417,0.0,0.0,0.0,0.0,0.0,0.0,0.0,0.0,0.0,0.0,0.0,11.313708498984761,12.041594578792296,12.806248474865697,13.601470508735444,14.422205101855956,15.264337522473747,16.1245154965971,16.1245154965971,16.55294535724685,16.55294535724685,17.0,15.652475842498529,15.652475842498529,14.7648230602334,14.7648230602334,13.892443989449804,13.892443989449804,13.601470508735444,12.206555615733702,11.40175425099138,11.40175425099138,10.63014581273465,10.63014581273465,9.899494936611665,9.899494936611665,9.899494936611665
1787398112.2959015,-69,0.0,19.313207915827967,19.313207915827967,19.313207915827967,19.313207915827967,18.973665961010276,18.681541692269406,18.439088914585774,16.278820596099706,15.297058540778355,14.317821063276353,14.317821063276353,13.341664064126334,13.341664064126334,12.36931687685298,12.36931687685298,11.40175425099138,11.704699910719626,11.704699910719626,11.40175425099138,11.40175425099138,10.44030650891055,11.40175425099138,11.180339887498949,11.045361017187261,10.04987562112089,9.0,0.0,0.0,0.0,0.0,0.0,0.0,0.0,0.0,0.0,0.0,0.0,8.54400374531753,8.54400374531753,7.615773105863909,7.280109889280518,7.280109889280518,6.082762530298219,7.0710678118654755,8.06225774829855,8.06225774829855,9.219544457292887,9.219544457292887,9.219544457292887,9.055385138137417,9.055385138137417,9.0,9.0,9.055385138137417,9.219544457292887,9.486832980505138,10.44030650891055,10.770329614269007,12.083045973594572,13.416407864998739,14.7648230602334,17.0,17.0
1787398112.4964519,-84,0.0,15.811388300841896,15.811388300841896,15.0,15.620499351813308,15.620499351813308,15.0,14.212670403551895,14.212670403551895,13.45362404707371,13.45362404707371,13.45362404707371,13.45362404707371,12.041594578792296,12.041594578792296,12.041594578792296,12.041594578792296,10.63014581273465,10.63014581273465,9.899494936611665,9.219544457292887,9.219544457292887,9.219544457292887,9.433981132056603,9.433981132056603,8.94427190999916,9.848857801796104,0.0,0.0,0.0,0.0,0.0,0.0,0.0,0.0,0.0,0.0,0.0,7.211102550927978,7.211102550927978,6.708203932499369,6.708203932499369,7.615773105863909,7.615773105863909,8.54400374531753,8.54400374531753,9.848857801796104,9.848857801796104,10.295630140987,10.295630140987,10.295630140987,11.180339887498949,11.661903789690601,11.661903789690601,12.083045973594572,12.083045973594572,12.083045973594572,13.0,14.317821063276353,13.416407864998739,13.416407864998739,13.416407864998739,12.529964086141668,13.038404810405298
1787398112.796797,-67,0.0,23.08679276123039,23.259406699226016,22.825424421026653,22.47220505424423,23.021728866442675,20.808652046684813,18.601075237738275,17.804493814764857,16.64331697709324,16.1245154965971,15.652475842498529,15.231546211727817,15.231546211727817,14.317821063276353,11.704699910719626,11.704699910719626,12.649110640673518,12.36931687685298,12.36931687685298,12.36931687685298,12.36931687685298,13.601470508735444,14.866068747318506,14.317821063276353,13.892443989449804,12.649110640673518,0.0,0.0,0.0,0.0,0.0,0.0,0.0,0.0,0.0,0.0,0.0,8.06225774829855,8.0,8.0,9.055385138137417,8.246211251235321,8.246211251235321,7.615773105863909,7.211102550927978,7.211102550927978,8.06225774829855,9.219544457292887,9.219544457292887,9.219544457292887,9.219544457292887,9.219544457292887,9.433981132056603,8.602325267042627,9.433981132056603,11.661903789690601,12.083045973594572,11.704699910719626,13.0,15.231546211727817,17.46424919657298,20.615528128088304,22.47220505424423
1787398112.855924,-68,0.0,26.1725046566048,26.1725046566048,25.179356624028344,23.08679276123039,19.026297590440446,14.035668847618199,10.198039027185569,5.830951894845301,5.0990195135927845,7.280109889280518,9.848857801796104,11.661903789690601,13.892443989449804,15.652475842498529,16.55294535724685,17.08800749063506,16.76305461424021,15.524174696260024,14.560219778561036,13.341664064126334,11.40175425099138,9.486832980505138,6.4031242374328485,4.47213595499958,4.47213595499958,5.830951894845301,0.0,0.0,0.0,0.0,0.0,0.0,0.0,0.0,0.0,0.0,0.0,3.1622776601683795,1.0,2.0,4.123105625617661,5.830951894845301,7.615773105863909,8.246211251235321,10.0,12.041594578792296,13.152946437965905,15.297058540778355,15.811388300841896,16.15549442140351,15.652475842498529,15.811388300841896,15.0,13.45362404707371,11.313708498984761,8.48528137423857,5.830951894845301,4.0,4.242640687119285,7.615773105863909,12.36931687685298,17.26267650163207,21.37755832643195
1787398112.9703417,-67,0.0,32.01562118716424,32.28002478313795,30.364452901377952,28.160255680657446,24.698178070456937,19.235384061671343,13.601470508735444,9.433981132056603,8.0,9.848857801796104,11.661903789690601,14.422205101855956,17.204650534085253,18.867962264113206,20.591260281974,21.02379604162864,20.615528128088304,18.973665961010276,18.681541692269406,16.492422502470642,13.601470508735444,10.770329614269007,7.810249675906654,5.0990195135927845,5.830951894845301,7.0710678118654755,0.0,0.0,0.0,0.0,0.0,0.0,0.0,0.0,0.0,0.0,0.0,2.23606797749979,1.0,1.0,5.0,7.0710678118654755,7.280109889280518,9.848857801796104,10.816653826391969,12.041594578792296,15.556349186104045,17.029386365926403,17.204650534085253,17.88854381999832,16.55294535724685,15.524174696260024,15.132745950421556,12.0,10.0,8.06225774829855,5.0990195135927845,3.605551275463989,6.0,10.198039027185569,15.811388300841896,20.8806130178211,25.0
1787398113.2147784,-68,0.0,21.213203435596427,22.20360331117452,22.090722034374522,22.090722034374522,21.0,20.024984394500787,19.026297590440446,17.029386365926403,16.0312195418814,14.0,14.0,13.038404810405298,13.038404810405298,13.152946437965905,13.152946437965905,13.152946437965905,13.152946437965905,13.152946437965905,13.152946437965905,13.152946437965905,14.142135623730951,14.142135623730951,13.038404810405298,13.038404810405298,12.165525060596439,11.180339887498949,0.0,0.0,0.0,0.0,0.0,0.0,0.0,0.0,0.0,0.0,0.0,7.810249675906654,7.810249675906654,7.810249675906654,7.211102550927978,6.708203932499369,7.615773105863909,7.615773105863909,8.54400374531753,9.486832980505138,9.486832980505138,9.486832980505138,9.486832980505138,9.219544457292887,10.198039027185569,10.198039027185569,11.045361017187261,11.045361017187261,11.0,12.0,13.038404810405298,14.142135623730951,15.132745950421556,16.278820596099706,17.26267650163207,19.4164878389476,20.396078054371138
1787398113.7258434,-67,0.0,26.248809496813376,25.0,22.80350850198276,21.2602916254693,17.69180601295413,14.212670403551895,10.295630140987,7.0710678118654755,6.708203932499369,7.810249675906654,9.219544457292887,10.63014581273465,11.313708498984761,13.45362404707371,14.212670403551895,15.264337522473747,16.1245154965971,15.652475842498529,15.231546211727817,13.0,10.295630140987,8.602325267042627,6.4031242374328485,5.0,5.830951894845301,7.211102550927978,0.0,0.0,0.0,0.0,0.0,0.0,0.0,0.0,0.0,0.0,0.0,4.47213595499958,2.23606797749979,1.0,1.0,3.0,6.0,8.06225774829855,10.44030650891055,13.0,15.231546211727817,17.0,18.027756377319946,17.029386365926403,17.69180601295413,17.204650534085253,16.1245154965971,14.317821063276353,12.083045973594572,9.848857801796104,8.06225774829855,6.4031242374328485,6.082762530298219,8.54400374531753,13.038404810405298,17.804493814764857,20.615528128088304
1787398113.793291,-83,0.0,4.123105625617661,4.0,3.1622776601683795,3.605551275463989,5.0,6.708203932499369,8.06225774829855,8.06225774829855,9.433981132056603,10.295630140987,10.295630140987,10.295630140987,11.661903789690601,11.180339887498949,10.816653826391969,10.816653826391969,10.816653826391969,9.433981132056603,9.433981132056603,9.433981132056603,9.219544457292887,7.810249675906654,7.810249675906654,6.4031242374328485,5.830951894845301,5.830951894845301,0.0,0.0,0.0,0.0,0.0,0.0,0.0,0.0,0.0,0.0,0.0,20.248456731316587,19.72308292331602,20.591260281974,20.12461179749811,20.12461179749811,20.12461179749811,20.12461179749811,20.12461179749811,18.788294228055936,19.697715603592208,18.788294228055936,17.88854381999832,17.0,17.0,15.652475842498529,14.7648230602334,14.422205101855956,13.601470508735444,12.806248474865697,12.206555615733702,11.40175425099138,10.63014581273465,9.219544457292887,7.810249675906654,7.211102550927978,7.211102550927978
1787398113.8684335,-68,0.0,28.178005607210743,28.178005607210743,26.832815729997478,24.166091947189145,19.313207915827967,15.297058540778355,11.0,7.615773105863909,7.211102550927978,9.219544457292887,11.045361017187261,13.038404810405298,16.1245154965971,18.24828759089466,18.439088914585774,19.924858845171276,21.18962010041709,19.313207915827967,18.384776310850235,16.15549442140351,13.92838827718412,11.180339887498949,9.055385138137417,7.211102550927978,6.708203932499369,8.06225774829855,0.0,0.0,0.0,0.0,0.0,0.0,0.0,0.0,0.0,0.0,0.0,4.123105625617661,3.0,2.23606797749979,2.0,3.605551275463989,5.385164807134504,9.055385138137417,11.0,13.038404810405298,15.297058540778355,17.46424919657298,18.973665961010276,19.313207915827967,17.88854381999832,16.401219466856727,15.556349186104045,15.0,13.038404810405298,10.816653826391969,7.0710678118654755,4.47213595499958,5.385164807134504,9.219544457292887,14.7648230602334,20.591260281974,22.825424421026653
1787398113.8884742,-67,0.0,20.808652046684813,20.808652046684813,19.72308292331602,18.35755975068582,14.7648230602334,10.63014581273465,7.0710678118654755,5.385164807134504,5.385164807134504,6.4031242374328485,7.0710678118654755,8.06225774829855,8.06225774829855,11.180339887498949,11.704699910719626,11.045361017187261,12.041594578792296,13.152946437965905,11.180339887498949,10.04987562112089,9.055385138137417,7.0,5.0990195135927845,0.0,3.1622776601683795,8.94427190999916,0.0,0.0,0.0,0.0,0.0,0.0,0.0,0.0,0.0,0.0,0.0,2.8284271247461903,2.23606797749979,0.0,2.23606797749979,3.1622776601683795,5.0990195135927845,7.0,8.06225774829855,10.04987562112089,11.180339887498949,13.341664064126334,14.866068747318506,13.416407864998739,13.601470508735444,12.727922061357855,12.083045973594572,10.770329614269007,9.486832980505138,8.54400374531753,5.830951894845301,3.605551275463989,6.082762530298219,9.486832980505138,13.0,16.55294535724685,17.804493814764857
1787398114.0621998,-71,0.0,26.0,26.0,24.698178070456937,22.47220505424423,19.6468827043885,16.278820596099706,11.0,8.54400374531753,7.810249675906654,8.246211251235321,10.198039027185569,12.041594578792296,13.152946437965905,14.142135623730951,15.297058540778355,15.524174696260024,14.866068747318506,14.866068747318506,13.92838827718412,12.083045973594572,9.848857801796104,8.246211251235321,7.0,5.830951894845301,6.4031242374328485,7.280109889280518,0.0,0.0,0.0,0.0,0.0,0.0,0.0,0.0,0.0,0.0,0.0,5.0,2.23606797749979,1.0,1.4142135623730951,4.242640687119285,6.4031242374328485,8.06225774829855,9.486832980505138,11.40175425099138,13.341664064126334,15.297058540778355,16.0312195418814,15.033296378372908,14.560219778561036,13.0,11.661903789690601,10.63014581273465,9.219544457292887,8.602325267042627,6.4031242374328485,4.242640687119285,3.1622776601683795,6.4031242374328485,10.295630140987,14.7648230602334,18.788294228055936
1787398114.093855,-68,0.0,28.653097563788805,27.784887978899608,27.784887978899608,24.698178070456937,20.808652046684813,16.278820596099706,12.206555615733702,8.54400374531753,7.0710678118654755,7.615773105863909,10.295630140987,12.206555615733702,13.601470508735444,15.264337522473747,15.652475842498529,15.231546211727817,15.811388300841896,15.524174696260024,14.317821063276353,12.165525060596439,11.180339887498949,9.486832980505138,7.211102550927978,4.47213595499958,3.1622776601683795,4.242640687119285,0.0,0.0,0.0,0.0,0.0,0.0,0.0,0.0,0.0,0.0,0.0,2.8284271247461903,1.4142135623730951,2.23606797749979,4.123105625617661,6.082762530298219,8.06225774829855,9.0,11.045361017187261,13.341664064126334,15.811388300841896,17.08800749063506,16.55294535724685,16.1245154965971,15.0,13.45362404707371,11.661903789690601,10.44030650891055,9.219544457292887,8.246211251235321,5.385164807134504,3.605551275463989,4.0,8.54400374531753,13.416407864998739,18.35755975068582,21.470910553583888
1787398114.1059537,-68,0.0,26.40075756488817,25.80697580112788,25.0,23.021728866442675,19.72308292331602,16.15549442140351,11.180339887498949,9.055385138137417,8.06225774829855,9.219544457292887,10.295630140987,11.180339887498949,12.529964086141668,14.422205101855956,15.0,16.278820596099706,16.278820596099706,16.278820596099706,14.866068747318506,12.806248474865697,11.40175425099138,9.219544457292887,7.211102550927978,5.0,4.242640687119285,5.385164807134504,0.0,0.0,0.0,0.0,0.0,0.0,0.0,0.0,0.0,0.0,0.0,3.605551275463989,1.4142135623730951,1.4142135623730951,2.8284271247461903,5.0,6.708203932499369,8.54400374531753,10.198039027185569,12.165525060596439,14.035668847618199,16.0,16.1245154965971,15.297058540778355,13.601470508735444,13.0,10.816653826391969,9.899494936611665,8.06225774829855,6.324555320336759,4.47213595499958,2.8284271247461903,3.1622776601683795,7.0710678118654755,12.041594578792296,16.401219466856727,20.0
1787398114.118414,-69,0.0,19.235384061671343,19.72308292331602,18.867962264113206,17.4928556845359,14.317821063276353,11.40175425099138,8.06225774829855,6.082762530298219,5.0,5.385164807134504,7.0710678118654755,7.615773105863909,8.06225774829855,9.219544457292887,11.313708498984761,12.041594578792296,12.041594578792296,10.0,9.433981132056603,8.602325267042627,6.4031242374328485,5.656854249492381,5.830951894845301,6.324555320336759,7.0710678118654755,8.94427190999916,0.0,0.0,0.0,0.0,0.0,0.0,0.0,0.0,0.0,0.0,0.0,3.1622776601683795,2.0,0.0,1.4142135623730951,2.8284271247461903,4.242640687119285,5.0,6.708203932499369,9.486832980505138,10.44030650891055,12.36931687685298,12.165525060596439,11.045361017187261,11.045361017187261,9.219544457292887,8.94427190999916,7.810249675906654,6.4031242374328485,5.830951894845301,4.242640687119285,2.23606797749979,2.23606797749979,4.242640687119285,8.602325267042627,11.661903789690601,14.7648230602334
1787398114.1380217,-67,0.0,21.37755832643195,20.615528128088304,19.924858845171276,19.313207915827967,16.1245154965971,12.041594578792296,7.615773105863909,7.280109889280518,8.06225774829855,7.280109889280518,5.830951894845301,8.06225774829855,10.295630140987,11.40175425099138,12.041594578792296,12.806248474865697,12.206555615733702,11.40175425099138,11.40175425099138,10.0,8.602325267042627,8.602325267042627,9.219544457292887,7.810249675906654,7.615773105863909,14.560219778561036,0.0,0.0,0.0,0.0,0.0,0.0,0.0,0.0,0.0,0.0,0.0,3.605551275463989,2.23606797749979,1.0,2.23606797749979,3.0,5.0990195135927845,7.280109889280518,9.486832980505138,10.44030650891055,10.770329614269007,12.083045973594572,13.0,12.083045973594572,10.295630140987,9.433981132056603,9.219544457292887,8.48528137423857,6.4031242374328485,5.0,4.242640687119285,2.23606797749979,1.4142135623730951,4.47213595499958,8.246211251235321,13.038404810405298,16.0
1787398114.2368436,-69,0.0,20.223748416156685,21.213203435596427,21.213203435596427,20.09975124224178,20.024984394500787,19.0,18.0,16.0312195418814,15.033296378372908,14.0,13.0,12.041594578792296,12.041594578792296,12.165525060596439,11.180339887498949,11.180339887498949,11.40175425099138,10.44030650891055,10.44030650891055,10.44030650891055,10.44030650891055,11.40175425099138,11.180339887498949,11.045361017187261,10.04987562112089,9.0,0.0,0.0,0.0,0.0,0.0,0.0,0.0,0.0,0.0,0.0,0.0,7.0710678118654755,6.4031242374328485,5.656854249492381,6.4031242374328485,7.211102550927978,7.211102550927978,8.06225774829855,8.06225774829855,8.94427190999916,8.54400374531753,9.848857801796104,9.848857801796104,9.848857801796104,9.848857801796104,8.54400374531753,9.219544457292887,9.055385138137417,9.0,10.04987562112089,10.198039027185569,11.180339887498949,12.36931687685298,13.341664064126334,15.524174696260024,17.72004514666935,18.681541692269406
1787398114.3316638,-67,0.0,27.202941017470888,27.202941017470888,25.96150997149434,23.08679276123039,18.027756377319946,14.317821063276353,9.433981132056603,5.830951894845301,5.0990195135927845,7.0710678118654755,10.0,12.806248474865697,14.866068747318506,16.278820596099706,17.029386365926403,17.804493814764857,17.204650534085253,17.0,15.652475842498529,13.892443989449804,11.661903789690601,10.0,7.211102550927978,6.324555320336759,7.0710678118654755,8.06225774829855,0.0,0.0,0.0,0.0,0.0,0.0,0.0,0.0,0.0,0.0,0.0,5.0,2.0,0.0,3.605551275463989,5.0,6.4031242374328485,8.06225774829855,11.180339887498949,14.317821063276353,16.15549442140351,18.027756377319946,18.027756377319946,17.72004514666935,16.492422502470642,16.1245154965971,14.035668847618199,12.165525060596439,9.486832980505138,7.280109889280518,5.0,4.242640687119285,5.0,8.06225774829855,12.36931687685298,17.46424919657298,22.80350850198276
1787398114.3585036,-68,0.0,26.92582403567252,26.476404589747453,24.515301344262525,21.587033144922902,18.24828759089466,14.0,10.198039027185569,6.708203932499369,5.830951894845301,8.06225774829855,10.0,12.041594578792296,13.038404810405298,15.132745950421556,16.278820596099706,16.492422502470642,15.811388300841896,14.866068747318506,13.92838827718412,12.083045973594572,10.770329614269007,8.246211251235321,5.0,3.605551275463989,4.0,4.123105625617661,0.0,0.0,0.0,0.0,0.0,0.0,0.0,0.0,0.0,0.0,0.0,3.605551275463989,2.23606797749979,2.23606797749979,3.0,3.1622776601683795,5.0,6.708203932499369,9.486832980505138,12.649110640673518,14.317821063276353,15.132745950421556,15.033296378372908,15.0,14.0,13.152946437965905,11.40175425099138,9.848857801796104,7.810249675906654,5.830951894845301,4.47213595499958,3.1622776601683795,5.830951894845301,9.486832980505138,14.317821063276353,18.439088914585774,20.396078054371138
1787398114.3941967,-68,0.0,31.400636936215164,30.265491900843113,29.274562336608895,25.179356624028344,20.0,15.132745950421556,10.295630140987,7.211102550927978,8.0,10.770329614269007,13.416407864998739,15.231546211727817,18.027756377319946,19.924858845171276,19.924858845171276,20.615528128088304,21.213203435596427,20.09975124224178,17.11724276862369,14.035668847618199,11.045361017187261,9.055385138137417,5.385164807134504,3.1622776601683795,4.47213595499958,6.4031242374328485,0.0,0.0,0.0,0.0,0.0,0.0,0.0,0.0,0.0,0.0,0.0,3.605551275463989,2.23606797749979,1.0,2.8284271247461903,5.0,7.615773105863909,9.486832980505138,11.180339887498949,13.0,14.035668847618199,16.0312195418814,18.110770276274835,17.46424919657298,16.15549442140351,15.264337522473747,14.212670403551895,12.727922061357855,10.63014581273465,8.48528137423857,5.0,3.0,5.830951894845301,10.770329614269007,16.492422502470642,21.587033144922902,25.495097567963924
1787398115.3598971,-80,0.0,9.899494936611665,10.816653826391969,11.40175425099138,10.63014581273465,13.601470508735444,15.811388300841896,12.727922061357855,9.433981132056603,10.816653826391969,14.422205101855956,15.0,14.7648230602334,15.652475842498529,17.46424919657298,16.64331697709324,15.620499351813308,15.811388300841896,14.422205101855956,15.0,14.422205101855956,13.0,13.0,11.40175425099138,8.602325267042627,10.04987562112089,13.0,0.0,0.0,0.0,0.0,0.0,0.0,0.0,0.0,0.0,0.0,0.0,10.816653826391969,10.0,11.40175425099138,12.041594578792296,12.041594578792296,12.041594578792296,13.45362404707371,14.212670403551895,14.212670403551895,14.142135623730951,14.142135623730951,12.041594578792296,12.041594578792296,11.313708498984761,9.899494936611665,9.433981132056603,11.180339887498949,10.44030650891055,9.055385138137417,10.0,12.165525060596439,13.0,11.704699910719626,9.055385138137417,10.0,12.0
1787398115.550779,-82,0.0,15.0,14.866068747318506,17.029386365926403,17.204650534085253,16.55294535724685,16.15549442140351,16.55294535724685,16.1245154965971,16.64331697709324,15.652475842498529,13.038404810405298,11.661903789690601,11.180339887498949,11.180339887498949,11.40175425099138,11.661903789690601,12.649110640673518,12.649110640673518,11.180339887498949,10.295630140987,9.848857801796104,9.848857801796104,10.770329614269007,10.44030650891055,9.0,9.0,0.0,0.0,0.0,0.0,0.0,0.0,0.0,0.0,0.0,0.0,0.0,11.045361017187261,8.06225774829855,10.04987562112089,11.045361017187261,10.198039027185569,11.045361017187261,10.0,12.0,16.0,13.038404810405298,11.661903789690601,11.313708498984761,9.219544457292887,12.206555615733702,12.206555615733702,12.041594578792296,14.866068747318506,14.142135623730951,13.45362404707371,12.806248474865697,12.206555615733702,13.601470508735444,14.866068747318506,16.401219466856727,18.439088914585774,19.1049731745428
1787398115.6633563,-73,0.0,14.0,14.035668847618199,15.033296378372908,15.0,16.0,16.0312195418814,15.132745950421556,14.035668847618199,13.0,12.041594578792296,12.041594578792296,13.152946437965905,14.317821063276353,14.560219778561036,14.560219778561036,16.76305461424021,17.46424919657298,16.492422502470642,15.033296378372908,15.033296378372908,13.038404810405298,14.035668847618199,15.033296378372908,13.038404810405298,11.704699910719626,11.704699910719626,0.0,0.0,0.0,0.0,0.0,0.0,0.0,0.0,0.0,0.0,0.0,8.246211251235321,9.486832980505138,9.219544457292887,11.0,13.0,13.038404810405298,13.038404810405298,13.152946437965905,12.0,12.36931687685298,11.40175425099138,10.44030650891055,11.704699910719626,12.649110640673518,10.44030650891055,9.848857801796104,9.848857801796104,10.770329614269007,10.198039027185569,11.045361017187261,11.045361017187261,11.045361017187261,11.0,11.045361017187261,11.045361017187261,12.0
1787398116.0872848,-70,0.0,20.591260281974,20.12461179749811,21.02379604162864,20.615528128088304,19.313207915827967,18.973665961010276,17.72004514666935,15.524174696260024,14.560219778561036,13.601470508735444,13.0,13.0,13.0,13.416407864998739,13.416407864998739,12.529964086141668,13.416407864998739,13.0,11.704699910719626,11.704699910719626,11.704699910719626,11.704699910719626,10.770329614269007,10.44030650891055,9.219544457292887,9.219544457292887,0.0,0.0,0.0,0.0,0.0,0.0,0.0,0.0,0.0,0.0,0.0,8.94427190999916,8.54400374531753,7.615773105863909,7.615773105863909,7.280109889280518,7.280109889280518,7.280109889280518,8.246211251235321,8.06225774829855,8.06225774829855,9.055385138137417,9.055385138137417,8.0,8.0,8.0,8.06225774829855,8.06225774829855,8.246211251235321,8.54400374531753,9.848857801796104,10.816653826391969,12.206555615733702,13.601470508735444,15.620499351813308,17.804493814764857,18.601075237738275
1787398116.5639606,-89,0.0,2.23606797749979,3.605551275463989,4.47213595499958,5.385164807134504,6.324555320336759,7.615773105863909,8.54400374531753,9.848857801796104,9.848857801796104,9.848857801796104,10.44030650891055,10.770329614269007,11.40175425099138,11.40175425099138,11.40175425099138,12.36931687685298,12.36931687685298,12.36931687685298,12.36931687685298,11.40175425099138,11.40175425099138,11.40175425099138,10.44030650891055,9.486832980505138,8.54400374531753,8.54400374531753,0.0,0.0,0.0,0.0,0.0,0.0,0.0,0.0,0.0,0.0,0.0,18.601075237738275,19.209372712298546,19.849433241279208,19.849433241279208,19.79898987322333,20.518284528683193,19.849433241279208,19.1049731745428,17.804493814764857,16.401219466856727,15.0,13.601470508735444,11.40175425099138,10.0,8.602325267042627,7.211102550927978,7.211102550927978,6.4031242374328485,5.0,5.0,3.605551275463989,3.605551275463989,2.23606797749979,2.0,2.0,1.4142135623730951
1787398116.800815,-69,0.0,18.110770276274835,18.110770276274835,18.110770276274835,18.24828759089466,18.439088914585774,17.72004514666935,16.76305461424021,14.866068747318506,13.601470508735444,12.36931687685298,12.36931687685298,12.165525060596439,12.165525060596439,13.152946437965905,13.038404810405298,13.038404810405298,12.041594578792296,12.165525060596439,11.180339887498949,11.180339887498949,10.198039027185569,10.198039027185569,9.486832980505138,9.486832980505138,8.54400374531753,8.54400374531753,0.0,0.0,0.0,0.0,0.0,0.0,0.0,0.0,0.0,0.0,0.0,9.433981132056603,9.433981132056603,9.433981132056603,9.433981132056603,9.433981132056603,9.433981132056603,9.433981132056603,9.433981132056603,9.433981132056603,9.433981132056603,9.433981132056603,9.848857801796104,10.295630140987,10.295630140987,9.848857801796104,9.848857801796104,9.486832980505138,10.44030650891055,10.198039027185569,11.180339887498949,11.180339887498949,11.045361017187261,13.038404810405298,14.0,16.0312195418814,17.029386365926403
1787398117.6204822,-70,0.0,21.213203435596427,21.37755832643195,21.37755832643195,21.37755832643195,21.587033144922902,20.615528128088304,19.6468827043885,18.681541692269406,17.72004514666935,16.76305461424021,16.492422502470642,15.524174696260024,14.560219778561036,14.317821063276353,13.341664064126334,13.341664064126334,12.36931687685298,12.36931687685298,12.165525060596439,12.165525060596439,12.165525060596439,12.165525060596439,11.704699910719626,9.848857801796104,8.94427190999916,8.94427190999916,0.0,0.0,0.0,0.0,0.0,0.0,0.0,0.0,0.0,0.0,0.0,8.602325267042627,7.810249675906654,7.810249675906654,7.810249675906654,7.0710678118654755,7.810249675906654,7.211102550927978,8.06225774829855,8.602325267042627,9.433981132056603,10.295630140987,10.295630140987,10.295630140987,10.295630140987,9.848857801796104,10.44030650891055,10.198039027185569,12.165525060596439,13.152946437965905,13.152946437965905,14.035668847618199,15.132745950421556,16.1245154965971,18.027756377319946,20.024984394500787,21.02379604162864
1787398118.0283117,-70,0.0,19.6468827043885,20.396078054371138,20.615528128088304,19.924858845171276,19.924858845171276,19.313207915827967,17.46424919657298,16.15549442140351,14.866068747318506,13.92838827718412,12.649110640673518,12.36931687685298,12.36931687685298,12.165525060596439,12.165525060596439,12.165525060596439,12.041594578792296,13.0,13.038404810405298,12.041594578792296,12.041594578792296,12.165525060596439,11.40175425099138,11.40175425099138,10.770329614269007,9.848857801796104,0.0,0.0,0.0,0.0,0.0,0.0,0.0,0.0,0.0,0.0,0.0,5.385164807134504,5.0,5.0,5.0,5.656854249492381,5.830951894845301,5.830951894845301,6.708203932499369,8.06225774829855,8.06225774829855,8.602325267042627,8.602325267042627,8.602325267042627,8.06225774829855,8.06225774829855,7.615773105863909,9.219544457292887,10.198039027185569,11.180339887498949,12.165525060596439,13.152946437965905,13.152946437965905,15.033296378372908,17.11724276862369,18.110770276274835,20.024984394500787
1787398118.7962477,-77,0.0,11.704699910719626,12.083045973594572,11.704699910719626,11.704699910719626,12.083045973594572,12.083045973594572,11.661903789690601,13.45362404707371,12.727922061357855,9.219544457292887,8.54400374531753,8.94427190999916,8.602325267042627,6.708203932499369,5.830951894845301,7.0710678118654755,5.656854249492381,3.605551275463989,5.0,7.211102550927978,8.48528137423857,7.810249675906654,7.810249675906654,9.219544457292887,7.810249675906654,5.656854249492381,0.0,0.0,0.0,0.0,0.0,0.0,0.0,0.0,0.0,0.0,0.0,7.0,9.219544457292887,11.661903789690601,12.806248474865697,12.727922061357855,13.45362404707371,13.45362404707371,13.601470508735444,14.422205101855956,16.1245154965971,16.1245154965971,16.64331697709324,16.1245154965971,15.652475842498529,15.264337522473747,15.264337522473747,16.1245154965971,16.1245154965971,16.1245154965971,16.55294535724685,17.46424919657298,17.46424919657298,17.0,16.55294535724685,14.866068747318506,13.341664064126334
1787398118.9540305,-67,0.0,26.076809620810597,25.079872407968907,23.08679276123039,21.095023109728988,18.110770276274835,14.317821063276353,10.770329614269007,8.602325267042627,7.211102550927978,7.0710678118654755,9.055385138137417,11.045361017187261,14.142135623730951,16.278820596099706,17.26267650163207,18.24828759089466,19.235384061671343,18.24828759089466,16.278820596099706,14.317821063276353,11.704699910719626,8.94427190999916,7.0710678118654755,5.385164807134504,6.082762530298219,7.615773105863909,0.0,0.0,0.0,0.0,0.0,0.0,0.0,0.0,0.0,0.0,0.0,2.23606797749979,1.0,3.1622776601683795,5.385164807134504,7.615773105863909,8.94427190999916,10.816653826391969,12.206555615733702,13.45362404707371,14.866068747318506,15.0,14.7648230602334,13.92838827718412,12.36931687685298,11.045361017187261,10.04987562112089,8.246211251235321,6.324555320336759,5.385164807134504,3.1622776601683795,1.4142135623730951,4.123105625617661,8.06225774829855,13.152946437965905,17.11724276862369,20.09975124224178
1787398119.0272386,-78,0.0,14.142135623730951,14.317821063276353,16.76305461424021,17.88854381999832,16.1245154965971,12.083045973594572,13.341664064126334,16.278820596099706,14.142135623730951,10.295630140987,9.848857801796104,11.704699910719626,16.97056274847714,17.029386365926403,11.313708498984761,6.708203932499369,7.0,7.0,6.082762530298219,8.06225774829855,10.770329614269007,11.40175425099138,14.317821063276353,16.64331697709324,17.0,15.811388300841896,0.0,0.0,0.0,0.0,0.0,0.0,0.0,0.0,0.0,0.0,0.0,16.0312195418814,16.0,14.035668847618199,12.165525060596439,11.180339887498949,10.0,9.055385138137417,11.180339887498949,12.36931687685298,11.045361017187261,11.0,14.035668847618199,15.033296378372908,15.132745950421556,15.297058540778355,16.278820596099706,14.560219778561036,13.0,13.0,12.649110640673518,12.165525060596439,12.165525060596439,13.601470508735444,13.601470508735444,13.601470508735444,13.601470508735444
1787398119.1347706,-70,0.0,26.30589287593181,25.317977802344327,24.331050121192877,21.213203435596427,17.11724276862369,14.0,10.198039027185569,8.06225774829855,6.4031242374328485,8.54400374531753,10.198039027185569,12.165525060596439,13.152946437965905,15.297058540778355,16.278820596099706,16.492422502470642,17.72004514666935,18.027756377319946,16.76305461424021,14.560219778561036,12.165525060596439,9.055385138137417,7.0710678118654755,5.0,5.385164807134504,6.082762530298219,0.0,0.0,0.0,0.0,0.0,0.0,0.0,0.0,0.0,0.0,0.0,5.0990195135927845,3.0,1.0,1.4142135623730951,4.47213595499958,7.0710678118654755,9.219544457292887,10.816653826391969,12.529964086141668,13.92838827718412,14.560219778561036,14.317821063276353,13.152946437965905,12.0,11.180339887498949,9.486832980505138,8.06225774829855,7.810249675906654,6.4031242374328485,3.605551275463989,2.23606797749979,4.123105625617661,8.06225774829855,13.152946437965905,18.24828759089466,21.213203435596427
1787398119.3658333,-80,0.0,10.770329614269007,11.661903789690601,12.529964086141668,12.083045973594572,12.529964086141668,11.661903789690601,12.206555615733702,12.806248474865697,13.45362404707371,14.142135623730951,14.142135623730951,14.142135623730951,14.212670403551895,14.212670403551895,14.212670403551895,14.212670403551895,14.422205101855956,14.422205101855956,14.422205101855956,13.892443989449804,13.892443989449804,13.892443989449804,12.529964086141668,12.529964086141668,12.529964086141668,12.529964086141668,0.0,0.0,0.0,0.0,0.0,0.0,0.0,0.0,0.0,0.0,0.0,10.198039027185569,9.219544457292887,9.219544457292887,11.40175425099138,11.180339887498949,9.0,10.04987562112089,10.04987562112089,10.04987562112089,11.045361017187261,12.0,13.0,14.035668847618199,13.341664064126334,13.0,10.770329614269007,10.198039027185569,11.045361017187261,10.0,9.0,9.055385138137417,10.44030650891055,10.44030650891055,9.219544457292887,8.246211251235321,8.246211251235321
1787398119.5679314,-73,0.0,14.035668847618199,15.132745950421556,15.0,14.035668847618199,16.0312195418814,17.029386365926403,16.1245154965971,12.36931687685298,10.770329614269007,12.083045973594572,13.038404810405298,13.45362404707371,11.661903789690601,13.416407864998739,14.317821063276353,13.92838827718412,15.231546211727817,17.46424919657298,14.317821063276353,10.295630140987,10.295630140987,10.816653826391969,10.0,9.219544457292887,8.602325267042627,9.848857801796104,0.0,0.0,0.0,0.0,0.0,0.0,0.0,0.0,0.0,0.0,0.0,8.0,10.198039027185569,10.0,10.04987562112089,13.038404810405298,17.11724276862369,18.110770276274835,18.0,18.027756377319946,18.439088914585774,19.924858845171276,18.027756377319946,17.46424919657298,18.681541692269406,18.439088914585774,17.26267650163207,16.278820596099706,15.297058540778355,15.524174696260024,16.278820596099706,18.0,17.11724276862369,15.524174696260024,15.811388300841896,16.0312195418814,15.811388300841896
1787398119.6237683,-81,0.0,17.46424919657298,15.297058540778355,12.041594578792296,10.198039027185569,13.92838827718412,16.1245154965971,17.029386365926403,17.804493814764857,18.35755975068582,16.55294535724685,14.317821063276353,10.770329614269007,7.280109889280518,4.47213595499958,3.605551275463989,5.385164807134504,6.708203932499369,6.708203932499369,5.0,5.830951894845301,5.0990195135927845,3.1622776601683795,3.1622776601683795,4.242640687119285,5.385164807134504,7.0,0.0,0.0,0.0,0.0,0.0,0.0,0.0,0.0,0.0,0.0,0.0,11.0,8.54400374531753,7.280109889280518,9.0,10.04987562112089,11.045361017187261,12.0,12.165525060596439,11.180339887498949,9.055385138137417,6.082762530298219,5.385164807134504,11.180339887498949,14.317821063276353,16.0312195418814,17.029386365926403,19.1049731745428,22.02271554554524,21.095023109728988,19.6468827043885,16.15549442140351,12.083045973594572,7.0,6.4031242374328485,8.06225774829855,11.180339887498949
1787398119.730981,-68,0.0,25.612496949731394,25.80697580112788,24.413111231467404,22.20360331117452,18.439088914585774,14.866068747318506,10.295630140987,7.280109889280518,6.0,7.280109889280518,8.94427190999916,11.180339887498949,13.0,15.811388300841896,18.027756377319946,18.973665961010276,18.439088914585774,15.524174696260024,13.601470508735444,11.40175425099138,9.219544457292887,8.06225774829855,6.4031242374328485,5.0990195135927845,5.0990195135927845,5.0,0.0,0.0,0.0,0.0,0.0,0.0,0.0,0.0,0.0,0.0,0.0,3.1622776601683795,2.8284271247461903,4.0,6.082762530298219,6.708203932499369,7.211102550927978,9.433981132056603,10.770329614269007,11.40175425099138,12.36931687685298,14.035668847618199,15.033296378372908,15.297058540778355,12.649110640673518,10.295630140987,9.899494936611665,9.433981132056603,7.615773105863909,6.324555320336759,4.47213595499958,3.1622776601683795,4.47213595499958,8.06225774829855,13.892443989449804,18.601075237738275,21.2602916254693
1787398119.7467768,-69,0.0,26.1725046566048,26.1725046566048,24.08318915758459,21.93171219946131,18.384776310850235,15.0,11.180339887498949,8.0,7.615773105863909,7.810249675906654,9.899494936611665,12.727922061357855,14.212670403551895,16.401219466856727,17.204650534085253,18.867962264113206,19.235384061671343,17.88854381999832,15.652475842498529,13.416407864998739,10.816653826391969,8.602325267042627,7.211102550927978,6.0,8.06225774829855,7.810249675906654,0.0,0.0,0.0,0.0,0.0,0.0,0.0,0.0,0.0,0.0,0.0,4.0,3.1622776601683795,2.23606797749979,3.0,4.123105625617661,6.708203932499369,8.54400374531753,10.44030650891055,11.180339887498949,12.041594578792296,13.0,13.152946437965905,12.649110640673518,11.180339887498949,10.0,9.219544457292887,8.602325267042627,7.615773105863909,6.324555320336759,4.47213595499958,2.23606797749979,3.605551275463989,7.810249675906654,12.806248474865697,18.439088914585774,21.2602916254693
1787398119.762535,-69,0.0,24.041630560342615,22.80350850198276,21.587033144922902,19.6468827043885,16.76305461424021,13.0,9.433981132056603,7.0710678118654755,6.324555320336759,7.0,9.055385138137417,10.04987562112089,12.041594578792296,13.0,15.0,16.0,16.0312195418814,15.033296378372908,13.038404810405298,11.045361017187261,9.0,7.0710678118654755,4.47213595499958,3.605551275463989,5.0,5.0990195135927845,0.0,0.0,0.0,0.0,0.0,0.0,0.0,0.0,0.0,0.0,0.0,4.0,3.1622776601683795,3.605551275463989,4.123105625617661,6.082762530298219,7.0710678118654755,9.055385138137417,10.04987562112089,10.198039027185569,11.40175425099138,12.083045973594572,12.206555615733702,12.041594578792296,10.63014581273465,9.433981132056603,8.94427190999916,8.246211251235321,7.0710678118654755,6.082762530298219,4.123105625617661,3.605551275463989,5.0,8.06225774829855,12.165525060596439,16.492422502470642,19.4164878389476
1787398119.77639,-69,0.0,26.0,26.0,24.0,21.02379604162864,18.027756377319946,13.152946437965905,9.486832980505138,7.211102550927978,5.830951894845301,7.280109889280518,9.055385138137417,10.198039027185569,12.36931687685298,13.601470508735444,15.811388300841896,16.15549442140351,16.55294535724685,15.652475842498529,14.317821063276353,12.083045973594572,9.486832980505138,7.0710678118654755,5.0990195135927845,5.0,5.385164807134504,6.082762530298219,0.0,0.0,0.0,0.0,0.0,0.0,0.0,0.0,0.0,0.0,0.0,5.0,3.1622776601683795,3.605551275463989,5.385164807134504,7.0710678118654755,8.06225774829855,8.06225774829855,10.44030650891055,10.770329614269007,12.083045973594572,12.529964086141668,12.806248474865697,12.041594578792296,11.661903789690601,11.180339887498949,9.486832980505138,8.06225774829855,7.0,5.0,4.123105625617661,4.242640687119285,5.385164807134504,9.0,13.0,18.0,21.0
1787398119.7941928,-68,0.0,27.51363298439521,27.51363298439521,25.298221281347036,22.135943621178654,18.384776310850235,14.7648230602334,11.40175425099138,8.602325267042627,8.246211251235321,9.055385138137417,11.180339887498949,12.165525060596439,15.033296378372908,17.0,19.0,19.026297590440446,20.024984394500787,19.1049731745428,17.029386365926403,14.035668847618199,11.0,9.219544457292887,7.211102550927978,7.211102550927978,8.06225774829855,9.0,0.0,0.0,0.0,0.0,0.0,0.0,0.0,0.0,0.0,0.0,0.0,1.4142135623730951,1.4142135623730951,2.0,4.47213595499958,6.4031242374328485,7.615773105863909,8.246211251235321,10.198039027185569,11.0,11.045361017187261,12.36931687685298,12.083045973594572,12.206555615733702,12.041594578792296,11.40175425099138,8.94427190999916,8.54400374531753,7.0710678118654755,6.0,4.0,2.23606797749979,4.0,8.246211251235321,13.601470508735444,18.027756377319946,22.135943621178654
1787398119.812226,-68,0.0,26.0,26.0,24.698178070456937,22.47220505424423,18.788294228055936,14.7648230602334,10.63014581273465,7.211102550927978,7.280109889280518,8.0,10.04987562112089,12.041594578792296,14.035668847618199,16.0312195418814,17.0,18.0,18.0,17.029386365926403,15.033296378372908,13.038404810405298,11.0,8.06225774829855,5.830951894845301,5.830951894845301,6.082762530298219,7.0710678118654755,0.0,0.0,0.0,0.0,0.0,0.0,0.0,0.0,0.0,0.0,0.0,2.0,1.4142135623730951,3.0,4.47213595499958,6.708203932499369,7.280109889280518,8.246211251235321,9.219544457292887,10.04987562112089,11.045361017187261,12.36931687685298,11.704699910719626,12.529964086141668,10.816653826391969,9.899494936611665,8.06225774829855,7.615773105863909,6.324555320336759,5.0990195135927845,3.1622776601683795,2.23606797749979,5.0990195135927845,8.54400374531753,12.649110640673518,17.08800749063506,20.248456731316587
1787398119.85914,-72,0.0,10.44030650891055,12.083045973594572,14.422205101855956,15.620499351813308,18.439088914585774,19.209372712298546,20.0,20.248456731316587,19.72308292331602,18.35755975068582,17.0,14.7648230602334,12.529964086141668,9.433981132056603,7.810249675906654,6.708203932499369,6.082762530298219,7.0,7.280109889280518,7.615773105863909,7.615773105863909,8.06225774829855,7.615773105863909,6.708203932499369,5.830951894845301,5.830951894845301,0.0,0.0,0.0,0.0,0.0,0.0,0.0,0.0,0.0,0.0,0.0,5.385164807134504,7.615773105863909,8.94427190999916,10.295630140987,11.180339887498949,11.661903789690601,11.661903789690601,11.661903789690601,10.816653826391969,8.602325267042627,6.708203932499369,6.082762530298219,5.385164807134504,6.4031242374328485,8.94427190999916,10.770329614269007,13.0,15.231546211727817,17.0,18.027756377319946,17.804493814764857,17.69180601295413,17.69180601295413,17.029386365926403,14.866068747318506,13.45362404707371
1787398119.9364812,-81,0.0,10.44030650891055,11.40175425099138,11.40175425099138,11.40175425099138,11.40175425099138,11.180339887498949,11.180339887498949,12.041594578792296,11.045361017187261,11.0,11.0,11.045361017187261,10.04987562112089,10.198039027185569,9.219544457292887,9.055385138137417,9.055385138137417,8.06225774829855,8.06225774829855,7.0710678118654755,6.082762530298219,5.0990195135927845,5.0990195135927845,4.47213595499958,3.605551275463989,4.242640687119285,0.0,0.0,0.0,0.0,0.0,0.0,0.0,0.0,0.0,0.0,0.0,5.0,5.830951894845301,5.830951894845301,6.708203932499369,6.324555320336759,7.280109889280518,7.615773105863909,7.615773105863909,8.94427190999916,8.94427190999916,9.848857801796104,10.44030650891055,10.770329614269007,11.40175425099138,11.40175425099138,12.36931687685298,12.36931687685298,12.165525060596439,13.038404810405298,13.152946437965905,12.041594578792296,13.0,13.0,13.0,13.038404810405298,13.038404810405298
1787398120.1266472,-72,0.0,29.698484809834994,26.870057685088806,22.67156809750927,18.439088914585774,13.45362404707371,9.219544457292887,5.385164807134504,3.605551275463989,7.280109889280518,11.704699910719626,13.341664064126334,15.524174696260024,17.72004514666935,18.681541692269406,18.439088914585774,18.24828759089466,18.110770276274835,17.029386365926403,17.0,16.1245154965971,14.142135623730951,12.041594578792296,9.055385138137417,7.280109889280518,5.830951894845301,4.242640687119285,0.0,0.0,0.0,0.0,0.0,0.0,0.0,0.0,0.0,0.0,0.0,5.385164807134504,5.385164807134504,4.47213595499958,3.1622776601683795,1.4142135623730951,3.0,6.324555320336759,8.246211251235321,10.198039027185569,14.142135623730951,16.1245154965971,17.11724276862369,16.0312195418814,14.035668847618199,13.152946437965905,11.40175425099138,8.54400374531753,6.324555320336759,4.123105625617661,2.23606797749979,5.385164807134504,9.433981132056603,14.422205101855956,18.027756377319946,23.021728866442675,28.0178514522438
1787398120.1492403,-71,0.0,33.61547262794322,29.5296461204668,23.259406699226016,16.55294535724685,11.40175425099138,8.0,4.242640687119285,6.708203932499369,12.041594578792296,15.556349186104045,18.439088914585774,20.615528128088304,22.02271554554524,22.67156809750927,22.627416997969522,21.2602916254693,20.0,18.027756377319946,17.0,15.652475842498529,13.0,9.219544457292887,7.0,6.324555320336759,6.4031242374328485,7.615773105863909,0.0,0.0,0.0,0.0,0.0,0.0,0.0,0.0,0.0,0.0,0.0,9.848857801796104,8.94427190999916,7.211102550927978,5.0,2.23606797749979,1.4142135623730951,5.0,7.211102550927978,9.848857801796104,13.601470508735444,16.492422502470642,17.72004514666935,16.492422502470642,14.560219778561036,13.92838827718412,12.083045973594572,9.848857801796104,8.06225774829855,5.0,1.0,5.0,10.63014581273465,15.620499351813308,22.02271554554524,27.80287754891569,32.01562118716424
1787398120.167409,-72,0.0,28.284271247461902,25.709920264364882,21.840329667841555,17.72004514666935,12.36931687685298,7.0,3.1622776601683795,2.8284271247461903,7.211102550927978,11.180339887498949,14.866068747318506,17.72004514666935,18.681541692269406,19.6468827043885,19.235384061671343,19.1049731745428,19.1049731745428,18.027756377319946,17.0,16.0,15.033296378372908,13.0,11.0,9.055385138137417,6.324555320336759,5.0,0.0,0.0,0.0,0.0,0.0,0.0,0.0,0.0,0.0,0.0,0.0,5.830951894845301,5.830951894845301,5.0990195135927845,3.0,3.605551275463989,6.0,9.0,11.045361017187261,14.317821063276353,16.492422502470642,16.492422502470642,15.811388300841896,14.866068747318506,13.601470508735444,11.40175425099138,10.198039027185569,8.0,5.0990195135927845,3.0,1.4142135623730951,6.324555320336759,10.04987562112089,15.132745950421556,20.09975124224178,25.0,28.0178514522438
1787398120.1868038,-71,0.0,28.160255680657446,24.73863375370596,20.396078054371138,16.0312195418814,11.045361017187261,7.615773105863909,7.810249675906654,9.433981132056603,9.486832980505138,9.055385138137417,11.661903789690601,14.212670403551895,15.620499351813308,18.601075237738275,20.808652046684813,21.400934559032695,20.615528128088304,20.0,18.439088914585774,16.278820596099706,14.212670403551895,12.206555615733702,9.433981132056603,8.06225774829855,5.0990195135927845,5.0990195135927845,0.0,0.0,0.0,0.0,0.0,0.0,0.0,0.0,0.0,0.0,0.0,5.0,4.47213595499958,4.123105625617661,5.385164807134504,9.219544457292887,11.40175425099138,13.038404810405298,15.652475842498529,16.15549442140351,16.76305461424021,17.26267650163207,18.24828759089466,18.110770276274835,16.0312195418814,13.0,10.0,8.0,6.0,1.0,4.123105625617661,9.219544457292887,14.142135623730951,20.024984394500787,25.019992006393608,29.154759474226502,30.265491900843113
1787398120.1958463,-70,0.0,19.6468827043885,18.681541692269406,19.924858845171276,20.615528128088304,20.12461179749811,18.867962264113206,18.027756377319946,15.811388300841896,13.892443989449804,12.083045973594572,12.083045973594572,11.704699910719626,12.36931687685298,12.165525060596439,12.041594578792296,13.038404810405298,14.0,13.038404810405298,13.152946437965905,12.36931687685298,12.36931687685298,12.649110640673518,11.704699910719626,10.770329614269007,9.848857801796104,8.94427190999916,0.0,0.0,0.0,0.0,0.0,0.0,0.0,0.0,0.0,0.0,0.0,6.082762530298219,6.082762530298219,6.082762530298219,6.082762530298219,5.0990195135927845,5.0,5.0990195135927845,5.0990195135927845,5.385164807134504,6.324555320336759,6.324555320336759,6.708203932499369,6.708203932499369,7.211102550927978,6.4031242374328485,6.4031242374328485,6.4031242374328485,7.211102550927978,8.602325267042627,9.848857801796104,10.44030650891055,11.40175425099138,12.36931687685298,14.317821063276353,16.492422502470642,16.492422502470642
1787398120.6678913,-72,0.0,25.80697580112788,25.238858928247925,24.698178070456937,22.360679774997898,19.697715603592208,15.231546211727817,11.704699910719626,7.615773105863909,3.605551275463989,1.4142135623730951,5.0990195135927845,9.055385138137417,11.180339887498949,12.165525060596439,14.317821063276353,15.297058540778355,15.524174696260024,14.866068747318506,13.92838827718412,12.083045973594572,10.816653826391969,8.602325267042627,6.4031242374328485,4.242640687119285,2.23606797749979,2.0,0.0,0.0,0.0,0.0,0.0,0.0,0.0,0.0,0.0,0.0,0.0,2.8284271247461903,5.830951894845301,8.602325267042627,10.0,11.313708498984761,12.806248474865697,13.601470508735444,13.601470508735444,13.601470508735444,12.806248474865697,12.041594578792296,11.313708498984761,10.0,10.295630140987,10.770329614269007,11.40175425099138,10.04987562112089,9.0,8.246211251235321,6.708203932499369,6.4031242374328485,6.082762530298219,8.246211251235321,10.295630140987,15.0,17.69180601295413
1787398120.7123408,-69,0.0,26.248809496813376,26.248809496813376,25.298221281347036,22.80350850198276,19.4164878389476,15.132745950421556,12.0,8.54400374531753,7.0710678118654755,7.615773105863909,8.54400374531753,10.770329614269007,13.0,15.231546211727817,17.0,17.4928556845359,18.027756377319946,17.4928556845359,15.811388300841896,13.892443989449804,11.180339887498949,9.219544457292887,7.0710678118654755,7.211102550927978,7.211102550927978,7.615773105863909,0.0,0.0,0.0,0.0,0.0,0.0,0.0,0.0,0.0,0.0,0.0,5.0,3.605551275463989,1.0,2.8284271247461903,3.605551275463989,5.0,6.324555320336759,8.06225774829855,8.48528137423857,10.63014581273465,12.206555615733702,13.416407864998739,13.601470508735444,13.341664064126334,12.0,10.198039027185569,8.54400374531753,8.06225774829855,7.211102550927978,5.830951894845301,3.1622776601683795,2.8284271247461903,6.324555320336759,11.40175425099138,15.524174696260024,18.681541692269406
1787398121.1862085,-74,0.0,21.095023109728988,19.72308292331602,19.72308292331602,18.384776310850235,17.72004514666935,16.278820596099706,13.038404810405298,10.04987562112089,7.280109889280518,5.0,4.123105625617661,4.123105625617661,2.8284271247461903,4.0,5.656854249492381,8.602325267042627,10.0,10.63014581273465,10.63014581273465,9.433981132056603,8.94427190999916,7.280109889280518,7.0,6.324555320336759,5.830951894845301,5.0,0.0,0.0,0.0,0.0,0.0,0.0,0.0,0.0,0.0,0.0,0.0,16.0312195418814,16.278820596099706,17.4928556845359,17.804493814764857,14.866068747318506,12.727922061357855,11.40175425099138,11.180339887498949,10.198039027185569,9.055385138137417,9.219544457292887,10.44030650891055,11.704699910719626,11.704699910719626,12.649110640673518,12.36931687685298,11.40175425099138,10.44030650891055,8.54400374531753,7.615773105863909,5.385164807134504,2.23606797749979,4.242640687119285,7.810249675906654,10.63014581273465,13.601470508735444
1787398121.1862085,-74,0.0,19.235384061671343,19.697715603592208,19.235384061671343,17.4928556845359,15.811388300841896,14.866068747318506,11.313708498984761,7.810249675906654,5.830951894845301,3.1622776601683795,1.4142135623730951,2.23606797749979,3.605551275463989,6.082762530298219,7.0,8.0,8.246211251235321,8.0,10.44030650891055,12.083045973594572,11.661903789690601,10.63014581273465,11.40175425099138,13.0,13.152946437965905,10.44030650891055,0.0,0.0,0.0,0.0,0.0,0.0,0.0,0.0,0.0,0.0,0.0,16.0,15.132745950421556,13.92838827718412,13.892443989449804,12.806248474865697,10.63014581273465,8.94427190999916,8.54400374531753,8.0,9.219544457292887,8.94427190999916,10.816653826391969,11.40175425099138,12.206555615733702,11.40175425099138,11.40175425099138,10.63014581273465,10.0,7.810249675906654,5.0,2.23606797749979,2.23606797749979,4.123105625617661,6.708203932499369,10.295630140987,13.0
1787398121.5044038,-86,0.0,10.295630140987,10.295630140987,10.0,10.0,10.0,10.63014581273465,10.0,10.816653826391969,9.433981132056603,9.433981132056603,9.433981132056603,8.94427190999916,7.615773105863909,7.615773105863909,7.280109889280518,7.0710678118654755,6.082762530298219,7.0,7.0,7.0710678118654755,7.0710678118654755,7.0710678118654755,7.0710678118654755,7.0710678118654755,7.0710678118654755,6.082762530298219,0.0,0.0,0.0,0.0,0.0,0.0,0.0,0.0,0.0,0.0,0.0,12.083045973594572,11.661903789690601,11.661903789690601,11.40175425099138,12.206555615733702,10.816653826391969,11.40175425099138,10.63014581273465,9.899494936611665,11.313708498984761,11.40175425099138,11.40175425099138,11.661903789690601,12.206555615733702,13.038404810405298,13.038404810405298,12.529964086141668,12.083045973594572,12.529964086141668,12.529964086141668,11.661903789690601,11.40175425099138,10.63014581273465,10.63014581273465,10.63014581273465,10.816653826391969
1787398121.6492183,-81,0.0,16.278820596099706,16.97056274847714,16.278820596099706,17.029386365926403,17.804493814764857,18.439088914585774,20.0,21.095023109728988,17.88854381999832,14.317821063276353,13.038404810405298,13.601470508735444,14.866068747318506,13.45362404707371,12.206555615733702,10.816653826391969,10.63014581273465,11.40175425099138,10.0,8.06225774829855,9.486832980505138,10.770329614269007,9.486832980505138,9.055385138137417,9.486832980505138,11.661903789690601,0.0,0.0,0.0,0.0,0.0,0.0,0.0,0.0,0.0,0.0,0.0,10.198039027185569,10.198039027185569,11.40175425099138,10.44030650891055,10.770329614269007,10.770329614269007,9.486832980505138,8.94427190999916,10.295630140987,12.529964086141668,12.529964086141668,14.7648230602334,14.7648230602334,13.038404810405298,12.529964086141668,13.892443989449804,14.7648230602334,13.892443989449804,14.422205101855956,16.401219466856727,17.029386365926403,16.401219466856727,16.401219466856727,17.804493814764857,18.601075237738275,17.804493814764857
1787398121.7361655,-76,0.0,10.0,9.0,10.04987562112089,10.44030650891055,10.295630140987,10.295630140987,12.083045973594572,12.083045973594572,12.529964086141668,15.264337522473747,16.64331697709324,17.804493814764857,18.867962264113206,18.788294228055936,19.313207915827967,18.384776310850235,18.027756377319946,17.72004514666935,17.46424919657298,16.492422502470642,15.524174696260024,14.560219778561036,13.601470508735444,12.649110640673518,12.649110640673518,12.649110640673518,0.0,0.0,0.0,0.0,0.0,0.0,0.0,0.0,0.0,0.0,0.0,8.06225774829855,8.246211251235321,10.198039027185569,10.44030650891055,8.54400374531753,9.848857801796104,9.848857801796104,10.770329614269007,10.770329614269007,11.704699910719626,11.704699910719626,11.704699910719626,12.649110640673518,12.649110640673518,12.649110640673518,11.704699910719626,11.704699910719626,12.529964086141668,13.416407864998739,13.92838827718412,11.180339887498949,8.602325267042627,8.06225774829855,10.0,11.180339887498949,11.180339887498949
1787398121.8203886,-68,0.0,20.248456731316587,21.095023109728988,21.095023109728988,20.808652046684813,19.849433241279208,19.1049731745428,16.278820596099706,14.212670403551895,13.601470508735444,12.206555615733702,10.816653826391969,10.816653826391969,11.661903789690601,11.661903789690601,11.661903789690601,12.529964086141668,12.083045973594572,12.083045973594572,11.661903789690601,11.661903789690601,11.661903789690601,12.206555615733702,12.806248474865697,12.041594578792296,11.313708498984761,10.63014581273465,0.0,0.0,0.0,0.0,0.0,0.0,0.0,0.0,0.0,0.0,0.0,8.54400374531753,8.54400374531753,8.54400374531753,7.615773105863909,8.06225774829855,8.94427190999916,8.94427190999916,9.433981132056603,10.295630140987,10.295630140987,11.180339887498949,10.295630140987,10.295630140987,9.433981132056603,8.602325267042627,9.219544457292887,9.219544457292887,10.0,10.816653826391969,11.661903789690601,11.661903789690601,13.416407864998739,14.317821063276353,16.55294535724685,17.88854381999832,18.788294228055936
1787398122.0247543,-67,0.0,22.20360331117452,23.021728866442675,23.021728866442675,22.47220505424423,20.591260281974,19.235384061671343,17.88854381999832,16.55294535724685,15.231546211727817,14.317821063276353,12.529964086141668,11.661903789690601,12.041594578792296,12.727922061357855,12.041594578792296,12.041594578792296,12.041594578792296,12.727922061357855,12.806248474865697,13.45362404707371,13.45362404707371,13.45362404707371,12.806248474865697,12.806248474865697,11.40175425099138,10.816653826391969,0.0,0.0,0.0,0.0,0.0,0.0,0.0,0.0,0.0,0.0,0.0,7.0,7.0,7.0,7.0710678118654755,6.0,6.082762530298219,7.0710678118654755,7.280109889280518,8.246211251235321,8.246211251235321,8.54400374531753,8.54400374531753,8.54400374531753,8.54400374531753,9.486832980505138,9.848857801796104,10.0,11.40175425099138,11.40175425099138,12.806248474865697,13.45362404707371,14.866068747318506,15.556349186104045,16.97056274847714,19.1049731745428,20.518284528683193
1787398122.190012,-81,0.0,15.0,13.601470508735444,13.601470508735444,13.601470508735444,12.806248474865697,12.206555615733702,11.40175425099138,11.40175425099138,10.816653826391969,10.295630140987,10.295630140987,9.848857801796104,9.848857801796104,9.486832980505138,10.44030650891055,10.198039027185569,10.198039027185569,11.180339887498949,10.198039027185569,11.180339887498949,11.40175425099138,11.40175425099138,11.40175425099138,11.40175425099138,11.40175425099138,11.40175425099138,0.0,0.0,0.0,0.0,0.0,0.0,0.0,0.0,0.0,0.0,0.0,9.055385138137417,9.055385138137417,9.055385138137417,9.219544457292887,10.44030650891055,10.44030650891055,10.770329614269007,10.770329614269007,11.180339887498949,11.661903789690601,11.661903789690601,11.661903789690601,11.661903789690601,12.083045973594572,11.180339887498949,12.083045973594572,13.0,13.0,13.601470508735444,13.92838827718412,14.317821063276353,15.231546211727817,15.231546211727817,15.652475842498529,15.652475842498529,16.1245154965971
1787398122.2327042,-72,0.0,12.529964086141668,15.652475842498529,17.88854381999832,18.867962264113206,17.204650534085253,13.601470508735444,10.295630140987,7.0710678118654755,6.708203932499369,9.899494936611665,12.041594578792296,12.041594578792296,12.041594578792296,11.313708498984761,7.810249675906654,5.385164807134504,5.0990195135927845,6.4031242374328485,8.48528137423857,9.899494936611665,9.899494936611665,10.0,10.295630140987,11.661903789690601,12.529964086141668,13.038404810405298,0.0,0.0,0.0,0.0,0.0,0.0,0.0,0.0,0.0,0.0,0.0,18.027756377319946,19.697715603592208,21.587033144922902,22.20360331117452,21.02379604162864,19.026297590440446,18.110770276274835,18.24828759089466,17.26267650163207,12.0,6.324555320336759,4.0,8.06225774829855,11.661903789690601,14.317821063276353,17.08800749063506,19.313207915827967,19.697715603592208,18.788294228055936,18.867962264113206,18.601075237738275,19.209372712298546,18.439088914585774,16.278820596099706,12.041594578792296,8.06225774829855
1787398122.5260868,-78,0.0,11.045361017187261,12.0,14.317821063276353,13.341664064126334,11.40175425099138,12.36931687685298,13.152946437965905,15.132745950421556,15.132745950421556,14.142135623730951,13.152946437965905,14.142135623730951,15.132745950421556,16.492422502470642,14.866068747318506,14.866068747318506,15.811388300841896,15.524174696260024,15.524174696260024,14.560219778561036,15.297058540778355,14.142135623730951,12.0,13.152946437965905,14.142135623730951,15.132745950421556,0.0,0.0,0.0,0.0,0.0,0.0,0.0,0.0,0.0,0.0,0.0,8.94427190999916,10.770329614269007,11.40175425099138,13.152946437965905,13.038404810405298,13.152946437965905,13.152946437965905,14.142135623730951,14.0,14.035668847618199,13.152946437965905,13.038404810405298,14.035668847618199,14.0,14.142135623730951,13.038404810405298,13.038404810405298,13.038404810405298,15.0,14.035668847618199,11.180339887498949,12.165525060596439,13.0,13.038404810405298,14.0,14.317821063276353
1787398122.7028527,-77,0.0,5.0,4.0,10.63014581273465,20.248456731316587,29.206163733020468,34.713109915419565,38.897300677553446,42.44997055358225,42.01190307520001,40.22437072223753,36.89173349139343,31.38470965295043,23.323807579381203,17.4928556845359,13.038404810405298,7.211102550927978,7.211102550927978,14.317821063276353,19.6468827043885,22.80350850198276,23.769728648009426,25.298221281347036,25.632011235952593,24.698178070456937,22.847319317591726,21.540659228538015,0.0,0.0,0.0,0.0,0.0,0.0,0.0,0.0,0.0,0.0,0.0,8.94427190999916,11.180339887498949,10.816653826391969,7.211102550927978,6.0,6.4031242374328485,8.06225774829855,10.0,10.0,5.0990195135927845,3.0,7.810249675906654,11.180339887498949,12.041594578792296,14.317821063276353,15.811388300841896,15.524174696260024,12.041594578792296,5.385164807134504,6.082762530298219,11.180339887498949,18.867962264113206,24.413111231467404,28.844410203711913,30.886890422961002,33.61547262794322
1787398122.876893,-70,0.0,24.020824298928627,24.020824298928627,23.021728866442675,20.024984394500787,17.029386365926403,13.341664064126334,8.94427190999916,6.4031242374328485,6.0,8.246211251235321,10.770329614269007,12.649110640673518,15.524174696260024,17.72004514666935,19.4164878389476,20.396078054371138,20.223748416156685,19.235384061671343,17.26267650163207,15.297058540778355,12.165525060596439,8.246211251235321,5.385164807134504,3.1622776601683795,3.605551275463989,5.0,0.0,0.0,0.0,0.0,0.0,0.0,0.0,0.0,0.0,0.0,0.0,5.656854249492381,3.605551275463989,2.0,1.4142135623730951,3.0,4.47213595499958,7.810249675906654,10.295630140987,11.704699910719626,12.649110640673518,13.601470508735444,15.297058540778355,15.132745950421556,15.033296378372908,14.035668847618199,13.152946437965905,11.40175425099138,9.486832980505138,7.615773105863909,5.0990195135927845,4.47213595499958,5.385164807134504,8.0,13.0,17.029386365926403,20.09975124224178
1787398123.0407686,-70,0.0,20.223748416156685,20.396078054371138,20.396078054371138,19.6468827043885,19.924858845171276,18.973665961010276,18.027756377319946,17.08800749063506,15.231546211727817,13.92838827718412,12.649110640673518,12.36931687685298,13.152946437965905,13.152946437965905,13.038404810405298,13.038404810405298,13.038404810405298,13.038404810405298,13.038404810405298,13.152946437965905,13.152946437965905,12.36931687685298,12.36931687685298,11.40175425099138,10.44030650891055,10.44030650891055,0.0,0.0,0.0,0.0,0.0,0.0,0.0,0.0,0.0,0.0,0.0,6.4031242374328485,6.4031242374328485,5.656854249492381,6.4031242374328485,6.4031242374328485,6.708203932499369,6.708203932499369,8.06225774829855,8.06225774829855,9.433981132056603,9.433981132056603,9.433981132056603,9.433981132056603,10.295630140987,10.295630140987,10.295630140987,9.848857801796104,10.770329614269007,12.36931687685298,12.36931687685298,12.36931687685298,14.142135623730951,15.132745950421556,16.0312195418814,17.029386365926403,18.110770276274835
1787398123.2526066,-69,0.0,20.12461179749811,19.72308292331602,19.72308292331602,18.867962264113206,18.867962264113206,18.601075237738275,16.401219466856727,14.212670403551895,12.806248474865697,10.816653826391969,11.180339887498949,11.180339887498949,10.770329614269007,10.770329614269007,10.44030650891055,10.198039027185569,10.198039027185569,10.198039027185569,10.198039027185569,10.198039027185569,10.198039027185569,10.198039027185569,10.44030650891055,10.44030650891055,9.486832980505138,8.94427190999916,0.0,0.0,0.0,0.0,0.0,0.0,0.0,0.0,0.0,0.0,0.0,5.0990195135927845,4.47213595499958,4.47213595499958,5.0,6.082762530298219,6.708203932499369,7.810249675906654,7.211102550927978,6.708203932499369,8.06225774829855,8.06225774829855,7.211102550927978,8.602325267042627,10.0,10.0,10.295630140987,10.295630140987,11.180339887498949,12.083045973594572,13.416407864998739,14.317821063276353,14.317821063276353,15.231546211727817,16.55294535724685,17.46424919657298,18.788294228055936
1787398123.77179,-73,0.0,11.40175425099138,11.180339887498949,12.165525060596439,12.36931687685298,12.649110640673518,11.704699910719626,11.704699910719626,11.704699910719626,12.083045973594572,12.083045973594572,11.180339887498949,10.295630140987,10.816653826391969,10.816653826391969,11.40175425099138,11.40175425099138,12.041594578792296,12.041594578792296,12.041594578792296,12.041594578792296,12.806248474865697,12.206555615733702,11.661903789690601,11.661903789690601,11.180339887498949,10.770329614269007,0.0,0.0,0.0,0.0,0.0,0.0,0.0,0.0,0.0,0.0,0.0,12.041594578792296,12.041594578792296,13.038404810405298,14.0,15.0,15.0,16.0312195418814,16.1245154965971,16.278820596099706,16.492422502470642,16.492422502470642,15.524174696260024,14.866068747318506,13.601470508735444,13.601470508735444,11.40175425099138,11.180339887498949,11.045361017187261,11.045361017187261,12.0,12.0,13.0,12.0,12.041594578792296,12.165525060596439,12.165525060596439
1787398124.1094413,-83,0.0,17.11724276862369,17.029386365926403,16.0,15.0,13.038404810405298,12.041594578792296,12.041594578792296,11.045361017187261,10.0,11.0,10.04987562112089,8.06225774829855,7.280109889280518,7.280109889280518,7.615773105863909,8.06225774829855,8.602325267042627,8.602325267042627,8.602325267042627,10.63014581273465,11.40175425099138,12.206555615733702,12.206555615733702,12.206555615733702,11.40175425099138,12.206555615733702,0.0,0.0,0.0,0.0,0.0,0.0,0.0,0.0,0.0,0.0,0.0,13.038404810405298,12.529964086141668,12.529964086141668,13.416407864998739,13.416407864998739,14.317821063276353,15.652475842498529,16.1245154965971,16.64331697709324,16.64331697709324,17.204650534085253,17.804493814764857,17.029386365926403,15.620499351813308,14.212670403551895,13.45362404707371,11.40175425099138,11.661903789690601,10.295630140987,9.848857801796104,10.44030650891055,10.198039027185569,11.180339887498949,12.165525060596439,13.038404810405298,14.035668847618199
1787398124.3247519,-74,0.0,12.36931687685298,12.165525060596439,11.045361017187261,11.180339887498949,12.36931687685298,11.704699910719626,11.40175425099138,12.36931687685298,12.36931687685298,9.486832980505138,8.246211251235321,9.219544457292887,9.055385138137417,7.0,8.0,8.0,7.280109889280518,7.615773105863909,9.486832980505138,9.055385138137417,8.246211251235321,8.246211251235321,8.0,8.06225774829855,9.0,8.0,0.0,0.0,0.0,0.0,0.0,0.0,0.0,0.0,0.0,0.0,0.0,14.142135623730951,13.341664064126334,15.297058540778355,16.278820596099706,14.560219778561036,13.0,15.231546211727817,16.15549442140351,15.811388300841896,14.866068747318506,13.92838827718412,12.649110640673518,13.416407864998739,13.038404810405298,10.295630140987,11.40175425099138,12.649110640673518,13.416407864998739,14.7648230602334,13.601470508735444,12.36931687685298,12.36931687685298,12.649110640673518,12.36931687685298,13.152946437965905,12.041594578792296
1787398124.375627,-69,0.0,25.553864678361276,25.942243542145693,25.942243542145693,25.059928172283335,21.633307652783937,17.69180601295413,13.601470508735444,9.848857801796104,7.0,7.615773105863909,8.06225774829855,8.94427190999916,9.848857801796104,10.44030650891055,12.36931687685298,13.038404810405298,13.038404810405298,13.0,13.0,11.0,9.0,7.0710678118654755,5.0,4.123105625617661,5.385164807134504,6.4031242374328485,0.0,0.0,0.0,0.0,0.0,0.0,0.0,0.0,0.0,0.0,0.0,4.242640687119285,3.1622776601683795,3.1622776601683795,2.8284271247461903,3.0,3.605551275463989,5.385164807134504,7.0710678118654755,10.0,12.36931687685298,14.866068747318506,16.15549442140351,17.0,17.204650534085253,17.69180601295413,17.029386365926403,15.264337522473747,13.038404810405298,10.816653826391969,8.602325267042627,6.4031242374328485,6.0,7.615773105863909,11.180339887498949,15.652475842498529,19.235384061671343
1787398124.448256,-72,0.0,9.433981132056603,9.848857801796104,11.704699910719626,12.649110640673518,12.649110640673518,13.601470508735444,13.92838827718412,13.92838827718412,13.92838827718412,13.92838827718412,13.92838827718412,13.92838827718412,13.0,12.649110640673518,13.601470508735444,13.341664064126334,13.341664064126334,13.341664064126334,13.341664064126334,13.341664064126334,13.341664064126334,12.649110640673518,11.704699910719626,11.704699910719626,10.770329614269007,9.848857801796104,0.0,0.0,0.0,0.0,0.0,0.0,0.0,0.0,0.0,0.0,0.0,7.810249675906654,7.810249675906654,9.219544457292887,10.63014581273465,12.041594578792296,13.45362404707371,14.212670403551895,14.422205101855956,13.601470508735444,13.601470508735444,13.601470508735444,13.601470508735444,13.601470508735444,14.422205101855956,14.422205101855956,14.422205101855956,14.422205101855956,13.601470508735444,13.601470508735444,14.422205101855956,13.892443989449804,13.038404810405298,13.038404810405298,11.40175425099138,9.899494936611665,9.219544457292887
1787398124.5535758,-81,0.0,11.180339887498949,11.180339887498949,12.529964086141668,12.529964086141668,12.529964086141668,11.661903789690601,11.661903789690601,10.816653826391969,8.602325267042627,7.211102550927978,5.0,4.47213595499958,3.0,2.23606797749979,3.605551275463989,4.47213595499958,5.385164807134504,6.708203932499369,7.615773105863909,8.06225774829855,8.06225774829855,8.06225774829855,8.06225774829855,8.06225774829855,8.06225774829855,8.06225774829855,0.0,0.0,0.0,0.0,0.0,0.0,0.0,0.0,0.0,0.0,0.0,4.47213595499958,7.211102550927978,8.94427190999916,10.295630140987,13.416407864998739,14.7648230602334,15.652475842498529,17.08800749063506,17.72004514666935,17.46424919657298,17.26267650163207,17.26267650163207,16.1245154965971,15.132745950421556,13.152946437965905,13.152946437965905,12.36931687685298,11.704699910719626,11.180339887498949,10.816653826391969,10.816653826391969,11.313708498984761,12.041594578792296,13.601470508735444,14.422205101855956,15.264337522473747
1787398125.11609,-69,0.0,23.853720883753127,25.238858928247925,25.238858928247925,22.47220505424423,17.4928556845359,15.264337522473747,9.486832980505138,4.47213595499958,5.656854249492381,8.06225774829855,13.92838827718412,14.560219778561036,15.652475842498529,18.601075237738275,18.867962264113206,20.12461179749811,21.095023109728988,21.633307652783937,19.235384061671343,18.973665961010276,18.681541692269406,13.601470508735444,9.486832980505138,9.219544457292887,7.0710678118654755,5.656854249492381,0.0,0.0,0.0,0.0,0.0,0.0,0.0,0.0,0.0,0.0,0.0,5.830951894845301,4.47213595499958,3.1622776601683795,2.0,1.0,2.8284271247461903,5.830951894845301,8.94427190999916,11.704699910719626,14.866068747318506,15.811388300841896,15.297058540778355,13.038404810405298,12.0,11.045361017187261,11.180339887498949,8.54400374531753,6.4031242374328485,5.0,3.605551275463989,1.4142135623730951,1.4142135623730951,4.123105625617661,8.54400374531753,13.416407864998739,16.1245154965971
1787398125.1524124,-69,0.0,23.345235059857504,25.495097567963924,26.476404589747453,23.53720459187964,19.4164878389476,16.0,12.165525060596439,5.385164807134504,2.23606797749979,4.0,9.055385138137417,10.44030650891055,13.601470508735444,14.7648230602334,17.0,19.72308292331602,22.360679774997898,21.540659228538015,16.492422502470642,14.560219778561036,14.7648230602334,12.206555615733702,10.0,6.4031242374328485,4.123105625617661,7.0710678118654755,0.0,0.0,0.0,0.0,0.0,0.0,0.0,0.0,0.0,0.0,0.0,6.4031242374328485,5.0,3.605551275463989,1.0,2.0,4.123105625617661,6.324555320336759,9.219544457292887,11.045361017187261,14.035668847618199,15.132745950421556,14.317821063276353,14.142135623730951,13.038404810405298,11.045361017187261,9.219544457292887,8.06225774829855,7.0710678118654755,5.830951894845301,4.47213595499958,1.4142135623730951,1.0,4.0,8.0,12.041594578792296,15.297058540778355
1787398125.166455,-69,0.0,26.476404589747453,27.65863337187866,26.68332812825267,25.495097567963924,22.360679774997898,19.1049731745428,14.0,9.055385138137417,5.830951894845301,5.385164807134504,7.0710678118654755,9.219544457292887,12.36931687685298,15.524174696260024,18.439088914585774,20.396078054371138,21.37755832643195,21.37755832643195,20.396078054371138,18.439088914585774,16.492422502470642,13.601470508735444,10.295630140987,7.810249675906654,6.324555320336759,6.324555320336759,0.0,0.0,0.0,0.0,0.0,0.0,0.0,0.0,0.0,0.0,0.0,6.4031242374328485,5.656854249492381,4.242640687119285,2.0,2.0,5.656854249492381,7.211102550927978,9.848857801796104,12.649110640673518,14.866068747318506,15.811388300841896,16.76305461424021,15.524174696260024,14.142135623730951,13.0,11.180339887498949,9.848857801796104,6.4031242374328485,5.0,2.8284271247461903,1.0,3.0,6.0,10.04987562112089,15.132745950421556,18.110770276274835
1787398125.2052712,-69,0.0,21.840329667841555,22.80350850198276,23.769728648009426,22.80350850198276,19.6468827043885,16.76305461424021,11.704699910719626,8.06225774829855,4.242640687119285,4.0,5.830951894845301,8.602325267042627,12.041594578792296,14.866068747318506,18.439088914585774,19.849433241279208,19.849433241279208,19.849433241279208,17.69180601295413,15.620499351813308,12.727922061357855,9.899494936611665,7.211102550927978,5.0990195135927845,3.605551275463989,3.605551275463989,0.0,0.0,0.0,0.0,0.0,0.0,0.0,0.0,0.0,0.0,0.0,6.0,4.0,3.0,1.0,2.23606797749979,4.123105625617661,6.708203932499369,8.94427190999916,10.816653826391969,12.206555615733702,13.601470508735444,13.45362404707371,12.041594578792296,11.40175425099138,11.180339887498949,9.486832980505138,8.06225774829855,7.0,6.082762530298219,4.123105625617661,3.0,2.23606797749979,5.0990195135927845,8.54400374531753,12.083045973594572,15.231546211727817
1787398125.38547,-69,0.0,25.942243542145693,25.059928172283335,24.186773244895647,21.633307652783937,18.601075237738275,14.142135623730951,9.433981132056603,6.0,5.0,8.246211251235321,11.045361017187261,13.038404810405298,16.1245154965971,18.110770276274835,20.223748416156685,20.223748416156685,19.4164878389476,18.439088914585774,16.492422502470642,14.560219778561036,11.704699910719626,9.486832980505138,6.324555320336759,2.23606797749979,1.4142135623730951,3.1622776601683795,0.0,0.0,0.0,0.0,0.0,0.0,0.0,0.0,0.0,0.0,0.0,7.211102550927978,5.0,3.1622776601683795,1.0,1.4142135623730951,4.47213595499958,7.280109889280518,10.198039027185569,12.36931687685298,14.317821063276353,15.297058540778355,15.132745950421556,15.132745950421556,14.035668847618199,13.0,11.180339887498949,9.219544457292887,6.708203932499369,4.47213595499958,2.23606797749979,1.4142135623730951,4.242640687119285,8.06225774829855,11.661903789690601,15.652475842498529,19.235384061671343
1787398125.6050112,-67,0.0,26.627053911388696,26.40075756488817,25.0,23.021728866442675,18.35755975068582,14.317821063276353,10.198039027185569,6.082762530298219,5.0,7.0710678118654755,10.0,13.038404810405298,15.033296378372908,18.027756377319946,19.1049731745428,20.09975124224178,20.09975124224178,19.026297590440446,17.029386365926403,15.033296378372908,12.041594578792296,9.055385138137417,5.0990195135927845,2.8284271247461903,2.23606797749979,4.47213595499958,0.0,0.0,0.0,0.0,0.0,0.0,0.0,0.0,0.0,0.0,0.0,4.242640687119285,3.605551275463989,3.0,2.23606797749979,4.123105625617661,5.830951894845301,9.219544457292887,11.313708498984761,12.041594578792296,13.601470508735444,15.0,15.811388300841896,14.422205101855956,12.529964086141668,11.704699910719626,11.045361017187261,10.04987562112089,8.06225774829855,6.082762530298219,2.23606797749979,1.0,4.47213595499958,8.06225774829855,13.601470508735444,17.204650534085253,20.248456731316587
1787398125.6534624,-68,0.0,24.351591323771842,24.351591323771842,23.40939982143925,20.8806130178211,17.72004514666935,13.152946437965905,9.0,5.385164807134504,3.1622776601683795,6.082762530298219,8.54400374531753,11.704699910719626,13.92838827718412,15.811388300841896,18.027756377319946,18.973665961010276,18.973665961010276,18.027756377319946,16.15549442140351,13.92838827718412,10.770329614269007,8.06225774829855,4.242640687119285,3.0,3.605551275463989,5.385164807134504,0.0,0.0,0.0,0.0,0.0,0.0,0.0,0.0,0.0,0.0,0.0,3.605551275463989,2.23606797749979,2.23606797749979,2.8284271247461903,5.0990195135927845,7.0,9.055385138137417,11.40175425099138,12.649110640673518,14.866068747318506,15.231546211727817,14.317821063276353,13.892443989449804,12.806248474865697,11.313708498984761,9.219544457292887,8.06225774829855,6.708203932499369,4.47213595499958,2.8284271247461903,2.23606797749979,4.47213595499958,9.486832980505138,13.601470508735444,16.76305461424021,18.973665961010276
1787398125.7012084,-68,0.0,23.08679276123039,22.135943621178654,21.18962010041709,19.313207915827967,16.55294535724685,11.661903789690601,7.810249675906654,4.47213595499958,3.605551275463989,6.708203932499369,9.486832980505138,12.649110640673518,15.231546211727817,17.46424919657298,18.788294228055936,19.697715603592208,19.697715603592208,18.788294228055936,17.46424919657298,15.231546211727817,11.704699910719626,9.219544457292887,6.0,3.605551275463989,4.0,5.385164807134504,0.0,0.0,0.0,0.0,0.0,0.0,0.0,0.0,0.0,0.0,0.0,3.1622776601683795,1.0,1.0,2.23606797749979,4.47213595499958,6.324555320336759,9.219544457292887,11.180339887498949,13.152946437965905,14.142135623730951,15.033296378372908,15.0,15.033296378372908,14.142135623730951,12.36931687685298,11.180339887498949,9.433981132056603,8.602325267042627,6.4031242374328485,2.8284271247461903,1.4142135623730951,3.1622776601683795,7.280109889280518,11.704699910719626,16.15549442140351,18.973665961010276
1787398125.8415716,-80,0.0,12.206555615733702,10.295630140987,9.433981132056603,11.180339887498949,12.083045973594572,12.36931687685298,12.041594578792296,12.0,14.035668847618199,15.132745950421556,15.297058540778355,16.1245154965971,17.029386365926403,18.0,18.0,18.027756377319946,17.0,16.0312195418814,15.132745950421556,15.132745950421556,15.297058540778355,13.341664064126334,12.36931687685298,11.40175425099138,10.44030650891055,9.219544457292887,0.0,0.0,0.0,0.0,0.0,0.0,0.0,0.0,0.0,0.0,0.0,12.649110640673518,13.416407864998739,12.36931687685298,12.041594578792296,9.848857801796104,11.40175425099138,15.231546211727817,17.26267650163207,17.46424919657298,14.866068747318506,13.038404810405298,10.816653826391969,10.816653826391969,11.313708498984761,11.40175425099138,10.295630140987,13.416407864998739,17.4928556845359,19.4164878389476,16.278820596099706,14.142135623730951,15.620499351813308,14.866068747318506,13.45362404707371,12.041594578792296,13.45362404707371
1787398126.016381,-80,0.0,6.4031242374328485,6.708203932499369,8.54400374531753,11.704699910719626,13.601470508735444,11.704699910719626,11.40175425099138,13.341664064126334,13.601470508735444,13.152946437965905,12.165525060596439,12.165525060596439,11.045361017187261,9.055385138137417,7.0710678118654755,5.385164807134504,4.47213595499958,7.0710678118654755,8.06225774829855,9.486832980505138,12.649110640673518,14.317821063276353,15.297058540778355,16.492422502470642,17.72004514666935,17.72004514666935,0.0,0.0,0.0,0.0,0.0,0.0,0.0,0.0,0.0,0.0,0.0,5.830951894845301,8.48528137423857,11.40175425099138,12.529964086141668,13.341664064126334,17.26267650163207,20.396078054371138,24.041630560342615,25.079872407968907,24.596747752497688,25.942243542145693,24.186773244895647,22.47220505424423,21.633307652783937,20.808652046684813,18.601075237738275,14.212670403551895,12.206555615733702,10.816653826391969,8.602325267042627,5.830951894845301,3.1622776601683795,1.0,1.4142135623730951,2.8284271247461903,3.1622776601683795
