Timestamp,RSSI,Sub_0,Sub_1,Sub_2,Sub_3,Sub_4,Sub_5,Sub_6,Sub_7,Sub_8,Sub_9,Sub_10,Sub_11,Sub_12,Sub_13,Sub_14,Sub_15,Sub_16,Sub_17,Sub_18,Sub_19,Sub_20,Sub_21,Sub_22,Sub_23,Sub_24,Sub_25,Sub_26,Sub_27,Sub_28,Sub_29,Sub_30,Sub_31,Sub_32,Sub_33,Sub_34,Sub_35,Sub_36,Sub_37,Sub_38,Sub_39,Sub_40,Sub_41,Sub_42,Sub_43,Sub_44,Sub_45,Sub_46,Sub_47,Sub_48,Sub_49,Sub_50,Sub_51,Sub_52,Sub_53,Sub_54,Sub_55,Sub_56,Sub_57,Sub_58,Sub_59,Sub_60,Sub_61,Sub_62,Sub_63
1787404894.180556,-67,0.0,24.186773244895647,25.317977802344327,24.186773244895647,21.095023109728988,15.033296378372908,11.045361017187261,8.06225774829855,5.830951894845301,7.0710678118654755,10.44030650891055,12.649110640673518,14.317821063276353,16.15549442140351,17.72004514666935,18.439088914585774,18.24828759089466,18.110770276274835,16.0312195418814,15.033296378372908,13.152946437965905,11.045361017187261,9.055385138137417,6.0,3.1622776601683795,3.0,4.47213595499958,0.0,0.0,0.0,0.0,0.0,0.0,0.0,0.0,0.0,0.0,0.0,6.708203932499369,4.47213595499958,3.1622776601683795,1.0,2.0,5.0,8.0,11.0,14.0,16.0312195418814,17.029386365926403,17.26267650163207,17.72004514666935,17.08800749063506,16.15549442140351,13.92838827718412,11.661903789690601,10.295630140987,7.280109889280518,4.123105625617661,5.656854249492381,8.54400374531753,13.152946437965905,18.110770276274835,21.095023109728988,23.0
1787404894.6059237,-67,0.0,27.730849247724095,27.313000567495326,25.079872407968907,21.540659228538015,18.027756377319946,12.165525060596439,8.06225774829855,5.656854249492381,5.0990195135927845,7.0710678118654755,10.04987562112089,12.041594578792296,14.035668847618199,15.0,15.033296378372908,15.132745950421556,14.560219778561036,13.92838827718412,12.529964086141668,10.816653826391969,9.219544457292887,7.810249675906654,5.656854249492381,2.8284271247461903,1.0,1.4142135623730951,0.0,0.0,0.0,0.0,0.0,0.0,0.0,0.0,0.0,0.0,0.0,5.0,4.123105625617661,2.8284271247461903,2.0,2.8284271247461903,4.123105625617661,6.0,8.06225774829855,10.44030650891055,13.0,14.317821063276353,15.264337522473747,15.0,15.556349186104045,14.866068747318506,13.45362404707371,12.727922061357855,10.63014581273465,7.810249675906654,6.324555320336759,6.082762530298219,7.810249675906654,12.206555615733702,17.4928556845359,21.95449840010015,24.596747752497688
1787404894.674954,-68,0.0,20.8806130178211,20.8806130178211,20.396078054371138,20.223748416156685,19.235384061671343,18.110770276274835,16.0312195418814,15.033296378372908,13.038404810405298,11.180339887498949,10.198039027185569,11.180339887498949,11.180339887498949,10.198039027185569,10.44030650891055,8.94427190999916,8.06225774829855,8.602325267042627,7.810249675906654,8.48528137423857,8.48528137423857,7.810249675906654,7.0710678118654755,7.0710678118654755,7.0710678118654755,7.0710678118654755,0.0,0.0,0.0,0.0,0.0,0.0,0.0,0.0,0.0,0.0,0.0,5.0,5.0,5.385164807134504,5.0990195135927845,6.324555320336759,6.324555320336759,6.324555320336759,7.280109889280518,7.280109889280518,7.0710678118654755,8.06225774829855,8.06225774829855,7.0,7.0710678118654755,8.54400374531753,8.94427190999916,9.848857801796104,10.770329614269007,11.704699910719626,13.0,14.317821063276353,15.231546211727817,17.08800749063506,18.973665961010276,19.924858845171276,19.924858845171276
1787404894.779888,-71,0.0,23.021728866442675,22.47220505424423,21.95449840010015,21.02379604162864,19.697715603592208,18.384776310850235,17.08800749063506,14.866068747318506,13.92838827718412,12.083045973594572,11.180339887498949,9.848857801796104,8.94427190999916,8.06225774829855,7.211102550927978,6.4031242374328485,5.656854249492381,5.830951894845301,5.385164807134504,6.082762530298219,6.082762530298219,7.0710678118654755,7.0710678118654755,7.0710678118654755,7.0710678118654755,7.0,0.0,0.0,0.0,0.0,0.0,0.0,0.0,0.0,0.0,0.0,0.0,2.8284271247461903,3.1622776601683795,4.0,5.0990195135927845,5.0990195135927845,6.082762530298219,7.0710678118654755,7.0710678118654755,8.0,8.0,8.0,8.06225774829855,7.280109889280518,7.615773105863909,8.06225774829855,8.94427190999916,9.433981132056603,10.816653826391969,11.40175425099138,12.041594578792296,13.45362404707371,14.866068747318506,16.278820596099706,19.1049731745428,20.518284528683193,21.2602916254693
1787404894.883907,-72,0.0,20.248456731316587,21.633307652783937,22.47220505424423,21.470910553583888,18.788294228055936,18.384776310850235,17.08800749063506,13.92838827718412,13.0,13.92838827718412,11.40175425099138,9.848857801796104,10.295630140987,10.0,8.48528137423857,8.48528137423857,8.48528137423857,10.0,10.295630140987,8.94427190999916,8.94427190999916,10.295630140987,11.180339887498949,10.295630140987,10.0,9.433981132056603,0.0,0.0,0.0,0.0,0.0,0.0,0.0,0.0,0.0,0.0,0.0,8.06225774829855,7.615773105863909,7.615773105863909,6.708203932499369,6.324555320336759,7.0710678118654755,8.0,9.0,9.219544457292887,8.246211251235321,8.06225774829855,8.06225774829855,8.0,8.06225774829855,9.219544457292887,9.848857801796104,10.295630140987,11.180339887498949,11.704699910719626,11.180339887498949,11.661903789690601,13.038404810405298,13.601470508735444,15.811388300841896,17.4928556845359,19.235384061671343
1787404894.9439666,-72,0.0,26.248809496813376,28.319604517012593,26.90724809414742,24.758836806279895,22.02271554554524,16.1245154965971,11.40175425099138,9.0,7.211102550927978,7.211102550927978,7.615773105863909,9.486832980505138,10.44030650891055,11.40175425099138,11.704699910719626,12.529964086141668,12.206555615733702,11.313708498984761,9.899494936611665,9.219544457292887,8.48528137423857,7.0710678118654755,5.830951894845301,5.0990195135927845,5.0990195135927845,5.0,0.0,0.0,0.0,0.0,0.0,0.0,0.0,0.0,0.0,0.0,0.0,5.0990195135927845,4.123105625617661,2.0,1.0,4.123105625617661,5.385164807134504,7.810249675906654,9.899494936611665,12.727922061357855,14.212670403551895,15.0,15.264337522473747,15.231546211727817,13.341664064126334,12.165525060596439,11.045361017187261,9.0,8.0,6.082762530298219,3.1622776601683795,0.0,4.242640687119285,9.219544457292887,14.142135623730951,18.439088914585774,19.79898987322333
1787404895.2705576,-83,0.0,19.697715603592208,18.384776310850235,17.46424919657298,15.652475842498529,13.038404810405298,10.816653826391969,7.810249675906654,5.830951894845301,4.0,5.0,6.708203932499369,8.246211251235321,11.045361017187261,12.0,13.038404810405298,14.035668847618199,13.038404810405298,13.038404810405298,11.045361017187261,10.198039027185569,8.246211251235321,6.708203932499369,5.0,4.47213595499958,5.0,6.082762530298219,0.0,0.0,0.0,0.0,0.0,0.0,0.0,0.0,0.0,0.0,0.0,8.602325267042627,6.708203932499369,4.47213595499958,2.23606797749979,3.1622776601683795,5.656854249492381,8.48528137423857,11.313708498984761,12.727922061357855,14.142135623730951,16.278820596099706,17.69180601295413,17.029386365926403,17.029386365926403,15.811388300841896,15.0,12.206555615733702,11.40175425099138,8.94427190999916,5.830951894845301,3.1622776601683795,0.0,4.47213595499958,7.280109889280518,10.44030650891055,12.649110640673518
1787404896.1168447,-67,0.0,26.92582403567252,26.0,24.166091947189145,20.591260281974,15.811388300841896,11.313708498984761,8.54400374531753,6.324555320336759,7.211102550927978,8.06225774829855,9.848857801796104,13.0,14.317821063276353,15.264337522473747,15.811388300841896,16.1245154965971,15.652475842498529,14.422205101855956,12.727922061357855,10.63014581273465,9.433981132056603,9.486832980505138,7.0710678118654755,2.0,7.211102550927978,9.219544457292887,0.0,0.0,0.0,0.0,0.0,0.0,0.0,0.0,0.0,0.0,0.0,3.605551275463989,1.4142135623730951,1.0,1.0,2.0,4.0,6.082762530298219,7.0710678118654755,7.0,9.0,10.0,11.045361017187261,11.40175425099138,10.770329614269007,10.295630140987,10.295630140987,8.06225774829855,6.708203932499369,5.385164807134504,3.1622776601683795,4.47213595499958,8.0,12.165525060596439,16.492422502470642,20.8806130178211,24.041630560342615
1787404896.1168447,-68,0.0,24.351591323771842,24.041630560342615,21.587033144922902,18.24828759089466,14.035668847618199,10.198039027185569,6.4031242374328485,4.123105625617661,5.0,8.06225774829855,8.94427190999916,10.295630140987,11.661903789690601,13.038404810405298,14.422205101855956,14.212670403551895,12.806248474865697,11.40175425099138,11.313708498984761,9.899494936611665,9.899494936611665,10.63014581273465,8.48528137423857,3.605551275463989,7.211102550927978,17.029386365926403,0.0,0.0,0.0,0.0,0.0,0.0,0.0,0.0,0.0,0.0,0.0,3.0,3.1622776601683795,3.0,3.1622776601683795,2.23606797749979,2.23606797749979,3.1622776601683795,6.082762530298219,8.246211251235321,9.219544457292887,10.198039027185569,11.045361017187261,10.0,10.04987562112089,10.04987562112089,10.04987562112089,8.06225774829855,6.082762530298219,4.0,2.8284271247461903,4.0,7.211102550927978,11.313708498984761,15.0,18.867962264113206,21.470910553583888
1787404896.7080812,-84,0.0,18.110770276274835,18.24828759089466,18.24828759089466,18.24828759089466,18.24828759089466,17.26267650163207,16.0312195418814,14.035668847618199,12.0,11.180339887498949,8.94427190999916,8.602325267042627,9.219544457292887,9.433981132056603,10.770329614269007,11.704699910719626,11.40175425099138,12.36931687685298,11.704699910719626,12.083045973594572,11.180339887498949,10.295630140987,9.433981132056603,9.219544457292887,7.0710678118654755,7.0710678118654755,0.0,0.0,0.0,0.0,0.0,0.0,0.0,0.0,0.0,0.0,0.0,3.1622776601683795,3.0,3.0,3.605551275463989,5.0,7.810249675906654,9.219544457292887,11.40175425099138,12.727922061357855,14.212670403551895,15.620499351813308,15.620499351813308,16.401219466856727,15.811388300841896,15.0,13.45362404707371,13.45362404707371,13.038404810405298,13.416407864998739,12.649110640673518,12.36931687685298,11.045361017187261,11.0,10.198039027185569,8.54400374531753,8.602325267042627
1787404896.7354903,-83,0.0,10.44030650891055,11.40175425099138,11.704699910719626,12.649110640673518,12.649110640673518,12.649110640673518,11.704699910719626,10.198039027185569,9.055385138137417,8.0,7.280109889280518,8.06225774829855,8.602325267042627,9.899494936611665,10.63014581273465,11.40175425099138,12.041594578792296,12.727922061357855,12.806248474865697,13.601470508735444,12.529964086141668,11.180339887498949,9.848857801796104,8.54400374531753,8.246211251235321,7.0710678118654755,0.0,0.0,0.0,0.0,0.0,0.0,0.0,0.0,0.0,0.0,0.0,2.23606797749979,2.0,2.0,3.0,3.1622776601683795,3.1622776601683795,4.0,5.0,6.0,8.0,9.0,10.0,11.0,12.041594578792296,12.041594578792296,13.038404810405298,14.035668847618199,14.035668847618199,14.035668847618199,14.0,14.035668847618199,12.165525060596439,12.36931687685298,11.704699910719626,10.770329614269007,9.433981132056603
1787404896.7673967,-80,0.0,13.601470508735444,16.15549442140351,18.788294228055936,20.12461179749811,19.697715603592208,19.313207915827967,18.027756377319946,15.811388300841896,13.601470508735444,12.165525060596439,9.055385138137417,5.0990195135927845,1.4142135623730951,3.1622776601683795,6.324555320336759,8.94427190999916,11.180339887498949,12.529964086141668,12.206555615733702,12.806248474865697,12.041594578792296,12.041594578792296,12.206555615733702,11.180339887498949,10.44030650891055,9.055385138137417,0.0,0.0,0.0,0.0,0.0,0.0,0.0,0.0,0.0,0.0,0.0,7.0710678118654755,6.0,6.0,7.0,8.0,8.06225774829855,8.06225774829855,6.082762530298219,5.385164807134504,6.4031242374328485,6.708203932499369,9.486832980505138,11.704699910719626,14.560219778561036,16.492422502470642,17.46424919657298,18.681541692269406,18.681541692269406,17.46424919657298,16.278820596099706,14.317821063276353,13.152946437965905,11.0,8.246211251235321,5.656854249492381,7.280109889280518
1787404896.7673967,-80,0.0,10.04987562112089,12.083045973594572,15.231546211727817,18.027756377319946,17.72004514666935,17.72004514666935,15.811388300841896,13.601470508735444,13.152946437965905,11.045361017187261,7.0,4.123105625617661,1.4142135623730951,4.123105625617661,7.0,9.055385138137417,10.198039027185569,9.486832980505138,11.180339887498949,11.661903789690601,11.40175425099138,11.40175425099138,9.899494936611665,8.602325267042627,7.615773105863909,7.0,0.0,0.0,0.0,0.0,0.0,0.0,0.0,0.0,0.0,0.0,0.0,12.041594578792296,8.06225774829855,6.082762530298219,7.0,7.280109889280518,8.06225774829855,8.246211251235321,8.54400374531753,6.324555320336759,6.708203932499369,8.48528137423857,10.63014581273465,11.40175425099138,13.892443989449804,15.231546211727817,16.15549442140351,16.55294535724685,17.88854381999832,17.46424919657298,16.76305461424021,15.524174696260024,12.165525060596439,10.198039027185569,7.0710678118654755,5.0990195135927845,4.242640687119285
1787404896.7834425,-81,0.0,19.6468827043885,16.492422502470642,12.649110640673518,8.54400374531753,5.0,3.0,5.830951894845301,8.94427190999916,13.0,15.231546211727817,17.88854381999832,18.35755975068582,18.35755975068582,17.4928556845359,16.64331697709324,15.264337522473747,13.038404810405298,10.295630140987,8.94427190999916,7.0710678118654755,6.0,6.324555320336759,7.615773105863909,8.602325267042627,9.219544457292887,10.0,0.0,0.0,0.0,0.0,0.0,0.0,0.0,0.0,0.0,0.0,0.0,11.180339887498949,11.180339887498949,10.770329614269007,10.770329614269007,12.083045973594572,12.083045973594572,13.0,13.416407864998739,13.416407864998739,13.416407864998739,13.416407864998739,13.416407864998739,12.206555615733702,11.40175425099138,10.63014581273465,10.295630140987,10.198039027185569,11.0,13.341664064126334,15.811388300841896,18.384776310850235,21.02379604162864,23.259406699226016,24.596747752497688,26.832815729997478,27.730849247724095
1787404896.7956176,-81,0.0,14.422205101855956,15.620499351813308,17.804493814764857,19.209372712298546,20.0,19.4164878389476,20.248456731316587,17.0,12.649110640673518,8.94427190999916,7.615773105863909,6.082762530298219,3.1622776601683795,3.0,4.242640687119285,7.280109889280518,12.0,14.035668847618199,13.038404810405298,11.704699910719626,12.529964086141668,12.36931687685298,11.704699910719626,11.661903789690601,9.219544457292887,6.4031242374328485,0.0,0.0,0.0,0.0,0.0,0.0,0.0,0.0,0.0,0.0,0.0,7.615773105863909,7.0,7.0710678118654755,6.324555320336759,7.211102550927978,7.0710678118654755,7.0710678118654755,7.211102550927978,7.0710678118654755,7.615773105863909,9.055385138137417,10.04987562112089,11.045361017187261,13.038404810405298,14.035668847618199,16.0312195418814,18.027756377319946,19.026297590440446,19.0,18.027756377319946,16.0312195418814,14.142135623730951,11.40175425099138,8.94427190999916,7.211102550927978,9.219544457292887
1787404896.8326943,-83,0.0,4.47213595499958,4.47213595499958,7.0710678118654755,9.055385138137417,12.165525060596439,13.601470508735444,15.524174696260024,14.560219778561036,14.560219778561036,13.601470508735444,13.601470508735444,11.40175425099138,9.055385138137417,6.0,3.1622776601683795,2.23606797749979,3.1622776601683795,5.0,5.656854249492381,7.810249675906654,8.602325267042627,8.06225774829855,8.06225774829855,8.06225774829855,7.615773105863909,7.615773105863909,0.0,0.0,0.0,0.0,0.0,0.0,0.0,0.0,0.0,0.0,0.0,18.439088914585774,16.64331697709324,16.55294535724685,15.524174696260024,15.132745950421556,14.035668847618199,13.152946437965905,12.36931687685298,10.44030650891055,8.602325267042627,6.4031242374328485,6.324555320336759,7.0,8.246211251235321,8.54400374531753,9.848857801796104,12.083045973594572,13.0,14.560219778561036,14.317821063276353,15.033296378372908,15.033296378372908,16.1245154965971,16.278820596099706,17.72004514666935,17.46424919657298
1787404897.2274084,-70,0.0,28.0,27.018512172212592,25.019992006393608,22.02271554554524,17.11724276862369,13.601470508735444,8.602325267042627,6.708203932499369,8.0,9.219544457292887,11.40175425099138,12.36931687685298,13.341664064126334,14.142135623730951,15.033296378372908,16.0,16.0312195418814,15.132745950421556,13.341664064126334,11.40175425099138,10.44030650891055,7.280109889280518,5.0990195135927845,2.0,1.4142135623730951,3.0,0.0,0.0,0.0,0.0,0.0,0.0,0.0,0.0,0.0,0.0,0.0,3.1622776601683795,2.23606797749979,0.0,2.23606797749979,2.23606797749979,5.0990195135927845,7.0,9.0,12.041594578792296,14.142135623730951,14.317821063276353,15.524174696260024,15.231546211727817,14.7648230602334,14.422205101855956,13.601470508735444,11.40175425099138,8.602325267042627,6.708203932499369,4.0,5.0,8.246211251235321,13.038404810405298,18.0,22.02271554554524,24.020824298928627
1787404897.2430995,-70,0.0,26.476404589747453,25.709920264364882,23.53720459187964,20.615528128088304,16.76305461424021,12.529964086141668,8.48528137423857,5.0990195135927845,5.385164807134504,7.810249675906654,9.899494936611665,12.727922061357855,13.45362404707371,14.212670403551895,15.264337522473747,15.652475842498529,15.231546211727817,13.601470508735444,12.36931687685298,11.180339887498949,9.219544457292887,6.324555320336759,4.47213595499958,2.23606797749979,2.8284271247461903,5.0,0.0,0.0,0.0,0.0,0.0,0.0,0.0,0.0,0.0,0.0,0.0,3.1622776601683795,2.23606797749979,0.0,1.4142135623730951,3.0,5.0,8.0,10.04987562112089,13.038404810405298,15.033296378372908,17.11724276862369,17.26267650163207,17.46424919657298,16.76305461424021,15.231546211727817,14.7648230602334,13.416407864998739,11.180339887498949,7.280109889280518,5.0,4.47213595499958,7.0,11.180339887498949,16.278820596099706,20.396078054371138,22.360679774997898
1787404897.4338975,-69,0.0,28.160255680657446,27.202941017470888,25.632011235952593,21.93171219946131,17.0,12.206555615733702,7.211102550927978,4.123105625617661,5.385164807134504,9.055385138137417,11.0,13.0,15.033296378372908,17.029386365926403,17.11724276862369,18.24828759089466,17.46424919657298,16.76305461424021,15.811388300841896,14.866068747318506,13.0,10.770329614269007,7.615773105863909,4.47213595499958,2.23606797749979,1.4142135623730951,0.0,0.0,0.0,0.0,0.0,0.0,0.0,0.0,0.0,0.0,0.0,3.605551275463989,2.8284271247461903,1.0,3.0,5.385164807134504,6.708203932499369,8.602325267042627,10.816653826391969,13.038404810405298,15.0,16.401219466856727,15.620499351813308,14.142135623730951,13.601470508735444,12.529964086141668,13.0,11.40175425099138,9.219544457292887,7.0710678118654755,4.0,1.0,3.0,8.06225774829855,14.035668847618199,19.1049731745428,22.360679774997898
1787404897.7493634,-68,0.0,26.248809496813376,25.298221281347036,24.041630560342615,20.615528128088304,17.26267650163207,13.038404810405298,8.06225774829855,5.0,5.0,8.06225774829855,11.40175425099138,12.806248474865697,15.0,16.64331697709324,17.4928556845359,18.35755975068582,18.788294228055936,18.384776310850235,17.08800749063506,14.866068747318506,13.0,9.848857801796104,6.4031242374328485,3.605551275463989,2.23606797749979,4.47213595499958,0.0,0.0,0.0,0.0,0.0,0.0,0.0,0.0,0.0,0.0,0.0,2.8284271247461903,2.23606797749979,1.0,1.0,3.1622776601683795,5.0,7.0710678118654755,9.219544457292887,11.40175425099138,12.206555615733702,13.601470508735444,13.892443989449804,14.317821063276353,14.560219778561036,13.341664064126334,13.038404810405298,12.0,10.04987562112089,8.06225774829855,5.0990195135927845,1.0,3.605551275463989,7.615773105863909,13.0,17.46424919657298,20.248456731316587
1787404898.4615614,-69,0.0,28.653097563788805,26.92582403567252,24.413111231467404,20.0,15.556349186104045,11.661903789690601,8.06225774829855,6.324555320336759,7.810249675906654,10.295630140987,12.529964086141668,13.892443989449804,14.7648230602334,15.264337522473747,15.620499351813308,15.620499351813308,16.1245154965971,15.652475842498529,16.15549442140351,14.866068747318506,12.649110640673518,9.848857801796104,6.708203932499369,4.242640687119285,2.23606797749979,3.1622776601683795,0.0,0.0,0.0,0.0,0.0,0.0,0.0,0.0,0.0,0.0,0.0,5.656854249492381,4.47213595499958,3.0,2.0,1.4142135623730951,4.47213595499958,7.615773105863909,10.44030650891055,13.341664064126334,15.132745950421556,17.029386365926403,17.0,17.029386365926403,16.278820596099706,15.524174696260024,14.866068747318506,13.0,10.770329614269007,7.280109889280518,5.0,3.605551275463989,7.0710678118654755,10.770329614269007,15.652475842498529,21.02379604162864,24.596747752497688
1787404898.4740026,-70,0.0,28.460498941515414,26.570660511172846,24.698178070456937,21.02379604162864,16.1245154965971,11.313708498984761,8.06225774829855,6.082762530298219,7.810249675906654,10.0,11.40175425099138,13.45362404707371,14.142135623730951,14.866068747318506,15.811388300841896,16.1245154965971,17.08800749063506,17.46424919657298,17.46424919657298,15.297058540778355,13.341664064126334,11.40175425099138,7.615773105863909,3.605551275463989,2.0,3.605551275463989,0.0,0.0,0.0,0.0,0.0,0.0,0.0,0.0,0.0,0.0,0.0,6.708203932499369,5.0990195135927845,3.0,1.0,1.0,4.0,8.0,11.0,14.0,15.0,17.029386365926403,17.11724276862369,16.492422502470642,16.15549442140351,15.652475842498529,15.652475842498529,13.892443989449804,10.295630140987,7.615773105863909,5.0990195135927845,3.605551275463989,7.0,11.180339887498949,16.278820596099706,21.587033144922902,23.769728648009426
1787404898.4801836,-69,0.0,32.202484376209235,29.068883707497267,25.942243542145693,21.95449840010015,16.64331697709324,12.041594578792296,7.211102550927978,4.123105625617661,5.0,8.54400374531753,11.180339887498949,12.529964086141668,13.038404810405298,15.0,14.866068747318506,16.401219466856727,16.64331697709324,16.55294535724685,16.15549442140351,14.866068747318506,12.649110640673518,10.44030650891055,7.280109889280518,3.605551275463989,1.0,3.1622776601683795,0.0,0.0,0.0,0.0,0.0,0.0,0.0,0.0,0.0,0.0,0.0,5.385164807134504,3.605551275463989,2.0,1.0,3.1622776601683795,6.082762530298219,10.04987562112089,13.152946437965905,16.1245154965971,18.110770276274835,20.024984394500787,20.024984394500787,19.235384061671343,18.439088914585774,17.72004514666935,17.08800749063506,15.231546211727817,13.0,10.44030650891055,7.0,6.4031242374328485,9.055385138137417,13.341664064126334,18.973665961010276,24.351591323771842,28.792360097775937
1787404898.5667384,-70,0.0,22.20360331117452,21.400934559032695,21.400934559032695,21.2602916254693,19.1049731745428,18.384776310850235,16.97056274847714,14.866068747318506,12.806248474865697,12.041594578792296,11.313708498984761,9.219544457292887,8.602325267042627,7.810249675906654,7.211102550927978,6.708203932499369,7.0710678118654755,8.06225774829855,8.0,8.0,8.0,9.0,9.0,9.0,9.0,9.0,0.0,0.0,0.0,0.0,0.0,0.0,0.0,0.0,0.0,0.0,0.0,5.656854249492381,7.0710678118654755,7.0710678118654755,7.810249675906654,9.219544457292887,9.899494936611665,9.899494936611665,10.0,10.0,10.0,10.0,10.63014581273465,9.899494936611665,9.899494936611665,10.63014581273465,11.40175425099138,11.40175425099138,12.206555615733702,13.038404810405298,13.892443989449804,14.7648230602334,16.1245154965971,17.0,19.235384061671343,20.591260281974,21.95449840010015
1787404898.60947,-88,0.0,11.40175425099138,10.770329614269007,10.770329614269007,11.704699910719626,11.40175425099138,11.40175425099138,11.045361017187261,11.045361017187261,10.198039027185569,8.06225774829855,8.48528137423857,8.06225774829855,7.0710678118654755,6.082762530298219,6.708203932499369,5.830951894845301,4.242640687119285,4.242640687119285,3.605551275463989,3.605551275463989,3.1622776601683795,3.0,4.123105625617661,5.385164807134504,5.385164807134504,6.324555320336759,0.0,0.0,0.0,0.0,0.0,0.0,0.0,0.0,0.0,0.0,0.0,11.045361017187261,10.04987562112089,10.44030650891055,9.848857801796104,10.295630140987,10.63014581273465,10.63014581273465,8.94427190999916,9.486832980505138,8.246211251235321,7.0710678118654755,6.0,5.0990195135927845,4.47213595499958,2.8284271247461903,1.0,2.0,3.1622776601683795,5.0,6.082762530298219,7.0,9.0,10.0,11.0,11.045361017187261,12.165525060596439
1787404898.6222568,-91,0.0,9.219544457292887,9.219544457292887,9.433981132056603,9.433981132056603,8.94427190999916,10.295630140987,10.0,9.899494936611665,10.0,10.295630140987,11.40175425099138,12.041594578792296,11.045361017187261,10.04987562112089,9.0,8.06225774829855,6.082762530298219,5.830951894845301,5.656854249492381,5.830951894845301,6.708203932499369,7.615773105863909,8.94427190999916,9.433981132056603,9.433981132056603,10.816653826391969,0.0,0.0,0.0,0.0,0.0,0.0,0.0,0.0,0.0,0.0,0.0,3.1622776601683795,4.123105625617661,4.47213595499958,5.656854249492381,6.4031242374328485,6.708203932499369,7.280109889280518,8.06225774829855,7.0710678118654755,6.324555320336759,5.830951894845301,4.242640687119285,4.242640687119285,3.605551275463989,1.4142135623730951,1.0,2.0,4.123105625617661,5.0990195135927845,7.0710678118654755,9.486832980505138,11.40175425099138,12.649110640673518,13.92838827718412,14.866068747318506,15.231546211727817
1787404898.970687,-72,0.0,23.430749027719962,24.20743687382041,24.413111231467404,23.021728866442675,22.47220505424423,21.95449840010015,20.12461179749811,17.46424919657298,16.15549442140351,14.317821063276353,12.529964086141668,10.816653826391969,10.0,10.0,9.219544457292887,8.602325267042627,8.602325267042627,8.06225774829855,8.06225774829855,8.246211251235321,8.06225774829855,8.06225774829855,8.06225774829855,8.06225774829855,8.06225774829855,8.246211251235321,0.0,0.0,0.0,0.0,0.0,0.0,0.0,0.0,0.0,0.0,0.0,6.4031242374328485,5.656854249492381,3.605551275463989,3.1622776601683795,4.123105625617661,6.082762530298219,6.082762530298219,7.0,8.0,7.0,6.0,7.0710678118654755,7.615773105863909,9.433981132056603,9.433981132056603,8.602325267042627,9.219544457292887,10.0,12.041594578792296,13.45362404707371,14.866068747318506,16.278820596099706,19.1049731745428,21.93171219946131,22.627416997969522,21.93171219946131
1787404899.0196726,-71,0.0,27.730849247724095,26.832815729997478,24.186773244895647,20.0,14.866068747318506,10.295630140987,6.0,5.656854249492381,8.246211251235321,11.045361017187261,12.041594578792296,13.152946437965905,13.341664064126334,14.866068747318506,15.652475842498529,15.264337522473747,14.866068747318506,14.212670403551895,13.038404810405298,11.180339887498949,8.94427190999916,7.211102550927978,4.242640687119285,1.4142135623730951,2.8284271247461903,4.47213595499958,0.0,0.0,0.0,0.0,0.0,0.0,0.0,0.0,0.0,0.0,0.0,1.4142135623730951,1.0,3.1622776601683795,4.47213595499958,5.656854249492381,8.602325267042627,10.295630140987,11.704699910719626,13.601470508735444,14.317821063276353,14.142135623730951,14.0,13.341664064126334,12.649110640673518,13.0,12.529964086141668,11.180339887498949,8.94427190999916,6.324555320336759,4.123105625617661,4.47213595499958,7.0710678118654755,12.36931687685298,18.027756377319946,22.47220505424423,25.632011235952593
1787404899.0471287,-72,0.0,30.14962686336267,29.068883707497267,26.0,21.095023109728988,16.492422502470642,11.661903789690601,8.06225774829855,8.06225774829855,10.295630140987,12.041594578792296,14.142135623730951,14.142135623730951,14.866068747318506,17.204650534085253,17.0,17.46424919657298,18.027756377319946,17.26267650163207,16.0,14.035668847618199,11.045361017187261,9.0,6.082762530298219,2.23606797749979,3.0,4.0,0.0,0.0,0.0,0.0,0.0,0.0,0.0,0.0,0.0,0.0,0.0,2.23606797749979,2.23606797749979,3.605551275463989,4.47213595499958,5.385164807134504,7.0710678118654755,8.54400374531753,10.770329614269007,13.0,13.0,13.038404810405298,13.601470508735444,13.45362404707371,12.806248474865697,12.529964086141668,13.0,11.40175425099138,9.486832980505138,6.708203932499369,2.23606797749979,4.242640687119285,8.54400374531753,13.341664064126334,18.24828759089466,23.345235059857504,26.476404589747453
1787404899.0491352,-72,0.0,29.0,28.319604517012593,25.612496949731394,21.633307652783937,16.55294535724685,11.180339887498949,7.280109889280518,6.708203932499369,9.0,10.198039027185569,12.36931687685298,13.341664064126334,14.317821063276353,15.033296378372908,15.033296378372908,15.297058540778355,15.811388300841896,16.15549442140351,14.7648230602334,12.206555615733702,10.63014581273465,9.219544457292887,6.4031242374328485,3.1622776601683795,5.385164807134504,8.246211251235321,0.0,0.0,0.0,0.0,0.0,0.0,0.0,0.0,0.0,0.0,0.0,1.4142135623730951,4.123105625617661,7.280109889280518,6.082762530298219,3.0,5.830951894845301,9.219544457292887,11.661903789690601,12.529964086141668,12.649110640673518,13.92838827718412,13.341664064126334,12.041594578792296,13.038404810405298,13.152946437965905,12.36931687685298,10.44030650891055,8.246211251235321,5.0990195135927845,3.1622776601683795,4.123105625617661,8.94427190999916,13.601470508735444,17.804493814764857,22.67156809750927,25.495097567963924
1787404899.0807903,-71,0.0,26.92582403567252,25.298221281347036,22.47220505424423,19.235384061671343,15.0,9.219544457292887,6.0,7.0710678118654755,9.848857801796104,12.36931687685298,14.317821063276353,14.560219778561036,15.231546211727817,15.264337522473747,15.811388300841896,15.620499351813308,15.556349186104045,13.601470508735444,13.416407864998739,13.0,11.704699910719626,9.486832980505138,4.47213595499958,1.0,1.4142135623730951,3.1622776601683795,0.0,0.0,0.0,0.0,0.0,0.0,0.0,0.0,0.0,0.0,0.0,1.4142135623730951,0.0,2.8284271247461903,4.242640687119285,5.830951894845301,6.324555320336759,7.280109889280518,9.219544457292887,11.180339887498949,12.041594578792296,13.038404810405298,13.341664064126334,12.649110640673518,13.416407864998739,13.038404810405298,12.806248474865697,11.313708498984761,9.899494936611665,6.4031242374328485,4.123105625617661,3.605551275463989,7.0710678118654755,12.041594578792296,17.26267650163207,21.587033144922902,24.515301344262525
1787404899.485661,-69,0.0,27.586228448267445,26.870057685088806,24.08318915758459,20.615528128088304,15.264337522473747,10.44030650891055,6.082762530298219,5.830951894845301,8.0,11.045361017187261,14.142135623730951,16.1245154965971,17.029386365926403,18.0,18.110770276274835,17.26267650163207,16.76305461424021,15.231546211727817,13.892443989449804,12.806248474865697,11.40175425099138,9.219544457292887,6.4031242374328485,2.8284271247461903,1.0,2.23606797749979,0.0,0.0,0.0,0.0,0.0,0.0,0.0,0.0,0.0,0.0,0.0,3.1622776601683795,2.8284271247461903,2.0,1.4142135623730951,1.0,2.8284271247461903,5.0,8.06225774829855,10.816653826391969,12.529964086141668,13.416407864998739,14.317821063276353,14.560219778561036,14.317821063276353,14.142135623730951,13.038404810405298,11.045361017187261,9.0,7.0710678118654755,5.0,5.0990195135927845,7.280109889280518,11.661903789690601,17.204650534085253,22.02271554554524,24.08318915758459
1787404899.5893295,-70,0.0,20.808652046684813,20.808652046684813,21.400934559032695,20.615528128088304,20.518284528683193,19.79898987322333,19.1049731745428,17.69180601295413,16.278820596099706,14.212670403551895,14.212670403551895,12.806248474865697,11.313708498984761,11.313708498984761,9.899494936611665,9.219544457292887,9.219544457292887,8.06225774829855,8.06225774829855,8.54400374531753,8.54400374531753,9.486832980505138,9.486832980505138,8.94427190999916,8.94427190999916,8.54400374531753,0.0,0.0,0.0,0.0,0.0,0.0,0.0,0.0,0.0,0.0,0.0,6.708203932499369,4.47213595499958,3.0,3.1622776601683795,4.47213595499958,5.0,5.0,5.830951894845301,5.830951894845301,6.708203932499369,7.211102550927978,7.211102550927978,7.211102550927978,6.4031242374328485,7.810249675906654,8.48528137423857,8.48528137423857,8.602325267042627,9.433981132056603,10.816653826391969,12.529964086141668,14.317821063276353,15.652475842498529,17.0,19.235384061671343,19.235384061671343
1787404899.6859796,-69,0.0,21.02379604162864,21.0,22.0,22.02271554554524,21.02379604162864,21.213203435596427,19.4164878389476,18.439088914585774,17.46424919657298,16.492422502470642,15.524174696260024,14.560219778561036,13.601470508735444,12.36931687685298,11.40175425099138,10.44030650891055,9.219544457292887,8.06225774829855,8.0,8.06225774829855,8.246211251235321,8.246211251235321,8.54400374531753,8.54400374531753,8.246211251235321,7.280109889280518,0.0,0.0,0.0,0.0,0.0,0.0,0.0,0.0,0.0,0.0,0.0,6.082762530298219,5.0990195135927845,4.47213595499958,3.605551275463989,3.605551275463989,5.385164807134504,5.830951894845301,6.708203932499369,6.708203932499369,8.06225774829855,8.06225774829855,7.615773105863909,7.615773105863909,8.246211251235321,8.246211251235321,9.219544457292887,9.055385138137417,10.04987562112089,11.045361017187261,12.041594578792296,12.0,13.038404810405298,15.033296378372908,17.029386365926403,18.027756377319946,19.026297590440446
1787404899.8037496,-67,0.0,22.847319317591726,22.47220505424423,22.135943621178654,21.18962010041709,20.248456731316587,19.313207915827967,17.72004514666935,16.76305461424021,16.76305461424021,16.492422502470642,14.560219778561036,12.36931687685298,12.36931687685298,11.40175425099138,10.770329614269007,9.848857801796104,8.94427190999916,8.602325267042627,7.810249675906654,8.48528137423857,9.219544457292887,9.899494936611665,9.899494936611665,9.219544457292887,9.219544457292887,10.0,0.0,0.0,0.0,0.0,0.0,0.0,0.0,0.0,0.0,0.0,0.0,6.0,6.082762530298219,6.324555320336759,7.280109889280518,7.615773105863909,8.54400374531753,8.94427190999916,9.848857801796104,9.486832980505138,10.44030650891055,10.44030650891055,10.44030650891055,10.198039027185569,10.44030650891055,11.704699910719626,11.704699910719626,13.0,13.416407864998739,13.416407864998739,14.7648230602334,15.264337522473747,16.64331697709324,18.027756377319946,19.72308292331602,20.591260281974,21.470910553583888
1787404899.8994873,-67,0.0,27.784887978899608,27.294688127912362,24.596747752497688,21.02379604162864,17.08800749063506,11.704699910719626,7.0710678118654755,3.605551275463989,5.0,7.280109889280518,9.848857801796104,11.180339887498949,13.0,14.866068747318506,14.560219778561036,15.297058540778355,15.132745950421556,14.035668847618199,13.038404810405298,11.045361017187261,10.198039027185569,8.06225774829855,5.0990195135927845,2.0,0.0,2.0,0.0,0.0,0.0,0.0,0.0,0.0,0.0,0.0,0.0,0.0,0.0,5.0,4.47213595499958,2.0,1.4142135623730951,3.1622776601683795,5.0,8.48528137423857,10.63014581273465,12.041594578792296,14.212670403551895,15.0,15.811388300841896,14.7648230602334,13.0,12.36931687685298,11.180339887498949,10.04987562112089,8.0,6.0,3.1622776601683795,3.0,6.4031242374328485,10.63014581273465,15.620499351813308,20.808652046684813,23.021728866442675
1787404899.9107225,-71,0.0,27.294688127912362,26.30589287593181,23.194827009486403,20.024984394500787,16.0312195418814,11.180339887498949,6.708203932499369,4.123105625617661,5.830951894845301,8.48528137423857,11.40175425099138,14.212670403551895,14.866068747318506,15.556349186104045,16.278820596099706,17.029386365926403,17.204650534085253,16.1245154965971,14.7648230602334,13.416407864998739,10.770329614269007,8.94427190999916,6.708203932499369,3.605551275463989,1.0,2.0,0.0,0.0,0.0,0.0,0.0,0.0,0.0,0.0,0.0,0.0,0.0,5.385164807134504,4.47213595499958,2.23606797749979,0.0,2.8284271247461903,5.830951894845301,8.602325267042627,11.40175425099138,13.45362404707371,14.866068747318506,15.556349186104045,15.556349186104045,15.0,14.422205101855956,13.416407864998739,13.0,11.40175425099138,9.219544457292887,7.0710678118654755,4.123105625617661,2.0,5.0,9.848857801796104,15.811388300841896,19.6468827043885,23.53720459187964
1787404899.9974947,-69,0.0,23.021728866442675,23.021728866442675,23.021728866442675,23.021728866442675,23.08679276123039,21.213203435596427,20.223748416156685,18.24828759089466,16.278820596099706,15.132745950421556,14.142135623730951,13.152946437965905,13.152946437965905,12.041594578792296,12.0,12.0,11.045361017187261,11.180339887498949,11.180339887498949,11.40175425099138,12.36931687685298,13.152946437965905,13.152946437965905,12.041594578792296,11.0,11.0,0.0,0.0,0.0,0.0,0.0,0.0,0.0,0.0,0.0,0.0,0.0,6.4031242374328485,6.4031242374328485,6.4031242374328485,7.211102550927978,7.615773105863909,7.615773105863909,8.54400374531753,8.54400374531753,8.54400374531753,8.54400374531753,9.219544457292887,9.219544457292887,9.055385138137417,10.04987562112089,10.0,11.0,11.045361017187261,12.0,13.0,14.035668847618199,14.142135623730951,15.132745950421556,17.11724276862369,19.1049731745428,20.09975124224178,21.213203435596427
1787404900.0928137,-71,0.0,28.861739379323623,27.892651361962706,25.709920264364882,21.37755832643195,17.11724276862369,12.0,7.615773105863909,6.708203932499369,8.0,10.04987562112089,12.041594578792296,13.038404810405298,14.035668847618199,15.132745950421556,14.560219778561036,14.317821063276353,13.601470508735444,14.142135623730951,13.601470508735444,13.038404810405298,11.661903789690601,10.0,7.810249675906654,5.385164807134504,4.47213595499958,5.656854249492381,0.0,0.0,0.0,0.0,0.0,0.0,0.0,0.0,0.0,0.0,0.0,1.4142135623730951,2.0,3.0,1.0,0.0,2.23606797749979,5.385164807134504,6.324555320336759,8.54400374531753,9.486832980505138,11.180339887498949,12.0,12.165525060596439,11.40175425099138,11.704699910719626,11.180339887498949,10.295630140987,8.06225774829855,6.324555320336759,5.0990195135927845,7.0710678118654755,9.848857801796104,15.524174696260024,20.396078054371138,23.345235059857504,25.495097567963924
1787404900.1248517,-71,0.0,30.528675044947494,29.154759474226502,27.784887978899608,22.825424421026653,18.788294228055936,13.601470508735444,9.0,6.708203932499369,7.211102550927978,9.486832980505138,11.40175425099138,12.649110640673518,13.416407864998739,13.892443989449804,14.212670403551895,14.142135623730951,14.422205101855956,14.317821063276353,13.601470508735444,13.152946437965905,11.180339887498949,9.219544457292887,6.708203932499369,4.242640687119285,3.0,3.605551275463989,0.0,0.0,0.0,0.0,0.0,0.0,0.0,0.0,0.0,0.0,0.0,0.0,1.4142135623730951,1.4142135623730951,1.0,1.4142135623730951,4.123105625617661,6.082762530298219,8.06225774829855,10.04987562112089,12.0,13.152946437965905,13.341664064126334,13.92838827718412,14.317821063276353,13.038404810405298,12.206555615733702,10.816653826391969,8.48528137423857,5.830951894845301,6.0,6.324555320336759,8.48528137423857,15.0,20.248456731316587,24.698178070456937,26.419689627245813
1787404900.2112193,-71,0.0,30.4138126514911,29.0,27.586228448267445,23.345235059857504,18.439088914585774,13.892443989449804,9.486832980505138,8.06225774829855,7.211102550927978,9.219544457292887,11.40175425099138,12.806248474865697,14.142135623730951,14.212670403551895,14.422205101855956,14.317821063276353,14.560219778561036,14.035668847618199,13.038404810405298,12.165525060596439,10.198039027185569,8.246211251235321,5.0990195135927845,3.0,2.23606797749979,3.0,0.0,0.0,0.0,0.0,0.0,0.0,0.0,0.0,0.0,0.0,0.0,2.0,3.0,4.123105625617661,3.0,3.1622776601683795,3.605551275463989,4.0,6.082762530298219,8.246211251235321,9.486832980505138,11.180339887498949,12.206555615733702,13.45362404707371,13.45362404707371,13.038404810405298,12.529964086141668,11.180339887498949,9.848857801796104,8.06225774829855,6.4031242374328485,7.0,10.44030650891055,14.422205101855956,19.209372712298546,24.758836806279895,26.870057685088806
1787404900.2503386,-71,0.0,29.0,28.284271247461902,26.1725046566048,22.67156809750927,18.601075237738275,13.416407864998739,9.219544457292887,6.324555320336759,6.4031242374328485,8.94427190999916,10.770329614269007,12.083045973594572,13.416407864998739,14.7648230602334,13.601470508735444,13.45362404707371,12.206555615733702,12.083045973594572,12.36931687685298,12.041594578792296,11.0,9.0,7.0710678118654755,5.0990195135927845,2.0,0.0,0.0,0.0,0.0,0.0,0.0,0.0,0.0,0.0,0.0,0.0,0.0,2.23606797749979,3.1622776601683795,4.123105625617661,3.0,2.23606797749979,3.605551275463989,5.0,6.324555320336759,8.54400374531753,9.433981132056603,12.041594578792296,12.806248474865697,13.892443989449804,14.7648230602334,14.317821063276353,13.92838827718412,12.649110640673518,10.198039027185569,8.246211251235321,5.830951894845301,5.385164807134504,8.06225774829855,12.529964086141668,18.601075237738275,22.67156809750927,25.495097567963924
1787404900.3133905,-80,0.0,18.027756377319946,18.681541692269406,17.46424919657298,17.11724276862369,17.029386365926403,17.0,17.029386365926403,17.029386365926403,16.1245154965971,14.317821063276353,13.341664064126334,11.180339887498949,8.246211251235321,7.280109889280518,6.0,6.324555320336759,7.211102550927978,9.219544457292887,11.313708498984761,13.45362404707371,14.212670403551895,14.866068747318506,16.401219466856727,17.204650534085253,16.64331697709324,16.1245154965971,0.0,0.0,0.0,0.0,0.0,0.0,0.0,0.0,0.0,0.0,0.0,6.324555320336759,6.082762530298219,6.0,6.324555320336759,5.385164807134504,4.123105625617661,4.123105625617661,4.123105625617661,3.605551275463989,2.8284271247461903,3.1622776601683795,5.0,7.0710678118654755,8.54400374531753,10.44030650891055,12.165525060596439,13.0,14.035668847618199,17.26267650163207,18.439088914585774,18.973665961010276,18.384776310850235,18.788294228055936,18.35755975068582,19.235384061671343,19.235384061671343
1787404900.3133905,-79,0.0,17.46424919657298,17.11724276862369,17.029386365926403,17.0,17.029386365926403,17.029386365926403,17.0,17.029386365926403,16.0,14.0,13.038404810405298,11.180339887498949,9.219544457292887,7.0,6.082762530298219,6.324555320336759,6.708203932499369,7.0710678118654755,8.48528137423857,11.40175425099138,13.038404810405298,14.7648230602334,15.652475842498529,16.15549442140351,16.15549442140351,15.231546211727817,0.0,0.0,0.0,0.0,0.0,0.0,0.0,0.0,0.0,0.0,0.0,6.0,7.0,8.0,7.0710678118654755,7.280109889280518,6.324555320336759,5.385164807134504,4.47213595499958,3.605551275463989,3.605551275463989,4.0,5.0990195135927845,7.0710678118654755,9.219544457292887,10.198039027185569,11.180339887498949,12.165525060596439,13.038404810405298,15.033296378372908,16.1245154965971,17.26267650163207,18.681541692269406,18.027756377319946,17.46424919657298,18.788294228055936,18.384776310850235
1787404900.441109,-70,0.0,31.144823004794873,28.284271247461902,24.331050121192877,20.396078054371138,13.601470508735444,8.06225774829855,6.4031242374328485,5.0,7.0710678118654755,10.63014581273465,12.806248474865697,14.212670403551895,14.866068747318506,15.620499351813308,14.7648230602334,14.866068747318506,15.524174696260024,14.317821063276353,13.0,12.165525060596439,10.198039027185569,8.246211251235321,6.324555320336759,4.123105625617661,1.4142135623730951,1.0,0.0,0.0,0.0,0.0,0.0,0.0,0.0,0.0,0.0,0.0,0.0,3.1622776601683795,4.123105625617661,4.123105625617661,1.4142135623730951,2.0,5.0990195135927845,7.0710678118654755,9.055385138137417,10.198039027185569,11.40175425099138,13.92838827718412,14.7648230602334,15.264337522473747,15.0,14.866068747318506,14.212670403551895,12.806248474865697,10.0,6.708203932499369,5.0,5.0,8.246211251235321,14.035668847618199,19.0,24.08318915758459,26.076809620810597
1787404900.8486235,-80,0.0,16.401219466856727,17.804493814764857,19.209372712298546,21.400934559032695,21.633307652783937,21.95449840010015,23.706539182259394,23.706539182259394,22.360679774997898,20.12461179749811,18.027756377319946,16.76305461424021,14.866068747318506,13.0,10.770329614269007,8.94427190999916,9.433981132056603,10.0,10.63014581273465,11.180339887498949,13.0,13.601470508735444,13.038404810405298,13.038404810405298,12.165525060596439,12.165525060596439,0.0,0.0,0.0,0.0,0.0,0.0,0.0,0.0,0.0,0.0,0.0,6.708203932499369,5.0990195135927845,3.0,2.8284271247461903,4.0,5.0990195135927845,5.385164807134504,7.211102550927978,8.06225774829855,9.486832980505138,11.40175425099138,13.0,14.317821063276353,13.92838827718412,15.297058540778355,17.26267650163207,18.24828759089466,16.278820596099706,15.297058540778355,16.1245154965971,15.033296378372908,13.038404810405298,11.180339887498949,10.44030650891055,12.36931687685298,12.165525060596439
1787404901.124872,-69,0.0,19.72308292331602,20.591260281974,20.591260281974,19.235384061671343,18.384776310850235,18.027756377319946,16.492422502470642,14.317821063276353,12.649110640673518,11.180339887498949,11.661903789690601,11.661903789690601,10.295630140987,10.295630140987,10.816653826391969,10.63014581273465,10.63014581273465,10.0,9.899494936611665,9.899494936611665,10.63014581273465,12.041594578792296,12.041594578792296,11.313708498984761,11.313708498984761,11.313708498984761,0.0,0.0,0.0,0.0,0.0,0.0,0.0,0.0,0.0,0.0,0.0,8.246211251235321,9.219544457292887,9.219544457292887,9.486832980505138,10.44030650891055,10.44030650891055,10.770329614269007,11.40175425099138,10.198039027185569,10.198039027185569,11.180339887498949,11.045361017187261,10.04987562112089,9.219544457292887,9.486832980505138,11.704699910719626,12.649110640673518,11.704699910719626,12.083045973594572,13.416407864998739,13.892443989449804,13.892443989449804,14.7648230602334,16.55294535724685,17.88854381999832,18.35755975068582
1787404901.1515088,-68,0.0,26.92582403567252,26.0,24.166091947189145,19.697715603592208,14.7648230602334,11.40175425099138,8.602325267042627,6.0,5.656854249492381,8.06225774829855,10.295630140987,13.038404810405298,14.7648230602334,16.1245154965971,16.64331697709324,16.401219466856727,16.278820596099706,15.556349186104045,13.038404810405298,12.083045973594572,10.295630140987,8.602325267042627,5.830951894845301,2.23606797749979,1.4142135623730951,4.123105625617661,0.0,0.0,0.0,0.0,0.0,0.0,0.0,0.0,0.0,0.0,0.0,8.06225774829855,5.385164807134504,4.123105625617661,1.0,1.4142135623730951,5.0990195135927845,8.06225774829855,12.165525060596439,14.142135623730951,16.1245154965971,17.26267650163207,17.11724276862369,17.029386365926403,15.0,14.035668847618199,13.152946437965905,10.198039027185569,7.0710678118654755,5.0,2.8284271247461903,4.123105625617661,7.280109889280518,12.083045973594572,16.55294535724685,20.615528128088304,22.847319317591726
1787404901.2204921,-69,0.0,24.186773244895647,25.179356624028344,23.194827009486403,20.223748416156685,16.492422502470642,12.083045973594572,8.602325267042627,5.385164807134504,5.0990195135927845,7.211102550927978,9.219544457292887,11.40175425099138,13.45362404707371,14.212670403551895,14.422205101855956,14.7648230602334,14.317821063276353,13.0,11.40175425099138,10.198039027185569,9.055385138137417,7.0710678118654755,4.0,1.0,1.4142135623730951,3.1622776601683795,0.0,0.0,0.0,0.0,0.0,0.0,0.0,0.0,0.0,0.0,0.0,5.0,7.0,5.0990195135927845,2.23606797749979,2.23606797749979,3.605551275463989,7.0710678118654755,12.0,16.0312195418814,17.029386365926403,17.0,18.110770276274835,18.110770276274835,15.297058540778355,13.416407864998739,13.416407864998739,15.297058540778355,13.152946437965905,8.54400374531753,4.242640687119285,1.0,6.082762530298219,12.0,16.0312195418814,20.09975124224178,22.090722034374522
1787404902.251603,-70,0.0,23.194827009486403,24.331050121192877,23.53720459187964,22.561028345356956,21.840329667841555,21.18962010041709,20.615528128088304,18.384776310850235,17.08800749063506,15.811388300841896,14.866068747318506,13.92838827718412,13.601470508735444,13.341664064126334,12.36931687685298,12.165525060596439,11.045361017187261,11.0,10.0,10.0,10.0,10.04987562112089,10.04987562112089,10.04987562112089,10.04987562112089,9.055385138137417,0.0,0.0,0.0,0.0,0.0,0.0,0.0,0.0,0.0,0.0,0.0,6.082762530298219,5.0990195135927845,5.0,4.123105625617661,4.123105625617661,3.605551275463989,4.242640687119285,5.656854249492381,5.656854249492381,6.4031242374328485,6.4031242374328485,5.830951894845301,6.708203932499369,7.615773105863909,7.280109889280518,8.246211251235321,9.055385138137417,10.04987562112089,11.045361017187261,12.041594578792296,13.0,15.0,17.029386365926403,19.0,20.0,21.0
1787404902.2651565,-71,0.0,22.360679774997898,22.825424421026653,21.02379604162864,20.615528128088304,21.18962010041709,19.924858845171276,18.681541692269406,16.492422502470642,15.524174696260024,14.560219778561036,13.601470508735444,12.649110640673518,11.40175425099138,11.40175425099138,11.180339887498949,9.433981132056603,9.433981132056603,8.602325267042627,7.810249675906654,7.810249675906654,8.48528137423857,9.219544457292887,9.219544457292887,8.48528137423857,7.810249675906654,7.0710678118654755,0.0,0.0,0.0,0.0,0.0,0.0,0.0,0.0,0.0,0.0,0.0,6.0,6.0,4.0,4.0,4.123105625617661,3.605551275463989,3.605551275463989,3.605551275463989,4.123105625617661,5.0990195135927845,5.0990195135927845,5.0,6.082762530298219,7.280109889280518,7.615773105863909,8.94427190999916,8.94427190999916,8.602325267042627,10.63014581273465,11.40175425099138,12.041594578792296,13.45362404707371,15.620499351813308,17.204650534085253,19.4164878389476,20.248456731316587
1787404902.2671626,-70,0.0,21.840329667841555,23.769728648009426,22.80350850198276,22.561028345356956,22.561028345356956,21.213203435596427,20.09975124224178,18.110770276274835,17.029386365926403,15.033296378372908,14.035668847618199,13.152946437965905,12.36931687685298,12.36931687685298,11.40175425099138,11.40175425099138,10.770329614269007,11.180339887498949,10.295630140987,10.295630140987,10.295630140987,10.295630140987,10.295630140987,10.295630140987,9.433981132056603,9.433981132056603,0.0,0.0,0.0,0.0,0.0,0.0,0.0,0.0,0.0,0.0,0.0,5.0,5.0,3.1622776601683795,3.605551275463989,2.8284271247461903,3.605551275463989,4.47213595499958,4.123105625617661,5.385164807134504,5.0990195135927845,5.0990195135927845,6.0,6.082762530298219,7.0710678118654755,7.0710678118654755,8.246211251235321,9.486832980505138,10.44030650891055,11.704699910719626,12.083045973594572,13.416407864998739,14.317821063276353,15.652475842498529,17.88854381999832,19.697715603592208,21.540659228538015
1787404902.2671626,-70,0.0,22.02271554554524,21.02379604162864,21.095023109728988,21.095023109728988,20.396078054371138,19.6468827043885,18.681541692269406,16.492422502470642,15.524174696260024,13.601470508735444,12.36931687685298,12.36931687685298,11.180339887498949,11.045361017187261,10.04987562112089,10.04987562112089,10.0,9.0,9.055385138137417,8.06225774829855,8.246211251235321,9.219544457292887,9.219544457292887,8.246211251235321,7.280109889280518,7.280109889280518,0.0,0.0,0.0,0.0,0.0,0.0,0.0,0.0,0.0,0.0,0.0,6.324555320336759,5.385164807134504,4.123105625617661,4.0,3.0,3.1622776601683795,3.605551275463989,4.242640687119285,4.242640687119285,5.0,5.0,5.0,5.385164807134504,5.0990195135927845,6.082762530298219,7.0710678118654755,8.06225774829855,9.055385138137417,10.0,11.045361017187261,12.041594578792296,13.152946437965905,14.142135623730951,16.1245154965971,18.110770276274835,19.026297590440446
1787404902.3628426,-70,0.0,21.095023109728988,22.20360331117452,21.37755832643195,20.615528128088304,19.924858845171276,19.313207915827967,18.384776310850235,16.55294535724685,15.231546211727817,14.866068747318506,13.601470508735444,12.649110640673518,12.36931687685298,13.152946437965905,12.165525060596439,12.36931687685298,12.165525060596439,12.165525060596439,11.180339887498949,11.180339887498949,12.041594578792296,12.041594578792296,12.165525060596439,11.180339887498949,11.180339887498949,11.180339887498949,0.0,0.0,0.0,0.0,0.0,0.0,0.0,0.0,0.0,0.0,0.0,10.198039027185569,9.219544457292887,8.246211251235321,8.246211251235321,7.280109889280518,7.615773105863909,8.54400374531753,8.94427190999916,8.94427190999916,8.54400374531753,7.280109889280518,7.615773105863909,5.830951894845301,6.4031242374328485,5.656854249492381,6.4031242374328485,6.708203932499369,7.615773105863909,7.615773105863909,8.246211251235321,10.04987562112089,12.0,13.0,14.0,16.0,17.029386365926403
1787404902.3628426,-70,0.0,22.02271554554524,22.80350850198276,22.67156809750927,22.627416997969522,21.400934559032695,20.808652046684813,19.4164878389476,17.204650534085253,15.0,14.212670403551895,14.142135623730951,14.142135623730951,14.142135623730951,14.142135623730951,13.45362404707371,13.45362404707371,12.041594578792296,12.041594578792296,12.041594578792296,12.041594578792296,12.806248474865697,13.45362404707371,13.45362404707371,12.727922061357855,12.041594578792296,12.041594578792296,0.0,0.0,0.0,0.0,0.0,0.0,0.0,0.0,0.0,0.0,0.0,9.219544457292887,8.246211251235321,7.0710678118654755,7.0710678118654755,7.0710678118654755,7.0,7.0710678118654755,7.0710678118654755,7.0,7.0,7.0,7.0710678118654755,6.324555320336759,5.385164807134504,6.708203932499369,7.211102550927978,7.0710678118654755,7.810249675906654,7.810249675906654,9.219544457292887,10.816653826391969,11.661903789690601,12.529964086141668,14.7648230602334,16.1245154965971,18.35755975068582
1787404902.3628426,-70,0.0,23.194827009486403,24.186773244895647,24.515301344262525,24.041630560342615,22.47220505424423,21.93171219946131,19.697715603592208,17.46424919657298,16.15549442140351,15.811388300841896,15.811388300841896,14.560219778561036,14.317821063276353,14.142135623730951,14.317821063276353,14.142135623730951,13.152946437965905,13.152946437965905,13.038404810405298,13.038404810405298,13.0,13.0,13.0,13.038404810405298,13.038404810405298,12.041594578792296,0.0,0.0,0.0,0.0,0.0,0.0,0.0,0.0,0.0,0.0,0.0,10.0,10.0,9.0,9.055385138137417,9.055385138137417,9.219544457292887,9.486832980505138,9.486832980505138,9.219544457292887,8.246211251235321,8.54400374531753,8.54400374531753,7.615773105863909,7.211102550927978,7.0710678118654755,7.810249675906654,8.602325267042627,8.06225774829855,8.54400374531753,9.486832980505138,10.44030650891055,12.165525060596439,14.035668847618199,16.0312195418814,17.029386365926403,18.027756377319946
1787404902.6165316,-69,0.0,30.4138126514911,29.698484809834994,26.1725046566048,22.02271554554524,16.401219466856727,11.661903789690601,6.082762530298219,3.605551275463989,6.082762530298219,8.54400374531753,11.40175425099138,13.152946437965905,14.142135623730951,15.0,16.0312195418814,16.278820596099706,15.524174696260024,14.866068747318506,14.317821063276353,13.038404810405298,12.206555615733702,9.219544457292887,6.4031242374328485,3.605551275463989,0.0,1.4142135623730951,0.0,0.0,0.0,0.0,0.0,0.0,0.0,0.0,0.0,0.0,0.0,4.123105625617661,5.0,4.123105625617661,3.605551275463989,2.23606797749979,2.23606797749979,5.0,8.06225774829855,9.848857801796104,12.083045973594572,13.92838827718412,14.560219778561036,14.317821063276353,14.035668847618199,13.0,12.041594578792296,11.045361017187261,9.055385138137417,7.0,4.47213595499958,5.0990195135927845,8.06225774829855,12.083045973594572,18.027756377319946,23.600847442411894,25.612496949731394
1787404902.632491,-69,0.0,29.832867780352597,28.861739379323623,25.709920264364882,21.37755832643195,17.26267650163207,12.041594578792296,6.324555320336759,3.1622776601683795,5.830951894845301,8.48528137423857,10.63014581273465,12.041594578792296,13.601470508735444,15.264337522473747,15.652475842498529,15.811388300841896,15.524174696260024,15.132745950421556,13.038404810405298,12.041594578792296,11.045361017187261,9.055385138137417,7.0710678118654755,3.1622776601683795,1.0,2.0,0.0,0.0,0.0,0.0,0.0,0.0,0.0,0.0,0.0,0.0,0.0,4.242640687119285,4.47213595499958,4.0,3.1622776601683795,2.8284271247461903,3.0,5.385164807134504,8.06225774829855,10.816653826391969,13.038404810405298,14.212670403551895,14.866068747318506,14.866068747318506,14.212670403551895,13.038404810405298,12.529964086141668,12.083045973594572,9.433981132056603,7.810249675906654,5.830951894845301,5.0990195135927845,8.48528137423857,13.038404810405298,18.35755975068582,24.166091947189145,26.570660511172846
1787404902.656656,-69,0.0,29.068883707497267,29.068883707497267,26.40075756488817,20.808652046684813,14.7648230602334,10.44030650891055,6.0,3.605551275463989,6.082762530298219,9.486832980505138,11.704699910719626,13.601470508735444,15.524174696260024,17.26267650163207,17.029386365926403,17.0,17.11724276862369,16.278820596099706,14.866068747318506,13.0,12.083045973594572,9.848857801796104,6.708203932499369,4.123105625617661,1.4142135623730951,2.0,0.0,0.0,0.0,0.0,0.0,0.0,0.0,0.0,0.0,0.0,0.0,3.605551275463989,3.1622776601683795,3.0,2.23606797749979,1.0,2.8284271247461903,5.385164807134504,8.54400374531753,10.770329614269007,13.0,14.866068747318506,15.811388300841896,15.297058540778355,15.132745950421556,15.0,14.035668847618199,13.038404810405298,11.045361017187261,9.0,6.324555320336759,4.47213595499958,7.280109889280518,12.206555615733702,18.601075237738275,24.08318915758459,26.1725046566048
1787404902.6644087,-69,0.0,28.178005607210743,27.294688127912362,24.186773244895647,20.248456731316587,15.811388300841896,10.63014581273465,5.830951894845301,3.1622776601683795,6.082762530298219,9.0,11.0,12.041594578792296,13.152946437965905,14.317821063276353,14.866068747318506,15.652475842498529,15.264337522473747,14.422205101855956,13.45362404707371,11.40175425099138,10.0,7.211102550927978,4.47213595499958,2.23606797749979,0.0,2.23606797749979,0.0,0.0,0.0,0.0,0.0,0.0,0.0,0.0,0.0,0.0,0.0,4.0,3.1622776601683795,3.605551275463989,2.23606797749979,2.0,3.605551275463989,6.324555320336759,8.246211251235321,10.198039027185569,12.165525060596439,14.142135623730951,15.033296378372908,14.0,14.035668847618199,14.317821063276353,13.341664064126334,12.36931687685298,10.44030650891055,8.06225774829855,6.082762530298219,5.0,8.06225774829855,13.152946437965905,17.72004514666935,22.47220505424423,26.0
1787404902.6800997,-68,0.0,29.017236257093817,27.0,25.0,22.0,18.110770276274835,13.0,8.602325267042627,5.830951894845301,7.0710678118654755,9.433981132056603,12.206555615733702,15.0,15.811388300841896,15.264337522473747,16.55294535724685,16.15549442140351,15.524174696260024,14.317821063276353,12.041594578792296,11.0,9.219544457292887,7.280109889280518,6.082762530298219,4.0,1.4142135623730951,2.23606797749979,0.0,0.0,0.0,0.0,0.0,0.0,0.0,0.0,0.0,0.0,0.0,4.123105625617661,3.0,2.23606797749979,2.8284271247461903,2.0,2.8284271247461903,5.385164807134504,8.246211251235321,10.04987562112089,13.038404810405298,14.0,14.142135623730951,13.341664064126334,11.704699910719626,10.295630140987,9.219544457292887,9.219544457292887,8.48528137423857,5.656854249492381,3.1622776601683795,3.605551275463989,5.830951894845301,11.180339887498949,17.029386365926403,22.02271554554524,26.019223662515376
1787404902.770282,-69,0.0,21.587033144922902,22.561028345356956,21.840329667841555,20.8806130178211,21.18962010041709,19.697715603592208,18.788294228055936,16.55294535724685,14.7648230602334,13.416407864998739,13.92838827718412,13.0,10.770329614269007,10.44030650891055,10.44030650891055,10.44030650891055,10.198039027185569,10.0,10.0,10.04987562112089,11.045361017187261,12.0,11.045361017187261,11.180339887498949,11.045361017187261,11.045361017187261,0.0,0.0,0.0,0.0,0.0,0.0,0.0,0.0,0.0,0.0,0.0,9.486832980505138,8.48528137423857,6.4031242374328485,4.242640687119285,5.0,7.280109889280518,10.04987562112089,10.04987562112089,9.486832980505138,9.486832980505138,9.219544457292887,9.219544457292887,9.219544457292887,10.198039027185569,11.180339887498949,11.40175425099138,11.180339887498949,11.180339887498949,12.041594578792296,14.142135623730951,14.142135623730951,16.1245154965971,17.029386365926403,18.027756377319946,19.1049731745428,20.09975124224178
1787404902.8668175,-69,0.0,19.4164878389476,20.223748416156685,21.213203435596427,19.1049731745428,18.110770276274835,17.0,17.029386365926403,15.033296378372908,13.0,12.041594578792296,12.165525060596439,11.180339887498949,11.180339887498949,12.165525060596439,11.180339887498949,9.219544457292887,10.44030650891055,11.704699910719626,11.704699910719626,9.433981132056603,7.810249675906654,6.4031242374328485,7.810249675906654,10.0,7.810249675906654,6.0,0.0,0.0,0.0,0.0,0.0,0.0,0.0,0.0,0.0,0.0,0.0,5.656854249492381,4.242640687119285,4.47213595499958,5.385164807134504,5.0990195135927845,6.082762530298219,6.082762530298219,7.0710678118654755,7.0710678118654755,8.246211251235321,8.246211251235321,8.06225774829855,8.0,8.0,9.055385138137417,9.219544457292887,10.198039027185569,11.180339887498949,11.40175425099138,12.36931687685298,13.601470508735444,14.560219778561036,16.76305461424021,18.027756377319946,18.973665961010276,19.6468827043885
1787404902.8713796,-69,0.0,28.071337695236398,27.0,24.0,20.024984394500787,17.11724276862369,12.165525060596439,7.615773105863909,4.123105625617661,5.656854249492381,7.810249675906654,10.63014581273465,12.041594578792296,14.142135623730951,17.029386365926403,18.027756377319946,18.601075237738275,18.027756377319946,15.652475842498529,13.92838827718412,13.0,10.816653826391969,7.810249675906654,3.605551275463989,2.0,2.0,5.830951894845301,0.0,0.0,0.0,0.0,0.0,0.0,0.0,0.0,0.0,0.0,0.0,3.1622776601683795,2.0,1.4142135623730951,1.4142135623730951,3.0,5.385164807134504,7.615773105863909,9.848857801796104,12.083045973594572,13.892443989449804,15.264337522473747,15.0,14.866068747318506,14.866068747318506,14.212670403551895,13.601470508735444,12.529964086141668,10.295630140987,7.810249675906654,5.0,3.1622776601683795,6.708203932499369,12.36931687685298,18.24828759089466,22.20360331117452,25.179356624028344
1787404902.887509,-69,0.0,26.92582403567252,26.92582403567252,24.698178070456937,19.924858845171276,15.524174696260024,11.045361017187261,7.280109889280518,3.605551275463989,5.0990195135927845,8.602325267042627,11.40175425099138,12.806248474865697,15.0,16.64331697709324,17.4928556845359,17.88854381999832,17.08800749063506,16.76305461424021,15.524174696260024,13.601470508735444,11.40175425099138,9.486832980505138,6.324555320336759,3.605551275463989,1.0,2.23606797749979,0.0,0.0,0.0,0.0,0.0,0.0,0.0,0.0,0.0,0.0,0.0,3.605551275463989,2.8284271247461903,2.8284271247461903,1.0,2.23606797749979,5.0,7.211102550927978,8.602325267042627,10.295630140987,11.661903789690601,12.529964086141668,13.92838827718412,14.317821063276353,13.038404810405298,13.0,12.0,12.041594578792296,10.0,7.0710678118654755,5.0,3.1622776601683795,6.4031242374328485,11.661903789690601,17.4928556845359,22.825424421026653,26.419689627245813
1787404903.2783372,-72,0.0,21.95449840010015,22.47220505424423,21.633307652783937,22.20360331117452,21.400934559032695,20.518284528683193,17.69180601295413,14.866068747318506,14.212670403551895,12.806248474865697,10.63014581273465,9.219544457292887,9.219544457292887,7.810249675906654,6.4031242374328485,6.708203932499369,7.280109889280518,7.0710678118654755,7.0,7.0,7.0,7.0,8.06225774829855,7.0710678118654755,6.082762530298219,4.47213595499958,0.0,0.0,0.0,0.0,0.0,0.0,0.0,0.0,0.0,0.0,0.0,6.0,5.0990195135927845,5.385164807134504,5.385164807134504,6.708203932499369,6.708203932499369,8.06225774829855,8.06225774829855,8.06225774829855,8.06225774829855,8.94427190999916,8.94427190999916,8.602325267042627,9.219544457292887,8.48528137423857,9.433981132056603,10.295630140987,11.180339887498949,13.0,14.317821063276353,14.7648230602334,15.264337522473747,16.1245154965971,17.0,18.35755975068582,18.35755975068582
1787404903.281843,-72,0.0,20.615528128088304,24.20743687382041,24.413111231467404,22.360679774997898,21.18962010041709,20.248456731316587,19.313207915827967,17.08800749063506,13.92838827718412,12.649110640673518,10.770329614269007,8.94427190999916,8.602325267042627,8.48528137423857,8.602325267042627,8.06225774829855,7.615773105863909,8.54400374531753,8.54400374531753,8.246211251235321,9.219544457292887,9.219544457292887,10.198039027185569,9.219544457292887,9.219544457292887,9.219544457292887,0.0,0.0,0.0,0.0,0.0,0.0,0.0,0.0,0.0,0.0,0.0,4.47213595499958,4.123105625617661,5.0990195135927845,6.0,6.0,7.0710678118654755,7.0710678118654755,8.06225774829855,8.06225774829855,9.0,8.0,8.06225774829855,9.055385138137417,8.54400374531753,8.94427190999916,10.295630140987,11.661903789690601,12.529964086141668,13.892443989449804,15.264337522473747,16.401219466856727,17.204650534085253,17.204650534085253,18.601075237738275,20.248456731316587,20.808652046684813
1787404903.281843,-71,0.0,21.540659228538015,21.540659228538015,22.847319317591726,22.360679774997898,21.095023109728988,20.248456731316587,19.4164878389476,17.204650534085253,15.0,14.212670403551895,12.806248474865697,11.40175425099138,9.433981132056603,8.94427190999916,8.246211251235321,8.06225774829855,8.0,9.0,9.219544457292887,9.219544457292887,10.198039027185569,10.198039027185569,9.055385138137417,9.055385138137417,9.055385138137417,8.06225774829855,0.0,0.0,0.0,0.0,0.0,0.0,0.0,0.0,0.0,0.0,0.0,4.0,4.123105625617661,3.605551275463989,4.242640687119285,5.0,5.830951894845301,5.830951894845301,7.211102550927978,8.602325267042627,9.219544457292887,8.48528137423857,8.48528137423857,9.219544457292887,9.433981132056603,10.295630140987,11.180339887498949,12.083045973594572,12.083045973594572,13.92838827718412,14.866068747318506,16.15549442140351,16.15549442140351,17.46424919657298,18.384776310850235,19.313207915827967,20.615528128088304
1787404903.2974908,-71,0.0,21.0,22.0,22.02271554554524,21.095023109728988,20.223748416156685,19.4164878389476,18.681541692269406,16.76305461424021,14.866068747318506,12.649110640673518,11.704699910719626,10.44030650891055,9.219544457292887,8.06225774829855,7.0,7.0710678118654755,6.324555320336759,6.708203932499369,6.708203932499369,7.211102550927978,7.211102550927978,8.06225774829855,8.06225774829855,7.615773105863909,7.211102550927978,7.211102550927978,0.0,0.0,0.0,0.0,0.0,0.0,0.0,0.0,0.0,0.0,0.0,4.123105625617661,4.47213595499958,4.242640687119285,3.605551275463989,4.47213595499958,5.830951894845301,6.708203932499369,7.615773105863909,7.615773105863909,7.615773105863909,7.615773105863909,8.54400374531753,8.54400374531753,9.219544457292887,9.055385138137417,10.04987562112089,11.0,12.0,13.0,14.0,15.0,16.0,16.0,17.0,18.0,20.024984394500787
1787404903.2974908,-71,0.0,21.840329667841555,22.561028345356956,23.53720459187964,24.186773244895647,22.20360331117452,21.095023109728988,19.0,18.0,15.033296378372908,14.035668847618199,12.041594578792296,10.0,9.055385138137417,8.246211251235321,8.54400374531753,8.54400374531753,9.433981132056603,10.0,9.219544457292887,8.48528137423857,9.219544457292887,9.899494936611665,9.899494936611665,9.219544457292887,9.219544457292887,8.48528137423857,0.0,0.0,0.0,0.0,0.0,0.0,0.0,0.0,0.0,0.0,0.0,4.242640687119285,3.605551275463989,4.47213595499958,5.0990195135927845,6.082762530298219,6.0,7.0,8.0,9.055385138137417,9.055385138137417,9.055385138137417,9.0,10.04987562112089,10.04987562112089,11.045361017187261,11.180339887498949,12.36931687685298,12.36931687685298,14.560219778561036,15.524174696260024,16.76305461424021,16.492422502470642,17.72004514666935,18.681541692269406,18.973665961010276,19.924858845171276
1787404903.3760448,-72,0.0,19.4164878389476,20.223748416156685,20.223748416156685,21.095023109728988,20.024984394500787,18.0,17.029386365926403,15.132745950421556,14.035668847618199,12.165525060596439,11.180339887498949,10.04987562112089,9.055385138137417,8.0,8.0,7.0710678118654755,6.324555320336759,5.830951894845301,6.4031242374328485,7.810249675906654,7.810249675906654,8.48528137423857,8.48528137423857,9.219544457292887,9.219544457292887,7.810249675906654,0.0,0.0,0.0,0.0,0.0,0.0,0.0,0.0,0.0,0.0,0.0,5.830951894845301,6.4031242374328485,6.4031242374328485,5.830951894845301,5.385164807134504,6.324555320336759,6.324555320336759,7.280109889280518,8.06225774829855,9.0,10.04987562112089,10.198039027185569,10.198039027185569,10.04987562112089,10.0,11.0,11.0,12.041594578792296,13.038404810405298,14.035668847618199,14.035668847618199,14.035668847618199,15.033296378372908,16.278820596099706,16.492422502470642,17.26267650163207
1787404903.4716783,-69,0.0,21.02379604162864,20.615528128088304,20.615528128088304,20.248456731316587,19.924858845171276,19.6468827043885,18.439088914585774,16.278820596099706,14.317821063276353,13.341664064126334,12.36931687685298,11.40175425099138,10.44030650891055,10.44030650891055,9.486832980505138,8.94427190999916,8.602325267042627,7.810249675906654,7.810249675906654,8.48528137423857,8.48528137423857,8.602325267042627,9.219544457292887,8.48528137423857,7.810249675906654,7.810249675906654,0.0,0.0,0.0,0.0,0.0,0.0,0.0,0.0,0.0,0.0,0.0,5.0990195135927845,5.0990195135927845,5.0,5.0990195135927845,6.324555320336759,6.708203932499369,7.615773105863909,8.54400374531753,8.54400374531753,9.486832980505138,10.44030650891055,10.770329614269007,10.770329614269007,11.704699910719626,11.704699910719626,13.0,13.0,13.92838827718412,13.92838827718412,14.866068747318506,14.866068747318506,15.231546211727817,16.55294535724685,17.46424919657298,17.46424919657298,18.788294228055936
1787404903.582507,-71,0.0,21.840329667841555,21.587033144922902,21.37755832643195,21.37755832643195,20.223748416156685,19.1049731745428,18.027756377319946,16.0,14.0,13.038404810405298,12.041594578792296,11.180339887498949,10.198039027185569,9.219544457292887,8.246211251235321,7.615773105863909,7.211102550927978,7.211102550927978,6.4031242374328485,7.0710678118654755,8.48528137423857,8.48528137423857,8.48528137423857,7.810249675906654,7.0710678118654755,7.0710678118654755,0.0,0.0,0.0,0.0,0.0,0.0,0.0,0.0,0.0,0.0,0.0,5.0,4.242640687119285,4.242640687119285,4.47213595499958,4.47213595499958,5.0990195135927845,6.0,7.0710678118654755,8.06225774829855,9.0,9.0,10.0,10.04987562112089,11.045361017187261,11.180339887498949,12.165525060596439,12.36931687685298,13.341664064126334,14.560219778561036,15.811388300841896,15.811388300841896,17.72004514666935,18.681541692269406,19.6468827043885,19.6468827043885,20.615528128088304
1787404903.9931433,-69,0.0,22.02271554554524,22.0,22.02271554554524,22.02271554554524,21.095023109728988,19.235384061671343,18.439088914585774,17.46424919657298,15.297058540778355,14.317821063276353,13.152946437965905,12.165525060596439,11.180339887498949,10.04987562112089,10.04987562112089,10.0,10.04987562112089,9.219544457292887,9.486832980505138,9.848857801796104,10.770329614269007,10.770329614269007,11.40175425099138,10.44030650891055,9.219544457292887,9.219544457292887,0.0,0.0,0.0,0.0,0.0,0.0,0.0,0.0,0.0,0.0,0.0,7.211102550927978,6.4031242374328485,6.708203932499369,7.615773105863909,7.615773105863909,7.280109889280518,8.246211251235321,8.54400374531753,9.486832980505138,9.486832980505138,9.848857801796104,9.486832980505138,9.486832980505138,8.246211251235321,9.055385138137417,10.0,11.0,12.0,12.0,13.0,13.0,14.035668847618199,15.132745950421556,17.11724276862369,18.110770276274835,19.1049731745428
1787404904.0088115,-69,0.0,25.317977802344327,25.179356624028344,24.08318915758459,21.02379604162864,17.0,12.165525060596439,7.615773105863909,4.47213595499958,5.0990195135927845,7.211102550927978,10.0,12.041594578792296,14.212670403551895,15.264337522473747,16.1245154965971,16.55294535724685,16.15549442140351,15.811388300841896,14.317821063276353,13.152946437965905,11.180339887498949,9.219544457292887,6.324555320336759,3.605551275463989,2.23606797749979,4.242640687119285,0.0,0.0,0.0,0.0,0.0,0.0,0.0,0.0,0.0,0.0,0.0,5.830951894845301,4.47213595499958,2.23606797749979,0.0,3.1622776601683795,5.0990195135927845,7.280109889280518,9.486832980505138,11.704699910719626,13.601470508735444,14.866068747318506,14.317821063276353,13.892443989449804,13.601470508735444,13.45362404707371,12.041594578792296,11.40175425099138,9.219544457292887,5.656854249492381,3.1622776601683795,2.8284271247461903,6.324555320336759,11.180339887498949,15.132745950421556,20.09975124224178,22.20360331117452
1787404904.1981757,-68,0.0,32.14031735997639,31.016124838541646,28.0,24.020824298928627,19.235384061671343,14.317821063276353,10.63014581273465,8.246211251235321,9.219544457292887,11.180339887498949,14.212670403551895,15.620499351813308,15.811388300841896,16.1245154965971,18.384776310850235,17.46424919657298,17.11724276862369,16.0,15.033296378372908,14.142135623730951,12.36931687685298,10.44030650891055,7.280109889280518,4.0,2.23606797749979,2.23606797749979,0.0,0.0,0.0,0.0,0.0,0.0,0.0,0.0,0.0,0.0,0.0,3.605551275463989,4.0,4.123105625617661,3.605551275463989,2.23606797749979,2.23606797749979,4.47213595499958,7.280109889280518,10.04987562112089,12.0,14.035668847618199,14.142135623730951,14.560219778561036,15.231546211727817,14.7648230602334,13.892443989449804,12.206555615733702,11.40175425099138,8.06225774829855,6.0,7.0710678118654755,10.44030650891055,14.142135623730951,20.0,25.079872407968907,28.071337695236398
1787404904.1981757,-68,0.0,21.470910553583888,21.470910553583888,21.18962010041709,19.924858845171276,19.313207915827967,20.615528128088304,18.973665961010276,14.560219778561036,12.165525060596439,12.0,12.041594578792296,12.165525060596439,11.180339887498949,9.486832980505138,8.94427190999916,8.06225774829855,6.4031242374328485,7.0710678118654755,7.810249675906654,8.06225774829855,8.06225774829855,7.810249675906654,8.48528137423857,9.219544457292887,9.219544457292887,9.219544457292887,0.0,0.0,0.0,0.0,0.0,0.0,0.0,0.0,0.0,0.0,0.0,5.0,2.8284271247461903,2.0,3.605551275463989,5.0,5.656854249492381,5.656854249492381,6.4031242374328485,6.708203932499369,6.708203932499369,6.708203932499369,8.06225774829855,9.433981132056603,9.433981132056603,10.0,11.313708498984761,10.63014581273465,12.206555615733702,14.422205101855956,14.142135623730951,13.45362404707371,14.866068747318506,19.4164878389476,22.20360331117452,21.400934559032695,20.0
1787404904.216581,-69,0.0,22.80350850198276,22.80350850198276,22.02271554554524,22.20360331117452,22.47220505424423,21.470910553583888,20.12461179749811,18.867962264113206,17.4928556845359,14.7648230602334,13.0,13.0,11.661903789690601,11.40175425099138,8.48528137423857,7.810249675906654,8.602325267042627,8.602325267042627,8.94427190999916,8.54400374531753,8.54400374531753,10.44030650891055,11.704699910719626,10.770329614269007,9.486832980505138,9.486832980505138,0.0,0.0,0.0,0.0,0.0,0.0,0.0,0.0,0.0,0.0,0.0,3.605551275463989,3.1622776601683795,5.0990195135927845,5.385164807134504,5.830951894845301,6.708203932499369,7.280109889280518,7.280109889280518,7.615773105863909,8.54400374531753,8.54400374531753,8.54400374531753,8.54400374531753,8.94427190999916,10.816653826391969,12.206555615733702,14.212670403551895,14.212670403551895,15.620499351813308,16.401219466856727,15.811388300841896,15.620499351813308,17.69180601295413,19.1049731745428,21.93171219946131,21.93171219946131
1787404904.2275288,-69,0.0,23.08679276123039,22.47220505424423,21.540659228538015,19.313207915827967,18.027756377319946,17.46424919657298,17.26267650163207,16.1245154965971,13.152946437965905,12.165525060596439,11.180339887498949,10.04987562112089,10.04987562112089,9.055385138137417,7.280109889280518,7.280109889280518,7.615773105863909,7.211102550927978,7.0710678118654755,7.810249675906654,7.810249675906654,8.48528137423857,7.810249675906654,8.602325267042627,9.433981132056603,8.602325267042627,0.0,0.0,0.0,0.0,0.0,0.0,0.0,0.0,0.0,0.0,0.0,6.4031242374328485,5.656854249492381,3.605551275463989,3.1622776601683795,3.1622776601683795,4.47213595499958,5.385164807134504,6.324555320336759,7.280109889280518,8.54400374531753,8.54400374531753,8.54400374531753,8.54400374531753,7.615773105863909,7.615773105863909,8.94427190999916,10.295630140987,10.295630140987,10.816653826391969,12.206555615733702,14.422205101855956,15.264337522473747,17.4928556845359,19.72308292331602,19.72308292331602,19.235384061671343
1787404904.2306368,-69,0.0,20.615528128088304,20.518284528683193,19.1049731745428,18.384776310850235,18.384776310850235,17.69180601295413,15.620499351813308,14.866068747318506,14.142135623730951,12.727922061357855,12.041594578792296,11.313708498984761,9.899494936611665,8.602325267042627,8.06225774829855,8.06225774829855,6.708203932499369,7.280109889280518,7.0710678118654755,7.0,8.0,9.0,9.0,9.0,8.0,8.0,0.0,0.0,0.0,0.0,0.0,0.0,0.0,0.0,0.0,0.0,0.0,3.605551275463989,3.1622776601683795,3.1622776601683795,3.605551275463989,4.242640687119285,5.0,5.830951894845301,6.4031242374328485,7.211102550927978,8.06225774829855,8.06225774829855,7.211102550927978,7.810249675906654,9.219544457292887,10.63014581273465,9.899494936611665,10.0,10.0,10.816653826391969,13.038404810405298,13.892443989449804,15.811388300841896,17.804493814764857,17.204650534085253,18.601075237738275,20.0
1787404904.3888078,-81,0.0,13.45362404707371,15.620499351813308,17.029386365926403,16.97056274847714,16.278820596099706,16.278820596099706,12.806248474865697,10.0,9.219544457292887,8.602325267042627,7.211102550927978,4.242640687119285,1.4142135623730951,1.4142135623730951,1.4142135623730951,3.0,4.123105625617661,6.324555320336759,9.0,13.341664064126334,14.866068747318506,14.422205101855956,12.727922061357855,10.816653826391969,9.055385138137417,9.219544457292887,0.0,0.0,0.0,0.0,0.0,0.0,0.0,0.0,0.0,0.0,0.0,17.029386365926403,15.0,12.806248474865697,12.206555615733702,10.295630140987,6.708203932499369,4.123105625617661,6.082762530298219,7.211102550927978,9.219544457292887,10.816653826391969,10.295630140987,10.44030650891055,11.045361017187261,13.341664064126334,15.231546211727817,17.88854381999832,20.12461179749811,21.02379604162864,19.697715603592208,18.384776310850235,17.0,15.0,12.727922061357855,10.295630140987,9.055385138137417
1787404904.4047062,-68,0.0,29.154759474226502,29.154759474226502,26.419689627245813,22.360679774997898,17.08800749063506,12.165525060596439,7.280109889280518,5.830951894845301,7.0,10.44030650891055,12.649110640673518,14.560219778561036,15.297058540778355,16.1245154965971,16.0312195418814,16.0312195418814,15.297058540778355,14.866068747318506,13.416407864998739,12.206555615733702,10.816653826391969,8.602325267042627,5.656854249492381,2.23606797749979,1.0,3.0,0.0,0.0,0.0,0.0,0.0,0.0,0.0,0.0,0.0,0.0,0.0,5.0,3.0,1.0,1.0,3.0,5.0990195135927845,7.280109889280518,9.486832980505138,12.083045973594572,13.416407864998739,13.892443989449804,14.422205101855956,13.45362404707371,13.45362404707371,13.601470508735444,12.206555615733702,10.0,7.810249675906654,6.4031242374328485,5.0990195135927845,6.708203932499369,9.899494936611665,14.866068747318506,19.209372712298546,23.600847442411894,25.80697580112788
1787404904.60781,-69,0.0,22.02271554554524,22.80350850198276,22.20360331117452,20.808652046684813,20.248456731316587,18.867962264113206,17.4928556845359,14.7648230602334,13.416407864998739,12.529964086141668,11.661903789690601,9.433981132056603,8.602325267042627,8.48528137423857,7.810249675906654,6.4031242374328485,7.211102550927978,6.708203932499369,7.280109889280518,7.280109889280518,7.0710678118654755,7.0710678118654755,7.280109889280518,7.280109889280518,7.0710678118654755,7.0710678118654755,0.0,0.0,0.0,0.0,0.0,0.0,0.0,0.0,0.0,0.0,0.0,3.1622776601683795,3.0,3.1622776601683795,5.0,5.830951894845301,5.830951894845301,7.211102550927978,8.06225774829855,8.06225774829855,8.06225774829855,8.94427190999916,9.433981132056603,9.433981132056603,10.0,10.63014581273465,11.313708498984761,12.041594578792296,12.041594578792296,13.45362404707371,14.142135623730951,14.866068747318506,15.620499351813308,17.029386365926403,19.1049731745428,19.79898987322333,19.79898987322333
1787404904.706888,-70,0.0,22.47220505424423,22.47220505424423,23.021728866442675,22.20360331117452,20.0,19.209372712298546,17.69180601295413,16.278820596099706,14.212670403551895,12.806248474865697,11.661903789690601,11.180339887498949,11.180339887498949,10.770329614269007,10.44030650891055,10.44030650891055,10.198039027185569,11.180339887498949,11.180339887498949,11.180339887498949,12.165525060596439,12.165525060596439,11.180339887498949,10.198039027185569,10.198039027185569,10.198039027185569,0.0,0.0,0.0,0.0,0.0,0.0,0.0,0.0,0.0,0.0,0.0,2.0,2.23606797749979,2.8284271247461903,3.605551275463989,5.0,5.830951894845301,7.211102550927978,7.211102550927978,7.810249675906654,7.810249675906654,7.810249675906654,7.211102550927978,8.06225774829855,9.433981132056603,10.295630140987,11.180339887498949,11.180339887498949,12.083045973594572,13.0,14.317821063276353,15.231546211727817,16.15549442140351,17.08800749063506,18.384776310850235,19.697715603592208,21.02379604162864
1787404904.706888,-70,0.0,23.40939982143925,23.769728648009426,23.259406699226016,21.95449840010015,20.591260281974,19.72308292331602,18.027756377319946,16.64331697709324,14.7648230602334,13.416407864998739,13.416407864998739,12.083045973594572,11.704699910719626,11.40175425099138,11.40175425099138,11.180339887498949,11.180339887498949,11.045361017187261,11.045361017187261,11.045361017187261,11.045361017187261,11.045361017187261,11.045361017187261,10.04987562112089,10.04987562112089,9.055385138137417,0.0,0.0,0.0,0.0,0.0,0.0,0.0,0.0,0.0,0.0,0.0,4.123105625617661,3.605551275463989,3.605551275463989,5.0,5.830951894845301,6.324555320336759,6.708203932499369,7.211102550927978,8.06225774829855,8.602325267042627,8.06225774829855,8.94427190999916,8.94427190999916,8.94427190999916,10.770329614269007,10.44030650891055,11.704699910719626,12.649110640673518,13.601470508735444,14.560219778561036,15.524174696260024,16.492422502470642,17.46424919657298,19.4164878389476,20.396078054371138,21.37755832643195
1787404904.717081,-70,0.0,21.840329667841555,21.540659228538015,21.02379604162864,19.235384061671343,19.235384061671343,17.4928556845359,15.811388300841896,14.422205101855956,12.529964086141668,11.180339887498949,10.770329614269007,10.44030650891055,9.219544457292887,9.219544457292887,9.055385138137417,9.055385138137417,9.0,10.04987562112089,10.04987562112089,9.055385138137417,9.055385138137417,9.0,9.0,8.0,7.0710678118654755,7.0710678118654755,0.0,0.0,0.0,0.0,0.0,0.0,0.0,0.0,0.0,0.0,0.0,3.1622776601683795,4.0,3.1622776601683795,3.1622776601683795,3.605551275463989,5.0,7.0710678118654755,7.810249675906654,7.810249675906654,7.0710678118654755,8.48528137423857,8.48528137423857,8.602325267042627,9.433981132056603,9.433981132056603,10.295630140987,9.848857801796104,11.704699910719626,11.704699910719626,12.649110640673518,13.601470508735444,14.560219778561036,15.524174696260024,17.72004514666935,18.973665961010276,19.924858845171276
1787404904.8064241,-69,0.0,21.93171219946131,23.259406699226016,22.825424421026653,21.095023109728988,20.248456731316587,19.4164878389476,18.601075237738275,16.401219466856727,15.0,13.601470508735444,12.529964086141668,11.661903789690601,11.180339887498949,10.770329614269007,10.770329614269007,10.44030650891055,9.219544457292887,9.055385138137417,10.04987562112089,10.0,10.04987562112089,10.04987562112089,10.04987562112089,10.198039027185569,9.219544457292887,9.219544457292887,0.0,0.0,0.0,0.0,0.0,0.0,0.0,0.0,0.0,0.0,0.0,7.211102550927978,7.810249675906654,7.810249675906654,7.810249675906654,8.48528137423857,8.602325267042627,8.602325267042627,9.219544457292887,10.0,11.40175425099138,12.041594578792296,12.041594578792296,11.40175425099138,11.40175425099138,11.661903789690601,11.661903789690601,12.529964086141668,13.416407864998739,13.416407864998739,14.317821063276353,16.15549442140351,17.08800749063506,18.027756377319946,19.313207915827967,20.615528128088304,20.615528128088304
1787404904.9173412,-69,0.0,21.540659228538015,21.540659228538015,21.02379604162864,20.591260281974,19.72308292331602,18.867962264113206,17.204650534085253,16.401219466856727,14.212670403551895,12.041594578792296,12.206555615733702,10.816653826391969,10.295630140987,9.848857801796104,9.486832980505138,9.219544457292887,9.055385138137417,8.0,8.0,9.055385138137417,9.055385138137417,10.04987562112089,10.0,10.04987562112089,9.055385138137417,9.0,0.0,0.0,0.0,0.0,0.0,0.0,0.0,0.0,0.0,0.0,0.0,7.211102550927978,7.211102550927978,8.06225774829855,8.94427190999916,8.94427190999916,10.44030650891055,11.40175425099138,11.704699910719626,12.083045973594572,12.529964086141668,12.529964086141668,12.529964086141668,12.529964086141668,12.529964086141668,13.0,13.0,13.0,14.317821063276353,14.317821063276353,14.866068747318506,14.866068747318506,15.811388300841896,15.524174696260024,17.46424919657298,19.6468827043885,19.6468827043885
1787404904.9268017,-84,0.0,19.1049731745428,19.1049731745428,19.1049731745428,18.110770276274835,17.11724276862369,17.11724276862369,16.1245154965971,14.142135623730951,12.041594578792296,11.045361017187261,9.219544457292887,8.246211251235321,7.211102550927978,7.0710678118654755,8.06225774829855,8.94427190999916,10.44030650891055,10.44030650891055,10.198039027185569,9.219544457292887,8.06225774829855,6.0,4.123105625617661,2.23606797749979,2.23606797749979,4.242640687119285,0.0,0.0,0.0,0.0,0.0,0.0,0.0,0.0,0.0,0.0,0.0,5.0,5.830951894845301,5.830951894845301,6.4031242374328485,6.4031242374328485,6.4031242374328485,5.656854249492381,5.656854249492381,5.656854249492381,4.242640687119285,3.605551275463989,2.8284271247461903,2.23606797749979,3.0,4.123105625617661,6.082762530298219,8.06225774829855,10.04987562112089,12.041594578792296,13.0,15.033296378372908,16.0312195418814,18.110770276274835,18.24828759089466,19.235384061671343,19.235384061671343
1787404904.9268017,-83,0.0,20.09975124224178,20.09975124224178,19.1049731745428,18.110770276274835,17.11724276862369,16.1245154965971,15.132745950421556,13.038404810405298,12.041594578792296,10.198039027185569,9.219544457292887,7.615773105863909,7.810249675906654,7.810249675906654,8.94427190999916,9.486832980505138,10.44030650891055,10.198039027185569,10.198039027185569,9.219544457292887,8.06225774829855,6.0,4.123105625617661,2.8284271247461903,3.1622776601683795,3.1622776601683795,0.0,0.0,0.0,0.0,0.0,0.0,0.0,0.0,0.0,0.0,0.0,3.1622776601683795,3.0,4.0,4.123105625617661,4.47213595499958,5.0,5.0,3.605551275463989,3.605551275463989,2.8284271247461903,2.8284271247461903,3.1622776601683795,3.0,3.1622776601683795,4.123105625617661,5.385164807134504,7.280109889280518,10.198039027185569,12.041594578792296,14.0,16.0312195418814,17.029386365926403,18.110770276274835,19.1049731745428,19.235384061671343,19.235384061671343
1787404905.2178853,-70,0.0,28.178005607210743,27.294688127912362,25.059928172283335,21.95449840010015,18.027756377319946,13.45362404707371,10.816653826391969,8.06225774829855,8.54400374531753,10.816653826391969,12.806248474865697,13.601470508735444,13.601470508735444,13.892443989449804,13.416407864998739,13.0,12.165525060596439,11.0,10.04987562112089,9.219544457292887,7.280109889280518,5.385164807134504,3.1622776601683795,1.4142135623730951,2.23606797749979,2.8284271247461903,0.0,0.0,0.0,0.0,0.0,0.0,0.0,0.0,0.0,0.0,0.0,5.0,4.0,3.1622776601683795,2.23606797749979,1.0,2.8284271247461903,6.4031242374328485,9.219544457292887,12.206555615733702,14.422205101855956,17.4928556845359,18.35755975068582,17.46424919657298,17.72004514666935,16.492422502470642,15.297058540778355,12.165525060596439,10.04987562112089,7.280109889280518,3.605551275463989,4.0,7.280109889280518,12.083045973594572,17.0,21.470910553583888,24.186773244895647
1787404905.496189,-69,0.0,28.284271247461902,27.294688127912362,24.186773244895647,21.213203435596427,17.46424919657298,12.649110640673518,9.433981132056603,7.211102550927978,7.0,9.486832980505138,11.704699910719626,12.649110640673518,13.341664064126334,14.317821063276353,15.132745950421556,16.0312195418814,16.278820596099706,15.524174696260024,14.866068747318506,13.92838827718412,13.0,11.40175425099138,9.055385138137417,6.324555320336759,5.656854249492381,5.830951894845301,0.0,0.0,0.0,0.0,0.0,0.0,0.0,0.0,0.0,0.0,0.0,6.0,4.0,2.0,1.4142135623730951,2.23606797749979,5.830951894845301,8.602325267042627,10.816653826391969,12.206555615733702,14.422205101855956,16.1245154965971,16.55294535724685,15.811388300841896,16.492422502470642,15.297058540778355,14.142135623730951,12.041594578792296,10.0,8.06225774829855,6.708203932499369,6.708203932499369,9.0,12.165525060596439,17.46424919657298,21.37755832643195,23.345235059857504
1787404905.6382976,-81,0.0,15.620499351813308,12.727922061357855,10.816653826391969,9.848857801796104,9.0,9.486832980505138,10.295630140987,11.40175425099138,12.041594578792296,11.313708498984761,10.63014581273465,9.219544457292887,7.810249675906654,6.4031242374328485,4.47213595499958,2.0,1.0,2.23606797749979,4.242640687119285,4.242640687119285,5.656854249492381,6.4031242374328485,5.830951894845301,6.708203932499369,6.708203932499369,6.324555320336759,0.0,0.0,0.0,0.0,0.0,0.0,0.0,0.0,0.0,0.0,0.0,4.0,5.0990195135927845,8.54400374531753,10.770329614269007,13.92838827718412,16.15549442140351,18.384776310850235,19.313207915827967,19.313207915827967,18.384776310850235,17.08800749063506,14.866068747318506,11.704699910719626,8.246211251235321,5.0,3.605551275463989,6.082762530298219,9.486832980505138,13.0,17.46424919657298,21.540659228538015,23.769728648009426,25.632011235952593,27.51363298439521,28.460498941515414,29.410882339705484
1787404905.6521409,-82,0.0,20.615528128088304,16.492422502470642,11.180339887498949,8.246211251235321,7.810249675906654,8.94427190999916,12.36931687685298,12.165525060596439,11.045361017187261,13.341664064126334,16.492422502470642,13.152946437965905,8.06225774829855,6.082762530298219,3.0,1.0,1.0,2.0,4.123105625617661,6.324555320336759,7.211102550927978,7.810249675906654,6.4031242374328485,5.0,5.0,6.324555320336759,0.0,0.0,0.0,0.0,0.0,0.0,0.0,0.0,0.0,0.0,0.0,3.1622776601683795,7.211102550927978,11.40175425099138,14.142135623730951,17.69180601295413,19.849433241279208,21.213203435596427,24.08318915758459,24.08318915758459,23.345235059857504,22.67156809750927,18.439088914585774,13.45362404707371,9.899494936611665,5.830951894845301,2.23606797749979,6.324555320336759,8.54400374531753,12.041594578792296,17.029386365926403,21.37755832643195,25.0,28.792360097775937,31.78049716414141,34.0147027033899,33.24154027718932
1787404905.9151847,-71,0.0,28.460498941515414,27.51363298439521,25.0,22.80350850198276,18.439088914585774,14.035668847618199,9.219544457292887,6.4031242374328485,7.0710678118654755,9.219544457292887,12.649110640673518,13.92838827718412,16.15549442140351,17.08800749063506,16.76305461424021,16.492422502470642,15.297058540778355,15.033296378372908,13.038404810405298,12.165525060596439,11.180339887498949,9.219544457292887,6.082762530298219,4.0,1.4142135623730951,1.4142135623730951,0.0,0.0,0.0,0.0,0.0,0.0,0.0,0.0,0.0,0.0,0.0,5.0990195135927845,4.123105625617661,2.8284271247461903,3.0,3.1622776601683795,3.605551275463989,5.0,7.280109889280518,9.848857801796104,11.661903789690601,12.206555615733702,12.727922061357855,13.45362404707371,13.601470508735444,13.892443989449804,12.529964086141668,11.180339887498949,9.848857801796104,7.615773105863909,4.242640687119285,3.1622776601683795,6.4031242374328485,11.180339887498949,15.231546211727817,19.313207915827967,22.847319317591726
1787404906.2856567,-84,0.0,14.422205101855956,14.422205101855956,13.892443989449804,13.892443989449804,12.529964086141668,11.180339887498949,9.848857801796104,7.615773105863909,5.830951894845301,2.8284271247461903,1.0,2.23606797749979,4.47213595499958,6.4031242374328485,7.0710678118654755,7.810249675906654,8.06225774829855,7.615773105863909,8.06225774829855,7.280109889280518,7.615773105863909,8.602325267042627,9.219544457292887,10.816653826391969,11.180339887498949,12.083045973594572,0.0,0.0,0.0,0.0,0.0,0.0,0.0,0.0,0.0,0.0,0.0,6.0,5.385164807134504,6.4031242374328485,7.810249675906654,9.433981132056603,11.180339887498949,12.083045973594572,13.416407864998739,14.317821063276353,13.92838827718412,13.416407864998739,13.416407864998739,13.038404810405298,12.206555615733702,11.313708498984761,11.40175425099138,11.180339887498949,12.649110640673518,14.317821063276353,15.297058540778355,15.297058540778355,16.0312195418814,17.0,17.029386365926403,17.11724276862369,17.26267650163207
1787404906.3013475,-84,0.0,17.0,17.0,16.55294535724685,15.652475842498529,14.317821063276353,12.529964086141668,11.661903789690601,8.602325267042627,6.4031242374328485,3.605551275463989,1.0,2.0,4.47213595499958,6.4031242374328485,7.810249675906654,8.602325267042627,9.433981132056603,8.54400374531753,8.246211251235321,8.0,7.280109889280518,7.211102550927978,8.48528137423857,8.602325267042627,9.848857801796104,10.44030650891055,0.0,0.0,0.0,0.0,0.0,0.0,0.0,0.0,0.0,0.0,0.0,2.23606797749979,3.605551275463989,5.830951894845301,7.615773105863909,9.486832980505138,11.704699910719626,13.601470508735444,13.92838827718412,13.92838827718412,14.317821063276353,13.416407864998739,12.529964086141668,12.206555615733702,12.041594578792296,10.63014581273465,11.661903789690601,12.083045973594572,12.649110640673518,13.341664064126334,14.142135623730951,14.035668847618199,15.033296378372908,15.132745950421556,15.297058540778355,15.297058540778355,15.811388300841896
1787404906.329039,-70,0.0,25.80697580112788,26.627053911388696,26.076809620810597,21.470910553583888,15.652475842498529,11.180339887498949,6.082762530298219,4.123105625617661,3.1622776601683795,6.082762530298219,8.54400374531753,10.44030650891055,11.180339887498949,12.0,14.035668847618199,15.297058540778355,15.524174696260024,15.811388300841896,14.866068747318506,14.560219778561036,11.40175425099138,8.54400374531753,5.385164807134504,3.605551275463989,1.0,2.8284271247461903,0.0,0.0,0.0,0.0,0.0,0.0,0.0,0.0,0.0,0.0,0.0,5.0,4.242640687119285,1.4142135623730951,1.4142135623730951,0.0,3.0,7.280109889280518,10.770329614269007,11.704699910719626,12.083045973594572,13.416407864998739,13.601470508735444,13.45362404707371,13.45362404707371,12.806248474865697,11.661903789690601,11.661903789690601,10.295630140987,7.211102550927978,4.123105625617661,5.830951894845301,7.810249675906654,10.816653826391969,15.811388300841896,19.4164878389476,19.4164878389476
1787404906.3495328,-70,0.0,25.238858928247925,24.413111231467404,23.600847442411894,20.615528128088304,17.029386365926403,12.041594578792296,7.810249675906654,4.123105625617661,3.605551275463989,6.0,8.0,10.04987562112089,11.180339887498949,13.341664064126334,13.601470508735444,15.231546211727817,15.264337522473747,15.811388300841896,15.0,12.806248474865697,10.816653826391969,8.06225774829855,5.385164807134504,3.0,2.23606797749979,4.0,0.0,0.0,0.0,0.0,0.0,0.0,0.0,0.0,0.0,0.0,0.0,3.0,1.0,1.0,1.0,2.8284271247461903,7.0710678118654755,7.810249675906654,9.219544457292887,10.63014581273465,12.206555615733702,14.422205101855956,15.264337522473747,13.892443989449804,13.416407864998739,13.0,11.40175425099138,10.44030650891055,8.54400374531753,6.708203932499369,5.0,4.123105625617661,7.280109889280518,10.295630140987,13.038404810405298,17.204650534085253,20.248456731316587
1787404906.3648355,-70,0.0,31.304951684997057,28.653097563788805,25.553864678361276,23.021728866442675,20.615528128088304,15.811388300841896,9.433981132056603,3.605551275463989,3.605551275463989,5.830951894845301,9.486832980505138,12.083045973594572,13.892443989449804,15.264337522473747,15.811388300841896,16.401219466856727,18.439088914585774,17.69180601295413,16.278820596099706,16.278820596099706,12.806248474865697,10.63014581273465,8.48528137423857,5.830951894845301,2.0,2.23606797749979,0.0,0.0,0.0,0.0,0.0,0.0,0.0,0.0,0.0,0.0,0.0,2.0,5.0,3.605551275463989,3.1622776601683795,2.8284271247461903,3.1622776601683795,5.830951894845301,7.280109889280518,9.848857801796104,13.038404810405298,14.422205101855956,15.652475842498529,14.866068747318506,14.560219778561036,13.341664064126334,12.165525060596439,10.04987562112089,8.06225774829855,5.385164807134504,5.0,4.47213595499958,7.0710678118654755,12.083045973594572,15.652475842498529,19.72308292331602,23.853720883753127
1787404906.380506,-72,0.0,28.30194339616981,26.92582403567252,25.553864678361276,22.47220505424423,19.4164878389476,14.866068747318506,10.63014581273465,7.280109889280518,5.385164807134504,7.0710678118654755,9.433981132056603,11.40175425099138,12.806248474865697,12.727922061357855,13.45362404707371,12.806248474865697,12.529964086141668,11.704699910719626,11.40175425099138,10.198039027185569,8.246211251235321,6.082762530298219,3.0,1.0,1.0,2.23606797749979,0.0,0.0,0.0,0.0,0.0,0.0,0.0,0.0,0.0,0.0,0.0,8.246211251235321,6.082762530298219,4.123105625617661,2.23606797749979,1.0,2.23606797749979,5.656854249492381,7.810249675906654,11.40175425099138,15.0,17.204650534085253,17.204650534085253,16.64331697709324,16.55294535724685,16.15549442140351,13.601470508735444,12.36931687685298,9.486832980505138,7.211102550927978,5.830951894845301,7.0710678118654755,10.770329614269007,13.892443989449804,18.027756377319946,22.20360331117452,24.413111231467404
1787404906.555537,-70,0.0,25.942243542145693,26.832815729997478,25.495097567963924,21.93171219946131,17.08800749063506,12.165525060596439,7.0710678118654755,4.242640687119285,5.0990195135927845,7.615773105863909,9.848857801796104,11.180339887498949,12.083045973594572,12.36931687685298,14.035668847618199,15.0,14.142135623730951,14.560219778561036,15.811388300841896,14.866068747318506,12.649110640673518,10.44030650891055,7.280109889280518,5.0,2.23606797749979,2.0,0.0,0.0,0.0,0.0,0.0,0.0,0.0,0.0,0.0,0.0,0.0,7.0710678118654755,6.082762530298219,4.123105625617661,1.0,1.4142135623730951,2.23606797749979,4.242640687119285,7.0710678118654755,10.63014581273465,13.601470508735444,15.0,16.401219466856727,16.64331697709324,15.652475842498529,16.15549442140351,14.866068747318506,13.341664064126334,11.180339887498949,8.246211251235321,5.830951894845301,4.123105625617661,6.4031242374328485,10.816653826391969,15.264337522473747,19.235384061671343,21.470910553583888
1787404906.5711849,-88,0.0,12.649110640673518,13.0,13.92838827718412,15.231546211727817,15.231546211727817,16.15549442140351,16.55294535724685,16.55294535724685,16.1245154965971,14.7648230602334,16.1245154965971,15.264337522473747,13.892443989449804,13.416407864998739,13.416407864998739,11.180339887498949,11.180339887498949,9.848857801796104,8.94427190999916,8.06225774829855,5.830951894845301,5.0,4.242640687119285,4.47213595499958,4.47213595499958,4.123105625617661,0.0,0.0,0.0,0.0,0.0,0.0,0.0,0.0,0.0,0.0,0.0,6.708203932499369,7.280109889280518,7.0710678118654755,8.0,8.06225774829855,8.06225774829855,8.246211251235321,7.615773105863909,7.615773105863909,8.06225774829855,8.06225774829855,9.433981132056603,8.94427190999916,10.295630140987,10.295630140987,9.848857801796104,10.770329614269007,10.770329614269007,10.44030650891055,10.198039027185569,10.04987562112089,10.04987562112089,9.055385138137417,9.055385138137417,9.055385138137417,9.055385138137417
1787404906.5711849,-83,0.0,21.587033144922902,20.396078054371138,18.24828759089466,17.26267650163207,14.317821063276353,12.165525060596439,10.198039027185569,7.280109889280518,3.605551275463989,3.1622776601683795,4.123105625617661,6.708203932499369,10.0,11.40175425099138,13.601470508735444,15.0,15.264337522473747,14.7648230602334,14.317821063276353,13.0,10.44030650891055,8.246211251235321,6.0,5.385164807134504,4.242640687119285,4.123105625617661,0.0,0.0,0.0,0.0,0.0,0.0,0.0,0.0,0.0,0.0,0.0,0.0,1.4142135623730951,3.1622776601683795,5.830951894845301,7.211102550927978,9.433981132056603,11.180339887498949,12.529964086141668,12.529964086141668,13.038404810405298,13.038404810405298,12.806248474865697,11.40175425099138,11.313708498984761,10.816653826391969,11.180339887498949,11.704699910719626,12.36931687685298,14.317821063276353,16.1245154965971,17.029386365926403,19.026297590440446,21.02379604162864,22.0,23.021728866442675,25.019992006393608
1787404906.5711849,-83,0.0,19.6468827043885,19.4164878389476,19.235384061671343,16.278820596099706,12.649110640673518,12.083045973594572,10.295630140987,6.708203932499369,3.605551275463989,0.0,2.8284271247461903,6.708203932499369,8.54400374531753,11.40175425099138,14.317821063276353,15.297058540778355,16.1245154965971,17.0,16.1245154965971,13.152946437965905,11.180339887498949,9.219544457292887,5.385164807134504,2.23606797749979,3.605551275463989,5.0,0.0,0.0,0.0,0.0,0.0,0.0,0.0,0.0,0.0,0.0,0.0,2.23606797749979,0.0,2.0,5.0990195135927845,7.0,9.055385138137417,11.045361017187261,13.038404810405298,13.038404810405298,12.041594578792296,12.0,12.041594578792296,10.198039027185569,9.219544457292887,8.54400374531753,8.06225774829855,9.219544457292887,10.816653826391969,12.206555615733702,13.892443989449804,16.1245154965971,18.35755975068582,19.4164878389476,21.470910553583888,23.40939982143925,24.351591323771842
1787404906.5870233,-84,0.0,10.770329614269007,11.180339887498949,11.045361017187261,12.0,14.035668847618199,15.132745950421556,16.1245154965971,16.1245154965971,16.0312195418814,15.0,14.035668847618199,13.152946437965905,11.40175425099138,8.94427190999916,6.4031242374328485,4.47213595499958,4.123105625617661,5.0,7.280109889280518,9.055385138137417,10.04987562112089,12.165525060596439,13.601470508735444,14.866068747318506,15.231546211727817,15.231546211727817,0.0,0.0,0.0,0.0,0.0,0.0,0.0,0.0,0.0,0.0,0.0,19.209372712298546,19.209372712298546,18.439088914585774,17.029386365926403,16.401219466856727,14.422205101855956,12.529964086141668,11.704699910719626,10.04987562112089,10.04987562112089,10.770329614269007,11.661903789690601,12.806248474865697,14.142135623730951,15.556349186104045,16.278820596099706,16.278820596099706,16.401219466856727,16.401219466856727,15.264337522473747,13.892443989449804,13.0,12.36931687685298,12.041594578792296,12.041594578792296,12.36931687685298
1787404906.6100197,-70,0.0,30.886890422961002,30.01666203960727,27.784887978899608,24.698178070456937,20.0,14.866068747318506,9.433981132056603,6.0,5.656854249492381,8.94427190999916,11.40175425099138,12.36931687685298,13.601470508735444,13.416407864998739,13.038404810405298,14.142135623730951,15.0,15.652475842498529,16.15549442140351,15.231546211727817,13.92838827718412,10.770329614269007,7.615773105863909,3.605551275463989,1.0,3.1622776601683795,0.0,0.0,0.0,0.0,0.0,0.0,0.0,0.0,0.0,0.0,0.0,7.211102550927978,5.385164807134504,4.0,2.8284271247461903,3.1622776601683795,5.656854249492381,8.94427190999916,11.704699910719626,14.560219778561036,18.439088914585774,21.37755832643195,22.20360331117452,22.02271554554524,22.0,21.02379604162864,20.09975124224178,18.24828759089466,15.297058540778355,12.165525060596439,8.06225774829855,5.656854249492381,8.0,12.36931687685298,17.46424919657298,22.360679774997898,25.942243542145693
1787404906.6328223,-70,0.0,25.96150997149434,25.0,23.08679276123039,21.18962010041709,17.46424919657298,13.038404810405298,8.48528137423857,6.082762530298219,5.830951894845301,7.0710678118654755,8.602325267042627,10.816653826391969,11.40175425099138,11.313708498984761,11.661903789690601,13.0,13.601470508735444,14.142135623730951,14.035668847618199,14.0,13.0,10.04987562112089,7.0710678118654755,4.123105625617661,1.4142135623730951,1.4142135623730951,0.0,0.0,0.0,0.0,0.0,0.0,0.0,0.0,0.0,0.0,0.0,7.0710678118654755,6.0,4.47213595499958,4.242640687119285,2.23606797749979,2.8284271247461903,5.385164807134504,8.06225774829855,11.0,14.035668847618199,16.0312195418814,17.11724276862369,17.26267650163207,17.72004514666935,16.76305461424021,15.231546211727817,13.416407864998739,11.661903789690601,8.94427190999916,5.0,4.242640687119285,7.0710678118654755,11.180339887498949,15.524174696260024,19.924858845171276,22.135943621178654
1787404906.6358316,-69,0.0,26.1725046566048,25.45584412271571,23.345235059857504,19.209372712298546,16.401219466856727,11.661903789690601,6.082762530298219,2.8284271247461903,5.0990195135927845,8.06225774829855,9.0,11.045361017187261,12.0,13.038404810405298,12.165525060596439,12.649110640673518,13.416407864998739,14.422205101855956,14.142135623730951,14.866068747318506,14.142135623730951,10.816653826391969,8.06225774829855,4.47213595499958,2.23606797749979,3.0,0.0,0.0,0.0,0.0,0.0,0.0,0.0,0.0,0.0,0.0,0.0,6.708203932499369,6.082762530298219,5.0,3.1622776601683795,2.0,3.605551275463989,6.324555320336759,10.198039027185569,13.152946437965905,17.11724276862369,21.095023109728988,21.02379604162864,20.0,20.0,19.026297590440446,18.027756377319946,15.297058540778355,13.341664064126334,10.04987562112089,6.324555320336759,4.47213595499958,6.324555320336759,10.0,16.278820596099706,19.849433241279208,21.93171219946131
1787404906.8898923,-87,0.0,14.317821063276353,14.317821063276353,13.92838827718412,12.649110640673518,13.341664064126334,13.152946437965905,11.045361017187261,11.045361017187261,10.04987562112089,9.219544457292887,7.615773105863909,7.615773105863909,7.615773105863909,6.324555320336759,5.0990195135927845,5.0,5.0990195135927845,5.0990195135927845,6.082762530298219,6.324555320336759,7.280109889280518,7.615773105863909,7.615773105863909,7.615773105863909,8.06225774829855,7.810249675906654,0.0,0.0,0.0,0.0,0.0,0.0,0.0,0.0,0.0,0.0,0.0,7.0,8.06225774829855,7.615773105863909,9.848857801796104,9.433981132056603,9.219544457292887,9.899494936611665,9.899494936611665,10.0,10.0,8.602325267042627,7.810249675906654,5.656854249492381,7.0710678118654755,8.06225774829855,8.06225774829855,8.54400374531753,9.486832980505138,10.04987562112089,12.041594578792296,13.152946437965905,14.317821063276353,14.142135623730951,13.152946437965905,14.317821063276353,14.317821063276353
1787404906.8919163,-88,0.0,13.892443989449804,13.892443989449804,13.892443989449804,13.416407864998739,13.416407864998739,13.0,12.36931687685298,12.041594578792296,12.0,11.045361017187261,11.180339887498949,10.198039027185569,10.198039027185569,8.246211251235321,7.0710678118654755,6.0,5.385164807134504,5.385164807134504,6.708203932499369,7.211102550927978,7.211102550927978,7.211102550927978,8.602325267042627,8.602325267042627,8.48528137423857,8.602325267042627,0.0,0.0,0.0,0.0,0.0,0.0,0.0,0.0,0.0,0.0,0.0,13.152946437965905,12.165525060596439,12.36931687685298,12.649110640673518,11.704699910719626,11.661903789690601,11.40175425099138,12.041594578792296,12.806248474865697,12.206555615733702,10.816653826391969,9.848857801796104,9.848857801796104,8.94427190999916,8.602325267042627,8.48528137423857,7.810249675906654,7.615773105863909,8.246211251235321,9.055385138137417,10.04987562112089,11.045361017187261,11.045361017187261,11.0,11.045361017187261,11.045361017187261
1787404908.1875937,-71,0.0,21.18962010041709,21.540659228538015,20.615528128088304,20.12461179749811,19.235384061671343,17.4928556845359,15.811388300841896,13.601470508735444,11.40175425099138,9.433981132056603,8.06225774829855,7.615773105863909,7.0710678118654755,7.0,7.0710678118654755,8.246211251235321,8.54400374531753,9.486832980505138,9.486832980505138,10.44030650891055,10.44030650891055,10.44030650891055,11.180339887498949,10.04987562112089,9.055385138137417,9.055385138137417,0.0,0.0,0.0,0.0,0.0,0.0,0.0,0.0,0.0,0.0,0.0,6.082762530298219,6.324555320336759,5.385164807134504,5.830951894845301,6.4031242374328485,7.0710678118654755,7.0710678118654755,7.0710678118654755,7.0710678118654755,8.48528137423857,8.48528137423857,7.810249675906654,7.211102550927978,8.06225774829855,8.94427190999916,9.848857801796104,10.770329614269007,11.40175425099138,12.36931687685298,13.341664064126334,15.524174696260024,16.492422502470642,16.76305461424021,17.72004514666935,18.681541692269406,19.924858845171276
1787404908.2859082,-72,0.0,19.79898987322333,20.518284528683193,19.79898987322333,19.849433241279208,19.209372712298546,18.027756377319946,16.1245154965971,13.892443989449804,11.661903789690601,10.295630140987,8.602325267042627,7.810249675906654,7.810249675906654,7.211102550927978,7.615773105863909,7.280109889280518,8.246211251235321,8.246211251235321,9.219544457292887,9.219544457292887,9.219544457292887,9.219544457292887,9.219544457292887,9.219544457292887,8.246211251235321,7.280109889280518,0.0,0.0,0.0,0.0,0.0,0.0,0.0,0.0,0.0,0.0,0.0,6.0,6.0,6.082762530298219,6.082762530298219,5.385164807134504,5.830951894845301,7.211102550927978,7.810249675906654,7.810249675906654,8.602325267042627,9.433981132056603,9.433981132056603,8.602325267042627,9.219544457292887,9.899494936611665,10.63014581273465,10.63014581273465,11.40175425099138,12.806248474865697,14.212670403551895,15.620499351813308,15.620499351813308,17.029386365926403,17.69180601295413,18.439088914585774,18.439088914585774
1787404908.6959074,-69,0.0,21.02379604162864,21.0,21.02379604162864,20.09975124224178,19.1049731745428,17.26267650163207,16.492422502470642,15.297058540778355,14.317821063276353,13.152946437965905,12.165525060596439,11.045361017187261,10.0,11.0,9.055385138137417,7.0710678118654755,9.0,10.198039027185569,9.486832980505138,9.486832980505138,9.486832980505138,9.486832980505138,10.198039027185569,10.198039027185569,9.055385138137417,8.06225774829855,0.0,0.0,0.0,0.0,0.0,0.0,0.0,0.0,0.0,0.0,0.0,6.4031242374328485,5.0,5.830951894845301,6.324555320336759,7.280109889280518,7.280109889280518,7.280109889280518,7.280109889280518,8.246211251235321,8.54400374531753,8.54400374531753,8.54400374531753,8.246211251235321,9.219544457292887,9.055385138137417,10.04987562112089,10.04987562112089,10.0,12.0,13.038404810405298,13.038404810405298,14.142135623730951,15.132745950421556,17.11724276862369,19.1049731745428,19.1049731745428
1787404909.0121853,-71,0.0,23.53720459187964,23.769728648009426,24.041630560342615,23.40939982143925,21.540659228538015,20.615528128088304,19.697715603592208,17.46424919657298,16.55294535724685,15.231546211727817,15.231546211727817,13.92838827718412,12.649110640673518,12.649110640673518,11.704699910719626,11.40175425099138,11.180339887498949,10.04987562112089,10.04987562112089,10.0,10.04987562112089,11.045361017187261,11.045361017187261,10.0,10.04987562112089,10.04987562112089,0.0,0.0,0.0,0.0,0.0,0.0,0.0,0.0,0.0,0.0,0.0,8.94427190999916,6.324555320336759,5.0990195135927845,4.0,3.1622776601683795,4.123105625617661,5.385164807134504,6.708203932499369,6.708203932499369,5.385164807134504,5.385164807134504,5.830951894845301,5.656854249492381,5.0,5.385164807134504,7.280109889280518,8.246211251235321,8.246211251235321,10.04987562112089,11.045361017187261,12.041594578792296,14.035668847618199,16.0312195418814,18.027756377319946,19.1049731745428,20.09975124224178
1787404909.5857327,-87,0.0,16.0,16.0,14.035668847618199,13.152946437965905,10.198039027185569,9.486832980505138,6.324555320336759,4.47213595499958,2.8284271247461903,2.23606797749979,3.1622776601683795,4.0,6.082762530298219,7.0710678118654755,8.246211251235321,9.219544457292887,9.486832980505138,8.54400374531753,8.54400374531753,7.615773105863909,6.708203932499369,5.830951894845301,5.0,4.47213595499958,4.123105625617661,4.0,0.0,0.0,0.0,0.0,0.0,0.0,0.0,0.0,0.0,0.0,0.0,10.04987562112089,8.0,5.0990195135927845,5.0,3.605551275463989,4.123105625617661,5.830951894845301,7.810249675906654,9.899494936611665,13.601470508735444,13.601470508735444,14.422205101855956,14.422205101855956,14.422205101855956,13.601470508735444,13.038404810405298,11.661903789690601,10.295630140987,8.06225774829855,5.0990195135927845,4.123105625617661,5.0,6.324555320336759,8.246211251235321,10.0,11.0
1787404909.5994804,-85,0.0,15.524174696260024,14.560219778561036,14.560219778561036,13.341664064126334,12.649110640673518,11.704699910719626,9.848857801796104,7.615773105863909,6.324555320336759,3.605551275463989,2.23606797749979,2.8284271247461903,5.0,6.4031242374328485,8.06225774829855,7.615773105863909,8.54400374531753,8.94427190999916,9.486832980505138,8.246211251235321,7.0710678118654755,6.0,5.0990195135927845,4.47213595499958,4.47213595499958,4.242640687119285,0.0,0.0,0.0,0.0,0.0,0.0,0.0,0.0,0.0,0.0,0.0,9.433981132056603,9.433981132056603,8.06225774829855,5.830951894845301,2.8284271247461903,1.0,4.0,7.0710678118654755,10.198039027185569,12.165525060596439,14.142135623730951,16.492422502470642,16.492422502470642,15.132745950421556,13.152946437965905,12.041594578792296,10.04987562112089,8.246211251235321,6.708203932499369,5.0,5.0990195135927845,5.385164807134504,7.0710678118654755,7.810249675906654,9.433981132056603,10.770329614269007
1787404909.623118,-69,0.0,21.400934559032695,21.400934559032695,21.2602916254693,19.79898987322333,19.1049731745428,19.209372712298546,18.601075237738275,17.204650534085253,15.0,13.45362404707371,12.727922061357855,12.041594578792296,10.63014581273465,10.63014581273465,9.899494936611665,9.219544457292887,9.219544457292887,8.602325267042627,8.06225774829855,8.54400374531753,7.280109889280518,7.280109889280518,7.615773105863909,7.615773105863909,7.280109889280518,7.280109889280518,0.0,0.0,0.0,0.0,0.0,0.0,0.0,0.0,0.0,0.0,0.0,2.23606797749979,4.123105625617661,6.0,6.082762530298219,5.0990195135927845,5.385164807134504,5.385164807134504,6.4031242374328485,7.810249675906654,8.602325267042627,10.0,8.602325267042627,9.219544457292887,9.899494936611665,10.63014581273465,10.63014581273465,12.041594578792296,12.041594578792296,12.806248474865697,14.212670403551895,16.278820596099706,17.029386365926403,17.804493814764857,19.209372712298546,19.209372712298546,19.209372712298546
1787404909.623118,-69,0.0,20.808652046684813,20.808652046684813,20.615528128088304,21.2602916254693,21.213203435596427,19.79898987322333,17.69180601295413,16.278820596099706,16.278820596099706,14.866068747318506,13.601470508735444,12.806248474865697,12.041594578792296,11.313708498984761,10.63014581273465,9.899494936611665,8.48528137423857,8.48528137423857,7.810249675906654,7.211102550927978,7.211102550927978,7.211102550927978,6.708203932499369,6.708203932499369,6.708203932499369,5.830951894845301,0.0,0.0,0.0,0.0,0.0,0.0,0.0,0.0,0.0,0.0,0.0,7.280109889280518,6.082762530298219,5.0,4.123105625617661,5.385164807134504,5.830951894845301,7.211102550927978,7.211102550927978,7.211102550927978,7.810249675906654,7.810249675906654,7.810249675906654,8.48528137423857,9.219544457292887,9.219544457292887,10.816653826391969,10.816653826391969,11.661903789690601,13.038404810405298,14.422205101855956,13.892443989449804,15.652475842498529,17.0,19.4164878389476,20.248456731316587,20.591260281974
1787404909.6311066,-69,0.0,24.166091947189145,23.259406699226016,22.825424421026653,22.825424421026653,21.470910553583888,20.248456731316587,18.601075237738275,17.204650534085253,15.620499351813308,13.601470508735444,13.038404810405298,12.529964086141668,11.661903789690601,10.295630140987,10.295630140987,8.94427190999916,8.94427190999916,7.615773105863909,7.280109889280518,7.0710678118654755,7.0710678118654755,7.0710678118654755,7.0710678118654755,6.082762530298219,6.082762530298219,6.082762530298219,0.0,0.0,0.0,0.0,0.0,0.0,0.0,0.0,0.0,0.0,0.0,5.0990195135927845,5.0990195135927845,4.0,4.123105625617661,3.1622776601683795,4.242640687119285,5.0,5.656854249492381,5.656854249492381,5.656854249492381,6.4031242374328485,7.211102550927978,7.211102550927978,8.06225774829855,8.94427190999916,9.486832980505138,10.44030650891055,11.40175425099138,12.36931687685298,13.601470508735444,15.524174696260024,16.76305461424021,17.72004514666935,17.72004514666935,18.681541692269406,19.924858845171276
1787404909.6453688,-69,0.0,25.0,24.73863375370596,25.0,23.40939982143925,22.135943621178654,21.540659228538015,20.615528128088304,18.788294228055936,17.88854381999832,15.652475842498529,14.7648230602334,13.416407864998739,13.0,11.704699910719626,11.704699910719626,10.44030650891055,10.198039027185569,9.055385138137417,9.055385138137417,8.0,8.0,8.0,8.0,8.06225774829855,7.0710678118654755,6.082762530298219,0.0,0.0,0.0,0.0,0.0,0.0,0.0,0.0,0.0,0.0,0.0,6.0,5.0,4.123105625617661,4.123105625617661,4.47213595499958,4.242640687119285,5.0,6.4031242374328485,7.211102550927978,8.06225774829855,8.06225774829855,8.94427190999916,8.94427190999916,9.486832980505138,10.44030650891055,11.40175425099138,13.152946437965905,13.152946437965905,14.142135623730951,14.142135623730951,16.0312195418814,18.110770276274835,19.235384061671343,19.1049731745428,21.213203435596427,22.360679774997898
1787404909.7270243,-70,0.0,21.095023109728988,21.095023109728988,22.20360331117452,21.37755832643195,21.587033144922902,20.615528128088304,18.973665961010276,16.76305461424021,15.811388300841896,15.811388300841896,14.560219778561036,13.601470508735444,12.649110640673518,12.36931687685298,11.40175425099138,10.198039027185569,10.04987562112089,9.055385138137417,9.0,9.0,9.0,9.0,9.0,8.0,7.0,7.0,0.0,0.0,0.0,0.0,0.0,0.0,0.0,0.0,0.0,0.0,0.0,7.810249675906654,7.810249675906654,6.4031242374328485,6.4031242374328485,6.4031242374328485,6.708203932499369,7.615773105863909,7.615773105863909,8.54400374531753,8.54400374531753,9.486832980505138,9.486832980505138,10.44030650891055,10.198039027185569,11.180339887498949,11.180339887498949,12.041594578792296,13.038404810405298,14.035668847618199,15.033296378372908,16.0312195418814,17.11724276862369,18.110770276274835,19.1049731745428,19.1049731745428,20.024984394500787
1787404909.9320836,-70,0.0,20.615528128088304,20.615528128088304,20.248456731316587,20.248456731316587,19.924858845171276,18.439088914585774,17.26267650163207,15.132745950421556,13.152946437965905,12.165525060596439,11.180339887498949,9.486832980505138,8.54400374531753,8.54400374531753,7.615773105863909,6.708203932499369,7.211102550927978,6.4031242374328485,6.4031242374328485,6.4031242374328485,7.211102550927978,7.810249675906654,7.810249675906654,7.810249675906654,7.810249675906654,6.4031242374328485,0.0,0.0,0.0,0.0,0.0,0.0,0.0,0.0,0.0,0.0,0.0,5.385164807134504,5.0990195135927845,6.0,6.082762530298219,6.324555320336759,7.280109889280518,8.246211251235321,8.246211251235321,9.486832980505138,9.486832980505138,10.44030650891055,10.44030650891055,10.770329614269007,11.704699910719626,12.083045973594572,13.0,13.0,13.0,14.317821063276353,15.231546211727817,15.231546211727817,15.652475842498529,16.55294535724685,17.88854381999832,19.235384061671343,20.12461179749811
1787404910.031356,-86,0.0,13.45362404707371,14.142135623730951,14.142135623730951,15.556349186104045,16.278820596099706,17.69180601295413,19.1049731745428,19.1049731745428,19.849433241279208,18.439088914585774,17.804493814764857,18.439088914585774,16.401219466856727,14.866068747318506,12.806248474865697,11.40175425099138,9.219544457292887,7.810249675906654,7.810249675906654,7.211102550927978,6.4031242374328485,5.0,5.0,5.0,4.47213595499958,5.0,0.0,0.0,0.0,0.0,0.0,0.0,0.0,0.0,0.0,0.0,0.0,8.54400374531753,8.94427190999916,8.94427190999916,10.0,10.0,10.816653826391969,10.295630140987,10.295630140987,11.180339887498949,10.295630140987,9.848857801796104,9.486832980505138,8.246211251235321,8.246211251235321,8.246211251235321,7.280109889280518,7.280109889280518,7.615773105863909,7.280109889280518,7.280109889280518,7.280109889280518,8.54400374531753,8.54400374531753,9.486832980505138,9.848857801796104,10.295630140987
1787404910.3121963,-85,0.0,17.69180601295413,16.278820596099706,14.866068747318506,13.45362404707371,12.041594578792296,11.40175425099138,8.602325267042627,6.708203932499369,4.123105625617661,3.605551275463989,3.1622776601683795,5.0,7.280109889280518,10.770329614269007,12.083045973594572,14.317821063276353,14.317821063276353,13.92838827718412,13.0,10.770329614269007,9.486832980505138,6.324555320336759,3.1622776601683795,1.0,2.23606797749979,3.1622776601683795,0.0,0.0,0.0,0.0,0.0,0.0,0.0,0.0,0.0,0.0,0.0,8.06225774829855,5.0,3.605551275463989,2.23606797749979,4.0,8.06225774829855,11.045361017187261,13.152946437965905,14.317821063276353,14.866068747318506,15.811388300841896,17.08800749063506,17.08800749063506,15.811388300841896,14.866068747318506,13.0,10.770329614269007,8.54400374531753,6.324555320336759,4.0,1.4142135623730951,2.23606797749979,3.605551275463989,5.656854249492381,7.0710678118654755,7.0710678118654755
1787404910.8577003,-69,0.0,27.313000567495326,26.0,23.769728648009426,20.615528128088304,16.1245154965971,12.806248474865697,9.433981132056603,7.0710678118654755,8.602325267042627,9.899494936611665,11.40175425099138,12.206555615733702,13.45362404707371,13.45362404707371,13.892443989449804,14.317821063276353,14.866068747318506,14.142135623730951,14.0,13.038404810405298,11.045361017187261,9.0,6.0,3.0,0.0,2.0,0.0,0.0,0.0,0.0,0.0,0.0,0.0,0.0,0.0,0.0,0.0,4.47213595499958,2.23606797749979,2.0,1.0,2.8284271247461903,3.605551275463989,6.708203932499369,8.94427190999916,11.704699910719626,13.341664064126334,14.317821063276353,15.132745950421556,15.0,15.033296378372908,15.132745950421556,14.142135623730951,12.165525060596439,10.04987562112089,7.0710678118654755,4.242640687119285,6.082762530298219,10.198039027185569,13.601470508735444,19.313207915827967,22.847319317591726,25.079872407968907
1787404911.1710763,-69,0.0,27.784887978899608,26.92582403567252,25.238858928247925,20.808652046684813,17.029386365926403,12.727922061357855,8.06225774829855,5.0,4.242640687119285,6.324555320336759,9.486832980505138,11.40175425099138,14.560219778561036,15.811388300841896,16.15549442140351,16.1245154965971,16.1245154965971,15.811388300841896,15.0,12.806248474865697,11.313708498984761,9.219544457292887,5.830951894845301,3.1622776601683795,1.4142135623730951,3.0,0.0,0.0,0.0,0.0,0.0,0.0,0.0,0.0,0.0,0.0,0.0,3.1622776601683795,2.23606797749979,1.0,1.0,2.8284271247461903,5.0,7.211102550927978,8.94427190999916,10.770329614269007,12.649110640673518,13.601470508735444,14.317821063276353,14.035668847618199,14.035668847618199,14.317821063276353,13.601470508735444,12.649110640673518,10.44030650891055,8.246211251235321,5.0,2.8284271247461903,5.0990195135927845,9.486832980505138,14.7648230602334,19.72308292331602,21.95449840010015
1787404911.2390397,-68,0.0,29.410882339705484,28.460498941515414,26.570660511172846,22.47220505424423,17.46424919657298,13.892443989449804,9.899494936611665,6.324555320336759,7.615773105863909,10.0,12.041594578792296,14.142135623730951,15.556349186104045,16.278820596099706,16.401219466856727,16.1245154965971,16.55294535724685,14.866068747318506,13.341664064126334,12.041594578792296,10.0,7.0,5.0,2.23606797749979,1.4142135623730951,3.1622776601683795,0.0,0.0,0.0,0.0,0.0,0.0,0.0,0.0,0.0,0.0,0.0,4.47213595499958,4.242640687119285,4.123105625617661,2.23606797749979,1.0,2.23606797749979,7.211102550927978,10.295630140987,12.083045973594572,12.083045973594572,13.0,14.560219778561036,15.297058540778355,14.142135623730951,13.0,12.041594578792296,11.180339887498949,9.055385138137417,6.0,5.0,6.082762530298219,9.055385138137417,14.317821063276353,19.6468827043885,24.041630560342615,26.248809496813376
1787404912.2173214,-69,0.0,30.4138126514911,29.732137494637012,27.586228448267445,23.430749027719962,18.601075237738275,14.7648230602334,10.198039027185569,7.280109889280518,8.48528137423857,10.295630140987,13.0,15.231546211727817,16.55294535724685,17.0,18.027756377319946,17.804493814764857,16.97056274847714,16.278820596099706,14.422205101855956,12.529964086141668,9.848857801796104,7.615773105863909,4.47213595499958,1.4142135623730951,2.0,4.0,0.0,0.0,0.0,0.0,0.0,0.0,0.0,0.0,0.0,0.0,0.0,4.123105625617661,3.0,1.0,1.0,4.123105625617661,6.324555320336759,9.848857801796104,12.529964086141668,15.264337522473747,16.64331697709324,18.601075237738275,19.209372712298546,18.384776310850235,17.804493814764857,17.204650534085253,15.264337522473747,13.038404810405298,10.816653826391969,8.48528137423857,7.0710678118654755,8.54400374531753,12.806248474865697,16.97056274847714,20.518284528683193,24.758836806279895,26.90724809414742
1787404912.2802074,-84,0.0,14.866068747318506,15.811388300841896,14.866068747318506,15.811388300841896,15.811388300841896,14.866068747318506,15.231546211727817,14.7648230602334,15.264337522473747,14.422205101855956,15.0,16.401219466856727,15.620499351813308,15.620499351813308,15.0,13.601470508735444,11.661903789690601,11.661903789690601,11.661903789690601,10.816653826391969,10.0,10.0,10.0,10.63014581273465,11.40175425099138,12.206555615733702,0.0,0.0,0.0,0.0,0.0,0.0,0.0,0.0,0.0,0.0,0.0,9.219544457292887,8.48528137423857,8.602325267042627,8.06225774829855,8.06225774829855,8.06225774829855,7.615773105863909,7.615773105863909,6.708203932499369,7.615773105863909,8.06225774829855,8.06225774829855,8.602325267042627,9.219544457292887,9.899494936611665,11.313708498984761,12.041594578792296,13.45362404707371,14.212670403551895,14.422205101855956,14.422205101855956,14.7648230602334,14.317821063276353,13.92838827718412,13.92838827718412,13.601470508735444
1787404912.3120036,-70,0.0,28.160255680657446,27.16615541441225,24.331050121192877,20.615528128088304,17.08800749063506,11.661903789690601,8.48528137423857,6.324555320336759,6.324555320336759,7.810249675906654,10.63014581273465,12.806248474865697,14.142135623730951,14.866068747318506,15.620499351813308,15.264337522473747,14.7648230602334,13.92838827718412,12.649110640673518,11.40175425099138,8.246211251235321,6.324555320336759,4.123105625617661,1.4142135623730951,1.4142135623730951,2.8284271247461903,0.0,0.0,0.0,0.0,0.0,0.0,0.0,0.0,0.0,0.0,0.0,5.0,2.8284271247461903,1.0,1.4142135623730951,4.123105625617661,6.0,9.055385138137417,11.180339887498949,13.341664064126334,15.524174696260024,17.08800749063506,17.46424919657298,16.55294535724685,16.64331697709324,15.811388300841896,15.0,13.45362404707371,10.63014581273465,7.810249675906654,4.47213595499958,2.8284271247461903,6.082762530298219,11.045361017187261,16.0312195418814,21.095023109728988,24.08318915758459
1787404912.3654907,-83,0.0,19.209372712298546,18.439088914585774,17.029386365926403,14.866068747318506,14.142135623730951,10.63014581273465,8.602325267042627,6.708203932499369,5.0,4.242640687119285,6.082762530298219,9.055385138137417,12.36931687685298,13.92838827718412,16.15549442140351,17.46424919657298,18.788294228055936,18.384776310850235,17.08800749063506,16.15549442140351,12.649110640673518,10.198039027185569,7.0710678118654755,5.0,3.1622776601683795,2.23606797749979,0.0,0.0,0.0,0.0,0.0,0.0,0.0,0.0,0.0,0.0,0.0,12.041594578792296,9.899494936611665,7.810249675906654,5.0,3.0,2.8284271247461903,5.0990195135927845,8.06225774829855,9.055385138137417,11.40175425099138,11.704699910719626,13.0,13.0,13.0,13.0,10.770329614269007,10.44030650891055,9.219544457292887,7.0,5.0990195135927845,4.242640687119285,5.0990195135927845,6.082762530298219,7.211102550927978,8.48528137423857,10.0
1787404912.565298,-83,0.0,17.08800749063506,17.08800749063506,16.15549442140351,13.92838827718412,12.083045973594572,10.770329614269007,7.615773105863909,3.605551275463989,1.0,3.1622776601683795,6.0,8.06225774829855,10.04987562112089,11.045361017187261,13.038404810405298,12.041594578792296,11.045361017187261,10.04987562112089,9.055385138137417,6.0,4.123105625617661,3.605551275463989,3.1622776601683795,5.0,6.082762530298219,7.280109889280518,0.0,0.0,0.0,0.0,0.0,0.0,0.0,0.0,0.0,0.0,0.0,5.830951894845301,4.47213595499958,3.1622776601683795,1.0,2.23606797749979,5.0,7.810249675906654,10.0,12.206555615733702,13.892443989449804,15.264337522473747,16.64331697709324,16.1245154965971,16.1245154965971,13.892443989449804,12.529964086141668,9.433981132056603,6.4031242374328485,2.23606797749979,3.0,6.324555320336759,9.219544457292887,11.704699910719626,13.601470508735444,15.231546211727817,16.15549442140351
1787404912.5985322,-68,0.0,22.02271554554524,21.2602916254693,21.400934559032695,20.808652046684813,20.808652046684813,19.72308292331602,17.88854381999832,17.0,16.1245154965971,13.892443989449804,12.529964086141668,12.529964086141668,11.661903789690601,10.816653826391969,10.0,9.219544457292887,8.48528137423857,9.219544457292887,9.433981132056603,9.433981132056603,10.0,10.816653826391969,10.816653826391969,10.816653826391969,10.0,9.219544457292887,0.0,0.0,0.0,0.0,0.0,0.0,0.0,0.0,0.0,0.0,0.0,5.0990195135927845,5.0990195135927845,5.0,5.0990195135927845,5.385164807134504,5.385164807134504,6.708203932499369,8.06225774829855,8.94427190999916,8.94427190999916,9.433981132056603,10.295630140987,9.433981132056603,10.816653826391969,10.816653826391969,12.206555615733702,12.206555615733702,12.806248474865697,12.806248474865697,13.45362404707371,14.866068747318506,15.556349186104045,16.97056274847714,17.69180601295413,18.384776310850235,19.79898987322333
1787404912.6025596,-68,0.0,19.79898987322333,19.79898987322333,19.1049731745428,19.1049731745428,19.209372712298546,18.601075237738275,17.204650534085253,15.811388300841896,15.0,12.806248474865697,12.206555615733702,11.40175425099138,10.63014581273465,9.899494936611665,8.48528137423857,7.810249675906654,7.211102550927978,7.615773105863909,7.615773105863909,8.54400374531753,9.486832980505138,10.44030650891055,10.44030650891055,10.770329614269007,10.295630140987,9.433981132056603,0.0,0.0,0.0,0.0,0.0,0.0,0.0,0.0,0.0,0.0,0.0,4.123105625617661,4.0,4.123105625617661,4.123105625617661,4.47213595499958,4.47213595499958,5.830951894845301,6.708203932499369,7.211102550927978,8.06225774829855,8.06225774829855,8.06225774829855,8.602325267042627,10.0,10.0,10.63014581273465,10.63014581273465,10.63014581273465,12.041594578792296,12.727922061357855,13.45362404707371,14.866068747318506,15.620499351813308,16.278820596099706,17.69180601295413,17.69180601295413
1787404912.6065745,-68,0.0,22.67156809750927,22.67156809750927,22.80350850198276,22.80350850198276,21.400934559032695,20.0,18.867962264113206,16.64331697709324,15.811388300841896,15.264337522473747,14.422205101855956,13.038404810405298,12.206555615733702,10.816653826391969,10.0,9.899494936611665,9.219544457292887,9.433981132056603,10.295630140987,10.295630140987,10.816653826391969,11.661903789690601,12.206555615733702,11.40175425099138,11.40175425099138,12.206555615733702,0.0,0.0,0.0,0.0,0.0,0.0,0.0,0.0,0.0,0.0,0.0,5.0990195135927845,5.0990195135927845,5.385164807134504,5.0,5.0,6.4031242374328485,7.810249675906654,7.810249675906654,9.219544457292887,9.219544457292887,10.0,10.0,10.63014581273465,10.63014581273465,11.313708498984761,12.041594578792296,12.727922061357855,12.727922061357855,13.45362404707371,14.142135623730951,15.556349186104045,16.278820596099706,17.69180601295413,19.1049731745428,20.518284528683193,21.213203435596427
1787404912.7913883,-69,0.0,21.213203435596427,21.37755832643195,20.615528128088304,19.6468827043885,20.248456731316587,18.973665961010276,16.76305461424021,14.560219778561036,13.601470508735444,12.165525060596439,12.041594578792296,11.045361017187261,11.045361017187261,11.045361017187261,11.045361017187261,10.04987562112089,10.0,9.055385138137417,9.219544457292887,9.219544457292887,9.219544457292887,10.198039027185569,10.04987562112089,10.04987562112089,9.055385138137417,9.055385138137417,0.0,0.0,0.0,0.0,0.0,0.0,0.0,0.0,0.0,0.0,0.0,3.605551275463989,4.47213595499958,4.47213595499958,5.385164807134504,7.280109889280518,7.280109889280518,7.280109889280518,7.615773105863909,8.54400374531753,9.219544457292887,9.219544457292887,8.246211251235321,8.246211251235321,9.055385138137417,10.04987562112089,11.045361017187261,12.041594578792296,12.0,13.038404810405298,14.035668847618199,15.033296378372908,16.0312195418814,17.029386365926403,18.027756377319946,19.026297590440446,20.024984394500787
1787404912.877084,-86,0.0,14.317821063276353,13.601470508735444,13.601470508735444,12.649110640673518,11.40175425099138,12.165525060596439,11.045361017187261,10.04987562112089,9.0,8.246211251235321,8.06225774829855,6.4031242374328485,6.324555320336759,8.06225774829855,9.219544457292887,10.44030650891055,11.180339887498949,13.152946437965905,13.152946437965905,12.36931687685298,12.041594578792296,11.045361017187261,9.0,6.082762530298219,4.123105625617661,3.1622776601683795,0.0,0.0,0.0,0.0,0.0,0.0,0.0,0.0,0.0,0.0,0.0,11.40175425099138,10.0,7.810249675906654,6.4031242374328485,5.830951894845301,3.1622776601683795,2.0,2.8284271247461903,4.47213595499958,5.0990195135927845,8.0,9.055385138137417,11.0,14.035668847618199,15.0,16.0312195418814,16.278820596099706,16.278820596099706,15.033296378372908,13.038404810405298,12.0,9.0,5.0990195135927845,3.0,1.0,3.0
1787404913.10282,-84,0.0,16.1245154965971,14.7648230602334,14.7648230602334,14.317821063276353,13.416407864998739,11.180339887498949,10.295630140987,8.06225774829855,5.656854249492381,4.123105625617661,4.123105625617661,5.656854249492381,8.06225774829855,9.848857801796104,10.770329614269007,12.649110640673518,13.92838827718412,13.92838827718412,13.416407864998739,12.529964086141668,10.816653826391969,10.0,8.48528137423857,7.810249675906654,6.708203932499369,5.385164807134504,0.0,0.0,0.0,0.0,0.0,0.0,0.0,0.0,0.0,0.0,0.0,9.899494936611665,9.219544457292887,7.810249675906654,7.0710678118654755,6.4031242374328485,4.242640687119285,2.8284271247461903,1.0,2.0,4.123105625617661,6.324555320336759,7.280109889280518,9.219544457292887,11.40175425099138,12.36931687685298,13.341664064126334,13.341664064126334,12.36931687685298,12.165525060596439,10.04987562112089,9.0,6.082762530298219,5.0,4.123105625617661,6.082762530298219,7.615773105863909
1787404913.1088161,-84,0.0,17.46424919657298,17.46424919657298,17.46424919657298,17.26267650163207,16.278820596099706,14.142135623730951,12.041594578792296,9.0,6.082762530298219,5.830951894845301,5.385164807134504,6.082762530298219,8.54400374531753,10.295630140987,11.661903789690601,12.529964086141668,12.529964086141668,12.529964086141668,11.661903789690601,10.295630140987,8.94427190999916,8.06225774829855,7.211102550927978,5.0,4.242640687119285,4.242640687119285,0.0,0.0,0.0,0.0,0.0,0.0,0.0,0.0,0.0,0.0,0.0,7.280109889280518,6.324555320336759,6.082762530298219,5.0990195135927845,5.0990195135927845,4.123105625617661,5.385164807134504,5.385164807134504,5.385164807134504,7.615773105863909,8.94427190999916,9.848857801796104,10.295630140987,11.180339887498949,12.083045973594572,9.848857801796104,8.06225774829855,8.06225774829855,6.4031242374328485,3.605551275463989,3.0,2.8284271247461903,6.324555320336759,8.246211251235321,10.198039027185569,12.165525060596439
1787404913.3231907,-84,0.0,4.242640687119285,5.830951894845301,7.211102550927978,8.94427190999916,9.848857801796104,11.40175425099138,11.704699910719626,12.649110640673518,12.649110640673518,11.704699910719626,10.770329614269007,9.848857801796104,8.06225774829855,6.4031242374328485,5.0,4.0,4.47213595499958,4.242640687119285,5.830951894845301,5.385164807134504,6.082762530298219,6.082762530298219,6.0,6.0,5.0,5.0990195135927845,0.0,0.0,0.0,0.0,0.0,0.0,0.0,0.0,0.0,0.0,0.0,13.601470508735444,13.601470508735444,13.341664064126334,13.341664064126334,12.36931687685298,11.180339887498949,9.219544457292887,6.708203932499369,5.656854249492381,4.47213595499958,4.0,4.47213595499958,3.605551275463989,5.0,6.082762530298219,6.708203932499369,8.48528137423857,10.816653826391969,12.206555615733702,13.892443989449804,13.892443989449804,13.892443989449804,13.416407864998739,13.0,11.704699910719626,10.44030650891055
1787404914.0187438,-71,0.0,21.633307652783937,22.47220505424423,21.95449840010015,20.12461179749811,18.788294228055936,17.46424919657298,16.15549442140351,13.92838827718412,11.704699910719626,9.848857801796104,9.433981132056603,9.433981132056603,8.602325267042627,8.602325267042627,7.810249675906654,7.810249675906654,7.810249675906654,7.211102550927978,7.211102550927978,6.708203932499369,7.615773105863909,7.615773105863909,7.615773105863909,7.615773105863909,7.615773105863909,7.615773105863909,0.0,0.0,0.0,0.0,0.0,0.0,0.0,0.0,0.0,0.0,0.0,2.23606797749979,1.0,2.23606797749979,3.605551275463989,4.47213595499958,5.0990195135927845,5.0990195135927845,5.385164807134504,6.708203932499369,6.708203932499369,6.708203932499369,6.708203932499369,7.211102550927978,7.211102550927978,8.602325267042627,9.899494936611665,10.63014581273465,11.313708498984761,12.727922061357855,13.45362404707371,14.142135623730951,15.556349186104045,16.97056274847714,18.384776310850235,20.518284528683193,21.2602916254693
1787404914.39681,-80,0.0,8.246211251235321,8.06225774829855,9.848857801796104,12.806248474865697,14.866068747318506,18.027756377319946,21.470910553583888,24.186773244895647,25.238858928247925,25.0,22.67156809750927,20.518284528683193,16.97056274847714,13.45362404707371,12.041594578792296,11.40175425099138,8.06225774829855,4.123105625617661,4.123105625617661,5.656854249492381,8.06225774829855,10.816653826391969,11.313708498984761,11.40175425099138,11.704699910719626,10.198039027185569,0.0,0.0,0.0,0.0,0.0,0.0,0.0,0.0,0.0,0.0,0.0,7.810249675906654,7.0710678118654755,6.324555320336759,5.0,3.1622776601683795,2.8284271247461903,2.23606797749979,3.1622776601683795,5.385164807134504,6.708203932499369,7.810249675906654,9.899494936611665,12.727922061357855,14.212670403551895,15.264337522473747,16.1245154965971,16.1245154965971,17.4928556845359,18.35755975068582,18.35755975068582,18.867962264113206,18.601075237738275,17.69180601295413,17.69180601295413,15.556349186104045,10.63014581273465
1787404914.7466824,-70,0.0,21.2602916254693,20.615528128088304,20.615528128088304,20.0,18.601075237738275,17.204650534085253,15.811388300841896,14.422205101855956,13.601470508735444,12.041594578792296,11.313708498984761,10.63014581273465,12.041594578792296,11.40175425099138,11.40175425099138,11.40175425099138,11.40175425099138,10.816653826391969,10.816653826391969,11.661903789690601,11.180339887498949,11.661903789690601,10.816653826391969,10.816653826391969,10.0,10.0,0.0,0.0,0.0,0.0,0.0,0.0,0.0,0.0,0.0,0.0,0.0,5.0,5.830951894845301,7.211102550927978,6.4031242374328485,7.0710678118654755,7.810249675906654,8.48528137423857,9.899494936611665,10.63014581273465,10.63014581273465,10.63014581273465,10.63014581273465,10.63014581273465,12.041594578792296,12.041594578792296,12.041594578792296,12.806248474865697,13.45362404707371,14.866068747318506,16.278820596099706,17.029386365926403,17.029386365926403,17.69180601295413,19.1049731745428,19.79898987322333,19.79898987322333
1787404914.7466824,-70,0.0,20.0,19.209372712298546,19.849433241279208,19.1049731745428,17.69180601295413,16.97056274847714,15.556349186104045,14.142135623730951,12.727922061357855,12.041594578792296,10.816653826391969,10.816653826391969,10.295630140987,10.295630140987,9.848857801796104,9.848857801796104,9.486832980505138,9.486832980505138,10.44030650891055,10.44030650891055,10.44030650891055,10.44030650891055,10.44030650891055,10.44030650891055,9.486832980505138,9.486832980505138,0.0,0.0,0.0,0.0,0.0,0.0,0.0,0.0,0.0,0.0,0.0,2.23606797749979,2.23606797749979,4.242640687119285,5.656854249492381,6.4031242374328485,7.810249675906654,8.48528137423857,8.48528137423857,9.219544457292887,9.219544457292887,9.899494936611665,9.899494936611665,9.899494936611665,10.63014581273465,10.0,12.206555615733702,12.206555615733702,13.038404810405298,13.892443989449804,14.7648230602334,15.264337522473747,16.64331697709324,16.64331697709324,18.027756377319946,18.601075237738275,19.4164878389476
1787404914.7466824,-70,0.0,17.88854381999832,18.788294228055936,18.384776310850235,17.08800749063506,17.08800749063506,15.811388300841896,15.524174696260024,13.601470508735444,11.40175425099138,9.486832980505138,8.94427190999916,9.433981132056603,9.433981132056603,9.433981132056603,10.0,9.219544457292887,9.219544457292887,9.899494936611665,9.899494936611665,10.63014581273465,10.63014581273465,10.63014581273465,9.899494936611665,9.219544457292887,8.602325267042627,8.602325267042627,0.0,0.0,0.0,0.0,0.0,0.0,0.0,0.0,0.0,0.0,0.0,4.0,4.123105625617661,4.47213595499958,5.385164807134504,5.830951894845301,7.211102550927978,7.211102550927978,8.06225774829855,8.94427190999916,8.94427190999916,9.848857801796104,9.848857801796104,9.848857801796104,10.295630140987,10.816653826391969,11.661903789690601,11.661903789690601,11.661903789690601,13.038404810405298,13.892443989449804,15.264337522473747,15.264337522473747,16.1245154965971,17.4928556845359,18.35755975068582,18.35755975068582
1787404914.857839,-69,0.0,26.627053911388696,25.238858928247925,23.021728866442675,20.0,16.278820596099706,11.40175425099138,7.280109889280518,5.385164807134504,7.211102550927978,8.94427190999916,10.295630140987,11.661903789690601,12.206555615733702,13.45362404707371,14.212670403551895,14.422205101855956,14.7648230602334,14.866068747318506,14.317821063276353,13.152946437965905,11.180339887498949,9.055385138137417,6.082762530298219,3.1622776601683795,1.0,2.8284271247461903,0.0,0.0,0.0,0.0,0.0,0.0,0.0,0.0,0.0,0.0,0.0,5.0,4.123105625617661,2.23606797749979,1.0,2.23606797749979,5.0,8.602325267042627,11.40175425099138,14.212670403551895,16.401219466856727,18.027756377319946,18.867962264113206,17.88854381999832,17.46424919657298,16.15549442140351,15.524174696260024,13.341664064126334,11.40175425099138,9.848857801796104,7.810249675906654,7.280109889280518,9.219544457292887,13.0,17.0,21.95449840010015,24.186773244895647
1787404914.889536,-40,0.0,13.45362404707371,12.727922061357855,13.45362404707371,13.45362404707371,13.45362404707371,13.45362404707371,12.806248474865697,13.601470508735444,13.038404810405298,13.038404810405298,13.892443989449804,13.892443989449804,13.416407864998739,14.317821063276353,14.317821063276353,14.317821063276353,14.7648230602334,15.652475842498529,14.7648230602334,14.7648230602334,15.264337522473747,14.422205101855956,14.422205101855956,14.212670403551895,14.212670403551895,13.45362404707371,0.0,0.0,0.0,0.0,0.0,0.0,0.0,0.0,0.0,0.0,0.0,10.816653826391969,11.180339887498949,12.083045973594572,12.083045973594572,12.083045973594572,13.0,13.0,12.649110640673518,12.649110640673518,12.649110640673518,12.649110640673518,12.649110640673518,12.649110640673518,12.649110640673518,13.0,12.529964086141668,12.083045973594572,12.529964086141668,12.529964086141668,13.038404810405298,12.206555615733702,12.206555615733702,12.806248474865697,13.601470508735444,12.806248474865697,12.806248474865697
1787404915.1315415,-71,0.0,26.92582403567252,26.92582403567252,24.351591323771842,20.248456731316587,16.55294535724685,12.206555615733702,9.433981132056603,7.0,7.615773105863909,9.433981132056603,10.816653826391969,12.083045973594572,13.0,12.649110640673518,13.152946437965905,14.0,14.142135623730951,13.601470508735444,12.083045973594572,10.295630140987,8.602325267042627,7.211102550927978,4.123105625617661,2.23606797749979,3.0,4.123105625617661,0.0,0.0,0.0,0.0,0.0,0.0,0.0,0.0,0.0,0.0,0.0,5.0,4.123105625617661,3.0,1.0,1.0,2.8284271247461903,5.656854249492381,8.48528137423857,11.313708498984761,13.45362404707371,15.0,15.811388300841896,15.652475842498529,15.811388300841896,15.524174696260024,15.297058540778355,14.142135623730951,12.041594578792296,10.198039027185569,7.615773105863909,6.708203932499369,9.055385138137417,13.152946437965905,17.72004514666935,21.540659228538015,23.769728648009426
1787404915.1759331,-69,0.0,25.80697580112788,25.80697580112788,23.021728866442675,19.4164878389476,16.1245154965971,12.083045973594572,9.0,8.54400374531753,8.48528137423857,10.295630140987,11.180339887498949,12.529964086141668,13.038404810405298,12.806248474865697,14.142135623730951,14.422205101855956,15.652475842498529,13.92838827718412,12.36931687685298,12.165525060596439,10.0,8.0,5.0990195135927845,2.8284271247461903,2.23606797749979,3.605551275463989,0.0,0.0,0.0,0.0,0.0,0.0,0.0,0.0,0.0,0.0,0.0,3.605551275463989,4.123105625617661,4.0,2.0,1.0,2.23606797749979,4.123105625617661,7.615773105863909,11.180339887498949,13.416407864998739,15.652475842498529,16.1245154965971,17.204650534085253,17.69180601295413,18.384776310850235,17.029386365926403,14.212670403551895,12.806248474865697,10.63014581273465,8.06225774829855,7.0,8.06225774829855,11.313708498984761,16.401219466856727,20.808652046684813,22.20360331117452
1787404915.2384913,-70,0.0,28.231188426986208,27.85677655436824,25.632011235952593,22.135943621178654,17.46424919657298,13.0,8.54400374531753,7.810249675906654,8.246211251235321,10.04987562112089,11.0,12.041594578792296,13.152946437965905,14.317821063276353,14.866068747318506,15.231546211727817,15.264337522473747,14.212670403551895,14.142135623730951,13.45362404707371,11.40175425099138,10.0,7.0710678118654755,4.242640687119285,2.0,2.23606797749979,0.0,0.0,0.0,0.0,0.0,0.0,0.0,0.0,0.0,0.0,0.0,3.1622776601683795,3.1622776601683795,2.8284271247461903,2.0,1.4142135623730951,3.1622776601683795,6.082762530298219,8.246211251235321,11.704699910719626,13.0,15.652475842498529,17.0,16.64331697709324,15.620499351813308,15.556349186104045,14.866068747318506,12.041594578792296,9.899494936611665,8.48528137423857,5.385164807134504,6.324555320336759,8.48528137423857,12.529964086141668,17.46424919657298,22.360679774997898,25.942243542145693
1787404915.4426894,-81,0.0,16.278820596099706,18.24828759089466,20.615528128088304,22.135943621178654,24.351591323771842,23.08679276123039,22.80350850198276,21.540659228538015,19.235384061671343,16.64331697709324,14.422205101855956,10.295630140987,5.0,5.830951894845301,7.810249675906654,10.0,10.63014581273465,12.083045973594572,13.92838827718412,11.180339887498949,7.0710678118654755,5.0,5.0,6.324555320336759,6.0,4.123105625617661,0.0,0.0,0.0,0.0,0.0,0.0,0.0,0.0,0.0,0.0,0.0,5.385164807134504,5.385164807134504,5.385164807134504,7.211102550927978,9.219544457292887,11.40175425099138,11.661903789690601,11.661903789690601,12.806248474865697,12.206555615733702,12.529964086141668,12.206555615733702,12.041594578792296,13.601470508735444,16.64331697709324,16.64331697709324,17.4928556845359,17.46424919657298,16.76305461424021,16.76305461424021,17.72004514666935,15.811388300841896,13.601470508735444,11.180339887498949,9.055385138137417,8.54400374531753
1787404915.55534,-71,0.0,22.20360331117452,23.021728866442675,21.633307652783937,21.095023109728988,19.235384061671343,18.788294228055936,17.46424919657298,16.15549442140351,13.92838827718412,11.704699910719626,10.770329614269007,9.848857801796104,8.94427190999916,8.602325267042627,7.0710678118654755,5.656854249492381,6.4031242374328485,5.830951894845301,6.324555320336759,6.082762530298219,6.082762530298219,7.0710678118654755,7.0710678118654755,6.324555320336759,6.324555320336759,6.324555320336759,0.0,0.0,0.0,0.0,0.0,0.0,0.0,0.0,0.0,0.0,0.0,4.123105625617661,2.8284271247461903,3.0,4.123105625617661,4.47213595499958,5.385164807134504,5.385164807134504,6.324555320336759,6.324555320336759,7.280109889280518,8.246211251235321,7.280109889280518,7.615773105863909,8.06225774829855,8.602325267042627,9.433981132056603,10.0,12.041594578792296,12.727922061357855,14.142135623730951,14.142135623730951,15.556349186104045,17.69180601295413,19.79898987322333,21.213203435596427,21.2602916254693
1787404916.077572,-83,0.0,22.561028345356956,21.840329667841555,20.8806130178211,19.313207915827967,17.46424919657298,14.7648230602334,13.038404810405298,10.0,7.0710678118654755,5.830951894845301,3.1622776601683795,2.8284271247461903,3.1622776601683795,3.1622776601683795,5.0,5.656854249492381,5.830951894845301,5.830951894845301,5.385164807134504,4.123105625617661,4.0,2.0,1.4142135623730951,1.4142135623730951,2.8284271247461903,4.242640687119285,0.0,0.0,0.0,0.0,0.0,0.0,0.0,0.0,0.0,0.0,0.0,7.0,7.0710678118654755,7.0710678118654755,7.280109889280518,7.280109889280518,7.615773105863909,8.06225774829855,8.602325267042627,9.899494936611665,10.63014581273465,10.816653826391969,11.661903789690601,12.529964086141668,13.416407864998739,13.416407864998739,13.0,13.0,12.36931687685298,11.180339887498949,10.0,9.486832980505138,8.602325267042627,10.0,10.770329614269007,12.36931687685298,14.142135623730951
1787404916.077572,-83,0.0,20.591260281974,20.248456731316587,19.72308292331602,18.601075237738275,16.401219466856727,14.866068747318506,12.727922061357855,10.0,7.615773105863909,6.082762530298219,3.1622776601683795,3.605551275463989,4.0,5.385164807134504,6.708203932499369,7.0710678118654755,7.810249675906654,7.211102550927978,6.708203932499369,5.385164807134504,4.47213595499958,3.1622776601683795,1.4142135623730951,1.4142135623730951,3.605551275463989,4.47213595499958,0.0,0.0,0.0,0.0,0.0,0.0,0.0,0.0,0.0,0.0,0.0,8.602325267042627,8.602325267042627,8.48528137423857,9.219544457292887,9.433981132056603,10.295630140987,10.770329614269007,11.40175425099138,12.165525060596439,12.041594578792296,13.0,13.038404810405298,14.142135623730951,14.560219778561036,14.560219778561036,14.866068747318506,13.0,12.529964086141668,10.816653826391969,9.219544457292887,7.615773105863909,8.0,8.54400374531753,9.433981132056603,12.041594578792296,13.45362404707371
1787404916.2983668,-69,0.0,27.65863337187866,26.90724809414742,24.758836806279895,21.213203435596427,17.029386365926403,12.529964086141668,8.246211251235321,6.324555320336759,7.0710678118654755,8.94427190999916,11.704699910719626,13.0,14.317821063276353,15.652475842498529,16.64331697709324,16.401219466856727,16.278820596099706,14.866068747318506,13.601470508735444,13.038404810405298,10.295630140987,7.211102550927978,3.605551275463989,1.4142135623730951,2.0,4.123105625617661,0.0,0.0,0.0,0.0,0.0,0.0,0.0,0.0,0.0,0.0,0.0,3.605551275463989,1.4142135623730951,1.0,2.0,4.0,6.082762530298219,7.615773105863909,9.848857801796104,11.180339887498949,13.038404810405298,14.212670403551895,14.142135623730951,15.0,14.422205101855956,14.317821063276353,14.866068747318506,13.601470508735444,11.40175425099138,8.54400374531753,6.4031242374328485,6.324555320336759,8.246211251235321,11.661903789690601,16.401219466856727,20.615528128088304,23.430749027719962
1787404916.3622606,-84,0.0,18.788294228055936,16.1245154965971,14.422205101855956,11.40175425099138,9.219544457292887,7.211102550927978,4.47213595499958,3.1622776601683795,2.8284271247461903,3.0,4.123105625617661,4.47213595499958,5.830951894845301,6.4031242374328485,5.656854249492381,7.0710678118654755,7.0710678118654755,5.0,4.242640687119285,3.605551275463989,3.605551275463989,2.0,4.47213595499958,5.385164807134504,5.830951894845301,6.4031242374328485,0.0,0.0,0.0,0.0,0.0,0.0,0.0,0.0,0.0,0.0,0.0,12.529964086141668,13.0,12.649110640673518,12.165525060596439,12.0,13.038404810405298,13.152946437965905,12.649110640673518,13.0,13.416407864998739,13.892443989449804,14.422205101855956,14.212670403551895,14.212670403551895,14.142135623730951,13.45362404707371,13.601470508735444,11.180339887498949,10.44030650891055,10.0,9.486832980505138,10.295630140987,12.041594578792296,14.866068747318506,15.620499351813308,17.204650534085253
1787404916.3916116,-69,0.0,22.847319317591726,23.259406699226016,22.360679774997898,21.95449840010015,21.095023109728988,20.0,17.804493814764857,15.620499351813308,14.212670403551895,13.601470508735444,12.206555615733702,11.661903789690601,11.180339887498949,11.180339887498949,11.180339887498949,10.770329614269007,10.44030650891055,10.44030650891055,10.44030650891055,10.44030650891055,10.198039027185569,10.198039027185569,10.44030650891055,10.44030650891055,9.486832980505138,8.54400374531753,0.0,0.0,0.0,0.0,0.0,0.0,0.0,0.0,0.0,0.0,0.0,9.486832980505138,8.06225774829855,8.06225774829855,8.602325267042627,7.810249675906654,8.602325267042627,9.219544457292887,9.899494936611665,9.899494936611665,9.899494936611665,9.899494936611665,9.219544457292887,10.0,9.433981132056603,10.295630140987,11.180339887498949,10.770329614269007,11.704699910719626,12.649110640673518,14.866068747318506,14.866068747318506,15.811388300841896,16.76305461424021,18.681541692269406,19.924858845171276,20.8806130178211
1787404916.590764,-72,0.0,23.194827009486403,22.360679774997898,22.561028345356956,21.37755832643195,20.615528128088304,18.973665961010276,18.027756377319946,16.15549442140351,13.0,11.704699910719626,10.770329614269007,10.198039027185569,9.219544457292887,8.06225774829855,7.0710678118654755,6.0,6.082762530298219,6.324555320336759,6.708203932499369,7.211102550927978,8.602325267042627,9.433981132056603,9.433981132056603,10.295630140987,10.295630140987,9.848857801796104,0.0,0.0,0.0,0.0,0.0,0.0,0.0,0.0,0.0,0.0,0.0,6.708203932499369,5.830951894845301,5.656854249492381,5.656854249492381,5.830951894845301,6.324555320336759,7.280109889280518,8.246211251235321,9.219544457292887,9.219544457292887,10.198039027185569,10.198039027185569,11.180339887498949,12.041594578792296,13.038404810405298,13.038404810405298,13.152946437965905,14.142135623730951,14.142135623730951,15.132745950421556,16.0312195418814,17.029386365926403,17.029386365926403,19.026297590440446,21.02379604162864,21.02379604162864
1787404916.6264381,-73,0.0,30.14962686336267,29.154759474226502,27.16615541441225,23.08679276123039,18.027756377319946,12.649110640673518,9.219544457292887,9.055385138137417,11.40175425099138,13.0,15.231546211727817,16.15549442140351,15.811388300841896,15.524174696260024,14.142135623730951,13.038404810405298,11.704699910719626,10.63014581273465,11.40175425099138,11.180339887498949,10.770329614269007,9.219544457292887,7.0710678118654755,5.0990195135927845,3.0,1.0,0.0,0.0,0.0,0.0,0.0,0.0,0.0,0.0,0.0,0.0,0.0,2.23606797749979,2.0,3.605551275463989,5.0990195135927845,6.0,6.324555320336759,7.0710678118654755,8.54400374531753,9.219544457292887,10.198039027185569,11.045361017187261,12.165525060596439,13.92838827718412,15.652475842498529,15.264337522473747,14.422205101855956,13.038404810405298,10.295630140987,7.615773105863909,6.0,7.211102550927978,10.816653826391969,14.866068747318506,20.396078054371138,25.495097567963924,28.284271247461902
1787404916.6489882,-73,0.0,31.144823004794873,29.732137494637012,26.870057685088806,22.67156809750927,18.027756377319946,13.0,10.04987562112089,9.219544457292887,11.180339887498949,13.601470508735444,14.560219778561036,14.560219778561036,15.231546211727817,14.7648230602334,13.601470508735444,12.041594578792296,10.770329614269007,11.045361017187261,11.180339887498949,10.770329614269007,11.661903789690601,10.0,7.810249675906654,5.656854249492381,2.8284271247461903,0.0,0.0,0.0,0.0,0.0,0.0,0.0,0.0,0.0,0.0,0.0,0.0,1.0,1.0,3.0,5.0,4.47213595499958,5.830951894845301,6.324555320336759,7.0710678118654755,9.055385138137417,13.0,14.7648230602334,14.422205101855956,13.45362404707371,15.0,15.652475842498529,15.231546211727817,13.0,11.180339887498949,8.602325267042627,7.211102550927978,8.0,11.180339887498949,16.64331697709324,22.20360331117452,26.248809496813376,29.732137494637012
1787404916.662015,-73,0.0,31.575306807693888,30.59411708155671,27.65863337187866,23.769728648009426,18.384776310850235,12.041594578792296,8.246211251235321,8.54400374531753,11.313708498984761,14.212670403551895,16.401219466856727,17.804493814764857,16.278820596099706,15.620499351813308,15.264337522473747,13.92838827718412,12.165525060596439,11.180339887498949,11.180339887498949,10.816653826391969,10.0,9.219544457292887,6.4031242374328485,3.605551275463989,1.0,1.0,0.0,0.0,0.0,0.0,0.0,0.0,0.0,0.0,0.0,0.0,0.0,3.1622776601683795,2.0,3.605551275463989,5.385164807134504,4.0,3.1622776601683795,5.656854249492381,9.433981132056603,12.083045973594572,13.601470508735444,15.297058540778355,17.029386365926403,17.029386365926403,16.278820596099706,16.278820596099706,17.46424919657298,15.811388300841896,12.649110640673518,9.055385138137417,7.280109889280518,8.48528137423857,11.40175425099138,16.0312195418814,22.0,27.018512172212592,30.066592756745816
1787404916.6773238,-73,0.0,34.48187929913333,32.57299494980466,29.120439557122072,23.53720459187964,18.110770276274835,13.038404810405298,8.602325267042627,8.246211251235321,10.04987562112089,12.36931687685298,14.560219778561036,15.297058540778355,15.132745950421556,15.033296378372908,14.035668847618199,13.0,12.206555615733702,12.206555615733702,12.083045973594572,12.36931687685298,12.041594578792296,11.0,8.0,5.0990195135927845,2.23606797749979,1.0,0.0,0.0,0.0,0.0,0.0,0.0,0.0,0.0,0.0,0.0,0.0,2.23606797749979,2.23606797749979,3.1622776601683795,4.123105625617661,5.385164807134504,5.830951894845301,7.0710678118654755,8.94427190999916,10.198039027185569,12.0,14.0,15.132745950421556,16.15549442140351,17.0,16.64331697709324,15.811388300841896,15.0,13.601470508735444,11.180339887498949,9.055385138137417,8.94427190999916,12.727922061357855,18.027756377319946,23.706539182259394,29.154759474226502,31.953090617340916
1787404916.6773238,-72,0.0,23.706539182259394,23.706539182259394,23.259406699226016,22.847319317591726,21.540659228538015,20.248456731316587,17.72004514666935,15.811388300841896,14.866068747318506,13.0,12.083045973594572,11.180339887498949,10.295630140987,9.433981132056603,8.602325267042627,8.602325267042627,7.0710678118654755,7.211102550927978,6.708203932499369,7.615773105863909,7.615773105863909,8.54400374531753,8.94427190999916,8.06225774829855,7.615773105863909,6.708203932499369,0.0,0.0,0.0,0.0,0.0,0.0,0.0,0.0,0.0,0.0,0.0,3.1622776601683795,2.23606797749979,2.23606797749979,2.23606797749979,3.0,4.123105625617661,5.385164807134504,6.324555320336759,6.324555320336759,6.324555320336759,7.615773105863909,7.615773105863909,8.54400374531753,9.848857801796104,11.180339887498949,12.529964086141668,13.038404810405298,13.892443989449804,15.264337522473747,15.264337522473747,16.64331697709324,17.204650534085253,18.027756377319946,19.4164878389476,21.633307652783937,21.095023109728988
1787404917.6281314,-70,0.0,25.80697580112788,24.413111231467404,21.400934559032695,18.439088914585774,14.142135623730951,8.602325267042627,4.0,4.47213595499958,7.0,10.04987562112089,13.0,15.0,16.0312195418814,17.26267650163207,18.439088914585774,18.681541692269406,18.384776310850235,17.88854381999832,18.35755975068582,16.1245154965971,13.892443989449804,11.661903789690601,8.06225774829855,4.47213595499958,1.0,2.23606797749979,0.0,0.0,0.0,0.0,0.0,0.0,0.0,0.0,0.0,0.0,0.0,6.324555320336759,5.385164807134504,4.123105625617661,1.0,2.0,5.0,8.06225774829855,11.045361017187261,13.038404810405298,15.033296378372908,16.0312195418814,16.1245154965971,15.297058540778355,15.297058540778355,13.341664064126334,12.649110640673518,11.40175425099138,8.246211251235321,5.0990195135927845,3.605551275463989,5.0,9.486832980505138,13.416407864998739,17.4928556845359,21.95449840010015,25.553864678361276
1787404917.6441596,-70,0.0,27.018512172212592,26.248809496813376,24.08318915758459,20.518284528683193,16.278820596099706,10.816653826391969,5.385164807134504,2.8284271247461903,5.0,8.246211251235321,10.198039027185569,13.038404810405298,15.0,16.0312195418814,17.11724276862369,17.46424919657298,17.72004514666935,17.08800749063506,16.15549442140351,15.231546211727817,12.529964086141668,10.295630140987,6.708203932499369,3.1622776601683795,0.0,2.8284271247461903,0.0,0.0,0.0,0.0,0.0,0.0,0.0,0.0,0.0,0.0,0.0,6.324555320336759,5.0,3.1622776601683795,2.8284271247461903,2.23606797749979,4.47213595499958,7.280109889280518,10.44030650891055,12.36931687685298,14.317821063276353,15.297058540778355,15.132745950421556,15.132745950421556,15.033296378372908,13.038404810405298,11.045361017187261,9.055385138137417,8.0,5.385164807134504,4.47213595499958,6.082762530298219,9.848857801796104,14.422205101855956,19.4164878389476,22.80350850198276,25.612496949731394
1787404917.6712587,-69,0.0,27.313000567495326,26.0,23.769728648009426,19.697715603592208,15.264337522473747,10.63014581273465,5.830951894845301,4.123105625617661,5.830951894845301,9.219544457292887,12.36931687685298,14.866068747318506,16.15549442140351,17.88854381999832,18.35755975068582,18.867962264113206,18.601075237738275,18.439088914585774,17.69180601295413,16.278820596099706,14.142135623730951,11.313708498984761,7.810249675906654,4.47213595499958,2.23606797749979,3.0,0.0,0.0,0.0,0.0,0.0,0.0,0.0,0.0,0.0,0.0,0.0,6.708203932499369,5.385164807134504,3.1622776601683795,1.4142135623730951,1.4142135623730951,4.123105625617661,7.280109889280518,9.486832980505138,11.40175425099138,13.601470508735444,15.811388300841896,16.15549442140351,16.55294535724685,14.7648230602334,13.892443989449804,12.529964086141668,10.816653826391969,8.06225774829855,5.385164807134504,2.23606797749979,4.0,8.246211251235321,12.649110640673518,16.76305461424021,21.18962010041709,24.698178070456937
1787404918.1667757,-87,0.0,16.0312195418814,15.033296378372908,16.0312195418814,16.0312195418814,16.1245154965971,16.1245154965971,17.11724276862369,17.26267650163207,17.26267650163207,17.26267650163207,17.26267650163207,15.524174696260024,14.560219778561036,13.92838827718412,12.083045973594572,10.295630140987,8.94427190999916,7.615773105863909,6.324555320336759,6.324555320336759,6.082762530298219,6.0,5.0,6.082762530298219,6.082762530298219,5.385164807134504,0.0,0.0,0.0,0.0,0.0,0.0,0.0,0.0,0.0,0.0,0.0,5.0990195135927845,5.0,5.0990195135927845,4.0,3.1622776601683795,2.23606797749979,2.23606797749979,3.0,5.0990195135927845,5.385164807134504,6.708203932499369,8.06225774829855,8.94427190999916,9.433981132056603,10.295630140987,10.0,11.40175425099138,12.206555615733702,12.206555615733702,11.661903789690601,11.661903789690601,11.661903789690601,11.180339887498949,12.083045973594572,13.0,12.36931687685298
1787404918.5331118,-71,0.0,18.027756377319946,18.867962264113206,19.4164878389476,18.027756377319946,17.4928556845359,17.4928556845359,16.55294535724685,14.317821063276353,13.0,11.704699910719626,9.848857801796104,8.94427190999916,8.06225774829855,7.810249675906654,7.810249675906654,7.810249675906654,7.810249675906654,7.211102550927978,8.06225774829855,7.615773105863909,8.06225774829855,8.94427190999916,8.94427190999916,8.06225774829855,7.615773105863909,8.06225774829855,0.0,0.0,0.0,0.0,0.0,0.0,0.0,0.0,0.0,0.0,0.0,3.1622776601683795,4.123105625617661,4.47213595499958,5.830951894845301,5.830951894845301,7.211102550927978,7.810249675906654,7.810249675906654,8.06225774829855,8.94427190999916,8.94427190999916,8.94427190999916,9.433981132056603,10.0,10.0,12.206555615733702,12.206555615733702,13.601470508735444,15.0,15.811388300841896,15.811388300841896,16.64331697709324,16.64331697709324,16.64331697709324,16.64331697709324,16.64331697709324
1787404918.545063,-71,0.0,20.518284528683193,20.518284528683193,20.518284528683193,19.79898987322333,19.1049731745428,19.209372712298546,17.204650534085253,15.811388300841896,13.601470508735444,12.206555615733702,11.40175425099138,9.899494936611665,9.219544457292887,9.219544457292887,8.602325267042627,8.602325267042627,8.94427190999916,8.54400374531753,8.54400374531753,8.54400374531753,8.94427190999916,9.848857801796104,9.848857801796104,9.848857801796104,8.94427190999916,8.94427190999916,0.0,0.0,0.0,0.0,0.0,0.0,0.0,0.0,0.0,0.0,0.0,4.47213595499958,5.830951894845301,6.4031242374328485,7.0710678118654755,7.0710678118654755,7.810249675906654,8.48528137423857,9.219544457292887,9.899494936611665,10.63014581273465,11.40175425099138,11.40175425099138,11.40175425099138,12.041594578792296,12.806248474865697,13.601470508735444,14.422205101855956,15.0,15.620499351813308,17.029386365926403,17.69180601295413,17.69180601295413,17.69180601295413,18.384776310850235,19.79898987322333,19.1049731745428
1787404918.5468073,-71,0.0,20.396078054371138,20.396078054371138,20.396078054371138,19.4164878389476,19.235384061671343,19.1049731745428,18.027756377319946,16.0312195418814,14.035668847618199,13.038404810405298,12.041594578792296,11.180339887498949,9.486832980505138,9.486832980505138,9.486832980505138,8.94427190999916,8.602325267042627,9.219544457292887,9.219544457292887,9.219544457292887,9.219544457292887,10.0,10.0,10.0,9.433981132056603,9.433981132056603,0.0,0.0,0.0,0.0,0.0,0.0,0.0,0.0,0.0,0.0,0.0,5.0,6.0,6.082762530298219,7.280109889280518,7.280109889280518,8.246211251235321,9.219544457292887,9.219544457292887,9.219544457292887,10.198039027185569,11.180339887498949,11.180339887498949,10.198039027185569,11.40175425099138,12.36931687685298,13.341664064126334,13.341664064126334,13.92838827718412,15.811388300841896,16.76305461424021,18.681541692269406,18.439088914585774,18.24828759089466,18.24828759089466,19.4164878389476,19.4164878389476
1787404918.8331451,-71,0.0,22.627416997969522,21.93171219946131,21.2602916254693,21.400934559032695,20.0,19.209372712298546,17.204650534085253,15.811388300841896,13.601470508735444,12.806248474865697,12.806248474865697,10.63014581273465,9.899494936611665,9.219544457292887,8.602325267042627,6.708203932499369,5.385164807134504,6.082762530298219,7.0710678118654755,6.082762530298219,7.0,8.0,8.0,8.0,8.0,7.0,0.0,0.0,0.0,0.0,0.0,0.0,0.0,0.0,0.0,0.0,0.0,6.324555320336759,5.0990195135927845,4.123105625617661,4.0,4.123105625617661,4.47213595499958,5.830951894845301,7.211102550927978,8.06225774829855,8.06225774829855,8.602325267042627,10.0,9.899494936611665,11.313708498984761,12.041594578792296,12.727922061357855,12.727922061357855,14.142135623730951,14.866068747318506,16.278820596099706,17.029386365926403,17.69180601295413,19.1049731745428,19.1049731745428,20.518284528683193,21.213203435596427
1787404918.942027,-68,0.0,19.235384061671343,19.72308292331602,19.72308292331602,19.4164878389476,17.804493814764857,17.029386365926403,16.278820596099706,14.142135623730951,12.806248474865697,12.041594578792296,11.313708498984761,9.899494936611665,9.219544457292887,8.48528137423857,7.810249675906654,6.4031242374328485,5.830951894845301,6.324555320336759,6.082762530298219,7.0710678118654755,7.0710678118654755,7.280109889280518,7.280109889280518,6.324555320336759,6.708203932499369,6.708203932499369,0.0,0.0,0.0,0.0,0.0,0.0,0.0,0.0,0.0,0.0,0.0,5.0,5.830951894845301,6.4031242374328485,5.0,3.0,4.0,5.0,6.0,6.0,8.246211251235321,9.219544457292887,10.198039027185569,10.770329614269007,12.083045973594572,13.038404810405298,15.297058540778355,13.341664064126334,10.198039027185569,9.0,10.770329614269007,13.92838827718412,15.524174696260024,15.524174696260024,18.681541692269406,19.924858845171276,19.313207915827967
1787404919.0533397,-72,0.0,23.194827009486403,23.345235059857504,21.587033144922902,20.615528128088304,19.6468827043885,18.973665961010276,17.08800749063506,14.866068747318506,13.601470508735444,11.704699910719626,10.44030650891055,8.246211251235321,7.0710678118654755,7.0,7.0710678118654755,6.324555320336759,6.4031242374328485,7.0710678118654755,7.810249675906654,8.48528137423857,9.899494936611665,10.63014581273465,10.0,9.433981132056603,9.433981132056603,8.602325267042627,0.0,0.0,0.0,0.0,0.0,0.0,0.0,0.0,0.0,0.0,0.0,5.0990195135927845,4.123105625617661,2.23606797749979,2.8284271247461903,3.1622776601683795,4.123105625617661,6.082762530298219,7.280109889280518,8.246211251235321,8.54400374531753,8.54400374531753,8.54400374531753,8.54400374531753,9.486832980505138,10.198039027185569,10.04987562112089,11.045361017187261,12.041594578792296,13.038404810405298,14.035668847618199,15.033296378372908,16.0,17.029386365926403,19.026297590440446,22.0,22.0
1787404919.5530062,-69,0.0,21.470910553583888,20.12461179749811,19.697715603592208,19.697715603592208,18.384776310850235,17.08800749063506,15.811388300841896,14.866068747318506,13.92838827718412,13.0,12.083045973594572,11.180339887498949,10.295630140987,9.433981132056603,9.433981132056603,8.602325267042627,8.48528137423857,7.810249675906654,8.06225774829855,8.94427190999916,8.94427190999916,10.295630140987,10.816653826391969,10.816653826391969,10.816653826391969,10.0,0.0,0.0,0.0,0.0,0.0,0.0,0.0,0.0,0.0,0.0,0.0,4.0,4.0,4.123105625617661,5.385164807134504,6.708203932499369,6.708203932499369,7.615773105863909,8.94427190999916,9.486832980505138,9.486832980505138,9.486832980505138,9.848857801796104,9.848857801796104,10.295630140987,10.816653826391969,12.206555615733702,13.038404810405298,13.038404810405298,13.038404810405298,14.422205101855956,15.0,15.811388300841896,17.204650534085253,18.027756377319946,19.72308292331602,20.248456731316587
1787404919.6552184,-68,0.0,22.135943621178654,22.135943621178654,21.840329667841555,21.587033144922902,21.587033144922902,20.396078054371138,18.24828759089466,17.26267650163207,15.132745950421556,14.142135623730951,13.152946437965905,12.36931687685298,12.36931687685298,11.40175425099138,10.770329614269007,9.848857801796104,8.94427190999916,8.602325267042627,7.810249675906654,8.48528137423857,8.48528137423857,9.219544457292887,9.219544457292887,9.219544457292887,9.219544457292887,8.48528137423857,0.0,0.0,0.0,0.0,0.0,0.0,0.0,0.0,0.0,0.0,0.0,6.324555320336759,6.082762530298219,6.082762530298219,6.0,6.082762530298219,7.0710678118654755,8.246211251235321,9.219544457292887,9.219544457292887,10.198039027185569,10.198039027185569,11.180339887498949,11.40175425099138,10.770329614269007,11.704699910719626,12.649110640673518,13.92838827718412,14.866068747318506,16.15549442140351,16.15549442140351,16.55294535724685,17.46424919657298,18.788294228055936,20.615528128088304,21.540659228538015,21.18962010041709
1787404919.6552184,-79,0.0,24.020824298928627,25.179356624028344,26.019223662515376,27.018512172212592,25.0,23.08679276123039,21.213203435596427,18.110770276274835,13.038404810405298,11.045361017187261,9.0,7.0710678118654755,3.0,0.0,3.1622776601683795,5.830951894845301,6.4031242374328485,7.810249675906654,8.602325267042627,10.0,11.40175425099138,11.40175425099138,11.661903789690601,10.816653826391969,9.899494936611665,10.0,0.0,0.0,0.0,0.0,0.0,0.0,0.0,0.0,0.0,0.0,0.0,12.083045973594572,9.848857801796104,8.06225774829855,6.4031242374328485,4.47213595499958,2.23606797749979,1.0,2.0,3.0,4.0,6.082762530298219,8.246211251235321,10.44030650891055,11.704699910719626,13.0,13.416407864998739,11.661903789690601,10.63014581273465,9.899494936611665,10.63014581273465,8.06225774829855,5.0,2.8284271247461903,5.385164807134504,8.06225774829855,11.045361017187261
1787404919.7341921,-69,0.0,29.154759474226502,29.154759474226502,26.40075756488817,22.360679774997898,18.027756377319946,12.727922061357855,7.615773105863909,6.324555320336759,7.810249675906654,10.295630140987,13.416407864998739,14.317821063276353,16.1245154965971,16.64331697709324,17.029386365926403,16.97056274847714,17.029386365926403,15.811388300841896,13.416407864998739,12.649110640673518,12.165525060596439,9.055385138137417,5.0,2.23606797749979,1.0,1.0,0.0,0.0,0.0,0.0,0.0,0.0,0.0,0.0,0.0,0.0,0.0,2.23606797749979,3.0,3.1622776601683795,2.8284271247461903,3.1622776601683795,3.1622776601683795,4.242640687119285,7.211102550927978,8.94427190999916,11.180339887498949,11.704699910719626,12.36931687685298,12.165525060596439,12.0,12.165525060596439,12.36931687685298,11.180339887498949,9.055385138137417,7.0,5.0,6.324555320336759,10.04987562112089,14.317821063276353,20.248456731316587,24.698178070456937,26.92582403567252
1787404919.7489367,-70,0.0,22.090722034374522,22.090722034374522,23.08679276123039,22.0,21.02379604162864,19.1049731745428,18.110770276274835,16.278820596099706,14.317821063276353,13.152946437965905,12.041594578792296,11.0,11.0,10.0,10.04987562112089,9.055385138137417,8.246211251235321,7.280109889280518,7.615773105863909,7.211102550927978,8.06225774829855,8.06225774829855,8.06225774829855,8.06225774829855,8.54400374531753,8.06225774829855,0.0,0.0,0.0,0.0,0.0,0.0,0.0,0.0,0.0,0.0,0.0,4.47213595499958,5.0,5.0,4.47213595499958,5.385164807134504,6.082762530298219,6.324555320336759,7.280109889280518,7.280109889280518,7.615773105863909,7.615773105863909,7.280109889280518,6.082762530298219,7.0,8.06225774829855,9.055385138137417,10.04987562112089,11.045361017187261,12.165525060596439,12.36931687685298,13.341664064126334,14.560219778561036,16.76305461424021,18.973665961010276,20.8806130178211,21.587033144922902
1787404919.861012,-72,0.0,23.08679276123039,24.08318915758459,24.186773244895647,23.53720459187964,21.587033144922902,19.6468827043885,17.72004514666935,15.811388300841896,14.866068747318506,14.866068747318506,13.0,12.36931687685298,12.36931687685298,11.40175425099138,10.198039027185569,10.04987562112089,10.0,9.219544457292887,8.54400374531753,8.54400374531753,8.54400374531753,8.54400374531753,8.54400374531753,8.54400374531753,8.54400374531753,9.486832980505138,0.0,0.0,0.0,0.0,0.0,0.0,0.0,0.0,0.0,0.0,0.0,5.385164807134504,4.242640687119285,3.605551275463989,3.605551275463989,4.47213595499958,5.0,6.708203932499369,8.54400374531753,8.94427190999916,9.433981132056603,8.54400374531753,8.246211251235321,8.54400374531753,9.486832980505138,9.219544457292887,11.045361017187261,13.038404810405298,14.035668847618199,14.035668847618199,15.033296378372908,15.033296378372908,16.0312195418814,18.027756377319946,20.024984394500787,21.0,23.0
1787404919.967403,-69,0.0,20.518284528683193,20.518284528683193,20.615528128088304,21.400934559032695,20.808652046684813,19.4164878389476,18.867962264113206,17.4928556845359,15.264337522473747,14.422205101855956,13.892443989449804,13.038404810405298,13.038404810405298,12.529964086141668,11.661903789690601,10.0,10.63014581273465,9.899494936611665,9.219544457292887,9.219544457292887,10.0,10.816653826391969,10.816653826391969,10.816653826391969,10.0,9.899494936611665,0.0,0.0,0.0,0.0,0.0,0.0,0.0,0.0,0.0,0.0,0.0,7.615773105863909,6.708203932499369,5.385164807134504,6.0,6.082762530298219,6.082762530298219,7.280109889280518,8.06225774829855,8.06225774829855,9.055385138137417,9.055385138137417,9.0,8.06225774829855,8.246211251235321,8.54400374531753,8.06225774829855,8.06225774829855,8.602325267042627,10.0,11.40175425099138,12.041594578792296,13.45362404707371,14.866068747318506,15.556349186104045,16.97056274847714,17.69180601295413
1787404920.0940852,-88,0.0,19.026297590440446,19.026297590440446,20.0,20.024984394500787,19.1049731745428,17.26267650163207,16.492422502470642,15.231546211727817,14.317821063276353,12.529964086141668,11.180339887498949,10.295630140987,8.246211251235321,8.0,9.219544457292887,10.770329614269007,13.038404810405298,13.601470508735444,15.0,15.811388300841896,15.620499351813308,15.0,15.0,14.422205101855956,13.601470508735444,13.038404810405298,0.0,0.0,0.0,0.0,0.0,0.0,0.0,0.0,0.0,0.0,0.0,14.560219778561036,13.92838827718412,11.661903789690601,10.63014581273465,10.816653826391969,9.486832980505138,10.0,11.045361017187261,12.36931687685298,13.601470508735444,12.649110640673518,12.649110640673518,11.40175425099138,11.045361017187261,12.0,10.198039027185569,10.295630140987,10.816653826391969,10.63014581273465,10.63014581273465,9.219544457292887,8.48528137423857,7.810249675906654,6.4031242374328485,6.324555320336759,7.0710678118654755
1787404920.159176,-71,0.0,20.248456731316587,20.591260281974,21.470910553583888,20.615528128088304,20.248456731316587,18.973665961010276,17.72004514666935,16.492422502470642,14.317821063276353,12.36931687685298,11.40175425099138,9.486832980505138,8.94427190999916,8.94427190999916,8.06225774829855,7.211102550927978,7.810249675906654,7.0710678118654755,7.211102550927978,8.06225774829855,8.06225774829855,8.06225774829855,8.602325267042627,8.602325267042627,8.602325267042627,7.810249675906654,0.0,0.0,0.0,0.0,0.0,0.0,0.0,0.0,0.0,0.0,0.0,4.47213595499958,5.385164807134504,5.0,4.123105625617661,5.385164807134504,6.708203932499369,7.615773105863909,8.54400374531753,9.486832980505138,10.198039027185569,10.198039027185569,10.198039027185569,10.44030650891055,11.40175425099138,10.770329614269007,10.770329614269007,11.704699910719626,13.416407864998739,14.7648230602334,14.7648230602334,14.7648230602334,14.422205101855956,15.264337522473747,16.1245154965971,18.027756377319946,18.027756377319946
1787404920.6334908,-78,0.0,17.0,13.892443989449804,12.041594578792296,10.816653826391969,9.848857801796104,11.180339887498949,12.083045973594572,12.649110640673518,11.180339887498949,9.055385138137417,7.0,7.0,5.0990195135927845,5.0,7.211102550927978,8.94427190999916,10.0,11.313708498984761,12.727922061357855,14.866068747318506,13.601470508735444,11.661903789690601,11.180339887498949,10.770329614269007,10.770329614269007,13.416407864998739,0.0,0.0,0.0,0.0,0.0,0.0,0.0,0.0,0.0,0.0,0.0,13.601470508735444,13.341664064126334,13.152946437965905,15.0,15.033296378372908,15.297058540778355,14.866068747318506,13.0,10.44030650891055,8.06225774829855,8.06225774829855,9.848857801796104,12.529964086141668,16.1245154965971,17.88854381999832,18.788294228055936,18.788294228055936,18.788294228055936,18.788294228055936,19.235384061671343,21.95449840010015,23.323807579381203,23.706539182259394,23.259406699226016,22.825424421026653,22.825424421026653
1787404920.7286112,-79,0.0,15.231546211727817,14.317821063276353,12.083045973594572,8.54400374531753,5.385164807134504,2.0,4.47213595499958,8.06225774829855,10.816653826391969,12.041594578792296,12.041594578792296,10.63014581273465,9.219544457292887,9.433981132056603,9.848857801796104,10.198039027185569,12.041594578792296,14.035668847618199,15.033296378372908,16.492422502470642,16.55294535724685,15.811388300841896,14.212670403551895,11.313708498984761,9.433981132056603,8.06225774829855,0.0,0.0,0.0,0.0,0.0,0.0,0.0,0.0,0.0,0.0,0.0,13.341664064126334,13.038404810405298,12.041594578792296,12.165525060596439,12.165525060596439,11.045361017187261,10.0,10.0,10.04987562112089,9.219544457292887,7.615773105863909,7.810249675906654,10.295630140987,12.529964086141668,13.892443989449804,15.652475842498529,17.46424919657298,18.788294228055936,17.46424919657298,16.55294535724685,13.92838827718412,14.142135623730951,15.0,15.132745950421556,15.297058540778355,14.866068747318506
1787404920.7660294,-69,0.0,28.460498941515414,27.51363298439521,25.298221281347036,21.18962010041709,16.492422502470642,12.0,8.54400374531753,7.211102550927978,9.055385138137417,12.041594578792296,13.152946437965905,15.132745950421556,16.1245154965971,17.029386365926403,17.0,17.11724276862369,15.524174696260024,14.866068747318506,13.416407864998739,11.180339887498949,9.433981132056603,6.708203932499369,4.47213595499958,2.0,2.0,4.123105625617661,0.0,0.0,0.0,0.0,0.0,0.0,0.0,0.0,0.0,0.0,0.0,4.123105625617661,3.1622776601683795,2.8284271247461903,1.0,2.23606797749979,3.1622776601683795,6.324555320336759,8.94427190999916,11.180339887498949,13.416407864998739,14.7648230602334,15.264337522473747,15.0,13.45362404707371,13.45362404707371,12.806248474865697,11.40175425099138,8.48528137423857,5.830951894845301,5.0990195135927845,7.0710678118654755,10.295630140987,15.231546211727817,21.18962010041709,25.298221281347036,26.570660511172846
1787404920.8074725,-70,0.0,28.861739379323623,27.65863337187866,24.515301344262525,20.615528128088304,16.76305461424021,12.083045973594572,7.0710678118654755,5.0,7.810249675906654,10.816653826391969,12.206555615733702,13.601470508735444,15.0,15.620499351813308,16.278820596099706,14.866068747318506,13.892443989449804,13.416407864998739,12.649110640673518,11.180339887498949,9.055385138137417,6.082762530298219,4.123105625617661,1.0,2.0,5.0,0.0,0.0,0.0,0.0,0.0,0.0,0.0,0.0,0.0,0.0,0.0,2.23606797749979,1.0,2.23606797749979,2.0,2.8284271247461903,5.385164807134504,8.06225774829855,11.045361017187261,14.035668847618199,16.0312195418814,16.0312195418814,16.0,16.1245154965971,15.297058540778355,14.317821063276353,13.601470508735444,11.704699910719626,9.219544457292887,7.0,6.4031242374328485,7.280109889280518,12.0,16.1245154965971,20.396078054371138,24.73863375370596,26.92582403567252
1787404920.823939,-70,0.0,31.144823004794873,29.0,25.495097567963924,21.93171219946131,17.69180601295413,11.661903789690601,7.0710678118654755,5.656854249492381,9.219544457292887,12.041594578792296,15.033296378372908,16.1245154965971,18.24828759089466,18.439088914585774,17.72004514666935,17.46424919657298,17.0,15.811388300841896,14.212670403551895,12.727922061357855,10.63014581273465,7.810249675906654,5.0,2.0,3.0,5.0,0.0,0.0,0.0,0.0,0.0,0.0,0.0,0.0,0.0,0.0,0.0,3.1622776601683795,2.23606797749979,1.4142135623730951,0.0,2.23606797749979,5.0,8.06225774829855,11.661903789690601,13.892443989449804,16.1245154965971,17.88854381999832,18.384776310850235,18.027756377319946,18.439088914585774,17.26267650163207,14.142135623730951,12.041594578792296,9.055385138137417,7.615773105863909,5.830951894845301,7.280109889280518,11.661903789690601,16.401219466856727,21.2602916254693,26.1725046566048,29.0
1787404920.8549993,-70,0.0,27.459060435491963,26.476404589747453,23.345235059857504,20.396078054371138,16.492422502470642,12.083045973594572,7.0710678118654755,5.0,7.211102550927978,9.219544457292887,12.806248474865697,13.45362404707371,14.866068747318506,14.866068747318506,15.0,14.7648230602334,13.92838827718412,13.341664064126334,12.165525060596439,11.045361017187261,9.0,7.0,3.0,0.0,3.1622776601683795,4.123105625617661,0.0,0.0,0.0,0.0,0.0,0.0,0.0,0.0,0.0,0.0,0.0,2.23606797749979,1.0,1.4142135623730951,1.0,2.8284271247461903,4.47213595499958,7.280109889280518,11.180339887498949,13.152946437965905,15.132745950421556,16.1245154965971,16.0312195418814,16.0,15.132745950421556,14.317821063276353,13.601470508735444,11.40175425099138,9.219544457292887,7.0710678118654755,5.0,7.280109889280518,11.0,15.132745950421556,20.396078054371138,23.53720459187964,26.68332812825267
1787404920.8549993,-70,0.0,28.861739379323623,26.476404589747453,24.515301344262525,20.615528128088304,16.76305461424021,11.661903789690601,6.4031242374328485,5.0990195135927845,7.0710678118654755,10.0,12.529964086141668,14.422205101855956,15.811388300841896,16.401219466856727,15.620499351813308,15.556349186104045,15.0,14.7648230602334,13.0,11.704699910719626,9.219544457292887,7.280109889280518,3.1622776601683795,1.0,3.0,5.0,0.0,0.0,0.0,0.0,0.0,0.0,0.0,0.0,0.0,0.0,0.0,3.1622776601683795,2.0,2.23606797749979,2.23606797749979,3.605551275463989,5.385164807134504,8.06225774829855,11.045361017187261,14.0,16.0,17.0,17.029386365926403,16.278820596099706,15.524174696260024,14.866068747318506,13.0,11.704699910719626,9.486832980505138,6.0,5.656854249492381,8.246211251235321,11.0,16.278820596099706,20.396078054371138,24.515301344262525,27.892651361962706
1787404920.960165,-77,0.0,14.866068747318506,11.313708498984761,5.830951894845301,2.23606797749979,1.0,4.0,8.06225774829855,11.180339887498949,12.165525060596439,14.560219778561036,15.231546211727817,16.55294535724685,16.55294535724685,16.55294535724685,15.231546211727817,13.92838827718412,12.36931687685298,9.0,6.082762530298219,5.830951894845301,4.47213595499958,5.0990195135927845,5.830951894845301,8.602325267042627,9.899494936611665,10.63014581273465,0.0,0.0,0.0,0.0,0.0,0.0,0.0,0.0,0.0,0.0,0.0,2.23606797749979,5.0,7.280109889280518,10.0,13.601470508735444,13.601470508735444,12.649110640673518,13.0,12.083045973594572,11.40175425099138,10.04987562112089,6.324555320336759,5.385164807134504,6.0,4.0,1.4142135623730951,5.656854249492381,5.656854249492381,7.810249675906654,14.866068747318506,20.0,22.80350850198276,24.08318915758459,24.839484696748443,24.758836806279895,25.45584412271571
1787404921.0455456,-72,0.0,13.0,15.033296378372908,17.26267650163207,18.439088914585774,20.396078054371138,21.213203435596427,21.095023109728988,20.024984394500787,19.0,17.0,16.0312195418814,14.035668847618199,13.152946437965905,12.36931687685298,11.704699910719626,10.770329614269007,9.848857801796104,10.0,11.313708498984761,12.727922061357855,12.727922061357855,13.601470508735444,13.892443989449804,14.866068747318506,14.317821063276353,14.035668847618199,0.0,0.0,0.0,0.0,0.0,0.0,0.0,0.0,0.0,0.0,0.0,12.083045973594572,12.649110640673518,12.165525060596439,12.041594578792296,12.165525060596439,12.165525060596439,11.180339887498949,10.04987562112089,10.0,12.041594578792296,13.152946437965905,13.341664064126334,13.152946437965905,13.152946437965905,13.341664064126334,13.341664064126334,13.92838827718412,14.317821063276353,14.7648230602334,16.64331697709324,17.4928556845359,17.0,17.0,14.7648230602334,12.806248474865697,12.041594578792296
1787404921.2678862,-71,0.0,10.04987562112089,11.180339887498949,13.601470508735444,16.15549442140351,17.08800749063506,18.027756377319946,17.72004514666935,16.492422502470642,15.524174696260024,13.601470508735444,12.649110640673518,11.40175425099138,10.44030650891055,8.06225774829855,6.4031242374328485,4.47213595499958,5.0,8.0,10.0,11.180339887498949,12.165525060596439,12.165525060596439,13.0,12.529964086141668,11.661903789690601,10.816653826391969,0.0,0.0,0.0,0.0,0.0,0.0,0.0,0.0,0.0,0.0,0.0,12.041594578792296,14.866068747318506,15.652475842498529,11.661903789690601,9.433981132056603,8.602325267042627,8.48528137423857,7.810249675906654,9.486832980505138,8.246211251235321,6.082762530298219,8.0,10.44030650891055,13.0,15.652475842498529,16.55294535724685,18.384776310850235,19.697715603592208,20.248456731316587,21.18962010041709,19.924858845171276,17.72004514666935,15.811388300841896,13.0,10.295630140987,9.219544457292887
1787404921.5841415,-68,0.0,28.178005607210743,27.730849247724095,24.596747752497688,20.12461179749811,15.652475842498529,10.198039027185569,6.324555320336759,6.4031242374328485,7.0710678118654755,9.0,12.041594578792296,14.035668847618199,16.0312195418814,18.110770276274835,17.11724276862369,16.278820596099706,15.811388300841896,14.7648230602334,13.601470508735444,12.041594578792296,10.63014581273465,8.48528137423857,5.656854249492381,2.8284271247461903,1.0,0.0,0.0,0.0,0.0,0.0,0.0,0.0,0.0,0.0,0.0,0.0,0.0,4.47213595499958,3.605551275463989,3.0,1.0,2.0,5.0,7.615773105863909,10.295630140987,12.529964086141668,14.317821063276353,15.652475842498529,16.1245154965971,16.401219466856727,16.278820596099706,16.278820596099706,15.556349186104045,12.727922061357855,10.0,7.615773105863909,7.0710678118654755,8.602325267042627,11.40175425099138,16.1245154965971,20.12461179749811,24.596747752497688,25.942243542145693
1787404921.6553423,-75,0.0,14.142135623730951,14.142135623730951,13.152946437965905,13.038404810405298,13.038404810405298,12.36931687685298,11.704699910719626,12.083045973594572,12.529964086141668,13.038404810405298,11.661903789690601,9.433981132056603,6.4031242374328485,4.47213595499958,4.0,4.123105625617661,5.0,5.656854249492381,9.219544457292887,12.041594578792296,13.038404810405298,13.92838827718412,13.0,10.295630140987,4.0,7.211102550927978,0.0,0.0,0.0,0.0,0.0,0.0,0.0,0.0,0.0,0.0,0.0,17.69180601295413,20.248456731316587,22.135943621178654,21.37755832643195,19.1049731745428,17.0,14.0,11.045361017187261,9.486832980505138,9.433981132056603,8.602325267042627,9.848857801796104,11.40175425099138,13.152946437965905,16.0312195418814,19.0,20.0,21.0,21.02379604162864,20.223748416156685,19.235384061671343,18.110770276274835,14.0,11.40175425099138,10.816653826391969,11.313708498984761
1787404921.7105207,-71,0.0,29.427877939124322,27.294688127912362,23.345235059857504,18.681541692269406,13.92838827718412,10.63014581273465,7.615773105863909,7.280109889280518,10.295630140987,12.206555615733702,14.422205101855956,16.1245154965971,16.55294535724685,17.08800749063506,16.492422502470642,15.132745950421556,15.033296378372908,13.341664064126334,13.0,11.180339887498949,9.433981132056603,7.211102550927978,3.605551275463989,1.0,2.23606797749979,4.47213595499958,0.0,0.0,0.0,0.0,0.0,0.0,0.0,0.0,0.0,0.0,0.0,1.4142135623730951,2.23606797749979,3.0,2.0,1.4142135623730951,2.23606797749979,5.0,7.211102550927978,8.94427190999916,11.180339887498949,11.704699910719626,12.649110640673518,13.152946437965905,13.0,14.035668847618199,14.035668847618199,13.038404810405298,11.045361017187261,8.06225774829855,6.708203932499369,8.602325267042627,10.44030650891055,15.033296378372908,20.024984394500787,25.079872407968907,28.160255680657446
1787404921.7578912,-77,0.0,19.1049731745428,16.278820596099706,14.212670403551895,10.63014581273465,6.4031242374328485,2.8284271247461903,1.4142135623730951,5.0,8.602325267042627,10.816653826391969,13.038404810405298,13.892443989449804,13.892443989449804,14.422205101855956,14.422205101855956,12.206555615733702,10.0,7.211102550927978,6.324555320336759,5.385164807134504,4.123105625617661,3.0,2.0,1.0,2.23606797749979,4.0,0.0,0.0,0.0,0.0,0.0,0.0,0.0,0.0,0.0,0.0,0.0,3.1622776601683795,8.54400374531753,14.212670403551895,18.601075237738275,20.248456731316587,21.95449840010015,24.166091947189145,23.769728648009426,23.08679276123039,21.840329667841555,19.924858845171276,16.76305461424021,12.36931687685298,7.615773105863909,5.0,3.0,5.0990195135927845,8.06225774829855,11.180339887498949,13.341664064126334,16.76305461424021,19.697715603592208,21.470910553583888,22.360679774997898,21.95449840010015,22.20360331117452
1787404921.8058572,-71,0.0,26.076809620810597,26.92582403567252,25.238858928247925,20.808652046684813,17.204650534085253,12.041594578792296,8.06225774829855,6.0,6.4031242374328485,8.602325267042627,10.295630140987,13.416407864998739,14.317821063276353,16.1245154965971,16.64331697709324,17.204650534085253,17.029386365926403,16.278820596099706,15.0,13.038404810405298,11.180339887498949,8.06225774829855,5.830951894845301,2.8284271247461903,1.4142135623730951,3.1622776601683795,0.0,0.0,0.0,0.0,0.0,0.0,0.0,0.0,0.0,0.0,0.0,3.605551275463989,1.4142135623730951,1.0,2.0,3.0,3.605551275463989,5.656854249492381,7.810249675906654,9.899494936611665,11.313708498984761,12.806248474865697,12.206555615733702,12.083045973594572,12.649110640673518,12.165525060596439,13.038404810405298,12.041594578792296,11.045361017187261,9.055385138137417,6.324555320336759,4.47213595499958,6.0,10.44030650891055,14.7648230602334,19.72308292331602,21.95449840010015
1787404921.9003127,-73,0.0,19.1049731745428,19.1049731745428,20.09975124224178,19.1049731745428,17.46424919657298,17.72004514666935,16.76305461424021,14.866068747318506,12.36931687685298,10.198039027185569,9.219544457292887,9.055385138137417,9.0,8.246211251235321,8.94427190999916,9.433981132056603,10.0,10.63014581273465,11.313708498984761,12.727922061357855,13.45362404707371,13.601470508735444,13.892443989449804,13.416407864998739,13.416407864998739,13.038404810405298,0.0,0.0,0.0,0.0,0.0,0.0,0.0,0.0,0.0,0.0,0.0,7.810249675906654,7.810249675906654,6.4031242374328485,6.708203932499369,7.280109889280518,9.055385138137417,10.04987562112089,11.180339887498949,11.180339887498949,11.40175425099138,11.40175425099138,11.180339887498949,11.180339887498949,12.041594578792296,13.038404810405298,13.038404810405298,14.035668847618199,15.297058540778355,15.297058540778355,16.278820596099706,17.26267650163207,19.235384061671343,19.235384061671343,19.235384061671343,20.223748416156685,21.213203435596427
1787404921.9598622,-70,0.0,28.160255680657446,27.16615541441225,25.179356624028344,22.090722034374522,17.0,11.40175425099138,6.708203932499369,4.123105625617661,5.830951894845301,9.219544457292887,10.63014581273465,11.313708498984761,12.727922061357855,13.45362404707371,15.0,14.7648230602334,14.866068747318506,14.317821063276353,13.038404810405298,13.0,13.0,10.04987562112089,8.06225774829855,4.123105625617661,2.8284271247461903,1.0,0.0,0.0,0.0,0.0,0.0,0.0,0.0,0.0,0.0,0.0,0.0,6.082762530298219,5.0990195135927845,3.605551275463989,1.4142135623730951,0.0,3.605551275463989,5.0,8.06225774829855,10.816653826391969,13.038404810405298,13.892443989449804,15.0,15.0,13.45362404707371,13.45362404707371,12.206555615733702,10.816653826391969,9.219544457292887,6.4031242374328485,4.123105625617661,5.385164807134504,9.219544457292887,13.152946437965905,18.110770276274835,22.20360331117452,25.179356624028344
1787404921.9637184,-70,0.0,30.23243291566195,28.600699292150182,27.202941017470888,22.47220505424423,17.0,11.180339887498949,5.0990195135927845,3.1622776601683795,5.385164807134504,8.94427190999916,11.180339887498949,11.704699910719626,12.36931687685298,13.152946437965905,13.152946437965905,12.041594578792296,12.041594578792296,12.36931687685298,12.649110640673518,11.180339887498949,9.848857801796104,8.54400374531753,7.0710678118654755,5.0990195135927845,3.605551275463989,3.1622776601683795,0.0,0.0,0.0,0.0,0.0,0.0,0.0,0.0,0.0,0.0,0.0,5.830951894845301,4.242640687119285,3.605551275463989,2.0,1.0,3.1622776601683795,5.656854249492381,9.219544457292887,11.40175425099138,14.212670403551895,14.866068747318506,15.620499351813308,14.422205101855956,14.7648230602334,13.0,13.0,11.180339887498949,8.94427190999916,6.4031242374328485,5.385164807134504,6.708203932499369,9.899494936611665,14.422205101855956,20.248456731316587,23.853720883753127,26.076809620810597
1787404921.9949875,-71,0.0,27.65863337187866,24.73863375370596,21.840329667841555,19.4164878389476,15.132745950421556,9.055385138137417,5.0,5.0,7.615773105863909,10.0,13.038404810405298,14.7648230602334,14.317821063276353,13.92838827718412,14.560219778561036,14.142135623730951,14.035668847618199,14.317821063276353,13.0,12.083045973594572,11.180339887498949,9.848857801796104,7.280109889280518,4.0,3.605551275463989,5.0990195135927845,0.0,0.0,0.0,0.0,0.0,0.0,0.0,0.0,0.0,0.0,0.0,5.0,4.47213595499958,3.1622776601683795,1.4142135623730951,2.23606797749979,3.605551275463989,5.830951894845301,8.94427190999916,12.083045973594572,13.92838827718412,15.231546211727817,15.652475842498529,15.264337522473747,16.64331697709324,16.401219466856727,15.0,12.041594578792296,8.602325267042627,6.082762530298219,6.4031242374328485,8.94427190999916,10.198039027185569,15.132745950421556,20.223748416156685,23.345235059857504,25.179356624028344
1787404922.2796795,-76,0.0,20.223748416156685,16.0312195418814,10.0,5.0990195135927845,4.0,7.810249675906654,12.806248474865697,15.811388300841896,16.64331697709324,17.204650534085253,17.804493814764857,16.278820596099706,13.601470508735444,13.892443989449804,13.038404810405298,9.219544457292887,5.830951894845301,7.0,3.0,1.0,3.1622776601683795,7.0710678118654755,9.219544457292887,10.44030650891055,13.341664064126334,14.317821063276353,0.0,0.0,0.0,0.0,0.0,0.0,0.0,0.0,0.0,0.0,0.0,12.083045973594572,14.317821063276353,16.1245154965971,19.72308292331602,22.360679774997898,23.706539182259394,25.059928172283335,24.186773244895647,22.825424421026653,21.095023109728988,19.4164878389476,15.620499351813308,12.806248474865697,10.0,5.830951894845301,3.0,3.1622776601683795,7.0,11.0,16.0312195418814,20.024984394500787,24.0,28.0178514522438,30.01666203960727,30.01666203960727,28.0178514522438
1787404922.4378803,-70,0.0,24.186773244895647,25.079872407968907,23.194827009486403,20.396078054371138,16.278820596099706,11.704699910719626,8.602325267042627,7.280109889280518,8.06225774829855,10.770329614269007,12.083045973594572,13.92838827718412,14.866068747318506,15.811388300841896,15.524174696260024,15.297058540778355,14.035668847618199,13.0,12.165525060596439,9.848857801796104,8.06225774829855,5.830951894845301,3.605551275463989,1.4142135623730951,1.0,2.23606797749979,0.0,0.0,0.0,0.0,0.0,0.0,0.0,0.0,0.0,0.0,0.0,3.1622776601683795,2.8284271247461903,1.0,1.0,1.4142135623730951,3.1622776601683795,5.0990195135927845,7.0,10.04987562112089,13.152946437965905,15.297058540778355,15.811388300841896,16.55294535724685,17.0,16.64331697709324,15.811388300841896,14.422205101855956,12.206555615733702,8.94427190999916,6.082762530298219,5.0,7.280109889280518,13.038404810405298,16.0312195418814,19.235384061671343,23.53720459187964
1787404922.5951364,-69,0.0,31.240998703626616,30.479501308256342,27.65863337187866,24.08318915758459,19.79898987322333,16.401219466856727,12.083045973594572,8.06225774829855,8.602325267042627,10.63014581273465,12.529964086141668,13.416407864998739,14.7648230602334,17.4928556845359,18.027756377319946,18.439088914585774,17.69180601295413,17.69180601295413,16.401219466856727,13.0,10.198039027185569,7.0,5.0,2.0,1.0,3.605551275463989,0.0,0.0,0.0,0.0,0.0,0.0,0.0,0.0,0.0,0.0,0.0,6.082762530298219,4.123105625617661,2.0,0.0,3.0,5.385164807134504,7.211102550927978,9.219544457292887,12.041594578792296,15.0,16.401219466856727,18.601075237738275,19.4164878389476,18.35755975068582,17.46424919657298,16.15549442140351,13.92838827718412,12.083045973594572,9.433981132056603,7.211102550927978,7.0,10.295630140987,14.212670403551895,20.518284528683193,24.758836806279895,26.90724809414742
1787404922.6268094,-78,0.0,13.45362404707371,13.45362404707371,14.866068747318506,15.620499351813308,15.0,15.0,14.212670403551895,12.806248474865697,11.40175425099138,9.219544457292887,5.385164807134504,3.1622776601683795,3.605551275463989,6.0,9.486832980505138,12.083045973594572,14.866068747318506,17.72004514666935,18.681541692269406,18.110770276274835,18.0,16.1245154965971,13.341664064126334,10.770329614269007,8.94427190999916,7.615773105863909,0.0,0.0,0.0,0.0,0.0,0.0,0.0,0.0,0.0,0.0,0.0,19.1049731745428,16.97056274847714,13.45362404707371,12.041594578792296,10.63014581273465,7.211102550927978,5.385164807134504,5.0990195135927845,5.830951894845301,7.0710678118654755,10.0,12.529964086141668,15.652475842498529,17.0,18.027756377319946,18.867962264113206,19.235384061671343,18.35755975068582,16.1245154965971,13.892443989449804,11.180339887498949,8.94427190999916,6.324555320336759,3.1622776601683795,4.0,7.615773105863909
1787404922.7544856,-72,0.0,26.92582403567252,25.96150997149434,23.08679276123039,20.248456731316587,14.7648230602334,10.63014581273465,6.708203932499369,6.082762530298219,9.219544457292887,12.529964086141668,14.317821063276353,15.652475842498529,16.1245154965971,17.0,16.64331697709324,15.620499351813308,15.0,14.7648230602334,13.92838827718412,13.601470508735444,13.341664064126334,11.180339887498949,9.219544457292887,6.082762530298219,3.1622776601683795,2.23606797749979,0.0,0.0,0.0,0.0,0.0,0.0,0.0,0.0,0.0,0.0,0.0,5.385164807134504,4.123105625617661,3.1622776601683795,2.8284271247461903,2.0,3.605551275463989,6.082762530298219,9.055385138137417,12.041594578792296,15.033296378372908,16.0312195418814,17.11724276862369,17.46424919657298,16.76305461424021,16.15549442140351,14.866068747318506,13.0,9.848857801796104,7.280109889280518,5.0,4.47213595499958,8.0,12.041594578792296,16.278820596099706,20.396078054371138,23.53720459187964
1787404922.7821844,-76,0.0,13.45362404707371,14.212670403551895,15.620499351813308,16.278820596099706,16.278820596099706,14.866068747318506,13.45362404707371,12.206555615733702,11.180339887498949,9.486832980505138,10.44030650891055,9.055385138137417,9.055385138137417,9.219544457292887,9.486832980505138,9.486832980505138,10.295630140987,11.180339887498949,13.0,13.92838827718412,14.317821063276353,15.652475842498529,17.08800749063506,16.1245154965971,14.0,13.0,0.0,0.0,0.0,0.0,0.0,0.0,0.0,0.0,0.0,0.0,0.0,13.038404810405298,13.45362404707371,13.45362404707371,14.212670403551895,14.422205101855956,13.416407864998739,12.649110640673518,11.40175425099138,9.848857801796104,9.433981132056603,9.219544457292887,10.295630140987,12.083045973594572,14.317821063276353,16.1245154965971,18.867962264113206,18.027756377319946,16.64331697709324,15.264337522473747,13.892443989449804,11.661903789690601,9.848857801796104,10.04987562112089,10.04987562112089,10.198039027185569,10.44030650891055
1787404922.8967943,-84,0.0,10.04987562112089,8.06225774829855,6.324555320336759,3.605551275463989,5.0990195135927845,8.06225774829855,11.313708498984761,13.45362404707371,14.212670403551895,16.278820596099706,17.804493814764857,17.204650534085253,17.029386365926403,15.620499351813308,13.601470508735444,12.529964086141668,12.083045973594572,10.770329614269007,10.44030650891055,9.486832980505138,9.486832980505138,9.486832980505138,8.54400374531753,8.54400374531753,8.06225774829855,7.211102550927978,0.0,0.0,0.0,0.0,0.0,0.0,0.0,0.0,0.0,0.0,0.0,7.615773105863909,10.44030650891055,12.165525060596439,13.0,15.033296378372908,16.278820596099706,16.76305461424021,17.08800749063506,16.55294535724685,14.7648230602334,13.038404810405298,10.816653826391969,8.06225774829855,6.324555320336759,5.385164807134504,5.656854249492381,7.615773105863909,9.486832980505138,12.36931687685298,15.297058540778355,16.278820596099706,17.029386365926403,18.0,17.11724276862369,17.26267650163207,17.46424919657298
1787404923.0058968,-71,0.0,29.698484809834994,27.586228448267445,24.041630560342615,19.849433241279208,15.0,10.295630140987,6.082762530298219,5.0,7.280109889280518,10.04987562112089,12.165525060596439,14.317821063276353,16.492422502470642,17.72004514666935,17.46424919657298,17.4928556845359,16.401219466856727,15.556349186104045,14.212670403551895,12.206555615733702,10.816653826391969,8.602325267042627,5.830951894845301,2.8284271247461903,2.23606797749979,3.605551275463989,0.0,0.0,0.0,0.0,0.0,0.0,0.0,0.0,0.0,0.0,0.0,6.082762530298219,5.0990195135927845,4.123105625617661,2.0,0.0,2.8284271247461903,6.4031242374328485,9.899494936611665,12.727922061357855,14.866068747318506,16.97056274847714,17.029386365926403,17.204650534085253,16.64331697709324,15.652475842498529,13.92838827718412,12.649110640673518,10.295630140987,8.602325267042627,6.4031242374328485,7.0,9.848857801796104,14.422205101855956,20.0,24.08318915758459,27.586228448267445
1787404923.036219,-77,0.0,21.93171219946131,22.47220505424423,22.02271554554524,20.615528128088304,19.849433241279208,17.69180601295413,14.142135623730951,10.816653826391969,8.06225774829855,7.615773105863909,7.0710678118654755,6.324555320336759,5.385164807134504,7.211102550927978,7.810249675906654,9.899494936611665,11.40175425099138,11.313708498984761,9.219544457292887,7.810249675906654,9.433981132056603,10.295630140987,7.615773105863909,7.0,5.0990195135927845,3.605551275463989,0.0,0.0,0.0,0.0,0.0,0.0,0.0,0.0,0.0,0.0,0.0,16.97056274847714,12.727922061357855,8.48528137423857,7.211102550927978,9.486832980505138,11.40175425099138,12.649110640673518,14.866068747318506,15.231546211727817,14.866068747318506,15.231546211727817,13.92838827718412,14.866068747318506,14.866068747318506,12.649110640673518,11.045361017187261,12.165525060596439,14.035668847618199,14.035668847618199,13.152946437965905,13.341664064126334,11.704699910719626,11.661903789690601,11.313708498984761,14.422205101855956,18.867962264113206
1787404923.0439,-68,0.0,27.586228448267445,26.1725046566048,24.041630560342615,20.518284528683193,15.620499351813308,10.295630140987,6.082762530298219,5.0,6.324555320336759,9.055385138137417,12.041594578792296,14.142135623730951,15.297058540778355,17.46424919657298,18.439088914585774,18.973665961010276,18.027756377319946,17.46424919657298,16.1245154965971,14.422205101855956,11.40175425099138,9.433981132056603,6.4031242374328485,3.605551275463989,1.0,1.0,0.0,0.0,0.0,0.0,0.0,0.0,0.0,0.0,0.0,0.0,0.0,5.0,4.47213595499958,4.47213595499958,2.0,1.4142135623730951,3.1622776601683795,5.656854249492381,8.602325267042627,10.295630140987,11.180339887498949,13.0,13.601470508735444,13.152946437965905,13.038404810405298,13.038404810405298,12.0,11.045361017187261,9.055385138137417,7.0,5.0,5.385164807134504,8.246211251235321,12.529964086141668,17.204650534085253,22.20360331117452,25.0
1787404923.0538456,-77,0.0,23.08679276123039,23.021728866442675,22.20360331117452,20.396078054371138,18.439088914585774,16.492422502470642,13.601470508735444,10.44030650891055,8.0,6.324555320336759,7.211102550927978,8.48528137423857,9.219544457292887,9.899494936611665,10.63014581273465,10.0,10.816653826391969,10.816653826391969,12.206555615733702,11.40175425099138,10.63014581273465,9.219544457292887,7.211102550927978,5.385164807134504,4.123105625617661,2.0,0.0,0.0,0.0,0.0,0.0,0.0,0.0,0.0,0.0,0.0,0.0,10.04987562112089,9.0,7.0710678118654755,6.0,7.615773105863909,8.602325267042627,10.295630140987,12.529964086141668,13.0,13.601470508735444,14.560219778561036,15.297058540778355,14.317821063276353,13.341664064126334,12.36931687685298,11.40175425099138,11.704699910719626,12.529964086141668,12.206555615733702,11.313708498984761,10.63014581273465,10.0,10.295630140987,11.180339887498949,13.0,17.029386365926403
1787404923.0703442,-77,0.0,21.095023109728988,23.0,22.090722034374522,20.396078054371138,19.6468827043885,17.72004514666935,13.341664064126334,10.198039027185569,8.0,7.615773105863909,9.219544457292887,9.899494936611665,7.810249675906654,7.0710678118654755,8.48528137423857,9.219544457292887,9.219544457292887,10.63014581273465,12.041594578792296,11.313708498984761,10.63014581273465,10.63014581273465,9.899494936611665,7.810249675906654,5.830951894845301,4.0,0.0,0.0,0.0,0.0,0.0,0.0,0.0,0.0,0.0,0.0,0.0,10.0,9.055385138137417,8.0,6.082762530298219,6.324555320336759,8.06225774829855,10.295630140987,11.180339887498949,12.649110640673518,13.601470508735444,14.317821063276353,13.152946437965905,13.152946437965905,13.341664064126334,12.36931687685298,11.40175425099138,9.848857801796104,10.816653826391969,12.041594578792296,11.313708498984761,12.041594578792296,10.816653826391969,10.770329614269007,11.180339887498949,14.035668847618199,17.0
1787404923.3062642,-70,0.0,26.019223662515376,25.019992006393608,23.0,20.024984394500787,16.1245154965971,11.40175425099138,6.4031242374328485,5.0,7.810249675906654,11.313708498984761,13.45362404707371,15.556349186104045,17.69180601295413,19.1049731745428,20.0,19.4164878389476,18.027756377319946,16.1245154965971,14.317821063276353,12.649110640673518,9.486832980505138,6.082762530298219,4.123105625617661,2.0,0.0,2.0,0.0,0.0,0.0,0.0,0.0,0.0,0.0,0.0,0.0,0.0,0.0,4.47213595499958,3.1622776601683795,2.0,1.0,2.23606797749979,5.0990195135927845,7.0710678118654755,10.04987562112089,11.180339887498949,13.152946437965905,14.317821063276353,13.601470508735444,13.0,12.529964086141668,12.206555615733702,11.40175425099138,9.219544457292887,7.810249675906654,5.385164807134504,4.123105625617661,5.385164807134504,9.055385138137417,13.038404810405298,18.027756377319946,21.02379604162864,24.0
1787404923.5732188,-81,0.0,14.317821063276353,15.0,17.029386365926403,17.804493814764857,16.401219466856727,14.212670403551895,13.601470508735444,12.529964086141668,9.486832980505138,8.06225774829855,8.06225774829855,8.54400374531753,8.602325267042627,8.48528137423857,9.433981132056603,10.770329614269007,12.165525060596439,14.035668847618199,15.132745950421556,15.033296378372908,15.0,15.0,15.033296378372908,14.142135623730951,14.866068747318506,14.7648230602334,0.0,0.0,0.0,0.0,0.0,0.0,0.0,0.0,0.0,0.0,0.0,16.0,16.1245154965971,16.492422502470642,15.524174696260024,14.317821063276353,13.038404810405298,11.661903789690601,7.211102550927978,3.605551275463989,3.1622776601683795,5.0990195135927845,9.055385138137417,11.180339887498949,11.40175425099138,13.341664064126334,15.132745950421556,15.033296378372908,15.033296378372908,15.132745950421556,13.152946437965905,11.0,10.04987562112089,8.06225774829855,6.082762530298219,3.605551275463989,4.0
1787404923.7976723,-84,0.0,7.0710678118654755,6.4031242374328485,5.656854249492381,5.0,3.605551275463989,2.23606797749979,1.4142135623730951,2.23606797749979,5.0990195135927845,7.280109889280518,9.055385138137417,11.045361017187261,12.0,12.041594578792296,13.341664064126334,12.649110640673518,13.892443989449804,14.422205101855956,15.0,15.556349186104045,16.401219466856727,16.64331697709324,16.64331697709324,17.0,17.0,17.0,0.0,0.0,0.0,0.0,0.0,0.0,0.0,0.0,0.0,0.0,0.0,5.0,4.123105625617661,4.47213595499958,5.830951894845301,7.0710678118654755,11.0,13.038404810405298,15.297058540778355,16.76305461424021,18.384776310850235,18.788294228055936,19.235384061671343,18.35755975068582,16.1245154965971,13.416407864998739,11.180339887498949,7.615773105863909,4.123105625617661,1.4142135623730951,3.0,4.47213595499958,5.830951894845301,7.211102550927978,7.810249675906654,7.810249675906654,7.211102550927978
1787404924.0682085,-71,0.0,21.02379604162864,21.02379604162864,21.02379604162864,21.0,20.024984394500787,19.1049731745428,18.24828759089466,16.278820596099706,14.142135623730951,13.038404810405298,13.038404810405298,12.0,11.0,10.0,9.0,7.0710678118654755,7.280109889280518,7.615773105863909,8.06225774829855,8.06225774829855,9.433981132056603,9.433981132056603,10.295630140987,9.848857801796104,8.54400374531753,7.615773105863909,0.0,0.0,0.0,0.0,0.0,0.0,0.0,0.0,0.0,0.0,0.0,7.211102550927978,5.830951894845301,5.0990195135927845,5.0990195135927845,6.082762530298219,6.0,7.0,8.0,9.0,9.0,9.0,10.0,11.0,11.045361017187261,12.041594578792296,13.152946437965905,14.142135623730951,14.142135623730951,15.132745950421556,16.1245154965971,16.1245154965971,17.11724276862369,17.11724276862369,19.1049731745428,20.223748416156685,20.223748416156685
1787404924.584898,-70,0.0,22.360679774997898,22.360679774997898,21.95449840010015,21.095023109728988,20.248456731316587,19.4164878389476,17.804493814764857,16.401219466856727,15.620499351813308,14.212670403551895,12.806248474865697,12.206555615733702,11.661903789690601,10.816653826391969,10.0,9.433981132056603,8.94427190999916,8.94427190999916,8.54400374531753,7.615773105863909,7.280109889280518,7.280109889280518,7.280109889280518,7.0710678118654755,6.082762530298219,6.082762530298219,0.0,0.0,0.0,0.0,0.0,0.0,0.0,0.0,0.0,0.0,0.0,6.708203932499369,6.708203932499369,6.4031242374328485,6.4031242374328485,7.0710678118654755,7.0710678118654755,8.48528137423857,9.219544457292887,9.219544457292887,9.219544457292887,9.219544457292887,8.48528137423857,8.602325267042627,8.94427190999916,9.848857801796104,9.848857801796104,10.770329614269007,11.704699910719626,12.649110640673518,13.601470508735444,14.560219778561036,15.811388300841896,16.76305461424021,18.681541692269406,20.8806130178211,21.18962010041709
1787404924.6827083,-72,0.0,21.213203435596427,21.93171219946131,21.2602916254693,19.1049731745428,17.804493814764857,17.204650534085253,15.0,13.601470508735444,11.40175425099138,9.219544457292887,8.48528137423857,8.602325267042627,8.06225774829855,7.615773105863909,7.615773105863909,8.246211251235321,8.06225774829855,8.06225774829855,8.0,8.0,8.06225774829855,9.0,9.0,8.0,8.0,7.0,0.0,0.0,0.0,0.0,0.0,0.0,0.0,0.0,0.0,0.0,0.0,2.0,1.0,1.0,2.23606797749979,3.1622776601683795,4.123105625617661,4.47213595499958,5.830951894845301,5.656854249492381,6.4031242374328485,7.810249675906654,7.810249675906654,7.810249675906654,9.219544457292887,9.433981132056603,10.816653826391969,12.206555615733702,12.206555615733702,13.038404810405298,14.422205101855956,15.811388300841896,17.204650534085253,18.027756377319946,20.0,21.400934559032695,21.400934559032695
1787404924.9859507,-70,0.0,24.20743687382041,22.80350850198276,22.20360331117452,20.808652046684813,20.248456731316587,19.72308292331602,17.4928556845359,16.1245154965971,15.264337522473747,13.038404810405298,12.041594578792296,12.727922061357855,12.727922061357855,12.041594578792296,11.313708498984761,11.313708498984761,11.40175425099138,11.40175425099138,11.40175425099138,10.816653826391969,10.816653826391969,10.816653826391969,11.40175425099138,10.63014581273465,10.63014581273465,9.433981132056603,0.0,0.0,0.0,0.0,0.0,0.0,0.0,0.0,0.0,0.0,0.0,6.708203932499369,6.082762530298219,5.0,5.385164807134504,6.324555320336759,7.0710678118654755,7.0710678118654755,8.06225774829855,8.06225774829855,6.082762530298219,6.324555320336759,6.708203932499369,7.211102550927978,7.810249675906654,9.219544457292887,10.63014581273465,12.041594578792296,13.45362404707371,14.142135623730951,15.0,16.401219466856727,17.029386365926403,17.69180601295413,19.1049731745428,21.2602916254693,21.93171219946131
1787404926.3167455,-68,0.0,23.853720883753127,23.853720883753127,22.20360331117452,18.601075237738275,14.866068747318506,11.40175425099138,6.324555320336759,4.47213595499958,5.830951894845301,7.280109889280518,9.219544457292887,11.180339887498949,13.152946437965905,14.317821063276353,14.317821063276353,14.866068747318506,13.92838827718412,13.416407864998739,12.083045973594572,10.295630140987,8.94427190999916,6.324555320336759,3.1622776601683795,1.0,2.23606797749979,3.605551275463989,0.0,0.0,0.0,0.0,0.0,0.0,0.0,0.0,0.0,0.0,0.0,3.605551275463989,1.4142135623730951,1.4142135623730951,3.1622776601683795,5.0990195135927845,7.0710678118654755,9.055385138137417,11.0,14.035668847618199,16.0312195418814,17.11724276862369,17.26267650163207,17.46424919657298,17.08800749063506,16.55294535724685,15.652475842498529,13.892443989449804,11.661903789690601,8.94427190999916,5.385164807134504,2.23606797749979,5.0990195135927845,8.54400374531753,13.416407864998739,17.88854381999832,21.02379604162864
1787404926.9528506,-91,0.0,12.165525060596439,12.36931687685298,13.601470508735444,13.601470508735444,14.866068747318506,16.55294535724685,17.0,18.027756377319946,19.209372712298546,19.849433241279208,19.209372712298546,18.384776310850235,19.1049731745428,17.69180601295413,16.278820596099706,14.866068747318506,14.142135623730951,12.041594578792296,10.816653826391969,10.295630140987,9.433981132056603,8.94427190999916,8.246211251235321,9.219544457292887,9.055385138137417,9.0,0.0,0.0,0.0,0.0,0.0,0.0,0.0,0.0,0.0,0.0,0.0,5.0990195135927845,4.123105625617661,5.0990195135927845,5.385164807134504,5.385164807134504,7.211102550927978,8.602325267042627,7.810249675906654,7.810249675906654,7.810249675906654,9.219544457292887,8.602325267042627,10.0,10.295630140987,9.848857801796104,9.848857801796104,9.486832980505138,9.486832980505138,9.486832980505138,9.433981132056603,9.433981132056603,8.48528137423857,8.602325267042627,9.486832980505138,11.045361017187261,13.0
1787404927.247449,-83,0.0,4.0,4.47213595499958,5.0,7.280109889280518,9.055385138137417,11.0,12.0,13.038404810405298,13.152946437965905,12.36931687685298,12.649110640673518,12.083045973594572,12.529964086141668,11.661903789690601,11.40175425099138,10.63014581273465,9.219544457292887,7.211102550927978,5.830951894845301,6.0,6.324555320336759,7.211102550927978,9.219544457292887,10.63014581273465,12.041594578792296,12.041594578792296,0.0,0.0,0.0,0.0,0.0,0.0,0.0,0.0,0.0,0.0,0.0,4.0,5.0990195135927845,5.385164807134504,5.385164807134504,5.830951894845301,5.830951894845301,5.0,3.605551275463989,3.605551275463989,3.1622776601683795,2.23606797749979,3.0,5.385164807134504,6.708203932499369,10.295630140987,11.661903789690601,14.212670403551895,16.401219466856727,17.69180601295413,19.1049731745428,18.439088914585774,16.97056274847714,16.97056274847714,15.556349186104045,14.142135623730951,12.727922061357855
1787404927.369174,-79,0.0,20.615528128088304,20.0,20.0,19.4164878389476,18.027756377319946,15.231546211727817,12.649110640673518,11.180339887498949,8.0,6.708203932499369,6.708203932499369,7.0710678118654755,8.06225774829855,9.486832980505138,10.0,9.899494936611665,10.816653826391969,13.416407864998739,14.317821063276353,15.652475842498529,16.1245154965971,15.620499351813308,14.212670403551895,12.206555615733702,10.0,9.433981132056603,0.0,0.0,0.0,0.0,0.0,0.0,0.0,0.0,0.0,0.0,0.0,18.384776310850235,10.63014581273465,9.848857801796104,10.63014581273465,7.810249675906654,8.48528137423857,8.602325267042627,2.0,6.708203932499369,11.704699910719626,12.649110640673518,12.649110640673518,15.524174696260024,17.26267650163207,16.278820596099706,14.560219778561036,12.36931687685298,10.44030650891055,10.44030650891055,8.06225774829855,4.123105625617661,3.0,6.708203932499369,10.0,14.142135623730951,16.401219466856727
1787404927.3953247,-75,0.0,29.068883707497267,27.073972741361768,25.179356624028344,22.20360331117452,18.0,14.866068747318506,14.212670403551895,13.892443989449804,13.92838827718412,14.317821063276353,16.278820596099706,18.439088914585774,17.72004514666935,14.866068747318506,13.0,10.295630140987,7.0710678118654755,5.0,2.23606797749979,1.4142135623730951,3.1622776601683795,3.605551275463989,3.605551275463989,4.0,4.47213595499958,4.242640687119285,0.0,0.0,0.0,0.0,0.0,0.0,0.0,0.0,0.0,0.0,0.0,8.06225774829855,5.830951894845301,5.0,4.47213595499958,5.385164807134504,6.324555320336759,7.280109889280518,8.94427190999916,10.295630140987,13.892443989449804,15.0,14.142135623730951,13.601470508735444,12.529964086141668,11.704699910719626,10.44030650891055,8.246211251235321,6.082762530298219,3.605551275463989,4.0,7.280109889280518,11.704699910719626,15.811388300841896,20.8806130178211,24.041630560342615,25.0
1787404927.421964,-74,0.0,29.732137494637012,27.85677655436824,24.166091947189145,20.615528128088304,18.439088914585774,16.0312195418814,13.416407864998739,12.806248474865697,13.92838827718412,15.297058540778355,16.1245154965971,16.278820596099706,15.524174696260024,13.92838827718412,13.0,10.0,7.810249675906654,6.708203932499369,5.0990195135927845,3.1622776601683795,2.8284271247461903,3.1622776601683795,3.1622776601683795,1.0,2.23606797749979,4.47213595499958,0.0,0.0,0.0,0.0,0.0,0.0,0.0,0.0,0.0,0.0,0.0,8.602325267042627,7.0710678118654755,5.385164807134504,5.0990195135927845,4.123105625617661,5.385164807134504,7.0710678118654755,10.198039027185569,13.152946437965905,16.1245154965971,17.029386365926403,16.0312195418814,14.0,13.152946437965905,12.649110640673518,10.770329614269007,8.06225774829855,5.0,3.0,5.830951894845301,9.486832980505138,13.152946437965905,18.24828759089466,22.360679774997898,26.92582403567252,29.410882339705484
1787404927.760398,-72,0.0,26.40075756488817,26.248809496813376,23.345235059857504,19.1049731745428,15.620499351813308,10.770329614269007,8.54400374531753,8.602325267042627,10.198039027185569,12.041594578792296,14.035668847618199,14.035668847618199,13.152946437965905,13.341664064126334,12.083045973594572,12.529964086141668,12.206555615733702,10.816653826391969,10.44030650891055,9.219544457292887,8.06225774829855,6.082762530298219,4.0,1.4142135623730951,1.4142135623730951,3.1622776601683795,0.0,0.0,0.0,0.0,0.0,0.0,0.0,0.0,0.0,0.0,0.0,5.830951894845301,3.605551275463989,4.123105625617661,5.656854249492381,7.0710678118654755,7.810249675906654,8.602325267042627,10.295630140987,13.601470508735444,16.1245154965971,18.027756377319946,19.026297590440446,19.0,19.1049731745428,17.11724276862369,14.317821063276353,12.165525060596439,10.04987562112089,7.0,3.1622776601683795,4.123105625617661,9.433981132056603,14.866068747318506,19.1049731745428,22.67156809750927,24.839484696748443
1787404927.8900492,-71,0.0,28.160255680657446,27.202941017470888,25.0,21.587033144922902,17.11724276862369,13.038404810405298,8.94427190999916,8.06225774829855,9.055385138137417,11.0,13.0,14.0,15.132745950421556,15.297058540778355,13.601470508735444,12.083045973594572,11.40175425099138,11.40175425099138,10.770329614269007,10.198039027185569,9.055385138137417,7.0710678118654755,5.0990195135927845,2.0,0.0,2.23606797749979,0.0,0.0,0.0,0.0,0.0,0.0,0.0,0.0,0.0,0.0,0.0,5.0,3.605551275463989,3.0,3.1622776601683795,5.385164807134504,6.708203932499369,8.54400374531753,11.180339887498949,13.038404810405298,15.0,17.11724276862369,17.26267650163207,17.72004514666935,18.027756377319946,17.46424919657298,15.652475842498529,13.0,9.848857801796104,8.246211251235321,6.324555320336759,7.810249675906654,10.770329614269007,15.524174696260024,20.615528128088304,23.53720459187964,25.709920264364882
1787404927.9018066,-71,0.0,30.479501308256342,28.42534080710379,24.20743687382041,19.209372712298546,15.652475842498529,12.165525060596439,8.246211251235321,6.4031242374328485,9.486832980505138,12.649110640673518,14.560219778561036,15.524174696260024,14.866068747318506,14.7648230602334,15.0,14.212670403551895,13.0,12.041594578792296,13.0,13.038404810405298,11.045361017187261,9.055385138137417,6.0,3.0,2.0,3.1622776601683795,0.0,0.0,0.0,0.0,0.0,0.0,0.0,0.0,0.0,0.0,0.0,6.0,5.0990195135927845,4.0,3.605551275463989,6.082762530298219,7.0710678118654755,8.54400374531753,11.661903789690601,14.422205101855956,17.204650534085253,18.601075237738275,18.601075237738275,19.209372712298546,19.209372712298546,18.384776310850235,16.401219466856727,14.422205101855956,10.816653826391969,9.219544457292887,7.0710678118654755,6.708203932499369,10.0,14.422205101855956,20.248456731316587,23.853720883753127,26.076809620810597
1787404927.916971,-71,0.0,27.65863337187866,26.68332812825267,24.73863375370596,21.840329667841555,16.55294535724685,12.206555615733702,8.94427190999916,9.0,10.770329614269007,13.038404810405298,13.601470508735444,14.422205101855956,14.422205101855956,14.7648230602334,13.601470508735444,13.038404810405298,13.038404810405298,12.649110640673518,12.529964086141668,12.206555615733702,10.816653826391969,8.602325267042627,6.4031242374328485,3.605551275463989,1.0,2.0,0.0,0.0,0.0,0.0,0.0,0.0,0.0,0.0,0.0,0.0,0.0,4.242640687119285,2.23606797749979,1.4142135623730951,2.8284271247461903,5.656854249492381,7.0710678118654755,8.602325267042627,10.295630140987,13.0,15.811388300841896,16.76305461424021,18.24828759089466,18.110770276274835,18.027756377319946,17.0,15.0,13.0,10.04987562112089,7.280109889280518,6.4031242374328485,8.06225774829855,11.180339887498949,15.524174696260024,20.8806130178211,24.041630560342615,26.248809496813376
1787404928.0597022,-86,0.0,17.0,15.231546211727817,14.560219778561036,14.142135623730951,14.035668847618199,13.038404810405298,14.317821063276353,15.297058540778355,15.132745950421556,16.1245154965971,16.1245154965971,17.0,16.0312195418814,17.11724276862369,17.26267650163207,17.46424919657298,16.76305461424021,15.524174696260024,14.560219778561036,14.317821063276353,12.36931687685298,12.165525060596439,10.198039027185569,9.219544457292887,8.246211251235321,7.615773105863909,0.0,0.0,0.0,0.0,0.0,0.0,0.0,0.0,0.0,0.0,0.0,7.211102550927978,5.830951894845301,5.385164807134504,6.082762530298219,6.0,7.0710678118654755,8.06225774829855,8.06225774829855,9.055385138137417,10.04987562112089,12.0,12.041594578792296,13.152946437965905,12.36931687685298,12.649110640673518,11.704699910719626,11.180339887498949,10.816653826391969,10.816653826391969,10.63014581273465,9.899494936611665,9.899494936611665,11.313708498984761,11.313708498984761,12.727922061357855,13.45362404707371
1787404928.2806664,-79,0.0,15.0,19.209372712298546,23.430749027719962,25.0,23.853720883753127,21.633307652783937,19.4164878389476,17.804493814764857,16.278820596099706,13.45362404707371,10.63014581273465,8.602325267042627,5.385164807134504,3.605551275463989,6.324555320336759,8.246211251235321,10.04987562112089,12.041594578792296,13.152946437965905,12.36931687685298,12.649110640673518,11.40175425099138,10.04987562112089,10.04987562112089,10.04987562112089,9.055385138137417,0.0,0.0,0.0,0.0,0.0,0.0,0.0,0.0,0.0,0.0,0.0,13.892443989449804,10.816653826391969,7.810249675906654,7.810249675906654,8.06225774829855,8.54400374531753,8.06225774829855,4.123105625617661,3.0,5.385164807134504,7.810249675906654,11.313708498984761,13.45362404707371,14.422205101855956,15.652475842498529,15.264337522473747,14.866068747318506,14.212670403551895,14.422205101855956,12.041594578792296,10.0,7.280109889280518,6.324555320336759,4.242640687119285,4.123105625617661,5.385164807134504
1787404928.3924124,-75,0.0,25.942243542145693,24.166091947189145,21.540659228538015,18.973665961010276,14.317821063276353,11.045361017187261,8.06225774829855,8.94427190999916,10.198039027185569,12.165525060596439,14.142135623730951,15.297058540778355,15.524174696260024,16.15549442140351,17.0,17.204650534085253,15.556349186104045,14.422205101855956,13.0,12.36931687685298,11.180339887498949,9.055385138137417,6.0,2.23606797749979,0.0,2.23606797749979,0.0,0.0,0.0,0.0,0.0,0.0,0.0,0.0,0.0,0.0,0.0,3.1622776601683795,1.0,1.0,1.0,1.4142135623730951,2.8284271247461903,4.47213595499958,7.0710678118654755,10.04987562112089,11.0,12.041594578792296,13.152946437965905,12.649110640673518,13.416407864998739,14.422205101855956,15.0,14.212670403551895,13.038404810405298,11.180339887498949,9.055385138137417,8.54400374531753,10.63014581273465,13.601470508735444,16.64331697709324,20.591260281974,23.706539182259394
1787404928.5190058,-77,0.0,11.661903789690601,12.206555615733702,14.866068747318506,18.027756377319946,17.08800749063506,15.524174696260024,13.341664064126334,12.649110640673518,13.416407864998739,11.704699910719626,11.045361017187261,11.045361017187261,9.0,5.0,13.0,20.615528128088304,16.278820596099706,12.36931687685298,10.770329614269007,8.06225774829855,9.055385138137417,13.0,14.422205101855956,12.083045973594572,11.40175425099138,15.264337522473747,0.0,0.0,0.0,0.0,0.0,0.0,0.0,0.0,0.0,0.0,0.0,7.0710678118654755,6.4031242374328485,5.385164807134504,4.123105625617661,6.324555320336759,6.708203932499369,3.605551275463989,1.0,2.23606797749979,6.324555320336759,7.280109889280518,10.0,12.041594578792296,13.45362404707371,15.811388300841896,16.401219466856727,17.029386365926403,16.278820596099706,15.556349186104045,14.142135623730951,13.45362404707371,11.180339887498949,8.246211251235321,7.0710678118654755,10.198039027185569,13.92838827718412
1787404928.9792206,-71,0.0,22.20360331117452,22.47220505424423,22.47220505424423,22.47220505424423,21.95449840010015,21.02379604162864,20.615528128088304,19.313207915827967,17.08800749063506,14.866068747318506,13.601470508735444,12.649110640673518,11.704699910719626,10.770329614269007,9.848857801796104,8.94427190999916,8.06225774829855,7.211102550927978,6.4031242374328485,6.4031242374328485,6.4031242374328485,6.4031242374328485,5.830951894845301,5.830951894845301,5.830951894845301,5.385164807134504,0.0,0.0,0.0,0.0,0.0,0.0,0.0,0.0,0.0,0.0,0.0,8.602325267042627,7.810249675906654,6.708203932499369,5.385164807134504,5.0990195135927845,5.0990195135927845,5.0,7.0,8.06225774829855,8.06225774829855,8.06225774829855,8.06225774829855,8.246211251235321,8.54400374531753,10.295630140987,12.206555615733702,12.806248474865697,13.601470508735444,14.422205101855956,15.264337522473747,16.64331697709324,17.4928556845359,18.867962264113206,19.4164878389476,20.808652046684813,21.400934559032695
1787404929.0862389,-71,0.0,18.384776310850235,18.027756377319946,16.76305461424021,17.08800749063506,16.76305461424021,17.26267650163207,15.033296378372908,12.041594578792296,10.04987562112089,8.246211251235321,8.246211251235321,9.219544457292887,9.0,7.0710678118654755,6.324555320336759,6.324555320336759,6.708203932499369,6.4031242374328485,5.385164807134504,5.0,5.0990195135927845,6.324555320336759,6.324555320336759,6.708203932499369,7.211102550927978,5.830951894845301,0.0,0.0,0.0,0.0,0.0,0.0,0.0,0.0,0.0,0.0,0.0,6.082762530298219,5.0,6.082762530298219,6.082762530298219,7.0710678118654755,8.246211251235321,6.082762530298219,5.385164807134504,7.615773105863909,9.486832980505138,10.44030650891055,11.40175425099138,12.083045973594572,11.180339887498949,12.083045973594572,13.416407864998739,13.416407864998739,12.083045973594572,13.0,14.7648230602334,15.264337522473747,15.264337522473747,13.892443989449804,16.55294535724685,18.788294228055936,18.788294228055936
1787404929.2337022,-81,0.0,3.605551275463989,5.385164807134504,8.94427190999916,13.038404810405298,16.1245154965971,17.88854381999832,19.697715603592208,19.924858845171276,16.278820596099706,13.341664064126334,10.770329614269007,10.816653826391969,11.313708498984761,11.661903789690601,11.40175425099138,10.44030650891055,8.06225774829855,8.48528137423857,8.94427190999916,10.816653826391969,13.45362404707371,15.620499351813308,18.601075237738275,19.849433241279208,16.401219466856727,17.46424919657298,0.0,0.0,0.0,0.0,0.0,0.0,0.0,0.0,0.0,0.0,0.0,10.04987562112089,12.649110640673518,13.038404810405298,13.45362404707371,12.727922061357855,12.806248474865697,12.806248474865697,12.206555615733702,11.180339887498949,10.44030650891055,10.198039027185569,10.198039027185569,9.055385138137417,8.0,9.848857801796104,11.40175425099138,13.45362404707371,15.556349186104045,18.384776310850235,19.1049731745428,19.849433241279208,17.69180601295413,14.142135623730951,11.40175425099138,9.433981132056603,7.615773105863909
1787404929.7876482,-70,0.0,20.223748416156685,20.09975124224178,20.09975124224178,20.223748416156685,19.4164878389476,18.439088914585774,17.72004514666935,16.15549442140351,14.317821063276353,13.416407864998739,12.083045973594572,10.44030650891055,9.486832980505138,9.219544457292887,9.219544457292887,8.06225774829855,8.06225774829855,8.0,8.06225774829855,8.06225774829855,8.06225774829855,9.055385138137417,9.055385138137417,9.0,8.0,8.06225774829855,0.0,0.0,0.0,0.0,0.0,0.0,0.0,0.0,0.0,0.0,0.0,6.4031242374328485,6.4031242374328485,6.4031242374328485,6.708203932499369,6.708203932499369,7.615773105863909,7.615773105863909,8.246211251235321,8.246211251235321,9.486832980505138,9.486832980505138,10.44030650891055,10.198039027185569,11.045361017187261,11.045361017187261,12.041594578792296,13.038404810405298,14.142135623730951,14.142135623730951,14.142135623730951,15.132745950421556,15.132745950421556,16.1245154965971,17.11724276862369,18.027756377319946,18.027756377319946
1787404929.8982377,-69,0.0,19.72308292331602,19.72308292331602,19.72308292331602,18.867962264113206,18.027756377319946,17.804493814764857,17.804493814764857,16.278820596099706,14.866068747318506,13.45362404707371,12.806248474865697,12.041594578792296,10.63014581273465,10.63014581273465,10.0,10.0,8.602325267042627,8.06225774829855,7.615773105863909,7.615773105863909,7.615773105863909,7.280109889280518,7.280109889280518,7.280109889280518,7.280109889280518,7.280109889280518,0.0,0.0,0.0,0.0,0.0,0.0,0.0,0.0,0.0,0.0,0.0,6.324555320336759,6.324555320336759,5.830951894845301,6.4031242374328485,6.4031242374328485,7.0710678118654755,7.0710678118654755,8.48528137423857,8.48528137423857,9.219544457292887,9.219544457292887,9.219544457292887,8.602325267042627,9.433981132056603,10.295630140987,12.529964086141668,12.529964086141668,13.038404810405298,13.892443989449804,13.892443989449804,14.7648230602334,15.652475842498529,16.1245154965971,17.4928556845359,18.35755975068582,19.235384061671343
1787404930.9227517,-89,0.0,15.0,15.0,15.811388300841896,16.401219466856727,16.401219466856727,15.811388300841896,17.204650534085253,17.804493814764857,17.804493814764857,17.804493814764857,17.029386365926403,16.401219466856727,16.401219466856727,15.0,14.212670403551895,14.212670403551895,12.041594578792296,11.40175425099138,9.433981132056603,8.06225774829855,6.708203932499369,6.324555320336759,6.0,5.0990195135927845,5.385164807134504,6.708203932499369,0.0,0.0,0.0,0.0,0.0,0.0,0.0,0.0,0.0,0.0,0.0,8.48528137423857,7.810249675906654,7.810249675906654,8.602325267042627,8.06225774829855,8.06225774829855,8.94427190999916,9.848857801796104,9.433981132056603,9.433981132056603,10.0,10.816653826391969,10.0,11.40175425099138,11.40175425099138,12.806248474865697,11.40175425099138,12.206555615733702,11.661903789690601,11.661903789690601,10.770329614269007,11.40175425099138,10.198039027185569,10.04987562112089,10.0,10.0
1787404931.1299753,-90,0.0,11.40175425099138,12.165525060596439,12.041594578792296,12.041594578792296,13.0,14.0,15.0,14.035668847618199,14.142135623730951,14.317821063276353,13.601470508735444,14.317821063276353,15.231546211727817,14.7648230602334,14.422205101855956,13.038404810405298,11.40175425099138,10.0,7.810249675906654,7.211102550927978,5.385164807134504,5.385164807134504,4.123105625617661,4.123105625617661,4.123105625617661,5.0990195135927845,0.0,0.0,0.0,0.0,0.0,0.0,0.0,0.0,0.0,0.0,0.0,5.0,5.0990195135927845,5.830951894845301,6.4031242374328485,7.0710678118654755,7.810249675906654,9.219544457292887,9.899494936611665,10.63014581273465,10.0,10.0,10.0,9.433981132056603,10.0,9.433981132056603,8.602325267042627,8.602325267042627,7.211102550927978,7.810249675906654,7.0710678118654755,7.810249675906654,8.06225774829855,8.06225774829855,8.94427190999916,9.848857801796104,10.295630140987
1787404932.1914155,-89,0.0,15.811388300841896,15.811388300841896,16.401219466856727,17.204650534085253,17.804493814764857,18.439088914585774,18.439088914585774,17.804493814764857,17.804493814764857,17.204650534085253,17.204650534085253,16.64331697709324,15.264337522473747,14.317821063276353,13.0,11.704699910719626,10.770329614269007,9.486832980505138,8.246211251235321,5.0990195135927845,4.123105625617661,3.1622776601683795,3.1622776601683795,2.23606797749979,2.8284271247461903,2.8284271247461903,0.0,0.0,0.0,0.0,0.0,0.0,0.0,0.0,0.0,0.0,0.0,5.0990195135927845,4.123105625617661,4.123105625617661,3.1622776601683795,3.0,3.0,4.123105625617661,5.0990195135927845,6.0,7.0,8.06225774829855,8.06225774829855,9.055385138137417,10.198039027185569,10.198039027185569,11.40175425099138,11.180339887498949,11.180339887498949,11.180339887498949,11.045361017187261,11.045361017187261,11.045361017187261,11.0,11.045361017187261,12.165525060596439,11.40175425099138
1787404932.3804817,-84,0.0,21.213203435596427,20.518284528683193,19.79898987322333,18.384776310850235,16.97056274847714,15.556349186104045,13.45362404707371,12.206555615733702,11.180339887498949,9.486832980505138,9.219544457292887,8.0,8.06225774829855,9.219544457292887,9.486832980505138,10.770329614269007,10.770329614269007,10.770329614269007,9.486832980505138,9.486832980505138,8.246211251235321,7.615773105863909,6.324555320336759,6.324555320336759,5.830951894845301,5.830951894845301,0.0,0.0,0.0,0.0,0.0,0.0,0.0,0.0,0.0,0.0,0.0,11.313708498984761,10.63014581273465,10.0,8.94427190999916,7.211102550927978,5.0,3.605551275463989,2.23606797749979,3.1622776601683795,5.0,7.211102550927978,8.48528137423857,10.63014581273465,10.63014581273465,10.0,10.0,10.0,8.48528137423857,7.810249675906654,6.708203932499369,6.082762530298219,7.280109889280518,8.94427190999916,10.816653826391969,12.806248474865697,14.866068747318506
1787404932.4116764,-71,0.0,26.40075756488817,25.612496949731394,23.600847442411894,19.849433241279208,15.620499351813308,12.529964086141668,9.219544457292887,7.280109889280518,8.48528137423857,10.0,11.661903789690601,13.038404810405298,14.212670403551895,14.866068747318506,15.0,15.264337522473747,15.231546211727817,14.560219778561036,14.317821063276353,12.165525060596439,10.198039027185569,7.0710678118654755,4.123105625617661,1.0,2.8284271247461903,4.47213595499958,0.0,0.0,0.0,0.0,0.0,0.0,0.0,0.0,0.0,0.0,0.0,5.0,3.605551275463989,2.23606797749979,2.23606797749979,2.8284271247461903,5.0,7.211102550927978,9.219544457292887,12.041594578792296,13.45362404707371,14.212670403551895,15.0,13.892443989449804,14.317821063276353,14.560219778561036,13.341664064126334,12.165525060596439,10.198039027185569,7.615773105863909,5.656854249492381,6.0,8.94427190999916,13.038404810405298,17.204650534085253,21.400934559032695,23.021728866442675
1787404932.4750667,-80,0.0,12.529964086141668,15.264337522473747,18.35755975068582,19.697715603592208,18.973665961010276,17.26267650163207,15.132745950421556,12.165525060596439,10.198039027185569,7.280109889280518,6.4031242374328485,7.810249675906654,7.810249675906654,7.0710678118654755,5.830951894845301,5.0990195135927845,6.082762530298219,7.0710678118654755,7.280109889280518,7.280109889280518,7.615773105863909,6.708203932499369,5.830951894845301,4.242640687119285,4.242640687119285,4.242640687119285,0.0,0.0,0.0,0.0,0.0,0.0,0.0,0.0,0.0,0.0,0.0,11.045361017187261,13.152946437965905,12.165525060596439,11.045361017187261,10.0,12.041594578792296,14.142135623730951,12.165525060596439,9.055385138137417,9.055385138137417,9.0,8.06225774829855,8.246211251235321,10.44030650891055,12.529964086141668,11.40175425099138,9.219544457292887,10.0,12.041594578792296,13.45362404707371,11.40175425099138,11.180339887498949,12.649110640673518,13.92838827718412,14.866068747318506,13.92838827718412
1787404932.634042,-72,0.0,27.65863337187866,25.495097567963924,23.345235059857504,20.396078054371138,16.492422502470642,12.083045973594572,9.219544457292887,6.708203932499369,7.0710678118654755,8.94427190999916,10.295630140987,10.770329614269007,10.44030650891055,10.198039027185569,10.04987562112089,9.055385138137417,9.433981132056603,10.63014581273465,11.40175425099138,10.816653826391969,8.602325267042627,6.4031242374328485,4.242640687119285,2.0,3.1622776601683795,5.0990195135927845,0.0,0.0,0.0,0.0,0.0,0.0,0.0,0.0,0.0,0.0,0.0,2.23606797749979,1.4142135623730951,1.4142135623730951,1.0,2.23606797749979,4.47213595499958,7.211102550927978,10.0,13.038404810405298,14.7648230602334,17.0,16.15549442140351,15.524174696260024,14.142135623730951,14.035668847618199,14.0,12.041594578792296,10.04987562112089,8.54400374531753,7.0710678118654755,8.246211251235321,11.045361017187261,15.524174696260024,18.973665961010276,22.80350850198276,25.0
1787404932.6714025,-86,0.0,13.601470508735444,13.92838827718412,14.317821063276353,16.1245154965971,16.64331697709324,18.027756377319946,17.804493814764857,17.804493814764857,17.804493814764857,18.439088914585774,17.029386365926403,17.029386365926403,15.620499351813308,15.556349186104045,14.142135623730951,13.45362404707371,12.727922061357855,12.041594578792296,10.63014581273465,9.899494936611665,9.899494936611665,8.602325267042627,7.211102550927978,7.615773105863909,7.280109889280518,7.0710678118654755,0.0,0.0,0.0,0.0,0.0,0.0,0.0,0.0,0.0,0.0,0.0,5.656854249492381,4.242640687119285,3.605551275463989,3.1622776601683795,2.23606797749979,3.1622776601683795,4.123105625617661,5.0,6.0,8.06225774829855,9.055385138137417,10.198039027185569,11.180339887498949,11.704699910719626,11.180339887498949,9.848857801796104,8.94427190999916,6.708203932499369,5.385164807134504,3.1622776601683795,2.8284271247461903,4.123105625617661,7.0,8.0,10.0,11.0
1787404932.8881223,-73,0.0,30.59411708155671,29.427877939124322,27.294688127912362,23.194827009486403,19.0,13.601470508735444,10.0,10.0,13.416407864998739,16.401219466856727,18.439088914585774,19.209372712298546,18.601075237738275,18.601075237738275,16.64331697709324,13.416407864998739,11.40175425099138,9.0,8.54400374531753,7.810249675906654,7.0710678118654755,6.4031242374328485,4.47213595499958,2.23606797749979,1.4142135623730951,1.4142135623730951,0.0,0.0,0.0,0.0,0.0,0.0,0.0,0.0,0.0,0.0,0.0,6.708203932499369,3.605551275463989,4.123105625617661,5.656854249492381,6.4031242374328485,7.211102550927978,8.54400374531753,10.04987562112089,13.038404810405298,15.132745950421556,17.46424919657298,18.973665961010276,18.788294228055936,17.88854381999832,16.64331697709324,15.0,12.041594578792296,9.219544457292887,6.4031242374328485,3.0,3.605551275463989,8.246211251235321,14.142135623730951,19.235384061671343,23.345235059857504,25.495097567963924
1787404932.9204636,-73,0.0,29.068883707497267,28.635642126552707,26.40075756488817,22.47220505424423,17.46424919657298,13.038404810405298,9.433981132056603,9.486832980505138,12.041594578792296,14.560219778561036,17.08800749063506,17.08800749063506,17.08800749063506,16.76305461424021,15.524174696260024,13.152946437965905,10.0,8.246211251235321,6.4031242374328485,6.708203932499369,6.324555320336759,5.0990195135927845,4.0,2.23606797749979,2.23606797749979,2.0,0.0,0.0,0.0,0.0,0.0,0.0,0.0,0.0,0.0,0.0,0.0,6.324555320336759,4.242640687119285,4.0,6.708203932499369,8.06225774829855,8.54400374531753,9.219544457292887,10.0,12.36931687685298,14.866068747318506,16.55294535724685,17.4928556845359,18.027756377319946,17.029386365926403,16.97056274847714,14.212670403551895,12.206555615733702,8.06225774829855,5.830951894845301,2.8284271247461903,3.605551275463989,8.06225774829855,12.083045973594572,17.08800749063506,21.93171219946131,25.495097567963924
1787404932.9527783,-73,0.0,34.20526275297414,33.52610922848042,29.732137494637012,24.166091947189145,17.204650534085253,13.038404810405298,10.04987562112089,11.313708498984761,15.811388300841896,18.867962264113206,21.095023109728988,22.47220505424423,23.853720883753127,22.80350850198276,20.0,16.97056274847714,14.422205101855956,12.649110640673518,11.045361017187261,10.198039027185569,9.848857801796104,8.06225774829855,5.830951894845301,2.23606797749979,1.0,3.0,0.0,0.0,0.0,0.0,0.0,0.0,0.0,0.0,0.0,0.0,0.0,5.830951894845301,4.123105625617661,4.47213595499958,6.4031242374328485,7.810249675906654,8.48528137423857,10.0,10.295630140987,12.36931687685298,16.1245154965971,19.0,21.02379604162864,21.213203435596427,20.396078054371138,16.76305461424021,13.892443989449804,12.529964086141668,8.06225774829855,3.1622776601683795,2.8284271247461903,5.0990195135927845,9.055385138137417,14.142135623730951,22.360679774997898,29.427877939124322,33.54101966249684
1787404933.807064,-71,0.0,27.018512172212592,26.248809496813376,24.08318915758459,19.1049731745428,14.142135623730951,9.219544457292887,4.242640687119285,1.0,3.1622776601683795,6.324555320336759,7.0710678118654755,9.0,12.165525060596439,14.317821063276353,16.76305461424021,18.027756377319946,17.08800749063506,17.46424919657298,16.55294535724685,14.7648230602334,12.529964086141668,9.848857801796104,6.708203932499369,3.1622776601683795,1.0,2.23606797749979,0.0,0.0,0.0,0.0,0.0,0.0,0.0,0.0,0.0,0.0,0.0,2.8284271247461903,2.23606797749979,2.0,2.23606797749979,1.0,2.8284271247461903,4.47213595499958,6.708203932499369,9.486832980505138,10.44030650891055,12.36931687685298,13.341664064126334,13.038404810405298,13.0,13.152946437965905,13.152946437965905,12.041594578792296,10.04987562112089,8.0,5.385164807134504,4.47213595499958,7.0710678118654755,12.083045973594572,15.652475842498529,20.248456731316587,23.853720883753127
1787404933.8229768,-71,0.0,27.51363298439521,26.248809496813376,23.769728648009426,19.4164878389476,15.132745950421556,10.0,5.0990195135927845,3.0,5.0,7.810249675906654,9.219544457292887,12.041594578792296,13.601470508735444,15.264337522473747,17.0,17.46424919657298,18.384776310850235,18.027756377319946,17.72004514666935,16.492422502470642,14.317821063276353,11.40175425099138,8.54400374531753,4.47213595499958,1.4142135623730951,1.4142135623730951,0.0,0.0,0.0,0.0,0.0,0.0,0.0,0.0,0.0,0.0,0.0,3.605551275463989,2.8284271247461903,2.23606797749979,2.0,1.4142135623730951,2.23606797749979,3.605551275463989,6.4031242374328485,8.602325267042627,9.433981132056603,11.180339887498949,12.083045973594572,12.649110640673518,13.341664064126334,13.152946437965905,13.038404810405298,12.041594578792296,9.055385138137417,7.0710678118654755,3.605551275463989,3.0,5.656854249492381,10.0,14.7648230602334,20.591260281974,23.706539182259394
1787404933.8386526,-70,0.0,29.832867780352597,27.65863337187866,24.758836806279895,21.213203435596427,15.620499351813308,10.816653826391969,6.324555320336759,4.242640687119285,6.0,9.055385138137417,11.045361017187261,13.0,14.035668847618199,16.278820596099706,17.46424919657298,17.72004514666935,18.027756377319946,17.08800749063506,16.55294535724685,14.7648230602334,13.038404810405298,10.295630140987,6.708203932499369,3.605551275463989,0.0,2.23606797749979,0.0,0.0,0.0,0.0,0.0,0.0,0.0,0.0,0.0,0.0,0.0,3.1622776601683795,3.1622776601683795,2.0,1.4142135623730951,1.0,2.23606797749979,4.123105625617661,7.0710678118654755,9.055385138137417,10.04987562112089,12.0,13.038404810405298,13.341664064126334,12.649110640673518,13.0,12.083045973594572,11.180339887498949,8.94427190999916,6.708203932499369,3.0,2.23606797749979,6.324555320336759,12.083045973594572,17.0,21.095023109728988,25.553864678361276
1787404934.6149564,-72,0.0,21.95449840010015,22.825424421026653,22.360679774997898,21.02379604162864,21.02379604162864,19.313207915827967,18.027756377319946,15.524174696260024,13.341664064126334,11.40175425099138,9.486832980505138,9.848857801796104,9.433981132056603,8.602325267042627,7.810249675906654,7.810249675906654,7.211102550927978,7.211102550927978,7.615773105863909,7.280109889280518,7.280109889280518,7.280109889280518,7.0710678118654755,7.0710678118654755,6.0,7.0710678118654755,0.0,0.0,0.0,0.0,0.0,0.0,0.0,0.0,0.0,0.0,0.0,4.47213595499958,3.1622776601683795,4.123105625617661,4.0,5.0990195135927845,6.082762530298219,6.082762530298219,7.280109889280518,7.280109889280518,8.246211251235321,8.246211251235321,8.54400374531753,8.06225774829855,9.433981132056603,10.0,11.40175425099138,12.206555615733702,13.601470508735444,15.0,16.401219466856727,17.204650534085253,18.027756377319946,18.027756377319946,19.4164878389476,20.248456731316587,20.808652046684813
1787404934.7221322,-72,0.0,21.95449840010015,20.591260281974,20.591260281974,19.72308292331602,20.12461179749811,19.697715603592208,18.027756377319946,15.811388300841896,13.601470508735444,12.649110640673518,11.704699910719626,10.770329614269007,9.848857801796104,8.94427190999916,8.06225774829855,7.810249675906654,7.0710678118654755,6.4031242374328485,6.708203932499369,7.615773105863909,7.615773105863909,7.615773105863909,7.615773105863909,7.615773105863909,6.324555320336759,6.324555320336759,0.0,0.0,0.0,0.0,0.0,0.0,0.0,0.0,0.0,0.0,0.0,5.0,3.605551275463989,2.8284271247461903,2.23606797749979,3.0,3.1622776601683795,4.47213595499958,4.47213595499958,5.385164807134504,6.708203932499369,6.708203932499369,6.708203932499369,7.211102550927978,8.602325267042627,10.0,10.63014581273465,11.40175425099138,12.041594578792296,13.45362404707371,15.0,16.401219466856727,16.64331697709324,17.204650534085253,18.027756377319946,19.4164878389476,20.808652046684813
1787404934.7568452,-85,0.0,17.0,17.0,16.15549442140351,14.866068747318506,15.524174696260024,14.317821063276353,15.132745950421556,14.0,14.0,14.035668847618199,13.152946437965905,12.041594578792296,11.045361017187261,9.055385138137417,7.0,6.0,4.0,1.0,2.0,4.0,6.082762530298219,8.246211251235321,9.848857801796104,10.295630140987,11.180339887498949,11.661903789690601,0.0,0.0,0.0,0.0,0.0,0.0,0.0,0.0,0.0,0.0,0.0,7.0,9.0,10.04987562112089,11.045361017187261,12.041594578792296,13.038404810405298,14.142135623730951,13.152946437965905,13.341664064126334,12.649110640673518,11.704699910719626,11.180339887498949,10.816653826391969,10.0,9.899494936611665,10.0,10.0,9.433981132056603,8.602325267042627,7.810249675906654,6.4031242374328485,6.708203932499369,6.082762530298219,7.0710678118654755,7.280109889280518,8.94427190999916
1787404934.804839,-70,0.0,21.95449840010015,21.470910553583888,21.470910553583888,20.12461179749811,19.697715603592208,19.313207915827967,18.027756377319946,16.76305461424021,15.524174696260024,14.560219778561036,13.341664064126334,11.40175425099138,10.44030650891055,9.486832980505138,9.486832980505138,8.94427190999916,8.06225774829855,8.602325267042627,8.602325267042627,7.810249675906654,8.602325267042627,7.810249675906654,7.211102550927978,7.211102550927978,5.830951894845301,5.830951894845301,0.0,0.0,0.0,0.0,0.0,0.0,0.0,0.0,0.0,0.0,0.0,8.06225774829855,9.055385138137417,10.04987562112089,8.246211251235321,8.246211251235321,8.06225774829855,9.055385138137417,9.219544457292887,9.055385138137417,8.06225774829855,9.219544457292887,10.44030650891055,10.44030650891055,10.44030650891055,9.848857801796104,11.661903789690601,13.038404810405298,13.892443989449804,13.892443989449804,13.892443989449804,15.264337522473747,15.811388300841896,16.64331697709324,18.027756377319946,19.4164878389476,20.808652046684813
1787404934.9158857,-68,0.0,22.02271554554524,21.400934559032695,21.095023109728988,19.72308292331602,18.867962264113206,18.35755975068582,17.0,15.231546211727817,13.416407864998739,13.038404810405298,11.661903789690601,11.661903789690601,10.816653826391969,10.816653826391969,10.0,9.433981132056603,9.219544457292887,8.48528137423857,9.219544457292887,9.219544457292887,9.219544457292887,9.219544457292887,8.48528137423857,8.48528137423857,8.48528137423857,7.0710678118654755,0.0,0.0,0.0,0.0,0.0,0.0,0.0,0.0,0.0,0.0,0.0,7.280109889280518,7.280109889280518,7.280109889280518,7.615773105863909,7.615773105863909,7.615773105863909,8.06225774829855,8.06225774829855,8.06225774829855,8.06225774829855,8.06225774829855,8.06225774829855,8.602325267042627,7.810249675906654,9.219544457292887,11.40175425099138,12.806248474865697,12.041594578792296,12.727922061357855,12.727922061357855,12.727922061357855,14.142135623730951,15.620499351813308,16.97056274847714,19.1049731745428,19.79898987322333
1787404935.4891415,-83,0.0,20.615528128088304,19.313207915827967,17.72004514666935,18.439088914585774,17.26267650163207,16.1245154965971,15.033296378372908,14.035668847618199,14.142135623730951,13.152946437965905,13.0,13.038404810405298,12.041594578792296,12.041594578792296,12.0,12.041594578792296,13.152946437965905,15.297058540778355,16.492422502470642,14.866068747318506,13.416407864998739,12.529964086141668,13.892443989449804,13.892443989449804,14.317821063276353,13.0,0.0,0.0,0.0,0.0,0.0,0.0,0.0,0.0,0.0,0.0,0.0,11.0,10.198039027185569,10.44030650891055,9.848857801796104,9.219544457292887,9.055385138137417,8.0,8.246211251235321,9.433981132056603,9.219544457292887,10.0,10.63014581273465,13.45362404707371,13.45362404707371,12.806248474865697,10.816653826391969,8.94427190999916,9.486832980505138,9.486832980505138,8.246211251235321,8.54400374531753,10.770329614269007,12.206555615733702,12.806248474865697,15.0,16.401219466856727
1787404936.0600863,-72,0.0,22.02271554554524,22.02271554554524,21.0,21.02379604162864,20.024984394500787,19.1049731745428,17.26267650163207,15.524174696260024,14.560219778561036,13.341664064126334,11.180339887498949,10.04987562112089,9.055385138137417,9.055385138137417,8.06225774829855,7.0,6.0,5.0990195135927845,5.0990195135927845,5.385164807134504,5.830951894845301,5.830951894845301,5.830951894845301,5.385164807134504,5.385164807134504,4.47213595499958,0.0,0.0,0.0,0.0,0.0,0.0,0.0,0.0,0.0,0.0,0.0,6.708203932499369,5.0,3.605551275463989,4.47213595499958,4.123105625617661,5.0990195135927845,6.082762530298219,7.0710678118654755,8.06225774829855,8.06225774829855,9.055385138137417,9.055385138137417,8.06225774829855,9.0,10.0,10.04987562112089,11.045361017187261,11.180339887498949,12.36931687685298,14.317821063276353,15.297058540778355,16.278820596099706,17.26267650163207,19.235384061671343,20.223748416156685,20.223748416156685
1787404936.279477,-71,0.0,35.22782990761707,33.60059523282288,30.610455730027933,26.248809496813376,21.213203435596427,14.422205101855956,9.219544457292887,6.708203932499369,7.615773105863909,10.198039027185569,13.038404810405298,15.132745950421556,16.1245154965971,16.278820596099706,15.297058540778355,13.92838827718412,13.416407864998739,12.041594578792296,11.40175425099138,10.295630140987,8.94427190999916,7.615773105863909,5.385164807134504,3.1622776601683795,1.4142135623730951,2.0,0.0,0.0,0.0,0.0,0.0,0.0,0.0,0.0,0.0,0.0,0.0,4.0,1.4142135623730951,1.4142135623730951,1.4142135623730951,2.0,5.656854249492381,10.0,12.083045973594572,14.866068747318506,17.08800749063506,18.973665961010276,19.6468827043885,20.223748416156685,20.024984394500787,19.1049731745428,19.1049731745428,16.1245154965971,13.152946437965905,10.04987562112089,6.082762530298219,4.47213595499958,7.280109889280518,12.529964086141668,18.867962264113206,25.238858928247925,28.844410203711913
1787404936.295352,-71,0.0,34.40930106817051,35.0,31.240998703626616,26.90724809414742,21.93171219946131,15.811388300841896,9.219544457292887,6.708203932499369,7.615773105863909,10.04987562112089,13.038404810405298,16.0312195418814,16.0312195418814,16.1245154965971,15.297058540778355,14.866068747318506,13.416407864998739,12.041594578792296,11.40175425099138,10.295630140987,8.94427190999916,7.280109889280518,5.385164807134504,2.23606797749979,1.4142135623730951,1.4142135623730951,0.0,0.0,0.0,0.0,0.0,0.0,0.0,0.0,0.0,0.0,0.0,5.830951894845301,4.242640687119285,3.1622776601683795,4.123105625617661,5.0990195135927845,5.830951894845301,7.211102550927978,11.180339887498949,16.55294535724685,18.384776310850235,19.313207915827967,20.8806130178211,20.223748416156685,21.02379604162864,20.0,18.110770276274835,16.278820596099706,13.152946437965905,10.04987562112089,6.324555320336759,5.0990195135927845,8.246211251235321,14.317821063276353,20.248456731316587,25.80697580112788,28.844410203711913
1787404936.331202,-71,0.0,30.0,29.206163733020468,26.248809496813376,21.93171219946131,16.97056274847714,12.206555615733702,8.246211251235321,5.385164807134504,5.830951894845301,7.0710678118654755,9.055385138137417,11.045361017187261,12.041594578792296,12.041594578792296,12.0,11.045361017187261,10.44030650891055,8.94427190999916,8.602325267042627,8.48528137423857,7.810249675906654,5.830951894845301,4.47213595499958,2.23606797749979,0.0,2.23606797749979,0.0,0.0,0.0,0.0,0.0,0.0,0.0,0.0,0.0,0.0,0.0,3.0,2.23606797749979,3.1622776601683795,4.47213595499958,6.324555320336759,5.656854249492381,7.211102550927978,9.848857801796104,12.36931687685298,14.317821063276353,15.524174696260024,17.46424919657298,17.11724276862369,17.029386365926403,16.0312195418814,15.132745950421556,14.142135623730951,11.40175425099138,8.246211251235321,5.0,3.605551275463989,7.280109889280518,12.529964086141668,17.4928556845359,21.633307652783937,25.238858928247925
1787404937.09274,-67,0.0,27.784887978899608,26.92582403567252,24.698178070456937,20.808652046684813,17.029386365926403,12.041594578792296,8.06225774829855,6.082762530298219,5.830951894845301,7.810249675906654,10.295630140987,12.529964086141668,13.892443989449804,14.422205101855956,15.0,15.556349186104045,15.0,14.212670403551895,13.038404810405298,12.083045973594572,9.848857801796104,7.615773105863909,5.385164807134504,2.23606797749979,1.0,2.0,0.0,0.0,0.0,0.0,0.0,0.0,0.0,0.0,0.0,0.0,0.0,4.123105625617661,2.23606797749979,2.23606797749979,2.23606797749979,4.0,5.385164807134504,7.211102550927978,10.0,11.313708498984761,12.727922061357855,13.601470508735444,14.7648230602334,13.92838827718412,14.866068747318506,13.601470508735444,12.041594578792296,11.045361017187261,9.055385138137417,6.708203932499369,5.656854249492381,6.0,8.54400374531753,13.416407864998739,17.4928556845359,21.95449840010015,24.698178070456937
1787404937.8166509,-73,0.0,31.906112267087632,31.064449134018133,28.0178514522438,25.0,20.518284528683193,15.0,10.44030650891055,7.280109889280518,8.602325267042627,10.770329614269007,12.083045973594572,13.416407864998739,13.892443989449804,14.422205101855956,15.0,14.866068747318506,14.422205101855956,14.7648230602334,13.92838827718412,12.649110640673518,11.40175425099138,9.486832980505138,6.324555320336759,3.1622776601683795,1.4142135623730951,1.4142135623730951,0.0,0.0,0.0,0.0,0.0,0.0,0.0,0.0,0.0,0.0,0.0,6.324555320336759,3.605551275463989,2.23606797749979,2.0,2.0,4.242640687119285,7.211102550927978,9.848857801796104,12.649110640673518,15.811388300841896,17.72004514666935,18.439088914585774,19.1049731745428,19.0,18.110770276274835,18.24828759089466,16.278820596099706,13.341664064126334,10.198039027185569,6.0,4.242640687119285,7.280109889280518,13.416407864998739,18.35755975068582,23.323807579381203,27.459060435491963
1787404938.0056906,-70,0.0,28.160255680657446,28.160255680657446,26.248809496813376,21.18962010041709,17.46424919657298,12.529964086141668,7.810249675906654,4.123105625617661,5.656854249492381,8.94427190999916,11.180339887498949,12.529964086141668,13.892443989449804,14.422205101855956,15.0,15.0,14.142135623730951,13.601470508735444,12.529964086141668,11.661903789690601,9.433981132056603,7.211102550927978,5.0,1.4142135623730951,2.23606797749979,3.0,0.0,0.0,0.0,0.0,0.0,0.0,0.0,0.0,0.0,0.0,0.0,3.1622776601683795,2.0,1.4142135623730951,3.1622776601683795,5.0,4.47213595499958,6.0,8.06225774829855,12.165525060596439,15.297058540778355,16.278820596099706,17.72004514666935,18.027756377319946,17.46424919657298,16.64331697709324,15.811388300841896,14.212670403551895,12.806248474865697,10.0,6.708203932499369,5.385164807134504,6.324555320336759,11.0,15.132745950421556,20.615528128088304,24.515301344262525
1787404938.1411393,-89,0.0,12.529964086141668,10.816653826391969,10.0,9.219544457292887,8.602325267042627,8.54400374531753,8.06225774829855,9.0,8.246211251235321,8.54400374531753,8.06225774829855,8.06225774829855,6.082762530298219,4.123105625617661,4.242640687119285,4.123105625617661,6.082762530298219,8.246211251235321,8.54400374531753,8.06225774829855,9.433981132056603,8.94427190999916,7.615773105863909,7.615773105863909,7.0710678118654755,6.082762530298219,0.0,0.0,0.0,0.0,0.0,0.0,0.0,0.0,0.0,0.0,0.0,9.0,9.055385138137417,9.219544457292887,8.06225774829855,8.602325267042627,7.810249675906654,8.602325267042627,8.54400374531753,8.246211251235321,7.0,7.0,8.0,8.246211251235321,7.280109889280518,8.54400374531753,9.848857801796104,11.180339887498949,10.295630140987,11.180339887498949,9.848857801796104,8.54400374531753,8.06225774829855,9.055385138137417,8.54400374531753,9.433981132056603,10.63014581273465
1787404938.2731328,-70,0.0,25.495097567963924,25.495097567963924,24.08318915758459,20.518284528683193,16.278820596099706,11.661903789690601,8.0,7.211102550927978,8.06225774829855,9.055385138137417,11.045361017187261,13.152946437965905,14.560219778561036,14.866068747318506,14.866068747318506,14.317821063276353,13.892443989449804,12.041594578792296,9.899494936611665,8.602325267042627,6.708203932499369,5.0990195135927845,3.0,1.4142135623730951,2.23606797749979,4.242640687119285,0.0,0.0,0.0,0.0,0.0,0.0,0.0,0.0,0.0,0.0,0.0,3.1622776601683795,2.23606797749979,1.4142135623730951,2.0,3.1622776601683795,5.0,7.810249675906654,10.0,12.529964086141668,14.317821063276353,15.231546211727817,15.811388300841896,16.278820596099706,16.0312195418814,17.0,16.0312195418814,14.035668847618199,12.0,10.04987562112089,6.708203932499369,7.0,12.083045973594572,15.264337522473747,17.204650534085253,21.400934559032695,24.20743687382041
1787404939.1616092,-71,0.0,25.079872407968907,24.08318915758459,22.02271554554524,19.026297590440446,15.0,11.180339887498949,7.615773105863909,6.4031242374328485,7.280109889280518,9.0,11.045361017187261,13.038404810405298,14.0,15.033296378372908,15.132745950421556,15.297058540778355,14.560219778561036,13.0,11.180339887498949,9.433981132056603,8.602325267042627,5.830951894845301,4.47213595499958,2.23606797749979,3.0,4.123105625617661,0.0,0.0,0.0,0.0,0.0,0.0,0.0,0.0,0.0,0.0,0.0,4.123105625617661,3.0,1.4142135623730951,1.0,1.4142135623730951,2.23606797749979,3.605551275463989,6.4031242374328485,8.48528137423857,10.0,10.816653826391969,10.770329614269007,10.198039027185569,11.045361017187261,11.045361017187261,11.40175425099138,11.704699910719626,10.44030650891055,9.219544457292887,7.0,5.830951894845301,7.211102550927978,10.44030650891055,14.317821063276353,18.110770276274835,21.095023109728988
1787404939.4153814,-88,0.0,10.816653826391969,10.816653826391969,10.295630140987,9.433981132056603,10.0,8.48528137423857,8.602325267042627,7.615773105863909,8.06225774829855,9.055385138137417,9.486832980505138,9.433981132056603,8.602325267042627,7.810249675906654,5.830951894845301,3.0,2.23606797749979,4.0,6.082762530298219,8.06225774829855,9.433981132056603,8.06225774829855,7.810249675906654,7.211102550927978,5.0,3.605551275463989,0.0,0.0,0.0,0.0,0.0,0.0,0.0,0.0,0.0,0.0,0.0,14.7648230602334,14.317821063276353,13.601470508735444,13.341664064126334,12.041594578792296,11.045361017187261,9.219544457292887,7.615773105863909,7.211102550927978,6.4031242374328485,5.830951894845301,5.385164807134504,5.0990195135927845,6.082762530298219,6.324555320336759,6.708203932499369,8.602325267042627,9.899494936611665,11.313708498984761,11.40175425099138,11.40175425099138,11.40175425099138,11.40175425099138,11.40175425099138,10.63014581273465,9.899494936611665
1787404939.447224,-72,0.0,29.0,27.586228448267445,26.1725046566048,22.67156809750927,18.027756377319946,13.416407864998739,9.219544457292887,6.324555320336759,7.211102550927978,9.486832980505138,12.36931687685298,14.560219778561036,15.811388300841896,16.76305461424021,17.08800749063506,15.231546211727817,13.892443989449804,12.206555615733702,10.63014581273465,10.295630140987,8.94427190999916,7.615773105863909,6.324555320336759,4.123105625617661,1.0,1.0,0.0,0.0,0.0,0.0,0.0,0.0,0.0,0.0,0.0,0.0,0.0,5.0990195135927845,4.0,2.23606797749979,2.23606797749979,1.4142135623730951,3.0,4.47213595499958,7.211102550927978,9.219544457292887,12.727922061357855,14.212670403551895,15.0,15.264337522473747,15.231546211727817,14.866068747318506,14.560219778561036,13.601470508735444,11.40175425099138,8.94427190999916,6.4031242374328485,5.0990195135927845,8.06225774829855,12.806248474865697,17.69180601295413,21.93171219946131,24.758836806279895
1787404939.7214754,-70,0.0,22.0,22.0,22.02271554554524,21.02379604162864,20.09975124224178,19.235384061671343,18.24828759089466,16.492422502470642,15.297058540778355,13.341664064126334,12.36931687685298,11.180339887498949,11.045361017187261,10.0,10.0,10.0,9.055385138137417,9.055385138137417,8.246211251235321,8.246211251235321,8.54400374531753,8.54400374531753,8.54400374531753,8.246211251235321,8.246211251235321,7.280109889280518,0.0,0.0,0.0,0.0,0.0,0.0,0.0,0.0,0.0,0.0,0.0,5.656854249492381,5.0,5.385164807134504,5.385164807134504,6.082762530298219,7.0710678118654755,8.06225774829855,9.055385138137417,9.219544457292887,10.198039027185569,10.198039027185569,10.198039027185569,10.198039027185569,10.04987562112089,11.045361017187261,12.0,13.0,13.038404810405298,14.035668847618199,15.033296378372908,16.0312195418814,16.0,17.029386365926403,18.027756377319946,18.110770276274835,19.026297590440446
1787404939.7981837,-70,0.0,25.079872407968907,23.769728648009426,21.540659228538015,17.72004514666935,14.317821063276353,10.04987562112089,6.708203932499369,6.708203932499369,8.0,9.486832980505138,12.36931687685298,14.317821063276353,15.297058540778355,16.0312195418814,15.033296378372908,14.317821063276353,14.560219778561036,13.416407864998739,12.041594578792296,9.899494936611665,8.48528137423857,7.0710678118654755,3.605551275463989,1.0,2.8284271247461903,5.0,0.0,0.0,0.0,0.0,0.0,0.0,0.0,0.0,0.0,0.0,0.0,2.23606797749979,1.4142135623730951,0.0,2.23606797749979,2.23606797749979,4.0,7.0710678118654755,8.246211251235321,10.770329614269007,12.083045973594572,13.416407864998739,14.7648230602334,14.422205101855956,13.45362404707371,13.45362404707371,13.601470508735444,12.806248474865697,10.63014581273465,8.602325267042627,7.280109889280518,7.280109889280518,9.219544457292887,12.206555615733702,16.64331697709324,20.591260281974,22.360679774997898
1787404939.8301346,-70,0.0,21.95449840010015,21.95449840010015,21.095023109728988,20.0,19.209372712298546,19.1049731745428,18.384776310850235,16.97056274847714,14.866068747318506,13.45362404707371,12.727922061357855,11.313708498984761,9.899494936611665,9.899494936611665,9.219544457292887,8.602325267042627,7.211102550927978,7.211102550927978,7.615773105863909,7.615773105863909,6.708203932499369,6.708203932499369,6.708203932499369,5.385164807134504,5.385164807134504,5.0990195135927845,0.0,0.0,0.0,0.0,0.0,0.0,0.0,0.0,0.0,0.0,0.0,6.082762530298219,6.082762530298219,5.0990195135927845,5.385164807134504,5.830951894845301,6.4031242374328485,7.0710678118654755,7.810249675906654,7.810249675906654,9.219544457292887,9.219544457292887,9.219544457292887,9.219544457292887,9.433981132056603,10.295630140987,11.180339887498949,12.529964086141668,13.0,14.317821063276353,15.231546211727817,15.231546211727817,16.55294535724685,17.88854381999832,18.788294228055936,20.12461179749811,21.02379604162864
1787404939.9405308,-70,0.0,20.808652046684813,20.808652046684813,20.0,20.0,19.849433241279208,18.384776310850235,17.69180601295413,16.278820596099706,15.0,13.601470508735444,12.206555615733702,10.816653826391969,9.433981132056603,8.602325267042627,7.810249675906654,7.0710678118654755,6.4031242374328485,6.4031242374328485,7.211102550927978,6.708203932499369,7.615773105863909,7.615773105863909,7.615773105863909,7.211102550927978,5.830951894845301,5.385164807134504,0.0,0.0,0.0,0.0,0.0,0.0,0.0,0.0,0.0,0.0,0.0,4.47213595499958,5.385164807134504,5.830951894845301,5.830951894845301,6.4031242374328485,7.0710678118654755,7.0710678118654755,7.810249675906654,7.810249675906654,8.48528137423857,9.219544457292887,9.899494936611665,9.219544457292887,9.219544457292887,9.433981132056603,10.816653826391969,10.295630140987,11.180339887498949,12.529964086141668,13.892443989449804,13.892443989449804,15.264337522473747,15.652475842498529,16.55294535724685,18.788294228055936,19.313207915827967
1787404940.0199308,-69,0.0,25.0,24.041630560342615,21.840329667841555,18.439088914585774,15.033296378372908,12.041594578792296,8.94427190999916,8.06225774829855,9.055385138137417,11.045361017187261,13.152946437965905,14.142135623730951,15.132745950421556,15.033296378372908,15.0,15.033296378372908,14.142135623730951,12.36931687685298,10.44030650891055,8.54400374531753,6.708203932499369,4.123105625617661,2.0,2.0,4.47213595499958,5.830951894845301,0.0,0.0,0.0,0.0,0.0,0.0,0.0,0.0,0.0,0.0,0.0,3.605551275463989,2.8284271247461903,1.0,1.4142135623730951,2.23606797749979,4.123105625617661,7.0710678118654755,10.0,12.0,14.035668847618199,15.033296378372908,15.297058540778355,14.866068747318506,14.7648230602334,13.038404810405298,12.206555615733702,10.63014581273465,8.602325267042627,5.830951894845301,4.0,4.242640687119285,6.324555320336759,10.198039027185569,13.601470508735444,17.72004514666935,20.615528128088304
1787404940.036017,-68,0.0,32.202484376209235,30.805843601498726,28.42534080710379,25.45584412271571,21.2602916254693,15.811388300841896,11.40175425099138,8.246211251235321,10.0,13.601470508735444,15.652475842498529,15.652475842498529,17.0,17.4928556845359,17.804493814764857,17.69180601295413,16.278820596099706,15.0,12.529964086141668,9.848857801796104,6.324555320336759,3.1622776601683795,1.0,3.0,6.0,8.0,0.0,0.0,0.0,0.0,0.0,0.0,0.0,0.0,0.0,0.0,0.0,2.8284271247461903,1.0,1.0,2.23606797749979,5.0,7.0710678118654755,9.486832980505138,13.0,15.264337522473747,18.027756377319946,19.4164878389476,19.209372712298546,19.1049731745428,18.027756377319946,17.0,16.15549442140351,14.866068747318506,12.649110640673518,8.94427190999916,6.4031242374328485,6.0,8.94427190999916,14.212670403551895,17.69180601295413,22.02271554554524,26.40075756488817
1787404940.0658667,-69,0.0,27.730849247724095,28.178005607210743,26.419689627245813,21.633307652783937,18.439088914585774,15.0,10.770329614269007,8.06225774829855,10.295630140987,13.45362404707371,14.866068747318506,16.278820596099706,16.97056274847714,17.69180601295413,17.804493814764857,16.64331697709324,15.652475842498529,14.866068747318506,12.649110640673518,10.44030650891055,7.280109889280518,5.385164807134504,2.23606797749979,2.23606797749979,4.123105625617661,5.0990195135927845,0.0,0.0,0.0,0.0,0.0,0.0,0.0,0.0,0.0,0.0,0.0,3.0,2.23606797749979,3.1622776601683795,2.8284271247461903,4.123105625617661,5.0990195135927845,7.280109889280518,9.848857801796104,13.038404810405298,14.866068747318506,15.620499351813308,15.620499351813308,14.422205101855956,14.866068747318506,15.297058540778355,14.142135623730951,12.165525060596439,11.0,8.0,3.605551275463989,5.0,8.54400374531753,12.529964086141668,17.0,21.095023109728988,24.186773244895647
1787404940.0678716,-70,0.0,28.284271247461902,27.16615541441225,25.317977802344327,22.561028345356956,18.384776310850235,13.892443989449804,9.219544457292887,7.0710678118654755,8.54400374531753,10.816653826391969,13.601470508735444,14.422205101855956,14.422205101855956,16.1245154965971,15.652475842498529,15.231546211727817,13.341664064126334,13.152946437965905,11.045361017187261,9.0,6.0,3.0,1.0,2.23606797749979,5.0990195135927845,7.280109889280518,0.0,0.0,0.0,0.0,0.0,0.0,0.0,0.0,0.0,0.0,0.0,1.4142135623730951,2.23606797749979,3.605551275463989,3.0,4.0,5.830951894845301,8.48528137423857,11.40175425099138,13.038404810405298,14.7648230602334,15.652475842498529,17.72004514666935,17.11724276862369,15.0,14.035668847618199,14.0,13.0,11.045361017187261,9.055385138137417,5.0990195135927845,6.708203932499369,10.198039027185569,13.038404810405298,17.26267650163207,21.213203435596427,25.317977802344327
1787404940.9861004,-71,0.0,27.294688127912362,25.495097567963924,23.345235059857504,19.4164878389476,15.811388300841896,11.661903789690601,8.602325267042627,8.06225774829855,9.486832980505138,11.661903789690601,13.892443989449804,15.264337522473747,17.0,16.55294535724685,15.811388300841896,16.278820596099706,16.0312195418814,15.132745950421556,14.317821063276353,12.649110640673518,10.770329614269007,8.54400374531753,5.385164807134504,2.0,2.23606797749979,3.605551275463989,0.0,0.0,0.0,0.0,0.0,0.0,0.0,0.0,0.0,0.0,0.0,2.0,1.0,1.0,2.0,3.1622776601683795,5.0,7.0710678118654755,9.219544457292887,10.63014581273465,12.206555615733702,12.529964086141668,13.0,12.36931687685298,12.165525060596439,12.0,12.041594578792296,12.041594578792296,10.0,8.246211251235321,7.810249675906654,8.54400374531753,11.045361017187261,15.033296378372908,19.235384061671343,23.345235059857504,25.495097567963924
1787404941.0178363,-70,0.0,32.69556544854363,32.31098884280702,28.792360097775937,24.351591323771842,17.26267650163207,12.0,8.06225774829855,4.242640687119285,7.0,10.04987562112089,14.142135623730951,17.26267650163207,18.110770276274835,18.027756377319946,17.029386365926403,17.26267650163207,15.811388300841896,14.317821063276353,13.038404810405298,10.63014581273465,9.219544457292887,7.211102550927978,3.605551275463989,1.0,2.8284271247461903,5.0,0.0,0.0,0.0,0.0,0.0,0.0,0.0,0.0,0.0,0.0,0.0,3.605551275463989,2.23606797749979,2.8284271247461903,4.242640687119285,5.656854249492381,6.708203932499369,8.246211251235321,10.0,12.041594578792296,14.317821063276353,15.811388300841896,16.15549442140351,15.264337522473747,14.866068747318506,14.866068747318506,15.0,13.601470508735444,12.041594578792296,9.219544457292887,7.280109889280518,7.615773105863909,11.313708498984761,16.64331697709324,22.825424421026653,27.313000567495326,29.546573405388315
1787404941.0494425,-70,0.0,28.600699292150182,27.202941017470888,25.238858928247925,21.95449840010015,17.0,11.704699910719626,8.0,5.830951894845301,6.708203932499369,10.44030650891055,13.152946437965905,14.142135623730951,16.1245154965971,17.26267650163207,16.492422502470642,16.15549442140351,14.7648230602334,12.806248474865697,11.313708498984761,10.295630140987,8.94427190999916,6.708203932499369,3.1622776601683795,0.0,2.23606797749979,4.47213595499958,0.0,0.0,0.0,0.0,0.0,0.0,0.0,0.0,0.0,0.0,0.0,2.23606797749979,2.0,2.8284271247461903,3.605551275463989,4.47213595499958,6.082762530298219,7.0,9.055385138137417,10.44030650891055,12.083045973594572,13.416407864998739,13.038404810405298,12.727922061357855,12.206555615733702,12.529964086141668,13.0,12.083045973594572,9.848857801796104,7.211102550927978,5.830951894845301,6.082762530298219,10.0,14.866068747318506,19.209372712298546,22.80350850198276,26.40075756488817
1787404941.0620265,-70,0.0,35.35533905932738,34.88552708502482,31.78049716414141,25.632011235952593,19.6468827043885,14.142135623730951,9.219544457292887,7.810249675906654,9.219544457292887,12.041594578792296,16.0312195418814,18.027756377319946,19.0,20.024984394500787,19.1049731745428,18.439088914585774,17.08800749063506,15.264337522473747,13.45362404707371,10.63014581273465,8.602325267042627,5.830951894845301,2.23606797749979,1.4142135623730951,4.47213595499958,6.708203932499369,0.0,0.0,0.0,0.0,0.0,0.0,0.0,0.0,0.0,0.0,0.0,3.605551275463989,2.23606797749979,2.23606797749979,4.242640687119285,5.830951894845301,8.06225774829855,9.486832980505138,11.045361017187261,13.038404810405298,15.297058540778355,15.811388300841896,15.652475842498529,16.1245154965971,15.620499351813308,16.401219466856727,16.64331697709324,15.264337522473747,13.038404810405298,9.219544457292887,7.211102550927978,6.082762530298219,9.219544457292887,15.0,21.095023109728988,27.294688127912362,31.76476034853718
1787404941.083248,-70,0.0,30.364452901377952,30.364452901377952,27.892651361962706,23.53720459187964,18.110770276274835,13.0,8.246211251235321,6.4031242374328485,8.06225774829855,11.045361017187261,13.341664064126334,15.297058540778355,17.46424919657298,17.26267650163207,17.11724276862369,16.0,15.033296378372908,13.341664064126334,10.770329614269007,9.433981132056603,7.810249675906654,5.656854249492381,2.23606797749979,1.0,3.605551275463989,5.0,0.0,0.0,0.0,0.0,0.0,0.0,0.0,0.0,0.0,0.0,0.0,2.8284271247461903,2.0,3.605551275463989,5.0,6.4031242374328485,7.211102550927978,8.54400374531753,10.198039027185569,12.041594578792296,13.0,13.038404810405298,13.341664064126334,12.529964086141668,12.806248474865697,12.727922061357855,12.806248474865697,11.40175425099138,10.0,7.0710678118654755,5.385164807134504,5.385164807134504,9.219544457292887,13.416407864998739,19.697715603592208,23.769728648009426,26.248809496813376
1787404941.365385,-73,0.0,28.231188426986208,27.85677655436824,25.632011235952593,22.80350850198276,19.1049731745428,15.132745950421556,12.083045973594572,11.40175425099138,11.704699910719626,13.152946437965905,15.033296378372908,17.029386365926403,19.026297590440446,18.110770276274835,16.492422502470642,14.866068747318506,12.083045973594572,9.433981132056603,7.0710678118654755,5.385164807134504,5.0990195135927845,3.0,1.4142135623730951,1.4142135623730951,3.1622776601683795,4.123105625617661,0.0,0.0,0.0,0.0,0.0,0.0,0.0,0.0,0.0,0.0,0.0,7.615773105863909,5.385164807134504,1.4142135623730951,1.0,3.605551275463989,6.4031242374328485,8.06225774829855,10.770329614269007,13.341664064126334,15.297058540778355,16.1245154965971,16.0312195418814,15.033296378372908,13.341664064126334,13.416407864998739,12.206555615733702,11.40175425099138,8.602325267042627,6.324555320336759,4.123105625617661,5.830951894845301,9.486832980505138,13.341664064126334,17.72004514666935,21.840329667841555,24.351591323771842
1787404941.9804614,-84,0.0,4.47213595499958,4.242640687119285,3.605551275463989,3.0,3.605551275463989,4.242640687119285,5.830951894845301,6.4031242374328485,7.810249675906654,8.48528137423857,8.48528137423857,9.219544457292887,9.433981132056603,9.433981132056603,8.54400374531753,8.54400374531753,7.280109889280518,5.0990195135927845,4.0,2.23606797749979,1.4142135623730951,2.23606797749979,4.242640687119285,5.0,7.211102550927978,8.06225774829855,0.0,0.0,0.0,0.0,0.0,0.0,0.0,0.0,0.0,0.0,0.0,8.06225774829855,7.0,7.0,6.082762530298219,6.082762530298219,5.0990195135927845,5.385164807134504,6.708203932499369,6.324555320336759,4.242640687119285,5.0,5.0,4.123105625617661,4.0,3.0,3.0,5.0990195135927845,6.082762530298219,7.0710678118654755,8.246211251235321,9.486832980505138,10.44030650891055,12.36931687685298,13.601470508735444,13.92838827718412,15.231546211727817
1787404941.9965367,-70,0.0,30.083217912982647,28.460498941515414,25.0,21.587033144922902,17.11724276862369,11.0,6.324555320336759,4.47213595499958,6.324555320336759,9.433981132056603,12.206555615733702,13.601470508735444,15.0,15.264337522473747,14.7648230602334,13.92838827718412,12.649110640673518,12.165525060596439,11.0,11.045361017187261,9.219544457292887,7.280109889280518,5.385164807134504,2.23606797749979,1.0,2.23606797749979,0.0,0.0,0.0,0.0,0.0,0.0,0.0,0.0,0.0,0.0,0.0,2.23606797749979,1.0,2.8284271247461903,4.47213595499958,5.0990195135927845,6.082762530298219,7.615773105863909,10.816653826391969,12.806248474865697,14.212670403551895,15.556349186104045,17.029386365926403,15.264337522473747,14.7648230602334,14.317821063276353,13.92838827718412,12.649110640673518,9.486832980505138,7.280109889280518,5.0,3.0,7.0710678118654755,11.40175425099138,16.64331697709324,21.95449840010015,25.942243542145693
1787404942.000544,-87,0.0,4.0,3.1622776601683795,2.23606797749979,3.605551275463989,3.605551275463989,5.385164807134504,5.830951894845301,8.06225774829855,8.602325267042627,9.219544457292887,10.816653826391969,12.083045973594572,12.649110640673518,12.36931687685298,12.041594578792296,11.045361017187261,10.0,8.06225774829855,5.0,2.0,2.0,3.605551275463989,6.708203932499369,8.94427190999916,10.770329614269007,12.649110640673518,0.0,0.0,0.0,0.0,0.0,0.0,0.0,0.0,0.0,0.0,0.0,12.36931687685298,12.649110640673518,12.083045973594572,13.0,13.038404810405298,12.806248474865697,12.727922061357855,12.727922061357855,12.206555615733702,10.816653826391969,8.94427190999916,8.06225774829855,7.280109889280518,5.0990195135927845,5.0990195135927845,5.0990195135927845,6.082762530298219,7.0710678118654755,8.06225774829855,10.198039027185569,12.165525060596439,13.341664064126334,15.524174696260024,16.492422502470642,16.492422502470642,17.46424919657298
1787404942.000544,-86,0.0,8.48528137423857,7.0710678118654755,5.830951894845301,4.47213595499958,5.0990195135927845,5.0,6.082762530298219,6.082762530298219,7.0710678118654755,9.486832980505138,11.180339887498949,12.529964086141668,13.892443989449804,13.45362404707371,13.45362404707371,12.727922061357855,11.313708498984761,10.63014581273465,7.810249675906654,5.0990195135927845,3.0,2.8284271247461903,5.830951894845301,7.280109889280518,10.198039027185569,11.180339887498949,0.0,0.0,0.0,0.0,0.0,0.0,0.0,0.0,0.0,0.0,0.0,11.045361017187261,11.180339887498949,12.649110640673518,13.92838827718412,14.7648230602334,15.811388300841896,14.212670403551895,12.727922061357855,12.041594578792296,10.816653826391969,10.295630140987,8.06225774829855,7.280109889280518,6.324555320336759,5.385164807134504,6.708203932499369,7.810249675906654,9.219544457292887,12.041594578792296,13.45362404707371,14.866068747318506,17.69180601295413,19.1049731745428,19.1049731745428,19.849433241279208,19.209372712298546
1787404942.012499,-86,0.0,9.055385138137417,7.0710678118654755,7.280109889280518,6.708203932499369,6.4031242374328485,6.4031242374328485,8.48528137423857,8.602325267042627,9.848857801796104,10.770329614269007,11.180339887498949,12.041594578792296,12.0,12.0,10.04987562112089,9.486832980505138,8.246211251235321,6.082762530298219,5.0,3.605551275463989,5.0,5.0990195135927845,7.0,9.0,11.045361017187261,11.045361017187261,0.0,0.0,0.0,0.0,0.0,0.0,0.0,0.0,0.0,0.0,0.0,14.317821063276353,14.142135623730951,14.035668847618199,14.035668847618199,13.152946437965905,13.341664064126334,12.649110640673518,12.649110640673518,9.848857801796104,8.94427190999916,6.708203932499369,7.211102550927978,5.0,5.0,4.47213595499958,5.385164807134504,5.830951894845301,8.94427190999916,10.770329614269007,12.083045973594572,13.601470508735444,14.560219778561036,15.524174696260024,16.492422502470642,17.46424919657298,17.26267650163207
1787404942.2020457,-68,0.0,29.206163733020468,27.202941017470888,25.238858928247925,21.095023109728988,17.0,12.36931687685298,9.055385138137417,7.810249675906654,9.486832980505138,12.0,15.033296378372908,16.1245154965971,17.11724276862369,18.027756377319946,19.0,19.026297590440446,18.110770276274835,16.278820596099706,14.560219778561036,12.649110640673518,9.848857801796104,7.615773105863909,4.47213595499958,2.23606797749979,1.0,3.1622776601683795,0.0,0.0,0.0,0.0,0.0,0.0,0.0,0.0,0.0,0.0,0.0,4.0,2.0,1.0,2.23606797749979,4.0,5.385164807134504,8.06225774829855,10.0,10.63014581273465,12.727922061357855,13.45362404707371,13.601470508735444,12.529964086141668,11.704699910719626,11.40175425099138,11.045361017187261,10.0,7.0,5.0,2.23606797749979,2.23606797749979,5.656854249492381,10.63014581273465,15.620499351813308,20.518284528683193,24.08318915758459
1787404942.2521307,-69,0.0,33.61547262794322,32.7566787083184,30.528675044947494,25.80697580112788,19.849433241279208,15.620499351813308,9.848857801796104,8.06225774829855,10.816653826391969,13.45362404707371,15.652475842498529,17.46424919657298,17.88854381999832,18.35755975068582,18.027756377319946,16.278820596099706,15.620499351813308,14.422205101855956,12.083045973594572,11.40175425099138,10.198039027185569,8.0,5.0,2.0,1.4142135623730951,3.0,0.0,0.0,0.0,0.0,0.0,0.0,0.0,0.0,0.0,0.0,0.0,5.0990195135927845,2.8284271247461903,2.0,3.1622776601683795,6.082762530298219,6.324555320336759,8.06225774829855,10.63014581273465,13.45362404707371,15.620499351813308,16.401219466856727,16.1245154965971,15.231546211727817,14.560219778561036,13.341664064126334,13.152946437965905,12.041594578792296,10.04987562112089,7.280109889280518,4.242640687119285,5.0,8.246211251235321,13.92838827718412,19.697715603592208,25.059928172283335,28.178005607210743
1787404942.2521307,-69,0.0,29.068883707497267,28.160255680657446,25.179356624028344,21.213203435596427,17.46424919657298,13.416407864998739,9.899494936611665,9.486832980505138,10.04987562112089,12.083045973594572,14.422205101855956,15.620499351813308,16.401219466856727,16.64331697709324,16.1245154965971,16.15549442140351,15.524174696260024,14.142135623730951,12.0,10.04987562112089,8.246211251235321,6.708203932499369,4.47213595499958,2.23606797749979,1.0,3.1622776601683795,0.0,0.0,0.0,0.0,0.0,0.0,0.0,0.0,0.0,0.0,0.0,3.605551275463989,2.0,2.23606797749979,3.0,4.47213595499958,6.4031242374328485,8.06225774829855,9.848857801796104,11.180339887498949,13.0,12.649110640673518,13.152946437965905,13.0,13.152946437965905,12.649110640673518,12.083045973594572,10.295630140987,8.06225774829855,6.324555320336759,3.1622776601683795,4.123105625617661,8.0,12.0,18.027756377319946,22.02271554554524,25.019992006393608
1787404942.2521307,-70,0.0,28.460498941515414,28.160255680657446,25.709920264364882,21.587033144922902,17.26267650163207,12.0,8.54400374531753,8.06225774829855,10.0,13.601470508735444,15.231546211727817,16.55294535724685,17.46424919657298,18.384776310850235,18.027756377319946,16.492422502470642,15.132745950421556,13.0,12.165525060596439,10.44030650891055,7.615773105863909,6.708203932499369,3.605551275463989,1.0,2.23606797749979,5.0,0.0,0.0,0.0,0.0,0.0,0.0,0.0,0.0,0.0,0.0,0.0,3.1622776601683795,1.4142135623730951,1.0,3.1622776601683795,4.242640687119285,5.385164807134504,8.06225774829855,10.0,12.165525060596439,14.560219778561036,15.811388300841896,15.652475842498529,15.811388300841896,15.620499351813308,14.866068747318506,14.142135623730951,12.041594578792296,9.219544457292887,7.810249675906654,4.123105625617661,4.47213595499958,6.4031242374328485,9.433981132056603,15.652475842498529,21.02379604162864,24.596747752497688
1787404942.3455248,-91,0.0,13.601470508735444,10.816653826391969,9.433981132056603,6.708203932499369,4.47213595499958,3.1622776601683795,2.23606797749979,2.8284271247461903,4.242640687119285,4.47213595499958,6.324555320336759,7.0710678118654755,9.055385138137417,11.045361017187261,12.165525060596439,12.36931687685298,11.40175425099138,10.44030650891055,8.54400374531753,6.082762530298219,4.123105625617661,3.1622776601683795,3.1622776601683795,5.0990195135927845,6.0,7.0710678118654755,0.0,0.0,0.0,0.0,0.0,0.0,0.0,0.0,0.0,0.0,0.0,6.324555320336759,7.615773105863909,8.94427190999916,9.433981132056603,10.816653826391969,11.40175425099138,11.313708498984761,11.40175425099138,11.661903789690601,10.816653826391969,10.295630140987,7.211102550927978,5.0,3.605551275463989,4.123105625617661,4.123105625617661,5.0990195135927845,6.082762530298219,6.324555320336759,7.211102550927978,9.219544457292887,11.313708498984761,12.806248474865697,13.601470508735444,15.0,15.811388300841896
1787404942.4225261,-69,0.0,28.653097563788805,27.294688127912362,25.942243542145693,23.259406699226016,19.313207915827967,14.317821063276353,9.0,5.385164807134504,5.385164807134504,8.06225774829855,10.198039027185569,11.40175425099138,13.341664064126334,14.142135623730951,15.033296378372908,16.0,15.033296378372908,14.142135623730951,12.36931687685298,11.40175425099138,9.219544457292887,7.0710678118654755,5.0990195135927845,3.605551275463989,4.123105625617661,5.830951894845301,0.0,0.0,0.0,0.0,0.0,0.0,0.0,0.0,0.0,0.0,0.0,3.1622776601683795,2.0,1.0,2.23606797749979,3.1622776601683795,5.0990195135927845,6.708203932499369,8.94427190999916,11.661903789690601,13.038404810405298,15.0,14.866068747318506,15.620499351813308,15.0,15.264337522473747,14.7648230602334,12.083045973594572,8.94427190999916,6.324555320336759,3.605551275463989,2.0,5.0,10.0,14.422205101855956,19.72308292331602,23.323807579381203
1787404942.4225261,-69,0.0,27.65863337187866,25.612496949731394,24.20743687382041,22.20360331117452,18.027756377319946,14.317821063276353,9.219544457292887,6.324555320336759,5.385164807134504,8.0,10.04987562112089,12.165525060596439,14.142135623730951,15.033296378372908,15.0,15.033296378372908,15.132745950421556,14.317821063276353,13.601470508735444,11.40175425099138,9.219544457292887,7.0710678118654755,4.123105625617661,3.605551275463989,4.123105625617661,5.830951894845301,0.0,0.0,0.0,0.0,0.0,0.0,0.0,0.0,0.0,0.0,0.0,3.0,1.4142135623730951,1.0,2.23606797749979,3.0,4.47213595499958,6.4031242374328485,8.48528137423857,11.313708498984761,12.806248474865697,14.422205101855956,15.264337522473747,15.652475842498529,15.811388300841896,16.492422502470642,15.297058540778355,13.152946437965905,11.045361017187261,8.246211251235321,4.47213595499958,3.0,5.830951894845301,10.0,15.556349186104045,20.518284528683193,23.345235059857504
1787404942.438535,-69,0.0,31.400636936215164,32.38826948140329,30.265491900843113,25.079872407968907,20.024984394500787,15.297058540778355,10.770329614269007,7.0710678118654755,6.082762530298219,8.246211251235321,10.770329614269007,12.083045973594572,14.317821063276353,15.231546211727817,15.524174696260024,16.278820596099706,16.1245154965971,15.0,13.038404810405298,12.041594578792296,10.04987562112089,8.06225774829855,5.0,2.8284271247461903,3.1622776601683795,5.0,0.0,0.0,0.0,0.0,0.0,0.0,0.0,0.0,0.0,0.0,0.0,3.605551275463989,2.0,2.8284271247461903,2.0,2.8284271247461903,4.47213595499958,6.082762530298219,8.06225774829855,10.0,12.041594578792296,13.341664064126334,14.866068747318506,15.231546211727817,14.7648230602334,13.601470508735444,13.45362404707371,11.313708498984761,8.48528137423857,5.656854249492381,2.23606797749979,2.23606797749979,6.082762530298219,10.04987562112089,16.1245154965971,21.213203435596427,24.186773244895647
1787404942.438535,-69,0.0,29.068883707497267,28.319604517012593,26.90724809414742,24.041630560342615,19.209372712298546,14.7648230602334,9.486832980505138,7.280109889280518,7.211102550927978,9.486832980505138,11.180339887498949,12.36931687685298,13.341664064126334,14.560219778561036,15.811388300841896,16.15549442140351,14.7648230602334,14.422205101855956,12.806248474865697,11.40175425099138,10.0,7.211102550927978,5.385164807134504,3.0,3.605551275463989,4.0,0.0,0.0,0.0,0.0,0.0,0.0,0.0,0.0,0.0,0.0,0.0,4.47213595499958,2.8284271247461903,2.23606797749979,2.0,2.0,3.605551275463989,6.4031242374328485,8.602325267042627,10.295630140987,12.083045973594572,13.0,14.866068747318506,14.317821063276353,14.142135623730951,14.0,13.038404810405298,11.045361017187261,8.06225774829855,6.082762530298219,3.0,2.0,5.0,10.0,14.212670403551895,20.0,24.20743687382041
1787404942.610807,-71,0.0,27.202941017470888,24.041630560342615,22.135943621178654,19.924858845171276,17.46424919657298,13.152946437965905,9.0,7.280109889280518,8.48528137423857,10.295630140987,13.416407864998739,15.652475842498529,16.1245154965971,16.1245154965971,16.64331697709324,16.401219466856727,15.620499351813308,12.806248474865697,12.083045973594572,10.770329614269007,8.94427190999916,7.211102550927978,5.0,4.0,5.0,5.656854249492381,0.0,0.0,0.0,0.0,0.0,0.0,0.0,0.0,0.0,0.0,0.0,1.4142135623730951,0.0,1.4142135623730951,2.23606797749979,2.0,1.4142135623730951,2.23606797749979,4.242640687119285,6.4031242374328485,8.48528137423857,11.180339887498949,11.40175425099138,11.40175425099138,13.0,13.601470508735444,14.035668847618199,13.038404810405298,11.180339887498949,9.219544457292887,6.0,4.123105625617661,5.656854249492381,9.433981132056603,13.416407864998739,16.15549442140351,19.6468827043885
1787404943.2267761,-71,0.0,24.186773244895647,25.059928172283335,25.059928172283335,23.706539182259394,22.847319317591726,22.135943621178654,19.924858845171276,17.46424919657298,16.492422502470642,15.811388300841896,14.866068747318506,13.0,11.180339887498949,9.848857801796104,9.486832980505138,7.615773105863909,6.708203932499369,5.0,3.605551275463989,3.605551275463989,3.605551275463989,4.123105625617661,4.0,5.0,5.0,4.0,0.0,0.0,0.0,0.0,0.0,0.0,0.0,0.0,0.0,0.0,0.0,5.385164807134504,5.385164807134504,6.324555320336759,7.0,8.06225774829855,9.055385138137417,9.055385138137417,8.06225774829855,10.04987562112089,12.165525060596439,11.180339887498949,9.219544457292887,8.54400374531753,9.848857801796104,11.180339887498949,12.529964086141668,13.892443989449804,15.0,16.401219466856727,17.804493814764857,19.4164878389476,19.4164878389476,20.248456731316587,21.633307652783937,23.021728866442675,23.021728866442675
1787404943.3216922,-73,0.0,27.80287754891569,25.612496949731394,23.430749027719962,21.400934559032695,18.027756377319946,13.92838827718412,11.045361017187261,10.770329614269007,11.40175425099138,13.45362404707371,14.212670403551895,15.0,14.866068747318506,14.866068747318506,13.601470508735444,13.038404810405298,12.083045973594572,10.198039027185569,8.06225774829855,6.0,4.0,2.0,1.0,2.23606797749979,5.0,5.0,0.0,0.0,0.0,0.0,0.0,0.0,0.0,0.0,0.0,0.0,0.0,4.123105625617661,2.23606797749979,1.0,1.0,2.8284271247461903,3.605551275463989,6.082762530298219,9.219544457292887,11.180339887498949,14.035668847618199,15.0,16.0312195418814,15.132745950421556,14.560219778561036,13.0,12.083045973594572,10.295630140987,8.06225774829855,7.615773105863909,7.0710678118654755,8.602325267042627,12.206555615733702,16.1245154965971,19.235384061671343,23.323807579381203,25.553864678361276
1787404943.4175858,-71,0.0,30.01666203960727,28.071337695236398,26.1725046566048,22.20360331117452,15.524174696260024,10.295630140987,8.602325267042627,8.0,10.295630140987,12.206555615733702,12.529964086141668,13.92838827718412,14.560219778561036,14.142135623730951,15.033296378372908,15.132745950421556,15.811388300841896,15.231546211727817,13.892443989449804,13.601470508735444,12.041594578792296,8.48528137423857,5.656854249492381,2.23606797749979,1.0,2.8284271247461903,0.0,0.0,0.0,0.0,0.0,0.0,0.0,0.0,0.0,0.0,0.0,3.605551275463989,4.0,4.47213595499958,4.242640687119285,4.47213595499958,3.0,5.0,8.54400374531753,11.40175425099138,13.601470508735444,15.297058540778355,17.029386365926403,16.0312195418814,15.132745950421556,14.317821063276353,15.524174696260024,14.560219778561036,12.36931687685298,11.045361017187261,8.246211251235321,9.433981132056603,13.152946437965905,15.033296378372908,19.0,25.0,28.0
1787404943.4333825,-71,0.0,28.319604517012593,26.90724809414742,24.08318915758459,19.209372712298546,14.7648230602334,10.198039027185569,7.615773105863909,8.06225774829855,10.198039027185569,11.045361017187261,13.038404810405298,14.142135623730951,14.560219778561036,15.231546211727817,14.7648230602334,15.0,14.866068747318506,14.212670403551895,13.038404810405298,11.180339887498949,8.94427190999916,6.324555320336759,3.1622776601683795,1.0,2.0,4.123105625617661,0.0,0.0,0.0,0.0,0.0,0.0,0.0,0.0,0.0,0.0,0.0,4.0,2.23606797749979,3.0,3.1622776601683795,2.8284271247461903,3.0,5.385164807134504,8.06225774829855,10.0,12.806248474865697,14.866068747318506,15.620499351813308,16.1245154965971,16.55294535724685,16.76305461424021,15.524174696260024,13.601470508735444,11.704699910719626,9.848857801796104,7.810249675906654,7.0,9.848857801796104,14.422205101855956,19.849433241279208,23.345235059857504,25.45584412271571
1787404943.6538286,-70,0.0,29.206163733020468,27.202941017470888,24.413111231467404,21.633307652783937,17.4928556845359,13.0,9.055385138137417,6.708203932499369,8.06225774829855,11.180339887498949,13.152946437965905,15.132745950421556,17.26267650163207,18.439088914585774,19.6468827043885,19.6468827043885,18.027756377319946,15.231546211727817,13.892443989449804,12.206555615733702,9.219544457292887,7.0710678118654755,4.242640687119285,1.4142135623730951,1.0,2.23606797749979,0.0,0.0,0.0,0.0,0.0,0.0,0.0,0.0,0.0,0.0,0.0,2.23606797749979,1.4142135623730951,2.0,4.123105625617661,5.385164807134504,6.082762530298219,7.0,7.280109889280518,8.54400374531753,10.295630140987,11.40175425099138,11.313708498984761,11.40175425099138,11.180339887498949,11.40175425099138,12.041594578792296,11.045361017187261,9.055385138137417,7.0710678118654755,5.385164807134504,3.1622776601683795,5.830951894845301,10.63014581273465,16.278820596099706,21.2602916254693,24.839484696748443
1787404943.6697454,-70,0.0,30.675723300355934,29.410882339705484,26.248809496813376,23.08679276123039,17.46424919657298,13.038404810405298,9.219544457292887,7.0710678118654755,8.246211251235321,11.045361017187261,14.317821063276353,16.278820596099706,18.24828759089466,20.223748416156685,21.095023109728988,21.095023109728988,20.0,18.027756377319946,15.297058540778355,13.601470508735444,10.44030650891055,8.54400374531753,5.830951894845301,3.605551275463989,1.0,1.4142135623730951,0.0,0.0,0.0,0.0,0.0,0.0,0.0,0.0,0.0,0.0,0.0,7.0710678118654755,5.385164807134504,2.0,3.605551275463989,4.47213595499958,8.06225774829855,9.055385138137417,9.055385138137417,10.0,11.180339887498949,11.40175425099138,11.704699910719626,11.661903789690601,12.041594578792296,11.40175425099138,11.661903789690601,11.180339887498949,8.54400374531753,6.708203932499369,4.242640687119285,3.1622776601683795,6.4031242374328485,10.816653826391969,17.0,22.847319317591726,26.0
1787404943.6858783,-70,0.0,27.0,25.0,23.0,19.026297590440446,15.132745950421556,10.44030650891055,7.211102550927978,5.385164807134504,6.324555320336759,9.433981132056603,12.206555615733702,14.422205101855956,17.4928556845359,19.72308292331602,19.72308292331602,19.235384061671343,17.88854381999832,16.15549442140351,14.560219778561036,13.152946437965905,11.045361017187261,9.055385138137417,6.082762530298219,3.1622776601683795,1.0,1.4142135623730951,0.0,0.0,0.0,0.0,0.0,0.0,0.0,0.0,0.0,0.0,0.0,3.1622776601683795,1.0,3.0,3.1622776601683795,5.385164807134504,8.06225774829855,10.0,10.0,10.295630140987,11.180339887498949,11.0,10.198039027185569,10.770329614269007,12.806248474865697,12.806248474865697,12.806248474865697,10.63014581273465,8.602325267042627,8.06225774829855,5.0,2.23606797749979,3.605551275463989,8.54400374531753,14.317821063276353,19.235384061671343,22.090722034374522
1787404943.76777,-68,0.0,37.05401462729781,34.0147027033899,31.064449134018133,27.073972741361768,22.20360331117452,15.811388300841896,10.816653826391969,8.94427190999916,10.04987562112089,13.0,15.264337522473747,17.4928556845359,19.235384061671343,20.12461179749811,20.615528128088304,20.248456731316587,19.6468827043885,19.1049731745428,16.0,14.142135623730951,12.165525060596439,8.246211251235321,5.385164807134504,3.1622776601683795,1.0,4.47213595499958,0.0,0.0,0.0,0.0,0.0,0.0,0.0,0.0,0.0,0.0,0.0,3.605551275463989,2.0,2.0,2.0,2.23606797749979,2.8284271247461903,5.0990195135927845,7.0,10.0,14.0,16.0312195418814,17.26267650163207,18.384776310850235,18.35755975068582,17.88854381999832,17.88854381999832,15.652475842498529,12.529964086141668,8.54400374531753,6.0,5.656854249492381,10.198039027185569,16.0312195418814,21.0,26.019223662515376,30.01666203960727
1787404943.7806776,-68,0.0,28.635642126552707,26.68332812825267,24.515301344262525,21.37755832643195,16.76305461424021,12.529964086141668,8.48528137423857,6.324555320336759,7.280109889280518,9.433981132056603,11.40175425099138,12.806248474865697,14.422205101855956,16.1245154965971,15.652475842498529,15.231546211727817,14.560219778561036,12.041594578792296,11.045361017187261,10.198039027185569,8.54400374531753,6.324555320336759,3.1622776601683795,1.4142135623730951,1.0,3.1622776601683795,0.0,0.0,0.0,0.0,0.0,0.0,0.0,0.0,0.0,0.0,0.0,1.4142135623730951,1.0,1.0,2.23606797749979,2.0,4.47213595499958,7.0710678118654755,9.219544457292887,9.433981132056603,11.704699910719626,12.649110640673518,14.317821063276353,14.035668847618199,14.0,14.035668847618199,13.038404810405298,13.152946437965905,11.045361017187261,8.06225774829855,5.0990195135927845,5.830951894845301,9.055385138137417,13.038404810405298,18.110770276274835,22.360679774997898,24.73863375370596
1787404944.033965,-70,0.0,22.47220505424423,21.95449840010015,22.825424421026653,22.360679774997898,21.02379604162864,19.313207915827967,18.973665961010276,18.027756377319946,18.027756377319946,16.76305461424021,15.524174696260024,13.341664064126334,12.36931687685298,11.40175425099138,10.44030650891055,9.486832980505138,9.848857801796104,8.94427190999916,8.06225774829855,7.810249675906654,9.219544457292887,9.219544457292887,9.219544457292887,10.0,8.602325267042627,7.211102550927978,0.0,0.0,0.0,0.0,0.0,0.0,0.0,0.0,0.0,0.0,0.0,7.615773105863909,7.280109889280518,7.0,7.0,7.0,7.0710678118654755,8.246211251235321,9.219544457292887,9.219544457292887,9.055385138137417,9.219544457292887,10.198039027185569,10.44030650891055,10.44030650891055,10.770329614269007,12.083045973594572,13.416407864998739,13.416407864998739,12.529964086141668,13.416407864998739,13.892443989449804,15.264337522473747,16.401219466856727,17.804493814764857,18.601075237738275,19.209372712298546
1787404944.1652129,-70,0.0,31.38470965295043,30.463092423455635,28.231188426986208,24.698178070456937,19.924858845171276,15.033296378372908,10.198039027185569,7.810249675906654,7.280109889280518,9.055385138137417,12.041594578792296,14.035668847618199,16.0312195418814,17.11724276862369,17.26267650163207,16.76305461424021,16.55294535724685,15.811388300841896,14.866068747318506,14.866068747318506,12.806248474865697,10.816653826391969,8.06225774829855,4.47213595499958,2.23606797749979,1.0,0.0,0.0,0.0,0.0,0.0,0.0,0.0,0.0,0.0,0.0,0.0,2.8284271247461903,1.4142135623730951,1.0,1.4142135623730951,3.1622776601683795,5.0,7.0710678118654755,10.198039027185569,12.649110640673518,15.231546211727817,17.46424919657298,17.88854381999832,18.35755975068582,18.027756377319946,17.804493814764857,17.804493814764857,14.212670403551895,11.40175425099138,8.06225774829855,6.324555320336759,6.324555320336759,9.219544457292887,14.7648230602334,19.235384061671343,23.706539182259394,26.40075756488817
1787404944.5654771,-71,0.0,26.870057685088806,24.758836806279895,21.93171219946131,19.209372712298546,15.0,9.848857801796104,6.0,5.830951894845301,7.211102550927978,9.433981132056603,11.661903789690601,13.038404810405298,13.601470508735444,14.212670403551895,13.45362404707371,13.038404810405298,12.649110640673518,12.041594578792296,13.038404810405298,12.36931687685298,10.770329614269007,8.94427190999916,7.211102550927978,4.242640687119285,2.0,2.23606797749979,0.0,0.0,0.0,0.0,0.0,0.0,0.0,0.0,0.0,0.0,0.0,4.123105625617661,3.0,3.1622776601683795,2.0,0.0,2.8284271247461903,5.656854249492381,9.219544457292887,12.041594578792296,14.866068747318506,16.97056274847714,19.1049731745428,19.849433241279208,20.0,20.0,19.4164878389476,17.204650534085253,14.212670403551895,11.313708498984761,8.94427190999916,9.0,10.770329614269007,14.422205101855956,17.804493814764857,21.93171219946131,24.758836806279895
1787404944.5885682,-71,0.0,26.248809496813376,24.839484696748443,22.02271554554524,19.1049731745428,14.866068747318506,9.433981132056603,6.082762530298219,5.385164807134504,7.0710678118654755,9.433981132056603,11.661903789690601,13.601470508735444,14.212670403551895,14.142135623730951,13.601470508735444,13.416407864998739,12.36931687685298,13.038404810405298,13.152946437965905,12.649110640673518,10.770329614269007,9.848857801796104,7.211102550927978,4.242640687119285,1.0,2.0,0.0,0.0,0.0,0.0,0.0,0.0,0.0,0.0,0.0,0.0,0.0,4.0,3.1622776601683795,3.1622776601683795,2.23606797749979,0.0,2.8284271247461903,5.656854249492381,8.48528137423857,12.041594578792296,14.212670403551895,17.029386365926403,18.601075237738275,19.4164878389476,20.248456731316587,19.72308292331602,19.72308292331602,17.4928556845359,14.422205101855956,12.041594578792296,9.433981132056603,9.055385138137417,10.44030650891055,14.7648230602334,18.601075237738275,21.400934559032695,24.20743687382041
1787404944.6490607,-71,0.0,19.79898987322333,19.79898987322333,20.518284528683193,19.1049731745428,17.804493814764857,15.811388300841896,13.601470508735444,12.041594578792296,10.63014581273465,9.899494936611665,9.899494936611665,9.899494936611665,9.899494936611665,8.602325267042627,8.06225774829855,7.615773105863909,7.280109889280518,7.280109889280518,7.0710678118654755,7.0710678118654755,8.06225774829855,8.06225774829855,9.055385138137417,9.219544457292887,8.54400374531753,8.246211251235321,0.0,0.0,0.0,0.0,0.0,0.0,0.0,0.0,0.0,0.0,0.0,2.23606797749979,1.0,1.4142135623730951,3.1622776601683795,4.47213595499958,6.4031242374328485,7.810249675906654,7.211102550927978,8.06225774829855,9.219544457292887,9.899494936611665,10.63014581273465,10.63014581273465,11.40175425099138,12.206555615733702,12.041594578792296,12.041594578792296,12.806248474865697,13.601470508735444,14.212670403551895,14.212670403551895,15.620499351813308,14.866068747318506,16.278820596099706,18.439088914585774,19.849433241279208
1787404945.79899,-69,0.0,26.90724809414742,26.1725046566048,24.041630560342615,19.849433241279208,14.422205101855956,10.770329614269007,8.0,6.4031242374328485,9.848857801796104,12.649110640673518,16.492422502470642,17.46424919657298,18.439088914585774,18.681541692269406,18.973665961010276,18.788294228055936,18.867962264113206,17.804493814764857,15.556349186104045,12.727922061357855,10.0,6.4031242374328485,3.605551275463989,1.4142135623730951,4.123105625617661,5.385164807134504,0.0,0.0,0.0,0.0,0.0,0.0,0.0,0.0,0.0,0.0,0.0,2.0,1.0,1.0,3.1622776601683795,4.242640687119285,7.615773105863909,11.180339887498949,13.416407864998739,16.15549442140351,18.027756377319946,19.924858845171276,20.8806130178211,20.8806130178211,18.439088914585774,16.1245154965971,14.035668847618199,12.165525060596439,10.198039027185569,6.324555320336759,2.8284271247461903,4.47213595499958,8.602325267042627,13.45362404707371,18.384776310850235,21.93171219946131,23.345235059857504
1787404945.824896,-87,0.0,13.152946437965905,13.038404810405298,13.038404810405298,13.152946437965905,12.36931687685298,11.704699910719626,10.816653826391969,9.219544457292887,8.48528137423857,7.810249675906654,6.4031242374328485,5.656854249492381,5.0,5.0990195135927845,6.0,8.06225774829855,8.246211251235321,10.198039027185569,11.180339887498949,11.180339887498949,11.180339887498949,10.04987562112089,10.04987562112089,9.055385138137417,8.0,8.06225774829855,0.0,0.0,0.0,0.0,0.0,0.0,0.0,0.0,0.0,0.0,0.0,11.704699910719626,11.180339887498949,10.816653826391969,10.0,10.0,8.94427190999916,8.54400374531753,9.055385138137417,10.04987562112089,9.055385138137417,9.0,9.0,9.055385138137417,9.219544457292887,9.486832980505138,8.94427190999916,9.219544457292887,9.219544457292887,8.48528137423857,8.48528137423857,9.219544457292887,9.433981132056603,9.433981132056603,9.848857801796104,10.44030650891055,11.180339887498949
1787404945.871902,-70,0.0,28.160255680657446,26.076809620810597,23.08679276123039,19.026297590440446,14.035668847618199,8.54400374531753,4.47213595499958,6.4031242374328485,9.899494936611665,12.806248474865697,15.0,17.804493814764857,18.601075237738275,18.601075237738275,18.439088914585774,17.69180601295413,17.204650534085253,15.652475842498529,13.92838827718412,12.36931687685298,10.198039027185569,8.06225774829855,5.0,1.0,3.1622776601683795,6.324555320336759,0.0,0.0,0.0,0.0,0.0,0.0,0.0,0.0,0.0,0.0,0.0,2.8284271247461903,1.4142135623730951,1.4142135623730951,3.1622776601683795,4.47213595499958,7.211102550927978,9.219544457292887,12.041594578792296,15.556349186104045,17.69180601295413,19.1049731745428,19.1049731745428,18.384776310850235,17.69180601295413,16.401219466856727,15.264337522473747,13.038404810405298,9.899494936611665,5.830951894845301,4.123105625617661,6.708203932499369,9.219544457292887,14.142135623730951,18.24828759089466,23.345235059857504,26.476404589747453
1787404945.958783,-70,0.0,30.610455730027933,29.206163733020468,25.80697580112788,21.633307652783937,17.88854381999832,14.317821063276353,11.045361017187261,10.0,10.816653826391969,13.0,16.15549442140351,17.08800749063506,18.027756377319946,18.384776310850235,17.88854381999832,17.4928556845359,15.811388300841896,13.45362404707371,11.40175425099138,8.94427190999916,7.280109889280518,5.0990195135927845,3.0,1.4142135623730951,1.4142135623730951,3.0,0.0,0.0,0.0,0.0,0.0,0.0,0.0,0.0,0.0,0.0,0.0,1.0,1.0,2.0,2.23606797749979,2.8284271247461903,4.123105625617661,6.082762530298219,7.615773105863909,10.295630140987,12.529964086141668,14.422205101855956,15.620499351813308,15.556349186104045,15.620499351813308,15.811388300841896,14.7648230602334,12.529964086141668,9.848857801796104,7.810249675906654,5.385164807134504,5.385164807134504,7.810249675906654,12.806248474865697,17.204650534085253,21.400934559032695,24.20743687382041
1787404946.0302868,-71,0.0,32.984845004941285,31.78049716414141,28.442925306655784,24.331050121192877,20.024984394500787,16.278820596099706,13.038404810405298,12.529964086141668,14.142135623730951,16.0,19.026297590440446,20.0,21.213203435596427,20.615528128088304,20.248456731316587,19.235384061671343,19.4164878389476,17.029386365926403,12.806248474865697,8.94427190999916,7.280109889280518,5.0990195135927845,4.242640687119285,2.0,2.23606797749979,3.0,0.0,0.0,0.0,0.0,0.0,0.0,0.0,0.0,0.0,0.0,0.0,0.0,1.4142135623730951,2.23606797749979,2.23606797749979,2.0,3.605551275463989,5.0,8.94427190999916,11.704699910719626,14.866068747318506,15.811388300841896,15.524174696260024,15.132745950421556,15.0,15.132745950421556,14.317821063276353,12.649110640673518,9.219544457292887,7.0,6.708203932499369,8.06225774829855,11.40175425099138,15.297058540778355,20.223748416156685,25.317977802344327,28.442925306655784
1787404946.0459025,-71,0.0,29.068883707497267,27.730849247724095,25.079872407968907,21.540659228538015,16.492422502470642,13.038404810405298,11.180339887498949,10.0,12.649110640673518,15.297058540778355,17.26267650163207,17.26267650163207,17.46424919657298,18.027756377319946,17.88854381999832,17.4928556845359,15.620499351813308,14.212670403551895,11.661903789690601,9.848857801796104,8.246211251235321,6.0,3.1622776601683795,1.0,2.23606797749979,3.605551275463989,0.0,0.0,0.0,0.0,0.0,0.0,0.0,0.0,0.0,0.0,0.0,0.0,1.4142135623730951,2.23606797749979,3.1622776601683795,2.0,2.8284271247461903,5.0990195135927845,7.0,10.04987562112089,12.041594578792296,13.152946437965905,13.341664064126334,12.649110640673518,12.083045973594572,13.038404810405298,12.806248474865697,10.63014581273465,8.602325267042627,6.708203932499369,5.0990195135927845,6.4031242374328485,10.0,13.416407864998739,17.46424919657298,22.360679774997898,25.059928172283335
1787404946.0775366,-71,0.0,28.600699292150182,28.0178514522438,26.40075756488817,22.67156809750927,17.69180601295413,13.416407864998739,11.045361017187261,10.770329614269007,12.806248474865697,14.142135623730951,15.620499351813308,16.401219466856727,17.804493814764857,17.69180601295413,17.204650534085253,16.1245154965971,15.231546211727817,13.152946437965905,12.041594578792296,10.198039027185569,7.615773105863909,5.830951894845301,2.8284271247461903,2.0,2.8284271247461903,4.0,0.0,0.0,0.0,0.0,0.0,0.0,0.0,0.0,0.0,0.0,0.0,0.0,1.0,2.0,2.23606797749979,2.23606797749979,3.0,5.385164807134504,8.06225774829855,10.295630140987,13.038404810405298,14.422205101855956,14.212670403551895,14.142135623730951,14.212670403551895,13.601470508735444,12.529964086141668,10.295630140987,8.602325267042627,7.0710678118654755,6.324555320336759,7.280109889280518,10.295630140987,13.601470508735444,17.204650534085253,21.633307652783937,23.853720883753127
1787404946.0775366,-71,0.0,28.653097563788805,27.294688127912362,25.495097567963924,21.93171219946131,18.027756377319946,13.038404810405298,10.770329614269007,10.63014581273465,11.704699910719626,13.152946437965905,15.132745950421556,16.492422502470642,17.72004514666935,17.46424919657298,17.0,16.1245154965971,14.212670403551895,13.45362404707371,11.40175425099138,8.94427190999916,8.06225774829855,6.082762530298219,3.1622776601683795,2.23606797749979,2.8284271247461903,3.605551275463989,0.0,0.0,0.0,0.0,0.0,0.0,0.0,0.0,0.0,0.0,0.0,1.4142135623730951,0.0,2.0,2.0,2.23606797749979,3.1622776601683795,6.082762530298219,9.0,11.045361017187261,14.035668847618199,15.132745950421556,15.297058540778355,14.866068747318506,14.317821063276353,13.892443989449804,12.206555615733702,10.816653826391969,8.94427190999916,7.280109889280518,6.082762530298219,7.810249675906654,9.219544457292887,13.038404810405298,18.867962264113206,23.323807579381203,24.186773244895647
1787404946.2833626,-72,0.0,21.840329667841555,21.587033144922902,21.37755832643195,20.396078054371138,20.223748416156685,19.235384061671343,18.110770276274835,16.0312195418814,15.033296378372908,14.035668847618199,13.038404810405298,11.180339887498949,10.198039027185569,9.219544457292887,8.246211251235321,7.280109889280518,7.280109889280518,6.708203932499369,6.4031242374328485,6.4031242374328485,6.4031242374328485,7.211102550927978,7.211102550927978,7.211102550927978,6.4031242374328485,6.4031242374328485,0.0,0.0,0.0,0.0,0.0,0.0,0.0,0.0,0.0,0.0,0.0,5.830951894845301,4.47213595499958,3.605551275463989,2.8284271247461903,2.23606797749979,3.0,4.123105625617661,5.0990195135927845,6.324555320336759,7.280109889280518,7.280109889280518,8.246211251235321,8.246211251235321,9.219544457292887,10.44030650891055,11.704699910719626,11.704699910719626,13.0,13.92838827718412,14.866068747318506,15.231546211727817,16.15549442140351,17.46424919657298,18.384776310850235,19.697715603592208,20.615528128088304
1787404946.3946538,-85,0.0,21.540659228538015,21.02379604162864,19.72308292331602,19.4164878389476,18.439088914585774,18.439088914585774,18.384776310850235,17.804493814764857,17.804493814764857,18.601075237738275,17.204650534085253,17.804493814764857,16.278820596099706,15.556349186104045,13.45362404707371,12.041594578792296,9.899494936611665,7.810249675906654,7.615773105863909,8.246211251235321,9.055385138137417,11.045361017187261,13.038404810405298,15.033296378372908,17.11724276862369,18.24828759089466,0.0,0.0,0.0,0.0,0.0,0.0,0.0,0.0,0.0,0.0,0.0,5.656854249492381,7.0710678118654755,9.219544457292887,10.0,10.816653826391969,11.180339887498949,12.083045973594572,12.083045973594572,11.704699910719626,10.770329614269007,9.486832980505138,8.06225774829855,7.0710678118654755,7.211102550927978,8.54400374531753,9.219544457292887,11.045361017187261,13.0,14.035668847618199,15.132745950421556,16.278820596099706,17.26267650163207,17.46424919657298,18.681541692269406,18.973665961010276,20.248456731316587
1787404946.695468,-88,0.0,14.866068747318506,15.620499351813308,17.029386365926403,18.601075237738275,20.0,20.615528128088304,22.02271554554524,22.67156809750927,23.345235059857504,22.627416997969522,21.93171219946131,21.2602916254693,19.209372712298546,17.804493814764857,16.401219466856727,15.0,12.041594578792296,9.219544457292887,9.219544457292887,7.810249675906654,5.0,5.0,4.47213595499958,3.0,3.0,3.1622776601683795,0.0,0.0,0.0,0.0,0.0,0.0,0.0,0.0,0.0,0.0,0.0,3.605551275463989,3.605551275463989,4.123105625617661,5.0990195135927845,6.082762530298219,7.0710678118654755,8.06225774829855,9.219544457292887,10.198039027185569,11.180339887498949,12.165525060596439,12.36931687685298,13.341664064126334,12.36931687685298,13.341664064126334,12.649110640673518,13.341664064126334,13.341664064126334,13.152946437965905,13.0,13.038404810405298,12.165525060596439,12.36931687685298,12.36931687685298,11.704699910719626,11.704699910719626
1787404947.17125,-66,0.0,25.0,25.0,22.80350850198276,18.867962264113206,14.317821063276353,10.44030650891055,5.0,4.0,8.06225774829855,10.198039027185569,12.041594578792296,13.152946437965905,13.152946437965905,16.0,17.0,17.46424919657298,17.72004514666935,17.26267650163207,15.132745950421556,13.0,12.206555615733702,9.899494936611665,5.656854249492381,3.605551275463989,1.4142135623730951,2.23606797749979,0.0,0.0,0.0,0.0,0.0,0.0,0.0,0.0,0.0,0.0,0.0,6.4031242374328485,5.656854249492381,4.242640687119285,2.23606797749979,0.0,3.605551275463989,6.4031242374328485,8.602325267042627,10.816653826391969,13.038404810405298,14.422205101855956,14.7648230602334,14.317821063276353,14.317821063276353,13.92838827718412,12.649110640673518,10.770329614269007,7.615773105863909,5.0,4.123105625617661,5.830951894845301,9.219544457292887,13.45362404707371,18.439088914585774,22.02271554554524,25.0
1787404947.1873503,-35,0.0,13.0,13.0,12.0,13.0,12.0,12.041594578792296,12.041594578792296,13.152946437965905,12.165525060596439,12.165525060596439,13.341664064126334,13.341664064126334,13.341664064126334,13.341664064126334,14.560219778561036,14.560219778561036,15.524174696260024,14.560219778561036,14.317821063276353,15.297058540778355,14.142135623730951,14.142135623730951,15.033296378372908,14.0,13.0,13.152946437965905,0.0,0.0,0.0,0.0,0.0,0.0,0.0,0.0,0.0,0.0,0.0,11.40175425099138,9.486832980505138,12.36931687685298,11.40175425099138,11.180339887498949,11.180339887498949,12.083045973594572,12.529964086141668,12.529964086141668,12.529964086141668,11.661903789690601,12.529964086141668,12.529964086141668,11.661903789690601,12.083045973594572,11.180339887498949,10.770329614269007,11.704699910719626,11.704699910719626,11.40175425099138,12.36931687685298,11.40175425099138,12.165525060596439,12.165525060596439,12.165525060596439,12.165525060596439
1787404947.2508044,-68,0.0,32.69556544854363,30.463092423455635,26.92582403567252,23.40939982143925,18.681541692269406,13.152946437965905,8.06225774829855,5.656854249492381,8.246211251235321,11.045361017187261,13.038404810405298,16.0312195418814,17.0,18.027756377319946,18.110770276274835,17.46424919657298,16.76305461424021,14.317821063276353,12.206555615733702,10.63014581273465,9.219544457292887,6.4031242374328485,3.605551275463989,0.0,2.23606797749979,4.47213595499958,0.0,0.0,0.0,0.0,0.0,0.0,0.0,0.0,0.0,0.0,0.0,3.1622776601683795,2.0,2.0,1.0,3.1622776601683795,6.082762530298219,9.0,11.045361017187261,13.341664064126334,16.76305461424021,19.313207915827967,19.697715603592208,19.72308292331602,19.4164878389476,19.209372712298546,18.439088914585774,15.620499351813308,12.206555615733702,9.848857801796104,7.280109889280518,7.615773105863909,11.313708498984761,15.811388300841896,21.095023109728988,25.942243542145693,29.546573405388315
1787404947.607816,-69,0.0,28.792360097775937,28.231188426986208,26.0,21.93171219946131,17.4928556845359,13.45362404707371,9.433981132056603,8.06225774829855,8.54400374531753,10.816653826391969,12.806248474865697,15.0,15.620499351813308,16.64331697709324,16.55294535724685,16.15549442140351,15.524174696260024,14.142135623730951,13.0,12.165525060596439,10.198039027185569,8.246211251235321,6.082762530298219,3.0,1.0,2.8284271247461903,0.0,0.0,0.0,0.0,0.0,0.0,0.0,0.0,0.0,0.0,0.0,3.605551275463989,2.8284271247461903,2.23606797749979,2.23606797749979,2.23606797749979,3.1622776601683795,4.242640687119285,7.211102550927978,10.0,13.038404810405298,14.7648230602334,16.55294535724685,17.08800749063506,15.811388300841896,15.524174696260024,13.341664064126334,11.180339887498949,9.219544457292887,6.708203932499369,6.4031242374328485,7.0710678118654755,10.198039027185569,14.560219778561036,19.313207915827967,23.40939982143925,25.632011235952593
1787404947.6377287,-70,0.0,28.653097563788805,26.419689627245813,24.186773244895647,21.095023109728988,17.204650534085253,12.727922061357855,8.94427190999916,7.0,8.06225774829855,10.63014581273465,12.727922061357855,13.45362404707371,14.212670403551895,15.0,14.422205101855956,14.317821063276353,13.601470508735444,12.165525060596439,11.0,10.198039027185569,8.54400374531753,6.708203932499369,3.605551275463989,1.4142135623730951,1.0,3.605551275463989,0.0,0.0,0.0,0.0,0.0,0.0,0.0,0.0,0.0,0.0,0.0,3.0,2.23606797749979,1.4142135623730951,1.0,1.4142135623730951,3.1622776601683795,5.0,8.48528137423857,11.313708498984761,14.212670403551895,15.811388300841896,17.4928556845359,17.88854381999832,17.46424919657298,17.08800749063506,15.811388300841896,14.560219778561036,11.704699910719626,8.94427190999916,7.0710678118654755,7.280109889280518,9.055385138137417,12.649110640673518,17.46424919657298,22.360679774997898,25.059928172283335
1787404947.6713748,-70,0.0,26.0,24.698178070456937,22.47220505424423,18.973665961010276,14.866068747318506,11.40175425099138,8.0,6.4031242374328485,8.06225774829855,10.44030650891055,12.36931687685298,12.36931687685298,13.341664064126334,13.92838827718412,13.892443989449804,13.601470508735444,12.041594578792296,11.40175425099138,11.661903789690601,11.180339887498949,9.848857801796104,8.54400374531753,5.385164807134504,1.4142135623730951,2.0,4.0,0.0,0.0,0.0,0.0,0.0,0.0,0.0,0.0,0.0,0.0,0.0,4.242640687119285,4.242640687119285,3.1622776601683795,3.0,0.0,3.1622776601683795,6.082762530298219,9.219544457292887,11.40175425099138,13.601470508735444,15.811388300841896,15.811388300841896,15.652475842498529,16.1245154965971,16.64331697709324,15.0,12.206555615733702,10.0,7.615773105863909,6.0,7.211102550927978,9.219544457292887,12.529964086141668,17.46424919657298,20.615528128088304,22.47220505424423
1787404947.9168932,-71,0.0,27.892651361962706,26.68332812825267,24.73863375370596,21.587033144922902,18.439088914585774,14.035668847618199,10.04987562112089,6.708203932499369,5.830951894845301,7.0710678118654755,10.0,12.041594578792296,14.035668847618199,14.035668847618199,14.035668847618199,14.0,12.041594578792296,11.180339887498949,9.486832980505138,6.708203932499369,5.0,3.605551275463989,2.0,2.23606797749979,3.0,5.0,0.0,0.0,0.0,0.0,0.0,0.0,0.0,0.0,0.0,0.0,0.0,5.0990195135927845,3.1622776601683795,1.4142135623730951,0.0,3.1622776601683795,5.0990195135927845,8.06225774829855,11.045361017187261,13.0,15.033296378372908,16.1245154965971,16.278820596099706,15.811388300841896,16.15549442140351,15.652475842498529,15.264337522473747,13.601470508735444,10.816653826391969,7.615773105863909,5.0,5.0,8.54400374531753,12.165525060596439,16.278820596099706,20.223748416156685,23.345235059857504
1787404948.0467188,-71,0.0,29.017236257093817,28.0178514522438,25.019992006393608,21.0,17.029386365926403,13.341664064126334,10.816653826391969,9.433981132056603,11.045361017187261,13.152946437965905,14.317821063276353,15.297058540778355,17.11724276862369,17.029386365926403,17.0,16.1245154965971,14.560219778561036,13.416407864998739,11.661903789690601,9.899494936611665,8.602325267042627,6.4031242374328485,4.242640687119285,1.4142135623730951,2.0,4.0,0.0,0.0,0.0,0.0,0.0,0.0,0.0,0.0,0.0,0.0,0.0,3.1622776601683795,3.605551275463989,2.8284271247461903,1.0,1.0,1.4142135623730951,4.242640687119285,6.708203932499369,9.848857801796104,12.649110640673518,13.601470508735444,14.317821063276353,14.035668847618199,15.033296378372908,16.1245154965971,15.297058540778355,12.165525060596439,10.198039027185569,8.06225774829855,6.082762530298219,5.656854249492381,8.54400374531753,12.041594578792296,17.0,21.0,24.0
1787404948.840362,-69,0.0,32.202484376209235,30.610455730027933,27.65863337187866,23.430749027719962,17.4928556845359,11.704699910719626,7.280109889280518,6.4031242374328485,7.0,9.486832980505138,13.601470508735444,17.26267650163207,19.1049731745428,20.09975124224178,21.095023109728988,21.0,20.0,19.026297590440446,16.1245154965971,14.142135623730951,12.36931687685298,10.770329614269007,8.246211251235321,6.082762530298219,4.242640687119285,3.1622776601683795,0.0,0.0,0.0,0.0,0.0,0.0,0.0,0.0,0.0,0.0,0.0,3.1622776601683795,2.23606797749979,1.4142135623730951,1.0,2.8284271247461903,5.830951894845301,8.602325267042627,11.40175425099138,13.038404810405298,15.0,16.64331697709324,17.46424919657298,17.46424919657298,15.132745950421556,14.035668847618199,15.132745950421556,15.297058540778355,13.152946437965905,10.44030650891055,8.602325267042627,6.082762530298219,8.54400374531753,13.601470508735444,20.518284528683193,26.870057685088806,31.11269837220809
1787404949.045483,-73,0.0,21.95449840010015,22.47220505424423,22.20360331117452,22.80350850198276,21.400934559032695,19.849433241279208,19.1049731745428,16.97056274847714,14.866068747318506,14.142135623730951,12.727922061357855,11.40175425099138,10.0,8.94427190999916,8.246211251235321,8.246211251235321,7.280109889280518,7.0710678118654755,7.0,7.280109889280518,8.54400374531753,8.54400374531753,8.246211251235321,8.246211251235321,8.246211251235321,7.280109889280518,0.0,0.0,0.0,0.0,0.0,0.0,0.0,0.0,0.0,0.0,0.0,3.605551275463989,2.8284271247461903,1.4142135623730951,1.0,2.0,2.23606797749979,3.605551275463989,4.47213595499958,5.0990195135927845,5.0990195135927845,6.082762530298219,5.0990195135927845,5.385164807134504,6.4031242374328485,7.0710678118654755,9.219544457292887,9.219544457292887,10.63014581273465,10.63014581273465,11.40175425099138,11.661903789690601,13.892443989449804,16.1245154965971,17.0,17.88854381999832,19.235384061671343
1787404949.0975435,-72,0.0,37.589892258425,36.71511950137164,34.132096331752024,29.410882339705484,23.345235059857504,17.204650534085253,11.704699910719626,10.198039027185569,10.816653826391969,12.806248474865697,15.0,17.204650534085253,18.601075237738275,19.1049731745428,18.439088914585774,18.027756377319946,16.55294535724685,14.560219778561036,13.038404810405298,11.0,9.0,6.0,3.605551275463989,3.0,4.242640687119285,6.4031242374328485,0.0,0.0,0.0,0.0,0.0,0.0,0.0,0.0,0.0,0.0,0.0,1.4142135623730951,2.23606797749979,4.47213595499958,5.385164807134504,6.082762530298219,8.0,11.40175425099138,12.649110640673518,16.15549442140351,18.788294228055936,19.235384061671343,18.601075237738275,18.384776310850235,17.804493814764857,17.0,15.652475842498529,13.416407864998739,10.295630140987,7.211102550927978,4.47213595499958,5.0990195135927845,8.06225774829855,13.038404810405298,19.72308292331602,25.553864678361276,29.154759474226502
1787404949.1650548,-71,0.0,30.01666203960727,30.886890422961002,28.653097563788805,24.186773244895647,18.788294228055936,13.341664064126334,8.0,5.0,5.0,8.54400374531753,9.848857801796104,9.486832980505138,9.219544457292887,10.04987562112089,10.0,10.44030650891055,11.180339887498949,9.433981132056603,8.48528137423857,10.0,8.602325267042627,5.0,2.8284271247461903,2.23606797749979,2.23606797749979,3.605551275463989,0.0,0.0,0.0,0.0,0.0,0.0,0.0,0.0,0.0,0.0,0.0,3.605551275463989,2.23606797749979,1.0,3.1622776601683795,5.0990195135927845,7.280109889280518,9.486832980505138,11.40175425099138,13.601470508735444,15.811388300841896,16.15549442140351,17.0,17.204650534085253,17.029386365926403,16.278820596099706,14.866068747318506,10.816653826391969,7.810249675906654,5.830951894845301,4.123105625617661,7.0710678118654755,10.295630140987,13.92838827718412,18.973665961010276,23.40939982143925,24.698178070456937
1787404949.1864974,-71,0.0,29.154759474226502,28.231188426986208,26.0,21.93171219946131,17.4928556845359,12.041594578792296,6.708203932499369,5.0,6.708203932499369,9.219544457292887,12.165525060596439,13.152946437965905,14.317821063276353,13.92838827718412,13.416407864998739,12.806248474865697,12.727922061357855,10.816653826391969,10.295630140987,9.848857801796104,8.54400374531753,6.708203932499369,5.0,2.23606797749979,2.23606797749979,5.0,0.0,0.0,0.0,0.0,0.0,0.0,0.0,0.0,0.0,0.0,0.0,4.0,2.0,1.4142135623730951,3.1622776601683795,4.123105625617661,6.082762530298219,9.055385138137417,12.0,15.0,17.029386365926403,18.027756377319946,19.0,19.026297590440446,18.110770276274835,17.26267650163207,15.524174696260024,13.601470508735444,10.44030650891055,7.0710678118654755,4.47213595499958,5.0990195135927845,9.219544457292887,13.0,18.788294228055936,23.259406699226016,25.495097567963924
1787404949.6568446,-72,0.0,23.194827009486403,23.194827009486403,24.08318915758459,23.021728866442675,23.0,22.02271554554524,20.024984394500787,18.110770276274835,17.11724276862369,15.132745950421556,14.035668847618199,13.038404810405298,12.041594578792296,11.045361017187261,11.045361017187261,10.04987562112089,8.0,7.0,6.082762530298219,6.082762530298219,5.385164807134504,5.830951894845301,5.656854249492381,5.0,5.830951894845301,5.830951894845301,0.0,0.0,0.0,0.0,0.0,0.0,0.0,0.0,0.0,0.0,0.0,4.0,3.1622776601683795,2.8284271247461903,2.23606797749979,3.1622776601683795,4.123105625617661,5.0,6.082762530298219,7.0710678118654755,8.246211251235321,8.246211251235321,9.055385138137417,10.04987562112089,11.045361017187261,12.041594578792296,13.0,13.0,13.0,14.035668847618199,15.132745950421556,16.1245154965971,16.1245154965971,16.1245154965971,17.26267650163207,19.4164878389476,20.396078054371138
1787404949.6568446,-91,0.0,20.591260281974,17.4928556845359,13.892443989449804,11.661903789690601,8.06225774829855,4.47213595499958,2.23606797749979,1.0,2.23606797749979,4.123105625617661,6.082762530298219,6.082762530298219,6.324555320336759,6.708203932499369,8.48528137423857,10.0,10.0,10.816653826391969,10.295630140987,8.06225774829855,6.708203932499369,4.47213595499958,3.1622776601683795,1.0,2.23606797749979,3.605551275463989,0.0,0.0,0.0,0.0,0.0,0.0,0.0,0.0,0.0,0.0,0.0,17.204650534085253,18.027756377319946,17.204650534085253,16.97056274847714,15.620499351813308,13.892443989449804,14.560219778561036,14.142135623730951,14.0,14.142135623730951,13.92838827718412,13.0,11.661903789690601,11.180339887498949,10.770329614269007,8.246211251235321,7.0710678118654755,6.0,4.47213595499958,5.385164807134504,5.656854249492381,6.4031242374328485,6.708203932499369,7.615773105863909,8.54400374531753,9.848857801796104
1787404949.87415,-69,0.0,22.47220505424423,23.021728866442675,22.47220505424423,20.808652046684813,20.615528128088304,19.849433241279208,19.1049731745428,17.69180601295413,15.556349186104045,14.866068747318506,13.45362404707371,11.313708498984761,10.63014581273465,9.219544457292887,7.810249675906654,7.211102550927978,5.385164807134504,5.0990195135927845,6.0,7.0,7.0,7.0,7.0,7.0,7.0710678118654755,6.082762530298219,0.0,0.0,0.0,0.0,0.0,0.0,0.0,0.0,0.0,0.0,0.0,6.4031242374328485,5.656854249492381,6.4031242374328485,7.211102550927978,8.06225774829855,8.94427190999916,9.433981132056603,10.816653826391969,11.40175425099138,11.40175425099138,11.40175425099138,11.40175425099138,12.206555615733702,13.601470508735444,13.601470508735444,13.038404810405298,13.892443989449804,14.7648230602334,16.1245154965971,17.4928556845359,18.35755975068582,18.35755975068582,19.235384061671343,20.591260281974,20.591260281974,21.470910553583888
1787404950.3214471,-70,0.0,27.85677655436824,26.92582403567252,23.769728648009426,19.697715603592208,16.1245154965971,10.63014581273465,7.615773105863909,5.0,5.830951894845301,9.486832980505138,13.0,14.866068747318506,15.524174696260024,15.811388300841896,16.15549442140351,15.652475842498529,14.422205101855956,13.601470508735444,12.806248474865697,12.083045973594572,9.848857801796104,7.280109889280518,4.0,1.0,1.0,3.605551275463989,0.0,0.0,0.0,0.0,0.0,0.0,0.0,0.0,0.0,0.0,0.0,3.0,1.0,1.0,3.1622776601683795,4.242640687119285,6.708203932499369,8.54400374531753,9.055385138137417,11.045361017187261,13.038404810405298,14.035668847618199,14.0,14.142135623730951,13.341664064126334,12.649110640673518,11.704699910719626,11.180339887498949,8.94427190999916,7.280109889280518,5.0,5.0,7.280109889280518,12.0,17.46424919657298,21.840329667841555,25.0
1787404950.3372347,-69,0.0,33.301651610693426,31.89043743820395,26.90724809414742,21.93171219946131,18.439088914585774,14.7648230602334,11.045361017187261,8.94427190999916,10.295630140987,12.649110640673518,15.524174696260024,17.46424919657298,20.396078054371138,22.561028345356956,23.08679276123039,21.93171219946131,18.867962264113206,15.620499351813308,14.866068747318506,13.601470508735444,11.40175425099138,9.219544457292887,5.656854249492381,2.8284271247461903,1.0,3.1622776601683795,0.0,0.0,0.0,0.0,0.0,0.0,0.0,0.0,0.0,0.0,0.0,3.605551275463989,1.4142135623730951,1.0,2.23606797749979,4.123105625617661,6.708203932499369,8.48528137423857,10.816653826391969,12.529964086141668,14.317821063276353,16.15549442140351,15.811388300841896,16.278820596099706,16.0312195418814,15.0,14.035668847618199,12.041594578792296,10.0,8.06225774829855,5.0990195135927845,4.123105625617661,8.54400374531753,16.15549442140351,22.360679774997898,26.92582403567252,29.68164415931166
1787404950.351719,-69,0.0,29.832867780352597,29.206163733020468,25.0,21.400934559032695,16.64331697709324,12.083045973594572,7.0,5.656854249492381,8.246211251235321,12.041594578792296,14.0,16.0312195418814,18.027756377319946,18.110770276274835,18.439088914585774,16.492422502470642,15.652475842498529,15.0,13.45362404707371,12.206555615733702,10.816653826391969,8.602325267042627,5.0,2.23606797749979,1.4142135623730951,4.123105625617661,0.0,0.0,0.0,0.0,0.0,0.0,0.0,0.0,0.0,0.0,0.0,3.0,2.23606797749979,2.23606797749979,1.0,2.23606797749979,3.0,5.385164807134504,8.06225774829855,10.0,12.806248474865697,13.45362404707371,14.866068747318506,15.0,14.7648230602334,13.92838827718412,12.649110640673518,11.704699910719626,10.44030650891055,8.54400374531753,5.656854249492381,5.0,8.94427190999916,14.212670403551895,19.79898987322333,24.758836806279895,28.319604517012593
1787404951.950385,-35,0.0,13.0,12.0,12.0,12.041594578792296,12.041594578792296,12.041594578792296,12.165525060596439,12.165525060596439,12.165525060596439,12.36931687685298,12.649110640673518,12.649110640673518,12.649110640673518,13.0,13.92838827718412,13.92838827718412,13.92838827718412,13.601470508735444,13.601470508735444,14.560219778561036,14.560219778561036,13.341664064126334,14.142135623730951,13.038404810405298,13.038404810405298,13.0,0.0,0.0,0.0,0.0,0.0,0.0,0.0,0.0,0.0,0.0,0.0,11.180339887498949,11.40175425099138,11.704699910719626,11.704699910719626,12.083045973594572,12.083045973594572,12.529964086141668,12.529964086141668,12.529964086141668,12.529964086141668,13.038404810405298,12.529964086141668,12.083045973594572,12.083045973594572,12.083045973594572,12.083045973594572,11.704699910719626,11.704699910719626,11.40175425099138,11.40175425099138,11.40175425099138,11.180339887498949,12.165525060596439,12.165525060596439,12.041594578792296,12.165525060596439
1787404951.968082,-35,0.0,13.601470508735444,13.601470508735444,13.601470508735444,13.601470508735444,13.601470508735444,13.601470508735444,13.038404810405298,13.038404810405298,13.416407864998739,13.416407864998739,13.92838827718412,13.92838827718412,14.866068747318506,14.866068747318506,14.866068747318506,14.866068747318506,16.15549442140351,16.15549442140351,16.15549442140351,16.15549442140351,15.652475842498529,16.1245154965971,15.264337522473747,14.422205101855956,14.422205101855956,14.212670403551895,0.0,0.0,0.0,0.0,0.0,0.0,0.0,0.0,0.0,0.0,0.0,12.041594578792296,12.206555615733702,12.206555615733702,12.529964086141668,13.038404810405298,13.038404810405298,13.416407864998739,13.416407864998739,13.416407864998739,13.0,13.416407864998739,13.416407864998739,13.0,12.083045973594572,12.529964086141668,13.038404810405298,11.661903789690601,12.206555615733702,12.206555615733702,12.206555615733702,12.806248474865697,12.806248474865697,13.45362404707371,12.041594578792296,12.727922061357855,13.45362404707371
1787404952.125215,-88,0.0,12.041594578792296,13.601470508735444,13.601470508735444,14.212670403551895,15.0,15.811388300841896,17.204650534085253,17.804493814764857,17.804493814764857,16.401219466856727,16.278820596099706,16.278820596099706,14.142135623730951,12.727922061357855,12.041594578792296,10.63014581273465,9.219544457292887,8.602325267042627,7.211102550927978,5.656854249492381,5.656854249492381,5.0,5.0,5.0,5.0,5.0,0.0,0.0,0.0,0.0,0.0,0.0,0.0,0.0,0.0,0.0,0.0,3.1622776601683795,2.23606797749979,3.1622776601683795,2.0,3.0,3.0,4.0,4.0,5.0,6.0,8.0,8.06225774829855,8.0,9.0,9.0,9.0,9.055385138137417,10.0,10.0,10.04987562112089,11.045361017187261,11.045361017187261,11.045361017187261,11.180339887498949,11.180339887498949,11.180339887498949
1787404952.2182834,-69,0.0,33.1058907144937,30.463092423455635,26.40075756488817,21.93171219946131,16.76305461424021,12.041594578792296,7.615773105863909,6.708203932499369,9.0,11.0,12.36931687685298,15.231546211727817,15.264337522473747,15.620499351813308,14.866068747318506,14.142135623730951,15.620499351813308,14.422205101855956,10.770329614269007,10.198039027185569,10.04987562112089,7.0710678118654755,5.385164807134504,3.605551275463989,3.0,3.605551275463989,0.0,0.0,0.0,0.0,0.0,0.0,0.0,0.0,0.0,0.0,0.0,7.0,6.0,5.0990195135927845,4.0,3.605551275463989,4.123105625617661,7.0,9.055385138137417,11.045361017187261,13.038404810405298,15.0,16.1245154965971,16.278820596099706,15.811388300841896,15.652475842498529,14.7648230602334,13.416407864998739,10.770329614269007,7.0710678118654755,6.324555320336759,7.810249675906654,11.40175425099138,15.652475842498529,21.02379604162864,26.40075756488817,29.546573405388315
1787404952.230097,-70,0.0,34.48187929913333,32.28002478313795,29.120439557122072,25.0,19.313207915827967,13.416407864998739,9.899494936611665,7.280109889280518,9.219544457292887,10.770329614269007,13.0,14.866068747318506,16.492422502470642,18.110770276274835,17.029386365926403,16.0312195418814,16.278820596099706,14.866068747318506,12.529964086141668,10.816653826391969,8.48528137423857,7.810249675906654,6.4031242374328485,2.8284271247461903,3.1622776601683795,5.0990195135927845,0.0,0.0,0.0,0.0,0.0,0.0,0.0,0.0,0.0,0.0,0.0,7.211102550927978,5.656854249492381,3.605551275463989,3.0,3.605551275463989,5.656854249492381,7.810249675906654,10.63014581273465,12.806248474865697,14.212670403551895,15.556349186104045,16.401219466856727,16.64331697709324,15.652475842498529,16.15549442140351,14.866068747318506,13.92838827718412,11.180339887498949,8.602325267042627,8.602325267042627,10.198039027185569,14.0,18.439088914585774,24.73863375370596,29.120439557122072,32.28002478313795
1787404952.251184,-70,0.0,30.528675044947494,28.30194339616981,26.076809620810597,21.633307652783937,17.029386365926403,12.041594578792296,8.54400374531753,7.0710678118654755,8.602325267042627,10.63014581273465,12.806248474865697,14.212670403551895,15.264337522473747,17.0,17.08800749063506,16.76305461424021,15.132745950421556,14.0,12.041594578792296,10.198039027185569,8.54400374531753,6.708203932499369,4.47213595499958,2.0,2.23606797749979,2.0,0.0,0.0,0.0,0.0,0.0,0.0,0.0,0.0,0.0,0.0,0.0,5.830951894845301,4.242640687119285,2.8284271247461903,2.23606797749979,1.4142135623730951,3.605551275463989,6.324555320336759,8.54400374531753,9.848857801796104,12.083045973594572,12.529964086141668,13.601470508735444,12.727922061357855,12.806248474865697,12.206555615733702,11.661903789690601,10.295630140987,8.602325267042627,6.4031242374328485,6.324555320336759,8.06225774829855,12.083045973594572,17.0,21.95449840010015,26.076809620810597,28.844410203711913
1787404952.8997173,-70,0.0,29.154759474226502,28.231188426986208,26.0,23.259406699226016,18.35755975068582,12.806248474865697,8.06225774829855,5.0990195135927845,7.0710678118654755,9.433981132056603,12.529964086141668,14.317821063276353,15.231546211727817,15.652475842498529,14.7648230602334,13.601470508735444,12.727922061357855,11.661903789690601,9.848857801796104,9.219544457292887,8.0,6.082762530298219,4.123105625617661,2.23606797749979,1.4142135623730951,2.0,0.0,0.0,0.0,0.0,0.0,0.0,0.0,0.0,0.0,0.0,0.0,3.0,2.0,1.4142135623730951,3.1622776601683795,3.605551275463989,5.0,6.708203932499369,9.486832980505138,11.180339887498949,13.0,15.033296378372908,16.1245154965971,17.46424919657298,17.72004514666935,17.08800749063506,16.55294535724685,14.7648230602334,12.529964086141668,9.848857801796104,6.082762530298219,3.605551275463989,6.0,11.180339887498949,16.76305461424021,21.18962010041709,23.769728648009426
1787404953.0778463,-69,0.0,29.068883707497267,28.178005607210743,25.059928172283335,21.095023109728988,17.204650534085253,12.041594578792296,7.615773105863909,5.0990195135927845,6.4031242374328485,8.94427190999916,11.704699910719626,13.0,13.416407864998739,14.7648230602334,14.422205101855956,14.212670403551895,13.45362404707371,13.038404810405298,12.083045973594572,11.40175425099138,9.219544457292887,7.0710678118654755,5.0,3.1622776601683795,2.0,2.8284271247461903,0.0,0.0,0.0,0.0,0.0,0.0,0.0,0.0,0.0,0.0,0.0,2.23606797749979,2.23606797749979,2.23606797749979,2.23606797749979,3.0,4.242640687119285,6.708203932499369,9.486832980505138,12.36931687685298,14.317821063276353,17.26267650163207,18.027756377319946,19.0,19.026297590440446,18.110770276274835,17.26267650163207,15.297058540778355,12.165525060596439,9.055385138137417,6.082762530298219,5.0,7.0,11.40175425099138,16.15549442140351,21.540659228538015,24.596747752497688
1787404953.103466,-69,0.0,27.018512172212592,26.076809620810597,24.08318915758459,20.09975124224178,16.492422502470642,11.180339887498949,7.0710678118654755,6.0,7.211102550927978,9.219544457292887,12.041594578792296,13.45362404707371,14.142135623730951,14.866068747318506,14.422205101855956,14.317821063276353,13.601470508735444,13.152946437965905,12.0,11.0,10.04987562112089,8.246211251235321,5.385164807134504,2.23606797749979,1.0,2.0,0.0,0.0,0.0,0.0,0.0,0.0,0.0,0.0,0.0,0.0,0.0,3.0,2.0,1.4142135623730951,2.0,1.4142135623730951,4.0,7.0710678118654755,10.198039027185569,12.36931687685298,14.560219778561036,16.15549442140351,17.88854381999832,18.867962264113206,18.867962264113206,18.601075237738275,17.029386365926403,15.620499351813308,12.806248474865697,9.433981132056603,6.324555320336759,4.123105625617661,6.708203932499369,11.40175425099138,16.1245154965971,21.02379604162864,23.0
1787404953.118162,-69,0.0,26.92582403567252,26.0,23.259406699226016,19.235384061671343,15.811388300841896,10.63014581273465,6.324555320336759,5.385164807134504,7.211102550927978,9.486832980505138,11.40175425099138,13.601470508735444,14.866068747318506,15.231546211727817,14.7648230602334,14.422205101855956,14.142135623730951,14.212670403551895,13.038404810405298,11.180339887498949,10.770329614269007,8.54400374531753,5.385164807134504,3.1622776601683795,0.0,2.0,0.0,0.0,0.0,0.0,0.0,0.0,0.0,0.0,0.0,0.0,0.0,4.123105625617661,3.0,2.23606797749979,2.0,2.23606797749979,4.0,7.0710678118654755,9.055385138137417,12.165525060596439,14.317821063276353,16.492422502470642,17.72004514666935,18.027756377319946,18.384776310850235,17.88854381999832,17.88854381999832,15.652475842498529,12.529964086141668,9.848857801796104,6.082762530298219,5.0,6.324555320336759,10.04987562112089,14.560219778561036,19.924858845171276,22.80350850198276
1787404953.1362596,-69,0.0,27.784887978899608,27.294688127912362,24.596747752497688,21.93171219946131,17.08800749063506,12.165525060596439,8.246211251235321,6.4031242374328485,7.0710678118654755,9.055385138137417,10.198039027185569,12.165525060596439,14.142135623730951,14.035668847618199,14.0,14.142135623730951,13.601470508735444,13.416407864998739,13.038404810405298,12.041594578792296,11.313708498984761,9.219544457292887,5.830951894845301,3.1622776601683795,2.0,2.0,0.0,0.0,0.0,0.0,0.0,0.0,0.0,0.0,0.0,0.0,0.0,4.47213595499958,3.605551275463989,3.1622776601683795,2.23606797749979,3.1622776601683795,4.0,5.385164807134504,7.810249675906654,10.63014581273465,14.142135623730951,16.278820596099706,17.204650534085253,18.35755975068582,18.788294228055936,17.46424919657298,16.15549442140351,13.92838827718412,12.083045973594572,8.94427190999916,6.4031242374328485,6.0,8.06225774829855,12.041594578792296,16.401219466856727,20.248456731316587,23.323807579381203
