Timestamp,RSSI,Sub_0,Sub_1,Sub_2,Sub_3,Sub_4,Sub_5,Sub_6,Sub_7,Sub_8,Sub_9,Sub_10,Sub_11,Sub_12,Sub_13,Sub_14,Sub_15,Sub_16,Sub_17,Sub_18,Sub_19,Sub_20,Sub_21,Sub_22,Sub_23,Sub_24,Sub_25,Sub_26,Sub_27,Sub_28,Sub_29,Sub_30,Sub_31,Sub_32,Sub_33,Sub_34,Sub_35,Sub_36,Sub_37,Sub_38,Sub_39,Sub_40,Sub_41,Sub_42,Sub_43,Sub_44,Sub_45,Sub_46,Sub_47,Sub_48,Sub_49,Sub_50,Sub_51,Sub_52,Sub_53,Sub_54,Sub_55,Sub_56,Sub_57,Sub_58,Sub_59,Sub_60,Sub_61,Sub_62,Sub_63
1787403645.1141183,-70,0.0,23.08679276123039,22.135943621178654,21.18962010041709,18.681541692269406,15.297058540778355,10.0,6.324555320336759,4.47213595499958,6.082762530298219,8.54400374531753,10.295630140987,11.180339887498949,13.0,13.92838827718412,14.866068747318506,14.560219778561036,13.341664064126334,12.041594578792296,11.0,9.0,7.0,4.0,2.0,1.0,3.1622776601683795,5.0990195135927845,0.0,0.0,0.0,0.0,0.0,0.0,0.0,0.0,0.0,0.0,0.0,2.23606797749979,1.0,1.0,2.0,4.123105625617661,6.324555320336759,8.54400374531753,9.848857801796104,12.083045973594572,13.416407864998739,13.892443989449804,13.601470508735444,12.041594578792296,14.317821063276353,16.55294535724685,13.892443989449804,10.816653826391969,8.94427190999916,5.830951894845301,3.605551275463989,3.1622776601683795,5.0,8.54400374531753,12.649110640673518,17.08800749063506,20.248456731316587
1787403645.3901892,-69,0.0,27.073972741361768,26.076809620810597,24.08318915758459,22.20360331117452,17.46424919657298,12.529964086141668,9.219544457292887,7.0710678118654755,8.06225774829855,11.313708498984761,14.212670403551895,15.620499351813308,17.69180601295413,19.1049731745428,19.1049731745428,19.1049731745428,18.439088914585774,16.401219466856727,14.422205101855956,12.529964086141668,9.848857801796104,6.708203932499369,3.1622776601683795,1.4142135623730951,2.8284271247461903,4.47213595499958,0.0,0.0,0.0,0.0,0.0,0.0,0.0,0.0,0.0,0.0,0.0,3.0,2.23606797749979,3.1622776601683795,4.0,6.082762530298219,8.0,10.04987562112089,12.165525060596439,13.341664064126334,15.524174696260024,15.524174696260024,14.866068747318506,13.892443989449804,12.806248474865697,12.727922061357855,11.40175425099138,9.433981132056603,8.06225774829855,4.47213595499958,1.4142135623730951,3.0,6.082762530298219,11.045361017187261,16.1245154965971,20.09975124224178,23.08679276123039
1787403645.4994223,-79,0.0,21.213203435596427,24.08318915758459,24.0,20.09975124224178,15.033296378372908,13.341664064126334,11.704699910719626,6.708203932499369,4.242640687119285,6.082762530298219,6.082762530298219,6.082762530298219,5.0,4.47213595499958,5.385164807134504,6.708203932499369,7.0,8.94427190999916,8.54400374531753,9.219544457292887,10.770329614269007,9.486832980505138,6.324555320336759,4.242640687119285,2.0,3.605551275463989,0.0,0.0,0.0,0.0,0.0,0.0,0.0,0.0,0.0,0.0,0.0,7.615773105863909,7.211102550927978,8.94427190999916,10.63014581273465,11.180339887498949,10.04987562112089,4.47213595499958,4.123105625617661,1.0,7.0710678118654755,7.810249675906654,7.211102550927978,7.211102550927978,9.486832980505138,11.40175425099138,11.40175425099138,7.0,6.4031242374328485,9.219544457292887,10.63014581273465,8.602325267042627,7.615773105863909,4.242640687119285,7.810249675906654,15.652475842498529,19.235384061671343
1787403645.5154333,-80,0.0,20.591260281974,21.633307652783937,23.021728866442675,18.867962264113206,12.649110640673518,10.04987562112089,8.06225774829855,5.0990195135927845,5.385164807134504,5.0,4.0,5.0,7.280109889280518,7.211102550927978,7.0710678118654755,6.082762530298219,6.324555320336759,5.0990195135927845,7.0,10.0,10.0,8.0,4.0,2.23606797749979,2.23606797749979,3.1622776601683795,0.0,0.0,0.0,0.0,0.0,0.0,0.0,0.0,0.0,0.0,0.0,10.63014581273465,14.422205101855956,9.433981132056603,3.605551275463989,5.385164807134504,3.0,5.830951894845301,2.0,5.830951894845301,8.602325267042627,9.848857801796104,9.433981132056603,9.899494936611665,10.0,9.219544457292887,9.486832980505138,11.045361017187261,10.295630140987,11.313708498984761,11.40175425099138,8.06225774829855,6.708203932499369,5.830951894845301,7.0710678118654755,9.433981132056603,13.601470508735444
1787403645.5154333,-81,0.0,25.80697580112788,27.202941017470888,26.40075756488817,21.95449840010015,18.027756377319946,16.55294535724685,13.601470508735444,9.899494936611665,8.06225774829855,8.246211251235321,7.280109889280518,6.708203932499369,5.830951894845301,8.54400374531753,9.848857801796104,7.615773105863909,7.0710678118654755,8.94427190999916,11.40175425099138,15.264337522473747,14.422205101855956,10.0,5.0,3.605551275463989,3.605551275463989,1.0,0.0,0.0,0.0,0.0,0.0,0.0,0.0,0.0,0.0,0.0,0.0,8.602325267042627,7.810249675906654,7.810249675906654,7.0710678118654755,7.0710678118654755,7.0710678118654755,4.47213595499958,2.0,6.4031242374328485,10.63014581273465,12.206555615733702,13.601470508735444,14.142135623730951,14.422205101855956,14.317821063276353,13.341664064126334,13.038404810405298,14.035668847618199,13.038404810405298,11.045361017187261,11.0,8.246211251235321,5.0,7.0,11.40175425099138,17.08800749063506
1787403645.5154333,-80,0.0,19.235384061671343,21.633307652783937,25.612496949731394,24.08318915758459,17.69180601295413,12.649110640673518,13.038404810405298,8.06225774829855,4.47213595499958,6.082762530298219,9.055385138137417,8.54400374531753,6.324555320336759,7.0710678118654755,7.615773105863909,6.4031242374328485,7.810249675906654,9.899494936611665,10.0,10.198039027185569,13.038404810405298,12.041594578792296,11.0,11.180339887498949,6.082762530298219,4.47213595499958,0.0,0.0,0.0,0.0,0.0,0.0,0.0,0.0,0.0,0.0,0.0,10.44030650891055,9.055385138137417,8.246211251235321,6.324555320336759,3.605551275463989,2.23606797749979,3.1622776601683795,5.830951894845301,7.810249675906654,10.770329614269007,13.0,12.529964086141668,12.206555615733702,12.041594578792296,12.806248474865697,14.7648230602334,15.524174696260024,15.033296378372908,14.142135623730951,13.341664064126334,10.04987562112089,8.06225774829855,7.810249675906654,9.486832980505138,13.038404810405298,16.0312195418814
1787403646.4483817,-80,0.0,23.194827009486403,24.020824298928627,25.019992006393608,23.08679276123039,20.09975124224178,16.278820596099706,11.704699910719626,8.06225774829855,7.0710678118654755,6.708203932499369,6.324555320336759,5.830951894845301,5.656854249492381,4.47213595499958,6.0,8.06225774829855,10.198039027185569,11.40175425099138,12.083045973594572,12.529964086141668,13.038404810405298,12.206555615733702,8.602325267042627,5.0,3.605551275463989,2.8284271247461903,0.0,0.0,0.0,0.0,0.0,0.0,0.0,0.0,0.0,0.0,0.0,6.4031242374328485,7.810249675906654,9.219544457292887,7.211102550927978,4.47213595499958,3.0,3.1622776601683795,2.23606797749979,4.123105625617661,6.324555320336759,8.06225774829855,9.433981132056603,10.295630140987,11.704699910719626,12.165525060596439,13.038404810405298,11.704699910719626,10.0,9.899494936611665,9.899494936611665,8.48528137423857,6.4031242374328485,5.0990195135927845,8.48528137423857,13.416407864998739,16.492422502470642
1787403646.5197651,-80,0.0,22.20360331117452,22.02271554554524,22.02271554554524,20.615528128088304,18.439088914585774,15.0,10.295630140987,7.0710678118654755,6.324555320336759,8.06225774829855,8.06225774829855,7.280109889280518,7.0,6.082762530298219,6.708203932499369,7.211102550927978,9.219544457292887,11.180339887498949,12.649110640673518,13.92838827718412,13.601470508735444,11.704699910719626,9.486832980505138,5.0990195135927845,3.0,2.23606797749979,0.0,0.0,0.0,0.0,0.0,0.0,0.0,0.0,0.0,0.0,0.0,12.36931687685298,10.04987562112089,9.0,8.06225774829855,7.280109889280518,6.708203932499369,4.47213595499958,4.123105625617661,5.0,6.708203932499369,8.94427190999916,11.180339887498949,11.661903789690601,12.041594578792296,13.45362404707371,13.038404810405298,12.649110640673518,12.041594578792296,11.045361017187261,11.180339887498949,10.04987562112089,8.06225774829855,5.385164807134504,6.082762530298219,9.486832980505138,14.422205101855956
1787403646.6945856,-88,0.0,15.0,15.264337522473747,13.892443989449804,13.416407864998739,12.083045973594572,13.0,12.083045973594572,11.180339887498949,11.180339887498949,9.433981132056603,8.06225774829855,6.708203932499369,7.211102550927978,7.211102550927978,5.830951894845301,5.830951894845301,6.708203932499369,6.708203932499369,6.324555320336759,7.615773105863909,8.06225774829855,8.06225774829855,7.211102550927978,7.810249675906654,8.48528137423857,7.810249675906654,0.0,0.0,0.0,0.0,0.0,0.0,0.0,0.0,0.0,0.0,0.0,9.055385138137417,9.055385138137417,9.055385138137417,8.0,8.0,8.06225774829855,9.055385138137417,9.219544457292887,8.246211251235321,9.219544457292887,9.055385138137417,10.04987562112089,11.045361017187261,12.041594578792296,12.041594578792296,13.038404810405298,14.142135623730951,15.132745950421556,15.132745950421556,16.492422502470642,16.492422502470642,15.811388300841896,16.76305461424021,16.76305461424021,17.08800749063506,17.08800749063506
1787403646.7264707,-72,0.0,27.730849247724095,26.40075756488817,23.706539182259394,21.470910553583888,17.4928556845359,13.45362404707371,9.433981132056603,7.0710678118654755,8.06225774829855,9.219544457292887,12.206555615733702,14.422205101855956,15.811388300841896,18.027756377319946,18.027756377319946,17.204650534085253,16.401219466856727,14.212670403551895,12.041594578792296,10.0,7.211102550927978,3.605551275463989,0.0,2.8284271247461903,5.656854249492381,7.211102550927978,0.0,0.0,0.0,0.0,0.0,0.0,0.0,0.0,0.0,0.0,0.0,4.123105625617661,2.23606797749979,0.0,2.23606797749979,4.242640687119285,5.830951894845301,8.54400374531753,10.44030650891055,12.36931687685298,14.317821063276353,14.142135623730951,15.0,15.033296378372908,15.297058540778355,15.524174696260024,13.601470508735444,11.704699910719626,8.94427190999916,6.324555320336759,3.1622776601683795,4.0,7.280109889280518,11.704699910719626,16.55294535724685,20.615528128088304,23.769728648009426
1787403647.023297,-86,0.0,9.848857801796104,9.848857801796104,9.848857801796104,9.433981132056603,9.433981132056603,9.433981132056603,10.295630140987,10.295630140987,10.0,8.602325267042627,7.810249675906654,7.810249675906654,7.810249675906654,7.0710678118654755,7.0710678118654755,5.830951894845301,5.656854249492381,5.656854249492381,5.0,5.0,5.656854249492381,5.656854249492381,5.0,5.830951894845301,6.324555320336759,6.082762530298219,0.0,0.0,0.0,0.0,0.0,0.0,0.0,0.0,0.0,0.0,0.0,8.602325267042627,7.810249675906654,8.602325267042627,9.433981132056603,9.433981132056603,9.433981132056603,10.0,11.40175425099138,12.041594578792296,12.206555615733702,13.038404810405298,13.601470508735444,14.422205101855956,15.264337522473747,15.811388300841896,16.64331697709324,15.652475842498529,15.652475842498529,15.264337522473747,15.0,12.206555615733702,12.041594578792296,11.313708498984761,10.0,9.433981132056603,10.770329614269007
1787403647.059799,-87,0.0,13.152946437965905,12.041594578792296,11.0,10.0,8.06225774829855,5.385164807134504,5.656854249492381,4.47213595499958,4.123105625617661,4.123105625617661,5.830951894845301,7.810249675906654,9.219544457292887,7.810249675906654,5.830951894845301,7.0710678118654755,7.0710678118654755,6.0,5.385164807134504,5.656854249492381,7.280109889280518,8.246211251235321,7.615773105863909,7.211102550927978,5.385164807134504,5.385164807134504,0.0,0.0,0.0,0.0,0.0,0.0,0.0,0.0,0.0,0.0,0.0,13.038404810405298,11.180339887498949,10.198039027185569,9.0,8.54400374531753,9.219544457292887,9.433981132056603,9.848857801796104,9.055385138137417,9.0,9.219544457292887,9.848857801796104,8.602325267042627,9.433981132056603,10.770329614269007,10.44030650891055,11.045361017187261,10.0,10.198039027185569,9.848857801796104,9.848857801796104,8.94427190999916,6.4031242374328485,5.0,4.123105625617661,4.123105625617661
1787403647.1262467,-89,0.0,5.0,5.830951894845301,5.830951894845301,5.830951894845301,5.0,5.385164807134504,6.324555320336759,5.385164807134504,5.0990195135927845,5.385164807134504,4.47213595499958,4.47213595499958,4.47213595499958,4.47213595499958,4.47213595499958,5.830951894845301,5.830951894845301,5.830951894845301,5.385164807134504,6.082762530298219,6.082762530298219,5.0990195135927845,5.385164807134504,5.830951894845301,5.656854249492381,5.656854249492381,0.0,0.0,0.0,0.0,0.0,0.0,0.0,0.0,0.0,0.0,0.0,13.038404810405298,13.038404810405298,12.206555615733702,11.661903789690601,11.180339887498949,11.661903789690601,11.180339887498949,11.180339887498949,11.661903789690601,11.180339887498949,11.180339887498949,12.083045973594572,10.770329614269007,10.44030650891055,10.198039027185569,10.198039027185569,9.0,8.0,8.06225774829855,7.280109889280518,6.708203932499369,6.324555320336759,6.324555320336759,6.708203932499369,6.324555320336759,7.280109889280518
1787403647.5940635,-88,0.0,7.0710678118654755,7.0710678118654755,8.06225774829855,7.0710678118654755,7.0710678118654755,6.0,6.082762530298219,5.385164807134504,5.830951894845301,5.830951894845301,6.4031242374328485,5.656854249492381,6.4031242374328485,7.211102550927978,7.615773105863909,7.615773105863909,8.54400374531753,8.246211251235321,8.0,9.0,9.0,9.0,9.055385138137417,10.198039027185569,10.44030650891055,10.770329614269007,0.0,0.0,0.0,0.0,0.0,0.0,0.0,0.0,0.0,0.0,0.0,15.132745950421556,14.142135623730951,14.317821063276353,15.297058540778355,15.524174696260024,14.560219778561036,14.866068747318506,15.811388300841896,14.866068747318506,13.92838827718412,14.317821063276353,14.317821063276353,13.416407864998739,13.416407864998739,13.038404810405298,13.038404810405298,11.661903789690601,11.661903789690601,10.295630140987,8.06225774829855,8.06225774829855,6.708203932499369,5.830951894845301,4.47213595499958,4.123105625617661,3.1622776601683795
1787403647.7285037,-70,0.0,20.12461179749811,21.02379604162864,21.470910553583888,21.470910553583888,21.095023109728988,19.4164878389476,19.209372712298546,18.439088914585774,16.278820596099706,15.556349186104045,14.142135623730951,13.45362404707371,12.727922061357855,12.727922061357855,13.45362404707371,13.45362404707371,10.63014581273465,8.48528137423857,8.48528137423857,7.810249675906654,8.602325267042627,8.602325267042627,8.602325267042627,7.211102550927978,7.211102550927978,8.06225774829855,0.0,0.0,0.0,0.0,0.0,0.0,0.0,0.0,0.0,0.0,0.0,9.433981132056603,8.602325267042627,8.602325267042627,7.810249675906654,7.810249675906654,7.810249675906654,8.48528137423857,9.219544457292887,10.63014581273465,10.63014581273465,10.63014581273465,10.63014581273465,10.0,11.661903789690601,12.529964086141668,13.0,13.0,13.416407864998739,13.892443989449804,15.652475842498529,15.652475842498529,16.55294535724685,17.08800749063506,18.384776310850235,18.788294228055936,19.313207915827967
1787403648.157406,-69,0.0,22.135943621178654,22.47220505424423,21.540659228538015,18.384776310850235,15.652475842498529,12.206555615733702,9.219544457292887,7.280109889280518,6.324555320336759,8.48528137423857,10.0,11.40175425099138,13.601470508735444,14.422205101855956,15.264337522473747,14.422205101855956,13.601470508735444,12.806248474865697,9.899494936611665,7.810249675906654,6.4031242374328485,4.242640687119285,1.4142135623730951,1.4142135623730951,2.8284271247461903,4.242640687119285,0.0,0.0,0.0,0.0,0.0,0.0,0.0,0.0,0.0,0.0,0.0,3.605551275463989,1.0,2.23606797749979,2.8284271247461903,4.47213595499958,6.082762530298219,8.06225774829855,10.0,11.045361017187261,12.165525060596439,14.317821063276353,14.560219778561036,15.231546211727817,15.264337522473747,13.601470508735444,13.45362404707371,12.041594578792296,9.899494936611665,7.0710678118654755,4.242640687119285,1.4142135623730951,3.1622776601683795,7.280109889280518,12.36931687685298,17.08800749063506,19.313207915827967
1787403648.1730886,-87,0.0,5.0990195135927845,4.47213595499958,4.242640687119285,5.385164807134504,6.082762530298219,7.0,6.324555320336759,6.708203932499369,7.211102550927978,7.810249675906654,8.06225774829855,8.54400374531753,8.246211251235321,9.219544457292887,10.0,11.0,12.0,12.041594578792296,12.36931687685298,13.341664064126334,13.601470508735444,13.601470508735444,13.601470508735444,13.341664064126334,12.36931687685298,11.180339887498949,0.0,0.0,0.0,0.0,0.0,0.0,0.0,0.0,0.0,0.0,0.0,4.123105625617661,4.123105625617661,4.123105625617661,3.605551275463989,5.0,5.830951894845301,5.0990195135927845,6.0,5.0990195135927845,5.385164807134504,4.47213595499958,5.830951894845301,6.4031242374328485,6.4031242374328485,7.211102550927978,8.06225774829855,7.211102550927978,8.602325267042627,8.602325267042627,10.0,10.63014581273465,11.40175425099138,11.40175425099138,11.40175425099138,11.40175425099138,10.816653826391969
1787403648.1730886,-80,0.0,27.202941017470888,27.85677655436824,26.92582403567252,25.96150997149434,23.53720459187964,17.26267650163207,11.0,7.615773105863909,8.602325267042627,9.899494936611665,11.661903789690601,10.295630140987,6.708203932499369,5.0,3.0,5.0,8.06225774829855,11.045361017187261,15.132745950421556,17.11724276862369,18.110770276274835,16.1245154965971,13.152946437965905,9.219544457292887,6.708203932499369,5.0,0.0,0.0,0.0,0.0,0.0,0.0,0.0,0.0,0.0,0.0,0.0,13.601470508735444,13.892443989449804,12.083045973594572,10.44030650891055,9.219544457292887,8.246211251235321,5.830951894845301,3.1622776601683795,4.47213595499958,7.211102550927978,8.06225774829855,9.433981132056603,10.816653826391969,10.295630140987,10.198039027185569,11.0,11.40175425099138,10.295630140987,10.0,10.63014581273465,12.206555615733702,11.180339887498949,9.055385138137417,7.0710678118654755,12.165525060596439,18.0
1787403648.3325438,-70,0.0,19.72308292331602,19.72308292331602,20.12461179749811,20.12461179749811,19.697715603592208,18.384776310850235,17.46424919657298,17.08800749063506,15.231546211727817,14.317821063276353,13.416407864998739,12.529964086141668,12.529964086141668,12.529964086141668,11.180339887498949,10.770329614269007,10.770329614269007,10.295630140987,9.219544457292887,8.48528137423857,9.219544457292887,9.899494936611665,9.219544457292887,8.602325267042627,7.810249675906654,8.602325267042627,0.0,0.0,0.0,0.0,0.0,0.0,0.0,0.0,0.0,0.0,0.0,7.0710678118654755,6.082762530298219,6.0,6.324555320336759,6.324555320336759,6.708203932499369,8.246211251235321,9.219544457292887,10.198039027185569,10.198039027185569,9.219544457292887,8.54400374531753,9.848857801796104,10.770329614269007,10.770329614269007,10.770329614269007,10.770329614269007,12.083045973594572,14.422205101855956,15.0,15.264337522473747,15.811388300841896,16.64331697709324,18.027756377319946,18.35755975068582,19.235384061671343
1787403648.444291,-70,0.0,20.615528128088304,20.615528128088304,20.615528128088304,19.6468827043885,19.4164878389476,18.24828759089466,16.1245154965971,15.132745950421556,15.132745950421556,14.142135623730951,14.317821063276353,13.341664064126334,13.341664064126334,13.152946437965905,12.165525060596439,11.045361017187261,10.04987562112089,9.219544457292887,8.54400374531753,8.94427190999916,8.94427190999916,8.54400374531753,8.54400374531753,7.615773105863909,8.06225774829855,8.94427190999916,0.0,0.0,0.0,0.0,0.0,0.0,0.0,0.0,0.0,0.0,0.0,5.385164807134504,5.0990195135927845,6.082762530298219,6.082762530298219,6.0,6.0,7.0,8.0,8.0,8.0,9.055385138137417,9.055385138137417,9.219544457292887,9.486832980505138,10.44030650891055,11.40175425099138,11.40175425099138,11.704699910719626,13.0,14.317821063276353,14.866068747318506,15.811388300841896,17.08800749063506,18.027756377319946,18.027756377319946,18.973665961010276
1787403648.5396426,-89,0.0,10.44030650891055,11.180339887498949,11.045361017187261,11.0,12.0,12.165525060596439,14.142135623730951,15.297058540778355,14.142135623730951,12.165525060596439,11.180339887498949,12.165525060596439,12.165525060596439,12.36931687685298,12.165525060596439,12.36931687685298,11.40175425099138,11.704699910719626,12.649110640673518,13.341664064126334,12.36931687685298,11.180339887498949,10.198039027185569,9.219544457292887,9.055385138137417,8.0,0.0,0.0,0.0,0.0,0.0,0.0,0.0,0.0,0.0,0.0,0.0,4.123105625617661,4.47213595499958,4.47213595499958,3.605551275463989,4.242640687119285,5.830951894845301,5.385164807134504,6.082762530298219,7.0710678118654755,7.0,8.0,10.198039027185569,10.198039027185569,11.704699910719626,11.704699910719626,12.649110640673518,13.601470508735444,13.341664064126334,14.560219778561036,14.560219778561036,13.601470508735444,14.560219778561036,14.317821063276353,14.317821063276353,15.297058540778355,16.278820596099706
1787403648.5396426,-70,0.0,21.095023109728988,21.095023109728988,21.095023109728988,20.808652046684813,20.0,19.209372712298546,18.439088914585774,17.029386365926403,16.401219466856727,15.0,13.601470508735444,13.038404810405298,13.038404810405298,13.038404810405298,11.661903789690601,10.295630140987,9.433981132056603,8.94427190999916,8.94427190999916,8.54400374531753,8.54400374531753,9.486832980505138,8.94427190999916,8.06225774829855,6.708203932499369,6.324555320336759,0.0,0.0,0.0,0.0,0.0,0.0,0.0,0.0,0.0,0.0,0.0,5.0990195135927845,4.123105625617661,3.1622776601683795,4.242640687119285,5.0,6.4031242374328485,7.211102550927978,7.211102550927978,8.602325267042627,8.602325267042627,10.0,10.0,10.295630140987,10.295630140987,11.661903789690601,11.661903789690601,12.529964086141668,13.416407864998739,14.317821063276353,14.317821063276353,15.231546211727817,15.652475842498529,16.55294535724685,17.88854381999832,19.235384061671343,20.591260281974
1787403648.5874586,-69,0.0,27.892651361962706,26.68332812825267,24.515301344262525,21.37755832643195,17.11724276862369,13.0,9.219544457292887,6.4031242374328485,7.0710678118654755,9.219544457292887,11.704699910719626,13.601470508735444,14.866068747318506,17.08800749063506,18.384776310850235,18.027756377319946,16.492422502470642,14.317821063276353,12.041594578792296,11.045361017187261,9.055385138137417,6.082762530298219,3.1622776601683795,1.0,2.23606797749979,3.1622776601683795,0.0,0.0,0.0,0.0,0.0,0.0,0.0,0.0,0.0,0.0,0.0,3.605551275463989,4.123105625617661,4.0,4.123105625617661,4.242640687119285,4.0,5.385164807134504,7.211102550927978,10.63014581273465,13.45362404707371,15.620499351813308,16.64331697709324,16.1245154965971,16.55294535724685,16.15549442140351,15.811388300841896,13.601470508735444,11.40175425099138,9.219544457292887,5.385164807134504,3.0,6.4031242374328485,11.180339887498949,17.08800749063506,21.18962010041709,25.298221281347036
1787403648.651993,-68,0.0,27.16615541441225,26.076809620810597,23.021728866442675,19.026297590440446,15.0,11.180339887498949,6.708203932499369,4.47213595499958,6.324555320336759,8.602325267042627,11.40175425099138,13.45362404707371,14.866068747318506,17.029386365926403,17.804493814764857,17.204650534085253,16.64331697709324,14.7648230602334,13.0,10.770329614269007,8.54400374531753,6.324555320336759,3.1622776601683795,1.0,3.1622776601683795,5.0990195135927845,0.0,0.0,0.0,0.0,0.0,0.0,0.0,0.0,0.0,0.0,0.0,1.0,1.4142135623730951,2.8284271247461903,3.605551275463989,4.0,5.385164807134504,8.06225774829855,9.433981132056603,12.206555615733702,15.0,16.278820596099706,17.69180601295413,17.69180601295413,17.204650534085253,16.64331697709324,16.1245154965971,13.416407864998739,11.180339887498949,8.602325267042627,5.656854249492381,4.123105625617661,6.4031242374328485,10.770329614269007,15.524174696260024,20.396078054371138,23.53720459187964
1787403648.651993,-69,0.0,21.633307652783937,20.808652046684813,20.808652046684813,20.0,20.615528128088304,19.1049731745428,18.384776310850235,16.97056274847714,15.556349186104045,14.142135623730951,13.45362404707371,12.041594578792296,12.041594578792296,12.041594578792296,12.041594578792296,11.313708498984761,10.63014581273465,9.219544457292887,8.602325267042627,8.06225774829855,8.06225774829855,8.06225774829855,8.06225774829855,8.06225774829855,6.708203932499369,6.708203932499369,0.0,0.0,0.0,0.0,0.0,0.0,0.0,0.0,0.0,0.0,0.0,5.0990195135927845,4.0,4.123105625617661,4.47213595499958,5.0,5.0,6.4031242374328485,7.0710678118654755,7.0710678118654755,8.48528137423857,8.48528137423857,9.219544457292887,8.602325267042627,9.433981132056603,10.816653826391969,10.816653826391969,11.661903789690601,12.529964086141668,13.038404810405298,13.892443989449804,14.7648230602334,16.1245154965971,17.0,18.35755975068582,19.235384061671343,20.591260281974
1787403648.6674368,-88,0.0,18.35755975068582,17.0,16.1245154965971,14.317821063276353,14.317821063276353,13.0,11.704699910719626,12.649110640673518,13.0,13.0,13.0,13.0,13.416407864998739,13.0,13.0,13.416407864998739,13.416407864998739,12.529964086141668,13.416407864998739,13.0,11.704699910719626,12.36931687685298,13.341664064126334,13.152946437965905,14.142135623730951,14.0,0.0,0.0,0.0,0.0,0.0,0.0,0.0,0.0,0.0,0.0,0.0,5.0990195135927845,4.47213595499958,4.242640687119285,5.0,4.47213595499958,5.385164807134504,6.324555320336759,7.280109889280518,8.06225774829855,8.06225774829855,9.055385138137417,10.0,10.04987562112089,11.180339887498949,12.165525060596439,12.36931687685298,12.36931687685298,11.180339887498949,11.180339887498949,11.045361017187261,11.045361017187261,12.0,11.045361017187261,11.180339887498949,11.180339887498949,11.40175425099138
1787403648.7467847,-88,0.0,14.866068747318506,14.212670403551895,14.866068747318506,13.45362404707371,13.45362404707371,12.806248474865697,13.601470508735444,12.806248474865697,12.806248474865697,12.206555615733702,11.40175425099138,11.40175425099138,12.041594578792296,11.40175425099138,12.206555615733702,12.206555615733702,10.816653826391969,10.295630140987,8.54400374531753,8.246211251235321,8.246211251235321,7.0710678118654755,7.0710678118654755,6.082762530298219,5.0990195135927845,5.0990195135927845,0.0,0.0,0.0,0.0,0.0,0.0,0.0,0.0,0.0,0.0,0.0,2.8284271247461903,3.605551275463989,2.8284271247461903,2.23606797749979,2.23606797749979,2.23606797749979,2.0,2.23606797749979,2.8284271247461903,2.8284271247461903,3.605551275463989,5.656854249492381,5.656854249492381,7.0710678118654755,8.48528137423857,9.899494936611665,9.219544457292887,10.63014581273465,11.40175425099138,12.206555615733702,13.038404810405298,13.892443989449804,14.422205101855956,15.264337522473747,16.1245154965971,17.4928556845359
1787403648.9869618,-89,0.0,17.0,17.0,16.55294535724685,15.231546211727817,13.0,12.649110640673518,12.649110640673518,11.704699910719626,11.40175425099138,10.198039027185569,9.0,9.055385138137417,9.055385138137417,10.0,10.0,10.0,10.0,11.0,10.04987562112089,10.44030650891055,9.486832980505138,8.94427190999916,7.615773105863909,6.4031242374328485,5.0,4.47213595499958,0.0,0.0,0.0,0.0,0.0,0.0,0.0,0.0,0.0,0.0,0.0,1.0,2.23606797749979,2.0,2.23606797749979,3.1622776601683795,3.605551275463989,3.605551275463989,4.242640687119285,5.0,5.0,5.0,6.708203932499369,7.615773105863909,7.615773105863909,9.848857801796104,9.848857801796104,10.770329614269007,11.180339887498949,13.0,13.892443989449804,13.892443989449804,15.264337522473747,16.64331697709324,16.64331697709324,17.204650534085253,18.027756377319946
1787403649.2574067,-91,0.0,13.416407864998739,13.038404810405298,13.601470508735444,12.806248474865697,12.041594578792296,12.041594578792296,10.63014581273465,10.0,8.94427190999916,7.615773105863909,7.280109889280518,6.082762530298219,7.0,8.0,7.0,7.280109889280518,6.324555320336759,5.830951894845301,5.385164807134504,5.385164807134504,5.830951894845301,5.0,5.0,5.830951894845301,6.324555320336759,7.280109889280518,0.0,0.0,0.0,0.0,0.0,0.0,0.0,0.0,0.0,0.0,0.0,4.123105625617661,4.0,4.0,4.0,4.0,3.0,3.0,4.0,4.47213595499958,4.47213595499958,5.830951894845301,5.830951894845301,6.708203932499369,6.708203932499369,8.06225774829855,8.94427190999916,8.94427190999916,10.295630140987,10.816653826391969,12.206555615733702,12.806248474865697,14.212670403551895,15.620499351813308,16.278820596099706,17.029386365926403,17.804493814764857
1787403649.5287127,-72,0.0,27.294688127912362,26.419689627245813,24.186773244895647,21.633307652783937,17.029386365926403,12.041594578792296,7.280109889280518,5.830951894845301,7.615773105863909,10.04987562112089,13.038404810405298,15.132745950421556,16.278820596099706,17.26267650163207,16.278820596099706,15.524174696260024,13.0,11.661903789690601,10.63014581273465,9.219544457292887,7.211102550927978,4.47213595499958,2.23606797749979,3.1622776601683795,5.830951894845301,7.211102550927978,0.0,0.0,0.0,0.0,0.0,0.0,0.0,0.0,0.0,0.0,0.0,1.0,0.0,3.1622776601683795,5.385164807134504,6.4031242374328485,8.48528137423857,10.816653826391969,13.416407864998739,15.231546211727817,17.08800749063506,16.76305461424021,16.278820596099706,16.1245154965971,15.0,15.033296378372908,14.142135623730951,12.36931687685298,10.44030650891055,8.246211251235321,5.0990195135927845,3.605551275463989,7.0,11.180339887498949,16.76305461424021,21.540659228538015,24.166091947189145
1787403650.0226443,-85,0.0,19.849433241279208,19.1049731745428,18.439088914585774,19.1049731745428,19.1049731745428,17.69180601295413,16.97056274847714,17.029386365926403,17.029386365926403,16.401219466856727,15.811388300841896,15.652475842498529,15.231546211727817,15.524174696260024,16.278820596099706,16.1245154965971,16.1245154965971,16.1245154965971,16.0312195418814,17.11724276862369,16.1245154965971,16.1245154965971,15.132745950421556,14.142135623730951,13.341664064126334,13.341664064126334,0.0,0.0,0.0,0.0,0.0,0.0,0.0,0.0,0.0,0.0,0.0,9.055385138137417,9.055385138137417,9.0,8.0,8.06225774829855,8.246211251235321,8.54400374531753,8.94427190999916,9.848857801796104,8.54400374531753,8.94427190999916,8.54400374531753,8.54400374531753,7.280109889280518,6.324555320336759,5.385164807134504,4.123105625617661,3.1622776601683795,3.0,1.4142135623730951,3.1622776601683795,5.0,7.0710678118654755,9.219544457292887,12.041594578792296,14.212670403551895
1787403650.0226443,-82,0.0,24.041630560342615,24.041630560342615,24.041630560342615,22.80350850198276,20.8806130178211,19.4164878389476,16.1245154965971,13.0,10.198039027185569,8.602325267042627,7.615773105863909,8.0,9.219544457292887,11.180339887498949,11.313708498984761,11.40175425099138,12.529964086141668,11.40175425099138,12.041594578792296,11.0,11.045361017187261,10.44030650891055,11.180339887498949,10.0,10.63014581273465,10.63014581273465,0.0,0.0,0.0,0.0,0.0,0.0,0.0,0.0,0.0,0.0,0.0,2.0,4.123105625617661,8.06225774829855,11.0,14.142135623730951,16.1245154965971,18.24828759089466,17.46424919657298,16.76305461424021,13.601470508735444,10.44030650891055,7.0710678118654755,4.123105625617661,2.8284271247461903,3.1622776601683795,3.1622776601683795,2.0,2.0,1.0,1.4142135623730951,1.4142135623730951,1.4142135623730951,1.4142135623730951,1.0,1.4142135623730951,3.1622776601683795
1787403650.4354503,-87,0.0,11.40175425099138,12.206555615733702,12.083045973594572,13.0,12.649110640673518,13.341664064126334,13.341664064126334,12.36931687685298,12.36931687685298,12.041594578792296,11.045361017187261,9.055385138137417,9.486832980505138,9.848857801796104,9.848857801796104,8.94427190999916,10.44030650891055,9.486832980505138,10.44030650891055,10.44030650891055,9.055385138137417,9.055385138137417,8.0,6.082762530298219,6.0,5.0,0.0,0.0,0.0,0.0,0.0,0.0,0.0,0.0,0.0,0.0,0.0,2.0,2.0,3.0,4.0,5.0990195135927845,6.082762530298219,7.280109889280518,10.198039027185569,10.04987562112089,10.04987562112089,12.041594578792296,11.045361017187261,11.045361017187261,11.045361017187261,13.152946437965905,13.038404810405298,13.152946437965905,13.341664064126334,13.341664064126334,13.0,12.529964086141668,13.416407864998739,13.892443989449804,13.892443989449804,13.038404810405298,13.892443989449804
1787403650.7227485,-70,0.0,28.42534080710379,27.018512172212592,25.0,20.808652046684813,17.0,12.649110640673518,8.06225774829855,6.4031242374328485,7.615773105863909,10.04987562112089,13.0,15.033296378372908,17.029386365926403,18.110770276274835,17.029386365926403,17.0,16.0312195418814,14.142135623730951,12.36931687685298,9.486832980505138,8.06225774829855,5.0,2.23606797749979,2.8284271247461903,4.123105625617661,6.0,0.0,0.0,0.0,0.0,0.0,0.0,0.0,0.0,0.0,0.0,0.0,1.4142135623730951,1.4142135623730951,3.1622776601683795,4.0,4.47213595499958,5.0,7.615773105863909,10.44030650891055,12.165525060596439,15.132745950421556,17.11724276862369,18.027756377319946,18.0,17.029386365926403,16.1245154965971,14.142135623730951,12.165525060596439,10.198039027185569,7.0710678118654755,4.123105625617661,2.0,6.4031242374328485,11.313708498984761,16.97056274847714,21.213203435596427,23.345235059857504
1787403650.7227485,-86,0.0,8.602325267042627,9.219544457292887,9.219544457292887,10.0,10.63014581273465,11.40175425099138,9.219544457292887,9.219544457292887,9.899494936611665,9.219544457292887,9.899494936611665,8.48528137423857,9.219544457292887,8.48528137423857,9.219544457292887,9.219544457292887,9.219544457292887,7.810249675906654,8.602325267042627,8.06225774829855,9.433981132056603,8.94427190999916,8.06225774829855,8.602325267042627,7.810249675906654,9.219544457292887,0.0,0.0,0.0,0.0,0.0,0.0,0.0,0.0,0.0,0.0,0.0,5.385164807134504,5.385164807134504,5.0990195135927845,5.0990195135927845,5.0990195135927845,5.0990195135927845,5.0,6.0,6.0,6.0,7.0710678118654755,8.0,10.0,10.0,11.0,12.0,12.041594578792296,13.038404810405298,15.132745950421556,14.560219778561036,15.297058540778355,15.297058540778355,14.317821063276353,14.142135623730951,14.035668847618199,14.0
1787403650.8027766,-87,0.0,17.204650534085253,15.811388300841896,14.422205101855956,13.038404810405298,11.40175425099138,10.63014581273465,10.63014581273465,9.899494936611665,9.219544457292887,9.433981132056603,8.94427190999916,9.848857801796104,8.94427190999916,8.602325267042627,8.602325267042627,7.810249675906654,7.810249675906654,7.810249675906654,7.810249675906654,7.211102550927978,8.06225774829855,7.615773105863909,7.615773105863909,7.280109889280518,7.0710678118654755,6.082762530298219,0.0,0.0,0.0,0.0,0.0,0.0,0.0,0.0,0.0,0.0,0.0,8.54400374531753,8.246211251235321,8.246211251235321,8.06225774829855,7.0,8.0,8.0,8.06225774829855,8.06225774829855,8.246211251235321,9.219544457292887,9.055385138137417,10.198039027185569,10.04987562112089,10.04987562112089,10.04987562112089,10.04987562112089,10.0,10.04987562112089,11.180339887498949,10.44030650891055,11.180339887498949,11.661903789690601,13.038404810405298,14.212670403551895,14.866068747318506
1787403650.9141457,-90,0.0,13.892443989449804,14.422205101855956,14.422205101855956,14.422205101855956,14.422205101855956,13.892443989449804,13.416407864998739,11.661903789690601,11.180339887498949,10.44030650891055,10.198039027185569,10.04987562112089,10.0,11.045361017187261,11.045361017187261,11.0,11.045361017187261,11.045361017187261,11.0,11.0,10.04987562112089,9.219544457292887,9.219544457292887,9.486832980505138,9.486832980505138,9.486832980505138,0.0,0.0,0.0,0.0,0.0,0.0,0.0,0.0,0.0,0.0,0.0,3.605551275463989,4.47213595499958,5.0990195135927845,6.082762530298219,7.0710678118654755,8.0,8.06225774829855,9.055385138137417,9.055385138137417,9.0,9.219544457292887,9.055385138137417,10.04987562112089,11.045361017187261,11.045361017187261,11.045361017187261,11.180339887498949,11.180339887498949,11.40175425099138,11.40175425099138,11.704699910719626,12.083045973594572,12.083045973594572,13.416407864998739,13.416407864998739,13.416407864998739
1787403651.0574594,-88,0.0,12.041594578792296,10.63014581273465,9.899494936611665,9.219544457292887,9.219544457292887,8.602325267042627,8.06225774829855,6.708203932499369,5.830951894845301,6.324555320336759,6.082762530298219,6.082762530298219,6.082762530298219,6.0,6.0,6.0,6.0,6.0,5.0,5.0,5.0990195135927845,4.47213595499958,4.47213595499958,5.0,4.242640687119285,4.242640687119285,0.0,0.0,0.0,0.0,0.0,0.0,0.0,0.0,0.0,0.0,0.0,3.605551275463989,4.242640687119285,5.0,4.47213595499958,5.0,5.830951894845301,5.830951894845301,6.4031242374328485,7.211102550927978,7.615773105863909,8.06225774829855,6.708203932499369,7.211102550927978,8.06225774829855,8.06225774829855,8.06225774829855,8.94427190999916,8.94427190999916,9.433981132056603,10.0,10.63014581273465,11.40175425099138,12.041594578792296,12.727922061357855,12.727922061357855,12.727922061357855
1787403651.1205447,-89,0.0,13.0,13.038404810405298,12.0,13.0,12.0,11.0,11.0,10.0,9.0,9.0,9.0,10.0,10.04987562112089,10.04987562112089,9.0,9.055385138137417,8.06225774829855,8.0,5.0990195135927845,5.385164807134504,6.324555320336759,5.0,3.605551275463989,3.605551275463989,4.0,4.123105625617661,0.0,0.0,0.0,0.0,0.0,0.0,0.0,0.0,0.0,0.0,0.0,3.0,2.23606797749979,2.23606797749979,3.1622776601683795,5.0,5.0990195135927845,6.0,6.0,7.0710678118654755,7.280109889280518,8.06225774829855,8.246211251235321,9.219544457292887,8.246211251235321,9.055385138137417,9.055385138137417,10.04987562112089,11.045361017187261,12.041594578792296,14.0,15.033296378372908,15.033296378372908,16.0312195418814,16.0312195418814,17.11724276862369,17.029386365926403
1787403651.136586,-72,0.0,27.16615541441225,26.1725046566048,23.08679276123039,20.024984394500787,16.0312195418814,11.40175425099138,7.211102550927978,5.0990195135927845,7.211102550927978,9.899494936611665,12.806248474865697,15.620499351813308,17.804493814764857,19.209372712298546,19.209372712298546,19.849433241279208,18.439088914585774,16.278820596099706,14.866068747318506,12.727922061357855,10.63014581273465,6.4031242374328485,2.23606797749979,2.23606797749979,4.47213595499958,6.4031242374328485,0.0,0.0,0.0,0.0,0.0,0.0,0.0,0.0,0.0,0.0,0.0,2.0,1.0,2.23606797749979,3.0,4.47213595499958,5.830951894845301,8.602325267042627,11.313708498984761,12.806248474865697,15.0,15.811388300841896,16.1245154965971,16.55294535724685,17.08800749063506,15.524174696260024,14.317821063276353,13.341664064126334,11.180339887498949,8.06225774829855,3.1622776601683795,2.23606797749979,6.324555320336759,11.40175425099138,16.278820596099706,20.223748416156685,23.194827009486403
1787403651.7734585,-89,0.0,9.219544457292887,10.0,10.816653826391969,10.816653826391969,10.816653826391969,10.816653826391969,10.816653826391969,10.0,10.63014581273465,10.63014581273465,10.63014581273465,11.40175425099138,11.40175425099138,11.40175425099138,11.40175425099138,11.40175425099138,11.40175425099138,11.40175425099138,10.63014581273465,9.219544457292887,7.810249675906654,7.0710678118654755,6.4031242374328485,7.0710678118654755,7.0710678118654755,7.0710678118654755,0.0,0.0,0.0,0.0,0.0,0.0,0.0,0.0,0.0,0.0,0.0,7.0710678118654755,5.385164807134504,5.0,5.0,5.656854249492381,5.830951894845301,5.830951894845301,5.0,5.0,5.830951894845301,6.4031242374328485,6.4031242374328485,5.830951894845301,6.324555320336759,6.708203932499369,6.082762530298219,7.0710678118654755,7.0,8.06225774829855,9.219544457292887,10.04987562112089,11.045361017187261,12.0,13.0,15.033296378372908,15.033296378372908
1787403651.8271987,-70,0.0,29.732137494637012,29.732137494637012,27.51363298439521,24.351591323771842,20.8806130178211,16.1245154965971,12.041594578792296,8.94427190999916,8.602325267042627,9.219544457292887,12.0,14.0,16.0,17.0,17.029386365926403,17.029386365926403,16.1245154965971,14.317821063276353,11.40175425099138,9.486832980505138,6.082762530298219,2.0,2.23606797749979,4.47213595499958,6.708203932499369,8.06225774829855,0.0,0.0,0.0,0.0,0.0,0.0,0.0,0.0,0.0,0.0,0.0,5.385164807134504,2.23606797749979,3.1622776601683795,5.0,5.830951894845301,8.06225774829855,9.486832980505138,11.40175425099138,13.152946437965905,14.035668847618199,15.0,15.132745950421556,13.601470508735444,13.416407864998739,12.206555615733702,11.313708498984761,9.899494936611665,7.211102550927978,5.0,2.23606797749979,2.8284271247461903,6.324555320336759,10.44030650891055,15.524174696260024,19.924858845171276,23.08679276123039
1787403651.8271987,-89,0.0,11.180339887498949,11.40175425099138,11.40175425099138,11.180339887498949,11.40175425099138,11.40175425099138,10.770329614269007,8.94427190999916,7.280109889280518,7.280109889280518,6.708203932499369,7.615773105863909,7.211102550927978,7.810249675906654,7.211102550927978,6.4031242374328485,6.4031242374328485,7.211102550927978,6.4031242374328485,6.708203932499369,5.830951894845301,6.708203932499369,6.324555320336759,7.280109889280518,9.219544457292887,10.198039027185569,0.0,0.0,0.0,0.0,0.0,0.0,0.0,0.0,0.0,0.0,0.0,4.123105625617661,4.123105625617661,4.123105625617661,4.123105625617661,4.123105625617661,4.123105625617661,3.0,3.0,4.0,4.123105625617661,5.0,6.082762530298219,6.082762530298219,7.280109889280518,9.219544457292887,10.198039027185569,10.44030650891055,10.198039027185569,10.198039027185569,9.219544457292887,9.055385138137417,9.0,9.055385138137417,8.246211251235321,8.246211251235321,8.54400374531753
1787403652.0771642,-72,0.0,27.16615541441225,26.30589287593181,24.331050121192877,22.360679774997898,18.439088914585774,13.92838827718412,10.0,7.615773105863909,8.246211251235321,10.0,12.727922061357855,14.866068747318506,16.278820596099706,17.69180601295413,18.439088914585774,17.804493814764857,16.401219466856727,15.264337522473747,13.416407864998739,11.180339887498949,8.06225774829855,4.47213595499958,1.0,2.0,5.0990195135927845,6.082762530298219,0.0,0.0,0.0,0.0,0.0,0.0,0.0,0.0,0.0,0.0,0.0,4.47213595499958,2.0,1.4142135623730951,2.8284271247461903,4.242640687119285,5.830951894845301,7.615773105863909,10.44030650891055,12.36931687685298,13.152946437965905,14.0,14.035668847618199,14.317821063276353,13.92838827718412,13.892443989449804,13.601470508735444,11.40175425099138,9.219544457292887,7.0710678118654755,3.605551275463989,2.23606797749979,6.0,10.198039027185569,15.297058540778355,19.235384061671343,22.20360331117452
1787403652.3289983,-71,0.0,22.135943621178654,23.08679276123039,22.80350850198276,22.561028345356956,22.360679774997898,22.20360331117452,21.095023109728988,19.026297590440446,18.027756377319946,17.11724276862369,16.1245154965971,15.132745950421556,14.035668847618199,13.038404810405298,13.152946437965905,12.165525060596439,11.40175425099138,10.44030650891055,10.44030650891055,10.770329614269007,10.770329614269007,11.704699910719626,10.198039027185569,9.055385138137417,9.055385138137417,8.246211251235321,0.0,0.0,0.0,0.0,0.0,0.0,0.0,0.0,0.0,0.0,0.0,8.94427190999916,8.06225774829855,7.211102550927978,6.4031242374328485,6.4031242374328485,5.830951894845301,6.324555320336759,7.280109889280518,7.280109889280518,7.615773105863909,8.246211251235321,9.219544457292887,9.219544457292887,9.219544457292887,9.0,10.198039027185569,11.40175425099138,11.180339887498949,11.180339887498949,11.180339887498949,11.40175425099138,12.649110640673518,16.15549442140351,18.027756377319946,18.027756377319946,19.313207915827967
1787403652.376576,-70,0.0,30.886890422961002,30.886890422961002,28.178005607210743,24.166091947189145,19.924858845171276,14.142135623730951,9.055385138137417,6.4031242374328485,6.082762530298219,7.615773105863909,10.295630140987,13.416407864998739,15.231546211727817,17.08800749063506,16.76305461424021,16.492422502470642,16.278820596099706,15.132745950421556,14.035668847618199,12.041594578792296,8.06225774829855,5.0,2.23606797749979,1.4142135623730951,4.123105625617661,5.0990195135927845,0.0,0.0,0.0,0.0,0.0,0.0,0.0,0.0,0.0,0.0,0.0,3.1622776601683795,1.0,5.0,7.0710678118654755,5.656854249492381,5.0990195135927845,7.280109889280518,11.180339887498949,13.038404810405298,14.212670403551895,14.212670403551895,13.45362404707371,12.806248474865697,13.892443989449804,14.317821063276353,13.92838827718412,10.44030650891055,8.246211251235321,5.0990195135927845,2.23606797749979,2.8284271247461903,8.06225774829855,12.206555615733702,16.64331697709324,20.591260281974,22.825424421026653
1787403652.376576,-70,0.0,36.05551275463989,35.014282800023196,32.0,29.017236257093817,23.194827009486403,17.46424919657298,11.180339887498949,5.830951894845301,6.708203932499369,9.219544457292887,12.206555615733702,14.212670403551895,17.029386365926403,19.1049731745428,20.518284528683193,19.849433241279208,17.204650534085253,16.1245154965971,15.231546211727817,13.0,9.848857801796104,5.385164807134504,1.0,3.605551275463989,5.0,7.0710678118654755,0.0,0.0,0.0,0.0,0.0,0.0,0.0,0.0,0.0,0.0,0.0,5.0,1.0,3.1622776601683795,6.324555320336759,7.211102550927978,7.810249675906654,9.848857801796104,11.045361017187261,13.0,15.033296378372908,16.0312195418814,16.278820596099706,14.866068747318506,15.652475842498529,15.264337522473747,13.45362404707371,11.313708498984761,9.219544457292887,5.830951894845301,3.1622776601683795,3.605551275463989,7.615773105863909,12.165525060596439,17.11724276862369,23.194827009486403,27.073972741361768
1787403652.3927166,-70,0.0,26.1725046566048,26.076809620810597,25.079872407968907,22.090722034374522,18.0,13.341664064126334,6.708203932499369,5.0990195135927845,7.615773105863909,9.433981132056603,10.0,12.529964086141668,15.231546211727817,16.55294535724685,16.15549442140351,14.560219778561036,15.132745950421556,14.142135623730951,11.045361017187261,9.0,7.0,4.0,1.0,2.23606797749979,4.123105625617661,5.0990195135927845,0.0,0.0,0.0,0.0,0.0,0.0,0.0,0.0,0.0,0.0,0.0,1.4142135623730951,2.23606797749979,3.0,5.0,4.47213595499958,5.656854249492381,6.708203932499369,8.246211251235321,9.055385138137417,11.0,12.041594578792296,13.341664064126334,13.0,12.206555615733702,11.313708498984761,10.63014581273465,8.602325267042627,5.830951894845301,4.47213595499958,2.23606797749979,2.8284271247461903,6.324555320336759,9.486832980505138,13.601470508735444,18.439088914585774,22.360679774997898
1787403652.6627693,-71,0.0,28.653097563788805,26.832815729997478,24.166091947189145,20.615528128088304,16.492422502470642,11.045361017187261,6.082762530298219,4.123105625617661,6.708203932499369,9.219544457292887,11.661903789690601,13.892443989449804,16.1245154965971,17.88854381999832,18.788294228055936,18.384776310850235,17.72004514666935,16.278820596099706,15.132745950421556,14.035668847618199,12.041594578792296,8.06225774829855,4.0,1.0,2.23606797749979,4.123105625617661,0.0,0.0,0.0,0.0,0.0,0.0,0.0,0.0,0.0,0.0,0.0,3.1622776601683795,2.23606797749979,3.1622776601683795,4.0,6.0,6.324555320336759,7.211102550927978,9.219544457292887,10.63014581273465,10.63014581273465,12.206555615733702,13.416407864998739,14.317821063276353,14.035668847618199,14.035668847618199,14.035668847618199,13.038404810405298,10.04987562112089,7.0710678118654755,3.1622776601683795,2.23606797749979,5.0,10.0,15.0,20.0,23.021728866442675
1787403652.742744,-72,0.0,22.360679774997898,23.53720459187964,23.769728648009426,22.135943621178654,20.615528128088304,20.12461179749811,18.35755975068582,15.652475842498529,14.317821063276353,13.0,12.649110640673518,12.165525060596439,12.165525060596439,11.180339887498949,11.180339887498949,11.045361017187261,11.0,11.0,11.045361017187261,11.045361017187261,11.045361017187261,11.0,11.045361017187261,10.04987562112089,10.0,10.0,0.0,0.0,0.0,0.0,0.0,0.0,0.0,0.0,0.0,0.0,0.0,7.615773105863909,6.708203932499369,5.385164807134504,4.123105625617661,4.123105625617661,4.47213595499958,5.0,5.830951894845301,5.656854249492381,5.656854249492381,5.656854249492381,5.830951894845301,5.385164807134504,7.280109889280518,8.06225774829855,9.219544457292887,10.198039027185569,10.198039027185569,11.180339887498949,11.180339887498949,13.038404810405298,14.142135623730951,15.297058540778355,18.110770276274835,20.024984394500787,20.024984394500787
1787403653.1603827,-71,0.0,20.808652046684813,21.633307652783937,20.248456731316587,18.867962264113206,18.35755975068582,17.88854381999832,16.55294535724685,14.317821063276353,13.416407864998739,11.661903789690601,11.661903789690601,10.816653826391969,10.63014581273465,10.63014581273465,10.63014581273465,9.219544457292887,8.48528137423857,9.219544457292887,9.219544457292887,9.219544457292887,9.219544457292887,9.219544457292887,9.219544457292887,8.48528137423857,7.810249675906654,7.810249675906654,0.0,0.0,0.0,0.0,0.0,0.0,0.0,0.0,0.0,0.0,0.0,5.830951894845301,5.385164807134504,3.605551275463989,2.8284271247461903,2.23606797749979,2.0,3.1622776601683795,4.123105625617661,5.385164807134504,5.385164807134504,6.708203932499369,7.211102550927978,7.0710678118654755,7.810249675906654,9.219544457292887,9.219544457292887,10.63014581273465,12.041594578792296,12.727922061357855,13.45362404707371,14.866068747318506,15.556349186104045,16.278820596099706,17.69180601295413,19.1049731745428,19.849433241279208
1787403653.3628154,-73,0.0,19.72308292331602,20.248456731316587,21.095023109728988,21.095023109728988,20.808652046684813,18.439088914585774,18.384776310850235,16.97056274847714,14.866068747318506,12.041594578792296,11.661903789690601,10.770329614269007,10.770329614269007,11.40175425099138,10.44030650891055,9.486832980505138,10.04987562112089,10.0,10.04987562112089,11.045361017187261,12.041594578792296,12.165525060596439,10.198039027185569,9.055385138137417,9.0,8.0,0.0,0.0,0.0,0.0,0.0,0.0,0.0,0.0,0.0,0.0,0.0,8.602325267042627,7.211102550927978,5.830951894845301,4.242640687119285,4.47213595499958,5.0990195135927845,4.0,4.123105625617661,4.123105625617661,4.123105625617661,2.8284271247461903,3.605551275463989,5.0,3.605551275463989,6.324555320336759,10.816653826391969,11.661903789690601,11.704699910719626,12.649110640673518,13.416407864998739,14.7648230602334,17.0,17.4928556845359,18.35755975068582,19.235384061671343,19.72308292331602
1787403653.3628154,-79,0.0,14.142135623730951,13.152946437965905,9.848857801796104,8.602325267042627,10.63014581273465,11.704699910719626,11.045361017187261,8.0,6.708203932499369,5.0,5.0990195135927845,7.0710678118654755,9.219544457292887,11.0,10.0,7.0,4.123105625617661,5.0,8.94427190999916,12.649110640673518,12.165525060596439,11.0,10.198039027185569,10.770329614269007,7.615773105863909,4.47213595499958,0.0,0.0,0.0,0.0,0.0,0.0,0.0,0.0,0.0,0.0,0.0,8.246211251235321,6.082762530298219,3.605551275463989,4.47213595499958,5.385164807134504,9.055385138137417,10.44030650891055,12.041594578792296,12.041594578792296,12.165525060596439,15.297058540778355,17.08800749063506,20.248456731316587,21.840329667841555,22.80350850198276,25.709920264364882,25.495097567963924,22.090722034374522,16.0312195418814,12.083045973594572,8.602325267042627,7.0,6.4031242374328485,8.54400374531753,15.132745950421556,19.026297590440446
1787403653.3628154,-79,0.0,11.180339887498949,8.94427190999916,12.0,11.180339887498949,8.246211251235321,9.848857801796104,9.899494936611665,8.94427190999916,7.280109889280518,4.0,2.0,6.082762530298219,9.0,9.055385138137417,9.055385138137417,8.54400374531753,6.324555320336759,3.605551275463989,6.082762530298219,10.44030650891055,14.317821063276353,14.7648230602334,15.811388300841896,16.278820596099706,12.041594578792296,8.06225774829855,0.0,0.0,0.0,0.0,0.0,0.0,0.0,0.0,0.0,0.0,0.0,7.615773105863909,6.708203932499369,5.385164807134504,2.0,4.47213595499958,9.433981132056603,11.313708498984761,12.041594578792296,11.40175425099138,12.727922061357855,11.661903789690601,13.152946437965905,18.110770276274835,21.213203435596427,23.021728866442675,23.021728866442675,23.021728866442675,22.360679774997898,18.681541692269406,13.0,7.0710678118654755,5.0990195135927845,6.082762530298219,10.0,12.806248474865697,12.529964086141668
1787403653.3628154,-78,0.0,14.560219778561036,11.180339887498949,9.219544457292887,10.816653826391969,11.313708498984761,11.180339887498949,12.649110640673518,11.40175425099138,7.0710678118654755,4.47213595499958,5.830951894845301,6.708203932499369,8.246211251235321,9.0,8.54400374531753,8.54400374531753,6.708203932499369,5.0,7.0710678118654755,9.219544457292887,10.44030650891055,10.04987562112089,8.06225774829855,8.54400374531753,9.219544457292887,6.0,0.0,0.0,0.0,0.0,0.0,0.0,0.0,0.0,0.0,0.0,0.0,7.0710678118654755,6.4031242374328485,4.47213595499958,1.4142135623730951,7.0710678118654755,13.0,14.7648230602334,10.295630140987,9.055385138137417,15.132745950421556,18.110770276274835,16.278820596099706,17.08800749063506,21.93171219946131,25.495097567963924,25.079872407968907,23.769728648009426,21.18962010041709,18.24828759089466,15.033296378372908,10.04987562112089,5.656854249492381,6.082762530298219,8.94427190999916,11.661903789690601,12.529964086141668
1787403653.5600648,-72,0.0,21.587033144922902,21.840329667841555,21.18962010041709,19.313207915827967,18.788294228055936,18.788294228055936,17.88854381999832,16.1245154965971,13.416407864998739,12.083045973594572,10.44030650891055,11.0,11.0,10.0,8.0,7.0710678118654755,9.0,9.055385138137417,9.055385138137417,10.04987562112089,10.198039027185569,9.219544457292887,8.54400374531753,7.615773105863909,7.615773105863909,7.280109889280518,0.0,0.0,0.0,0.0,0.0,0.0,0.0,0.0,0.0,0.0,0.0,7.211102550927978,7.211102550927978,6.4031242374328485,5.385164807134504,4.0,3.1622776601683795,4.47213595499958,4.47213595499958,3.605551275463989,3.605551275463989,5.0,5.0,6.324555320336759,7.280109889280518,9.219544457292887,10.198039027185569,10.198039027185569,11.180339887498949,13.341664064126334,14.142135623730951,14.142135623730951,16.0312195418814,18.027756377319946,19.1049731745428,20.223748416156685,20.396078054371138
1787403653.617739,-78,0.0,21.840329667841555,21.840329667841555,19.313207915827967,17.0,14.866068747318506,13.038404810405298,12.36931687685298,12.165525060596439,11.661903789690601,12.727922061357855,12.806248474865697,12.041594578792296,11.40175425099138,11.661903789690601,12.529964086141668,13.416407864998739,13.601470508735444,14.212670403551895,12.727922061357855,9.433981132056603,8.06225774829855,8.246211251235321,5.830951894845301,5.0,5.0990195135927845,6.082762530298219,0.0,0.0,0.0,0.0,0.0,0.0,0.0,0.0,0.0,0.0,0.0,3.1622776601683795,4.0,5.830951894845301,6.4031242374328485,5.385164807134504,6.0,9.055385138137417,12.36931687685298,14.7648230602334,18.601075237738275,21.400934559032695,23.600847442411894,23.600847442411894,22.02271554554524,21.2602916254693,20.248456731316587,18.788294228055936,15.811388300841896,13.152946437965905,11.045361017187261,8.0,3.605551275463989,4.242640687119285,8.06225774829855,13.601470508735444,18.439088914585774
1787403653.665983,-71,0.0,21.540659228538015,21.18962010041709,21.540659228538015,21.02379604162864,20.12461179749811,18.35755975068582,16.64331697709324,15.264337522473747,13.038404810405298,11.661903789690601,11.180339887498949,10.770329614269007,10.44030650891055,10.198039027185569,10.198039027185569,10.198039027185569,10.04987562112089,10.04987562112089,9.055385138137417,10.0,11.0,10.04987562112089,10.198039027185569,10.04987562112089,9.0,9.0,0.0,0.0,0.0,0.0,0.0,0.0,0.0,0.0,0.0,0.0,0.0,8.94427190999916,8.06225774829855,5.830951894845301,4.47213595499958,3.0,3.1622776601683795,3.605551275463989,5.0,5.0,5.656854249492381,5.656854249492381,6.4031242374328485,5.830951894845301,6.708203932499369,8.54400374531753,9.486832980505138,10.44030650891055,11.40175425099138,12.36931687685298,13.341664064126334,14.317821063276353,15.297058540778355,16.492422502470642,18.439088914585774,19.6468827043885,20.8806130178211
1787403653.7135036,-70,0.0,27.294688127912362,25.059928172283335,22.825424421026653,19.4164878389476,14.866068747318506,10.295630140987,7.0,7.0710678118654755,8.94427190999916,10.770329614269007,14.317821063276353,16.1245154965971,17.204650534085253,17.204650534085253,18.439088914585774,18.439088914585774,16.97056274847714,15.811388300841896,13.892443989449804,12.529964086141668,10.295630140987,5.385164807134504,2.0,1.4142135623730951,5.0,7.211102550927978,0.0,0.0,0.0,0.0,0.0,0.0,0.0,0.0,0.0,0.0,0.0,3.0,3.605551275463989,4.47213595499958,5.385164807134504,6.082762530298219,5.385164807134504,6.4031242374328485,7.615773105863909,9.486832980505138,10.44030650891055,12.165525060596439,12.041594578792296,13.152946437965905,14.317821063276353,14.560219778561036,13.92838827718412,13.0,10.44030650891055,8.06225774829855,6.082762530298219,4.47213595499958,7.0,11.180339887498949,16.76305461424021,21.18962010041709,23.40939982143925
1787403653.8729286,-71,0.0,21.840329667841555,21.587033144922902,20.615528128088304,20.396078054371138,19.235384061671343,18.110770276274835,17.11724276862369,16.1245154965971,14.142135623730951,13.341664064126334,12.36931687685298,11.704699910719626,11.704699910719626,11.704699910719626,10.770329614269007,11.180339887498949,10.295630140987,10.0,10.63014581273465,12.041594578792296,12.206555615733702,13.038404810405298,12.529964086141668,11.180339887498949,9.848857801796104,8.94427190999916,0.0,0.0,0.0,0.0,0.0,0.0,0.0,0.0,0.0,0.0,0.0,6.0,4.0,3.0,2.23606797749979,2.23606797749979,3.0,4.0,4.0,4.0,5.0,5.0,6.082762530298219,6.324555320336759,7.280109889280518,8.54400374531753,9.848857801796104,10.770329614269007,11.704699910719626,12.649110640673518,13.92838827718412,14.866068747318506,16.15549442140351,17.08800749063506,18.027756377319946,18.973665961010276,19.924858845171276
1787403654.0007179,-71,0.0,27.784887978899608,27.294688127912362,23.706539182259394,19.313207915827967,14.317821063276353,10.04987562112089,7.0710678118654755,7.280109889280518,10.0,13.038404810405298,15.033296378372908,16.0,17.11724276862369,18.24828759089466,19.4164878389476,20.615528128088304,19.313207915827967,17.4928556845359,15.620499351813308,13.45362404707371,9.899494936611665,5.656854249492381,1.0,3.1622776601683795,7.211102550927978,8.48528137423857,0.0,0.0,0.0,0.0,0.0,0.0,0.0,0.0,0.0,0.0,0.0,2.0,1.0,2.23606797749979,2.8284271247461903,3.605551275463989,5.0990195135927845,6.0,7.280109889280518,9.486832980505138,10.770329614269007,12.529964086141668,12.806248474865697,12.806248474865697,13.892443989449804,14.317821063276353,13.416407864998739,11.180339887498949,9.433981132056603,7.0710678118654755,6.082762530298219,7.615773105863909,10.0,14.212670403551895,18.867962264113206,22.825424421026653,24.186773244895647
1787403654.3196099,-73,0.0,28.284271247461902,27.459060435491963,24.515301344262525,20.8806130178211,16.15549442140351,12.206555615733702,8.06225774829855,7.0710678118654755,9.433981132056603,11.313708498984761,13.45362404707371,15.811388300841896,18.027756377319946,18.867962264113206,19.235384061671343,18.788294228055936,18.027756377319946,16.278820596099706,15.033296378372908,13.0,10.0,6.0,3.0,1.4142135623730951,4.123105625617661,7.0,0.0,0.0,0.0,0.0,0.0,0.0,0.0,0.0,0.0,0.0,0.0,4.123105625617661,3.1622776601683795,3.1622776601683795,4.123105625617661,5.0990195135927845,5.385164807134504,5.830951894845301,7.0710678118654755,8.06225774829855,9.486832980505138,10.44030650891055,10.04987562112089,11.045361017187261,11.40175425099138,11.704699910719626,12.083045973594572,10.295630140987,8.94427190999916,6.324555320336759,3.1622776601683795,4.123105625617661,8.0,12.041594578792296,17.11724276862369,20.223748416156685,23.345235059857504
1787403654.3457763,-71,0.0,31.38470965295043,29.68164415931166,26.627053911388696,23.430749027719962,18.384776310850235,13.038404810405298,9.219544457292887,7.615773105863909,9.219544457292887,10.816653826391969,12.529964086141668,15.652475842498529,17.4928556845359,19.4164878389476,20.0,19.209372712298546,17.69180601295413,17.204650534085253,15.264337522473747,13.416407864998739,10.770329614269007,7.280109889280518,4.0,3.0,5.830951894845301,8.48528137423857,0.0,0.0,0.0,0.0,0.0,0.0,0.0,0.0,0.0,0.0,0.0,5.0990195135927845,4.242640687119285,5.0990195135927845,5.0,5.0,6.324555320336759,7.615773105863909,8.602325267042627,9.899494936611665,10.63014581273465,10.816653826391969,11.180339887498949,12.165525060596439,12.041594578792296,11.180339887498949,8.246211251235321,9.0,8.0,5.0,3.605551275463989,6.0,9.486832980505138,13.92838827718412,18.788294228055936,22.360679774997898,24.596747752497688
1787403654.8957446,-71,0.0,34.20526275297414,33.60059523282288,31.064449134018133,26.92582403567252,21.02379604162864,15.297058540778355,10.04987562112089,7.810249675906654,8.54400374531753,11.180339887498949,13.152946437965905,15.297058540778355,17.46424919657298,18.681541692269406,20.248456731316587,20.12461179749811,18.867962264113206,17.204650534085253,14.866068747318506,12.041594578792296,9.219544457292887,5.0,1.4142135623730951,2.23606797749979,5.656854249492381,9.219544457292887,0.0,0.0,0.0,0.0,0.0,0.0,0.0,0.0,0.0,0.0,0.0,3.1622776601683795,2.0,4.242640687119285,5.830951894845301,7.0710678118654755,8.0,10.04987562112089,10.770329614269007,10.816653826391969,12.041594578792296,13.45362404707371,14.422205101855956,15.231546211727817,16.492422502470642,16.0312195418814,16.0,15.0,12.0,10.0,6.324555320336759,3.1622776601683795,7.211102550927978,12.727922061357855,19.209372712298546,25.0,27.80287754891569
1787403654.9254174,-72,0.0,26.476404589747453,25.495097567963924,23.194827009486403,20.09975124224178,15.0,11.40175425099138,8.06225774829855,6.708203932499369,7.0,8.06225774829855,9.219544457292887,11.40175425099138,13.341664064126334,14.142135623730951,14.142135623730951,15.033296378372908,14.0,13.152946437965905,12.36931687685298,10.44030650891055,8.246211251235321,5.385164807134504,2.23606797749979,1.0,4.123105625617661,6.082762530298219,0.0,0.0,0.0,0.0,0.0,0.0,0.0,0.0,0.0,0.0,0.0,1.4142135623730951,1.0,2.23606797749979,4.47213595499958,4.123105625617661,3.1622776601683795,5.0,7.0,7.0710678118654755,8.246211251235321,8.94427190999916,9.219544457292887,10.816653826391969,11.180339887498949,11.704699910719626,11.704699910719626,10.770329614269007,7.615773105863909,5.385164807134504,2.8284271247461903,2.8284271247461903,6.324555320336759,10.198039027185569,14.317821063276353,18.439088914585774,20.615528128088304
1787403654.9254174,-72,0.0,27.313000567495326,26.92582403567252,24.351591323771842,21.587033144922902,16.278820596099706,11.0,7.280109889280518,5.0,6.082762530298219,8.246211251235321,9.486832980505138,11.180339887498949,13.152946437965905,14.035668847618199,16.0,16.0312195418814,15.132745950421556,14.317821063276353,13.601470508735444,11.704699910719626,9.486832980505138,5.0990195135927845,1.0,2.23606797749979,5.385164807134504,6.708203932499369,0.0,0.0,0.0,0.0,0.0,0.0,0.0,0.0,0.0,0.0,0.0,3.605551275463989,3.1622776601683795,4.123105625617661,5.385164807134504,6.324555320336759,7.0710678118654755,8.06225774829855,9.486832980505138,10.770329614269007,11.661903789690601,12.206555615733702,12.727922061357855,12.206555615733702,13.416407864998739,13.92838827718412,13.601470508735444,12.36931687685298,10.44030650891055,7.615773105863909,4.242640687119285,4.123105625617661,6.4031242374328485,11.180339887498949,15.652475842498529,20.12461179749811,24.166091947189145
1787403654.9770415,-78,0.0,23.08679276123039,22.20360331117452,21.02379604162864,19.026297590440446,16.278820596099706,16.15549442140351,13.038404810405298,9.219544457292887,5.656854249492381,3.0,4.0,6.082762530298219,8.06225774829855,10.770329614269007,12.649110640673518,12.36931687685298,12.36931687685298,12.165525060596439,11.045361017187261,11.0,11.045361017187261,10.198039027185569,10.44030650891055,9.486832980505138,5.0,2.23606797749979,0.0,0.0,0.0,0.0,0.0,0.0,0.0,0.0,0.0,0.0,0.0,9.486832980505138,8.0,8.246211251235321,8.94427190999916,10.0,10.63014581273465,10.816653826391969,13.038404810405298,14.7648230602334,16.55294535724685,15.231546211727817,13.416407864998739,14.866068747318506,14.866068747318506,12.529964086141668,10.0,9.433981132056603,7.280109889280518,4.0,2.8284271247461903,5.0990195135927845,9.0,11.045361017187261,13.038404810405298,15.0,15.033296378372908
1787403655.0367308,-78,0.0,24.596747752497688,24.186773244895647,22.47220505424423,20.0,17.69180601295413,15.620499351813308,12.806248474865697,10.63014581273465,6.4031242374328485,3.605551275463989,1.4142135623730951,5.0,8.246211251235321,10.44030650891055,11.704699910719626,12.649110640673518,12.36931687685298,13.92838827718412,14.317821063276353,13.0,11.180339887498949,10.63014581273465,9.219544457292887,5.656854249492381,3.1622776601683795,3.1622776601683795,0.0,0.0,0.0,0.0,0.0,0.0,0.0,0.0,0.0,0.0,0.0,6.708203932499369,5.0,7.280109889280518,9.219544457292887,11.045361017187261,13.601470508735444,13.892443989449804,13.601470508735444,14.142135623730951,14.866068747318506,15.620499351813308,16.401219466856727,15.620499351813308,14.142135623730951,12.041594578792296,10.63014581273465,9.219544457292887,7.211102550927978,5.385164807134504,5.0990195135927845,7.211102550927978,10.44030650891055,12.649110640673518,14.317821063276353,17.46424919657298,19.4164878389476
1787403655.1160645,-79,0.0,26.1725046566048,25.0,22.20360331117452,17.804493814764857,13.601470508735444,12.206555615733702,11.40175425099138,8.602325267042627,5.385164807134504,3.1622776601683795,5.830951894845301,8.94427190999916,11.704699910719626,13.0,13.0,13.601470508735444,13.341664064126334,13.341664064126334,10.770329614269007,10.295630140987,9.433981132056603,6.4031242374328485,3.605551275463989,4.47213595499958,2.8284271247461903,0.0,0.0,0.0,0.0,0.0,0.0,0.0,0.0,0.0,0.0,0.0,0.0,7.0,7.0,7.280109889280518,6.4031242374328485,7.211102550927978,9.486832980505138,11.180339887498949,12.165525060596439,13.152946437965905,14.035668847618199,15.033296378372908,15.132745950421556,14.142135623730951,14.035668847618199,12.041594578792296,10.04987562112089,8.06225774829855,7.0710678118654755,5.385164807134504,2.8284271247461903,2.0,4.47213595499958,7.0710678118654755,10.295630140987,12.083045973594572,15.811388300841896
1787403655.1167517,-70,0.0,35.05709628591621,34.058772731852805,32.0624390837628,27.018512172212592,22.02271554554524,16.492422502470642,11.180339887498949,7.211102550927978,7.0,8.246211251235321,11.180339887498949,13.038404810405298,15.033296378372908,17.0,18.0,18.110770276274835,17.46424919657298,15.811388300841896,15.231546211727817,13.416407864998739,10.295630140987,5.830951894845301,1.4142135623730951,2.23606797749979,5.830951894845301,8.06225774829855,0.0,0.0,0.0,0.0,0.0,0.0,0.0,0.0,0.0,0.0,0.0,2.23606797749979,2.23606797749979,4.47213595499958,5.385164807134504,5.830951894845301,7.0710678118654755,9.219544457292887,10.816653826391969,13.0,15.132745950421556,17.029386365926403,17.11724276862369,16.0312195418814,15.811388300841896,15.652475842498529,16.64331697709324,14.422205101855956,11.661903789690601,8.54400374531753,6.0,7.0710678118654755,10.44030650891055,16.1245154965971,21.213203435596427,26.1725046566048,28.0178514522438
1787403655.1320596,-78,0.0,24.041630560342615,22.80350850198276,21.587033144922902,19.1049731745428,17.0,15.0,12.0,9.0,6.082762530298219,4.47213595499958,4.47213595499958,6.0,9.055385138137417,11.180339887498949,13.341664064126334,14.317821063276353,13.601470508735444,13.341664064126334,13.152946437965905,12.041594578792296,10.0,8.06225774829855,8.06225774829855,7.0710678118654755,4.123105625617661,3.1622776601683795,0.0,0.0,0.0,0.0,0.0,0.0,0.0,0.0,0.0,0.0,0.0,7.0,6.324555320336759,6.4031242374328485,7.0710678118654755,8.06225774829855,9.486832980505138,12.165525060596439,13.038404810405298,14.035668847618199,15.0,16.0,15.0,14.0,13.0,12.041594578792296,11.045361017187261,9.055385138137417,6.0,4.47213595499958,4.47213595499958,6.082762530298219,9.848857801796104,13.416407864998739,16.55294535724685,18.788294228055936,20.615528128088304
1787403655.1962826,-70,0.0,18.973665961010276,20.248456731316587,21.540659228538015,20.615528128088304,19.235384061671343,18.867962264113206,17.4928556845359,14.7648230602334,12.529964086141668,10.770329614269007,10.44030650891055,11.180339887498949,12.041594578792296,11.045361017187261,10.0,10.0,10.04987562112089,10.04987562112089,9.0,9.0,9.055385138137417,9.219544457292887,9.219544457292887,7.280109889280518,6.082762530298219,6.082762530298219,0.0,0.0,0.0,0.0,0.0,0.0,0.0,0.0,0.0,0.0,0.0,7.280109889280518,7.0710678118654755,5.0,3.1622776601683795,2.8284271247461903,3.605551275463989,4.242640687119285,5.0,5.656854249492381,5.830951894845301,5.830951894845301,5.830951894845301,6.324555320336759,6.708203932499369,7.280109889280518,9.055385138137417,10.04987562112089,10.04987562112089,12.165525060596439,13.152946437965905,14.035668847618199,14.035668847618199,15.132745950421556,16.278820596099706,18.24828759089466,20.223748416156685
1787403655.2157211,-75,0.0,9.486832980505138,7.810249675906654,5.0990195135927845,4.242640687119285,3.1622776601683795,6.4031242374328485,11.40175425099138,14.7648230602334,17.0,17.0,17.0,15.652475842498529,13.0,10.770329614269007,9.219544457292887,7.280109889280518,3.605551275463989,3.1622776601683795,5.0,3.605551275463989,5.385164807134504,6.324555320336759,8.246211251235321,10.198039027185569,12.165525060596439,13.601470508735444,0.0,0.0,0.0,0.0,0.0,0.0,0.0,0.0,0.0,0.0,0.0,2.23606797749979,5.0,10.0,11.180339887498949,9.219544457292887,6.324555320336759,5.0990195135927845,3.1622776601683795,2.0,1.0,1.4142135623730951,1.4142135623730951,2.23606797749979,7.0710678118654755,11.180339887498949,11.40175425099138,13.0,15.652475842498529,18.35755975068582,20.591260281974,19.235384061671343,17.4928556845359,18.384776310850235,20.248456731316587,17.0,9.219544457292887
1787403655.217724,-78,0.0,4.123105625617661,3.1622776601683795,6.324555320336759,9.848857801796104,12.649110640673518,14.560219778561036,16.492422502470642,19.1049731745428,20.024984394500787,20.024984394500787,19.0,17.0,14.0,12.041594578792296,10.04987562112089,8.0,6.082762530298219,4.123105625617661,1.4142135623730951,3.605551275463989,7.211102550927978,8.602325267042627,10.816653826391969,11.40175425099138,13.038404810405298,13.416407864998739,0.0,0.0,0.0,0.0,0.0,0.0,0.0,0.0,0.0,0.0,0.0,8.06225774829855,9.055385138137417,8.06225774829855,9.219544457292887,8.48528137423857,6.4031242374328485,5.830951894845301,4.47213595499958,2.23606797749979,2.0,3.605551275463989,6.324555320336759,9.055385138137417,11.0,13.038404810405298,16.278820596099706,19.4164878389476,21.587033144922902,23.769728648009426,24.73863375370596,26.248809496813376,25.632011235952593,23.40939982143925,20.248456731316587,18.027756377319946,14.560219778561036
1787403655.403051,-70,0.0,22.67156809750927,20.615528128088304,22.20360331117452,23.430749027719962,22.627416997969522,21.93171219946131,20.615528128088304,16.401219466856727,14.142135623730951,12.727922061357855,12.806248474865697,12.206555615733702,13.038404810405298,11.661903789690601,11.180339887498949,10.295630140987,10.295630140987,9.848857801796104,9.486832980505138,9.219544457292887,9.486832980505138,9.848857801796104,8.94427190999916,8.06225774829855,7.615773105863909,6.324555320336759,0.0,0.0,0.0,0.0,0.0,0.0,0.0,0.0,0.0,0.0,0.0,7.615773105863909,6.324555320336759,5.0990195135927845,5.0,5.0990195135927845,5.385164807134504,5.830951894845301,5.830951894845301,7.615773105863909,8.54400374531753,8.94427190999916,8.06225774829855,8.602325267042627,9.219544457292887,10.0,10.63014581273465,10.0,11.661903789690601,13.038404810405298,13.038404810405298,13.892443989449804,15.264337522473747,17.4928556845359,20.248456731316587,20.808652046684813,20.808652046684813
1787403655.5145373,-70,0.0,21.213203435596427,21.213203435596427,22.20360331117452,21.213203435596427,21.095023109728988,20.024984394500787,18.027756377319946,16.0312195418814,15.033296378372908,14.035668847618199,13.152946437965905,12.36931687685298,12.36931687685298,12.36931687685298,12.36931687685298,12.36931687685298,11.40175425099138,10.44030650891055,10.770329614269007,10.770329614269007,11.180339887498949,10.770329614269007,9.486832980505138,8.246211251235321,7.280109889280518,7.280109889280518,0.0,0.0,0.0,0.0,0.0,0.0,0.0,0.0,0.0,0.0,0.0,7.280109889280518,6.324555320336759,5.385164807134504,4.242640687119285,5.385164807134504,5.385164807134504,6.082762530298219,6.082762530298219,7.0710678118654755,7.0710678118654755,8.246211251235321,8.06225774829855,8.0,9.055385138137417,10.198039027185569,11.180339887498949,12.165525060596439,12.165525060596439,14.560219778561036,15.524174696260024,16.76305461424021,16.76305461424021,18.027756377319946,21.18962010041709,21.840329667841555,22.360679774997898
1787403656.3271148,-71,0.0,27.018512172212592,26.40075756488817,25.238858928247925,21.095023109728988,16.55294535724685,12.165525060596439,8.246211251235321,6.4031242374328485,9.219544457292887,11.0,13.0,14.035668847618199,16.1245154965971,17.26267650163207,17.46424919657298,16.76305461424021,15.652475842498529,14.422205101855956,12.806248474865697,11.313708498984761,8.602325267042627,5.385164807134504,2.8284271247461903,5.0990195135927845,7.0710678118654755,9.486832980505138,0.0,0.0,0.0,0.0,0.0,0.0,0.0,0.0,0.0,0.0,0.0,1.4142135623730951,2.23606797749979,5.0,5.830951894845301,6.324555320336759,7.0710678118654755,7.0710678118654755,8.54400374531753,11.180339887498949,13.038404810405298,13.601470508735444,14.142135623730951,14.422205101855956,14.7648230602334,13.92838827718412,13.601470508735444,12.649110640673518,9.848857801796104,8.06225774829855,5.830951894845301,6.082762530298219,9.433981132056603,12.727922061357855,17.029386365926403,22.02271554554524,23.430749027719962
1787403656.3456533,-71,0.0,29.274562336608895,26.476404589747453,23.53720459187964,19.924858845171276,15.652475842498529,10.63014581273465,7.280109889280518,7.280109889280518,9.219544457292887,11.661903789690601,13.892443989449804,15.811388300841896,17.69180601295413,18.384776310850235,19.1049731745428,18.601075237738275,17.4928556845359,16.55294535724685,14.866068747318506,13.341664064126334,10.198039027185569,7.0710678118654755,3.1622776601683795,2.0,5.0,6.4031242374328485,0.0,0.0,0.0,0.0,0.0,0.0,0.0,0.0,0.0,0.0,0.0,2.23606797749979,1.0,2.23606797749979,3.605551275463989,5.656854249492381,5.830951894845301,7.280109889280518,9.0,11.0,13.038404810405298,13.152946437965905,13.601470508735444,14.317821063276353,14.422205101855956,15.0,14.212670403551895,14.212670403551895,11.40175425099138,7.615773105863909,6.0,5.656854249492381,8.54400374531753,12.041594578792296,17.029386365926403,23.021728866442675,26.019223662515376
1787403657.300745,-71,0.0,27.073972741361768,26.019223662515376,24.0,20.024984394500787,15.132745950421556,10.44030650891055,7.211102550927978,5.385164807134504,7.280109889280518,8.94427190999916,10.295630140987,12.083045973594572,13.92838827718412,15.524174696260024,15.297058540778355,15.033296378372908,15.033296378372908,14.317821063276353,13.601470508735444,11.704699910719626,9.486832980505138,6.324555320336759,2.0,1.4142135623730951,4.47213595499958,5.830951894845301,0.0,0.0,0.0,0.0,0.0,0.0,0.0,0.0,0.0,0.0,0.0,2.8284271247461903,2.0,3.1622776601683795,4.123105625617661,4.47213595499958,5.0,6.4031242374328485,8.06225774829855,9.848857801796104,10.44030650891055,11.045361017187261,12.041594578792296,12.36931687685298,13.0,13.038404810405298,13.601470508735444,13.45362404707371,12.041594578792296,9.433981132056603,7.280109889280518,6.082762530298219,7.0710678118654755,10.770329614269007,15.297058540778355,20.223748416156685,23.194827009486403
1787403657.331748,-72,0.0,29.832867780352597,28.42534080710379,25.612496949731394,21.633307652783937,17.0,13.0,9.055385138137417,6.708203932499369,6.708203932499369,9.219544457292887,10.198039027185569,12.36931687685298,14.866068747318506,16.15549442140351,16.55294535724685,16.64331697709324,16.401219466856727,15.556349186104045,15.620499351813308,13.601470508735444,10.816653826391969,8.06225774829855,3.605551275463989,1.0,4.242640687119285,5.656854249492381,0.0,0.0,0.0,0.0,0.0,0.0,0.0,0.0,0.0,0.0,0.0,2.23606797749979,2.0,4.47213595499958,5.830951894845301,6.708203932499369,6.324555320336759,7.0710678118654755,9.0,10.198039027185569,11.704699910719626,11.180339887498949,11.40175425099138,11.40175425099138,12.529964086141668,13.92838827718412,13.601470508735444,12.36931687685298,11.40175425099138,8.94427190999916,6.4031242374328485,6.082762530298219,8.54400374531753,13.038404810405298,17.69180601295413,21.93171219946131,24.041630560342615
1787403657.331748,-70,0.0,28.792360097775937,28.231188426986208,25.495097567963924,21.95449840010015,17.4928556845359,13.45362404707371,8.94427190999916,6.0,6.708203932499369,8.48528137423857,10.63014581273465,13.45362404707371,14.866068747318506,15.811388300841896,16.1245154965971,16.55294535724685,16.76305461424021,16.278820596099706,15.033296378372908,13.038404810405298,11.045361017187261,8.0,5.0,1.4142135623730951,3.1622776601683795,5.0990195135927845,0.0,0.0,0.0,0.0,0.0,0.0,0.0,0.0,0.0,0.0,0.0,1.0,3.1622776601683795,5.0,5.656854249492381,5.385164807134504,6.082762530298219,6.708203932499369,7.211102550927978,9.219544457292887,9.899494936611665,11.40175425099138,11.180339887498949,11.40175425099138,12.041594578792296,13.038404810405298,13.341664064126334,12.36931687685298,11.40175425099138,10.04987562112089,7.280109889280518,6.4031242374328485,7.280109889280518,11.045361017187261,16.492422502470642,21.18962010041709,23.40939982143925
1787403657.3485065,-70,0.0,28.442925306655784,27.294688127912362,25.317977802344327,22.090722034374522,17.0,13.152946437965905,9.433981132056603,6.708203932499369,7.0,9.219544457292887,11.40175425099138,13.341664064126334,14.142135623730951,16.1245154965971,17.0,17.11724276862369,17.26267650163207,16.76305461424021,16.15549442140351,14.317821063276353,12.083045973594572,8.94427190999916,4.47213595499958,1.0,2.23606797749979,4.47213595499958,0.0,0.0,0.0,0.0,0.0,0.0,0.0,0.0,0.0,0.0,0.0,1.0,2.23606797749979,5.0990195135927845,5.0,5.385164807134504,6.4031242374328485,6.708203932499369,7.615773105863909,9.219544457292887,10.0,11.045361017187261,12.649110640673518,12.529964086141668,12.206555615733702,11.313708498984761,12.806248474865697,11.40175425099138,10.63014581273465,8.48528137423857,6.4031242374328485,5.0,6.4031242374328485,11.180339887498949,17.08800749063506,20.8806130178211,23.769728648009426
1787403657.554919,-70,0.0,28.792360097775937,27.51363298439521,25.96150997149434,22.561028345356956,18.24828759089466,13.0,8.246211251235321,5.0,6.082762530298219,8.06225774829855,9.433981132056603,11.180339887498949,12.083045973594572,12.649110640673518,13.341664064126334,13.152946437965905,13.0,12.041594578792296,11.180339887498949,10.198039027185569,8.246211251235321,5.0990195135927845,2.23606797749979,0.0,2.0,4.123105625617661,0.0,0.0,0.0,0.0,0.0,0.0,0.0,0.0,0.0,0.0,0.0,1.0,1.4142135623730951,3.605551275463989,4.242640687119285,5.830951894845301,6.082762530298219,7.0710678118654755,9.219544457292887,11.704699910719626,13.416407864998739,15.264337522473747,15.0,15.556349186104045,15.620499351813308,15.811388300841896,15.652475842498529,14.317821063276353,12.083045973594572,8.94427190999916,5.656854249492381,5.0990195135927845,7.211102550927978,12.206555615733702,17.88854381999832,21.93171219946131,24.166091947189145
1787403657.570673,-73,0.0,28.0178514522438,27.459060435491963,24.698178070456937,21.470910553583888,17.46424919657298,12.649110640673518,7.0,5.0,6.0,8.246211251235321,10.44030650891055,11.180339887498949,14.035668847618199,16.0312195418814,16.0,15.297058540778355,15.811388300841896,14.866068747318506,14.317821063276353,13.416407864998739,11.180339887498949,8.94427190999916,4.47213595499958,1.4142135623730951,2.23606797749979,5.0,0.0,0.0,0.0,0.0,0.0,0.0,0.0,0.0,0.0,0.0,0.0,1.4142135623730951,1.0,2.23606797749979,4.242640687119285,4.47213595499958,5.0990195135927845,7.211102550927978,10.0,11.40175425099138,12.806248474865697,12.727922061357855,13.601470508735444,14.317821063276353,16.15549442140351,15.811388300841896,14.560219778561036,13.152946437965905,12.165525060596439,10.04987562112089,6.324555320336759,4.47213595499958,6.708203932499369,12.041594578792296,16.97056274847714,19.849433241279208,23.021728866442675
1787403657.7625446,-71,0.0,20.248456731316587,19.4164878389476,18.601075237738275,18.601075237738275,18.601075237738275,17.69180601295413,16.97056274847714,15.556349186104045,12.727922061357855,12.041594578792296,11.313708498984761,10.816653826391969,9.848857801796104,9.848857801796104,8.94427190999916,8.54400374531753,8.246211251235321,9.219544457292887,9.055385138137417,9.0,9.0,10.198039027185569,9.486832980505138,7.615773105863909,7.280109889280518,7.280109889280518,0.0,0.0,0.0,0.0,0.0,0.0,0.0,0.0,0.0,0.0,0.0,6.708203932499369,5.385164807134504,5.0990195135927845,5.0990195135927845,5.830951894845301,6.4031242374328485,7.211102550927978,7.211102550927978,7.211102550927978,8.06225774829855,8.94427190999916,8.06225774829855,7.211102550927978,7.211102550927978,8.602325267042627,9.899494936611665,10.0,10.816653826391969,11.661903789690601,12.529964086141668,14.317821063276353,15.652475842498529,16.55294535724685,18.35755975068582,19.72308292331602,20.248456731316587
1787403657.7625446,-69,0.0,29.120439557122072,28.861739379323623,26.476404589747453,22.20360331117452,17.029386365926403,11.180339887498949,5.656854249492381,5.385164807134504,7.810249675906654,10.816653826391969,13.601470508735444,15.620499351813308,16.97056274847714,18.439088914585774,19.209372712298546,18.867962264113206,19.235384061671343,18.788294228055936,17.08800749063506,14.866068747318506,12.36931687685298,8.246211251235321,4.0,2.23606797749979,3.605551275463989,6.4031242374328485,0.0,0.0,0.0,0.0,0.0,0.0,0.0,0.0,0.0,0.0,0.0,3.1622776601683795,1.4142135623730951,2.23606797749979,3.1622776601683795,5.0990195135927845,6.708203932499369,9.219544457292887,12.727922061357855,14.866068747318506,17.029386365926403,18.439088914585774,19.209372712298546,18.027756377319946,17.88854381999832,17.08800749063506,15.811388300841896,14.560219778561036,11.704699910719626,8.06225774829855,5.656854249492381,5.0990195135927845,7.810249675906654,12.529964086141668,18.788294228055936,23.769728648009426,26.570660511172846
1787403657.7787116,-70,0.0,29.427877939124322,27.294688127912362,24.331050121192877,20.615528128088304,13.92838827718412,8.06225774829855,3.605551275463989,4.47213595499958,6.708203932499369,9.486832980505138,11.40175425099138,13.0,15.811388300841896,17.029386365926403,17.029386365926403,17.69180601295413,18.601075237738275,18.027756377319946,16.64331697709324,15.264337522473747,12.529964086141668,8.94427190999916,5.0990195135927845,2.23606797749979,3.1622776601683795,4.47213595499958,0.0,0.0,0.0,0.0,0.0,0.0,0.0,0.0,0.0,0.0,0.0,1.4142135623730951,1.4142135623730951,2.23606797749979,2.23606797749979,2.23606797749979,4.0,8.54400374531753,11.180339887498949,13.0,13.92838827718412,15.652475842498529,15.264337522473747,15.620499351813308,15.0,16.278820596099706,15.556349186104045,13.45362404707371,10.63014581273465,8.48528137423857,7.615773105863909,6.324555320336759,9.848857801796104,15.132745950421556,19.1049731745428,24.020824298928627,28.0178514522438
1787403657.7787116,-70,0.0,27.073972741361768,26.076809620810597,23.08679276123039,19.235384061671343,15.524174696260024,9.848857801796104,5.656854249492381,4.123105625617661,6.4031242374328485,9.433981132056603,10.816653826391969,12.041594578792296,14.142135623730951,15.620499351813308,16.401219466856727,16.64331697709324,16.55294535724685,16.15549442140351,14.560219778561036,13.152946437965905,10.04987562112089,7.0,3.1622776601683795,3.0,5.0,7.211102550927978,0.0,0.0,0.0,0.0,0.0,0.0,0.0,0.0,0.0,0.0,0.0,1.4142135623730951,1.0,3.1622776601683795,5.0,5.656854249492381,6.708203932499369,8.06225774829855,10.0,12.041594578792296,14.142135623730951,15.524174696260024,14.866068747318506,14.7648230602334,13.892443989449804,14.422205101855956,13.601470508735444,12.806248474865697,11.40175425099138,9.848857801796104,7.0710678118654755,6.4031242374328485,10.770329614269007,14.317821063276353,18.110770276274835,23.0,26.019223662515376
1787403657.7947414,-69,0.0,27.018512172212592,27.018512172212592,24.0,20.0,15.033296378372908,10.44030650891055,6.4031242374328485,5.0,6.4031242374328485,9.219544457292887,10.63014581273465,12.727922061357855,15.0,16.64331697709324,17.4928556845359,17.46424919657298,16.76305461424021,16.492422502470642,14.142135623730951,12.041594578792296,10.0,7.0,3.1622776601683795,2.23606797749979,4.242640687119285,6.4031242374328485,0.0,0.0,0.0,0.0,0.0,0.0,0.0,0.0,0.0,0.0,0.0,2.0,0.0,1.4142135623730951,3.0,6.324555320336759,8.54400374531753,9.055385138137417,11.180339887498949,13.601470508735444,14.866068747318506,15.231546211727817,16.55294535724685,16.1245154965971,15.0,14.866068747318506,14.866068747318506,13.45362404707371,9.899494936611665,7.211102550927978,5.0990195135927845,5.830951894845301,9.433981132056603,13.92838827718412,19.6468827043885,23.345235059857504,26.1725046566048
1787403657.8018186,-70,0.0,27.202941017470888,25.80697580112788,22.80350850198276,18.439088914585774,13.45362404707371,8.94427190999916,5.0990195135927845,5.385164807134504,8.0,11.045361017187261,13.038404810405298,14.0,16.1245154965971,17.26267650163207,18.439088914585774,18.973665961010276,17.46424919657298,17.0,16.1245154965971,13.038404810405298,9.433981132056603,5.830951894845301,2.8284271247461903,1.4142135623730951,3.0,5.0,0.0,0.0,0.0,0.0,0.0,0.0,0.0,0.0,0.0,0.0,0.0,2.23606797749979,0.0,2.0,3.1622776601683795,4.242640687119285,5.830951894845301,7.615773105863909,10.198039027185569,12.165525060596439,14.142135623730951,16.0312195418814,16.0,17.029386365926403,16.1245154965971,15.297058540778355,14.560219778561036,12.649110640673518,10.44030650891055,8.06225774829855,6.324555320336759,5.830951894845301,8.0,12.36931687685298,17.46424919657298,22.825424421026653,25.553864678361276
1787403657.810562,-69,0.0,25.942243542145693,25.059928172283335,21.95449840010015,18.027756377319946,13.601470508735444,7.810249675906654,4.123105625617661,4.47213595499958,8.0,11.045361017187261,12.041594578792296,14.0,16.1245154965971,17.26267650163207,17.46424919657298,18.027756377319946,18.384776310850235,17.0,16.1245154965971,13.892443989449804,10.816653826391969,7.211102550927978,3.605551275463989,2.23606797749979,3.0,4.47213595499958,0.0,0.0,0.0,0.0,0.0,0.0,0.0,0.0,0.0,0.0,0.0,1.4142135623730951,1.0,2.23606797749979,3.605551275463989,4.47213595499958,5.0990195135927845,8.0,11.045361017187261,13.038404810405298,15.132745950421556,17.11724276862369,16.278820596099706,16.492422502470642,15.811388300841896,13.92838827718412,13.416407864998739,12.083045973594572,9.848857801796104,8.246211251235321,6.082762530298219,5.0,8.06225774829855,13.152946437965905,18.681541692269406,22.135943621178654,24.698178070456937
1787403657.810562,-70,0.0,27.65863337187866,26.248809496813376,24.041630560342615,20.615528128088304,15.811388300841896,8.94427190999916,4.123105625617661,4.0,7.615773105863909,11.180339887498949,12.529964086141668,14.317821063276353,16.76305461424021,17.46424919657298,18.24828759089466,18.027756377319946,17.029386365926403,16.1245154965971,14.317821063276353,12.36931687685298,9.486832980505138,6.324555320336759,2.8284271247461903,2.23606797749979,5.385164807134504,7.0710678118654755,0.0,0.0,0.0,0.0,0.0,0.0,0.0,0.0,0.0,0.0,0.0,1.4142135623730951,0.0,2.0,4.47213595499958,5.656854249492381,7.211102550927978,9.486832980505138,11.40175425099138,14.560219778561036,16.492422502470642,17.26267650163207,17.11724276862369,16.0312195418814,16.0,16.0,15.033296378372908,13.152946437965905,10.198039027185569,7.0,4.47213595499958,5.385164807134504,8.0,12.36931687685298,17.0,20.808652046684813,23.600847442411894
1787403657.810562,-68,0.0,28.844410203711913,29.68164415931166,28.0178514522438,22.67156809750927,16.401219466856727,11.180339887498949,6.0,5.0,8.0,11.045361017187261,12.165525060596439,13.152946437965905,16.1245154965971,19.026297590440446,18.027756377319946,17.11724276862369,16.278820596099706,15.811388300841896,14.317821063276353,11.661903789690601,10.0,7.0710678118654755,4.123105625617661,5.0,5.830951894845301,6.708203932499369,0.0,0.0,0.0,0.0,0.0,0.0,0.0,0.0,0.0,0.0,0.0,4.123105625617661,2.23606797749979,2.0,4.47213595499958,6.4031242374328485,6.4031242374328485,7.280109889280518,9.055385138137417,12.041594578792296,13.038404810405298,14.0,16.1245154965971,16.278820596099706,16.492422502470642,14.866068747318506,14.317821063276353,12.083045973594572,9.848857801796104,6.708203932499369,5.0990195135927845,6.324555320336759,10.198039027185569,14.866068747318506,18.788294228055936,22.825424421026653,25.059928172283335
1787403658.1762655,-72,0.0,19.924858845171276,19.924858845171276,19.313207915827967,19.697715603592208,18.788294228055936,17.4928556845359,16.1245154965971,15.264337522473747,13.892443989449804,12.529964086141668,10.770329614269007,10.770329614269007,11.704699910719626,10.770329614269007,10.770329614269007,9.486832980505138,9.219544457292887,9.055385138137417,10.0,11.0,11.0,11.045361017187261,11.180339887498949,10.198039027185569,10.198039027185569,10.44030650891055,0.0,0.0,0.0,0.0,0.0,0.0,0.0,0.0,0.0,0.0,0.0,8.06225774829855,7.211102550927978,5.656854249492381,6.4031242374328485,6.708203932499369,6.708203932499369,7.615773105863909,8.94427190999916,8.06225774829855,8.06225774829855,8.94427190999916,8.94427190999916,8.54400374531753,9.486832980505138,10.770329614269007,11.704699910719626,12.649110640673518,12.649110640673518,12.649110640673518,12.649110640673518,13.601470508735444,14.317821063276353,15.297058540778355,17.46424919657298,17.46424919657298,18.439088914585774
1787403658.2709506,-71,0.0,21.37755832643195,21.37755832643195,20.09975124224178,20.024984394500787,20.0,19.026297590440446,17.11724276862369,14.142135623730951,12.165525060596439,12.041594578792296,12.0,10.0,10.04987562112089,10.198039027185569,10.04987562112089,10.04987562112089,9.219544457292887,9.219544457292887,10.44030650891055,9.848857801796104,10.44030650891055,11.40175425099138,11.180339887498949,11.045361017187261,10.04987562112089,10.04987562112089,0.0,0.0,0.0,0.0,0.0,0.0,0.0,0.0,0.0,0.0,0.0,8.602325267042627,7.211102550927978,7.211102550927978,6.708203932499369,7.280109889280518,7.0,8.0,9.0,9.0,8.0,9.0,9.055385138137417,9.055385138137417,9.219544457292887,10.198039027185569,12.041594578792296,12.165525060596439,12.36931687685298,13.341664064126334,13.341664064126334,13.601470508735444,14.560219778561036,16.76305461424021,17.72004514666935,18.681541692269406,18.973665961010276
1787403658.4779773,-72,0.0,22.47220505424423,21.95449840010015,21.95449840010015,21.470910553583888,20.615528128088304,18.35755975068582,17.88854381999832,17.46424919657298,14.7648230602334,13.892443989449804,13.416407864998739,11.661903789690601,12.206555615733702,12.041594578792296,12.727922061357855,12.727922061357855,12.041594578792296,11.40175425099138,11.40175425099138,12.206555615733702,13.601470508735444,14.212670403551895,13.45362404707371,12.727922061357855,12.041594578792296,11.313708498984761,0.0,0.0,0.0,0.0,0.0,0.0,0.0,0.0,0.0,0.0,0.0,10.770329614269007,9.848857801796104,8.54400374531753,7.280109889280518,7.0710678118654755,8.0,8.06225774829855,8.06225774829855,8.246211251235321,9.219544457292887,9.219544457292887,9.219544457292887,9.219544457292887,8.54400374531753,10.295630140987,11.180339887498949,10.770329614269007,10.816653826391969,12.806248474865697,16.401219466856727,17.4928556845359,17.204650534085253,19.849433241279208,22.02271554554524,19.849433241279208,19.849433241279208
1787403658.5737202,-71,0.0,20.615528128088304,21.840329667841555,21.587033144922902,20.396078054371138,19.235384061671343,19.1049731745428,18.027756377319946,17.029386365926403,15.033296378372908,13.038404810405298,12.165525060596439,11.180339887498949,11.40175425099138,11.40175425099138,11.40175425099138,11.704699910719626,10.770329614269007,10.770329614269007,10.295630140987,11.180339887498949,11.180339887498949,12.083045973594572,11.704699910719626,10.770329614269007,9.486832980505138,8.54400374531753,0.0,0.0,0.0,0.0,0.0,0.0,0.0,0.0,0.0,0.0,0.0,9.433981132056603,8.602325267042627,7.211102550927978,6.708203932499369,6.324555320336759,7.280109889280518,7.0710678118654755,8.246211251235321,8.246211251235321,8.246211251235321,8.06225774829855,9.0,9.055385138137417,9.219544457292887,10.198039027185569,11.180339887498949,11.40175425099138,12.36931687685298,12.649110640673518,13.92838827718412,15.231546211727817,14.866068747318506,14.866068747318506,16.15549442140351,18.384776310850235,18.973665961010276
1787403658.5737202,-71,0.0,23.0,23.0,22.02271554554524,21.095023109728988,20.396078054371138,19.6468827043885,18.681541692269406,16.76305461424021,14.560219778561036,13.341664064126334,12.36931687685298,11.180339887498949,12.165525060596439,12.041594578792296,11.045361017187261,11.045361017187261,11.0,11.045361017187261,11.045361017187261,11.180339887498949,11.045361017187261,11.0,11.045361017187261,11.045361017187261,11.045361017187261,10.04987562112089,0.0,0.0,0.0,0.0,0.0,0.0,0.0,0.0,0.0,0.0,0.0,10.63014581273465,9.219544457292887,7.810249675906654,7.211102550927978,6.708203932499369,6.708203932499369,7.280109889280518,7.0710678118654755,7.615773105863909,8.06225774829855,8.06225774829855,7.615773105863909,8.246211251235321,9.0,10.0,10.0,10.0,11.045361017187261,13.038404810405298,14.035668847618199,14.035668847618199,15.033296378372908,16.0312195418814,17.029386365926403,19.1049731745428,21.213203435596427
1787403658.593372,-71,0.0,21.213203435596427,21.37755832643195,19.4164878389476,19.4164878389476,19.924858845171276,18.027756377319946,16.15549442140351,15.231546211727817,14.317821063276353,12.083045973594572,11.704699910719626,11.40175425099138,11.40175425099138,11.045361017187261,11.0,11.045361017187261,11.045361017187261,11.0,11.045361017187261,11.045361017187261,11.0,11.0,11.045361017187261,10.198039027185569,10.198039027185569,10.04987562112089,0.0,0.0,0.0,0.0,0.0,0.0,0.0,0.0,0.0,0.0,0.0,10.770329614269007,9.486832980505138,7.615773105863909,7.211102550927978,7.211102550927978,6.4031242374328485,7.0710678118654755,7.810249675906654,6.4031242374328485,7.0710678118654755,8.48528137423857,8.602325267042627,8.54400374531753,7.615773105863909,8.54400374531753,10.44030650891055,11.180339887498949,12.041594578792296,12.165525060596439,12.165525060596439,14.142135623730951,15.132745950421556,16.0312195418814,17.029386365926403,19.1049731745428,19.1049731745428
1787403658.6858053,-71,0.0,21.587033144922902,21.37755832643195,21.213203435596427,21.095023109728988,20.024984394500787,19.0,18.0,16.0,14.0,13.0,12.041594578792296,11.180339887498949,11.40175425099138,11.40175425099138,10.44030650891055,10.44030650891055,9.848857801796104,9.848857801796104,10.295630140987,10.295630140987,10.816653826391969,11.661903789690601,11.180339887498949,9.848857801796104,8.54400374531753,8.54400374531753,0.0,0.0,0.0,0.0,0.0,0.0,0.0,0.0,0.0,0.0,0.0,9.219544457292887,7.810249675906654,7.211102550927978,7.615773105863909,7.280109889280518,7.280109889280518,8.246211251235321,8.06225774829855,9.055385138137417,9.055385138137417,9.055385138137417,9.055385138137417,9.0,10.04987562112089,10.04987562112089,11.180339887498949,12.36931687685298,11.40175425099138,12.36931687685298,13.341664064126334,14.317821063276353,15.524174696260024,16.76305461424021,18.973665961010276,19.924858845171276,19.924858845171276
1787403658.7016828,-81,0.0,15.231546211727817,15.231546211727817,15.652475842498529,16.55294535724685,16.55294535724685,16.55294535724685,16.55294535724685,16.55294535724685,16.55294535724685,16.55294535724685,16.55294535724685,17.0,16.1245154965971,16.64331697709324,17.204650534085253,18.027756377319946,18.601075237738275,18.027756377319946,18.027756377319946,18.027756377319946,18.027756377319946,18.867962264113206,18.867962264113206,19.72308292331602,19.72308292331602,19.72308292331602,0.0,0.0,0.0,0.0,0.0,0.0,0.0,0.0,0.0,0.0,0.0,6.324555320336759,6.082762530298219,5.0990195135927845,5.0990195135927845,5.0990195135927845,4.123105625617661,3.605551275463989,3.605551275463989,4.47213595499958,5.385164807134504,6.324555320336759,7.280109889280518,8.246211251235321,9.219544457292887,9.219544457292887,10.198039027185569,10.198039027185569,9.219544457292887,9.219544457292887,9.219544457292887,9.0,9.0,9.0,9.0,9.055385138137417,10.04987562112089
1787403658.704431,-81,0.0,12.083045973594572,11.661903789690601,11.661903789690601,10.198039027185569,11.045361017187261,14.142135623730951,13.152946437965905,13.341664064126334,14.317821063276353,14.142135623730951,11.40175425099138,11.045361017187261,13.038404810405298,13.341664064126334,13.038404810405298,13.038404810405298,15.033296378372908,16.0312195418814,14.142135623730951,13.152946437965905,15.0,13.0,14.035668847618199,16.1245154965971,14.035668847618199,11.045361017187261,0.0,0.0,0.0,0.0,0.0,0.0,0.0,0.0,0.0,0.0,0.0,5.0990195135927845,5.0,6.082762530298219,5.385164807134504,2.8284271247461903,1.0,3.1622776601683795,2.0,1.0,1.0,2.23606797749979,5.0,5.0990195135927845,5.830951894845301,6.708203932499369,7.0710678118654755,6.082762530298219,4.47213595499958,6.082762530298219,6.082762530298219,7.810249675906654,9.219544457292887,8.48528137423857,7.615773105863909,9.486832980505138,12.529964086141668
1787403658.7811372,-71,0.0,19.72308292331602,20.12461179749811,20.615528128088304,20.248456731316587,20.248456731316587,18.681541692269406,17.46424919657298,16.278820596099706,14.317821063276353,12.165525060596439,10.198039027185569,9.486832980505138,9.848857801796104,10.295630140987,9.433981132056603,9.433981132056603,8.602325267042627,8.48528137423857,9.219544457292887,9.219544457292887,10.63014581273465,10.63014581273465,10.816653826391969,9.433981132056603,9.433981132056603,10.0,0.0,0.0,0.0,0.0,0.0,0.0,0.0,0.0,0.0,0.0,0.0,7.810249675906654,7.810249675906654,7.211102550927978,6.708203932499369,6.324555320336759,6.324555320336759,7.0710678118654755,7.0710678118654755,7.0710678118654755,6.0,7.0,6.082762530298219,6.324555320336759,7.615773105863909,8.94427190999916,9.433981132056603,10.295630140987,10.295630140987,11.661903789690601,12.206555615733702,13.038404810405298,15.0,15.811388300841896,17.4928556845359,18.867962264113206,20.0
1787403658.79726,-88,0.0,12.529964086141668,11.661903789690601,11.180339887498949,10.295630140987,9.848857801796104,8.06225774829855,8.94427190999916,6.708203932499369,5.830951894845301,6.4031242374328485,5.656854249492381,5.0,5.385164807134504,5.0990195135927845,6.082762530298219,6.082762530298219,6.082762530298219,6.082762530298219,6.0,5.0990195135927845,5.0990195135927845,5.0990195135927845,4.0,4.123105625617661,4.123105625617661,4.47213595499958,0.0,0.0,0.0,0.0,0.0,0.0,0.0,0.0,0.0,0.0,0.0,13.038404810405298,14.035668847618199,14.0,15.033296378372908,15.132745950421556,15.297058540778355,15.297058540778355,15.524174696260024,13.92838827718412,13.0,12.529964086141668,11.180339887498949,10.0,8.602325267042627,7.810249675906654,7.211102550927978,5.830951894845301,4.47213595499958,4.0,5.385164807134504,6.4031242374328485,8.602325267042627,10.770329614269007,13.601470508735444,15.524174696260024,18.24828759089466
1787403659.0049691,-35,0.0,14.142135623730951,13.45362404707371,13.45362404707371,13.45362404707371,12.727922061357855,13.45362404707371,13.45362404707371,13.45362404707371,13.601470508735444,13.601470508735444,13.601470508735444,13.601470508735444,14.422205101855956,14.422205101855956,13.892443989449804,15.264337522473747,15.264337522473747,15.264337522473747,15.264337522473747,15.811388300841896,15.0,14.212670403551895,14.212670403551895,14.142135623730951,13.45362404707371,12.806248474865697,0.0,0.0,0.0,0.0,0.0,0.0,0.0,0.0,0.0,0.0,0.0,11.40175425099138,11.661903789690601,12.083045973594572,12.083045973594572,13.0,13.0,13.0,12.649110640673518,13.601470508735444,12.649110640673518,13.601470508735444,13.601470508735444,12.36931687685298,12.649110640673518,12.649110640673518,13.0,12.083045973594572,12.083045973594572,12.529964086141668,12.529964086141668,12.529964086141668,12.529964086141668,12.806248474865697,13.038404810405298,13.038404810405298,13.601470508735444
1787403659.1953895,-71,0.0,25.0,25.079872407968907,22.20360331117452,18.439088914585774,14.866068747318506,10.816653826391969,7.211102550927978,5.0,6.4031242374328485,7.810249675906654,10.0,12.041594578792296,14.142135623730951,14.866068747318506,15.620499351813308,15.811388300841896,16.1245154965971,16.55294535724685,15.231546211727817,13.92838827718412,11.704699910719626,8.246211251235321,5.0990195135927845,3.1622776601683795,3.0,4.47213595499958,0.0,0.0,0.0,0.0,0.0,0.0,0.0,0.0,0.0,0.0,0.0,2.23606797749979,0.0,2.23606797749979,4.47213595499958,5.385164807134504,7.0710678118654755,8.06225774829855,9.486832980505138,10.295630140987,11.661903789690601,12.206555615733702,12.727922061357855,13.038404810405298,13.416407864998739,13.601470508735444,14.560219778561036,13.601470508735444,12.36931687685298,10.44030650891055,6.708203932499369,3.605551275463989,3.605551275463989,7.280109889280518,13.152946437965905,17.11724276862369,19.1049731745428
1787403659.290997,-72,0.0,19.6468827043885,20.615528128088304,22.135943621178654,21.02379604162864,20.591260281974,19.72308292331602,17.4928556845359,15.264337522473747,13.892443989449804,11.661903789690601,10.770329614269007,11.40175425099138,11.180339887498949,12.041594578792296,11.045361017187261,10.198039027185569,10.198039027185569,10.198039027185569,10.198039027185569,10.198039027185569,11.180339887498949,11.180339887498949,10.44030650891055,9.848857801796104,9.848857801796104,9.486832980505138,0.0,0.0,0.0,0.0,0.0,0.0,0.0,0.0,0.0,0.0,0.0,10.0,9.055385138137417,7.0710678118654755,7.0710678118654755,6.324555320336759,5.0,5.0,5.0,5.830951894845301,5.0,5.0,5.385164807134504,6.082762530298219,7.0710678118654755,7.280109889280518,9.219544457292887,10.04987562112089,11.045361017187261,11.045361017187261,12.0,14.035668847618199,15.033296378372908,16.0312195418814,18.110770276274835,19.235384061671343,20.024984394500787
1787403659.40569,-70,0.0,24.73863375370596,23.769728648009426,22.360679774997898,19.026297590440446,13.0,7.0710678118654755,3.605551275463989,2.23606797749979,5.0,7.615773105863909,10.770329614269007,12.083045973594572,13.038404810405298,15.0,15.620499351813308,15.620499351813308,15.620499351813308,15.556349186104045,14.212670403551895,11.40175425099138,9.219544457292887,6.4031242374328485,3.605551275463989,0.0,2.8284271247461903,5.830951894845301,0.0,0.0,0.0,0.0,0.0,0.0,0.0,0.0,0.0,0.0,0.0,1.0,2.23606797749979,5.385164807134504,6.708203932499369,7.211102550927978,7.211102550927978,9.219544457292887,10.816653826391969,12.529964086141668,12.529964086141668,12.529964086141668,12.649110640673518,13.152946437965905,13.0,13.038404810405298,13.152946437965905,12.165525060596439,10.04987562112089,7.0,4.0,2.23606797749979,3.1622776601683795,7.0710678118654755,13.038404810405298,16.64331697709324,19.72308292331602
1787403659.5469568,-70,0.0,25.709920264364882,25.317977802344327,25.019992006393608,21.095023109728988,15.297058540778355,9.848857801796104,6.4031242374328485,7.0,8.06225774829855,10.0,12.041594578792296,15.0,18.601075237738275,21.633307652783937,21.633307652783937,21.095023109728988,19.235384061671343,17.0,17.0,14.7648230602334,12.083045973594572,8.54400374531753,4.0,3.0,5.0,7.0710678118654755,0.0,0.0,0.0,0.0,0.0,0.0,0.0,0.0,0.0,0.0,0.0,3.0,1.0,2.0,5.0,7.280109889280518,8.54400374531753,11.661903789690601,13.038404810405298,13.892443989449804,15.0,14.212670403551895,14.866068747318506,14.7648230602334,14.866068747318506,15.524174696260024,15.297058540778355,15.132745950421556,12.165525060596439,8.246211251235321,4.47213595499958,3.1622776601683795,4.242640687119285,8.94427190999916,13.92838827718412,17.72004514666935,21.18962010041709
1787403659.8169293,-71,0.0,22.20360331117452,23.021728866442675,22.47220505424423,20.591260281974,20.591260281974,19.235384061671343,17.88854381999832,16.55294535724685,14.7648230602334,13.892443989449804,13.038404810405298,12.806248474865697,12.806248474865697,13.45362404707371,13.45362404707371,12.041594578792296,12.806248474865697,12.806248474865697,11.40175425099138,12.206555615733702,12.806248474865697,14.212670403551895,13.45362404707371,12.727922061357855,12.041594578792296,11.313708498984761,0.0,0.0,0.0,0.0,0.0,0.0,0.0,0.0,0.0,0.0,0.0,8.06225774829855,7.615773105863909,6.324555320336759,6.082762530298219,6.0,6.0,7.0710678118654755,7.0710678118654755,8.06225774829855,8.06225774829855,8.06225774829855,7.280109889280518,7.615773105863909,8.602325267042627,10.0,10.0,10.816653826391969,12.206555615733702,12.806248474865697,14.866068747318506,15.556349186104045,16.278820596099706,17.029386365926403,19.1049731745428,19.849433241279208,20.615528128088304
1787403660.5520964,-87,0.0,7.280109889280518,7.0710678118654755,7.0710678118654755,7.0710678118654755,8.0,8.0,8.06225774829855,9.055385138137417,8.06225774829855,8.06225774829855,8.246211251235321,8.246211251235321,8.246211251235321,7.280109889280518,7.280109889280518,7.615773105863909,7.615773105863909,8.54400374531753,8.246211251235321,8.246211251235321,8.246211251235321,8.06225774829855,8.06225774829855,8.06225774829855,8.0,8.0,0.0,0.0,0.0,0.0,0.0,0.0,0.0,0.0,0.0,0.0,0.0,5.830951894845301,5.830951894845301,5.830951894845301,6.4031242374328485,7.810249675906654,7.0710678118654755,7.0710678118654755,7.810249675906654,7.211102550927978,8.06225774829855,8.06225774829855,8.06225774829855,7.615773105863909,7.615773105863909,7.615773105863909,7.615773105863909,8.06225774829855,8.06225774829855,7.211102550927978,7.211102550927978,7.211102550927978,7.211102550927978,6.4031242374328485,7.0710678118654755,7.0710678118654755,6.4031242374328485
1787403660.5640576,-84,0.0,10.44030650891055,10.198039027185569,11.045361017187261,11.0,12.0,12.0,12.041594578792296,12.165525060596439,12.165525060596439,11.045361017187261,12.041594578792296,11.045361017187261,11.180339887498949,11.180339887498949,11.180339887498949,12.165525060596439,12.041594578792296,12.0,12.041594578792296,11.045361017187261,11.180339887498949,11.40175425099138,11.704699910719626,12.083045973594572,11.661903789690601,12.529964086141668,0.0,0.0,0.0,0.0,0.0,0.0,0.0,0.0,0.0,0.0,0.0,8.06225774829855,9.055385138137417,9.0,9.0,10.04987562112089,10.198039027185569,11.40175425099138,11.704699910719626,12.083045973594572,12.529964086141668,12.206555615733702,12.806248474865697,12.806248474865697,13.45362404707371,12.041594578792296,12.041594578792296,12.806248474865697,12.806248474865697,12.206555615733702,12.206555615733702,12.206555615733702,11.661903789690601,11.661903789690601,11.661903789690601,11.661903789690601,11.180339887498949
1787403660.5797083,-86,0.0,10.198039027185569,10.04987562112089,10.04987562112089,10.0,10.04987562112089,10.198039027185569,10.44030650891055,10.770329614269007,10.770329614269007,11.180339887498949,10.295630140987,10.816653826391969,10.816653826391969,10.816653826391969,11.40175425099138,12.206555615733702,12.206555615733702,13.038404810405298,13.038404810405298,13.892443989449804,13.416407864998739,14.317821063276353,13.92838827718412,14.560219778561036,14.142135623730951,14.142135623730951,0.0,0.0,0.0,0.0,0.0,0.0,0.0,0.0,0.0,0.0,0.0,9.219544457292887,8.602325267042627,8.602325267042627,8.602325267042627,8.602325267042627,9.433981132056603,10.0,10.816653826391969,11.40175425099138,12.806248474865697,13.601470508735444,14.212670403551895,14.866068747318506,14.866068747318506,14.866068747318506,14.142135623730951,14.142135623730951,14.142135623730951,12.727922061357855,12.727922061357855,13.45362404707371,12.806248474865697,12.206555615733702,12.206555615733702,11.661903789690601,12.083045973594572
1787403660.5797083,-84,0.0,9.486832980505138,9.486832980505138,9.486832980505138,9.219544457292887,10.04987562112089,10.04987562112089,10.0,11.0,11.0,11.0,11.045361017187261,12.165525060596439,12.165525060596439,11.180339887498949,12.36931687685298,11.180339887498949,12.165525060596439,12.165525060596439,12.041594578792296,13.038404810405298,12.041594578792296,12.041594578792296,12.165525060596439,13.341664064126334,13.601470508735444,13.601470508735444,0.0,0.0,0.0,0.0,0.0,0.0,0.0,0.0,0.0,0.0,0.0,7.0710678118654755,7.211102550927978,7.211102550927978,7.211102550927978,7.810249675906654,8.602325267042627,8.602325267042627,9.219544457292887,9.899494936611665,11.313708498984761,10.63014581273465,11.40175425099138,12.206555615733702,12.206555615733702,11.661903789690601,11.661903789690601,11.180339887498949,11.661903789690601,11.661903789690601,10.816653826391969,10.816653826391969,10.0,10.0,9.899494936611665,9.899494936611665,9.899494936611665
1787403660.6909726,-71,0.0,27.294688127912362,26.1725046566048,23.021728866442675,19.026297590440446,14.317821063276353,9.848857801796104,5.0,4.47213595499958,7.0710678118654755,10.0,11.40175425099138,13.601470508735444,15.620499351813308,17.69180601295413,17.69180601295413,17.804493814764857,16.64331697709324,15.264337522473747,13.416407864998739,11.704699910719626,9.219544457292887,6.0,3.605551275463989,4.0,6.324555320336759,8.06225774829855,0.0,0.0,0.0,0.0,0.0,0.0,0.0,0.0,0.0,0.0,0.0,4.123105625617661,4.242640687119285,5.830951894845301,5.830951894845301,5.385164807134504,7.0710678118654755,8.246211251235321,9.433981132056603,11.40175425099138,14.212670403551895,14.866068747318506,15.556349186104045,15.0,15.264337522473747,14.7648230602334,13.416407864998739,12.529964086141668,10.295630140987,7.810249675906654,5.830951894845301,5.385164807134504,7.810249675906654,12.083045973594572,16.76305461424021,20.615528128088304,22.561028345356956
1787403660.73856,-84,0.0,11.180339887498949,11.045361017187261,10.04987562112089,10.04987562112089,11.045361017187261,10.0,10.04987562112089,9.055385138137417,9.219544457292887,9.219544457292887,8.54400374531753,8.54400374531753,8.94427190999916,8.06225774829855,7.211102550927978,7.211102550927978,7.211102550927978,7.211102550927978,7.211102550927978,8.06225774829855,8.06225774829855,7.615773105863909,7.280109889280518,8.246211251235321,8.06225774829855,8.0,0.0,0.0,0.0,0.0,0.0,0.0,0.0,0.0,0.0,0.0,0.0,10.295630140987,11.180339887498949,11.704699910719626,12.649110640673518,12.36931687685298,12.165525060596439,12.041594578792296,12.041594578792296,12.041594578792296,12.165525060596439,12.36931687685298,11.40175425099138,11.40175425099138,10.44030650891055,10.44030650891055,10.198039027185569,10.198039027185569,10.04987562112089,10.0,10.04987562112089,9.055385138137417,10.198039027185569,11.180339887498949,13.341664064126334,13.341664064126334,15.524174696260024
1787403661.4408243,-71,0.0,22.80350850198276,22.360679774997898,23.194827009486403,23.021728866442675,22.0,20.024984394500787,19.026297590440446,16.0312195418814,14.035668847618199,14.035668847618199,13.0,12.041594578792296,12.041594578792296,12.165525060596439,12.165525060596439,11.180339887498949,11.40175425099138,10.770329614269007,11.180339887498949,10.770329614269007,10.770329614269007,11.40175425099138,11.045361017187261,10.04987562112089,10.198039027185569,9.486832980505138,0.0,0.0,0.0,0.0,0.0,0.0,0.0,0.0,0.0,0.0,0.0,10.816653826391969,10.0,9.433981132056603,7.615773105863909,8.246211251235321,9.219544457292887,10.04987562112089,10.04987562112089,10.198039027185569,10.198039027185569,10.198039027185569,10.04987562112089,10.04987562112089,10.04987562112089,10.0,11.045361017187261,12.165525060596439,13.152946437965905,14.317821063276353,14.560219778561036,15.811388300841896,17.08800749063506,19.313207915827967,18.681541692269406,19.4164878389476,19.924858845171276
1787403661.6462383,-71,0.0,21.95449840010015,22.825424421026653,22.360679774997898,21.02379604162864,20.248456731316587,19.924858845171276,18.681541692269406,16.492422502470642,15.524174696260024,13.92838827718412,13.0,13.416407864998739,12.529964086141668,12.529964086141668,12.529964086141668,12.529964086141668,11.661903789690601,11.661903789690601,10.816653826391969,10.816653826391969,10.816653826391969,10.295630140987,10.295630140987,10.295630140987,8.94427190999916,8.06225774829855,0.0,0.0,0.0,0.0,0.0,0.0,0.0,0.0,0.0,0.0,0.0,7.280109889280518,7.0710678118654755,7.0,7.0710678118654755,7.0710678118654755,7.280109889280518,8.54400374531753,9.486832980505138,9.219544457292887,9.219544457292887,9.219544457292887,9.486832980505138,9.486832980505138,9.486832980505138,9.848857801796104,11.180339887498949,11.661903789690601,12.206555615733702,12.806248474865697,13.601470508735444,15.0,15.811388300841896,16.64331697709324,18.35755975068582,20.248456731316587,20.248456731316587
1787403661.8207436,-70,0.0,26.019223662515376,25.0,23.021728866442675,20.09975124224178,15.297058540778355,10.770329614269007,6.4031242374328485,3.0,5.0,7.615773105863909,10.44030650891055,12.649110640673518,14.866068747318506,18.027756377319946,18.973665961010276,18.973665961010276,19.313207915827967,17.88854381999832,15.652475842498529,13.892443989449804,11.661903789690601,8.94427190999916,5.0,2.23606797749979,2.8284271247461903,4.47213595499958,0.0,0.0,0.0,0.0,0.0,0.0,0.0,0.0,0.0,0.0,0.0,3.605551275463989,1.4142135623730951,2.0,3.1622776601683795,4.47213595499958,6.4031242374328485,7.810249675906654,8.602325267042627,10.816653826391969,13.038404810405298,13.892443989449804,13.92838827718412,14.560219778561036,13.341664064126334,13.152946437965905,13.038404810405298,12.0,10.04987562112089,8.06225774829855,5.0,2.23606797749979,2.8284271247461903,7.615773105863909,12.36931687685298,16.492422502470642,19.4164878389476
1787403661.8842576,-71,0.0,26.248809496813376,25.45584412271571,23.345235059857504,19.209372712298546,14.422205101855956,8.94427190999916,4.123105625617661,2.0,5.0,7.810249675906654,11.40175425099138,13.601470508735444,15.811388300841896,18.027756377319946,18.601075237738275,19.4164878389476,18.867962264113206,17.88854381999832,16.55294535724685,14.7648230602334,13.0,9.486832980505138,5.0990195135927845,3.0,3.1622776601683795,4.0,0.0,0.0,0.0,0.0,0.0,0.0,0.0,0.0,0.0,0.0,0.0,1.0,2.0,4.123105625617661,5.0990195135927845,5.0990195135927845,7.280109889280518,8.246211251235321,9.219544457292887,10.770329614269007,13.0,14.7648230602334,14.7648230602334,14.7648230602334,15.811388300841896,14.866068747318506,13.45362404707371,11.40175425099138,10.0,7.810249675906654,5.0,2.23606797749979,3.0,7.280109889280518,12.083045973594572,18.35755975068582,21.95449840010015
1787403661.8842576,-70,0.0,26.419689627245813,26.076809620810597,22.80350850198276,19.849433241279208,14.866068747318506,10.816653826391969,5.385164807134504,2.8284271247461903,5.0990195135927845,7.615773105863909,10.770329614269007,13.0,14.866068747318506,17.08800749063506,18.027756377319946,18.973665961010276,18.973665961010276,17.72004514666935,16.492422502470642,15.297058540778355,12.36931687685298,9.219544457292887,6.082762530298219,3.1622776601683795,3.0,5.0,0.0,0.0,0.0,0.0,0.0,0.0,0.0,0.0,0.0,0.0,0.0,0.0,1.0,3.605551275463989,6.324555320336759,7.280109889280518,7.0710678118654755,8.94427190999916,11.661903789690601,12.206555615733702,12.206555615733702,12.806248474865697,12.041594578792296,11.313708498984761,11.40175425099138,12.529964086141668,13.0,12.36931687685298,10.44030650891055,8.246211251235321,4.47213595499958,1.4142135623730951,3.1622776601683795,7.280109889280518,13.601470508735444,18.027756377319946,21.540659228538015
1787403661.9105918,-72,0.0,25.298221281347036,23.769728648009426,22.360679774997898,19.235384061671343,13.892443989449804,9.219544457292887,5.385164807134504,2.23606797749979,4.0,7.280109889280518,11.180339887498949,14.142135623730951,15.0,16.0312195418814,18.110770276274835,19.026297590440446,18.0,17.029386365926403,16.0312195418814,16.0312195418814,13.038404810405298,10.04987562112089,7.280109889280518,4.242640687119285,4.47213595499958,6.4031242374328485,0.0,0.0,0.0,0.0,0.0,0.0,0.0,0.0,0.0,0.0,0.0,2.23606797749979,1.4142135623730951,3.0,5.0990195135927845,6.082762530298219,7.280109889280518,8.94427190999916,10.816653826391969,12.806248474865697,13.45362404707371,13.45362404707371,13.601470508735444,13.038404810405298,13.0,13.601470508735444,13.601470508735444,12.649110640673518,10.198039027185569,7.280109889280518,4.47213595499958,2.23606797749979,3.1622776601683795,8.0,13.152946437965905,17.26267650163207,20.396078054371138
1787403662.0747485,-70,0.0,27.073972741361768,26.30589287593181,23.53720459187964,20.8806130178211,16.15549442140351,12.206555615733702,7.810249675906654,6.082762530298219,7.280109889280518,9.433981132056603,12.206555615733702,14.422205101855956,16.64331697709324,17.4928556845359,17.0,17.46424919657298,18.027756377319946,16.278820596099706,14.142135623730951,12.0,10.04987562112089,7.0710678118654755,4.47213595499958,3.1622776601683795,3.605551275463989,4.47213595499958,0.0,0.0,0.0,0.0,0.0,0.0,0.0,0.0,0.0,0.0,0.0,1.0,2.0,4.0,6.0,7.0710678118654755,7.615773105863909,8.06225774829855,8.48528137423857,8.602325267042627,9.848857801796104,10.198039027185569,10.0,11.40175425099138,12.083045973594572,12.529964086141668,12.529964086141668,12.529964086141668,10.295630140987,7.615773105863909,5.0,4.242640687119285,6.082762530298219,11.0,17.029386365926403,22.090722034374522,24.08318915758459
1787403662.0907118,-70,0.0,26.30589287593181,26.1725046566048,24.020824298928627,21.02379604162864,16.1245154965971,11.40175425099138,8.602325267042627,6.082762530298219,7.280109889280518,8.54400374531753,12.083045973594572,13.92838827718412,16.15549442140351,17.08800749063506,17.72004514666935,18.24828759089466,17.029386365926403,16.1245154965971,15.297058540778355,13.341664064126334,10.198039027185569,6.324555320336759,4.47213595499958,1.0,3.0,6.0,0.0,0.0,0.0,0.0,0.0,0.0,0.0,0.0,0.0,0.0,0.0,1.0,3.1622776601683795,5.0,7.0710678118654755,7.615773105863909,7.211102550927978,7.810249675906654,9.433981132056603,10.770329614269007,11.40175425099138,12.041594578792296,12.165525060596439,13.92838827718412,14.317821063276353,15.264337522473747,14.422205101855956,13.601470508735444,10.295630140987,8.54400374531753,6.082762530298219,5.385164807134504,7.615773105863909,12.36931687685298,18.439088914585774,22.360679774997898,23.194827009486403
1787403662.1108527,-70,0.0,29.698484809834994,28.319604517012593,24.08318915758459,19.849433241279208,17.204650534085253,13.0,7.0,5.0,7.0710678118654755,9.0,11.0,13.038404810405298,16.1245154965971,17.26267650163207,17.46424919657298,17.72004514666935,18.027756377319946,16.55294535724685,15.264337522473747,12.806248474865697,9.899494936611665,7.810249675906654,5.0,2.0,3.1622776601683795,6.708203932499369,0.0,0.0,0.0,0.0,0.0,0.0,0.0,0.0,0.0,0.0,0.0,0.0,2.23606797749979,4.47213595499958,5.385164807134504,6.324555320336759,7.0,8.06225774829855,8.54400374531753,10.295630140987,10.816653826391969,11.313708498984761,11.661903789690601,12.649110640673518,13.341664064126334,13.152946437965905,13.152946437965905,12.165525060596439,10.04987562112089,7.280109889280518,5.656854249492381,6.0,8.246211251235321,11.661903789690601,17.204650534085253,21.2602916254693,22.67156809750927
1787403662.1226046,-70,0.0,29.0,28.319604517012593,25.612496949731394,21.400934559032695,16.64331697709324,11.180339887498949,7.0710678118654755,5.830951894845301,5.830951894845301,8.54400374531753,11.40175425099138,13.601470508735444,15.811388300841896,18.027756377319946,18.384776310850235,17.88854381999832,17.4928556845359,15.620499351813308,14.866068747318506,13.601470508735444,11.661903789690601,8.602325267042627,5.0,1.0,2.23606797749979,4.242640687119285,0.0,0.0,0.0,0.0,0.0,0.0,0.0,0.0,0.0,0.0,0.0,1.4142135623730951,3.1622776601683795,4.47213595499958,6.708203932499369,7.211102550927978,7.615773105863909,7.0710678118654755,8.06225774829855,10.198039027185569,10.770329614269007,10.295630140987,10.63014581273465,11.661903789690601,13.0,13.601470508735444,13.601470508735444,11.40175425099138,9.486832980505138,7.615773105863909,5.656854249492381,6.0,8.54400374531753,12.529964086141668,17.204650534085253,20.615528128088304,23.345235059857504
1787403662.170116,-70,0.0,27.294688127912362,26.30589287593181,24.515301344262525,19.6468827043885,14.866068747318506,10.295630140987,6.4031242374328485,6.082762530298219,7.810249675906654,9.219544457292887,12.806248474865697,14.212670403551895,16.278820596099706,18.384776310850235,19.79898987322333,19.1049731745428,18.601075237738275,16.64331697709324,15.652475842498529,13.416407864998739,10.295630140987,8.06225774829855,3.605551275463989,1.0,4.123105625617661,6.324555320336759,0.0,0.0,0.0,0.0,0.0,0.0,0.0,0.0,0.0,0.0,0.0,4.123105625617661,1.4142135623730951,2.8284271247461903,3.605551275463989,4.242640687119285,5.830951894845301,7.615773105863909,9.219544457292887,11.045361017187261,13.0,14.035668847618199,15.132745950421556,15.524174696260024,16.15549442140351,15.652475842498529,13.892443989449804,13.038404810405298,10.295630140987,8.54400374531753,6.0,4.47213595499958,6.324555320336759,10.04987562112089,15.0,19.026297590440446,21.02379604162864
1787403662.170116,-69,0.0,25.495097567963924,24.758836806279895,22.627416997969522,19.1049731745428,14.422205101855956,9.848857801796104,6.082762530298219,4.242640687119285,6.324555320336759,8.06225774829855,10.04987562112089,12.165525060596439,14.317821063276353,15.524174696260024,16.76305461424021,17.08800749063506,17.0,15.264337522473747,13.601470508735444,12.206555615733702,9.433981132056603,6.708203932499369,3.1622776601683795,2.0,5.0,6.4031242374328485,0.0,0.0,0.0,0.0,0.0,0.0,0.0,0.0,0.0,0.0,0.0,3.1622776601683795,1.4142135623730951,3.0,4.123105625617661,5.0,6.082762530298219,7.615773105863909,8.94427190999916,10.0,12.041594578792296,13.45362404707371,13.601470508735444,13.416407864998739,13.0,13.92838827718412,13.601470508735444,12.36931687685298,10.44030650891055,7.615773105863909,5.0,4.47213595499958,5.385164807134504,8.602325267042627,12.806248474865697,17.029386365926403,19.849433241279208
1787403662.170116,-70,0.0,26.248809496813376,25.0,22.80350850198276,19.4164878389476,15.033296378372908,10.04987562112089,6.708203932499369,4.47213595499958,7.280109889280518,9.848857801796104,11.704699910719626,14.866068747318506,17.72004514666935,18.681541692269406,18.439088914585774,19.235384061671343,19.1049731745428,17.029386365926403,15.0,13.038404810405298,12.0,9.0,5.0990195135927845,2.0,4.47213595499958,5.830951894845301,0.0,0.0,0.0,0.0,0.0,0.0,0.0,0.0,0.0,0.0,0.0,3.1622776601683795,1.0,1.4142135623730951,2.8284271247461903,3.605551275463989,5.0990195135927845,7.0,8.246211251235321,9.486832980505138,11.180339887498949,12.529964086141668,13.038404810405298,13.45362404707371,13.45362404707371,13.601470508735444,13.038404810405298,12.529964086141668,10.295630140987,7.211102550927978,5.0,3.0,4.242640687119285,8.94427190999916,13.92838827718412,18.027756377319946,20.248456731316587
1787403662.193261,-70,0.0,25.059928172283335,25.059928172283335,23.323807579381203,20.248456731316587,15.620499351813308,10.63014581273465,7.280109889280518,5.385164807134504,7.810249675906654,10.295630140987,12.083045973594572,14.7648230602334,17.0,18.867962264113206,19.4164878389476,19.4164878389476,18.439088914585774,17.69180601295413,16.278820596099706,14.212670403551895,11.40175425099138,8.48528137423857,5.0,0.0,3.1622776601683795,5.830951894845301,0.0,0.0,0.0,0.0,0.0,0.0,0.0,0.0,0.0,0.0,0.0,3.0,1.0,2.0,3.0,4.123105625617661,4.47213595499958,6.4031242374328485,8.06225774829855,9.848857801796104,11.40175425099138,12.36931687685298,13.038404810405298,13.038404810405298,13.152946437965905,13.341664064126334,13.601470508735444,11.704699910719626,9.486832980505138,7.280109889280518,4.0,3.1622776601683795,6.082762530298219,9.486832980505138,13.92838827718412,18.384776310850235,19.697715603592208
1787403662.2143347,-68,0.0,29.410882339705484,28.460498941515414,25.96150997149434,22.360679774997898,19.0,14.035668847618199,8.246211251235321,5.0,6.0,8.54400374531753,12.083045973594572,13.92838827718412,15.811388300841896,16.76305461424021,16.278820596099706,16.0312195418814,16.0312195418814,16.0312195418814,14.035668847618199,11.180339887498949,9.848857801796104,6.708203932499369,3.605551275463989,1.4142135623730951,5.0990195135927845,8.06225774829855,0.0,0.0,0.0,0.0,0.0,0.0,0.0,0.0,0.0,0.0,0.0,2.23606797749979,1.0,2.23606797749979,3.605551275463989,4.123105625617661,6.0,7.0,9.219544457292887,12.083045973594572,13.892443989449804,16.1245154965971,16.64331697709324,16.401219466856727,16.278820596099706,16.401219466856727,14.422205101855956,10.816653826391969,9.433981132056603,7.810249675906654,5.830951894845301,5.0990195135927845,8.06225774829855,13.416407864998739,18.788294228055936,21.02379604162864,24.166091947189145
1787403662.2335858,-70,0.0,27.80287754891569,25.495097567963924,24.20743687382041,20.248456731316587,12.529964086141668,9.055385138137417,9.486832980505138,9.219544457292887,10.44030650891055,13.038404810405298,13.038404810405298,13.038404810405298,15.811388300841896,17.46424919657298,15.652475842498529,16.64331697709324,18.601075237738275,17.029386365926403,12.727922061357855,10.63014581273465,9.219544457292887,5.830951894845301,2.23606797749979,1.4142135623730951,4.123105625617661,6.082762530298219,0.0,0.0,0.0,0.0,0.0,0.0,0.0,0.0,0.0,0.0,0.0,3.1622776601683795,2.0,1.0,1.4142135623730951,3.1622776601683795,4.0,5.385164807134504,8.54400374531753,10.770329614269007,12.529964086141668,15.0,15.620499351813308,15.556349186104045,14.866068747318506,14.212670403551895,13.038404810405298,11.661903789690601,9.848857801796104,8.06225774829855,5.656854249492381,5.0,7.615773105863909,12.041594578792296,17.029386365926403,20.808652046684813,23.600847442411894
1787403662.252702,-68,0.0,31.38470965295043,29.546573405388315,27.294688127912362,25.059928172283335,19.72308292331602,14.212670403551895,10.04987562112089,8.06225774829855,9.899494936611665,12.041594578792296,10.816653826391969,10.816653826391969,14.866068747318506,18.867962264113206,20.12461179749811,19.235384061671343,20.591260281974,21.470910553583888,19.313207915827967,15.297058540778355,14.035668847618199,11.045361017187261,5.0990195135927845,3.0,4.47213595499958,5.385164807134504,0.0,0.0,0.0,0.0,0.0,0.0,0.0,0.0,0.0,0.0,0.0,5.0,2.0,2.0,3.1622776601683795,2.23606797749979,4.123105625617661,8.06225774829855,10.63014581273465,11.661903789690601,13.892443989449804,14.7648230602334,14.866068747318506,14.142135623730951,14.035668847618199,14.0,15.132745950421556,13.601470508735444,10.770329614269007,7.615773105863909,6.4031242374328485,5.830951894845301,8.0,13.92838827718412,18.35755975068582,21.02379604162864,21.18962010041709
1787403662.257021,-67,0.0,25.179356624028344,25.179356624028344,22.20360331117452,17.46424919657298,13.892443989449804,9.433981132056603,7.810249675906654,7.280109889280518,7.615773105863909,8.06225774829855,11.180339887498949,13.038404810405298,15.231546211727817,16.76305461424021,17.46424919657298,18.110770276274835,16.0,14.142135623730951,12.36931687685298,9.486832980505138,6.708203932499369,5.0,3.0,3.1622776601683795,2.8284271247461903,5.0,0.0,0.0,0.0,0.0,0.0,0.0,0.0,0.0,0.0,0.0,0.0,2.23606797749979,0.0,2.0,4.0,3.0,3.605551275463989,5.830951894845301,7.615773105863909,9.848857801796104,11.40175425099138,13.152946437965905,14.035668847618199,13.038404810405298,11.40175425099138,11.704699910719626,11.40175425099138,10.770329614269007,8.94427190999916,5.385164807134504,3.0,2.8284271247461903,5.0990195135927845,11.0,14.035668847618199,17.029386365926403,19.026297590440446
1787403662.2816947,-70,0.0,32.0624390837628,31.064449134018133,29.154759474226502,24.186773244895647,19.235384061671343,13.601470508735444,9.433981132056603,6.708203932499369,7.0710678118654755,8.94427190999916,11.661903789690601,13.892443989449804,16.1245154965971,17.88854381999832,17.46424919657298,16.76305461424021,17.46424919657298,16.1245154965971,15.0,12.041594578792296,9.486832980505138,6.708203932499369,2.8284271247461903,2.23606797749979,5.385164807134504,7.0710678118654755,0.0,0.0,0.0,0.0,0.0,0.0,0.0,0.0,0.0,0.0,0.0,3.1622776601683795,1.0,1.4142135623730951,2.8284271247461903,5.0,7.810249675906654,9.433981132056603,11.40175425099138,13.038404810405298,15.033296378372908,16.0312195418814,16.0,16.278820596099706,17.08800749063506,17.46424919657298,17.46424919657298,15.231546211727817,15.231546211727817,13.601470508735444,9.0,6.708203932499369,8.06225774829855,13.341664064126334,18.110770276274835,24.020824298928627,28.0178514522438
1787403662.297466,-70,0.0,34.40930106817051,33.60059523282288,30.610455730027933,26.248809496813376,21.213203435596427,15.811388300841896,10.198039027185569,7.280109889280518,7.810249675906654,9.848857801796104,13.0,16.15549442140351,17.88854381999832,20.248456731316587,20.808652046684813,20.615528128088304,19.849433241279208,19.1049731745428,15.811388300841896,12.529964086141668,9.486832980505138,7.280109889280518,3.1622776601683795,1.0,3.605551275463989,5.830951894845301,0.0,0.0,0.0,0.0,0.0,0.0,0.0,0.0,0.0,0.0,0.0,5.0,2.23606797749979,1.0,3.0,4.47213595499958,6.708203932499369,8.602325267042627,12.041594578792296,15.264337522473747,17.4928556845359,18.35755975068582,18.384776310850235,17.72004514666935,18.24828759089466,19.026297590440446,19.0,16.0,13.038404810405298,10.198039027185569,6.708203932499369,6.324555320336759,8.246211251235321,13.0,19.235384061671343,24.698178070456937,28.844410203711913
1787403662.297466,-70,0.0,33.24154027718932,31.827660925679098,29.068883707497267,24.413111231467404,19.72308292331602,14.866068747318506,11.045361017187261,6.708203932499369,8.94427190999916,11.40175425099138,14.560219778561036,16.76305461424021,18.027756377319946,19.313207915827967,20.615528128088304,19.697715603592208,19.235384061671343,17.804493814764857,16.97056274847714,15.0,11.661903789690601,8.06225774829855,3.605551275463989,1.0,4.242640687119285,4.242640687119285,0.0,0.0,0.0,0.0,0.0,0.0,0.0,0.0,0.0,0.0,0.0,4.47213595499958,3.1622776601683795,1.0,1.4142135623730951,4.123105625617661,6.324555320336759,8.06225774829855,10.63014581273465,12.727922061357855,13.45362404707371,15.620499351813308,17.4928556845359,17.46424919657298,17.46424919657298,16.278820596099706,16.1245154965971,15.132745950421556,13.152946437965905,10.198039027185569,5.656854249492381,6.0,8.54400374531753,13.601470508735444,19.1049731745428,22.67156809750927,26.90724809414742
1787403662.297466,-69,0.0,31.827660925679098,30.4138126514911,27.586228448267445,24.08318915758459,18.601075237738275,12.083045973594572,8.06225774829855,7.0710678118654755,8.246211251235321,10.04987562112089,12.165525060596439,14.317821063276353,16.492422502470642,18.027756377319946,18.788294228055936,17.88854381999832,18.35755975068582,16.64331697709324,15.620499351813308,14.142135623730951,10.63014581273465,7.211102550927978,3.605551275463989,0.0,3.1622776601683795,5.830951894845301,0.0,0.0,0.0,0.0,0.0,0.0,0.0,0.0,0.0,0.0,0.0,5.0,3.605551275463989,2.23606797749979,2.23606797749979,3.1622776601683795,3.1622776601683795,7.211102550927978,11.40175425099138,13.45362404707371,15.620499351813308,17.204650534085253,16.64331697709324,15.652475842498529,15.811388300841896,17.26267650163207,18.110770276274835,16.0312195418814,12.165525060596439,9.486832980505138,5.830951894845301,5.0990195135927845,7.615773105863909,12.206555615733702,17.804493814764857,22.80350850198276,25.612496949731394
1787403662.6496823,-71,0.0,26.30589287593181,25.495097567963924,23.53720459187964,19.924858845171276,15.231546211727817,10.295630140987,5.0,3.1622776601683795,5.385164807134504,8.246211251235321,10.44030650891055,12.649110640673518,14.866068747318506,16.15549442140351,16.55294535724685,17.0,16.64331697709324,15.811388300841896,13.601470508735444,10.816653826391969,8.48528137423857,5.830951894845301,3.1622776601683795,4.123105625617661,6.0,7.0,0.0,0.0,0.0,0.0,0.0,0.0,0.0,0.0,0.0,0.0,0.0,2.23606797749979,1.0,2.8284271247461903,4.123105625617661,6.0,8.06225774829855,9.486832980505138,11.180339887498949,13.892443989449804,15.264337522473747,15.264337522473747,15.620499351813308,15.556349186104045,16.401219466856727,15.811388300841896,15.0,13.038404810405298,10.816653826391969,7.810249675906654,4.47213595499958,3.605551275463989,6.324555320336759,11.045361017187261,15.033296378372908,19.0,22.02271554554524
1787403663.1954212,-71,0.0,27.294688127912362,27.16615541441225,26.076809620810597,25.079872407968907,24.08318915758459,24.020824298928627,22.02271554554524,19.026297590440446,17.029386365926403,15.033296378372908,13.0,13.152946437965905,13.341664064126334,12.36931687685298,12.649110640673518,11.704699910719626,12.083045973594572,11.661903789690601,12.529964086141668,12.529964086141668,13.416407864998739,14.317821063276353,13.92838827718412,12.649110640673518,11.704699910719626,12.083045973594572,0.0,0.0,0.0,0.0,0.0,0.0,0.0,0.0,0.0,0.0,0.0,10.295630140987,9.433981132056603,8.06225774829855,7.0710678118654755,7.211102550927978,6.708203932499369,7.280109889280518,8.246211251235321,8.06225774829855,9.219544457292887,9.219544457292887,8.06225774829855,8.0,8.06225774829855,10.44030650891055,11.40175425099138,13.601470508735444,13.341664064126334,14.317821063276353,14.560219778561036,14.866068747318506,16.15549442140351,19.697715603592208,22.47220505424423,24.698178070456937,24.698178070456937
1787403663.4943068,-72,0.0,20.808652046684813,21.633307652783937,21.95449840010015,20.591260281974,19.235384061671343,18.384776310850235,17.08800749063506,15.811388300841896,14.560219778561036,12.36931687685298,11.40175425099138,9.486832980505138,8.94427190999916,8.94427190999916,8.94427190999916,8.06225774829855,8.06225774829855,8.602325267042627,7.810249675906654,7.810249675906654,7.810249675906654,8.48528137423857,7.0710678118654755,7.0710678118654755,7.810249675906654,7.810249675906654,0.0,0.0,0.0,0.0,0.0,0.0,0.0,0.0,0.0,0.0,0.0,8.54400374531753,7.615773105863909,6.082762530298219,5.0,5.0,5.0,6.0,7.0710678118654755,8.06225774829855,8.06225774829855,8.06225774829855,7.280109889280518,7.615773105863909,8.06225774829855,8.06225774829855,8.602325267042627,9.219544457292887,9.899494936611665,11.313708498984761,12.041594578792296,13.45362404707371,14.866068747318506,16.278820596099706,16.278820596099706,17.69180601295413,18.439088914585774
1787403663.603864,-72,0.0,22.02271554554524,22.02271554554524,21.02379604162864,21.213203435596427,20.09975124224178,18.110770276274835,16.278820596099706,15.524174696260024,14.560219778561036,12.36931687685298,11.180339887498949,11.0,11.045361017187261,11.180339887498949,11.180339887498949,10.198039027185569,10.198039027185569,10.198039027185569,10.44030650891055,10.44030650891055,11.40175425099138,12.165525060596439,11.180339887498949,11.045361017187261,11.045361017187261,11.180339887498949,0.0,0.0,0.0,0.0,0.0,0.0,0.0,0.0,0.0,0.0,0.0,9.486832980505138,9.486832980505138,8.246211251235321,8.246211251235321,8.06225774829855,8.0,9.0,9.0,10.0,11.0,11.0,11.0,11.0,11.180339887498949,11.180339887498949,12.36931687685298,13.341664064126334,14.142135623730951,14.142135623730951,14.317821063276353,15.297058540778355,15.811388300841896,16.15549442140351,17.72004514666935,19.6468827043885,19.924858845171276
1787403663.9547966,-77,0.0,14.317821063276353,14.7648230602334,16.64331697709324,17.4928556845359,17.88854381999832,17.46424919657298,14.7648230602334,14.422205101855956,16.1245154965971,16.1245154965971,14.7648230602334,14.317821063276353,14.866068747318506,15.811388300841896,15.811388300841896,15.231546211727817,16.1245154965971,16.1245154965971,15.811388300841896,15.620499351813308,15.0,15.620499351813308,14.866068747318506,15.556349186104045,14.866068747318506,15.556349186104045,0.0,0.0,0.0,0.0,0.0,0.0,0.0,0.0,0.0,0.0,0.0,5.385164807134504,7.810249675906654,7.810249675906654,7.211102550927978,7.810249675906654,7.810249675906654,7.810249675906654,7.211102550927978,8.602325267042627,10.295630140987,10.295630140987,10.0,9.433981132056603,8.06225774829855,9.219544457292887,10.0,10.0,10.63014581273465,10.63014581273465,11.40175425099138,12.041594578792296,11.40175425099138,12.806248474865697,14.212670403551895,16.401219466856727,15.0
1787403664.3370776,-69,0.0,26.90724809414742,25.495097567963924,25.495097567963924,23.600847442411894,17.0,11.704699910719626,6.0,6.082762530298219,9.219544457292887,11.180339887498949,13.038404810405298,15.033296378372908,16.0312195418814,19.1049731745428,20.223748416156685,20.615528128088304,20.248456731316587,19.235384061671343,17.4928556845359,14.7648230602334,11.661903789690601,7.0710678118654755,3.1622776601683795,1.4142135623730951,3.1622776601683795,6.324555320336759,0.0,0.0,0.0,0.0,0.0,0.0,0.0,0.0,0.0,0.0,0.0,4.0,1.0,2.23606797749979,3.0,3.1622776601683795,4.47213595499958,5.830951894845301,7.211102550927978,10.0,12.806248474865697,13.038404810405298,14.317821063276353,14.866068747318506,16.492422502470642,14.560219778561036,13.0,10.44030650891055,9.0,7.0,6.324555320336759,5.656854249492381,6.0,10.295630140987,14.212670403551895,19.849433241279208,23.430749027719962
1787403664.3457623,-69,0.0,25.079872407968907,23.021728866442675,21.02379604162864,19.235384061671343,15.297058540778355,10.44030650891055,7.0710678118654755,5.0,6.4031242374328485,10.0,13.601470508735444,15.0,15.620499351813308,18.439088914585774,20.518284528683193,21.213203435596427,19.849433241279208,18.601075237738275,16.1245154965971,13.892443989449804,11.180339887498949,7.615773105863909,4.123105625617661,2.23606797749979,3.0,5.385164807134504,0.0,0.0,0.0,0.0,0.0,0.0,0.0,0.0,0.0,0.0,0.0,2.8284271247461903,2.0,3.605551275463989,3.1622776601683795,4.123105625617661,6.324555320336759,7.211102550927978,8.48528137423857,10.0,12.806248474865697,14.142135623730951,14.866068747318506,14.422205101855956,14.317821063276353,13.92838827718412,13.0,11.180339887498949,10.295630140987,8.06225774829855,5.0,3.1622776601683795,6.708203932499369,10.44030650891055,14.317821063276353,18.24828759089466,22.360679774997898
1787403664.3457623,-69,0.0,26.0,27.313000567495326,26.92582403567252,22.135943621178654,17.26267650163207,11.0,6.708203932499369,5.385164807134504,8.06225774829855,10.770329614269007,13.0,16.15549442140351,18.681541692269406,19.6468827043885,20.615528128088304,20.223748416156685,20.024984394500787,18.0,15.033296378372908,13.038404810405298,11.180339887498949,8.246211251235321,4.47213595499958,2.0,4.47213595499958,6.708203932499369,0.0,0.0,0.0,0.0,0.0,0.0,0.0,0.0,0.0,0.0,0.0,3.1622776601683795,2.23606797749979,3.0,4.0,5.0990195135927845,6.324555320336759,7.211102550927978,9.219544457292887,11.40175425099138,12.806248474865697,13.45362404707371,15.0,16.55294535724685,16.55294535724685,14.7648230602334,14.7648230602334,13.0,10.198039027185569,8.246211251235321,4.47213595499958,4.0,8.06225774829855,12.041594578792296,16.64331697709324,21.470910553583888,23.259406699226016
1787403664.3597925,-70,0.0,26.076809620810597,26.30589287593181,24.331050121192877,20.396078054371138,15.297058540778355,9.848857801796104,5.830951894845301,5.830951894845301,7.211102550927978,10.295630140987,11.661903789690601,13.038404810405298,15.264337522473747,16.64331697709324,18.601075237738275,19.209372712298546,18.384776310850235,17.029386365926403,15.620499351813308,13.601470508735444,10.816653826391969,8.06225774829855,4.123105625617661,2.8284271247461903,5.0990195135927845,6.324555320336759,0.0,0.0,0.0,0.0,0.0,0.0,0.0,0.0,0.0,0.0,0.0,2.8284271247461903,1.0,2.23606797749979,4.123105625617661,5.0,7.0710678118654755,9.219544457292887,10.770329614269007,12.083045973594572,14.317821063276353,15.652475842498529,16.1245154965971,15.0,14.866068747318506,14.142135623730951,12.041594578792296,10.63014581273465,9.219544457292887,7.810249675906654,4.47213595499958,3.605551275463989,8.06225774829855,12.041594578792296,16.1245154965971,20.09975124224178,22.0
1787403664.371853,-70,0.0,26.90724809414742,24.839484696748443,22.80350850198276,18.867962264113206,14.317821063276353,10.44030650891055,7.280109889280518,6.4031242374328485,8.0,10.198039027185569,13.152946437965905,14.035668847618199,16.0,19.0,20.0,19.026297590440446,19.235384061671343,18.439088914585774,17.46424919657298,15.524174696260024,12.649110640673518,8.94427190999916,5.656854249492381,4.123105625617661,3.605551275463989,5.385164807134504,0.0,0.0,0.0,0.0,0.0,0.0,0.0,0.0,0.0,0.0,0.0,3.0,1.0,1.0,2.23606797749979,3.605551275463989,4.47213595499958,7.280109889280518,9.486832980505138,11.180339887498949,14.142135623730951,16.1245154965971,15.033296378372908,15.0,15.033296378372908,14.142135623730951,13.341664064126334,11.180339887498949,9.219544457292887,7.0710678118654755,4.123105625617661,3.0,5.830951894845301,10.0,14.866068747318506,19.1049731745428,21.93171219946131
1787403664.4167573,-70,0.0,24.186773244895647,23.706539182259394,21.93171219946131,18.027756377319946,13.341664064126334,9.055385138137417,5.0990195135927845,3.1622776601683795,5.830951894845301,7.810249675906654,10.0,12.206555615733702,14.422205101855956,16.1245154965971,16.55294535724685,16.55294535724685,16.15549442140351,15.811388300841896,14.317821063276353,13.341664064126334,11.180339887498949,8.06225774829855,4.0,1.4142135623730951,3.605551275463989,6.4031242374328485,0.0,0.0,0.0,0.0,0.0,0.0,0.0,0.0,0.0,0.0,0.0,3.0,1.4142135623730951,2.8284271247461903,4.47213595499958,5.830951894845301,7.0710678118654755,8.602325267042627,10.295630140987,12.083045973594572,13.92838827718412,16.15549442140351,15.811388300841896,15.524174696260024,14.317821063276353,13.152946437965905,12.165525060596439,10.04987562112089,7.0710678118654755,5.0990195135927845,2.8284271247461903,3.1622776601683795,5.656854249492381,9.219544457292887,13.601470508735444,18.601075237738275,20.0
1787403664.8790271,-70,0.0,25.80697580112788,25.238858928247925,23.323807579381203,19.235384061671343,15.231546211727817,10.04987562112089,5.385164807134504,4.123105625617661,6.324555320336759,8.94427190999916,11.661903789690601,13.892443989449804,15.231546211727817,17.08800749063506,18.027756377319946,17.72004514666935,18.439088914585774,18.24828759089466,16.0312195418814,14.0,12.041594578792296,8.06225774829855,5.0,1.0,2.0,4.0,0.0,0.0,0.0,0.0,0.0,0.0,0.0,0.0,0.0,0.0,0.0,0.0,2.23606797749979,5.0990195135927845,6.082762530298219,6.324555320336759,7.211102550927978,7.810249675906654,9.219544457292887,10.295630140987,12.083045973594572,11.704699910719626,13.152946437965905,13.0,13.038404810405298,13.038404810405298,13.152946437965905,12.36931687685298,11.180339887498949,9.219544457292887,6.0,3.605551275463989,4.0,8.06225774829855,13.45362404707371,16.97056274847714,19.1049731745428
1787403664.9427807,-70,0.0,25.80697580112788,25.80697580112788,23.853720883753127,20.591260281974,15.231546211727817,11.40175425099138,7.0710678118654755,5.0,5.0,7.280109889280518,10.44030650891055,13.341664064126334,16.278820596099706,18.24828759089466,19.235384061671343,19.235384061671343,19.1049731745428,18.027756377319946,16.0,15.033296378372908,12.041594578792296,9.055385138137417,5.0,1.0,2.23606797749979,5.0990195135927845,0.0,0.0,0.0,0.0,0.0,0.0,0.0,0.0,0.0,0.0,0.0,1.0,2.0,4.0,5.0,5.0990195135927845,5.385164807134504,7.211102550927978,8.48528137423857,10.816653826391969,12.206555615733702,12.529964086141668,13.0,13.341664064126334,14.035668847618199,14.0,14.035668847618199,13.038404810405298,11.045361017187261,8.06225774829855,6.082762530298219,2.8284271247461903,4.123105625617661,7.810249675906654,12.727922061357855,16.97056274847714,19.1049731745428
1787403664.9906068,-88,0.0,14.866068747318506,15.811388300841896,15.811388300841896,16.76305461424021,16.76305461424021,16.492422502470642,15.524174696260024,15.297058540778355,13.341664064126334,12.165525060596439,11.180339887498949,11.180339887498949,9.219544457292887,8.06225774829855,8.246211251235321,7.280109889280518,8.246211251235321,8.246211251235321,8.246211251235321,7.280109889280518,7.0710678118654755,7.0,7.0,7.0710678118654755,6.708203932499369,5.830951894845301,0.0,0.0,0.0,0.0,0.0,0.0,0.0,0.0,0.0,0.0,0.0,8.602325267042627,8.48528137423857,7.810249675906654,8.06225774829855,8.94427190999916,8.54400374531753,9.486832980505138,9.219544457292887,10.198039027185569,9.219544457292887,8.06225774829855,9.0,9.0,8.06225774829855,8.246211251235321,8.54400374531753,9.486832980505138,8.246211251235321,8.54400374531753,8.54400374531753,8.246211251235321,8.06225774829855,8.06225774829855,9.0,9.055385138137417,9.055385138137417
1787403665.3888113,-84,0.0,13.92838827718412,13.92838827718412,13.92838827718412,13.92838827718412,13.601470508735444,13.601470508735444,14.317821063276353,14.142135623730951,14.142135623730951,13.038404810405298,14.0,14.035668847618199,14.035668847618199,14.035668847618199,15.033296378372908,15.033296378372908,15.033296378372908,16.0,16.0,16.0312195418814,16.278820596099706,16.492422502470642,16.76305461424021,17.46424919657298,17.88854381999832,18.35755975068582,0.0,0.0,0.0,0.0,0.0,0.0,0.0,0.0,0.0,0.0,0.0,10.816653826391969,10.816653826391969,10.816653826391969,10.0,8.602325267042627,8.602325267042627,9.219544457292887,8.48528137423857,8.602325267042627,9.433981132056603,8.94427190999916,8.94427190999916,9.848857801796104,10.770329614269007,10.770329614269007,10.44030650891055,10.44030650891055,10.198039027185569,10.198039027185569,10.04987562112089,9.0,8.06225774829855,8.246211251235321,8.06225774829855,7.810249675906654,8.48528137423857
1787403665.3888113,-84,0.0,13.45362404707371,13.45362404707371,13.45362404707371,13.45362404707371,13.45362404707371,12.806248474865697,12.806248474865697,12.806248474865697,13.45362404707371,13.45362404707371,12.806248474865697,12.806248474865697,13.601470508735444,13.601470508735444,14.422205101855956,14.422205101855956,15.0,15.0,14.422205101855956,14.212670403551895,14.866068747318506,13.45362404707371,12.806248474865697,12.529964086141668,12.083045973594572,11.704699910719626,0.0,0.0,0.0,0.0,0.0,0.0,0.0,0.0,0.0,0.0,0.0,7.615773105863909,7.615773105863909,7.615773105863909,6.708203932499369,6.708203932499369,6.708203932499369,7.211102550927978,7.211102550927978,7.211102550927978,7.211102550927978,7.211102550927978,8.06225774829855,8.94427190999916,8.94427190999916,9.433981132056603,9.848857801796104,9.848857801796104,9.486832980505138,9.486832980505138,9.219544457292887,9.219544457292887,9.055385138137417,9.0,10.04987562112089,10.198039027185569,10.44030650891055
1787403665.594985,-81,0.0,15.231546211727817,14.866068747318506,15.524174696260024,16.278820596099706,16.278820596099706,13.341664064126334,11.180339887498949,11.045361017187261,11.0,11.0,11.045361017187261,11.180339887498949,10.770329614269007,9.848857801796104,10.295630140987,10.295630140987,10.770329614269007,11.661903789690601,13.416407864998739,13.0,12.649110640673518,13.601470508735444,13.152946437965905,14.035668847618199,13.038404810405298,13.0,0.0,0.0,0.0,0.0,0.0,0.0,0.0,0.0,0.0,0.0,0.0,10.0,10.04987562112089,11.180339887498949,11.40175425099138,11.40175425099138,11.704699910719626,11.180339887498949,11.180339887498949,12.206555615733702,13.601470508735444,13.45362404707371,14.212670403551895,14.866068747318506,14.142135623730951,14.142135623730951,15.556349186104045,15.620499351813308,15.620499351813308,17.029386365926403,16.278820596099706,15.620499351813308,15.0,14.422205101855956,13.892443989449804,14.7648230602334,14.317821063276353
1787403665.594985,-81,0.0,15.0,15.033296378372908,15.132745950421556,14.560219778561036,13.341664064126334,12.36931687685298,11.704699910719626,11.704699910719626,9.486832980505138,7.615773105863909,7.211102550927978,7.810249675906654,8.48528137423857,9.899494936611665,10.0,10.816653826391969,10.816653826391969,10.0,10.63014581273465,10.63014581273465,11.313708498984761,11.40175425099138,11.661903789690601,12.083045973594572,11.704699910719626,10.44030650891055,0.0,0.0,0.0,0.0,0.0,0.0,0.0,0.0,0.0,0.0,0.0,8.06225774829855,8.54400374531753,9.219544457292887,9.0,10.0,11.0,11.0,10.04987562112089,10.198039027185569,11.180339887498949,12.165525060596439,13.152946437965905,13.341664064126334,14.560219778561036,15.524174696260024,15.524174696260024,14.317821063276353,15.297058540778355,16.492422502470642,17.46424919657298,16.492422502470642,14.560219778561036,14.317821063276353,15.297058540778355,14.142135623730951,13.038404810405298
1787403665.658575,-82,0.0,17.46424919657298,17.46424919657298,17.26267650163207,16.1245154965971,14.317821063276353,13.92838827718412,14.7648230602334,14.317821063276353,11.40175425099138,10.198039027185569,10.198039027185569,9.219544457292887,9.848857801796104,8.94427190999916,7.211102550927978,7.810249675906654,7.810249675906654,7.810249675906654,7.0710678118654755,6.4031242374328485,5.656854249492381,5.830951894845301,5.385164807134504,5.385164807134504,5.385164807134504,4.123105625617661,0.0,0.0,0.0,0.0,0.0,0.0,0.0,0.0,0.0,0.0,0.0,6.708203932499369,7.810249675906654,8.54400374531753,9.055385138137417,8.0,7.0,7.0710678118654755,9.0,9.0,8.0,8.0,9.055385138137417,9.219544457292887,9.219544457292887,10.04987562112089,11.045361017187261,12.0,13.038404810405298,15.033296378372908,16.0312195418814,15.132745950421556,16.1245154965971,16.1245154965971,16.1245154965971,15.132745950421556,16.492422502470642
1787403665.6735523,-79,0.0,16.492422502470642,17.46424919657298,17.26267650163207,17.26267650163207,17.72004514666935,17.72004514666935,16.76305461424021,15.231546211727817,14.7648230602334,15.231546211727817,13.601470508735444,11.704699910719626,10.44030650891055,10.44030650891055,9.486832980505138,9.486832980505138,9.486832980505138,9.219544457292887,9.219544457292887,9.486832980505138,9.486832980505138,8.246211251235321,7.280109889280518,6.324555320336759,6.0,7.0,0.0,0.0,0.0,0.0,0.0,0.0,0.0,0.0,0.0,0.0,0.0,5.656854249492381,5.0,5.830951894845301,8.06225774829855,8.06225774829855,8.54400374531753,8.54400374531753,9.055385138137417,9.0,10.0,11.0,10.0,9.0,10.0,10.0,11.0,13.0,14.0,14.035668847618199,14.035668847618199,14.142135623730951,16.1245154965971,17.11724276862369,18.110770276274835,18.110770276274835,17.11724276862369
1787403665.8956192,-83,0.0,13.45362404707371,14.422205101855956,15.811388300841896,17.204650534085253,15.264337522473747,14.7648230602334,13.892443989449804,13.892443989449804,12.529964086141668,12.206555615733702,12.727922061357855,12.806248474865697,11.40175425099138,10.0,10.0,10.816653826391969,10.295630140987,8.602325267042627,11.313708498984761,10.816653826391969,9.433981132056603,8.94427190999916,8.94427190999916,10.295630140987,10.295630140987,9.433981132056603,0.0,0.0,0.0,0.0,0.0,0.0,0.0,0.0,0.0,0.0,0.0,6.082762530298219,7.615773105863909,7.280109889280518,7.280109889280518,8.94427190999916,8.94427190999916,8.246211251235321,9.055385138137417,11.180339887498949,10.44030650891055,8.94427190999916,10.295630140987,12.529964086141668,13.601470508735444,13.45362404707371,13.45362404707371,13.601470508735444,14.422205101855956,16.64331697709324,17.204650534085253,17.029386365926403,16.278820596099706,16.278820596099706,16.401219466856727,15.264337522473747,14.7648230602334
1787403666.071222,-80,0.0,9.219544457292887,10.0,13.038404810405298,12.529964086141668,12.083045973594572,13.0,13.92838827718412,13.92838827718412,13.341664064126334,14.142135623730951,14.317821063276353,15.132745950421556,15.297058540778355,15.811388300841896,15.524174696260024,14.560219778561036,14.317821063276353,13.601470508735444,13.416407864998739,13.416407864998739,13.0,13.416407864998739,11.661903789690601,10.295630140987,9.219544457292887,9.899494936611665,0.0,0.0,0.0,0.0,0.0,0.0,0.0,0.0,0.0,0.0,0.0,9.433981132056603,11.40175425099138,10.816653826391969,11.661903789690601,11.180339887498949,9.848857801796104,9.219544457292887,9.219544457292887,9.219544457292887,9.055385138137417,9.055385138137417,10.198039027185569,8.54400374531753,7.211102550927978,6.4031242374328485,4.242640687119285,4.242640687119285,6.4031242374328485,7.0710678118654755,9.486832980505138,10.198039027185569,5.385164807134504,4.0,5.0,6.4031242374328485,7.810249675906654
1787403666.0872946,-72,0.0,26.476404589747453,25.179356624028344,23.08679276123039,20.0,16.1245154965971,10.770329614269007,7.0710678118654755,6.082762530298219,8.06225774829855,10.63014581273465,12.041594578792296,14.212670403551895,15.620499351813308,16.64331697709324,16.64331697709324,17.0,15.231546211727817,13.601470508735444,12.165525060596439,11.045361017187261,8.0,4.123105625617661,2.0,4.242640687119285,7.211102550927978,8.94427190999916,0.0,0.0,0.0,0.0,0.0,0.0,0.0,0.0,0.0,0.0,0.0,3.0,2.23606797749979,4.123105625617661,6.324555320336759,7.280109889280518,8.0,10.198039027185569,12.649110640673518,13.92838827718412,15.231546211727817,15.652475842498529,15.811388300841896,14.866068747318506,15.620499351813308,15.264337522473747,14.7648230602334,13.0,10.770329614269007,8.94427190999916,5.656854249492381,4.0,6.4031242374328485,11.180339887498949,15.524174696260024,19.4164878389476,22.561028345356956
1787403666.246548,-82,0.0,8.54400374531753,7.615773105863909,8.06225774829855,7.211102550927978,7.0710678118654755,7.211102550927978,8.54400374531753,9.219544457292887,9.219544457292887,10.04987562112089,10.0,11.045361017187261,11.180339887498949,11.40175425099138,11.704699910719626,11.704699910719626,12.083045973594572,12.083045973594572,12.083045973594572,12.083045973594572,12.083045973594572,11.704699910719626,11.704699910719626,11.40175425099138,11.40175425099138,11.180339887498949,0.0,0.0,0.0,0.0,0.0,0.0,0.0,0.0,0.0,0.0,0.0,20.518284528683193,19.1049731745428,17.804493814764857,15.811388300841896,13.892443989449804,13.0,12.649110640673518,11.40175425099138,10.44030650891055,10.44030650891055,9.848857801796104,8.94427190999916,8.06225774829855,7.211102550927978,6.4031242374328485,6.4031242374328485,5.385164807134504,6.082762530298219,6.0,6.324555320336759,6.708203932499369,6.4031242374328485,6.4031242374328485,7.211102550927978,7.615773105863909,7.615773105863909
1787403666.278081,-83,0.0,5.830951894845301,5.385164807134504,4.123105625617661,4.0,3.1622776601683795,2.8284271247461903,3.605551275463989,4.123105625617661,6.082762530298219,7.0,9.0,10.0,11.0,12.0,12.0,13.0,13.0,13.0,13.0,13.038404810405298,13.152946437965905,12.165525060596439,12.165525060596439,12.36931687685298,12.36931687685298,11.704699910719626,0.0,0.0,0.0,0.0,0.0,0.0,0.0,0.0,0.0,0.0,0.0,15.524174696260024,15.811388300841896,15.811388300841896,16.15549442140351,15.652475842498529,16.1245154965971,15.264337522473747,15.0,15.0,14.212670403551895,13.45362404707371,12.806248474865697,12.041594578792296,11.40175425099138,10.816653826391969,11.661903789690601,11.180339887498949,10.770329614269007,10.44030650891055,10.198039027185569,9.055385138137417,9.055385138137417,8.06225774829855,8.246211251235321,7.615773105863909,7.211102550927978
1787403666.278081,-83,0.0,6.082762530298219,6.0,5.0990195135927845,5.385164807134504,4.47213595499958,4.242640687119285,4.47213595499958,5.0990195135927845,6.082762530298219,7.280109889280518,8.54400374531753,9.848857801796104,10.770329614269007,11.180339887498949,12.529964086141668,13.416407864998739,13.416407864998739,13.416407864998739,13.416407864998739,13.0,12.649110640673518,12.649110640673518,12.36931687685298,11.180339887498949,11.180339887498949,11.045361017187261,0.0,0.0,0.0,0.0,0.0,0.0,0.0,0.0,0.0,0.0,0.0,14.866068747318506,15.524174696260024,15.297058540778355,15.132745950421556,16.0312195418814,16.0312195418814,16.0312195418814,16.1245154965971,15.132745950421556,15.132745950421556,14.142135623730951,14.317821063276353,13.152946437965905,13.152946437965905,12.041594578792296,11.0,11.045361017187261,10.198039027185569,10.44030650891055,10.770329614269007,10.295630140987,9.433981132056603,9.219544457292887,9.219544457292887,8.48528137423857,8.48528137423857
1787403666.819188,-85,0.0,15.0,15.0,14.422205101855956,13.892443989449804,12.529964086141668,12.083045973594572,11.704699910719626,10.44030650891055,10.198039027185569,10.04987562112089,9.0,8.0,8.0,7.0710678118654755,7.280109889280518,7.280109889280518,7.280109889280518,7.280109889280518,6.082762530298219,6.082762530298219,6.324555320336759,6.082762530298219,6.0,5.0990195135927845,4.123105625617661,4.47213595499958,0.0,0.0,0.0,0.0,0.0,0.0,0.0,0.0,0.0,0.0,0.0,7.211102550927978,8.06225774829855,9.219544457292887,9.899494936611665,11.40175425099138,12.806248474865697,13.038404810405298,12.529964086141668,13.416407864998739,13.416407864998739,14.317821063276353,14.317821063276353,14.317821063276353,13.892443989449804,13.892443989449804,14.422205101855956,15.620499351813308,15.620499351813308,16.278820596099706,16.97056274847714,17.69180601295413,17.69180601295413,18.439088914585774,18.439088914585774,17.69180601295413,17.69180601295413
1787403667.010532,-87,0.0,15.0,14.212670403551895,14.212670403551895,14.212670403551895,13.45362404707371,13.45362404707371,13.45362404707371,12.806248474865697,11.40175425099138,10.0,9.433981132056603,7.615773105863909,7.280109889280518,7.0710678118654755,7.0710678118654755,6.0,6.0,7.0,8.06225774829855,8.246211251235321,8.54400374531753,8.06225774829855,9.433981132056603,8.602325267042627,9.219544457292887,9.899494936611665,0.0,0.0,0.0,0.0,0.0,0.0,0.0,0.0,0.0,0.0,0.0,9.219544457292887,9.219544457292887,9.486832980505138,8.54400374531753,8.54400374531753,8.54400374531753,8.246211251235321,7.280109889280518,7.0,6.082762530298219,6.708203932499369,7.211102550927978,7.810249675906654,8.602325267042627,9.433981132056603,10.295630140987,11.180339887498949,12.083045973594572,12.083045973594572,12.529964086141668,12.529964086141668,12.206555615733702,12.806248474865697,12.727922061357855,12.727922061357855,12.806248474865697
1787403668.0262742,-71,0.0,27.294688127912362,26.419689627245813,24.413111231467404,21.2602916254693,17.029386365926403,12.529964086141668,9.055385138137417,7.211102550927978,8.94427190999916,11.180339887498949,13.152946437965905,14.317821063276353,15.524174696260024,16.76305461424021,17.08800749063506,17.46424919657298,17.0,15.811388300841896,15.620499351813308,13.45362404707371,11.313708498984761,7.810249675906654,4.47213595499958,3.605551275463989,5.0990195135927845,6.0,0.0,0.0,0.0,0.0,0.0,0.0,0.0,0.0,0.0,0.0,0.0,2.23606797749979,1.4142135623730951,2.23606797749979,3.605551275463989,5.656854249492381,6.708203932499369,8.54400374531753,10.198039027185569,11.045361017187261,13.0,14.035668847618199,13.341664064126334,13.92838827718412,13.892443989449804,15.0,14.212670403551895,13.45362404707371,10.63014581273465,7.810249675906654,4.47213595499958,2.23606797749979,5.0,9.486832980505138,14.866068747318506,19.313207915827967,22.847319317591726
1787403668.2054968,-70,0.0,20.223748416156685,22.20360331117452,23.194827009486403,24.186773244895647,24.0,22.090722034374522,20.024984394500787,19.0,17.0,15.0,12.0,10.04987562112089,11.045361017187261,12.041594578792296,11.180339887498949,10.44030650891055,9.848857801796104,11.180339887498949,10.816653826391969,9.433981132056603,8.06225774829855,8.94427190999916,9.848857801796104,8.94427190999916,8.602325267042627,7.810249675906654,0.0,0.0,0.0,0.0,0.0,0.0,0.0,0.0,0.0,0.0,0.0,6.4031242374328485,5.0,5.0,5.385164807134504,6.324555320336759,7.0710678118654755,6.082762530298219,5.385164807134504,5.385164807134504,6.082762530298219,6.0,5.0990195135927845,6.082762530298219,9.055385138137417,10.04987562112089,9.219544457292887,8.54400374531753,10.44030650891055,14.317821063276353,14.317821063276353,13.601470508735444,15.231546211727817,16.15549442140351,17.46424919657298,19.697715603592208,21.18962010041709
1787403668.4119482,-71,0.0,19.235384061671343,20.615528128088304,22.360679774997898,22.47220505424423,18.867962264113206,15.811388300841896,16.278820596099706,15.620499351813308,12.206555615733702,9.219544457292887,6.708203932499369,5.385164807134504,7.280109889280518,10.198039027185569,9.848857801796104,7.211102550927978,8.06225774829855,9.219544457292887,10.0,10.0,7.0710678118654755,6.708203932499369,7.615773105863909,8.06225774829855,8.0,7.280109889280518,0.0,0.0,0.0,0.0,0.0,0.0,0.0,0.0,0.0,0.0,0.0,5.0990195135927845,4.123105625617661,4.47213595499958,4.242640687119285,4.47213595499958,5.385164807134504,5.385164807134504,6.708203932499369,7.211102550927978,7.211102550927978,7.810249675906654,7.810249675906654,7.211102550927978,8.06225774829855,8.54400374531753,8.246211251235321,9.486832980505138,10.770329614269007,10.770329614269007,10.770329614269007,12.36931687685298,13.341664064126334,13.341664064126334,14.866068747318506,16.55294535724685,17.88854381999832
1787403668.5094862,-70,0.0,22.627416997969522,21.93171219946131,22.02271554554524,22.02271554554524,20.808652046684813,18.867962264113206,18.35755975068582,15.652475842498529,14.7648230602334,13.038404810405298,10.816653826391969,10.0,9.899494936611665,9.899494936611665,9.219544457292887,8.602325267042627,8.06225774829855,8.06225774829855,8.94427190999916,9.848857801796104,9.848857801796104,9.848857801796104,8.54400374531753,8.54400374531753,8.54400374531753,8.54400374531753,0.0,0.0,0.0,0.0,0.0,0.0,0.0,0.0,0.0,0.0,0.0,4.47213595499958,4.123105625617661,4.0,4.123105625617661,5.385164807134504,5.830951894845301,7.211102550927978,7.211102550927978,7.615773105863909,8.54400374531753,8.54400374531753,8.06225774829855,8.602325267042627,8.602325267042627,9.219544457292887,10.63014581273465,10.63014581273465,10.63014581273465,12.041594578792296,12.806248474865697,14.212670403551895,15.811388300841896,17.804493814764857,18.439088914585774,20.615528128088304,21.2602916254693
1787403668.9221225,-71,0.0,20.615528128088304,20.615528128088304,20.396078054371138,20.396078054371138,19.1049731745428,17.029386365926403,16.0312195418814,15.0,14.035668847618199,12.041594578792296,10.198039027185569,9.219544457292887,9.219544457292887,9.486832980505138,9.486832980505138,8.94427190999916,8.94427190999916,9.433981132056603,9.433981132056603,10.0,10.0,9.433981132056603,9.433981132056603,8.94427190999916,8.94427190999916,8.06225774829855,0.0,0.0,0.0,0.0,0.0,0.0,0.0,0.0,0.0,0.0,0.0,4.47213595499958,4.242640687119285,3.605551275463989,4.123105625617661,5.0990195135927845,6.0,6.0,6.082762530298219,6.082762530298219,7.0710678118654755,7.0,7.0,8.06225774829855,8.246211251235321,8.246211251235321,9.486832980505138,9.848857801796104,9.848857801796104,11.704699910719626,13.601470508735444,14.560219778561036,14.866068747318506,15.811388300841896,17.72004514666935,18.681541692269406,18.681541692269406
1787403669.2718976,-69,0.0,30.066592756745816,30.066592756745816,27.018512172212592,24.0,19.1049731745428,13.601470508735444,9.433981132056603,6.708203932499369,8.06225774829855,9.848857801796104,11.661903789690601,13.416407864998739,14.317821063276353,16.15549442140351,17.72004514666935,18.681541692269406,19.4164878389476,18.24828759089466,16.1245154965971,14.035668847618199,11.045361017187261,7.0710678118654755,3.0,1.4142135623730951,4.47213595499958,6.324555320336759,0.0,0.0,0.0,0.0,0.0,0.0,0.0,0.0,0.0,0.0,0.0,3.605551275463989,3.605551275463989,3.1622776601683795,2.23606797749979,4.0,5.385164807134504,8.06225774829855,10.816653826391969,13.601470508735444,15.620499351813308,17.69180601295413,17.69180601295413,17.204650534085253,16.1245154965971,15.231546211727817,14.866068747318506,13.601470508735444,10.44030650891055,7.615773105863909,4.242640687119285,2.23606797749979,6.708203932499369,12.649110640673518,18.439088914585774,23.345235059857504,26.476404589747453
1787403669.2718976,-69,0.0,28.160255680657446,27.892651361962706,25.495097567963924,21.37755832643195,17.11724276862369,12.0,7.280109889280518,4.47213595499958,6.082762530298219,8.54400374531753,9.848857801796104,11.180339887498949,13.92838827718412,15.524174696260024,16.1245154965971,17.11724276862369,17.029386365926403,16.0,15.033296378372908,12.041594578792296,9.055385138137417,6.0,2.0,2.0,5.0,7.0710678118654755,0.0,0.0,0.0,0.0,0.0,0.0,0.0,0.0,0.0,0.0,0.0,1.0,1.0,2.8284271247461903,3.1622776601683795,6.082762530298219,7.615773105863909,8.602325267042627,10.816653826391969,13.601470508735444,16.278820596099706,17.69180601295413,18.384776310850235,17.804493814764857,17.0,16.55294535724685,16.15549442140351,13.601470508735444,12.649110640673518,8.94427190999916,5.656854249492381,4.0,6.4031242374328485,11.661903789690601,16.55294535724685,20.248456731316587,23.08679276123039
1787403669.6869931,-72,0.0,26.870057685088806,26.1725046566048,24.08318915758459,21.400934559032695,17.0,11.704699910719626,7.0,3.605551275463989,6.082762530298219,8.94427190999916,11.180339887498949,12.529964086141668,13.92838827718412,14.866068747318506,16.76305461424021,16.492422502470642,17.46424919657298,16.492422502470642,15.297058540778355,12.36931687685298,9.219544457292887,5.0990195135927845,1.4142135623730951,3.605551275463989,7.211102550927978,8.06225774829855,0.0,0.0,0.0,0.0,0.0,0.0,0.0,0.0,0.0,0.0,0.0,2.0,2.23606797749979,3.605551275463989,6.4031242374328485,7.211102550927978,8.94427190999916,11.40175425099138,13.341664064126334,15.132745950421556,15.033296378372908,16.0312195418814,15.0,15.132745950421556,14.866068747318506,15.231546211727817,15.652475842498529,13.892443989449804,11.180339887498949,8.54400374531753,4.123105625617661,1.4142135623730951,4.47213595499958,10.0,14.866068747318506,18.439088914585774,20.518284528683193
1787403669.9574552,-70,0.0,27.65863337187866,26.40075756488817,25.238858928247925,21.95449840010015,17.46424919657298,13.152946437965905,10.198039027185569,7.810249675906654,8.54400374531753,11.045361017187261,13.0,13.0,15.0,15.033296378372908,15.132745950421556,15.297058540778355,13.601470508735444,13.0,11.661903789690601,10.0,7.810249675906654,5.656854249492381,3.0,3.605551275463989,5.0990195135927845,6.0,0.0,0.0,0.0,0.0,0.0,0.0,0.0,0.0,0.0,0.0,0.0,2.23606797749979,1.0,3.0,4.123105625617661,6.324555320336759,7.211102550927978,9.219544457292887,10.0,11.661903789690601,13.0,14.560219778561036,15.297058540778355,15.0,15.132745950421556,16.492422502470642,15.524174696260024,14.866068747318506,12.649110640673518,9.486832980505138,6.082762530298219,2.23606797749979,4.123105625617661,9.219544457292887,14.142135623730951,19.1049731745428,21.93171219946131
1787403670.005285,-70,0.0,28.0178514522438,28.0,26.076809620810597,22.20360331117452,17.72004514666935,12.083045973594572,8.48528137423857,6.0,6.4031242374328485,9.433981132056603,11.661903789690601,13.038404810405298,15.0,15.620499351813308,15.620499351813308,14.142135623730951,13.601470508735444,13.038404810405298,12.083045973594572,10.44030650891055,8.246211251235321,5.0,4.242640687119285,5.0990195135927845,8.246211251235321,13.0,0.0,0.0,0.0,0.0,0.0,0.0,0.0,0.0,0.0,0.0,0.0,2.23606797749979,2.0,3.605551275463989,5.385164807134504,6.082762530298219,8.06225774829855,10.44030650891055,13.0,15.231546211727817,17.0,18.35755975068582,18.027756377319946,17.029386365926403,16.278820596099706,15.811388300841896,14.422205101855956,12.529964086141668,10.295630140987,8.06225774829855,5.0,3.0,5.0,9.486832980505138,14.560219778561036,19.4164878389476,22.20360331117452
1787403670.068891,-84,0.0,15.524174696260024,15.524174696260024,15.297058540778355,14.317821063276353,13.152946437965905,13.152946437965905,13.038404810405298,12.041594578792296,12.041594578792296,11.045361017187261,11.045361017187261,11.045361017187261,10.04987562112089,10.04987562112089,9.0,9.0,9.055385138137417,9.055385138137417,8.246211251235321,8.54400374531753,8.06225774829855,7.810249675906654,7.810249675906654,7.211102550927978,7.615773105863909,8.06225774829855,0.0,0.0,0.0,0.0,0.0,0.0,0.0,0.0,0.0,0.0,0.0,9.055385138137417,7.280109889280518,7.615773105863909,6.708203932499369,6.708203932499369,6.708203932499369,5.0,4.242640687119285,3.605551275463989,3.605551275463989,3.605551275463989,2.23606797749979,2.23606797749979,1.4142135623730951,2.0,3.0,3.0,4.0,6.0,8.06225774829855,9.055385138137417,9.0,11.045361017187261,12.041594578792296,12.041594578792296,12.041594578792296
1787403670.0927174,-85,0.0,16.0,16.0312195418814,17.029386365926403,17.029386365926403,17.11724276862369,18.24828759089466,17.26267650163207,16.278820596099706,15.524174696260024,15.524174696260024,14.560219778561036,13.601470508735444,13.0,12.083045973594572,10.770329614269007,10.770329614269007,10.770329614269007,10.44030650891055,10.44030650891055,9.219544457292887,10.198039027185569,10.04987562112089,10.04987562112089,10.0,10.0,11.0,0.0,0.0,0.0,0.0,0.0,0.0,0.0,0.0,0.0,0.0,0.0,5.830951894845301,6.4031242374328485,7.0710678118654755,7.810249675906654,7.810249675906654,8.06225774829855,8.06225774829855,8.06225774829855,8.06225774829855,6.708203932499369,5.830951894845301,4.123105625617661,2.8284271247461903,1.4142135623730951,1.0,2.23606797749979,5.0,7.0,9.0,11.045361017187261,13.152946437965905,14.142135623730951,15.132745950421556,17.11724276862369,17.11724276862369,17.11724276862369
1787403670.1003463,-86,0.0,15.0,15.264337522473747,15.264337522473747,15.264337522473747,14.7648230602334,15.231546211727817,14.866068747318506,14.866068747318506,13.601470508735444,13.341664064126334,12.041594578792296,12.0,11.045361017187261,11.045361017187261,10.198039027185569,9.219544457292887,9.486832980505138,8.54400374531753,8.94427190999916,8.54400374531753,8.246211251235321,8.246211251235321,8.246211251235321,8.06225774829855,9.055385138137417,9.055385138137417,0.0,0.0,0.0,0.0,0.0,0.0,0.0,0.0,0.0,0.0,0.0,9.848857801796104,9.848857801796104,8.06225774829855,6.708203932499369,5.0,5.0,4.242640687119285,4.242640687119285,3.1622776601683795,2.23606797749979,2.0,1.4142135623730951,1.4142135623730951,1.0,2.0,2.23606797749979,4.242640687119285,6.4031242374328485,7.211102550927978,8.602325267042627,10.63014581273465,11.40175425099138,12.041594578792296,12.806248474865697,13.601470508735444,14.422205101855956
1787403670.2757242,-69,0.0,26.248809496813376,24.20743687382041,21.633307652783937,18.35755975068582,14.866068747318506,11.180339887498949,6.082762530298219,5.0,6.0,9.219544457292887,11.40175425099138,12.165525060596439,14.142135623730951,15.297058540778355,16.1245154965971,16.0312195418814,15.0,14.035668847618199,12.165525060596439,10.44030650891055,8.54400374531753,6.324555320336759,2.8284271247461903,1.4142135623730951,5.0990195135927845,6.0,0.0,0.0,0.0,0.0,0.0,0.0,0.0,0.0,0.0,0.0,0.0,1.4142135623730951,0.0,1.0,3.1622776601683795,5.830951894845301,7.0710678118654755,10.0,11.661903789690601,13.892443989449804,14.7648230602334,17.46424919657298,17.08800749063506,16.76305461424021,15.524174696260024,15.132745950421556,14.035668847618199,13.0,11.0,8.0,4.0,1.4142135623730951,4.123105625617661,8.602325267042627,12.806248474865697,17.029386365926403,19.849433241279208
1787403670.2916431,-69,0.0,27.784887978899608,27.459060435491963,26.40075756488817,21.213203435596427,16.401219466856727,12.083045973594572,8.0,6.4031242374328485,7.615773105863909,9.219544457292887,11.180339887498949,14.317821063276353,18.24828759089466,19.235384061671343,19.235384061671343,20.396078054371138,18.439088914585774,16.76305461424021,14.866068747318506,13.416407864998739,10.295630140987,7.211102550927978,3.605551275463989,2.23606797749979,4.123105625617661,5.0,0.0,0.0,0.0,0.0,0.0,0.0,0.0,0.0,0.0,0.0,0.0,5.830951894845301,4.0,2.23606797749979,3.605551275463989,6.708203932499369,8.246211251235321,11.0,13.038404810405298,15.0,17.72004514666935,18.973665961010276,15.811388300841896,12.083045973594572,14.7648230602334,16.64331697709324,15.811388300841896,12.806248474865697,10.63014581273465,7.810249675906654,4.242640687119285,0.0,4.123105625617661,8.54400374531753,14.317821063276353,18.788294228055936,21.540659228538015
1787403670.3263757,-70,0.0,25.179356624028344,24.331050121192877,22.561028345356956,18.973665961010276,14.7648230602334,10.63014581273465,6.708203932499369,5.385164807134504,7.0710678118654755,9.433981132056603,11.180339887498949,12.529964086141668,13.892443989449804,15.0,15.620499351813308,14.866068747318506,14.866068747318506,14.212670403551895,12.206555615733702,11.180339887498949,8.94427190999916,5.385164807134504,2.0,1.4142135623730951,3.605551275463989,5.656854249492381,0.0,0.0,0.0,0.0,0.0,0.0,0.0,0.0,0.0,0.0,0.0,3.0,1.4142135623730951,2.23606797749979,3.605551275463989,5.0990195135927845,7.0710678118654755,10.44030650891055,11.704699910719626,14.317821063276353,15.652475842498529,17.4928556845359,16.64331697709324,16.401219466856727,16.97056274847714,17.69180601295413,17.204650534085253,14.422205101855956,12.206555615733702,9.219544457292887,6.4031242374328485,3.0,4.47213595499958,9.055385138137417,13.0,18.0,21.0
1787403670.6747332,-70,0.0,29.427877939124322,28.160255680657446,26.019223662515376,23.021728866442675,18.439088914585774,13.416407864998739,9.219544457292887,8.06225774829855,9.848857801796104,11.40175425099138,12.806248474865697,14.212670403551895,15.0,16.1245154965971,15.652475842498529,15.811388300841896,15.297058540778355,13.038404810405298,12.0,10.198039027185569,7.280109889280518,4.47213595499958,3.0,4.242640687119285,5.830951894845301,7.280109889280518,0.0,0.0,0.0,0.0,0.0,0.0,0.0,0.0,0.0,0.0,0.0,2.8284271247461903,1.4142135623730951,3.1622776601683795,5.0990195135927845,7.0710678118654755,9.0,11.40175425099138,13.601470508735444,15.811388300841896,17.08800749063506,17.88854381999832,18.027756377319946,17.029386365926403,16.278820596099706,16.401219466856727,16.1245154965971,14.7648230602334,12.083045973594572,9.433981132056603,5.656854249492381,3.0,5.0,9.848857801796104,14.560219778561036,19.6468827043885,23.53720459187964
1787403670.8658633,-70,0.0,34.132096331752024,33.015148038438355,31.016124838541646,26.1725046566048,19.924858845171276,13.601470508735444,9.848857801796104,9.0,9.848857801796104,12.206555615733702,13.45362404707371,14.866068747318506,16.401219466856727,17.0,17.46424919657298,18.027756377319946,18.681541692269406,18.24828759089466,17.029386365926403,15.033296378372908,12.041594578792296,8.54400374531753,5.656854249492381,5.0,5.830951894845301,7.211102550927978,0.0,0.0,0.0,0.0,0.0,0.0,0.0,0.0,0.0,0.0,0.0,4.47213595499958,1.0,2.23606797749979,5.385164807134504,7.0710678118654755,9.0,11.180339887498949,12.36931687685298,14.866068747318506,16.55294535724685,17.0,16.64331697709324,16.278820596099706,16.401219466856727,15.652475842498529,15.811388300841896,14.560219778561036,12.36931687685298,9.486832980505138,5.385164807134504,2.0,5.830951894845301,11.704699910719626,18.681541692269406,23.769728648009426,27.65863337187866
1787403670.8975303,-71,0.0,28.30194339616981,27.784887978899608,25.495097567963924,22.135943621178654,17.26267650163207,12.041594578792296,8.06225774829855,6.324555320336759,7.0710678118654755,9.848857801796104,11.661903789690601,12.083045973594572,12.649110640673518,13.341664064126334,13.038404810405298,14.035668847618199,14.317821063276353,13.601470508735444,12.649110640673518,11.180339887498949,8.94427190999916,5.656854249492381,3.1622776601683795,2.8284271247461903,5.0990195135927845,7.0710678118654755,0.0,0.0,0.0,0.0,0.0,0.0,0.0,0.0,0.0,0.0,0.0,2.23606797749979,1.0,3.605551275463989,6.708203932499369,8.06225774829855,10.0,12.041594578792296,13.45362404707371,15.620499351813308,17.204650534085253,18.027756377319946,17.4928556845359,16.15549442140351,15.524174696260024,15.033296378372908,15.0,14.035668847618199,11.045361017187261,8.06225774829855,5.0990195135927845,2.23606797749979,2.23606797749979,8.48528137423857,14.142135623730951,18.439088914585774,22.02271554554524
1787403671.088837,-80,0.0,15.620499351813308,14.142135623730951,14.142135623730951,14.866068747318506,13.601470508735444,14.422205101855956,15.0,13.45362404707371,12.041594578792296,11.40175425099138,9.219544457292887,9.433981132056603,10.816653826391969,11.313708498984761,12.041594578792296,10.816653826391969,8.602325267042627,8.48528137423857,8.602325267042627,7.0710678118654755,8.06225774829855,9.848857801796104,10.198039027185569,8.54400374531753,7.211102550927978,8.94427190999916,0.0,0.0,0.0,0.0,0.0,0.0,0.0,0.0,0.0,0.0,0.0,9.219544457292887,9.219544457292887,8.246211251235321,9.486832980505138,10.770329614269007,12.36931687685298,13.152946437965905,12.165525060596439,11.40175425099138,11.180339887498949,12.041594578792296,13.038404810405298,14.0,13.152946437965905,13.601470508735444,13.92838827718412,14.866068747318506,15.231546211727817,15.264337522473747,15.811388300841896,16.401219466856727,17.804493814764857,20.248456731316587,21.095023109728988,20.248456731316587,19.72308292331602
1787403671.1620135,-72,0.0,26.019223662515376,25.0,23.08679276123039,19.4164878389476,15.231546211727817,12.041594578792296,9.486832980505138,9.219544457292887,10.295630140987,12.206555615733702,14.212670403551895,14.422205101855956,16.1245154965971,16.55294535724685,17.08800749063506,16.76305461424021,16.278820596099706,15.033296378372908,14.0,13.038404810405298,9.055385138137417,6.324555320336759,2.8284271247461903,3.1622776601683795,5.0,7.615773105863909,0.0,0.0,0.0,0.0,0.0,0.0,0.0,0.0,0.0,0.0,0.0,4.242640687119285,1.4142135623730951,2.23606797749979,4.123105625617661,6.324555320336759,9.055385138137417,11.0,13.152946437965905,15.297058540778355,16.492422502470642,15.524174696260024,15.231546211727817,15.264337522473747,14.142135623730951,13.601470508735444,13.892443989449804,13.416407864998739,12.083045973594572,8.94427190999916,6.4031242374328485,3.1622776601683795,3.605551275463989,8.246211251235321,13.341664064126334,18.24828759089466,21.213203435596427
1787403671.4075239,-77,0.0,13.92838827718412,11.704699910719626,8.94427190999916,5.385164807134504,2.8284271247461903,2.23606797749979,5.0,6.4031242374328485,7.211102550927978,8.602325267042627,11.40175425099138,12.806248474865697,13.601470508735444,13.601470508735444,12.806248474865697,10.0,8.06225774829855,6.708203932499369,5.0990195135927845,3.1622776601683795,2.0,1.4142135623730951,2.23606797749979,3.605551275463989,5.0,5.830951894845301,0.0,0.0,0.0,0.0,0.0,0.0,0.0,0.0,0.0,0.0,0.0,5.0,1.0,9.848857801796104,12.083045973594572,9.219544457292887,9.433981132056603,10.770329614269007,13.038404810405298,14.0,14.317821063276353,13.341664064126334,11.0,10.04987562112089,9.0,8.06225774829855,4.0,3.0,6.082762530298219,9.219544457292887,10.44030650891055,11.704699910719626,13.92838827718412,14.560219778561036,15.811388300841896,16.76305461424021,16.76305461424021
1787403671.5264826,-80,0.0,16.492422502470642,17.08800749063506,17.08800749063506,15.524174696260024,14.560219778561036,13.601470508735444,12.36931687685298,11.40175425099138,10.44030650891055,10.198039027185569,9.219544457292887,8.246211251235321,7.0710678118654755,7.0710678118654755,7.280109889280518,6.324555320336759,6.0,6.0,6.082762530298219,6.324555320336759,5.830951894845301,4.47213595499958,4.242640687119285,5.0,5.656854249492381,5.656854249492381,0.0,0.0,0.0,0.0,0.0,0.0,0.0,0.0,0.0,0.0,0.0,10.198039027185569,12.165525060596439,11.704699910719626,12.083045973594572,10.770329614269007,10.770329614269007,11.704699910719626,13.0,12.083045973594572,12.649110640673518,13.92838827718412,15.231546211727817,15.231546211727817,16.55294535724685,17.46424919657298,17.46424919657298,17.46424919657298,17.46424919657298,18.027756377319946,18.973665961010276,19.924858845171276,19.6468827043885,18.681541692269406,18.681541692269406,17.72004514666935,16.76305461424021
1787403671.5348663,-79,0.0,18.439088914585774,18.24828759089466,17.11724276862369,16.278820596099706,14.560219778561036,12.649110640673518,11.180339887498949,10.198039027185569,8.54400374531753,8.06225774829855,9.486832980505138,9.486832980505138,8.246211251235321,6.082762530298219,6.324555320336759,7.280109889280518,6.324555320336759,5.0990195135927845,5.385164807134504,5.830951894845301,6.4031242374328485,5.830951894845301,5.385164807134504,4.242640687119285,4.242640687119285,4.47213595499958,0.0,0.0,0.0,0.0,0.0,0.0,0.0,0.0,0.0,0.0,0.0,12.36931687685298,13.92838827718412,13.92838827718412,12.165525060596439,10.44030650891055,11.180339887498949,11.180339887498949,10.44030650891055,11.40175425099138,12.36931687685298,13.0,13.892443989449804,14.866068747318506,14.866068747318506,15.231546211727817,16.55294535724685,17.88854381999832,18.027756377319946,18.681541692269406,19.924858845171276,21.18962010041709,18.681541692269406,17.46424919657298,16.492422502470642,16.492422502470642,17.72004514666935
1787403671.5348663,-80,0.0,17.11724276862369,17.11724276862369,16.1245154965971,15.524174696260024,15.811388300841896,13.601470508735444,12.36931687685298,11.704699910719626,8.246211251235321,8.06225774829855,9.055385138137417,8.246211251235321,7.280109889280518,6.324555320336759,6.082762530298219,5.0990195135927845,4.47213595499958,4.47213595499958,5.385164807134504,5.385164807134504,5.0,5.0,5.0,5.830951894845301,6.708203932499369,5.385164807134504,0.0,0.0,0.0,0.0,0.0,0.0,0.0,0.0,0.0,0.0,0.0,10.198039027185569,11.180339887498949,11.40175425099138,9.486832980505138,9.486832980505138,9.848857801796104,10.770329614269007,12.083045973594572,13.92838827718412,13.601470508735444,11.704699910719626,12.649110640673518,14.866068747318506,14.866068747318506,14.866068747318506,15.524174696260024,16.492422502470642,17.46424919657298,18.439088914585774,17.26267650163207,18.110770276274835,19.1049731745428,19.4164878389476,20.396078054371138,20.223748416156685,19.235384061671343
1787403671.5348663,-80,0.0,17.029386365926403,17.11724276862369,16.1245154965971,14.142135623730951,14.142135623730951,14.142135623730951,12.165525060596439,11.180339887498949,9.055385138137417,8.0,9.0,9.055385138137417,9.0,8.06225774829855,6.708203932499369,5.830951894845301,5.0,5.656854249492381,5.830951894845301,4.123105625617661,3.1622776601683795,3.605551275463989,4.47213595499958,3.605551275463989,4.242640687119285,5.0,0.0,0.0,0.0,0.0,0.0,0.0,0.0,0.0,0.0,0.0,0.0,10.04987562112089,8.06225774829855,8.246211251235321,9.486832980505138,10.198039027185569,11.180339887498949,12.041594578792296,13.038404810405298,13.341664064126334,12.36931687685298,12.165525060596439,13.152946437965905,13.152946437965905,14.317821063276353,15.524174696260024,15.132745950421556,16.0312195418814,17.0,16.0,17.029386365926403,18.027756377319946,18.027756377319946,18.027756377319946,18.027756377319946,17.029386365926403,18.027756377319946
1787403671.550877,-79,0.0,15.231546211727817,15.231546211727817,15.811388300841896,15.231546211727817,14.317821063276353,13.416407864998739,13.0,11.704699910719626,11.40175425099138,9.486832980505138,8.54400374531753,8.54400374531753,9.486832980505138,8.54400374531753,7.615773105863909,7.615773105863909,7.280109889280518,7.0710678118654755,6.082762530298219,6.082762530298219,6.324555320336759,6.324555320336759,6.082762530298219,5.0,6.082762530298219,6.082762530298219,0.0,0.0,0.0,0.0,0.0,0.0,0.0,0.0,0.0,0.0,0.0,10.770329614269007,9.848857801796104,10.44030650891055,10.44030650891055,11.045361017187261,11.045361017187261,11.045361017187261,11.045361017187261,11.180339887498949,12.165525060596439,12.165525060596439,13.341664064126334,14.317821063276353,14.317821063276353,14.317821063276353,15.297058540778355,15.297058540778355,15.297058540778355,15.297058540778355,15.524174696260024,15.811388300841896,16.15549442140351,16.15549442140351,15.231546211727817,16.15549442140351,17.08800749063506
1787403671.5986009,-79,0.0,12.041594578792296,12.806248474865697,14.142135623730951,15.556349186104045,15.556349186104045,14.142135623730951,13.45362404707371,14.142135623730951,14.212670403551895,12.806248474865697,12.041594578792296,10.63014581273465,11.40175425099138,10.816653826391969,9.433981132056603,8.06225774829855,8.94427190999916,8.54400374531753,7.615773105863909,8.06225774829855,8.54400374531753,9.486832980505138,8.54400374531753,7.0710678118654755,7.0,7.0710678118654755,0.0,0.0,0.0,0.0,0.0,0.0,0.0,0.0,0.0,0.0,0.0,18.027756377319946,19.026297590440446,18.24828759089466,16.76305461424021,15.811388300841896,15.524174696260024,15.524174696260024,15.524174696260024,14.317821063276353,14.317821063276353,15.297058540778355,15.297058540778355,15.132745950421556,15.033296378372908,15.033296378372908,15.132745950421556,16.0312195418814,16.0,16.0,15.033296378372908,14.142135623730951,13.152946437965905,13.341664064126334,13.0,11.661903789690601,12.206555615733702
1787403671.5986009,-89,0.0,13.892443989449804,13.892443989449804,13.892443989449804,14.7648230602334,14.7648230602334,14.7648230602334,13.892443989449804,13.416407864998739,13.416407864998739,12.529964086141668,11.661903789690601,11.180339887498949,9.433981132056603,8.54400374531753,7.280109889280518,7.0710678118654755,7.0,7.0710678118654755,6.324555320336759,6.708203932499369,7.211102550927978,7.211102550927978,7.810249675906654,7.810249675906654,7.0710678118654755,7.0710678118654755,0.0,0.0,0.0,0.0,0.0,0.0,0.0,0.0,0.0,0.0,0.0,2.0,0.0,0.0,2.0,3.1622776601683795,4.123105625617661,4.47213595499958,5.830951894845301,6.4031242374328485,7.810249675906654,8.06225774829855,8.94427190999916,8.54400374531753,9.219544457292887,9.219544457292887,10.198039027185569,10.04987562112089,10.04987562112089,10.198039027185569,10.198039027185569,9.486832980505138,10.44030650891055,9.848857801796104,10.770329614269007,9.848857801796104,10.770329614269007
1787403671.63045,-79,0.0,11.40175425099138,12.529964086141668,11.704699910719626,11.180339887498949,11.180339887498949,12.165525060596439,14.142135623730951,14.142135623730951,13.341664064126334,12.649110640673518,12.36931687685298,11.40175425099138,11.40175425099138,10.44030650891055,10.44030650891055,9.848857801796104,10.295630140987,9.433981132056603,8.602325267042627,8.602325267042627,7.810249675906654,6.4031242374328485,5.0,5.830951894845301,5.385164807134504,6.0,0.0,0.0,0.0,0.0,0.0,0.0,0.0,0.0,0.0,0.0,0.0,19.235384061671343,20.024984394500787,20.024984394500787,19.1049731745428,19.235384061671343,18.439088914585774,18.439088914585774,18.027756377319946,17.08800749063506,16.76305461424021,17.26267650163207,17.26267650163207,17.11724276862369,16.0,16.0312195418814,17.029386365926403,17.029386365926403,16.1245154965971,16.278820596099706,16.278820596099706,15.297058540778355,14.560219778561036,13.92838827718412,13.92838827718412,13.0,11.180339887498949
1787403671.63045,-78,0.0,22.20360331117452,22.80350850198276,21.2602916254693,18.439088914585774,16.401219466856727,13.892443989449804,10.770329614269007,7.280109889280518,6.324555320336759,5.0,4.123105625617661,7.0710678118654755,9.219544457292887,11.180339887498949,13.152946437965905,14.317821063276353,14.142135623730951,13.0,11.0,9.0,8.0,6.0,3.605551275463989,2.23606797749979,1.0,1.0,0.0,0.0,0.0,0.0,0.0,0.0,0.0,0.0,0.0,0.0,0.0,11.180339887498949,10.295630140987,11.40175425099138,12.041594578792296,10.295630140987,9.486832980505138,11.180339887498949,13.038404810405298,14.035668847618199,14.035668847618199,15.132745950421556,16.0312195418814,16.1245154965971,17.11724276862369,16.278820596099706,15.524174696260024,13.341664064126334,12.165525060596439,11.045361017187261,10.04987562112089,9.848857801796104,9.899494936611665,12.806248474865697,16.64331697709324,20.248456731316587,22.47220505424423
1787403671.8093212,-82,0.0,18.24828759089466,19.4164878389476,17.11724276862369,16.0312195418814,16.0312195418814,15.0,16.0,15.033296378372908,14.035668847618199,15.033296378372908,15.132745950421556,14.142135623730951,15.0,14.035668847618199,13.0,12.0,12.165525060596439,11.40175425099138,11.40175425099138,12.649110640673518,10.44030650891055,8.06225774829855,7.211102550927978,7.0710678118654755,6.324555320336759,7.0710678118654755,0.0,0.0,0.0,0.0,0.0,0.0,0.0,0.0,0.0,0.0,0.0,9.899494936611665,9.219544457292887,9.219544457292887,9.219544457292887,10.0,10.295630140987,9.486832980505138,9.219544457292887,9.219544457292887,8.54400374531753,8.06225774829855,8.602325267042627,9.219544457292887,10.63014581273465,11.313708498984761,11.313708498984761,10.63014581273465,10.816653826391969,13.0,13.92838827718412,13.92838827718412,13.341664064126334,15.132745950421556,17.11724276862369,18.110770276274835,19.235384061671343
1787403672.7456586,-84,0.0,14.212670403551895,14.866068747318506,14.142135623730951,14.866068747318506,14.866068747318506,15.0,15.811388300841896,15.264337522473747,15.264337522473747,14.7648230602334,14.7648230602334,14.7648230602334,13.892443989449804,13.892443989449804,13.892443989449804,13.038404810405298,13.038404810405298,12.206555615733702,12.806248474865697,12.727922061357855,12.041594578792296,12.206555615733702,11.661903789690601,12.083045973594572,13.0,12.649110640673518,0.0,0.0,0.0,0.0,0.0,0.0,0.0,0.0,0.0,0.0,0.0,9.486832980505138,9.219544457292887,9.0,10.04987562112089,11.180339887498949,11.704699910719626,11.704699910719626,11.704699910719626,12.083045973594572,12.083045973594572,12.083045973594572,12.083045973594572,12.529964086141668,12.529964086141668,12.083045973594572,10.770329614269007,10.770329614269007,10.770329614269007,10.44030650891055,11.045361017187261,10.0,10.04987562112089,10.44030650891055,11.704699910719626,12.649110640673518,13.0
1787403672.8299305,-70,0.0,22.627416997969522,22.67156809750927,22.02271554554524,20.615528128088304,20.0,20.248456731316587,18.35755975068582,17.0,15.264337522473747,13.892443989449804,12.529964086141668,10.816653826391969,10.0,10.0,8.602325267042627,8.602325267042627,9.219544457292887,9.219544457292887,8.602325267042627,8.06225774829855,8.06225774829855,8.602325267042627,7.810249675906654,8.48528137423857,7.0710678118654755,7.0710678118654755,0.0,0.0,0.0,0.0,0.0,0.0,0.0,0.0,0.0,0.0,0.0,8.94427190999916,7.615773105863909,7.280109889280518,6.082762530298219,5.0,5.0990195135927845,6.324555320336759,7.615773105863909,7.615773105863909,7.615773105863909,7.615773105863909,7.615773105863909,8.06225774829855,8.602325267042627,9.219544457292887,10.63014581273465,12.041594578792296,12.041594578792296,12.806248474865697,13.45362404707371,14.212670403551895,15.620499351813308,17.029386365926403,18.439088914585774,19.209372712298546,19.849433241279208
1787403674.6433027,-68,0.0,17.11724276862369,17.0,16.0,15.132745950421556,13.152946437965905,8.0,5.385164807134504,4.242640687119285,5.830951894845301,7.615773105863909,8.246211251235321,9.055385138137417,9.486832980505138,10.816653826391969,11.40175425099138,12.041594578792296,11.661903789690601,9.848857801796104,10.04987562112089,11.0,8.0,4.242640687119285,0.0,6.4031242374328485,9.486832980505138,10.44030650891055,0.0,0.0,0.0,0.0,0.0,0.0,0.0,0.0,0.0,0.0,0.0,1.0,2.0,4.0,5.0,4.47213595499958,4.242640687119285,5.385164807134504,7.0,8.246211251235321,9.848857801796104,10.816653826391969,10.63014581273465,10.0,9.848857801796104,10.44030650891055,11.045361017187261,10.0,7.0,5.0,3.1622776601683795,2.0,4.0,7.0,11.0,14.035668847618199,16.278820596099706
1787403674.6433027,-69,0.0,29.068883707497267,28.160255680657446,25.317977802344327,21.587033144922902,17.08800749063506,13.038404810405298,9.219544457292887,6.082762530298219,7.615773105863909,10.0,12.041594578792296,14.866068747318506,16.97056274847714,19.1049731745428,20.615528128088304,20.808652046684813,20.248456731316587,19.72308292331602,17.88854381999832,14.7648230602334,12.529964086141668,9.848857801796104,5.385164807134504,1.0,2.8284271247461903,5.830951894845301,0.0,0.0,0.0,0.0,0.0,0.0,0.0,0.0,0.0,0.0,0.0,3.605551275463989,3.1622776601683795,5.385164807134504,6.708203932499369,6.4031242374328485,6.082762530298219,7.615773105863909,10.295630140987,13.892443989449804,16.1245154965971,18.027756377319946,18.601075237738275,19.79898987322333,19.849433241279208,18.601075237738275,17.4928556845359,15.652475842498529,12.529964086141668,9.219544457292887,5.656854249492381,2.0,5.385164807134504,10.44030650891055,15.033296378372908,20.0,23.0
1787403675.1983764,-84,0.0,14.0,13.0,13.0,12.041594578792296,12.165525060596439,12.165525060596439,12.36931687685298,11.40175425099138,11.704699910719626,12.083045973594572,12.083045973594572,11.661903789690601,11.661903789690601,10.816653826391969,10.816653826391969,10.295630140987,10.295630140987,10.295630140987,9.848857801796104,9.486832980505138,9.486832980505138,9.219544457292887,9.055385138137417,9.0,9.0,9.0,0.0,0.0,0.0,0.0,0.0,0.0,0.0,0.0,0.0,0.0,0.0,9.055385138137417,9.055385138137417,9.219544457292887,9.486832980505138,9.848857801796104,10.295630140987,10.816653826391969,10.0,10.816653826391969,10.63014581273465,10.0,10.0,9.433981132056603,10.295630140987,10.295630140987,10.770329614269007,11.704699910719626,12.649110640673518,13.341664064126334,14.317821063276353,15.132745950421556,16.278820596099706,16.278820596099706,16.1245154965971,17.11724276862369,17.11724276862369
1787403675.389485,-71,0.0,26.476404589747453,24.515301344262525,22.80350850198276,19.924858845171276,15.652475842498529,11.313708498984761,9.486832980505138,9.055385138137417,10.295630140987,12.206555615733702,14.422205101855956,15.264337522473747,17.0,17.46424919657298,17.08800749063506,17.72004514666935,16.278820596099706,15.033296378372908,13.038404810405298,11.40175425099138,8.54400374531753,5.830951894845301,3.1622776601683795,3.605551275463989,5.385164807134504,7.0710678118654755,0.0,0.0,0.0,0.0,0.0,0.0,0.0,0.0,0.0,0.0,0.0,2.0,0.0,2.0,3.1622776601683795,4.47213595499958,5.656854249492381,8.06225774829855,10.770329614269007,12.649110640673518,15.524174696260024,16.278820596099706,16.1245154965971,16.0312195418814,16.1245154965971,15.297058540778355,14.560219778561036,13.601470508735444,11.40175425099138,9.055385138137417,6.324555320336759,6.4031242374328485,9.219544457292887,13.0,17.11724276862369,20.223748416156685,22.20360331117452
1787403675.7074924,-71,0.0,25.179356624028344,24.515301344262525,20.248456731316587,15.264337522473747,13.038404810405298,10.63014581273465,4.47213595499958,3.605551275463989,5.830951894845301,8.06225774829855,8.94427190999916,8.94427190999916,12.206555615733702,15.811388300841896,17.029386365926403,18.439088914585774,16.278820596099706,13.45362404707371,15.556349186104045,16.97056274847714,12.806248474865697,7.280109889280518,3.0,2.23606797749979,6.082762530298219,10.198039027185569,0.0,0.0,0.0,0.0,0.0,0.0,0.0,0.0,0.0,0.0,0.0,2.8284271247461903,3.605551275463989,3.1622776601683795,1.4142135623730951,3.0,5.385164807134504,8.48528137423857,10.63014581273465,13.038404810405298,12.206555615733702,10.816653826391969,13.038404810405298,15.0,15.0,16.15549442140351,14.317821063276353,11.40175425099138,7.615773105863909,3.1622776601683795,1.0,2.23606797749979,2.23606797749979,4.0,11.0,19.0,22.0
1787403675.7233756,-70,0.0,25.0,23.769728648009426,21.37755832643195,17.11724276862369,13.0,8.246211251235321,5.0,5.0990195135927845,7.211102550927978,9.899494936611665,12.041594578792296,14.212670403551895,15.811388300841896,18.867962264113206,19.72308292331602,19.72308292331602,19.235384061671343,17.88854381999832,16.15549442140351,14.560219778561036,12.36931687685298,9.219544457292887,5.0,2.23606797749979,3.1622776601683795,4.242640687119285,0.0,0.0,0.0,0.0,0.0,0.0,0.0,0.0,0.0,0.0,0.0,4.123105625617661,1.0,1.4142135623730951,2.8284271247461903,4.242640687119285,5.0,7.810249675906654,11.40175425099138,13.601470508735444,15.811388300841896,18.027756377319946,17.4928556845359,16.1245154965971,16.15549442140351,15.811388300841896,14.866068747318506,13.341664064126334,12.165525060596439,9.486832980505138,5.830951894845301,3.1622776601683795,5.656854249492381,10.0,14.7648230602334,18.788294228055936,20.615528128088304
1787403676.1228137,-69,0.0,27.730849247724095,25.495097567963924,22.847319317591726,20.248456731316587,15.524174696260024,10.0,5.830951894845301,5.0990195135927845,6.324555320336759,9.848857801796104,11.704699910719626,13.601470508735444,15.132745950421556,17.029386365926403,18.027756377319946,19.1049731745428,20.223748416156685,19.4164878389476,17.72004514666935,15.811388300841896,13.92838827718412,10.44030650891055,6.082762530298219,1.0,3.1622776601683795,6.324555320336759,0.0,0.0,0.0,0.0,0.0,0.0,0.0,0.0,0.0,0.0,0.0,4.47213595499958,4.242640687119285,3.0,2.23606797749979,4.0,6.324555320336759,9.433981132056603,12.806248474865697,14.866068747318506,17.69180601295413,19.79898987322333,20.518284528683193,20.615528128088304,20.808652046684813,20.248456731316587,19.235384061671343,17.88854381999832,14.7648230602334,12.206555615733702,9.219544457292887,7.280109889280518,8.246211251235321,12.206555615733702,17.029386365926403,20.808652046684813,23.853720883753127
1787403676.3138747,-70,0.0,29.068883707497267,28.653097563788805,26.076809620810597,22.20360331117452,16.278820596099706,11.661903789690601,8.06225774829855,6.4031242374328485,7.615773105863909,10.198039027185569,12.36931687685298,13.92838827718412,16.55294535724685,18.35755975068582,18.867962264113206,19.4164878389476,20.615528128088304,19.1049731745428,17.69180601295413,15.0,13.038404810405298,10.295630140987,7.280109889280518,4.123105625617661,4.47213595499958,6.0,0.0,0.0,0.0,0.0,0.0,0.0,0.0,0.0,0.0,0.0,0.0,1.0,2.23606797749979,5.0,5.0990195135927845,5.0,5.830951894845301,8.246211251235321,11.045361017187261,14.0,17.0,18.027756377319946,18.110770276274835,17.26267650163207,17.72004514666935,17.08800749063506,16.55294535724685,14.317821063276353,12.083045973594572,9.486832980505138,6.0,5.656854249492381,8.06225774829855,12.165525060596439,17.72004514666935,22.47220505424423,24.698178070456937
1787403676.4924343,-77,0.0,19.235384061671343,20.615528128088304,21.18962010041709,19.313207915827967,19.313207915827967,20.615528128088304,21.540659228538015,20.8806130178211,18.681541692269406,15.524174696260024,12.36931687685298,9.486832980505138,5.830951894845301,4.123105625617661,4.47213595499958,6.4031242374328485,8.06225774829855,8.54400374531753,10.44030650891055,12.083045973594572,13.038404810405298,13.038404810405298,11.661903789690601,10.295630140987,9.433981132056603,9.433981132056603,0.0,0.0,0.0,0.0,0.0,0.0,0.0,0.0,0.0,0.0,0.0,7.211102550927978,8.06225774829855,7.615773105863909,6.4031242374328485,5.830951894845301,5.0,4.242640687119285,5.830951894845301,7.615773105863909,10.198039027185569,12.041594578792296,13.038404810405298,14.0,15.132745950421556,16.1245154965971,17.11724276862369,17.11724276862369,17.26267650163207,16.1245154965971,14.142135623730951,10.198039027185569,7.280109889280518,6.082762530298219,4.47213595499958,4.123105625617661,4.123105625617661
1787403676.505469,-69,0.0,24.186773244895647,23.323807579381203,22.47220505424423,20.0,16.278820596099706,11.40175425099138,7.615773105863909,4.47213595499958,5.0990195135927845,8.0,9.0,11.045361017187261,13.341664064126334,14.560219778561036,15.811388300841896,16.15549442140351,15.652475842498529,15.264337522473747,14.422205101855956,14.212670403551895,12.041594578792296,8.48528137423857,5.0,2.23606797749979,2.0,4.47213595499958,0.0,0.0,0.0,0.0,0.0,0.0,0.0,0.0,0.0,0.0,0.0,2.0,1.0,2.8284271247461903,4.242640687119285,6.4031242374328485,6.708203932499369,8.54400374531753,11.180339887498949,14.142135623730951,15.033296378372908,17.029386365926403,17.0,16.1245154965971,15.297058540778355,14.560219778561036,13.92838827718412,13.0,11.704699910719626,9.219544457292887,6.0,3.605551275463989,6.082762530298219,9.219544457292887,13.92838827718412,18.788294228055936,21.470910553583888
1787403676.8570287,-71,0.0,22.67156809750927,22.02271554554524,20.0,18.867962264113206,15.811388300841896,12.041594578792296,7.0710678118654755,5.0,7.0,9.486832980505138,11.40175425099138,14.317821063276353,16.1245154965971,17.11724276862369,18.110770276274835,18.027756377319946,18.0,17.029386365926403,16.1245154965971,14.317821063276353,12.36931687685298,9.219544457292887,6.324555320336759,2.8284271247461903,2.8284271247461903,4.47213595499958,0.0,0.0,0.0,0.0,0.0,0.0,0.0,0.0,0.0,0.0,0.0,3.0,1.0,2.8284271247461903,5.656854249492381,6.4031242374328485,8.06225774829855,10.44030650891055,13.341664064126334,16.278820596099706,18.110770276274835,19.1049731745428,18.027756377319946,18.0,17.11724276862369,16.278820596099706,15.524174696260024,14.560219778561036,12.36931687685298,9.219544457292887,6.0,3.1622776601683795,4.0,8.06225774829855,12.727922061357855,16.278820596099706,19.1049731745428
1787403676.909104,-70,0.0,23.021728866442675,23.021728866442675,22.0,19.026297590440446,16.278820596099706,12.529964086141668,9.219544457292887,8.0,8.94427190999916,10.816653826391969,12.206555615733702,14.422205101855956,16.64331697709324,18.027756377319946,18.35755975068582,20.12461179749811,20.248456731316587,18.973665961010276,16.492422502470642,14.317821063276353,11.180339887498949,9.055385138137417,6.082762530298219,3.605551275463989,2.23606797749979,4.242640687119285,0.0,0.0,0.0,0.0,0.0,0.0,0.0,0.0,0.0,0.0,0.0,2.8284271247461903,1.4142135623730951,3.1622776601683795,4.123105625617661,5.0990195135927845,7.0710678118654755,9.486832980505138,12.083045973594572,14.317821063276353,16.1245154965971,16.64331697709324,17.204650534085253,16.278820596099706,15.620499351813308,14.422205101855956,14.7648230602334,13.892443989449804,12.529964086141668,9.433981132056603,7.0710678118654755,4.123105625617661,4.242640687119285,8.54400374531753,13.341664064126334,17.26267650163207,19.235384061671343
1787403677.4209418,-71,0.0,18.681541692269406,19.924858845171276,19.313207915827967,18.384776310850235,18.788294228055936,17.88854381999832,16.1245154965971,14.422205101855956,13.038404810405298,11.661903789690601,10.295630140987,10.770329614269007,10.44030650891055,10.44030650891055,10.770329614269007,10.770329614269007,11.40175425099138,11.40175425099138,10.44030650891055,9.848857801796104,8.54400374531753,9.848857801796104,11.180339887498949,10.770329614269007,9.848857801796104,9.848857801796104,0.0,0.0,0.0,0.0,0.0,0.0,0.0,0.0,0.0,0.0,0.0,5.830951894845301,5.0,4.242640687119285,5.830951894845301,6.324555320336759,6.324555320336759,6.324555320336759,8.246211251235321,9.219544457292887,8.246211251235321,6.324555320336759,7.615773105863909,9.486832980505138,11.40175425099138,14.317821063276353,12.36931687685298,11.180339887498949,10.0,10.0,12.165525060596439,14.317821063276353,15.297058540778355,15.297058540778355,17.26267650163207,18.24828759089466,18.24828759089466
1787403678.4501665,-70,0.0,20.808652046684813,20.808652046684813,21.400934559032695,20.615528128088304,20.518284528683193,20.518284528683193,17.804493814764857,16.401219466856727,15.0,14.422205101855956,13.601470508735444,11.40175425099138,10.63014581273465,12.041594578792296,11.313708498984761,9.219544457292887,7.810249675906654,7.810249675906654,7.810249675906654,8.06225774829855,8.94427190999916,8.94427190999916,8.06225774829855,8.06225774829855,8.602325267042627,8.94427190999916,0.0,0.0,0.0,0.0,0.0,0.0,0.0,0.0,0.0,0.0,0.0,9.055385138137417,8.246211251235321,7.615773105863909,8.06225774829855,8.602325267042627,8.602325267042627,9.433981132056603,10.295630140987,11.661903789690601,12.206555615733702,11.661903789690601,10.295630140987,10.295630140987,10.816653826391969,10.63014581273465,11.313708498984761,12.041594578792296,12.041594578792296,12.206555615733702,13.601470508735444,13.601470508735444,14.422205101855956,15.264337522473747,17.0,17.88854381999832,18.35755975068582
1787403678.5461655,-71,0.0,21.470910553583888,20.12461179749811,20.12461179749811,20.591260281974,18.867962264113206,17.204650534085253,17.029386365926403,16.401219466856727,15.0,14.422205101855956,12.206555615733702,9.219544457292887,9.219544457292887,9.219544457292887,7.810249675906654,7.810249675906654,8.602325267042627,8.06225774829855,7.615773105863909,8.54400374531753,8.54400374531753,8.246211251235321,7.280109889280518,7.280109889280518,6.324555320336759,7.280109889280518,0.0,0.0,0.0,0.0,0.0,0.0,0.0,0.0,0.0,0.0,0.0,8.246211251235321,7.280109889280518,6.708203932499369,7.211102550927978,7.810249675906654,7.810249675906654,8.48528137423857,8.602325267042627,10.0,9.219544457292887,10.63014581273465,10.63014581273465,9.219544457292887,7.0710678118654755,7.810249675906654,8.602325267042627,8.54400374531753,9.219544457292887,9.486832980505138,10.44030650891055,11.704699910719626,11.661903789690601,12.806248474865697,14.7648230602334,15.811388300841896,16.55294535724685
1787403679.3928277,-69,0.0,23.706539182259394,23.259406699226016,21.18962010041709,17.46424919657298,14.142135623730951,10.0,7.280109889280518,5.830951894845301,7.0,9.219544457292887,11.180339887498949,13.038404810405298,15.033296378372908,16.1245154965971,17.11724276862369,17.029386365926403,16.0,15.811388300841896,16.278820596099706,13.601470508735444,10.44030650891055,7.615773105863909,4.242640687119285,2.0,4.47213595499958,8.06225774829855,0.0,0.0,0.0,0.0,0.0,0.0,0.0,0.0,0.0,0.0,0.0,2.0,1.0,2.8284271247461903,3.1622776601683795,5.0990195135927845,6.708203932499369,9.433981132056603,12.041594578792296,14.866068747318506,16.278820596099706,17.69180601295413,17.69180601295413,16.97056274847714,15.620499351813308,15.264337522473747,13.892443989449804,12.083045973594572,9.848857801796104,7.211102550927978,5.0,4.0,5.830951894845301,9.219544457292887,13.038404810405298,17.4928556845359,19.235384061671343
1787403679.9184082,-78,0.0,10.816653826391969,8.246211251235321,8.246211251235321,10.295630140987,11.40175425099138,14.212670403551895,15.0,16.64331697709324,16.64331697709324,16.1245154965971,15.231546211727817,13.92838827718412,12.649110640673518,11.40175425099138,9.486832980505138,6.324555320336759,4.47213595499958,3.605551275463989,5.385164807134504,6.708203932499369,7.211102550927978,8.06225774829855,8.94427190999916,8.94427190999916,10.295630140987,11.661903789690601,0.0,0.0,0.0,0.0,0.0,0.0,0.0,0.0,0.0,0.0,0.0,7.810249675906654,9.433981132056603,10.0,9.899494936611665,10.0,10.0,8.602325267042627,8.06225774829855,7.615773105863909,5.385164807134504,4.0,4.123105625617661,4.47213595499958,6.4031242374328485,7.810249675906654,10.63014581273465,12.806248474865697,15.620499351813308,19.1049731745428,21.213203435596427,22.627416997969522,24.08318915758459,23.021728866442675,21.633307652783937,20.0,17.804493814764857
1787403679.94415,-78,0.0,9.219544457292887,8.54400374531753,10.0,12.806248474865697,15.0,16.401219466856727,18.384776310850235,18.439088914585774,18.601075237738275,18.867962264113206,17.46424919657298,16.76305461424021,14.560219778561036,13.601470508735444,11.704699910719626,10.295630140987,7.810249675906654,7.280109889280518,6.0,7.0710678118654755,8.54400374531753,9.433981132056603,9.433981132056603,8.94427190999916,11.180339887498949,13.0,0.0,0.0,0.0,0.0,0.0,0.0,0.0,0.0,0.0,0.0,0.0,9.219544457292887,9.219544457292887,9.219544457292887,8.94427190999916,8.54400374531753,7.0710678118654755,7.0710678118654755,7.0,6.082762530298219,5.0990195135927845,5.830951894845301,6.4031242374328485,7.211102550927978,8.94427190999916,11.180339887498949,13.0,15.652475842498529,17.88854381999832,20.591260281974,22.47220505424423,22.20360331117452,22.20360331117452,22.20360331117452,20.0,17.204650534085253,15.811388300841896
1787403679.950026,-78,0.0,6.324555320336759,7.0710678118654755,9.433981132056603,12.041594578792296,14.212670403551895,17.204650534085253,18.867962264113206,19.235384061671343,18.384776310850235,18.681541692269406,18.24828759089466,17.029386365926403,15.0,13.038404810405298,10.04987562112089,7.280109889280518,5.830951894845301,5.830951894845301,7.0,8.06225774829855,9.486832980505138,9.486832980505138,10.770329614269007,11.704699910719626,11.704699910719626,12.36931687685298,0.0,0.0,0.0,0.0,0.0,0.0,0.0,0.0,0.0,0.0,0.0,8.94427190999916,10.0,9.219544457292887,9.219544457292887,8.48528137423857,8.48528137423857,7.810249675906654,6.708203932499369,7.280109889280518,7.280109889280518,6.082762530298219,5.0,5.385164807134504,7.211102550927978,8.602325267042627,10.63014581273465,14.212670403551895,17.804493814764857,20.0,21.400934559032695,21.400934559032695,21.095023109728988,20.591260281974,19.4164878389476,17.204650534085253,16.401219466856727
1787403680.1259136,-84,0.0,10.04987562112089,10.0,11.180339887498949,11.704699910719626,12.529964086141668,13.601470508735444,15.0,15.620499351813308,16.401219466856727,15.620499351813308,15.620499351813308,13.45362404707371,12.041594578792296,9.219544457292887,7.211102550927978,5.0990195135927845,4.123105625617661,6.4031242374328485,7.0710678118654755,8.602325267042627,9.219544457292887,9.219544457292887,9.219544457292887,8.48528137423857,8.48528137423857,7.810249675906654,0.0,0.0,0.0,0.0,0.0,0.0,0.0,0.0,0.0,0.0,0.0,4.0,4.47213595499958,4.242640687119285,5.0,6.708203932499369,7.615773105863909,7.615773105863909,6.708203932499369,6.708203932499369,5.830951894845301,5.0,4.123105625617661,3.1622776601683795,5.0,6.324555320336759,8.06225774829855,10.0,12.041594578792296,13.152946437965905,12.165525060596439,12.165525060596439,12.041594578792296,11.0,10.0,10.04987562112089,9.486832980505138
1787403680.301852,-78,0.0,10.63014581273465,12.041594578792296,14.212670403551895,17.204650534085253,19.72308292331602,21.02379604162864,21.18962010041709,19.924858845171276,18.681541692269406,17.46424919657298,16.278820596099706,15.132745950421556,13.038404810405298,10.198039027185569,8.06225774829855,6.4031242374328485,6.082762530298219,7.280109889280518,8.94427190999916,9.848857801796104,8.94427190999916,9.433981132056603,9.219544457292887,7.810249675906654,7.0710678118654755,6.4031242374328485,0.0,0.0,0.0,0.0,0.0,0.0,0.0,0.0,0.0,0.0,0.0,10.770329614269007,10.770329614269007,10.816653826391969,10.63014581273465,10.816653826391969,8.54400374531753,8.06225774829855,7.280109889280518,7.615773105863909,8.06225774829855,8.48528137423857,9.219544457292887,10.63014581273465,11.313708498984761,11.313708498984761,12.727922061357855,14.212670403551895,14.422205101855956,14.7648230602334,13.892443989449804,12.083045973594572,10.770329614269007,8.54400374531753,5.830951894845301,3.605551275463989,3.0
1787403680.301852,-77,0.0,9.0,14.560219778561036,17.72004514666935,20.09975124224178,23.08679276123039,23.345235059857504,24.041630560342615,24.166091947189145,22.47220505424423,19.1049731745428,17.204650534085253,15.811388300841896,13.601470508735444,10.63014581273465,8.602325267042627,7.810249675906654,5.830951894845301,6.082762530298219,10.04987562112089,13.341664064126334,13.92838827718412,12.529964086141668,12.529964086141668,12.529964086141668,9.848857801796104,8.06225774829855,0.0,0.0,0.0,0.0,0.0,0.0,0.0,0.0,0.0,0.0,0.0,10.816653826391969,9.055385138137417,11.180339887498949,13.601470508735444,13.0,9.848857801796104,9.219544457292887,11.661903789690601,9.486832980505138,7.211102550927978,8.602325267042627,12.083045973594572,12.165525060596439,7.280109889280518,7.810249675906654,12.529964086141668,14.7648230602334,14.866068747318506,15.811388300841896,17.204650534085253,16.278820596099706,12.806248474865697,7.615773105863909,5.830951894845301,5.0,7.0
1787403680.3338192,-75,0.0,10.44030650891055,10.770329614269007,12.649110640673518,13.341664064126334,13.152946437965905,15.0,15.297058540778355,15.811388300841896,17.08800749063506,16.76305461424021,14.866068747318506,13.92838827718412,11.40175425099138,8.246211251235321,8.54400374531753,6.324555320336759,3.0,3.0,7.0,8.0,8.246211251235321,8.94427190999916,9.219544457292887,10.04987562112089,9.055385138137417,5.830951894845301,0.0,0.0,0.0,0.0,0.0,0.0,0.0,0.0,0.0,0.0,0.0,6.082762530298219,6.082762530298219,5.0,5.0,5.0,5.0,5.830951894845301,6.0,6.082762530298219,6.0,8.06225774829855,7.615773105863909,8.94427190999916,9.848857801796104,9.848857801796104,9.219544457292887,10.0,12.041594578792296,13.0,10.0,8.0,9.055385138137417,10.198039027185569,5.830951894845301,5.830951894845301,8.94427190999916
1787403680.4937828,-70,0.0,27.202941017470888,26.627053911388696,24.698178070456937,21.02379604162864,16.15549442140351,11.180339887498949,7.0710678118654755,5.656854249492381,6.082762530298219,8.246211251235321,10.198039027185569,12.165525060596439,14.035668847618199,16.0,16.0312195418814,16.1245154965971,16.278820596099706,14.560219778561036,13.92838827718412,12.083045973594572,9.848857801796104,6.708203932499369,3.605551275463989,1.0,3.0,5.0990195135927845,0.0,0.0,0.0,0.0,0.0,0.0,0.0,0.0,0.0,0.0,0.0,2.23606797749979,2.23606797749979,4.0,6.0,7.0710678118654755,8.54400374531753,10.295630140987,11.40175425099138,13.45362404707371,14.866068747318506,15.556349186104045,15.620499351813308,15.264337522473747,15.231546211727817,14.560219778561036,13.341664064126334,12.165525060596439,9.219544457292887,6.708203932499369,4.242640687119285,4.0,6.4031242374328485,9.899494936611665,14.866068747318506,19.849433241279208,22.80350850198276
1787403680.7162685,-72,0.0,26.248809496813376,25.298221281347036,22.847319317591726,20.591260281974,15.811388300841896,12.041594578792296,8.54400374531753,6.082762530298219,7.0710678118654755,9.219544457292887,12.206555615733702,15.0,16.278820596099706,17.804493814764857,18.601075237738275,18.601075237738275,17.69180601295413,16.278820596099706,14.866068747318506,12.041594578792296,10.0,6.4031242374328485,2.8284271247461903,1.4142135623730951,4.47213595499958,5.830951894845301,0.0,0.0,0.0,0.0,0.0,0.0,0.0,0.0,0.0,0.0,0.0,3.0,1.0,2.8284271247461903,4.47213595499958,6.708203932499369,8.54400374531753,10.44030650891055,12.165525060596439,14.142135623730951,15.132745950421556,16.0312195418814,15.033296378372908,15.297058540778355,14.866068747318506,13.416407864998739,13.038404810405298,10.816653826391969,10.0,7.810249675906654,5.0,2.0,3.0,8.06225774829855,12.165525060596439,16.278820596099706,19.4164878389476
1787403680.8158145,-70,0.0,23.021728866442675,23.021728866442675,22.0,19.026297590440446,15.297058540778355,10.770329614269007,7.810249675906654,6.324555320336759,7.0710678118654755,8.54400374531753,10.295630140987,12.529964086141668,14.7648230602334,15.652475842498529,15.652475842498529,15.231546211727817,13.92838827718412,12.649110640673518,11.180339887498949,9.055385138137417,7.0,4.0,2.0,1.0,4.0,5.0990195135927845,0.0,0.0,0.0,0.0,0.0,0.0,0.0,0.0,0.0,0.0,0.0,4.123105625617661,2.23606797749979,2.0,2.8284271247461903,5.0,6.4031242374328485,7.615773105863909,9.219544457292887,11.0,12.041594578792296,12.041594578792296,12.36931687685298,13.0,12.529964086141668,11.40175425099138,11.313708498984761,10.63014581273465,9.899494936611665,8.602325267042627,5.656854249492381,2.23606797749979,2.23606797749979,6.082762530298219,10.04987562112089,14.142135623730951,17.11724276862369
1787403680.8274386,-69,0.0,29.120439557122072,28.460498941515414,26.92582403567252,24.166091947189145,19.72308292331602,14.866068747318506,10.295630140987,8.0,8.94427190999916,10.63014581273465,12.727922061357855,14.866068747318506,17.029386365926403,17.69180601295413,19.1049731745428,18.439088914585774,17.804493814764857,16.64331697709324,13.892443989449804,10.770329614269007,8.246211251235321,6.082762530298219,2.0,1.4142135623730951,4.123105625617661,7.0,0.0,0.0,0.0,0.0,0.0,0.0,0.0,0.0,0.0,0.0,0.0,3.1622776601683795,1.0,3.1622776601683795,5.0990195135927845,5.385164807134504,7.810249675906654,9.899494936611665,11.40175425099138,13.892443989449804,15.652475842498529,16.15549442140351,15.524174696260024,14.035668847618199,14.142135623730951,14.560219778561036,14.866068747318506,13.92838827718412,12.083045973594572,8.94427190999916,5.0990195135927845,3.1622776601683795,4.123105625617661,9.055385138137417,13.341664064126334,18.027756377319946,21.840329667841555
1787403680.8451595,-69,0.0,27.202941017470888,27.51363298439521,26.0,22.360679774997898,18.027756377319946,12.727922061357855,8.94427190999916,7.0,7.211102550927978,8.602325267042627,10.816653826391969,13.601470508735444,15.620499351813308,17.804493814764857,18.439088914585774,17.69180601295413,16.97056274847714,14.866068747318506,12.206555615733702,9.433981132056603,6.708203932499369,4.47213595499958,1.4142135623730951,2.23606797749979,5.385164807134504,7.615773105863909,0.0,0.0,0.0,0.0,0.0,0.0,0.0,0.0,0.0,0.0,0.0,3.605551275463989,2.23606797749979,2.8284271247461903,4.47213595499958,7.211102550927978,8.48528137423857,10.0,11.661903789690601,14.317821063276353,15.231546211727817,15.811388300841896,16.492422502470642,15.033296378372908,15.132745950421556,15.524174696260024,14.866068747318506,13.92838827718412,12.083045973594572,9.848857801796104,6.082762530298219,3.1622776601683795,4.123105625617661,8.06225774829855,12.36931687685298,17.46424919657298,20.615528128088304
1787403680.874459,-69,0.0,30.083217912982647,29.832867780352597,27.459060435491963,24.186773244895647,20.024984394500787,15.132745950421556,9.848857801796104,7.211102550927978,8.0,10.44030650891055,12.649110640673518,15.811388300841896,18.027756377319946,18.384776310850235,20.248456731316587,20.248456731316587,19.924858845171276,17.46424919657298,14.142135623730951,11.045361017187261,8.06225774829855,5.0990195135927845,2.23606797749979,2.23606797749979,5.0,7.0,0.0,0.0,0.0,0.0,0.0,0.0,0.0,0.0,0.0,0.0,0.0,3.605551275463989,1.4142135623730951,1.4142135623730951,2.23606797749979,6.0,10.0,13.0,15.297058540778355,16.76305461424021,18.027756377319946,17.46424919657298,16.55294535724685,15.264337522473747,15.556349186104045,16.64331697709324,16.1245154965971,13.416407864998739,10.770329614269007,8.94427190999916,5.830951894845301,2.8284271247461903,4.47213595499958,8.602325267042627,14.866068747318506,19.924858845171276,22.47220505424423
1787403680.874459,-69,0.0,25.019992006393608,24.020824298928627,23.0,20.09975124224178,16.278820596099706,11.704699910719626,7.211102550927978,5.385164807134504,5.0990195135927845,6.708203932499369,9.433981132056603,10.295630140987,13.038404810405298,13.892443989449804,15.264337522473747,14.7648230602334,13.416407864998739,11.704699910719626,11.40175425099138,10.198039027185569,7.0710678118654755,4.0,1.4142135623730951,2.8284271247461903,5.385164807134504,7.280109889280518,0.0,0.0,0.0,0.0,0.0,0.0,0.0,0.0,0.0,0.0,0.0,0.0,2.8284271247461903,5.0,5.830951894845301,6.708203932499369,7.615773105863909,8.246211251235321,10.04987562112089,12.041594578792296,13.0,15.033296378372908,15.132745950421556,13.601470508735444,12.529964086141668,12.206555615733702,12.041594578792296,12.041594578792296,10.63014581273465,8.602325267042627,5.385164807134504,4.123105625617661,4.47213595499958,8.06225774829855,12.041594578792296,16.1245154965971,19.1049731745428
1787403680.9088147,-72,0.0,24.186773244895647,23.08679276123039,22.02271554554524,19.0,16.1245154965971,11.40175425099138,7.211102550927978,5.385164807134504,6.324555320336759,8.602325267042627,10.0,12.206555615733702,15.0,15.811388300841896,16.64331697709324,16.64331697709324,15.264337522473747,14.7648230602334,12.083045973594572,9.848857801796104,7.280109889280518,4.123105625617661,1.0,3.1622776601683795,6.082762530298219,8.06225774829855,0.0,0.0,0.0,0.0,0.0,0.0,0.0,0.0,0.0,0.0,0.0,2.23606797749979,1.0,2.23606797749979,4.47213595499958,6.324555320336759,8.06225774829855,10.04987562112089,13.341664064126334,14.866068747318506,15.811388300841896,16.15549442140351,16.55294535724685,15.264337522473747,15.620499351813308,14.866068747318506,15.0,13.601470508735444,11.40175425099138,8.602325267042627,5.656854249492381,3.0,5.0,7.615773105863909,11.40175425099138,15.297058540778355,19.4164878389476
1787403681.0181277,-70,0.0,26.1725046566048,25.317977802344327,23.53720459187964,19.924858845171276,15.652475842498529,12.041594578792296,8.06225774829855,7.0,7.615773105863909,9.219544457292887,10.63014581273465,13.601470508735444,15.811388300841896,18.027756377319946,18.027756377319946,17.204650534085253,17.204650534085253,16.1245154965971,13.0,10.44030650891055,7.280109889280518,4.123105625617661,2.23606797749979,1.4142135623730951,4.123105625617661,5.0990195135927845,0.0,0.0,0.0,0.0,0.0,0.0,0.0,0.0,0.0,0.0,0.0,3.1622776601683795,1.0,1.4142135623730951,3.605551275463989,5.830951894845301,7.280109889280518,10.04987562112089,12.041594578792296,13.0,15.033296378372908,16.1245154965971,16.278820596099706,15.811388300841896,15.652475842498529,15.264337522473747,14.212670403551895,13.45362404707371,10.63014581273465,7.810249675906654,5.0,2.0,4.123105625617661,8.0,13.0,17.0,20.0
1787403681.14584,-69,0.0,27.018512172212592,26.40075756488817,24.413111231467404,21.095023109728988,17.46424919657298,13.152946437965905,10.198039027185569,8.06225774829855,8.06225774829855,10.44030650891055,12.649110640673518,14.560219778561036,15.811388300841896,17.72004514666935,18.973665961010276,18.384776310850235,16.55294535724685,14.7648230602334,11.661903789690601,10.0,8.48528137423857,5.656854249492381,2.23606797749979,2.0,4.242640687119285,5.656854249492381,0.0,0.0,0.0,0.0,0.0,0.0,0.0,0.0,0.0,0.0,0.0,3.1622776601683795,1.0,2.0,4.0,6.082762530298219,8.54400374531753,8.94427190999916,11.40175425099138,13.45362404707371,15.556349186104045,16.278820596099706,16.401219466856727,14.7648230602334,14.866068747318506,15.297058540778355,15.033296378372908,13.038404810405298,11.0,9.0,5.0990195135927845,3.1622776601683795,5.385164807134504,9.899494936611665,14.212670403551895,19.209372712298546,22.02271554554524
1787403681.2247107,-69,0.0,30.610455730027933,28.319604517012593,27.586228448267445,26.1725046566048,21.400934559032695,14.7648230602334,10.198039027185569,8.06225774829855,8.602325267042627,9.433981132056603,11.40175425099138,14.866068747318506,16.15549442140351,16.55294535724685,17.0,17.0,17.0,13.892443989449804,11.40175425099138,8.48528137423857,5.830951894845301,3.1622776601683795,2.0,4.47213595499958,7.211102550927978,8.602325267042627,0.0,0.0,0.0,0.0,0.0,0.0,0.0,0.0,0.0,0.0,0.0,2.23606797749979,2.0,4.47213595499958,6.708203932499369,8.602325267042627,11.313708498984761,12.806248474865697,15.264337522473747,17.88854381999832,19.235384061671343,19.697715603592208,18.681541692269406,18.027756377319946,17.029386365926403,16.278820596099706,16.76305461424021,15.524174696260024,14.560219778561036,11.40175425099138,8.0,4.242640687119285,7.0,11.704699910719626,18.027756377319946,22.20360331117452,24.596747752497688
1787403681.2247107,-72,0.0,27.16615541441225,27.16615541441225,25.317977802344327,22.80350850198276,18.384776310850235,13.892443989449804,9.899494936611665,7.280109889280518,7.280109889280518,9.433981132056603,10.816653826391969,13.038404810405298,15.264337522473747,16.1245154965971,16.64331697709324,16.64331697709324,14.7648230602334,13.0,10.770329614269007,9.219544457292887,6.0,3.1622776601683795,1.0,3.605551275463989,6.324555320336759,8.246211251235321,0.0,0.0,0.0,0.0,0.0,0.0,0.0,0.0,0.0,0.0,0.0,2.23606797749979,0.0,2.8284271247461903,5.656854249492381,7.810249675906654,10.295630140987,12.083045973594572,13.601470508735444,15.297058540778355,17.11724276862369,17.029386365926403,17.029386365926403,16.278820596099706,15.811388300841896,15.652475842498529,15.264337522473747,15.0,12.806248474865697,10.0,6.708203932499369,4.123105625617661,5.385164807134504,10.04987562112089,14.035668847618199,19.026297590440446,21.095023109728988
1787403681.6251283,-71,0.0,20.223748416156685,21.37755832643195,22.80350850198276,21.18962010041709,20.248456731316587,19.697715603592208,17.88854381999832,15.652475842498529,13.416407864998739,12.529964086141668,12.083045973594572,10.770329614269007,10.770329614269007,10.770329614269007,10.44030650891055,9.848857801796104,9.486832980505138,8.54400374531753,8.246211251235321,7.280109889280518,7.0710678118654755,8.06225774829855,8.06225774829855,7.0710678118654755,7.0710678118654755,7.0710678118654755,0.0,0.0,0.0,0.0,0.0,0.0,0.0,0.0,0.0,0.0,0.0,9.848857801796104,8.94427190999916,8.06225774829855,7.211102550927978,7.211102550927978,7.0710678118654755,7.810249675906654,7.810249675906654,8.48528137423857,8.48528137423857,8.48528137423857,8.602325267042627,8.602325267042627,8.94427190999916,9.486832980505138,9.486832980505138,11.40175425099138,11.40175425099138,12.165525060596439,11.180339887498949,12.165525060596439,13.152946437965905,14.035668847618199,15.033296378372908,17.029386365926403,18.027756377319946
1787403681.6388228,-71,0.0,24.186773244895647,24.186773244895647,23.345235059857504,23.769728648009426,23.40939982143925,21.540659228538015,19.313207915827967,16.55294535724685,14.317821063276353,13.92838827718412,12.649110640673518,11.40175425099138,11.40175425099138,11.40175425099138,11.180339887498949,11.180339887498949,10.198039027185569,10.04987562112089,9.0,8.0,9.0,9.055385138137417,8.06225774829855,8.06225774829855,8.06225774829855,8.06225774829855,0.0,0.0,0.0,0.0,0.0,0.0,0.0,0.0,0.0,0.0,0.0,9.848857801796104,8.54400374531753,7.615773105863909,7.211102550927978,7.0710678118654755,7.810249675906654,8.602325267042627,8.602325267042627,8.602325267042627,8.602325267042627,8.602325267042627,8.94427190999916,8.54400374531753,9.486832980505138,10.44030650891055,11.40175425099138,12.36931687685298,13.152946437965905,14.142135623730951,14.142135623730951,15.033296378372908,15.033296378372908,16.0312195418814,18.027756377319946,19.026297590440446,19.026297590440446
1787403681.6442945,-71,0.0,22.02271554554524,22.090722034374522,22.20360331117452,21.37755832643195,20.615528128088304,19.924858845171276,17.46424919657298,15.652475842498529,14.317821063276353,13.0,11.704699910719626,11.704699910719626,11.40175425099138,11.180339887498949,11.40175425099138,10.770329614269007,9.486832980505138,8.246211251235321,7.0710678118654755,8.06225774829855,8.0,7.0710678118654755,8.06225774829855,8.0,7.0710678118654755,6.0,0.0,0.0,0.0,0.0,0.0,0.0,0.0,0.0,0.0,0.0,0.0,9.848857801796104,8.94427190999916,7.615773105863909,7.211102550927978,6.4031242374328485,6.4031242374328485,6.4031242374328485,7.810249675906654,7.810249675906654,8.602325267042627,9.433981132056603,8.94427190999916,7.615773105863909,8.246211251235321,9.055385138137417,10.04987562112089,11.045361017187261,12.165525060596439,13.341664064126334,14.142135623730951,14.142135623730951,14.142135623730951,16.1245154965971,17.029386365926403,18.0,19.0
1787403681.8938997,-76,0.0,5.830951894845301,4.123105625617661,5.0,3.605551275463989,8.246211251235321,8.94427190999916,10.295630140987,12.165525060596439,15.0,16.492422502470642,18.027756377319946,17.204650534085253,15.231546211727817,13.92838827718412,12.083045973594572,12.649110640673518,10.04987562112089,6.082762530298219,5.0,3.1622776601683795,2.23606797749979,5.0,7.810249675906654,7.211102550927978,7.280109889280518,9.055385138137417,0.0,0.0,0.0,0.0,0.0,0.0,0.0,0.0,0.0,0.0,0.0,7.280109889280518,11.704699910719626,11.180339887498949,9.433981132056603,9.219544457292887,7.0710678118654755,5.0,1.4142135623730951,4.47213595499958,4.123105625617661,1.0,3.1622776601683795,5.830951894845301,5.0,4.242640687119285,7.211102550927978,11.661903789690601,14.560219778561036,17.46424919657298,19.924858845171276,23.08679276123039,22.80350850198276,22.80350850198276,21.840329667841555,15.811388300841896,13.416407864998739
1787403681.9468074,-78,0.0,5.0,2.0,4.123105625617661,7.0710678118654755,10.44030650891055,12.649110640673518,16.15549442140351,17.88854381999832,18.027756377319946,17.804493814764857,18.439088914585774,19.1049731745428,17.69180601295413,16.401219466856727,14.422205101855956,11.661903789690601,8.54400374531753,7.0710678118654755,5.0990195135927845,4.242640687119285,4.47213595499958,5.0990195135927845,7.0710678118654755,8.246211251235321,9.219544457292887,9.219544457292887,0.0,0.0,0.0,0.0,0.0,0.0,0.0,0.0,0.0,0.0,0.0,9.219544457292887,8.06225774829855,9.219544457292887,9.433981132056603,8.94427190999916,7.615773105863909,6.324555320336759,5.0990195135927845,4.123105625617661,3.1622776601683795,1.0,2.8284271247461903,5.656854249492381,7.810249675906654,9.219544457292887,11.40175425099138,13.038404810405298,16.1245154965971,17.88854381999832,19.697715603592208,21.18962010041709,22.135943621178654,22.135943621178654,20.8806130178211,18.027756377319946,15.811388300841896
1787403682.0538797,-78,0.0,12.206555615733702,13.601470508735444,15.0,16.278820596099706,18.439088914585774,18.027756377319946,18.35755975068582,17.0,16.15549442140351,14.866068747318506,13.601470508735444,10.770329614269007,7.615773105863909,5.830951894845301,3.605551275463989,3.0,4.242640687119285,6.4031242374328485,8.06225774829855,8.94427190999916,9.848857801796104,9.848857801796104,9.486832980505138,8.54400374531753,7.615773105863909,7.280109889280518,0.0,0.0,0.0,0.0,0.0,0.0,0.0,0.0,0.0,0.0,0.0,3.0,4.123105625617661,4.47213595499958,3.605551275463989,2.23606797749979,3.1622776601683795,5.0990195135927845,9.219544457292887,10.63014581273465,11.40175425099138,12.041594578792296,13.416407864998739,13.92838827718412,15.652475842498529,17.0,17.804493814764857,14.866068747318506,13.416407864998739,15.524174696260024,16.15549442140351,14.7648230602334,11.40175425099138,8.246211251235321,5.656854249492381,4.123105625617661,5.0
1787403682.075403,-78,0.0,13.038404810405298,14.422205101855956,16.64331697709324,18.35755975068582,19.235384061671343,19.697715603592208,20.248456731316587,19.924858845171276,17.26267650163207,16.278820596099706,15.297058540778355,13.601470508735444,10.770329614269007,8.06225774829855,5.0,5.0990195135927845,5.385164807134504,7.0710678118654755,8.602325267042627,10.816653826391969,11.180339887498949,11.180339887498949,9.848857801796104,10.295630140987,9.848857801796104,8.54400374531753,0.0,0.0,0.0,0.0,0.0,0.0,0.0,0.0,0.0,0.0,0.0,8.602325267042627,6.4031242374328485,5.0,4.123105625617661,4.123105625617661,5.0,6.324555320336759,8.0,9.055385138137417,10.198039027185569,11.40175425099138,12.649110640673518,13.601470508735444,14.317821063276353,14.317821063276353,14.317821063276353,13.152946437965905,12.0,12.165525060596439,12.36931687685298,10.44030650891055,7.280109889280518,5.385164807134504,4.0,2.23606797749979,4.47213595499958
1787403682.1178606,-76,0.0,7.211102550927978,13.0,21.540659228538015,21.470910553583888,22.02271554554524,23.430749027719962,22.847319317591726,25.709920264364882,24.73863375370596,20.396078054371138,16.0312195418814,14.035668847618199,14.142135623730951,11.704699910719626,10.0,9.219544457292887,8.06225774829855,7.211102550927978,9.899494936611665,11.40175425099138,11.40175425099138,11.40175425099138,11.40175425099138,12.041594578792296,10.816653826391969,8.602325267042627,0.0,0.0,0.0,0.0,0.0,0.0,0.0,0.0,0.0,0.0,0.0,6.082762530298219,7.0,5.0990195135927845,3.605551275463989,3.605551275463989,4.0,4.0,5.0990195135927845,7.211102550927978,10.0,14.212670403551895,15.556349186104045,13.601470508735444,13.92838827718412,14.866068747318506,16.55294535724685,18.788294228055936,19.313207915827967,19.924858845171276,16.76305461424021,12.165525060596439,10.04987562112089,8.94427190999916,7.810249675906654,3.1622776601683795,1.0
1787403682.1178606,-76,0.0,10.770329614269007,14.7648230602334,15.264337522473747,18.601075237738275,21.93171219946131,22.67156809750927,24.20743687382041,24.413111231467404,20.248456731316587,15.0,13.601470508735444,14.422205101855956,12.041594578792296,7.0710678118654755,2.23606797749979,0.0,1.4142135623730951,5.0990195135927845,8.06225774829855,11.180339887498949,12.041594578792296,9.486832980505138,9.219544457292887,12.0,12.36931687685298,11.704699910719626,0.0,0.0,0.0,0.0,0.0,0.0,0.0,0.0,0.0,0.0,0.0,8.06225774829855,7.0710678118654755,4.47213595499958,4.0,3.1622776601683795,3.1622776601683795,7.0,7.0710678118654755,7.0710678118654755,8.06225774829855,11.40175425099138,12.649110640673518,11.704699910719626,9.848857801796104,9.055385138137417,14.142135623730951,15.033296378372908,15.033296378372908,16.1245154965971,16.278820596099706,15.524174696260024,13.92838827718412,10.770329614269007,7.280109889280518,1.0,9.219544457292887
1787403682.181245,-71,0.0,25.238858928247925,25.0,24.08318915758459,21.2602916254693,17.204650534085253,13.0,9.0,8.94427190999916,10.0,11.180339887498949,13.416407864998739,15.652475842498529,17.0,18.35755975068582,18.867962264113206,18.027756377319946,16.401219466856727,14.866068747318506,13.601470508735444,11.661903789690601,9.433981132056603,6.708203932499369,4.123105625617661,1.4142135623730951,3.605551275463989,5.656854249492381,0.0,0.0,0.0,0.0,0.0,0.0,0.0,0.0,0.0,0.0,0.0,2.23606797749979,1.0,1.0,3.1622776601683795,5.830951894845301,7.810249675906654,9.219544457292887,12.206555615733702,13.892443989449804,15.264337522473747,15.652475842498529,15.231546211727817,15.297058540778355,15.033296378372908,15.033296378372908,14.142135623730951,12.36931687685298,10.44030650891055,7.280109889280518,5.0990195135927845,3.1622776601683795,3.1622776601683795,6.708203932499369,11.661903789690601,16.1245154965971,19.72308292331602
1787403682.8506773,-70,0.0,20.615528128088304,20.248456731316587,21.18962010041709,20.8806130178211,18.24828759089466,16.0312195418814,16.278820596099706,16.1245154965971,13.038404810405298,11.045361017187261,10.198039027185569,10.44030650891055,10.770329614269007,11.180339887498949,12.083045973594572,12.083045973594572,12.083045973594572,10.295630140987,9.848857801796104,9.848857801796104,8.94427190999916,8.94427190999916,8.94427190999916,9.433981132056603,8.602325267042627,7.211102550927978,0.0,0.0,0.0,0.0,0.0,0.0,0.0,0.0,0.0,0.0,0.0,5.656854249492381,5.656854249492381,5.0,6.082762530298219,6.082762530298219,5.0990195135927845,6.082762530298219,7.0710678118654755,8.06225774829855,8.06225774829855,8.06225774829855,8.06225774829855,8.06225774829855,9.219544457292887,10.198039027185569,10.44030650891055,10.198039027185569,10.198039027185569,11.40175425099138,11.40175425099138,12.649110640673518,13.0,13.416407864998739,14.7648230602334,15.652475842498529,17.88854381999832
1787403683.1362636,-83,0.0,15.033296378372908,14.035668847618199,13.038404810405298,10.198039027185569,9.848857801796104,8.602325267042627,8.602325267042627,9.486832980505138,9.219544457292887,11.180339887498949,11.045361017187261,11.0,12.041594578792296,11.0,11.0,12.0,12.0,10.04987562112089,8.54400374531753,8.602325267042627,7.810249675906654,8.54400374531753,9.486832980505138,10.04987562112089,11.045361017187261,12.165525060596439,0.0,0.0,0.0,0.0,0.0,0.0,0.0,0.0,0.0,0.0,0.0,16.401219466856727,14.212670403551895,12.206555615733702,10.295630140987,7.615773105863909,6.082762530298219,7.0710678118654755,6.324555320336759,7.280109889280518,7.615773105863909,8.94427190999916,8.94427190999916,8.94427190999916,8.54400374531753,7.615773105863909,6.324555320336759,4.123105625617661,2.0,1.4142135623730951,3.0,6.0,8.246211251235321,9.848857801796104,11.180339887498949,13.038404810405298,15.0
1787403683.1520095,-79,0.0,3.1622776601683795,1.0,4.123105625617661,7.280109889280518,10.198039027185569,14.035668847618199,18.0,19.026297590440446,18.027756377319946,19.0,21.0,20.0,17.029386365926403,15.297058540778355,14.560219778561036,11.40175425099138,9.486832980505138,7.280109889280518,4.0,1.4142135623730951,4.123105625617661,7.0710678118654755,8.246211251235321,9.055385138137417,10.0,10.04987562112089,0.0,0.0,0.0,0.0,0.0,0.0,0.0,0.0,0.0,0.0,0.0,2.8284271247461903,5.0990195135927845,7.0,6.082762530298219,5.0,5.0,3.605551275463989,4.123105625617661,4.123105625617661,2.8284271247461903,2.0,3.1622776601683795,5.0,7.0,10.198039027185569,11.704699910719626,8.06225774829855,10.04987562112089,14.142135623730951,13.152946437965905,13.892443989449804,15.0,14.866068747318506,12.806248474865697,9.433981132056603,8.06225774829855
1787403683.2154486,-80,0.0,3.1622776601683795,2.8284271247461903,8.06225774829855,12.806248474865697,13.45362404707371,15.620499351813308,21.095023109728988,25.238858928247925,22.02271554554524,20.615528128088304,23.853720883753127,23.021728866442675,17.029386365926403,14.212670403551895,13.601470508735444,10.63014581273465,6.324555320336759,5.0990195135927845,1.4142135623730951,5.0990195135927845,8.246211251235321,8.06225774829855,10.0,15.132745950421556,15.811388300841896,14.317821063276353,0.0,0.0,0.0,0.0,0.0,0.0,0.0,0.0,0.0,0.0,0.0,4.123105625617661,1.4142135623730951,3.0,4.47213595499958,3.605551275463989,2.23606797749979,2.0,2.23606797749979,2.0,4.0,7.0710678118654755,4.47213595499958,4.47213595499958,6.708203932499369,8.94427190999916,9.486832980505138,11.704699910719626,12.083045973594572,10.816653826391969,11.313708498984761,13.45362404707371,13.45362404707371,14.422205101855956,13.601470508735444,11.313708498984761,11.40175425099138
1787403683.2634556,-70,0.0,22.20360331117452,23.345235059857504,22.80350850198276,21.540659228538015,20.591260281974,20.591260281974,20.0,16.401219466856727,10.0,6.708203932499369,4.123105625617661,10.0,9.055385138137417,9.486832980505138,10.816653826391969,10.0,10.0,9.219544457292887,8.602325267042627,8.602325267042627,9.219544457292887,9.433981132056603,9.848857801796104,8.246211251235321,9.219544457292887,9.055385138137417,0.0,0.0,0.0,0.0,0.0,0.0,0.0,0.0,0.0,0.0,0.0,7.280109889280518,6.324555320336759,5.385164807134504,5.830951894845301,5.656854249492381,6.4031242374328485,6.4031242374328485,7.810249675906654,8.06225774829855,8.94427190999916,8.94427190999916,8.06225774829855,9.433981132056603,8.94427190999916,10.295630140987,10.816653826391969,11.661903789690601,13.0,13.92838827718412,13.601470508735444,13.601470508735444,15.811388300841896,17.26267650163207,19.026297590440446,21.0,22.02271554554524
1787403683.4546013,-70,0.0,22.02271554554524,22.090722034374522,21.213203435596427,21.587033144922902,22.80350850198276,23.08679276123039,21.18962010041709,16.76305461424021,12.165525060596439,10.0,10.0,10.04987562112089,10.0,9.055385138137417,9.0,9.055385138137417,9.055385138137417,10.04987562112089,7.0710678118654755,7.0710678118654755,8.0,6.082762530298219,6.708203932499369,7.615773105863909,7.280109889280518,7.615773105863909,0.0,0.0,0.0,0.0,0.0,0.0,0.0,0.0,0.0,0.0,0.0,7.0710678118654755,5.830951894845301,6.4031242374328485,7.0710678118654755,7.211102550927978,6.708203932499369,7.615773105863909,8.06225774829855,9.433981132056603,9.848857801796104,9.486832980505138,10.295630140987,10.295630140987,10.44030650891055,11.40175425099138,12.165525060596439,12.041594578792296,11.40175425099138,11.40175425099138,11.180339887498949,12.165525060596439,12.041594578792296,13.0,17.0,21.0,23.021728866442675
1787403683.4866989,-82,0.0,10.04987562112089,10.0,10.04987562112089,10.770329614269007,11.40175425099138,13.45362404707371,15.264337522473747,16.55294535724685,14.866068747318506,14.317821063276353,14.142135623730951,13.152946437965905,11.40175425099138,9.848857801796104,7.211102550927978,7.0710678118654755,9.433981132056603,10.770329614269007,13.152946437965905,15.132745950421556,15.132745950421556,16.1245154965971,18.110770276274835,19.235384061671343,18.24828759089466,17.029386365926403,0.0,0.0,0.0,0.0,0.0,0.0,0.0,0.0,0.0,0.0,0.0,9.486832980505138,9.848857801796104,10.816653826391969,10.63014581273465,9.899494936611665,9.433981132056603,8.94427190999916,10.44030650891055,10.04987562112089,10.04987562112089,12.041594578792296,13.152946437965905,12.165525060596439,13.038404810405298,15.0,16.0312195418814,15.132745950421556,16.1245154965971,16.1245154965971,14.142135623730951,13.152946437965905,12.165525060596439,11.045361017187261,11.0,10.04987562112089,9.219544457292887
1787403683.5029004,-80,0.0,12.806248474865697,14.212670403551895,14.422205101855956,11.180339887498949,12.165525060596439,14.0,15.0,13.0,10.198039027185569,10.295630140987,9.433981132056603,8.54400374531753,8.0,6.708203932499369,6.324555320336759,7.0710678118654755,8.94427190999916,9.219544457292887,9.219544457292887,12.206555615733702,14.422205101855956,14.422205101855956,15.0,13.601470508735444,12.806248474865697,12.806248474865697,0.0,0.0,0.0,0.0,0.0,0.0,0.0,0.0,0.0,0.0,0.0,9.848857801796104,7.615773105863909,9.486832980505138,9.055385138137417,8.06225774829855,9.055385138137417,9.055385138137417,6.708203932499369,7.810249675906654,9.433981132056603,11.180339887498949,12.529964086141668,12.041594578792296,10.63014581273465,10.0,12.727922061357855,14.212670403551895,15.620499351813308,16.278820596099706,15.556349186104045,14.866068747318506,16.401219466856727,15.0,13.45362404707371,14.866068747318506,15.0
1787403683.5507386,-79,0.0,11.40175425099138,11.40175425099138,10.63014581273465,10.63014581273465,12.206555615733702,12.529964086141668,11.704699910719626,10.198039027185569,11.180339887498949,11.045361017187261,10.0,9.219544457292887,8.246211251235321,7.0710678118654755,7.0710678118654755,7.211102550927978,8.602325267042627,10.816653826391969,13.601470508735444,12.806248474865697,12.727922061357855,12.806248474865697,12.806248474865697,12.041594578792296,12.806248474865697,14.422205101855956,0.0,0.0,0.0,0.0,0.0,0.0,0.0,0.0,0.0,0.0,0.0,6.082762530298219,8.06225774829855,9.055385138137417,10.44030650891055,8.94427190999916,8.602325267042627,10.63014581273465,11.313708498984761,10.0,10.295630140987,12.529964086141668,12.529964086141668,11.661903789690601,12.206555615733702,14.142135623730951,15.620499351813308,16.401219466856727,17.029386365926403,17.804493814764857,17.804493814764857,18.439088914585774,16.401219466856727,14.212670403551895,14.212670403551895,14.212670403551895,14.142135623730951
1787403683.5752802,-69,0.0,26.92582403567252,25.96150997149434,24.515301344262525,21.095023109728988,17.029386365926403,13.601470508735444,10.0,8.54400374531753,10.0,12.165525060596439,12.36931687685298,13.341664064126334,14.317821063276353,15.132745950421556,15.033296378372908,15.0,13.038404810405298,11.40175425099138,11.180339887498949,10.816653826391969,9.219544457292887,6.4031242374328485,4.123105625617661,3.605551275463989,4.123105625617661,5.0,0.0,0.0,0.0,0.0,0.0,0.0,0.0,0.0,0.0,0.0,0.0,0.0,3.1622776601683795,1.0,2.23606797749979,2.8284271247461903,5.0990195135927845,9.219544457292887,12.649110640673518,14.866068747318506,16.76305461424021,17.08800749063506,15.652475842498529,16.64331697709324,15.811388300841896,13.601470508735444,13.601470508735444,13.45362404707371,13.45362404707371,12.206555615733702,8.06225774829855,2.23606797749979,4.47213595499958,11.180339887498949,15.652475842498529,19.313207915827967,21.540659228538015
1787403683.582422,-70,0.0,19.026297590440446,19.0,19.0,19.026297590440446,18.110770276274835,16.492422502470642,15.524174696260024,13.92838827718412,13.0,11.704699910719626,10.44030650891055,9.219544457292887,8.246211251235321,8.06225774829855,7.0710678118654755,7.0710678118654755,6.082762530298219,6.0,5.0990195135927845,5.385164807134504,5.385164807134504,6.324555320336759,6.324555320336759,6.082762530298219,6.324555320336759,6.324555320336759,0.0,0.0,0.0,0.0,0.0,0.0,0.0,0.0,0.0,0.0,0.0,7.0710678118654755,7.0710678118654755,7.810249675906654,6.324555320336759,6.082762530298219,7.280109889280518,7.0710678118654755,7.0,8.246211251235321,8.0,7.280109889280518,8.54400374531753,8.246211251235321,9.055385138137417,10.04987562112089,9.848857801796104,8.54400374531753,9.0,12.041594578792296,14.142135623730951,13.341664064126334,12.0,15.132745950421556,17.11724276862369,17.11724276862369,18.439088914585774
1787403683.6430745,-76,0.0,17.26267650163207,17.11724276862369,15.0,15.033296378372908,16.278820596099706,16.278820596099706,16.278820596099706,16.1245154965971,15.033296378372908,13.0,12.0,11.0,10.0,10.0,10.0,10.04987562112089,10.198039027185569,9.219544457292887,9.219544457292887,8.246211251235321,8.54400374531753,8.94427190999916,9.848857801796104,11.180339887498949,10.770329614269007,9.848857801796104,0.0,0.0,0.0,0.0,0.0,0.0,0.0,0.0,0.0,0.0,0.0,10.44030650891055,10.0,11.180339887498949,13.601470508735444,13.92838827718412,14.317821063276353,14.7648230602334,14.7648230602334,15.264337522473747,15.811388300841896,14.422205101855956,12.529964086141668,13.0,12.649110640673518,13.341664064126334,14.317821063276353,14.035668847618199,14.035668847618199,15.033296378372908,16.0312195418814,17.0,17.029386365926403,15.132745950421556,14.035668847618199,16.0312195418814,17.0
1787403683.6782346,-73,0.0,14.317821063276353,13.92838827718412,13.601470508735444,13.92838827718412,13.92838827718412,13.92838827718412,13.92838827718412,13.92838827718412,12.649110640673518,12.083045973594572,12.529964086141668,12.529964086141668,10.770329614269007,9.848857801796104,9.848857801796104,9.848857801796104,8.54400374531753,8.06225774829855,8.602325267042627,8.602325267042627,7.810249675906654,7.810249675906654,7.810249675906654,7.810249675906654,7.0710678118654755,6.4031242374328485,0.0,0.0,0.0,0.0,0.0,0.0,0.0,0.0,0.0,0.0,0.0,10.44030650891055,10.198039027185569,12.041594578792296,10.44030650891055,12.041594578792296,14.866068747318506,14.212670403551895,13.601470508735444,13.45362404707371,12.041594578792296,12.041594578792296,12.041594578792296,10.63014581273465,10.0,8.602325267042627,8.602325267042627,9.219544457292887,10.0,10.0,10.816653826391969,10.816653826391969,11.661903789690601,11.661903789690601,10.816653826391969,11.661903789690601,12.529964086141668
1787403683.7896,-75,0.0,18.027756377319946,18.681541692269406,17.46424919657298,17.46424919657298,16.492422502470642,14.866068747318506,13.92838827718412,13.0,12.083045973594572,12.083045973594572,13.0,13.416407864998739,14.317821063276353,13.92838827718412,12.649110640673518,11.180339887498949,10.198039027185569,10.44030650891055,9.486832980505138,9.848857801796104,8.94427190999916,8.06225774829855,8.48528137423857,9.219544457292887,10.0,10.295630140987,0.0,0.0,0.0,0.0,0.0,0.0,0.0,0.0,0.0,0.0,0.0,10.198039027185569,9.055385138137417,8.06225774829855,8.54400374531753,10.816653826391969,12.206555615733702,12.806248474865697,11.40175425099138,10.816653826391969,10.0,11.313708498984761,10.816653826391969,8.06225774829855,7.615773105863909,7.280109889280518,7.280109889280518,10.816653826391969,12.727922061357855,15.556349186104045,16.97056274847714,17.69180601295413,17.804493814764857,18.867962264113206,19.235384061671343,20.12461179749811,18.788294228055936
1787403683.983964,-75,0.0,18.027756377319946,15.264337522473747,13.038404810405298,11.661903789690601,11.661903789690601,12.083045973594572,10.44030650891055,10.04987562112089,11.045361017187261,12.041594578792296,13.038404810405298,14.035668847618199,14.142135623730951,13.92838827718412,14.317821063276353,13.416407864998739,11.180339887498949,10.295630140987,8.94427190999916,7.615773105863909,7.0710678118654755,7.0710678118654755,6.324555320336759,7.615773105863909,8.06225774829855,9.219544457292887,0.0,0.0,0.0,0.0,0.0,0.0,0.0,0.0,0.0,0.0,0.0,9.0,8.54400374531753,8.602325267042627,10.0,10.770329614269007,12.649110640673518,13.92838827718412,14.317821063276353,14.317821063276353,14.317821063276353,13.0,11.704699910719626,11.180339887498949,9.848857801796104,8.54400374531753,8.246211251235321,10.04987562112089,12.0,14.035668847618199,17.11724276862369,19.1049731745428,19.026297590440446,20.024984394500787,20.223748416156685,19.924858845171276,19.313207915827967
1787403683.9958122,-76,0.0,19.4164878389476,18.439088914585774,16.278820596099706,13.152946437965905,12.041594578792296,11.0,10.198039027185569,10.44030650891055,11.180339887498949,12.529964086141668,12.529964086141668,13.892443989449804,14.317821063276353,15.524174696260024,14.142135623730951,12.165525060596439,10.04987562112089,10.04987562112089,10.04987562112089,10.198039027185569,9.219544457292887,6.708203932499369,6.4031242374328485,8.06225774829855,8.54400374531753,8.246211251235321,0.0,0.0,0.0,0.0,0.0,0.0,0.0,0.0,0.0,0.0,0.0,7.810249675906654,7.810249675906654,8.06225774829855,8.54400374531753,10.198039027185569,12.041594578792296,14.0,14.0,14.035668847618199,13.152946437965905,12.165525060596439,10.04987562112089,8.06225774829855,8.0,8.0,8.06225774829855,8.94427190999916,12.083045973594572,14.7648230602334,16.1245154965971,18.35755975068582,20.12461179749811,20.12461179749811,19.924858845171276,19.235384061671343,18.027756377319946
1787403683.9958122,-76,0.0,17.72004514666935,16.76305461424021,14.560219778561036,11.704699910719626,11.180339887498949,11.40175425099138,11.313708498984761,11.40175425099138,11.180339887498949,11.704699910719626,12.529964086141668,13.601470508735444,14.142135623730951,14.212670403551895,12.806248474865697,12.206555615733702,11.661903789690601,10.816653826391969,10.816653826391969,8.602325267042627,7.0710678118654755,7.615773105863909,7.280109889280518,6.082762530298219,7.615773105863909,8.06225774829855,0.0,0.0,0.0,0.0,0.0,0.0,0.0,0.0,0.0,0.0,0.0,8.94427190999916,9.219544457292887,9.0,9.055385138137417,10.44030650891055,10.770329614269007,12.529964086141668,13.892443989449804,13.416407864998739,12.083045973594572,12.529964086141668,11.180339887498949,9.848857801796104,7.615773105863909,6.708203932499369,8.06225774829855,9.433981132056603,11.40175425099138,14.422205101855956,17.0,18.35755975068582,19.4164878389476,19.849433241279208,19.849433241279208,19.4164878389476,19.72308292331602
1787403683.9958122,-75,0.0,18.027756377319946,15.811388300841896,13.416407864998739,11.704699910719626,10.44030650891055,10.198039027185569,11.0,11.045361017187261,12.165525060596439,14.560219778561036,14.560219778561036,14.142135623730951,14.035668847618199,14.035668847618199,13.038404810405298,13.152946437965905,11.180339887498949,9.219544457292887,9.219544457292887,9.055385138137417,8.0,8.06225774829855,7.280109889280518,7.211102550927978,7.0710678118654755,7.211102550927978,0.0,0.0,0.0,0.0,0.0,0.0,0.0,0.0,0.0,0.0,0.0,6.708203932499369,7.810249675906654,10.295630140987,12.083045973594572,10.770329614269007,10.44030650891055,12.041594578792296,15.297058540778355,15.297058540778355,14.142135623730951,13.152946437965905,10.04987562112089,8.06225774829855,8.246211251235321,7.0,9.0,10.0,10.0,13.341664064126334,18.027756377319946,20.248456731316587,22.135943621178654,20.615528128088304,20.024984394500787,20.09975124224178,18.439088914585774
1787403684.1706789,-77,0.0,10.44030650891055,12.529964086141668,15.811388300841896,15.620499351813308,13.45362404707371,12.041594578792296,12.041594578792296,10.0,6.708203932499369,5.0990195135927845,5.0990195135927845,5.385164807134504,7.0710678118654755,9.219544457292887,9.219544457292887,10.816653826391969,14.422205101855956,16.64331697709324,18.35755975068582,18.027756377319946,16.278820596099706,16.278820596099706,16.401219466856727,15.0,12.806248474865697,12.041594578792296,0.0,0.0,0.0,0.0,0.0,0.0,0.0,0.0,0.0,0.0,0.0,17.46424919657298,16.1245154965971,14.212670403551895,14.866068747318506,15.264337522473747,15.652475842498529,15.811388300841896,15.132745950421556,15.033296378372908,16.0312195418814,17.11724276862369,17.11724276862369,16.0,15.033296378372908,14.142135623730951,13.341664064126334,12.083045973594572,13.416407864998739,13.038404810405298,12.806248474865697,11.40175425099138,10.816653826391969,10.0,8.94427190999916,7.615773105863909,8.06225774829855
1787403684.218844,-78,0.0,10.816653826391969,12.206555615733702,12.206555615733702,13.0,14.142135623730951,14.035668847618199,12.165525060596439,9.0,7.0710678118654755,8.06225774829855,7.0710678118654755,6.082762530298219,6.708203932499369,8.06225774829855,8.06225774829855,11.180339887498949,12.649110640673518,12.649110640673518,13.92838827718412,14.866068747318506,14.317821063276353,13.038404810405298,12.041594578792296,10.04987562112089,9.055385138137417,8.246211251235321,0.0,0.0,0.0,0.0,0.0,0.0,0.0,0.0,0.0,0.0,0.0,12.165525060596439,12.0,12.165525060596439,12.649110640673518,12.083045973594572,13.038404810405298,14.212670403551895,16.278820596099706,16.401219466856727,16.1245154965971,15.652475842498529,15.231546211727817,13.92838827718412,12.083045973594572,10.816653826391969,9.219544457292887,7.211102550927978,8.06225774829855,5.830951894845301,3.605551275463989,2.23606797749979,3.605551275463989,2.8284271247461903,4.47213595499958,8.246211251235321,10.44030650891055
1787403684.2346478,-35,0.0,13.892443989449804,13.038404810405298,13.038404810405298,13.892443989449804,12.529964086141668,13.038404810405298,13.416407864998739,13.0,13.0,13.92838827718412,13.92838827718412,13.601470508735444,13.601470508735444,13.601470508735444,14.560219778561036,14.560219778561036,14.560219778561036,14.560219778561036,14.560219778561036,14.866068747318506,15.231546211727817,15.231546211727817,14.317821063276353,13.892443989449804,13.892443989449804,13.601470508735444,0.0,0.0,0.0,0.0,0.0,0.0,0.0,0.0,0.0,0.0,0.0,12.041594578792296,12.041594578792296,12.041594578792296,12.206555615733702,13.601470508735444,12.806248474865697,13.601470508735444,13.601470508735444,13.892443989449804,13.892443989449804,13.892443989449804,13.892443989449804,13.038404810405298,13.038404810405298,13.038404810405298,13.601470508735444,12.806248474865697,12.806248474865697,12.041594578792296,12.727922061357855,12.041594578792296,12.727922061357855,13.45362404707371,13.45362404707371,12.806248474865697,12.806248474865697
1787403684.2525597,-72,0.0,27.294688127912362,26.40075756488817,25.079872407968907,22.135943621178654,18.24828759089466,14.0,9.486832980505138,7.211102550927978,7.280109889280518,9.0,11.045361017187261,12.041594578792296,14.0,14.0,15.0,14.035668847618199,13.152946437965905,11.704699910719626,10.295630140987,9.219544457292887,7.810249675906654,5.830951894845301,4.123105625617661,2.23606797749979,3.1622776601683795,5.0,0.0,0.0,0.0,0.0,0.0,0.0,0.0,0.0,0.0,0.0,0.0,1.0,2.0,5.0990195135927845,7.0,8.06225774829855,9.486832980505138,10.295630140987,12.806248474865697,14.866068747318506,16.278820596099706,16.278820596099706,16.401219466856727,16.1245154965971,16.15549442140351,16.492422502470642,15.297058540778355,13.341664064126334,11.180339887498949,8.246211251235321,5.385164807134504,2.23606797749979,4.47213595499958,9.899494936611665,14.212670403551895,18.601075237738275,21.400934559032695
1787403684.2822697,-78,0.0,11.661903789690601,13.892443989449804,14.866068747318506,15.0,17.029386365926403,17.029386365926403,16.1245154965971,15.524174696260024,15.524174696260024,12.36931687685298,10.198039027185569,12.0,13.152946437965905,11.40175425099138,11.045361017187261,13.038404810405298,13.92838827718412,14.866068747318506,17.11724276862369,17.11724276862369,14.0,14.317821063276353,14.560219778561036,12.165525060596439,8.246211251235321,8.54400374531753,0.0,0.0,0.0,0.0,0.0,0.0,0.0,0.0,0.0,0.0,0.0,13.92838827718412,13.0,12.206555615733702,12.806248474865697,13.892443989449804,12.083045973594572,11.704699910719626,13.341664064126334,14.035668847618199,14.317821063276353,15.524174696260024,18.110770276274835,18.027756377319946,17.26267650163207,19.1049731745428,19.026297590440446,16.0312195418814,16.0,16.278820596099706,12.649110640673518,9.848857801796104,11.40175425099138,14.142135623730951,12.041594578792296,11.40175425099138,12.529964086141668
1787403684.383397,-79,0.0,17.029386365926403,16.401219466856727,16.64331697709324,17.0,18.35755975068582,18.35755975068582,17.4928556845359,16.1245154965971,13.416407864998739,12.083045973594572,11.661903789690601,10.295630140987,11.40175425099138,12.727922061357855,13.45362404707371,14.142135623730951,13.45362404707371,11.661903789690601,12.083045973594572,13.0,13.416407864998739,13.416407864998739,11.180339887498949,9.848857801796104,8.246211251235321,8.246211251235321,0.0,0.0,0.0,0.0,0.0,0.0,0.0,0.0,0.0,0.0,0.0,11.704699910719626,11.180339887498949,9.433981132056603,8.48528137423857,8.06225774829855,6.324555320336759,5.0990195135927845,5.0990195135927845,4.123105625617661,3.1622776601683795,3.1622776601683795,4.0,7.0710678118654755,7.0710678118654755,5.0990195135927845,3.1622776601683795,3.1622776601683795,4.242640687119285,5.385164807134504,7.0710678118654755,8.0,10.0,12.165525060596439,12.649110640673518,13.038404810405298,15.264337522473747
1787403684.4095502,-72,0.0,26.1725046566048,25.495097567963924,22.80350850198276,20.248456731316587,16.55294535724685,12.806248474865697,9.433981132056603,8.06225774829855,8.54400374531753,10.295630140987,10.816653826391969,13.038404810405298,13.892443989449804,15.264337522473747,15.652475842498529,15.231546211727817,14.866068747318506,13.341664064126334,12.165525060596439,10.0,8.06225774829855,6.082762530298219,3.1622776601683795,2.0,3.605551275463989,5.385164807134504,0.0,0.0,0.0,0.0,0.0,0.0,0.0,0.0,0.0,0.0,0.0,2.23606797749979,2.23606797749979,4.123105625617661,5.385164807134504,6.4031242374328485,7.810249675906654,9.848857801796104,12.36931687685298,14.142135623730951,16.0312195418814,16.0312195418814,17.11724276862369,16.492422502470642,16.15549442140351,16.55294535724685,15.264337522473747,13.892443989449804,10.816653826391969,8.602325267042627,5.830951894845301,3.1622776601683795,5.385164807134504,9.055385138137417,14.0,18.027756377319946,21.02379604162864
1787403684.4451246,-71,0.0,27.459060435491963,27.202941017470888,24.839484696748443,21.213203435596427,17.804493814764857,13.416407864998739,10.04987562112089,7.615773105863909,8.48528137423857,9.433981132056603,11.180339887498949,13.0,15.231546211727817,15.264337522473747,15.811388300841896,15.620499351813308,14.866068747318506,13.45362404707371,12.806248474865697,11.661903789690601,8.94427190999916,6.324555320336759,4.0,2.23606797749979,4.0,5.385164807134504,0.0,0.0,0.0,0.0,0.0,0.0,0.0,0.0,0.0,0.0,0.0,2.0,2.23606797749979,4.0,5.0,6.324555320336759,7.810249675906654,10.0,13.892443989449804,15.231546211727817,17.08800749063506,18.027756377319946,17.46424919657298,17.11724276862369,17.0,16.1245154965971,15.297058540778355,13.601470508735444,11.704699910719626,9.219544457292887,6.0,4.242640687119285,6.0,10.44030650891055,15.231546211727817,20.12461179749811,22.360679774997898
1787403684.4524155,-80,0.0,15.524174696260024,16.492422502470642,17.72004514666935,18.027756377319946,18.384776310850235,17.88854381999832,18.35755975068582,17.88854381999832,15.652475842498529,14.317821063276353,13.601470508735444,14.142135623730951,14.0,15.132745950421556,15.297058540778355,16.278820596099706,15.524174696260024,15.811388300841896,17.88854381999832,17.88854381999832,14.866068747318506,15.297058540778355,15.132745950421556,13.601470508735444,13.92838827718412,12.165525060596439,0.0,0.0,0.0,0.0,0.0,0.0,0.0,0.0,0.0,0.0,0.0,2.8284271247461903,4.47213595499958,6.324555320336759,6.324555320336759,5.0,5.0,3.1622776601683795,3.1622776601683795,3.605551275463989,4.123105625617661,6.324555320336759,7.280109889280518,9.055385138137417,10.04987562112089,10.04987562112089,11.045361017187261,12.041594578792296,11.045361017187261,9.486832980505138,9.848857801796104,10.295630140987,11.661903789690601,12.529964086141668,14.317821063276353,13.92838827718412,13.92838827718412
1787403684.5919778,-69,0.0,24.331050121192877,23.53720459187964,22.135943621178654,19.697715603592208,15.264337522473747,11.313708498984761,8.54400374531753,8.06225774829855,8.602325267042627,9.899494936611665,10.63014581273465,12.041594578792296,12.727922061357855,14.212670403551895,13.601470508735444,13.892443989449804,12.529964086141668,10.770329614269007,9.219544457292887,8.0,6.082762530298219,3.605551275463989,2.0,2.8284271247461903,4.47213595499958,5.0990195135927845,0.0,0.0,0.0,0.0,0.0,0.0,0.0,0.0,0.0,0.0,0.0,2.0,0.0,2.23606797749979,4.242640687119285,5.0,7.615773105863909,9.486832980505138,11.180339887498949,13.152946437965905,15.033296378372908,17.0,17.029386365926403,16.278820596099706,16.492422502470642,14.866068747318506,14.317821063276353,12.529964086141668,9.433981132056603,7.211102550927978,4.47213595499958,2.23606797749979,4.123105625617661,7.0,11.045361017187261,16.1245154965971,18.110770276274835
1787403684.6533115,-69,0.0,30.14962686336267,29.017236257093817,27.0,23.08679276123039,17.46424919657298,12.529964086141668,8.602325267042627,7.0710678118654755,9.433981132056603,11.40175425099138,13.45362404707371,14.866068747318506,15.620499351813308,16.64331697709324,17.0,16.55294535724685,14.866068747318506,13.341664064126334,12.041594578792296,10.0,8.246211251235321,5.385164807134504,2.8284271247461903,2.23606797749979,4.123105625617661,6.0,0.0,0.0,0.0,0.0,0.0,0.0,0.0,0.0,0.0,0.0,0.0,1.0,2.0,3.605551275463989,4.47213595499958,6.324555320336759,8.06225774829855,10.04987562112089,13.601470508735444,16.15549442140351,18.384776310850235,19.697715603592208,20.12461179749811,19.72308292331602,19.4164878389476,18.439088914585774,17.69180601295413,15.556349186104045,11.313708498984761,7.810249675906654,5.385164807134504,3.605551275463989,6.324555320336759,10.44030650891055,16.278820596099706,21.37755832643195,24.331050121192877
1787403684.7427943,-72,0.0,26.627053911388696,26.076809620810597,24.596747752497688,21.540659228538015,17.46424919657298,13.0,9.848857801796104,10.0,11.40175425099138,13.152946437965905,15.033296378372908,16.0312195418814,17.11724276862369,18.24828759089466,18.439088914585774,16.76305461424021,15.231546211727817,13.038404810405298,11.313708498984761,9.433981132056603,7.615773105863909,5.0990195135927845,4.123105625617661,4.242640687119285,5.0,6.324555320336759,0.0,0.0,0.0,0.0,0.0,0.0,0.0,0.0,0.0,0.0,0.0,1.0,1.4142135623730951,3.1622776601683795,4.123105625617661,6.082762530298219,7.0,9.486832980505138,11.180339887498949,13.038404810405298,15.0,16.278820596099706,17.029386365926403,17.204650534085253,17.88854381999832,17.08800749063506,16.492422502470642,14.560219778561036,12.36931687685298,8.54400374531753,5.0,4.123105625617661,7.211102550927978,11.313708498984761,14.866068747318506,19.209372712298546,22.80350850198276
1787403685.205202,-70,0.0,25.495097567963924,24.08318915758459,24.08318915758459,24.041630560342615,23.345235059857504,22.02271554554524,20.0,17.204650534085253,15.0,13.892443989449804,13.038404810405298,12.041594578792296,11.313708498984761,11.313708498984761,10.63014581273465,10.63014581273465,9.899494936611665,8.602325267042627,7.211102550927978,7.211102550927978,7.615773105863909,8.54400374531753,8.246211251235321,8.06225774829855,7.280109889280518,7.615773105863909,0.0,0.0,0.0,0.0,0.0,0.0,0.0,0.0,0.0,0.0,0.0,5.830951894845301,6.324555320336759,6.324555320336759,6.324555320336759,6.0,6.082762530298219,6.324555320336759,5.0990195135927845,6.324555320336759,6.708203932499369,8.602325267042627,8.48528137423857,7.810249675906654,9.219544457292887,10.63014581273465,11.40175425099138,12.806248474865697,14.212670403551895,15.0,15.811388300841896,16.64331697709324,17.4928556845359,18.867962264113206,20.248456731316587,22.20360331117452,22.80350850198276
1787403686.2394032,-69,0.0,23.430749027719962,22.80350850198276,22.20360331117452,19.72308292331602,15.231546211727817,11.40175425099138,8.06225774829855,7.0710678118654755,8.54400374531753,11.045361017187261,14.0,16.0,17.0,19.026297590440446,19.026297590440446,18.027756377319946,16.278820596099706,15.524174696260024,13.92838827718412,12.529964086141668,10.0,7.810249675906654,5.385164807134504,4.0,2.8284271247461903,3.0,0.0,0.0,0.0,0.0,0.0,0.0,0.0,0.0,0.0,0.0,0.0,2.23606797749979,1.0,2.23606797749979,3.0,4.123105625617661,5.830951894845301,7.810249675906654,9.899494936611665,12.041594578792296,13.45362404707371,14.212670403551895,14.422205101855956,14.317821063276353,13.601470508735444,13.152946437965905,13.038404810405298,12.041594578792296,10.04987562112089,8.06225774829855,5.0990195135927845,2.8284271247461903,4.47213595499958,7.810249675906654,12.041594578792296,15.556349186104045,18.384776310850235
1787403686.478644,-68,0.0,27.85677655436824,27.85677655436824,26.40075756488817,23.706539182259394,18.601075237738275,13.45362404707371,8.94427190999916,6.082762530298219,7.0710678118654755,9.433981132056603,12.083045973594572,15.231546211727817,17.46424919657298,18.788294228055936,20.12461179749811,20.12461179749811,19.72308292331602,18.027756377319946,15.620499351813308,12.727922061357855,10.63014581273465,7.810249675906654,5.0,2.0,2.23606797749979,4.242640687119285,0.0,0.0,0.0,0.0,0.0,0.0,0.0,0.0,0.0,0.0,0.0,4.123105625617661,1.4142135623730951,4.47213595499958,5.830951894845301,2.23606797749979,4.0,9.055385138137417,12.0,15.0,17.0,18.027756377319946,18.110770276274835,18.439088914585774,18.027756377319946,17.88854381999832,17.4928556845359,16.1245154965971,13.892443989449804,11.661903789690601,7.615773105863909,4.0,3.605551275463989,8.0,13.341664064126334,18.681541692269406,21.840329667841555
1787403686.5744858,-69,0.0,24.0,23.021728866442675,22.090722034374522,20.223748416156685,16.492422502470642,13.0,8.602325267042627,6.708203932499369,7.280109889280518,10.0,11.313708498984761,14.142135623730951,16.97056274847714,17.69180601295413,17.69180601295413,16.97056274847714,15.620499351813308,15.811388300841896,14.7648230602334,12.083045973594572,9.848857801796104,7.280109889280518,5.0,4.47213595499958,3.1622776601683795,3.0,0.0,0.0,0.0,0.0,0.0,0.0,0.0,0.0,0.0,0.0,0.0,2.23606797749979,1.0,2.23606797749979,4.123105625617661,6.082762530298219,7.280109889280518,8.06225774829855,10.0,12.041594578792296,14.142135623730951,14.866068747318506,15.0,14.7648230602334,14.866068747318506,15.524174696260024,16.278820596099706,14.317821063276353,12.165525060596439,10.198039027185569,7.280109889280518,3.1622776601683795,1.4142135623730951,6.324555320336759,12.165525060596439,16.1245154965971,19.026297590440446
1787403687.2736037,-71,0.0,24.186773244895647,24.08318915758459,22.02271554554524,20.024984394500787,16.278820596099706,12.083045973594572,8.48528137423857,6.082762530298219,7.615773105863909,9.899494936611665,12.041594578792296,14.866068747318506,16.97056274847714,17.69180601295413,18.439088914585774,17.804493814764857,17.204650534085253,15.264337522473747,14.317821063276353,11.704699910719626,10.198039027185569,7.0710678118654755,5.0,2.8284271247461903,3.605551275463989,5.0,0.0,0.0,0.0,0.0,0.0,0.0,0.0,0.0,0.0,0.0,0.0,2.23606797749979,1.4142135623730951,4.123105625617661,5.385164807134504,7.280109889280518,8.246211251235321,10.0,11.180339887498949,13.341664064126334,14.560219778561036,14.866068747318506,14.317821063276353,14.422205101855956,14.212670403551895,14.866068747318506,13.601470508735444,13.038404810405298,11.661903789690601,9.433981132056603,6.4031242374328485,4.47213595499958,4.242640687119285,8.06225774829855,11.704699910719626,15.524174696260024,18.439088914585774
1787403687.4976707,-69,0.0,28.792360097775937,28.460498941515414,26.92582403567252,24.515301344262525,20.09975124224178,15.033296378372908,9.848857801796104,7.615773105863909,9.219544457292887,11.661903789690601,13.601470508735444,17.204650534085253,20.0,21.400934559032695,21.400934559032695,21.400934559032695,20.248456731316587,19.235384061671343,16.55294535724685,13.92838827718412,10.770329614269007,7.280109889280518,3.0,2.0,4.242640687119285,6.4031242374328485,0.0,0.0,0.0,0.0,0.0,0.0,0.0,0.0,0.0,0.0,0.0,3.1622776601683795,1.0,2.0,5.0,7.0710678118654755,9.0,10.198039027185569,12.529964086141668,15.620499351813308,16.97056274847714,19.1049731745428,19.849433241279208,18.384776310850235,17.804493814764857,18.867962264113206,18.788294228055936,17.08800749063506,13.601470508735444,10.44030650891055,7.280109889280518,4.242640687119285,4.123105625617661,7.810249675906654,12.529964086141668,18.788294228055936,23.259406699226016
1787403687.5250912,-70,0.0,22.20360331117452,22.20360331117452,21.095023109728988,19.026297590440446,16.0312195418814,12.36931687685298,8.94427190999916,5.830951894845301,6.082762530298219,8.06225774829855,10.0,12.806248474865697,14.212670403551895,15.620499351813308,16.401219466856727,15.811388300841896,15.264337522473747,13.416407864998739,11.704699910719626,9.486832980505138,7.0710678118654755,5.0,2.23606797749979,3.0,4.242640687119285,5.656854249492381,0.0,0.0,0.0,0.0,0.0,0.0,0.0,0.0,0.0,0.0,0.0,1.4142135623730951,2.23606797749979,3.605551275463989,4.47213595499958,5.830951894845301,6.082762530298219,8.06225774829855,9.055385138137417,11.045361017187261,13.152946437965905,14.560219778561036,14.317821063276353,13.892443989449804,13.45362404707371,13.45362404707371,12.727922061357855,11.313708498984761,9.219544457292887,7.0710678118654755,4.47213595499958,3.0,3.605551275463989,7.280109889280518,11.40175425099138,15.297058540778355,17.11724276862369
1787403687.529781,-69,0.0,25.317977802344327,25.179356624028344,24.08318915758459,22.0,18.027756377319946,13.601470508735444,9.433981132056603,6.708203932499369,8.246211251235321,11.180339887498949,13.601470508735444,15.0,17.204650534085253,18.601075237738275,19.4164878389476,19.4164878389476,18.867962264113206,17.0,15.231546211727817,13.601470508735444,10.198039027185569,8.06225774829855,4.123105625617661,2.23606797749979,3.1622776601683795,5.0,0.0,0.0,0.0,0.0,0.0,0.0,0.0,0.0,0.0,0.0,0.0,3.1622776601683795,1.0,1.4142135623730951,3.605551275463989,5.385164807134504,6.082762530298219,8.06225774829855,10.198039027185569,11.40175425099138,12.649110640673518,14.317821063276353,14.7648230602334,14.422205101855956,14.212670403551895,14.142135623730951,12.806248474865697,11.661903789690601,9.433981132056603,7.211102550927978,4.242640687119285,2.0,4.47213595499958,8.246211251235321,12.165525060596439,16.278820596099706,18.24828759089466
1787403687.6286428,-69,0.0,26.90724809414742,27.80287754891569,27.202941017470888,23.853720883753127,19.235384061671343,14.866068747318506,11.0,8.94427190999916,9.433981132056603,11.40175425099138,13.152946437965905,15.132745950421556,17.26267650163207,19.4164878389476,19.4164878389476,19.924858845171276,19.313207915827967,17.88854381999832,15.264337522473747,12.206555615733702,9.219544457292887,6.4031242374328485,3.0,3.1622776601683795,5.0,7.0710678118654755,0.0,0.0,0.0,0.0,0.0,0.0,0.0,0.0,0.0,0.0,0.0,2.23606797749979,3.605551275463989,5.0,5.830951894845301,6.082762530298219,7.0,8.0,11.40175425099138,13.92838827718412,14.7648230602334,15.0,14.866068747318506,14.422205101855956,13.416407864998739,13.92838827718412,13.601470508735444,13.341664064126334,11.180339887498949,8.246211251235321,6.708203932499369,4.47213595499958,5.385164807134504,10.0,14.866068747318506,18.384776310850235,20.518284528683193
1787403687.6866949,-69,0.0,24.73863375370596,25.709920264364882,24.515301344262525,22.20360331117452,18.0,13.341664064126334,10.0,7.615773105863909,8.246211251235321,10.816653826391969,13.601470508735444,15.811388300841896,18.027756377319946,19.72308292331602,20.591260281974,20.12461179749811,18.384776310850235,16.76305461424021,15.297058540778355,13.038404810405298,10.04987562112089,7.0,4.123105625617661,2.0,4.242640687119285,5.0,0.0,0.0,0.0,0.0,0.0,0.0,0.0,0.0,0.0,0.0,0.0,3.1622776601683795,0.0,1.4142135623730951,2.23606797749979,4.47213595499958,6.082762530298219,7.0,8.06225774829855,10.770329614269007,12.529964086141668,13.038404810405298,14.212670403551895,14.866068747318506,15.0,14.7648230602334,14.317821063276353,13.0,10.770329614269007,8.54400374531753,5.830951894845301,3.605551275463989,3.605551275463989,7.615773105863909,12.083045973594572,15.811388300841896,18.681541692269406
1787403687.7660754,-70,0.0,20.591260281974,21.02379604162864,21.02379604162864,21.540659228538015,20.8806130178211,21.840329667841555,20.615528128088304,19.6468827043885,18.439088914585774,16.492422502470642,15.811388300841896,15.231546211727817,14.7648230602334,14.317821063276353,13.0,10.770329614269007,10.770329614269007,9.486832980505138,9.486832980505138,9.486832980505138,10.44030650891055,10.770329614269007,9.848857801796104,9.433981132056603,9.433981132056603,10.295630140987,0.0,0.0,0.0,0.0,0.0,0.0,0.0,0.0,0.0,0.0,0.0,7.211102550927978,6.708203932499369,5.0,5.0,5.0,5.385164807134504,5.0990195135927845,5.0990195135927845,6.0,7.0,7.0710678118654755,7.280109889280518,7.280109889280518,7.280109889280518,8.54400374531753,8.94427190999916,9.848857801796104,11.180339887498949,13.0,13.0,14.317821063276353,15.652475842498529,16.55294535724685,18.35755975068582,19.72308292331602,21.095023109728988
1787403687.875062,-71,0.0,21.93171219946131,22.67156809750927,22.80350850198276,22.20360331117452,21.95449840010015,20.12461179749811,17.88854381999832,16.1245154965971,15.264337522473747,13.416407864998739,12.529964086141668,12.206555615733702,12.206555615733702,12.206555615733702,11.661903789690601,10.816653826391969,10.0,9.219544457292887,8.48528137423857,9.219544457292887,9.219544457292887,9.219544457292887,8.48528137423857,8.48528137423857,8.602325267042627,8.602325267042627,0.0,0.0,0.0,0.0,0.0,0.0,0.0,0.0,0.0,0.0,0.0,6.708203932499369,6.708203932499369,5.385164807134504,5.0,5.0,5.0990195135927845,5.385164807134504,6.324555320336759,7.280109889280518,7.615773105863909,7.615773105863909,7.615773105863909,6.708203932499369,7.211102550927978,8.602325267042627,9.219544457292887,9.899494936611665,11.313708498984761,12.041594578792296,11.313708498984761,12.041594578792296,14.212670403551895,15.556349186104045,16.278820596099706,19.1049731745428,21.2602916254693
1787403687.9094431,-70,0.0,24.698178070456937,23.853720883753127,22.20360331117452,20.615528128088304,16.278820596099706,13.038404810405298,9.219544457292887,7.615773105863909,8.48528137423857,10.295630140987,12.083045973594572,13.92838827718412,15.231546211727817,15.652475842498529,16.1245154965971,15.811388300841896,14.866068747318506,13.45362404707371,11.661903789690601,10.770329614269007,9.486832980505138,6.082762530298219,4.123105625617661,3.1622776601683795,4.123105625617661,5.830951894845301,0.0,0.0,0.0,0.0,0.0,0.0,0.0,0.0,0.0,0.0,0.0,2.23606797749979,1.0,3.1622776601683795,5.0990195135927845,6.0,7.0710678118654755,7.615773105863909,8.06225774829855,10.0,11.313708498984761,12.041594578792296,11.661903789690601,12.083045973594572,12.36931687685298,12.041594578792296,12.0,11.045361017187261,10.04987562112089,8.0,6.082762530298219,4.242640687119285,6.082762530298219,9.219544457292887,13.0,17.0,19.235384061671343
1787403687.925104,-70,0.0,26.92582403567252,26.0,24.596747752497688,21.95449840010015,16.401219466856727,12.206555615733702,9.219544457292887,7.615773105863909,9.219544457292887,11.661903789690601,14.317821063276353,15.652475842498529,17.0,18.867962264113206,18.601075237738275,17.804493814764857,16.278820596099706,15.0,12.529964086141668,10.770329614269007,8.54400374531753,6.082762530298219,3.1622776601683795,3.0,5.0,6.4031242374328485,0.0,0.0,0.0,0.0,0.0,0.0,0.0,0.0,0.0,0.0,0.0,3.1622776601683795,1.0,2.0,4.0,5.385164807134504,6.708203932499369,7.810249675906654,9.899494936611665,11.40175425099138,12.529964086141668,14.317821063276353,14.560219778561036,14.142135623730951,14.035668847618199,15.297058540778355,14.560219778561036,13.601470508735444,12.649110640673518,10.44030650891055,8.06225774829855,5.385164807134504,6.708203932499369,10.0,14.317821063276353,17.72004514666935,20.8806130178211
1787403687.940835,-70,0.0,25.495097567963924,25.942243542145693,24.186773244895647,20.808652046684813,16.401219466856727,11.40175425099138,8.246211251235321,7.615773105863909,9.219544457292887,10.770329614269007,12.649110640673518,13.92838827718412,16.15549442140351,16.55294535724685,17.0,16.64331697709324,15.0,13.45362404707371,12.206555615733702,10.295630140987,8.54400374531753,6.082762530298219,3.605551275463989,4.0,5.830951894845301,7.0710678118654755,0.0,0.0,0.0,0.0,0.0,0.0,0.0,0.0,0.0,0.0,0.0,2.0,0.0,2.0,5.0990195135927845,6.324555320336759,7.615773105863909,9.433981132056603,10.63014581273465,12.041594578792296,13.601470508735444,14.422205101855956,13.92838827718412,12.36931687685298,13.038404810405298,15.033296378372908,15.132745950421556,13.152946437965905,11.180339887498949,10.04987562112089,8.0,5.830951894845301,6.708203932499369,9.055385138137417,13.601470508735444,18.384776310850235,21.540659228538015
1787403687.9587996,-70,0.0,28.0178514522438,28.0,26.019223662515376,23.194827009486403,18.681541692269406,13.416407864998739,10.0,9.055385138137417,11.704699910719626,14.422205101855956,16.401219466856727,17.204650534085253,18.867962264113206,19.72308292331602,20.12461179749811,19.697715603592208,18.973665961010276,17.26267650163207,16.0312195418814,13.038404810405298,10.198039027185569,6.324555320336759,4.242640687119285,3.1622776601683795,5.0,6.324555320336759,0.0,0.0,0.0,0.0,0.0,0.0,0.0,0.0,0.0,0.0,0.0,3.605551275463989,2.23606797749979,2.0,4.123105625617661,5.830951894845301,7.0710678118654755,8.06225774829855,10.770329614269007,12.36931687685298,14.035668847618199,15.0,14.142135623730951,13.601470508735444,13.892443989449804,14.212670403551895,14.142135623730951,14.142135623730951,12.727922061357855,10.63014581273465,8.06225774829855,6.0,6.4031242374328485,10.770329614269007,15.297058540778355,20.09975124224178,23.08679276123039
1787403688.1793149,-70,0.0,20.615528128088304,22.02271554554524,22.67156809750927,21.93171219946131,19.79898987322333,19.1049731745428,19.209372712298546,18.027756377319946,16.64331697709324,14.422205101855956,14.212670403551895,13.45362404707371,12.727922061357855,12.727922061357855,13.45362404707371,12.041594578792296,10.63014581273465,10.63014581273465,9.219544457292887,7.810249675906654,8.602325267042627,9.433981132056603,10.0,9.219544457292887,7.810249675906654,7.810249675906654,0.0,0.0,0.0,0.0,0.0,0.0,0.0,0.0,0.0,0.0,0.0,8.54400374531753,7.280109889280518,7.280109889280518,7.0710678118654755,7.0,6.0,6.0,6.082762530298219,7.0710678118654755,7.280109889280518,6.324555320336759,6.324555320336759,6.708203932499369,7.211102550927978,8.602325267042627,9.899494936611665,10.63014581273465,11.313708498984761,12.041594578792296,12.806248474865697,12.206555615733702,14.422205101855956,15.811388300841896,17.804493814764857,18.601075237738275,19.4164878389476
1787403688.5776525,-71,0.0,20.396078054371138,20.223748416156685,20.09975124224178,20.09975124224178,19.026297590440446,19.0,17.0,16.0312195418814,14.035668847618199,13.0,12.0,11.0,11.045361017187261,10.04987562112089,10.04987562112089,9.219544457292887,9.219544457292887,9.219544457292887,8.54400374531753,8.94427190999916,8.94427190999916,8.54400374531753,8.54400374531753,8.246211251235321,8.54400374531753,8.06225774829855,0.0,0.0,0.0,0.0,0.0,0.0,0.0,0.0,0.0,0.0,0.0,6.708203932499369,5.830951894845301,5.0,5.0,4.242640687119285,4.47213595499958,5.0990195135927845,6.082762530298219,6.082762530298219,7.0710678118654755,7.280109889280518,7.0710678118654755,7.0,7.0710678118654755,8.246211251235321,9.219544457292887,10.198039027185569,10.44030650891055,11.704699910719626,12.649110640673518,13.601470508735444,14.560219778561036,15.524174696260024,16.492422502470642,18.439088914585774,19.4164878389476
1787403688.689029,-71,0.0,20.396078054371138,20.396078054371138,19.235384061671343,19.1049731745428,19.026297590440446,19.026297590440446,18.0,16.0312195418814,15.033296378372908,14.0,14.035668847618199,14.142135623730951,15.033296378372908,13.038404810405298,11.045361017187261,11.045361017187261,11.045361017187261,11.045361017187261,10.198039027185569,9.486832980505138,10.44030650891055,10.44030650891055,11.40175425099138,10.198039027185569,9.219544457292887,8.06225774829855,0.0,0.0,0.0,0.0,0.0,0.0,0.0,0.0,0.0,0.0,0.0,7.0710678118654755,6.4031242374328485,5.830951894845301,6.082762530298219,6.0,5.0,6.0,7.0,8.0,8.06225774829855,9.0,9.0,9.055385138137417,10.04987562112089,11.045361017187261,11.180339887498949,11.180339887498949,12.165525060596439,13.152946437965905,13.341664064126334,13.341664064126334,13.341664064126334,14.560219778561036,16.76305461424021,17.72004514666935,18.439088914585774
1787403689.406373,-84,0.0,5.385164807134504,3.1622776601683795,3.0,2.8284271247461903,4.123105625617661,6.0,8.246211251235321,9.219544457292887,10.44030650891055,10.44030650891055,9.848857801796104,8.94427190999916,7.615773105863909,6.708203932499369,5.830951894845301,4.47213595499958,2.23606797749979,1.0,1.0,2.23606797749979,3.605551275463989,4.242640687119285,4.47213595499958,5.830951894845301,6.324555320336759,6.324555320336759,0.0,0.0,0.0,0.0,0.0,0.0,0.0,0.0,0.0,0.0,0.0,10.198039027185569,11.40175425099138,11.704699910719626,13.0,14.317821063276353,14.422205101855956,13.45362404707371,13.45362404707371,12.806248474865697,10.816653826391969,9.848857801796104,7.0710678118654755,7.280109889280518,8.602325267042627,9.899494936611665,10.0,10.816653826391969,11.40175425099138,12.041594578792296,12.806248474865697,13.45362404707371,12.206555615733702,11.40175425099138,10.295630140987,9.848857801796104,9.486832980505138
1787403689.4224021,-83,0.0,3.0,2.8284271247461903,2.0,4.0,6.082762530298219,7.0710678118654755,9.055385138137417,11.0,13.0,13.0,12.165525060596439,11.704699910719626,9.848857801796104,8.602325267042627,6.4031242374328485,5.0,2.23606797749979,1.4142135623730951,1.4142135623730951,2.8284271247461903,5.385164807134504,6.324555320336759,6.082762530298219,6.0,7.0,6.082762530298219,0.0,0.0,0.0,0.0,0.0,0.0,0.0,0.0,0.0,0.0,0.0,13.601470508735444,15.524174696260024,17.26267650163207,19.235384061671343,22.02271554554524,23.021728866442675,23.08679276123039,22.090722034374522,21.37755832643195,19.6468827043885,18.027756377319946,14.7648230602334,13.45362404707371,10.816653826391969,11.180339887498949,13.038404810405298,15.033296378372908,15.0,15.132745950421556,15.297058540778355,14.866068747318506,13.416407864998739,12.806248474865697,13.601470508735444,12.083045973594572,12.36931687685298
1787403689.837595,-72,0.0,26.68332812825267,25.96150997149434,24.351591323771842,21.540659228538015,17.4928556845359,13.45362404707371,9.848857801796104,8.06225774829855,8.602325267042627,10.0,11.661903789690601,13.038404810405298,13.892443989449804,13.601470508735444,13.45362404707371,13.45362404707371,13.601470508735444,12.529964086141668,11.704699910719626,11.40175425099138,9.219544457292887,6.082762530298219,3.1622776601683795,2.0,4.242640687119285,6.4031242374328485,0.0,0.0,0.0,0.0,0.0,0.0,0.0,0.0,0.0,0.0,0.0,2.0,2.23606797749979,4.47213595499958,5.830951894845301,7.615773105863909,9.486832980505138,11.180339887498949,13.038404810405298,15.0,15.033296378372908,15.297058540778355,15.811388300841896,16.55294535724685,16.1245154965971,15.811388300841896,15.620499351813308,14.142135623730951,12.727922061357855,9.219544457292887,5.830951894845301,3.0,3.1622776601683795,9.0,14.035668847618199,19.1049731745428,22.20360331117452
1787403689.9649522,-70,0.0,30.066592756745816,30.01666203960727,28.0178514522438,24.186773244895647,19.6468827043885,14.317821063276353,9.899494936611665,8.246211251235321,7.615773105863909,9.899494936611665,11.40175425099138,12.806248474865697,13.45362404707371,14.142135623730951,14.866068747318506,15.0,13.892443989449804,12.649110640673518,11.180339887498949,10.04987562112089,8.06225774829855,5.385164807134504,4.242640687119285,4.0,5.830951894845301,7.0710678118654755,0.0,0.0,0.0,0.0,0.0,0.0,0.0,0.0,0.0,0.0,0.0,3.605551275463989,2.0,3.1622776601683795,6.0,8.06225774829855,10.198039027185569,12.649110640673518,13.92838827718412,16.15549442140351,17.88854381999832,18.35755975068582,18.027756377319946,17.804493814764857,16.97056274847714,15.620499351813308,14.422205101855956,12.529964086141668,10.770329614269007,8.54400374531753,4.123105625617661,1.0,5.0990195135927845,10.04987562112089,15.132745950421556,19.1049731745428,23.08679276123039
1787403690.2415035,-69,0.0,30.083217912982647,29.120439557122072,26.248809496813376,23.40939982143925,20.12461179749811,15.0,11.40175425099138,9.055385138137417,9.848857801796104,11.313708498984761,13.45362404707371,15.620499351813308,17.804493814764857,19.209372712298546,19.849433241279208,19.1049731745428,19.1049731745428,17.204650534085253,15.264337522473747,13.416407864998739,11.180339887498949,7.615773105863909,4.123105625617661,1.0,2.23606797749979,5.385164807134504,0.0,0.0,0.0,0.0,0.0,0.0,0.0,0.0,0.0,0.0,0.0,3.0,1.0,2.8284271247461903,4.242640687119285,5.656854249492381,7.211102550927978,9.486832980505138,10.198039027185569,12.165525060596439,15.033296378372908,17.029386365926403,15.524174696260024,16.76305461424021,17.08800749063506,15.652475842498529,14.422205101855956,12.806248474865697,9.899494936611665,7.0710678118654755,4.242640687119285,1.4142135623730951,4.0,9.219544457292887,14.317821063276353,19.4164878389476,22.561028345356956
1787403690.283565,-70,0.0,27.294688127912362,27.294688127912362,26.1725046566048,24.08318915758459,21.02379604162864,16.278820596099706,12.529964086141668,8.602325267042627,8.06225774829855,9.219544457292887,11.180339887498949,12.529964086141668,14.7648230602334,14.7648230602334,15.652475842498529,15.652475842498529,13.92838827718412,12.36931687685298,11.045361017187261,9.055385138137417,8.246211251235321,5.385164807134504,2.8284271247461903,2.23606797749979,3.1622776601683795,6.082762530298219,0.0,0.0,0.0,0.0,0.0,0.0,0.0,0.0,0.0,0.0,0.0,2.8284271247461903,0.0,3.1622776601683795,5.385164807134504,8.06225774829855,10.0,11.045361017187261,13.152946437965905,14.317821063276353,15.811388300841896,16.15549442140351,15.652475842498529,15.0,15.556349186104045,14.212670403551895,14.422205101855956,12.529964086141668,9.848857801796104,7.615773105863909,4.47213595499958,2.23606797749979,3.605551275463989,8.246211251235321,12.36931687685298,17.46424919657298,20.396078054371138
1787403691.1440878,-83,0.0,12.529964086141668,12.083045973594572,10.295630140987,8.94427190999916,6.708203932499369,3.605551275463989,1.4142135623730951,1.0,3.1622776601683795,5.0,5.830951894845301,6.4031242374328485,7.0710678118654755,6.4031242374328485,6.708203932499369,7.280109889280518,7.280109889280518,8.06225774829855,7.280109889280518,7.280109889280518,6.324555320336759,5.830951894845301,5.830951894845301,6.324555320336759,7.0,8.06225774829855,0.0,0.0,0.0,0.0,0.0,0.0,0.0,0.0,0.0,0.0,0.0,9.219544457292887,12.206555615733702,14.422205101855956,16.1245154965971,20.12461179749811,22.847319317591726,25.298221281347036,28.160255680657446,28.861739379323623,28.861739379323623,29.614185789921695,28.635642126552707,29.427877939124322,27.65863337187866,25.0,22.47220505424423,19.235384061671343,17.204650534085253,14.212670403551895,12.041594578792296,8.602325267042627,5.0990195135927845,3.1622776601683795,3.0,4.47213595499958,6.708203932499369
1787403691.1922314,-84,0.0,22.561028345356956,20.615528128088304,19.924858845171276,17.46424919657298,15.264337522473747,13.601470508735444,11.40175425099138,9.848857801796104,8.06225774829855,8.246211251235321,9.433981132056603,10.63014581273465,12.806248474865697,12.206555615733702,13.038404810405298,13.601470508735444,12.806248474865697,11.40175425099138,10.63014581273465,8.48528137423857,6.4031242374328485,3.605551275463989,2.23606797749979,1.0,1.0,2.0,0.0,0.0,0.0,0.0,0.0,0.0,0.0,0.0,0.0,0.0,0.0,5.0,4.242640687119285,3.605551275463989,3.1622776601683795,3.1622776601683795,3.1622776601683795,3.605551275463989,4.47213595499958,4.47213595499958,5.385164807134504,5.385164807134504,5.385164807134504,5.385164807134504,4.47213595499958,5.0,6.4031242374328485,8.06225774829855,9.433981132056603,12.206555615733702,13.892443989449804,15.231546211727817,18.384776310850235,20.8806130178211,22.561028345356956,23.345235059857504,25.179356624028344
1787403691.308218,-72,0.0,25.553864678361276,25.553864678361276,23.323807579381203,20.0,15.556349186104045,11.661903789690601,9.055385138137417,8.54400374531753,8.48528137423857,11.661903789690601,13.416407864998739,15.652475842498529,17.88854381999832,18.35755975068582,18.867962264113206,18.601075237738275,17.204650534085253,15.620499351813308,12.806248474865697,10.816653826391969,8.06225774829855,5.385164807134504,3.0,2.0,4.242640687119285,7.211102550927978,0.0,0.0,0.0,0.0,0.0,0.0,0.0,0.0,0.0,0.0,0.0,3.1622776601683795,1.4142135623730951,2.8284271247461903,5.0,5.656854249492381,7.211102550927978,8.54400374531753,12.36931687685298,14.142135623730951,17.11724276862369,18.027756377319946,17.0,17.11724276862369,16.76305461424021,17.08800749063506,17.0,15.264337522473747,13.416407864998739,10.770329614269007,7.280109889280518,4.0,4.123105625617661,9.219544457292887,15.231546211727817,20.12461179749811,21.95449840010015
1787403691.399641,-87,0.0,11.180339887498949,10.198039027185569,9.219544457292887,8.06225774829855,7.0,5.0990195135927845,4.123105625617661,2.23606797749979,0.0,2.0,3.0,5.0,6.0,7.0710678118654755,6.324555320336759,7.280109889280518,8.246211251235321,8.54400374531753,6.708203932499369,6.708203932499369,6.708203932499369,5.830951894845301,4.47213595499958,4.47213595499958,4.123105625617661,3.1622776601683795,0.0,0.0,0.0,0.0,0.0,0.0,0.0,0.0,0.0,0.0,0.0,16.278820596099706,15.556349186104045,14.212670403551895,12.206555615733702,11.180339887498949,10.44030650891055,11.180339887498949,11.045361017187261,10.0,10.198039027185569,8.246211251235321,8.246211251235321,7.280109889280518,7.280109889280518,5.0990195135927845,2.23606797749979,1.4142135623730951,2.8284271247461903,5.0990195135927845,6.082762530298219,8.246211251235321,10.198039027185569,11.180339887498949,11.40175425099138,11.40175425099138,11.40175425099138
1787403691.566746,-72,0.0,26.076809620810597,25.553864678361276,22.825424421026653,20.12461179749811,16.76305461424021,13.0,9.486832980505138,7.810249675906654,8.246211251235321,10.0,11.045361017187261,13.038404810405298,15.0,16.0,16.0312195418814,16.0312195418814,15.132745950421556,14.317821063276353,12.649110640673518,10.770329614269007,9.486832980505138,6.324555320336759,2.23606797749979,1.0,4.123105625617661,6.708203932499369,0.0,0.0,0.0,0.0,0.0,0.0,0.0,0.0,0.0,0.0,0.0,6.082762530298219,3.1622776601683795,3.1622776601683795,5.830951894845301,8.602325267042627,10.816653826391969,13.038404810405298,14.7648230602334,16.55294535724685,17.08800749063506,18.027756377319946,17.46424919657298,17.029386365926403,17.029386365926403,16.278820596099706,15.524174696260024,14.560219778561036,12.36931687685298,9.486832980505138,4.123105625617661,1.0,4.242640687119285,9.219544457292887,15.0,19.209372712298546,21.400934559032695
1787403691.8927276,-70,0.0,33.015148038438355,30.23243291566195,27.80287754891569,25.495097567963924,20.615528128088304,15.652475842498529,11.045361017187261,9.848857801796104,10.63014581273465,11.704699910719626,12.649110640673518,12.649110640673518,14.7648230602334,17.4928556845359,18.027756377319946,17.204650534085253,17.029386365926403,15.556349186104045,14.422205101855956,11.661903789690601,9.433981132056603,7.211102550927978,3.605551275463989,0.0,2.8284271247461903,5.385164807134504,0.0,0.0,0.0,0.0,0.0,0.0,0.0,0.0,0.0,0.0,0.0,5.0,3.605551275463989,0.0,3.605551275463989,6.4031242374328485,9.219544457292887,11.661903789690601,14.317821063276353,15.811388300841896,17.46424919657298,19.235384061671343,19.1049731745428,20.0,19.235384061671343,18.681541692269406,17.72004514666935,15.231546211727817,12.529964086141668,9.848857801796104,6.324555320336759,2.0,4.47213595499958,12.083045973594572,18.788294228055936,24.186773244895647,27.784887978899608
1787403691.958566,-71,0.0,33.1058907144937,31.304951684997057,29.5296461204668,25.238858928247925,19.849433241279208,14.212670403551895,10.770329614269007,8.06225774829855,9.219544457292887,11.180339887498949,12.649110640673518,13.416407864998739,14.422205101855956,14.212670403551895,14.142135623730951,14.212670403551895,14.422205101855956,14.7648230602334,13.92838827718412,12.36931687685298,10.198039027185569,8.246211251235321,5.0,2.23606797749979,2.8284271247461903,6.708203932499369,0.0,0.0,0.0,0.0,0.0,0.0,0.0,0.0,0.0,0.0,0.0,6.324555320336759,4.0,2.23606797749979,3.605551275463989,8.06225774829855,11.704699910719626,13.601470508735444,15.811388300841896,17.46424919657298,19.1049731745428,21.02379604162864,21.02379604162864,20.223748416156685,18.681541692269406,18.384776310850235,17.4928556845359,15.264337522473747,13.038404810405298,10.0,5.830951894845301,4.0,5.0990195135927845,11.180339887498949,18.973665961010276,24.698178070456937,28.231188426986208
1787403692.6909564,-71,0.0,34.17601498127012,33.24154027718932,30.463092423455635,27.294688127912362,22.20360331117452,15.620499351813308,10.44030650891055,8.246211251235321,10.63014581273465,13.601470508735444,15.264337522473747,17.4928556845359,19.4164878389476,18.439088914585774,17.69180601295413,17.029386365926403,15.811388300841896,14.317821063276353,12.36931687685298,10.198039027185569,9.055385138137417,6.0,2.0,1.0,5.0,7.0,0.0,0.0,0.0,0.0,0.0,0.0,0.0,0.0,0.0,0.0,0.0,8.0,5.0990195135927845,3.605551275463989,4.123105625617661,7.211102550927978,9.433981132056603,12.083045973594572,14.866068747318506,17.72004514666935,19.6468827043885,20.615528128088304,21.37755832643195,20.09975124224178,19.0,18.24828759089466,17.46424919657298,14.560219778561036,11.704699910719626,7.280109889280518,4.47213595499958,5.385164807134504,9.055385138137417,13.601470508735444,20.248456731316587,25.632011235952593,29.410882339705484
1787403692.786112,-72,0.0,20.615528128088304,20.8806130178211,20.8806130178211,20.248456731316587,19.313207915827967,18.788294228055936,17.88854381999832,17.0,15.264337522473747,13.892443989449804,12.083045973594572,11.704699910719626,11.40175425099138,11.40175425099138,11.40175425099138,11.40175425099138,10.44030650891055,10.198039027185569,9.055385138137417,9.055385138137417,10.04987562112089,11.045361017187261,11.180339887498949,11.180339887498949,11.40175425099138,9.219544457292887,0.0,0.0,0.0,0.0,0.0,0.0,0.0,0.0,0.0,0.0,0.0,9.848857801796104,8.94427190999916,8.06225774829855,7.211102550927978,7.211102550927978,7.0710678118654755,7.810249675906654,8.602325267042627,8.602325267042627,9.433981132056603,10.0,9.433981132056603,8.94427190999916,8.94427190999916,10.295630140987,11.704699910719626,11.704699910719626,11.704699910719626,12.649110640673518,12.649110640673518,13.341664064126334,14.317821063276353,15.297058540778355,16.492422502470642,18.681541692269406,18.681541692269406
1787403692.883522,-70,0.0,28.42534080710379,28.600699292150182,26.92582403567252,22.360679774997898,18.384776310850235,14.560219778561036,10.0,6.4031242374328485,7.0710678118654755,10.04987562112089,12.165525060596439,14.035668847618199,16.0312195418814,17.029386365926403,17.11724276862369,17.26267650163207,16.492422502470642,13.92838827718412,12.206555615733702,10.63014581273465,8.48528137423857,5.656854249492381,2.23606797749979,1.0,4.123105625617661,5.385164807134504,0.0,0.0,0.0,0.0,0.0,0.0,0.0,0.0,0.0,0.0,0.0,5.0990195135927845,3.1622776601683795,1.0,3.0,5.0990195135927845,8.54400374531753,10.770329614269007,13.0,14.7648230602334,16.64331697709324,18.027756377319946,17.4928556845359,16.401219466856727,14.866068747318506,12.806248474865697,10.816653826391969,8.54400374531753,6.324555320336759,3.1622776601683795,2.23606797749979,3.605551275463989,8.06225774829855,11.661903789690601,17.0,20.591260281974,21.95449840010015
1787403692.8972702,-70,0.0,28.460498941515414,29.732137494637012,27.202941017470888,22.561028345356956,18.110770276274835,13.0,8.94427190999916,6.082762530298219,8.06225774829855,11.40175425099138,15.811388300841896,17.0,17.0,19.235384061671343,19.313207915827967,18.027756377319946,16.76305461424021,15.524174696260024,13.152946437965905,11.0,10.04987562112089,7.0710678118654755,4.47213595499958,1.4142135623730951,2.0,5.0990195135927845,0.0,0.0,0.0,0.0,0.0,0.0,0.0,0.0,0.0,0.0,0.0,6.0,4.123105625617661,2.23606797749979,2.0,4.242640687119285,7.0710678118654755,10.63014581273465,13.45362404707371,14.866068747318506,16.97056274847714,18.384776310850235,17.69180601295413,15.811388300841896,14.7648230602334,14.317821063276353,12.083045973594572,9.486832980505138,6.324555320336759,3.1622776601683795,1.0,2.8284271247461903,6.4031242374328485,10.295630140987,17.72004514666935,22.135943621178654,23.40939982143925
1787403692.9248405,-70,0.0,28.160255680657446,28.160255680657446,25.96150997149434,22.561028345356956,18.110770276274835,14.035668847618199,9.486832980505138,7.211102550927978,7.0710678118654755,9.433981132056603,11.661903789690601,13.038404810405298,14.7648230602334,15.231546211727817,14.866068747318506,15.811388300841896,14.317821063276353,13.038404810405298,11.045361017187261,9.055385138137417,7.280109889280518,4.47213595499958,2.23606797749979,1.4142135623730951,4.0,6.082762530298219,0.0,0.0,0.0,0.0,0.0,0.0,0.0,0.0,0.0,0.0,0.0,6.708203932499369,4.242640687119285,3.0,3.605551275463989,5.385164807134504,7.280109889280518,11.704699910719626,14.866068747318506,15.231546211727817,16.15549442140351,17.08800749063506,15.652475842498529,14.422205101855956,13.45362404707371,12.041594578792296,11.40175425099138,9.433981132056603,7.211102550927978,4.242640687119285,2.0,3.605551275463989,7.615773105863909,11.704699910719626,16.492422502470642,20.8806130178211,22.47220505424423
1787403692.9293954,-69,0.0,28.231188426986208,28.231188426986208,25.079872407968907,21.93171219946131,18.027756377319946,13.152946437965905,8.06225774829855,5.656854249492381,6.0,8.54400374531753,11.704699910719626,13.601470508735444,13.92838827718412,14.866068747318506,16.492422502470642,16.492422502470642,15.132745950421556,14.035668847618199,12.0,10.198039027185569,7.615773105863909,5.385164807134504,3.1622776601683795,1.0,4.123105625617661,7.0,0.0,0.0,0.0,0.0,0.0,0.0,0.0,0.0,0.0,0.0,0.0,2.23606797749979,1.0,2.23606797749979,3.1622776601683795,5.385164807134504,7.211102550927978,9.219544457292887,11.40175425099138,13.601470508735444,16.401219466856727,19.209372712298546,19.209372712298546,15.811388300841896,14.7648230602334,13.92838827718412,13.92838827718412,11.704699910719626,7.615773105863909,5.0,3.605551275463989,3.1622776601683795,7.0710678118654755,12.529964086141668,17.88854381999832,21.02379604162864,21.93171219946131
1787403692.9927151,-70,0.0,30.364452901377952,30.083217912982647,26.92582403567252,22.561028345356956,18.24828759089466,14.0,9.486832980505138,7.0710678118654755,7.0710678118654755,10.04987562112089,11.180339887498949,12.36931687685298,14.142135623730951,15.132745950421556,15.033296378372908,15.0,14.142135623730951,13.601470508735444,12.083045973594572,10.295630140987,8.602325267042627,5.830951894845301,2.8284271247461903,1.0,4.123105625617661,5.830951894845301,0.0,0.0,0.0,0.0,0.0,0.0,0.0,0.0,0.0,0.0,0.0,3.605551275463989,1.0,2.0,4.123105625617661,6.082762530298219,9.055385138137417,11.0,13.038404810405298,14.142135623730951,15.297058540778355,16.76305461424021,16.15549442140351,13.892443989449804,14.866068747318506,14.212670403551895,13.601470508735444,12.206555615733702,10.0,7.0710678118654755,4.47213595499958,4.47213595499958,8.602325267042627,13.416407864998739,17.46424919657298,22.47220505424423,25.298221281347036
1787403693.1834528,-71,0.0,25.632011235952593,24.73863375370596,23.53720459187964,22.360679774997898,21.37755832643195,20.396078054371138,18.24828759089466,17.11724276862369,15.132745950421556,13.152946437965905,11.40175425099138,11.704699910719626,12.083045973594572,11.180339887498949,11.180339887498949,10.816653826391969,10.63014581273465,9.899494936611665,9.219544457292887,9.433981132056603,9.433981132056603,10.0,10.0,10.0,10.0,9.433981132056603,0.0,0.0,0.0,0.0,0.0,0.0,0.0,0.0,0.0,0.0,0.0,8.06225774829855,6.708203932499369,6.708203932499369,7.211102550927978,6.4031242374328485,5.656854249492381,6.4031242374328485,7.211102550927978,8.06225774829855,8.94427190999916,8.54400374531753,8.246211251235321,9.0,13.152946437965905,12.041594578792296,11.0,13.0,14.035668847618199,15.132745950421556,15.132745950421556,15.297058540778355,17.46424919657298,18.681541692269406,20.615528128088304,20.396078054371138,17.11724276862369
1787403693.4061966,-70,0.0,21.213203435596427,21.095023109728988,21.02379604162864,20.024984394500787,19.026297590440446,18.027756377319946,17.029386365926403,15.033296378372908,14.035668847618199,12.0,11.045361017187261,10.04987562112089,10.198039027185569,10.44030650891055,9.486832980505138,9.486832980505138,9.848857801796104,8.94427190999916,9.433981132056603,9.433981132056603,11.180339887498949,11.180339887498949,10.770329614269007,9.848857801796104,9.486832980505138,8.54400374531753,0.0,0.0,0.0,0.0,0.0,0.0,0.0,0.0,0.0,0.0,0.0,6.4031242374328485,6.4031242374328485,6.4031242374328485,6.4031242374328485,6.708203932499369,6.324555320336759,7.0710678118654755,7.0710678118654755,7.0710678118654755,7.0710678118654755,8.06225774829855,8.0,8.06225774829855,8.06225774829855,10.198039027185569,11.40175425099138,11.40175425099138,11.40175425099138,12.165525060596439,13.152946437965905,13.341664064126334,14.560219778561036,15.524174696260024,17.46424919657298,19.6468827043885,20.396078054371138
1787403693.608449,-70,0.0,21.93171219946131,20.615528128088304,20.615528128088304,20.248456731316587,19.6468827043885,18.439088914585774,18.24828759089466,16.1245154965971,15.132745950421556,14.142135623730951,12.165525060596439,11.180339887498949,10.198039027185569,9.219544457292887,9.486832980505138,8.54400374531753,7.615773105863909,8.06225774829855,8.06225774829855,8.06225774829855,8.602325267042627,7.211102550927978,7.211102550927978,6.708203932499369,7.211102550927978,7.0710678118654755,0.0,0.0,0.0,0.0,0.0,0.0,0.0,0.0,0.0,0.0,0.0,7.280109889280518,6.082762530298219,5.0,5.0990195135927845,5.0990195135927845,5.385164807134504,6.324555320336759,7.280109889280518,7.0710678118654755,8.246211251235321,8.246211251235321,8.246211251235321,8.54400374531753,8.54400374531753,8.54400374531753,9.848857801796104,10.295630140987,10.295630140987,11.661903789690601,12.206555615733702,13.038404810405298,13.892443989449804,15.264337522473747,17.4928556845359,18.027756377319946,19.4164878389476
1787403693.7112384,-71,0.0,20.808652046684813,20.808652046684813,20.248456731316587,20.248456731316587,20.591260281974,19.697715603592208,18.384776310850235,16.76305461424021,14.560219778561036,12.649110640673518,11.40175425099138,10.770329614269007,9.848857801796104,9.848857801796104,8.94427190999916,8.06225774829855,8.06225774829855,7.211102550927978,5.656854249492381,5.656854249492381,6.4031242374328485,7.211102550927978,7.0710678118654755,6.4031242374328485,5.830951894845301,5.830951894845301,0.0,0.0,0.0,0.0,0.0,0.0,0.0,0.0,0.0,0.0,0.0,9.0,9.0,9.0,9.0,9.055385138137417,9.055385138137417,9.219544457292887,9.219544457292887,9.055385138137417,9.055385138137417,9.055385138137417,9.219544457292887,9.486832980505138,9.486832980505138,9.486832980505138,8.94427190999916,9.433981132056603,11.40175425099138,11.40175425099138,12.806248474865697,14.212670403551895,14.866068747318506,16.278820596099706,17.804493814764857,18.439088914585774,18.439088914585774
1787403693.9159386,-71,0.0,20.248456731316587,21.18962010041709,21.18962010041709,20.8806130178211,19.6468827043885,18.24828759089466,17.26267650163207,16.278820596099706,14.142135623730951,12.165525060596439,12.165525060596439,10.198039027185569,10.198039027185569,9.219544457292887,9.219544457292887,8.54400374531753,7.615773105863909,7.211102550927978,7.211102550927978,7.810249675906654,7.0710678118654755,7.0710678118654755,7.810249675906654,7.810249675906654,7.0710678118654755,7.0710678118654755,0.0,0.0,0.0,0.0,0.0,0.0,0.0,0.0,0.0,0.0,0.0,7.0,8.246211251235321,12.041594578792296,12.041594578792296,9.848857801796104,9.433981132056603,8.54400374531753,9.219544457292887,9.055385138137417,9.0,9.0,8.06225774829855,8.0,8.06225774829855,8.06225774829855,9.219544457292887,9.486832980505138,10.44030650891055,12.083045973594572,12.083045973594572,13.416407864998739,14.7648230602334,15.652475842498529,17.0,17.88854381999832,17.46424919657298
1787403694.3147697,-69,0.0,28.635642126552707,26.476404589747453,23.08679276123039,20.024984394500787,17.0,13.341664064126334,9.848857801796104,5.656854249492381,7.0710678118654755,9.055385138137417,9.0,11.045361017187261,13.038404810405298,14.0,14.035668847618199,14.142135623730951,14.560219778561036,13.92838827718412,13.0,11.180339887498949,8.94427190999916,5.830951894845301,3.605551275463989,1.4142135623730951,3.1622776601683795,4.47213595499958,0.0,0.0,0.0,0.0,0.0,0.0,0.0,0.0,0.0,0.0,0.0,5.0,2.23606797749979,1.4142135623730951,2.23606797749979,4.242640687119285,6.708203932499369,9.219544457292887,12.165525060596439,14.142135623730951,17.029386365926403,18.0,18.027756377319946,18.027756377319946,16.278820596099706,14.560219778561036,13.0,10.770329614269007,8.54400374531753,5.0990195135927845,2.23606797749979,4.123105625617661,9.486832980505138,13.152946437965905,17.029386365926403,21.02379604162864,23.021728866442675
1787403694.3743808,-68,0.0,23.323807579381203,22.47220505424423,21.470910553583888,19.697715603592208,16.15549442140351,12.165525060596439,8.246211251235321,7.0710678118654755,7.280109889280518,10.0,11.045361017187261,11.180339887498949,15.132745950421556,18.110770276274835,16.278820596099706,13.152946437965905,12.083045973594572,11.704699910719626,13.0,13.45362404707371,12.041594578792296,8.602325267042627,4.47213595499958,1.4142135623730951,3.1622776601683795,5.830951894845301,0.0,0.0,0.0,0.0,0.0,0.0,0.0,0.0,0.0,0.0,0.0,5.0,2.0,0.0,2.0,4.123105625617661,6.324555320336759,8.06225774829855,10.63014581273465,13.45362404707371,16.278820596099706,16.278820596099706,15.556349186104045,14.212670403551895,12.529964086141668,12.083045973594572,11.40175425099138,10.44030650891055,8.246211251235321,5.385164807134504,2.23606797749979,3.605551275463989,7.211102550927978,11.661903789690601,15.264337522473747,18.867962264113206,21.095023109728988
1787403694.3947265,-69,0.0,31.25699921617557,31.575306807693888,25.709920264364882,17.72004514666935,15.652475842498529,12.806248474865697,9.219544457292887,7.615773105863909,8.602325267042627,11.313708498984761,14.212670403551895,14.866068747318506,16.401219466856727,22.360679774997898,23.021728866442675,17.804493814764857,16.64331697709324,20.248456731316587,16.55294535724685,9.055385138137417,8.246211251235321,7.0710678118654755,4.47213595499958,1.4142135623730951,2.8284271247461903,4.123105625617661,0.0,0.0,0.0,0.0,0.0,0.0,0.0,0.0,0.0,0.0,0.0,3.605551275463989,2.23606797749979,1.4142135623730951,3.0,3.1622776601683795,5.0,8.246211251235321,10.44030650891055,12.36931687685298,14.560219778561036,15.524174696260024,15.811388300841896,15.231546211727817,14.7648230602334,14.422205101855956,12.806248474865697,11.313708498984761,9.219544457292887,7.211102550927978,4.0,3.605551275463989,6.082762530298219,11.0,16.0312195418814,20.09975124224178,21.02379604162864
1787403694.8257189,-88,0.0,9.899494936611665,10.816653826391969,11.704699910719626,12.36931687685298,14.142135623730951,15.0,17.029386365926403,17.26267650163207,16.278820596099706,16.278820596099706,16.278820596099706,15.297058540778355,13.152946437965905,12.165525060596439,10.04987562112089,8.0,7.0710678118654755,4.123105625617661,1.4142135623730951,1.0,1.0,2.23606797749979,2.23606797749979,3.1622776601683795,5.0990195135927845,5.385164807134504,0.0,0.0,0.0,0.0,0.0,0.0,0.0,0.0,0.0,0.0,0.0,7.0710678118654755,6.082762530298219,5.0,4.123105625617661,3.1622776601683795,2.8284271247461903,3.605551275463989,4.47213595499958,4.123105625617661,4.47213595499958,5.385164807134504,6.708203932499369,6.4031242374328485,7.0710678118654755,7.211102550927978,6.708203932499369,6.708203932499369,7.280109889280518,8.54400374531753,9.219544457292887,11.40175425099138,11.40175425099138,12.36931687685298,13.341664064126334,14.317821063276353,15.297058540778355
1787403695.0480964,-88,0.0,10.44030650891055,9.433981132056603,7.810249675906654,6.4031242374328485,5.385164807134504,5.0,4.47213595499958,5.0,5.0,4.47213595499958,4.123105625617661,3.0,2.0,2.23606797749979,2.23606797749979,3.1622776601683795,3.1622776601683795,4.242640687119285,4.242640687119285,5.0,6.4031242374328485,7.211102550927978,6.708203932499369,7.615773105863909,6.324555320336759,7.280109889280518,0.0,0.0,0.0,0.0,0.0,0.0,0.0,0.0,0.0,0.0,0.0,12.041594578792296,11.0,11.045361017187261,11.40175425099138,11.180339887498949,10.816653826391969,11.313708498984761,11.40175425099138,11.180339887498949,10.770329614269007,10.44030650891055,10.04987562112089,9.0,8.06225774829855,8.06225774829855,8.246211251235321,9.219544457292887,10.198039027185569,10.198039027185569,12.165525060596439,12.165525060596439,13.152946437965905,14.142135623730951,15.132745950421556,15.033296378372908,15.132745950421556
1787403695.0579937,-87,0.0,9.219544457292887,8.06225774829855,7.0,6.082762530298219,5.385164807134504,3.605551275463989,3.1622776601683795,2.23606797749979,2.23606797749979,2.0,2.0,3.605551275463989,5.830951894845301,5.656854249492381,5.385164807134504,6.082762530298219,6.082762530298219,7.0,6.324555320336759,7.280109889280518,7.615773105863909,7.211102550927978,7.211102550927978,6.4031242374328485,5.0,5.0,0.0,0.0,0.0,0.0,0.0,0.0,0.0,0.0,0.0,0.0,0.0,12.0,12.041594578792296,12.165525060596439,11.40175425099138,10.770329614269007,10.295630140987,9.219544457292887,9.219544457292887,9.433981132056603,8.94427190999916,8.54400374531753,8.246211251235321,9.219544457292887,9.055385138137417,8.06225774829855,8.06225774829855,8.06225774829855,9.055385138137417,9.486832980505138,10.44030650891055,10.770329614269007,11.180339887498949,11.661903789690601,13.038404810405298,13.601470508735444,14.212670403551895
1787403695.159029,-71,0.0,28.160255680657446,27.202941017470888,25.96150997149434,23.53720459187964,19.1049731745428,14.0,9.486832980505138,6.4031242374328485,7.0,8.54400374531753,10.295630140987,12.529964086141668,14.7648230602334,15.652475842498529,15.652475842498529,15.231546211727817,13.92838827718412,13.341664064126334,11.045361017187261,9.055385138137417,7.0710678118654755,4.123105625617661,2.0,1.4142135623730951,4.0,6.0,0.0,0.0,0.0,0.0,0.0,0.0,0.0,0.0,0.0,0.0,0.0,2.8284271247461903,2.23606797749979,1.4142135623730951,4.0,6.0,7.0710678118654755,9.486832980505138,12.083045973594572,14.317821063276353,16.1245154965971,16.1245154965971,15.811388300841896,14.866068747318506,14.212670403551895,13.601470508735444,12.529964086141668,11.704699910719626,9.486832980505138,6.708203932499369,3.605551275463989,1.0,5.0,9.848857801796104,14.317821063276353,18.788294228055936,21.93171219946131
1787403695.159029,-86,0.0,5.385164807134504,5.0,3.605551275463989,3.1622776601683795,3.0,4.47213595499958,4.47213595499958,5.0,5.830951894845301,5.830951894845301,5.830951894845301,6.324555320336759,6.708203932499369,5.830951894845301,5.385164807134504,5.385164807134504,4.47213595499958,4.123105625617661,4.0,3.605551275463989,3.605551275463989,5.385164807134504,7.615773105863909,8.94427190999916,9.848857801796104,11.180339887498949,0.0,0.0,0.0,0.0,0.0,0.0,0.0,0.0,0.0,0.0,0.0,5.385164807134504,5.0990195135927845,4.0,4.242640687119285,4.47213595499958,6.082762530298219,8.06225774829855,9.055385138137417,11.0,12.0,13.038404810405298,12.0,11.0,11.045361017187261,11.045361017187261,12.041594578792296,13.341664064126334,14.317821063276353,15.524174696260024,17.72004514666935,19.6468827043885,20.615528128088304,20.8806130178211,21.840329667841555,20.8806130178211,20.8806130178211
1787403697.0378065,-71,0.0,27.85677655436824,26.92582403567252,25.079872407968907,22.847319317591726,19.235384061671343,15.0,10.63014581273465,7.280109889280518,6.324555320336759,7.810249675906654,9.899494936611665,10.63014581273465,12.806248474865697,14.212670403551895,15.0,14.422205101855956,14.7648230602334,13.416407864998739,13.0,11.40175425099138,9.486832980505138,7.615773105863909,4.47213595499958,2.0,2.8284271247461903,4.47213595499958,0.0,0.0,0.0,0.0,0.0,0.0,0.0,0.0,0.0,0.0,0.0,4.123105625617661,3.1622776601683795,1.4142135623730951,0.0,2.23606797749979,4.242640687119285,7.211102550927978,9.848857801796104,12.083045973594572,14.317821063276353,16.15549442140351,16.76305461424021,15.297058540778355,15.132745950421556,14.0,13.038404810405298,11.180339887498949,10.44030650891055,7.280109889280518,4.123105625617661,1.4142135623730951,4.123105625617661,8.54400374531753,13.601470508735444,18.027756377319946,21.540659228538015
1787403697.0412245,-69,0.0,32.31098884280702,32.31098884280702,31.016124838541646,27.51363298439521,23.08679276123039,19.235384061671343,13.0,8.54400374531753,6.4031242374328485,6.324555320336759,8.06225774829855,10.04987562112089,12.041594578792296,13.038404810405298,14.142135623730951,15.297058540778355,15.524174696260024,14.560219778561036,13.92838827718412,12.529964086141668,10.295630140987,7.211102550927978,4.123105625617661,1.4142135623730951,4.47213595499958,7.615773105863909,0.0,0.0,0.0,0.0,0.0,0.0,0.0,0.0,0.0,0.0,0.0,3.1622776601683795,1.0,1.0,1.4142135623730951,4.123105625617661,6.0,8.06225774829855,10.04987562112089,14.035668847618199,17.26267650163207,18.439088914585774,18.681541692269406,18.384776310850235,18.35755975068582,16.401219466856727,15.0,12.806248474865697,10.63014581273465,7.810249675906654,5.830951894845301,5.0990195135927845,7.211102550927978,10.770329614269007,17.08800749063506,22.47220505424423,24.698178070456937
1787403697.3570104,-68,0.0,28.284271247461902,26.076809620810597,23.194827009486403,20.396078054371138,18.027756377319946,13.416407864998739,8.602325267042627,5.830951894845301,5.0990195135927845,7.211102550927978,9.219544457292887,10.0,11.313708498984761,12.727922061357855,14.142135623730951,14.866068747318506,13.601470508735444,12.206555615733702,10.295630140987,8.94427190999916,5.830951894845301,3.1622776601683795,0.0,2.23606797749979,4.47213595499958,5.385164807134504,0.0,0.0,0.0,0.0,0.0,0.0,0.0,0.0,0.0,0.0,0.0,2.8284271247461903,1.4142135623730951,1.0,2.23606797749979,4.123105625617661,6.082762530298219,9.055385138137417,11.0,12.041594578792296,14.142135623730951,17.11724276862369,17.46424919657298,16.492422502470642,14.560219778561036,13.92838827718412,12.529964086141668,10.295630140987,7.615773105863909,5.385164807134504,4.0,2.23606797749979,4.123105625617661,10.198039027185569,16.0312195418814,21.095023109728988,25.0
1787403697.8014748,-70,0.0,20.396078054371138,20.396078054371138,21.213203435596427,21.095023109728988,20.024984394500787,19.0,17.029386365926403,16.0312195418814,14.142135623730951,12.041594578792296,11.045361017187261,10.0,10.04987562112089,10.198039027185569,10.198039027185569,10.198039027185569,10.198039027185569,10.198039027185569,9.219544457292887,9.486832980505138,9.486832980505138,8.54400374531753,8.246211251235321,8.246211251235321,7.280109889280518,7.280109889280518,0.0,0.0,0.0,0.0,0.0,0.0,0.0,0.0,0.0,0.0,0.0,7.810249675906654,6.708203932499369,7.615773105863909,7.615773105863909,7.280109889280518,7.280109889280518,7.280109889280518,8.246211251235321,9.219544457292887,9.219544457292887,10.198039027185569,9.219544457292887,9.055385138137417,9.055385138137417,9.0,9.0,10.04987562112089,11.180339887498949,12.165525060596439,13.152946437965905,14.317821063276353,15.297058540778355,15.297058540778355,16.492422502470642,18.439088914585774,19.6468827043885
1787403697.817202,-87,0.0,5.385164807134504,5.0,5.830951894845301,6.324555320336759,7.0,8.246211251235321,7.615773105863909,7.280109889280518,6.708203932499369,5.830951894845301,5.385164807134504,4.47213595499958,3.605551275463989,3.605551275463989,2.23606797749979,2.0,2.0,2.0,2.0,3.1622776601683795,3.605551275463989,3.605551275463989,3.605551275463989,4.242640687119285,5.0,5.0,0.0,0.0,0.0,0.0,0.0,0.0,0.0,0.0,0.0,0.0,0.0,15.620499351813308,17.204650534085253,18.027756377319946,18.35755975068582,18.384776310850235,18.027756377319946,15.811388300841896,12.36931687685298,8.06225774829855,5.0990195135927845,4.0,6.708203932499369,10.63014581273465,12.727922061357855,14.212670403551895,15.0,15.620499351813308,13.45362404707371,12.206555615733702,10.770329614269007,9.055385138137417,9.219544457292887,8.54400374531753,10.816653826391969,12.041594578792296,12.041594578792296
1787403697.896666,-70,0.0,20.024984394500787,21.02379604162864,21.0,21.02379604162864,21.095023109728988,20.223748416156685,19.4164878389476,17.46424919657298,15.524174696260024,14.560219778561036,13.341664064126334,12.36931687685298,11.180339887498949,11.180339887498949,11.180339887498949,10.198039027185569,10.198039027185569,10.198039027185569,9.055385138137417,8.0,9.0,9.0,8.0,8.0,8.0,8.06225774829855,0.0,0.0,0.0,0.0,0.0,0.0,0.0,0.0,0.0,0.0,0.0,7.211102550927978,7.211102550927978,6.708203932499369,7.280109889280518,7.280109889280518,7.280109889280518,8.246211251235321,8.246211251235321,9.219544457292887,9.486832980505138,9.486832980505138,9.486832980505138,9.219544457292887,9.055385138137417,10.04987562112089,10.04987562112089,10.0,11.0,13.038404810405298,13.038404810405298,14.035668847618199,14.142135623730951,15.132745950421556,17.11724276862369,18.24828759089466,19.1049731745428
1787403698.214901,-69,0.0,30.479501308256342,31.240998703626616,30.610455730027933,27.202941017470888,23.323807579381203,17.46424919657298,12.165525060596439,8.246211251235321,7.810249675906654,8.246211251235321,11.045361017187261,13.152946437965905,16.1245154965971,17.26267650163207,18.439088914585774,18.681541692269406,18.681541692269406,16.76305461424021,14.866068747318506,11.704699910719626,8.54400374531753,5.0990195135927845,2.0,3.1622776601683795,5.830951894845301,7.810249675906654,0.0,0.0,0.0,0.0,0.0,0.0,0.0,0.0,0.0,0.0,0.0,5.0990195135927845,3.1622776601683795,1.0,3.605551275463989,5.830951894845301,8.06225774829855,9.899494936611665,13.45362404707371,16.278820596099706,18.439088914585774,19.849433241279208,20.0,18.867962264113206,17.46424919657298,17.46424919657298,16.1245154965971,14.0,12.041594578792296,9.055385138137417,6.0,2.23606797749979,3.605551275463989,7.810249675906654,13.601470508735444,20.0,23.430749027719962
1787403698.3107057,-69,0.0,21.95449840010015,21.470910553583888,21.93171219946131,21.02379604162864,20.615528128088304,19.313207915827967,17.72004514666935,16.76305461424021,15.524174696260024,13.601470508735444,12.649110640673518,12.083045973594572,12.529964086141668,11.661903789690601,12.206555615733702,11.661903789690601,11.661903789690601,11.661903789690601,11.661903789690601,10.816653826391969,10.816653826391969,10.816653826391969,10.816653826391969,10.295630140987,9.433981132056603,9.433981132056603,0.0,0.0,0.0,0.0,0.0,0.0,0.0,0.0,0.0,0.0,0.0,7.0710678118654755,7.0,7.0710678118654755,8.06225774829855,8.246211251235321,8.246211251235321,8.246211251235321,8.246211251235321,9.219544457292887,10.198039027185569,10.198039027185569,9.486832980505138,9.486832980505138,10.770329614269007,10.770329614269007,11.180339887498949,11.661903789690601,12.529964086141668,13.038404810405298,13.601470508735444,14.422205101855956,15.811388300841896,16.64331697709324,18.027756377319946,19.4164878389476,20.248456731316587
1787403698.4059775,-71,0.0,18.24828759089466,19.235384061671343,20.223748416156685,21.095023109728988,18.0,17.46424919657298,18.681541692269406,16.278820596099706,12.36931687685298,11.180339887498949,10.198039027185569,10.198039027185569,11.045361017187261,11.045361017187261,11.045361017187261,11.180339887498949,10.198039027185569,9.055385138137417,9.0,8.0,8.06225774829855,8.246211251235321,8.06225774829855,7.0710678118654755,7.0710678118654755,7.280109889280518,0.0,0.0,0.0,0.0,0.0,0.0,0.0,0.0,0.0,0.0,0.0,6.082762530298219,6.082762530298219,6.0,6.0,7.0,7.0710678118654755,7.280109889280518,8.06225774829855,8.06225774829855,9.0,9.055385138137417,8.06225774829855,8.06225774829855,8.246211251235321,9.486832980505138,9.219544457292887,9.219544457292887,10.44030650891055,11.704699910719626,11.704699910719626,11.40175425099138,11.40175425099138,11.40175425099138,13.601470508735444,15.811388300841896,16.15549442140351
1787403698.6243908,-70,0.0,20.0,20.0,21.400934559032695,21.400934559032695,21.2602916254693,21.213203435596427,19.1049731745428,18.439088914585774,17.204650534085253,14.422205101855956,12.206555615733702,12.041594578792296,10.63014581273465,10.63014581273465,11.313708498984761,12.806248474865697,12.727922061357855,11.313708498984761,10.63014581273465,11.40175425099138,11.661903789690601,9.433981132056603,7.810249675906654,7.810249675906654,7.211102550927978,7.615773105863909,0.0,0.0,0.0,0.0,0.0,0.0,0.0,0.0,0.0,0.0,0.0,9.219544457292887,8.06225774829855,8.06225774829855,9.486832980505138,8.94427190999916,7.615773105863909,7.280109889280518,8.54400374531753,9.433981132056603,9.433981132056603,9.433981132056603,8.06225774829855,7.211102550927978,7.211102550927978,7.810249675906654,9.219544457292887,10.0,10.816653826391969,11.661903789690601,12.529964086141668,13.416407864998739,13.416407864998739,14.422205101855956,16.1245154965971,17.88854381999832,18.35755975068582
1787403698.724646,-70,0.0,20.223748416156685,21.095023109728988,21.095023109728988,21.213203435596427,20.09975124224178,20.0,20.024984394500787,19.026297590440446,17.029386365926403,14.142135623730951,13.038404810405298,13.038404810405298,13.038404810405298,13.0,11.0,10.0,11.0,11.0,10.0,9.055385138137417,8.06225774829855,8.246211251235321,8.06225774829855,7.0,6.082762530298219,6.324555320336759,0.0,0.0,0.0,0.0,0.0,0.0,0.0,0.0,0.0,0.0,0.0,9.433981132056603,9.433981132056603,8.94427190999916,8.54400374531753,8.54400374531753,8.54400374531753,9.219544457292887,10.198039027185569,10.44030650891055,10.44030650891055,10.198039027185569,10.44030650891055,11.40175425099138,11.180339887498949,10.198039027185569,10.0,11.0,12.0,14.035668847618199,15.297058540778355,15.524174696260024,15.297058540778355,16.278820596099706,18.439088914585774,19.4164878389476,19.235384061671343
1787403698.8201835,-68,0.0,33.12099032335839,32.64965543462902,29.966648127543394,26.92582403567252,21.840329667841555,17.11724276862369,12.165525060596439,9.219544457292887,8.54400374531753,10.0,13.152946437965905,14.142135623730951,16.0312195418814,18.0,19.026297590440446,19.026297590440446,19.1049731745428,17.11724276862369,14.317821063276353,11.40175425099138,7.280109889280518,4.47213595499958,1.4142135623730951,3.0,5.0990195135927845,6.082762530298219,0.0,0.0,0.0,0.0,0.0,0.0,0.0,0.0,0.0,0.0,0.0,5.0,2.0,1.0,3.1622776601683795,5.0,6.324555320336759,10.295630140987,12.806248474865697,15.620499351813308,18.384776310850235,20.518284528683193,20.615528128088304,19.4164878389476,18.35755975068582,18.027756377319946,16.492422502470642,15.297058540778355,12.165525060596439,8.06225774829855,4.123105625617661,2.23606797749979,6.708203932499369,12.529964086141668,18.35755975068582,23.323807579381203,26.92582403567252
1787403699.0429301,-71,0.0,25.96150997149434,25.0,22.80350850198276,20.248456731316587,17.0,13.45362404707371,10.295630140987,10.0,10.770329614269007,12.206555615733702,12.806248474865697,13.601470508735444,14.422205101855956,15.264337522473747,15.264337522473747,13.416407864998739,13.0,10.770329614269007,8.54400374531753,6.324555320336759,4.123105625617661,1.4142135623730951,2.0,5.0,7.0,8.0,0.0,0.0,0.0,0.0,0.0,0.0,0.0,0.0,0.0,0.0,0.0,4.0,1.0,1.4142135623730951,3.605551275463989,6.4031242374328485,8.06225774829855,10.770329614269007,13.601470508735444,16.492422502470642,18.439088914585774,19.235384061671343,19.026297590440446,18.027756377319946,18.24828759089466,17.72004514666935,16.15549442140351,14.317821063276353,11.661903789690601,8.94427190999916,5.0990195135927845,2.8284271247461903,5.0,9.219544457292887,13.601470508735444,17.72004514666935,21.587033144922902
1787403699.1223772,-70,0.0,23.08679276123039,24.041630560342615,23.769728648009426,19.924858845171276,16.55294535724685,13.038404810405298,9.899494936611665,6.708203932499369,6.082762530298219,7.615773105863909,8.06225774829855,10.295630140987,11.180339887498949,13.0,13.0,13.92838827718412,12.649110640673518,11.40175425099138,10.198039027185569,7.280109889280518,5.0990195135927845,3.1622776601683795,1.0,3.1622776601683795,4.123105625617661,6.324555320336759,0.0,0.0,0.0,0.0,0.0,0.0,0.0,0.0,0.0,0.0,0.0,2.23606797749979,0.0,2.0,3.0,5.0990195135927845,5.830951894845301,7.810249675906654,9.219544457292887,10.816653826391969,13.038404810405298,14.7648230602334,15.231546211727817,14.560219778561036,14.142135623730951,13.0,13.038404810405298,12.041594578792296,10.04987562112089,7.0710678118654755,5.0990195135927845,3.605551275463989,5.0,8.246211251235321,12.36931687685298,16.492422502470642,18.681541692269406
1787403699.1704285,-68,0.0,27.65863337187866,27.65863337187866,25.709920264364882,23.769728648009426,20.248456731316587,15.652475842498529,12.041594578792296,9.433981132056603,9.055385138137417,10.198039027185569,10.44030650891055,11.40175425099138,13.601470508735444,14.317821063276353,15.297058540778355,15.132745950421556,14.035668847618199,13.0,11.0,8.0,6.0,3.0,1.0,3.605551275463989,5.0,6.4031242374328485,0.0,0.0,0.0,0.0,0.0,0.0,0.0,0.0,0.0,0.0,0.0,3.605551275463989,1.4142135623730951,1.4142135623730951,2.23606797749979,5.0990195135927845,7.615773105863909,9.433981132056603,10.63014581273465,12.727922061357855,15.556349186104045,17.029386365926403,18.027756377319946,17.0,16.15549442140351,14.317821063276353,14.035668847618199,12.0,10.0,8.0,6.082762530298219,5.0,6.082762530298219,9.055385138137417,14.317821063276353,18.681541692269406,20.8806130178211
1787403699.1858852,-69,0.0,32.526911934581186,32.526911934581186,31.11269837220809,28.319604517012593,23.600847442411894,19.235384061671343,15.524174696260024,12.041594578792296,11.180339887498949,12.041594578792296,13.45362404707371,14.866068747318506,16.278820596099706,18.384776310850235,18.439088914585774,18.439088914585774,18.027756377319946,16.1245154965971,13.416407864998739,10.770329614269007,7.615773105863909,5.0,2.0,3.1622776601683795,6.082762530298219,7.0710678118654755,0.0,0.0,0.0,0.0,0.0,0.0,0.0,0.0,0.0,0.0,0.0,3.605551275463989,1.4142135623730951,1.0,3.605551275463989,5.385164807134504,7.0710678118654755,9.0,12.36931687685298,15.524174696260024,17.72004514666935,19.313207915827967,19.697715603592208,19.235384061671343,17.029386365926403,16.401219466856727,16.64331697709324,14.7648230602334,12.083045973594572,8.94427190999916,5.656854249492381,5.0,7.211102550927978,11.313708498984761,17.69180601295413,22.67156809750927,24.758836806279895
1787403699.2018263,-68,0.0,27.459060435491963,27.459060435491963,26.627053911388696,23.600847442411894,19.849433241279208,16.401219466856727,11.704699910719626,10.0,9.848857801796104,10.816653826391969,12.041594578792296,13.45362404707371,14.212670403551895,15.0,15.811388300841896,15.264337522473747,14.7648230602334,13.0,10.770329614269007,8.54400374531753,5.830951894845301,3.605551275463989,3.1622776601683795,5.0,6.708203932499369,7.615773105863909,0.0,0.0,0.0,0.0,0.0,0.0,0.0,0.0,0.0,0.0,0.0,3.605551275463989,1.4142135623730951,0.0,1.0,3.0,6.0,8.06225774829855,10.44030650891055,11.704699910719626,14.7648230602334,16.401219466856727,16.278820596099706,15.620499351813308,15.264337522473747,15.231546211727817,14.560219778561036,13.341664064126334,11.180339887498949,8.06225774829855,5.385164807134504,3.605551275463989,5.0990195135927845,9.433981132056603,13.601470508735444,18.601075237738275,20.808652046684813
1787403699.3614564,-69,0.0,33.24154027718932,33.24154027718932,31.32091952673165,27.51363298439521,22.847319317591726,18.35755975068582,13.45362404707371,8.94427190999916,7.0710678118654755,8.602325267042627,9.899494936611665,12.727922061357855,15.556349186104045,16.97056274847714,18.384776310850235,18.384776310850235,19.1049731745428,17.69180601295413,15.652475842498529,13.92838827718412,10.295630140987,5.656854249492381,1.0,2.0,5.385164807134504,7.280109889280518,0.0,0.0,0.0,0.0,0.0,0.0,0.0,0.0,0.0,0.0,0.0,2.8284271247461903,1.4142135623730951,2.23606797749979,3.605551275463989,5.830951894845301,7.615773105863909,9.219544457292887,12.36931687685298,16.1245154965971,19.026297590440446,21.02379604162864,21.0,20.09975124224178,18.439088914585774,17.08800749063506,13.892443989449804,10.63014581273465,9.433981132056603,8.48528137423857,5.0,2.23606797749979,6.0,11.180339887498949,16.492422502470642,21.587033144922902,25.709920264364882
1787403699.3614564,-69,0.0,32.14031735997639,33.24154027718932,32.2490309931942,28.071337695236398,22.02271554554524,16.492422502470642,12.529964086141668,9.219544457292887,9.219544457292887,10.04987562112089,10.770329614269007,13.0,14.866068747318506,17.08800749063506,18.384776310850235,18.973665961010276,18.439088914585774,18.24828759089466,16.278820596099706,13.152946437965905,10.04987562112089,7.0710678118654755,3.1622776601683795,2.23606797749979,4.242640687119285,5.830951894845301,0.0,0.0,0.0,0.0,0.0,0.0,0.0,0.0,0.0,0.0,0.0,5.0,2.8284271247461903,0.0,2.8284271247461903,4.47213595499958,7.280109889280518,10.04987562112089,13.0,16.0312195418814,17.11724276862369,18.439088914585774,18.681541692269406,18.384776310850235,17.4928556845359,16.401219466856727,15.556349186104045,13.45362404707371,12.206555615733702,8.602325267042627,4.242640687119285,2.23606797749979,6.0,10.0,14.142135623730951,19.1049731745428,23.08679276123039
1787403699.3932307,-68,0.0,27.80287754891569,28.42534080710379,26.248809496813376,23.345235059857504,20.518284528683193,15.811388300841896,11.704699910719626,8.0,6.708203932499369,7.211102550927978,8.54400374531753,10.770329614269007,13.0,14.317821063276353,15.231546211727817,15.652475842498529,15.652475842498529,14.422205101855956,12.206555615733702,10.0,7.810249675906654,5.0,1.4142135623730951,1.4142135623730951,3.605551275463989,5.0,0.0,0.0,0.0,0.0,0.0,0.0,0.0,0.0,0.0,0.0,0.0,3.0,1.0,2.0,4.0,5.385164807134504,6.4031242374328485,8.48528137423857,10.816653826391969,13.038404810405298,14.7648230602334,16.55294535724685,16.15549442140351,14.560219778561036,14.142135623730951,14.0,13.152946437965905,11.40175425099138,9.486832980505138,6.324555320336759,3.0,2.0,4.47213595499958,10.0,15.0,19.209372712298546,22.02271554554524
1787403699.4089906,-69,0.0,28.600699292150182,28.42534080710379,26.90724809414742,24.758836806279895,20.518284528683193,16.401219466856727,12.083045973594572,8.0,5.830951894845301,7.211102550927978,8.54400374531753,10.44030650891055,12.649110640673518,13.92838827718412,15.231546211727817,15.231546211727817,14.7648230602334,13.892443989449804,12.206555615733702,10.0,7.810249675906654,5.0,1.4142135623730951,1.0,3.605551275463989,5.0,0.0,0.0,0.0,0.0,0.0,0.0,0.0,0.0,0.0,0.0,0.0,2.0,0.0,1.0,3.0,4.47213595499958,6.4031242374328485,8.602325267042627,10.295630140987,12.083045973594572,14.317821063276353,16.15549442140351,15.811388300841896,15.297058540778355,14.0,14.035668847618199,13.341664064126334,11.40175425099138,9.486832980505138,7.280109889280518,3.1622776601683795,1.0,4.47213595499958,8.602325267042627,13.601470508735444,18.601075237738275,21.400934559032695
1787403699.6487029,-70,0.0,21.470910553583888,21.93171219946131,21.540659228538015,21.540659228538015,19.924858845171276,19.6468827043885,18.439088914585774,17.26267650163207,16.278820596099706,14.317821063276353,13.341664064126334,12.36931687685298,12.649110640673518,12.649110640673518,11.704699910719626,11.40175425099138,11.40175425099138,10.770329614269007,10.770329614269007,10.770329614269007,10.44030650891055,9.486832980505138,9.486832980505138,9.219544457292887,8.246211251235321,8.246211251235321,0.0,0.0,0.0,0.0,0.0,0.0,0.0,0.0,0.0,0.0,0.0,7.280109889280518,7.280109889280518,8.06225774829855,8.0,8.0,8.06225774829855,9.055385138137417,9.055385138137417,10.0,10.0,10.04987562112089,9.055385138137417,9.0,9.055385138137417,9.219544457292887,9.486832980505138,10.770329614269007,11.180339887498949,12.083045973594572,13.0,13.416407864998739,13.892443989449804,14.7648230602334,16.1245154965971,17.4928556845359,18.867962264113206
1787403699.6508458,-68,0.0,27.459060435491963,26.68332812825267,25.709920264364882,22.135943621178654,18.384776310850235,13.892443989449804,8.48528137423857,4.123105625617661,3.605551275463989,5.0,7.0710678118654755,10.198039027185569,12.36931687685298,14.560219778561036,15.524174696260024,16.492422502470642,15.524174696260024,14.560219778561036,12.649110640673518,10.44030650891055,8.246211251235321,5.0990195135927845,2.0,1.0,4.123105625617661,5.385164807134504,0.0,0.0,0.0,0.0,0.0,0.0,0.0,0.0,0.0,0.0,0.0,2.8284271247461903,2.0,2.8284271247461903,4.123105625617661,6.0,7.280109889280518,9.848857801796104,11.180339887498949,13.038404810405298,15.811388300841896,16.64331697709324,17.204650534085253,15.620499351813308,14.142135623730951,13.601470508735444,12.529964086141668,10.295630140987,8.54400374531753,6.324555320336759,3.1622776601683795,1.0,4.123105625617661,9.055385138137417,14.142135623730951,18.110770276274835,21.213203435596427
1787403700.2545316,-70,0.0,30.805843601498726,29.832867780352597,28.160255680657446,25.298221281347036,21.02379604162864,16.401219466856727,10.816653826391969,8.0,7.810249675906654,10.295630140987,13.0,13.92838827718412,16.55294535724685,17.88854381999832,17.46424919657298,17.0,16.64331697709324,16.55294535724685,19.924858845171276,17.46424919657298,10.816653826391969,5.0,1.4142135623730951,2.23606797749979,4.47213595499958,6.708203932499369,0.0,0.0,0.0,0.0,0.0,0.0,0.0,0.0,0.0,0.0,0.0,3.0,0.0,3.0,5.0,7.0710678118654755,10.44030650891055,12.649110640673518,15.231546211727817,17.88854381999832,20.591260281974,21.095023109728988,20.248456731316587,19.209372712298546,18.384776310850235,18.439088914585774,18.027756377319946,15.652475842498529,12.083045973594572,8.94427190999916,5.385164807134504,1.0,4.0,8.0,13.038404810405298,18.110770276274835,23.021728866442675
1787403700.5093708,-71,0.0,25.298221281347036,25.0,23.08679276123039,20.615528128088304,18.24828759089466,14.0,10.198039027185569,7.810249675906654,6.324555320336759,8.06225774829855,9.486832980505138,10.770329614269007,13.0,14.866068747318506,15.811388300841896,17.08800749063506,15.811388300841896,14.866068747318506,13.601470508735444,11.40175425099138,8.54400374531753,5.385164807134504,1.0,3.605551275463989,5.830951894845301,8.06225774829855,0.0,0.0,0.0,0.0,0.0,0.0,0.0,0.0,0.0,0.0,0.0,2.8284271247461903,3.0,2.8284271247461903,3.0,4.47213595499958,6.4031242374328485,7.810249675906654,10.816653826391969,13.892443989449804,16.1245154965971,17.0,17.46424919657298,18.027756377319946,17.72004514666935,16.492422502470642,14.142135623730951,12.041594578792296,10.0,6.0,3.0,1.0,4.123105625617661,8.246211251235321,13.601470508735444,16.76305461424021,19.313207915827967
1787403700.572767,-69,0.0,29.0,27.586228448267445,24.758836806279895,21.400934559032695,16.64331697709324,11.180339887498949,7.280109889280518,5.0990195135927845,5.656854249492381,7.615773105863909,9.219544457292887,10.198039027185569,12.165525060596439,15.033296378372908,18.110770276274835,19.1049731745428,17.26267650163207,16.278820596099706,15.297058540778355,13.341664064126334,9.219544457292887,4.123105625617661,0.0,3.0,5.385164807134504,7.280109889280518,0.0,0.0,0.0,0.0,0.0,0.0,0.0,0.0,0.0,0.0,0.0,2.23606797749979,1.4142135623730951,2.8284271247461903,5.0,7.810249675906654,11.180339887498949,13.601470508735444,14.317821063276353,15.132745950421556,16.278820596099706,19.235384061671343,19.1049731745428,18.027756377319946,18.0,17.11724276862369,15.297058540778355,14.317821063276353,11.40175425099138,8.246211251235321,5.385164807134504,2.0,3.1622776601683795,8.06225774829855,13.45362404707371,18.384776310850235,21.93171219946131
1787403701.34577,-35,0.0,14.212670403551895,14.212670403551895,14.212670403551895,13.601470508735444,13.601470508735444,13.601470508735444,13.038404810405298,13.892443989449804,13.892443989449804,13.416407864998739,14.7648230602334,14.317821063276353,14.317821063276353,15.231546211727817,15.231546211727817,15.231546211727817,15.231546211727817,15.231546211727817,15.231546211727817,15.652475842498529,15.652475842498529,14.7648230602334,14.7648230602334,14.422205101855956,13.601470508735444,13.45362404707371,0.0,0.0,0.0,0.0,0.0,0.0,0.0,0.0,0.0,0.0,0.0,12.041594578792296,12.041594578792296,12.806248474865697,13.038404810405298,13.038404810405298,13.416407864998739,13.892443989449804,13.892443989449804,14.317821063276353,14.7648230602334,13.416407864998739,13.416407864998739,13.416407864998739,13.416407864998739,13.892443989449804,13.038404810405298,13.038404810405298,13.038404810405298,12.206555615733702,12.806248474865697,14.212670403551895,12.806248474865697,13.45362404707371,13.45362404707371,14.142135623730951,13.45362404707371
1787403701.8957255,-89,0.0,10.44030650891055,11.40175425099138,12.649110640673518,11.704699910719626,13.0,12.083045973594572,12.083045973594572,12.649110640673518,10.770329614269007,10.44030650891055,9.486832980505138,8.246211251235321,7.280109889280518,7.0,7.0710678118654755,7.0710678118654755,6.082762530298219,5.385164807134504,5.385164807134504,5.0990195135927845,4.47213595499958,5.656854249492381,5.0,5.385164807134504,6.324555320336759,7.280109889280518,0.0,0.0,0.0,0.0,0.0,0.0,0.0,0.0,0.0,0.0,0.0,7.280109889280518,8.54400374531753,8.94427190999916,9.433981132056603,10.295630140987,10.816653826391969,10.0,10.63014581273465,9.899494936611665,9.219544457292887,8.06225774829855,6.708203932499369,6.324555320336759,6.324555320336759,6.0,6.0,7.0710678118654755,7.615773105863909,7.615773105863909,7.615773105863909,8.06225774829855,8.94427190999916,8.94427190999916,8.94427190999916,8.06225774829855,8.06225774829855
1787403702.1073036,-69,0.0,26.90724809414742,25.495097567963924,24.839484696748443,22.02271554554524,18.867962264113206,15.231546211727817,11.045361017187261,8.54400374531753,7.810249675906654,8.54400374531753,10.198039027185569,11.180339887498949,13.152946437965905,14.317821063276353,15.297058540778355,15.524174696260024,15.524174696260024,14.560219778561036,12.649110640673518,10.44030650891055,7.280109889280518,4.123105625617661,1.0,2.23606797749979,4.123105625617661,5.385164807134504,0.0,0.0,0.0,0.0,0.0,0.0,0.0,0.0,0.0,0.0,0.0,3.1622776601683795,1.0,1.4142135623730951,3.605551275463989,5.656854249492381,7.810249675906654,9.433981132056603,11.180339887498949,13.0,15.231546211727817,16.15549442140351,15.811388300841896,15.297058540778355,14.0,14.142135623730951,13.341664064126334,11.704699910719626,9.848857801796104,6.708203932499369,4.47213595499958,0.0,3.605551275463989,8.602325267042627,12.806248474865697,17.029386365926403,19.1049731745428
1787403702.1186073,-72,0.0,26.68332812825267,25.709920264364882,24.73863375370596,21.840329667841555,19.313207915827967,13.892443989449804,9.219544457292887,6.082762530298219,6.708203932499369,8.602325267042627,10.295630140987,11.180339887498949,12.529964086141668,14.317821063276353,15.264337522473747,15.0,15.811388300841896,14.422205101855956,12.206555615733702,10.0,7.211102550927978,4.123105625617661,1.4142135623730951,3.1622776601683795,5.0,7.810249675906654,0.0,0.0,0.0,0.0,0.0,0.0,0.0,0.0,0.0,0.0,0.0,2.8284271247461903,1.0,3.1622776601683795,5.0,6.0,9.219544457292887,11.40175425099138,13.92838827718412,16.15549442140351,17.08800749063506,18.027756377319946,17.46424919657298,17.0,16.64331697709324,14.866068747318506,14.212670403551895,13.038404810405298,11.661903789690601,8.94427190999916,5.0,1.4142135623730951,4.0,8.246211251235321,13.341664064126334,17.26267650163207,19.1049731745428
1787403702.5176365,-69,0.0,24.73863375370596,24.73863375370596,23.769728648009426,22.360679774997898,19.026297590440446,14.142135623730951,9.848857801796104,7.810249675906654,8.0,9.486832980505138,11.180339887498949,12.529964086141668,12.529964086141668,13.0,14.560219778561036,14.560219778561036,14.142135623730951,13.152946437965905,11.045361017187261,8.06225774829855,6.082762530298219,3.0,0.0,3.0,6.0,7.0710678118654755,0.0,0.0,0.0,0.0,0.0,0.0,0.0,0.0,0.0,0.0,0.0,3.605551275463989,2.23606797749979,2.23606797749979,4.0,6.082762530298219,8.54400374531753,10.770329614269007,13.0,15.652475842498529,18.35755975068582,19.4164878389476,19.4164878389476,18.439088914585774,17.69180601295413,16.401219466856727,14.7648230602334,13.0,10.44030650891055,8.54400374531753,5.385164807134504,2.23606797749979,2.8284271247461903,7.280109889280518,12.165525060596439,16.278820596099706,19.4164878389476
1787403702.7085302,-69,0.0,26.627053911388696,25.80697580112788,24.08318915758459,21.213203435596427,19.1049731745428,16.1245154965971,11.40175425099138,9.0,8.06225774829855,8.94427190999916,11.180339887498949,13.152946437965905,15.297058540778355,16.278820596099706,16.492422502470642,14.560219778561036,14.317821063276353,13.341664064126334,12.083045973594572,10.63014581273465,7.0710678118654755,4.242640687119285,2.0,2.8284271247461903,4.123105625617661,5.0,0.0,0.0,0.0,0.0,0.0,0.0,0.0,0.0,0.0,0.0,0.0,5.0,2.23606797749979,2.0,4.242640687119285,6.708203932499369,8.54400374531753,11.40175425099138,14.317821063276353,16.278820596099706,17.46424919657298,18.439088914585774,18.027756377319946,17.11724276862369,15.297058540778355,13.341664064126334,13.0,12.083045973594572,8.06225774829855,5.656854249492381,4.242640687119285,2.0,3.0,7.211102550927978,12.041594578792296,17.204650534085253,22.47220505424423
1787403702.7399075,-70,0.0,25.317977802344327,25.317977802344327,23.08679276123039,21.02379604162864,17.029386365926403,13.341664064126334,9.433981132056603,6.708203932499369,7.0710678118654755,8.94427190999916,10.816653826391969,12.206555615733702,13.892443989449804,14.7648230602334,15.652475842498529,16.15549442140351,15.811388300841896,13.92838827718412,12.649110640673518,10.44030650891055,7.280109889280518,4.123105625617661,1.0,1.4142135623730951,4.47213595499958,5.385164807134504,0.0,0.0,0.0,0.0,0.0,0.0,0.0,0.0,0.0,0.0,0.0,5.385164807134504,2.23606797749979,1.4142135623730951,3.1622776601683795,6.082762530298219,8.246211251235321,10.770329614269007,13.0,14.317821063276353,16.55294535724685,17.88854381999832,17.4928556845359,16.401219466856727,14.866068747318506,13.601470508735444,12.529964086141668,11.704699910719626,10.44030650891055,8.246211251235321,5.385164807134504,1.4142135623730951,3.1622776601683795,7.280109889280518,12.36931687685298,16.492422502470642,18.439088914585774
1787403702.7560532,-69,0.0,27.730849247724095,27.730849247724095,26.40075756488817,23.769728648009426,19.924858845171276,15.132745950421556,11.045361017187261,8.06225774829855,7.615773105863909,8.06225774829855,10.04987562112089,12.165525060596439,13.152946437965905,14.035668847618199,14.0,15.033296378372908,14.142135623730951,13.341664064126334,11.40175425099138,8.54400374531753,5.830951894845301,2.8284271247461903,1.4142135623730951,3.1622776601683795,5.0,6.082762530298219,0.0,0.0,0.0,0.0,0.0,0.0,0.0,0.0,0.0,0.0,0.0,3.605551275463989,1.4142135623730951,2.0,4.0,7.0,9.055385138137417,11.045361017187261,12.36931687685298,13.92838827718412,15.231546211727817,16.55294535724685,16.1245154965971,14.866068747318506,14.212670403551895,13.038404810405298,13.0,11.40175425099138,10.198039027185569,8.06225774829855,4.47213595499958,3.1622776601683795,5.0,10.0,14.7648230602334,20.12461179749811,22.360679774997898
1787403702.8195603,-70,0.0,22.825424421026653,22.47220505424423,22.47220505424423,22.20360331117452,21.400934559032695,19.849433241279208,19.1049731745428,17.69180601295413,15.620499351813308,13.45362404707371,12.041594578792296,11.40175425099138,10.816653826391969,10.816653826391969,9.433981132056603,9.848857801796104,9.848857801796104,10.295630140987,8.94427190999916,8.06225774829855,8.06225774829855,8.06225774829855,7.211102550927978,6.708203932499369,5.385164807134504,5.385164807134504,0.0,0.0,0.0,0.0,0.0,0.0,0.0,0.0,0.0,0.0,0.0,9.055385138137417,9.0,9.0,8.0,8.06225774829855,8.246211251235321,8.246211251235321,8.54400374531753,7.615773105863909,7.615773105863909,7.615773105863909,8.06225774829855,7.211102550927978,7.810249675906654,7.810249675906654,8.602325267042627,9.433981132056603,10.816653826391969,12.529964086141668,12.529964086141668,13.416407864998739,15.231546211727817,16.55294535724685,18.384776310850235,19.313207915827967,20.615528128088304
1787403702.8352475,-69,0.0,29.546573405388315,29.154759474226502,27.85677655436824,25.298221281347036,20.396078054371138,16.0,12.36931687685298,10.0,9.848857801796104,11.0,13.341664064126334,16.278820596099706,18.24828759089466,17.46424919657298,16.1245154965971,16.0312195418814,16.1245154965971,14.317821063276353,11.40175425099138,9.219544457292887,6.324555320336759,3.605551275463989,1.0,3.0,5.385164807134504,6.324555320336759,0.0,0.0,0.0,0.0,0.0,0.0,0.0,0.0,0.0,0.0,0.0,7.0710678118654755,3.605551275463989,2.23606797749979,4.123105625617661,7.0710678118654755,9.219544457292887,12.36931687685298,14.866068747318506,16.15549442140351,17.88854381999832,19.235384061671343,18.867962264113206,17.804493814764857,16.278820596099706,14.422205101855956,14.317821063276353,12.36931687685298,11.045361017187261,9.055385138137417,5.0990195135927845,2.23606797749979,2.8284271247461903,6.708203932499369,12.529964086141668,17.88854381999832,21.470910553583888
1787403702.8732219,-70,0.0,25.238858928247925,25.238858928247925,24.20743687382041,21.2602916254693,18.384776310850235,13.601470508735444,9.219544457292887,7.615773105863909,8.94427190999916,11.40175425099138,12.165525060596439,13.341664064126334,15.524174696260024,16.492422502470642,15.524174696260024,13.92838827718412,13.416407864998739,12.083045973594572,9.848857801796104,8.06225774829855,6.4031242374328485,5.0,1.4142135623730951,1.4142135623730951,3.605551275463989,5.0,0.0,0.0,0.0,0.0,0.0,0.0,0.0,0.0,0.0,0.0,0.0,7.615773105863909,5.385164807134504,2.23606797749979,5.385164807134504,6.708203932499369,8.06225774829855,11.661903789690601,15.264337522473747,15.652475842498529,16.15549442140351,16.492422502470642,17.46424919657298,16.278820596099706,14.142135623730951,14.0,14.317821063276353,13.416407864998739,10.816653826391969,8.06225774829855,6.4031242374328485,4.242640687119285,1.4142135623730951,6.708203932499369,12.206555615733702,16.64331697709324,21.633307652783937
1787403702.8934712,-69,0.0,26.92582403567252,26.832815729997478,25.059928172283335,21.95449840010015,17.804493814764857,15.0,11.704699910719626,9.0,8.94427190999916,9.899494936611665,10.816653826391969,11.661903789690601,12.806248474865697,14.142135623730951,14.142135623730951,13.45362404707371,14.212670403551895,13.038404810405298,11.180339887498949,9.486832980505138,6.082762530298219,4.0,2.23606797749979,1.4142135623730951,3.0,5.0,0.0,0.0,0.0,0.0,0.0,0.0,0.0,0.0,0.0,0.0,0.0,5.0,3.1622776601683795,1.0,3.605551275463989,5.830951894845301,9.219544457292887,10.63014581273465,10.63014581273465,13.038404810405298,14.317821063276353,14.866068747318506,14.866068747318506,13.341664064126334,14.0,13.038404810405298,12.36931687685298,11.704699910719626,9.848857801796104,7.810249675906654,5.830951894845301,2.23606797749979,3.0,7.615773105863909,12.083045973594572,15.811388300841896,17.46424919657298
1787403702.8988671,-70,0.0,28.460498941515414,28.460498941515414,26.92582403567252,24.166091947189145,20.591260281974,16.401219466856727,12.206555615733702,9.219544457292887,9.219544457292887,10.295630140987,12.041594578792296,12.727922061357855,14.142135623730951,14.866068747318506,15.0,15.264337522473747,14.7648230602334,13.0,11.40175425099138,9.055385138137417,7.0,4.123105625617661,2.8284271247461903,2.23606797749979,3.605551275463989,4.47213595499958,0.0,0.0,0.0,0.0,0.0,0.0,0.0,0.0,0.0,0.0,0.0,5.0,3.1622776601683795,2.23606797749979,4.242640687119285,7.0710678118654755,9.899494936611665,11.40175425099138,13.038404810405298,16.1245154965971,16.55294535724685,17.08800749063506,16.76305461424021,16.278820596099706,14.0,13.152946437965905,12.649110640673518,11.180339887498949,10.0,7.211102550927978,5.385164807134504,3.0,4.123105625617661,8.06225774829855,13.341664064126334,18.439088914585774,21.587033144922902
1787403703.1687777,-69,0.0,28.792360097775937,29.154759474226502,27.730849247724095,24.186773244895647,20.808652046684813,16.278820596099706,12.206555615733702,9.219544457292887,8.246211251235321,10.816653826391969,12.041594578792296,13.601470508735444,14.422205101855956,15.0,14.866068747318506,14.866068747318506,14.866068747318506,13.038404810405298,8.94427190999916,6.708203932499369,5.385164807134504,4.0,1.0,2.8284271247461903,5.656854249492381,6.4031242374328485,0.0,0.0,0.0,0.0,0.0,0.0,0.0,0.0,0.0,0.0,0.0,5.0990195135927845,2.0,2.8284271247461903,5.656854249492381,7.0710678118654755,9.219544457292887,11.40175425099138,13.892443989449804,15.652475842498529,16.15549442140351,16.76305461424021,15.297058540778355,15.033296378372908,14.142135623730951,13.601470508735444,13.0,10.816653826391969,8.48528137423857,6.4031242374328485,2.23606797749979,2.23606797749979,5.0,8.06225774829855,13.0,18.027756377319946,21.18962010041709
1787403703.234226,-70,0.0,23.194827009486403,23.021728866442675,23.021728866442675,23.08679276123039,23.08679276123039,22.20360331117452,21.37755832643195,19.235384061671343,17.46424919657298,15.297058540778355,14.317821063276353,13.152946437965905,13.152946437965905,12.041594578792296,12.165525060596439,12.165525060596439,11.180339887498949,10.0,9.055385138137417,9.0,9.0,10.04987562112089,10.198039027185569,9.219544457292887,8.06225774829855,8.246211251235321,0.0,0.0,0.0,0.0,0.0,0.0,0.0,0.0,0.0,0.0,0.0,11.40175425099138,9.899494936611665,8.602325267042627,9.219544457292887,9.219544457292887,8.602325267042627,9.433981132056603,10.295630140987,10.816653826391969,10.295630140987,10.295630140987,9.433981132056603,9.486832980505138,9.486832980505138,10.44030650891055,11.40175425099138,11.180339887498949,12.165525060596439,14.035668847618199,14.0,15.0,15.0,16.0312195418814,17.26267650163207,18.24828759089466,19.235384061671343
1787403703.4582093,-70,0.0,23.259406699226016,23.769728648009426,23.769728648009426,23.40939982143925,23.40939982143925,24.041630560342615,22.561028345356956,20.396078054371138,18.24828759089466,17.26267650163207,16.278820596099706,14.317821063276353,14.317821063276353,14.560219778561036,14.560219778561036,13.601470508735444,12.649110640673518,12.36931687685298,11.40175425099138,10.770329614269007,10.770329614269007,10.770329614269007,10.44030650891055,9.219544457292887,9.219544457292887,8.54400374531753,0.0,0.0,0.0,0.0,0.0,0.0,0.0,0.0,0.0,0.0,0.0,8.54400374531753,8.54400374531753,7.280109889280518,8.246211251235321,9.219544457292887,9.219544457292887,9.055385138137417,10.198039027185569,9.055385138137417,10.0,11.045361017187261,11.045361017187261,11.045361017187261,12.165525060596439,12.36931687685298,13.341664064126334,14.317821063276353,14.317821063276353,14.560219778561036,15.524174696260024,14.866068747318506,14.866068747318506,16.15549442140351,18.384776310850235,19.697715603592208,20.12461179749811
1787403703.63147,-70,0.0,17.26267650163207,18.439088914585774,18.439088914585774,18.439088914585774,18.681541692269406,18.973665961010276,18.384776310850235,16.1245154965971,14.7648230602334,13.416407864998739,12.083045973594572,12.083045973594572,12.083045973594572,11.180339887498949,11.180339887498949,8.94427190999916,8.06225774829855,8.94427190999916,9.433981132056603,8.94427190999916,8.246211251235321,9.219544457292887,8.54400374531753,7.615773105863909,6.324555320336759,6.0,0.0,0.0,0.0,0.0,0.0,0.0,0.0,0.0,0.0,0.0,0.0,7.810249675906654,7.810249675906654,7.211102550927978,7.211102550927978,8.602325267042627,8.602325267042627,7.615773105863909,7.615773105863909,7.211102550927978,8.06225774829855,8.06225774829855,8.54400374531753,8.94427190999916,10.295630140987,9.848857801796104,9.848857801796104,9.486832980505138,9.486832980505138,9.848857801796104,11.704699910719626,12.649110640673518,12.36931687685298,13.152946437965905,15.033296378372908,16.0,16.0312195418814
1787403703.741894,-69,0.0,20.396078054371138,20.223748416156685,20.09975124224178,20.024984394500787,20.024984394500787,19.0,19.026297590440446,17.029386365926403,16.0312195418814,14.035668847618199,13.038404810405298,12.041594578792296,11.045361017187261,11.045361017187261,11.045361017187261,11.0,11.0,10.0,9.0,9.055385138137417,8.0,8.0,7.0,7.0,6.082762530298219,6.082762530298219,0.0,0.0,0.0,0.0,0.0,0.0,0.0,0.0,0.0,0.0,0.0,7.615773105863909,8.54400374531753,8.246211251235321,8.246211251235321,8.246211251235321,9.055385138137417,9.055385138137417,9.055385138137417,10.198039027185569,10.198039027185569,10.198039027185569,10.198039027185569,10.04987562112089,10.04987562112089,10.0,11.0,11.045361017187261,11.045361017187261,12.041594578792296,13.152946437965905,14.142135623730951,14.317821063276353,16.278820596099706,17.26267650163207,17.26267650163207,18.439088914585774
1787403704.044753,-89,0.0,11.180339887498949,10.770329614269007,10.770329614269007,9.486832980505138,9.486832980505138,8.246211251235321,7.0710678118654755,6.082762530298219,5.0990195135927845,4.0,4.0,3.1622776601683795,3.1622776601683795,2.8284271247461903,4.47213595499958,5.0990195135927845,4.47213595499958,5.0,4.47213595499958,5.385164807134504,5.385164807134504,5.385164807134504,5.0990195135927845,4.47213595499958,4.47213595499958,4.47213595499958,0.0,0.0,0.0,0.0,0.0,0.0,0.0,0.0,0.0,0.0,0.0,13.0,12.083045973594572,12.649110640673518,12.649110640673518,11.704699910719626,11.704699910719626,10.770329614269007,11.180339887498949,11.180339887498949,11.180339887498949,9.848857801796104,10.295630140987,10.816653826391969,12.206555615733702,13.038404810405298,13.038404810405298,13.038404810405298,11.661903789690601,12.206555615733702,11.661903789690601,11.661903789690601,11.661903789690601,10.816653826391969,9.433981132056603,10.0,10.0
1787403704.3959591,-72,0.0,26.1725046566048,25.495097567963924,23.430749027719962,20.615528128088304,18.027756377319946,14.317821063276353,10.04987562112089,8.06225774829855,9.433981132056603,11.40175425099138,13.152946437965905,14.142135623730951,16.1245154965971,17.26267650163207,17.26267650163207,16.492422502470642,15.811388300841896,14.866068747318506,13.0,11.180339887498949,8.06225774829855,4.242640687119285,2.0,3.1622776601683795,6.0,7.0,0.0,0.0,0.0,0.0,0.0,0.0,0.0,0.0,0.0,0.0,0.0,6.0,3.0,2.0,5.0,7.0710678118654755,9.899494936611665,11.313708498984761,13.45362404707371,15.0,16.64331697709324,16.1245154965971,15.652475842498529,14.866068747318506,14.317821063276353,14.035668847618199,13.038404810405298,11.180339887498949,9.486832980505138,7.280109889280518,4.123105625617661,1.0,4.242640687119285,9.219544457292887,13.45362404707371,17.69180601295413,21.93171219946131
1787403704.6824486,-72,0.0,25.942243542145693,25.059928172283335,24.186773244895647,21.095023109728988,17.804493814764857,13.45362404707371,8.94427190999916,6.082762530298219,6.4031242374328485,8.54400374531753,10.44030650891055,11.40175425099138,13.601470508735444,13.92838827718412,15.231546211727817,15.652475842498529,14.7648230602334,13.892443989449804,12.529964086141668,10.0,7.211102550927978,3.1622776601683795,0.0,4.123105625617661,6.324555320336759,8.54400374531753,0.0,0.0,0.0,0.0,0.0,0.0,0.0,0.0,0.0,0.0,0.0,5.385164807134504,3.0,3.0,5.0990195135927845,7.280109889280518,10.44030650891055,12.36931687685298,15.297058540778355,17.26267650163207,18.110770276274835,18.110770276274835,17.029386365926403,16.0312195418814,15.297058540778355,13.92838827718412,12.529964086141668,11.40175425099138,9.219544457292887,6.4031242374328485,4.242640687119285,0.0,5.0,10.295630140987,13.416407864998739,17.0,20.591260281974
1787403704.7074404,-72,0.0,25.079872407968907,24.08318915758459,22.20360331117452,20.396078054371138,16.76305461424021,12.529964086141668,9.219544457292887,7.280109889280518,8.246211251235321,10.0,12.041594578792296,13.45362404707371,14.866068747318506,16.401219466856727,17.204650534085253,17.204650534085253,16.64331697709324,16.1245154965971,14.7648230602334,12.529964086141668,9.433981132056603,5.0,1.4142135623730951,2.8284271247461903,5.656854249492381,7.810249675906654,0.0,0.0,0.0,0.0,0.0,0.0,0.0,0.0,0.0,0.0,0.0,5.0,3.605551275463989,2.23606797749979,4.123105625617661,7.0710678118654755,10.198039027185569,11.180339887498949,13.341664064126334,16.76305461424021,16.76305461424021,16.76305461424021,16.15549442140351,13.892443989449804,12.806248474865697,12.041594578792296,11.661903789690601,10.770329614269007,9.486832980505138,7.0710678118654755,4.123105625617661,1.4142135623730951,4.47213595499958,8.54400374531753,13.341664064126334,17.11724276862369,20.223748416156685
