Timestamp,RSSI,Sub_0,Sub_1,Sub_2,Sub_3,Sub_4,Sub_5,Sub_6,Sub_7,Sub_8,Sub_9,Sub_10,Sub_11,Sub_12,Sub_13,Sub_14,Sub_15,Sub_16,Sub_17,Sub_18,Sub_19,Sub_20,Sub_21,Sub_22,Sub_23,Sub_24,Sub_25,Sub_26,Sub_27,Sub_28,Sub_29,Sub_30,Sub_31,Sub_32,Sub_33,Sub_34,Sub_35,Sub_36,Sub_37,Sub_38,Sub_39,Sub_40,Sub_41,Sub_42,Sub_43,Sub_44,Sub_45,Sub_46,Sub_47,Sub_48,Sub_49,Sub_50,Sub_51,Sub_52,Sub_53,Sub_54,Sub_55,Sub_56,Sub_57,Sub_58,Sub_59,Sub_60,Sub_61,Sub_62,Sub_63
1787403731.5926483,-87,0.0,15.0,16.0,15.033296378372908,16.1245154965971,16.1245154965971,16.1245154965971,15.132745950421556,15.132745950421556,14.142135623730951,13.341664064126334,12.36931687685298,11.180339887498949,8.06225774829855,6.0,5.0990195135927845,4.47213595499958,4.242640687119285,4.47213595499958,5.385164807134504,6.324555320336759,7.280109889280518,7.615773105863909,7.615773105863909,7.615773105863909,7.211102550927978,6.708203932499369,0.0,0.0,0.0,0.0,0.0,0.0,0.0,0.0,0.0,0.0,0.0,8.246211251235321,8.54400374531753,8.54400374531753,8.94427190999916,8.94427190999916,9.433981132056603,10.0,10.0,9.219544457292887,9.219544457292887,7.810249675906654,8.602325267042627,8.06225774829855,7.615773105863909,7.280109889280518,7.0,7.0710678118654755,6.708203932499369,7.211102550927978,7.0710678118654755,8.06225774829855,8.54400374531753,9.219544457292887,10.04987562112089,11.045361017187261,12.0
1787403732.057007,-70,0.0,23.769728648009426,22.80350850198276,20.615528128088304,17.46424919657298,14.142135623730951,10.0,6.082762530298219,3.605551275463989,4.0,6.708203932499369,8.94427190999916,10.770329614269007,13.601470508735444,14.317821063276353,15.297058540778355,16.1245154965971,15.033296378372908,14.0,13.038404810405298,11.045361017187261,9.055385138137417,6.0,3.1622776601683795,2.0,3.605551275463989,5.0,0.0,0.0,0.0,0.0,0.0,0.0,0.0,0.0,0.0,0.0,0.0,2.8284271247461903,1.4142135623730951,0.0,1.0,3.0,5.0990195135927845,7.615773105863909,9.848857801796104,12.083045973594572,13.416407864998739,13.892443989449804,14.422205101855956,15.0,14.866068747318506,14.866068747318506,13.601470508735444,12.206555615733702,10.0,7.0710678118654755,5.385164807134504,4.123105625617661,6.4031242374328485,10.295630140987,14.866068747318506,18.681541692269406,21.840329667841555
1787403732.5394733,-70,0.0,27.018512172212592,25.612496949731394,23.430749027719962,21.2602916254693,17.69180601295413,14.422205101855956,9.486832980505138,7.280109889280518,7.0710678118654755,8.54400374531753,10.44030650891055,13.601470508735444,15.811388300841896,16.76305461424021,17.08800749063506,17.08800749063506,16.55294535724685,15.652475842498529,13.892443989449804,11.661903789690601,9.433981132056603,5.830951894845301,2.8284271247461903,1.0,4.123105625617661,5.385164807134504,0.0,0.0,0.0,0.0,0.0,0.0,0.0,0.0,0.0,0.0,0.0,4.242640687119285,1.4142135623730951,0.0,1.4142135623730951,3.605551275463989,6.324555320336759,9.219544457292887,11.180339887498949,13.152946437965905,15.132745950421556,16.0312195418814,16.0312195418814,16.0312195418814,15.132745950421556,14.560219778561036,13.601470508735444,12.083045973594572,10.295630140987,7.211102550927978,3.1622776601683795,2.0,6.4031242374328485,10.63014581273465,15.620499351813308,19.849433241279208,23.430749027719962
1787403732.8255272,-69,0.0,19.209372712298546,19.209372712298546,19.209372712298546,20.0,19.4164878389476,18.027756377319946,17.4928556845359,17.0,15.652475842498529,13.892443989449804,13.038404810405298,11.661903789690601,10.816653826391969,11.40175425099138,11.40175425099138,10.0,10.0,9.899494936611665,9.899494936611665,9.899494936611665,9.899494936611665,9.219544457292887,9.219544457292887,9.433981132056603,8.06225774829855,7.211102550927978,0.0,0.0,0.0,0.0,0.0,0.0,0.0,0.0,0.0,0.0,0.0,7.0,7.0710678118654755,6.0,7.0710678118654755,7.0710678118654755,7.280109889280518,7.280109889280518,7.280109889280518,8.54400374531753,9.486832980505138,10.44030650891055,9.848857801796104,9.848857801796104,9.848857801796104,10.295630140987,10.816653826391969,12.206555615733702,13.038404810405298,13.601470508735444,15.0,15.0,15.0,16.401219466856727,17.204650534085253,17.204650534085253,18.601075237738275
1787403733.352415,-68,0.0,20.396078054371138,21.37755832643195,21.213203435596427,20.223748416156685,20.09975124224178,19.026297590440446,18.027756377319946,17.0,16.0,14.0,13.038404810405298,12.041594578792296,11.180339887498949,12.041594578792296,11.045361017187261,11.180339887498949,10.198039027185569,10.198039027185569,9.219544457292887,9.219544457292887,9.219544457292887,9.219544457292887,8.246211251235321,7.280109889280518,7.280109889280518,6.324555320336759,0.0,0.0,0.0,0.0,0.0,0.0,0.0,0.0,0.0,0.0,0.0,5.830951894845301,5.830951894845301,5.385164807134504,6.082762530298219,6.082762530298219,7.0710678118654755,7.0,8.0,8.0,9.0,9.0,9.055385138137417,10.04987562112089,10.198039027185569,11.180339887498949,12.36931687685298,12.36931687685298,13.601470508735444,14.560219778561036,15.524174696260024,16.492422502470642,16.492422502470642,17.46424919657298,18.439088914585774,19.6468827043885,19.4164878389476
1787403733.4506705,-68,0.0,20.248456731316587,20.248456731316587,20.248456731316587,20.248456731316587,19.924858845171276,19.6468827043885,18.439088914585774,16.278820596099706,15.297058540778355,13.341664064126334,12.36931687685298,12.649110640673518,11.704699910719626,11.704699910719626,11.704699910719626,10.770329614269007,10.770329614269007,9.848857801796104,9.848857801796104,9.848857801796104,10.295630140987,9.848857801796104,9.848857801796104,8.54400374531753,7.615773105863909,7.615773105863909,0.0,0.0,0.0,0.0,0.0,0.0,0.0,0.0,0.0,0.0,0.0,8.06225774829855,7.0710678118654755,7.0,7.0,7.0710678118654755,7.0710678118654755,8.246211251235321,8.54400374531753,9.486832980505138,10.198039027185569,10.198039027185569,10.198039027185569,10.198039027185569,10.44030650891055,11.704699910719626,12.083045973594572,13.0,13.0,14.317821063276353,15.231546211727817,16.55294535724685,17.46424919657298,17.46424919657298,18.384776310850235,19.313207915827967,19.313207915827967
1787403733.4506705,-91,0.0,5.0,5.830951894845301,6.708203932499369,7.615773105863909,7.615773105863909,9.848857801796104,9.848857801796104,9.848857801796104,11.704699910719626,11.704699910719626,12.083045973594572,11.180339887498949,12.529964086141668,11.180339887498949,11.661903789690601,11.40175425099138,12.041594578792296,12.041594578792296,10.816653826391969,10.770329614269007,10.44030650891055,9.055385138137417,9.0,8.246211251235321,7.615773105863909,7.810249675906654,0.0,0.0,0.0,0.0,0.0,0.0,0.0,0.0,0.0,0.0,0.0,9.486832980505138,10.198039027185569,10.44030650891055,11.704699910719626,11.704699910719626,13.0,13.0,13.92838827718412,13.92838827718412,14.866068747318506,15.231546211727817,14.317821063276353,14.142135623730951,14.035668847618199,13.038404810405298,12.0,11.0,8.0,8.06225774829855,8.06225774829855,6.0,5.385164807134504,5.0,6.4031242374328485,6.708203932499369,8.54400374531753
1787403733.5437586,-69,0.0,21.0,21.0,20.024984394500787,20.024984394500787,19.1049731745428,18.24828759089466,17.26267650163207,15.297058540778355,14.317821063276353,13.152946437965905,12.165525060596439,11.045361017187261,11.0,11.0,11.0,10.04987562112089,10.04987562112089,10.04987562112089,9.055385138137417,9.055385138137417,9.055385138137417,9.055385138137417,9.055385138137417,8.0,8.0,7.0710678118654755,0.0,0.0,0.0,0.0,0.0,0.0,0.0,0.0,0.0,0.0,0.0,5.656854249492381,5.0,4.47213595499958,4.47213595499958,4.123105625617661,5.0990195135927845,6.0,7.0,7.0,8.0,9.0,9.0,9.0,9.0,10.04987562112089,11.045361017187261,11.180339887498949,12.165525060596439,14.142135623730951,15.132745950421556,15.132745950421556,16.1245154965971,17.11724276862369,18.110770276274835,19.026297590440446,20.09975124224178
1787403733.686922,-69,0.0,21.02379604162864,21.02379604162864,22.360679774997898,21.95449840010015,21.095023109728988,20.248456731316587,19.4164878389476,17.204650534085253,16.401219466856727,14.866068747318506,13.601470508735444,12.206555615733702,12.206555615733702,12.206555615733702,11.661903789690601,11.661903789690601,11.180339887498949,9.486832980505138,9.055385138137417,9.486832980505138,10.770329614269007,9.848857801796104,8.94427190999916,9.433981132056603,8.602325267042627,7.810249675906654,0.0,0.0,0.0,0.0,0.0,0.0,0.0,0.0,0.0,0.0,0.0,7.0710678118654755,6.082762530298219,5.385164807134504,5.0,5.0,5.656854249492381,7.0710678118654755,7.810249675906654,8.48528137423857,9.899494936611665,9.899494936611665,9.899494936611665,10.0,9.433981132056603,10.295630140987,11.180339887498949,12.083045973594572,13.0,13.0,14.317821063276353,14.317821063276353,15.231546211727817,17.46424919657298,18.384776310850235,19.697715603592208,19.697715603592208
1787403733.7669253,-68,0.0,23.600847442411894,22.80350850198276,23.430749027719962,23.430749027719962,22.67156809750927,21.93171219946131,20.518284528683193,18.439088914585774,17.029386365926403,14.866068747318506,13.45362404707371,12.727922061357855,12.041594578792296,11.40175425099138,11.40175425099138,11.40175425099138,10.816653826391969,10.295630140987,9.433981132056603,8.94427190999916,8.94427190999916,9.848857801796104,9.433981132056603,8.602325267042627,8.06225774829855,7.615773105863909,0.0,0.0,0.0,0.0,0.0,0.0,0.0,0.0,0.0,0.0,0.0,6.324555320336759,6.082762530298219,6.0,6.0,6.082762530298219,6.082762530298219,7.615773105863909,8.94427190999916,8.94427190999916,8.54400374531753,8.06225774829855,8.48528137423857,9.219544457292887,9.899494936611665,9.899494936611665,9.899494936611665,10.63014581273465,11.40175425099138,13.601470508735444,14.422205101855956,14.422205101855956,16.1245154965971,17.4928556845359,18.867962264113206,20.808652046684813,22.20360331117452
1787403735.3001845,-69,0.0,28.160255680657446,26.1725046566048,24.186773244895647,21.213203435596427,17.46424919657298,13.0,9.219544457292887,7.615773105863909,8.06225774829855,9.848857801796104,11.180339887498949,12.529964086141668,13.92838827718412,14.866068747318506,14.560219778561036,14.142135623730951,13.038404810405298,11.0,9.055385138137417,7.280109889280518,5.385164807134504,3.1622776601683795,1.0,3.605551275463989,5.830951894845301,7.211102550927978,0.0,0.0,0.0,0.0,0.0,0.0,0.0,0.0,0.0,0.0,0.0,2.23606797749979,1.4142135623730951,1.4142135623730951,2.8284271247461903,5.0,6.708203932499369,8.54400374531753,11.180339887498949,13.152946437965905,15.033296378372908,17.0,18.027756377319946,18.110770276274835,17.46424919657298,17.08800749063506,16.55294535724685,14.7648230602334,11.180339887498949,9.486832980505138,7.0,5.656854249492381,8.246211251235321,12.041594578792296,17.029386365926403,22.090722034374522,24.08318915758459
1787403735.3296103,-69,0.0,26.40075756488817,25.079872407968907,22.847319317591726,19.697715603592208,15.811388300841896,12.165525060596439,9.055385138137417,7.810249675906654,7.615773105863909,9.055385138137417,11.0,12.041594578792296,13.038404810405298,14.317821063276353,14.560219778561036,13.601470508735444,13.0,11.180339887498949,8.602325267042627,6.4031242374328485,4.242640687119285,1.4142135623730951,1.4142135623730951,4.242640687119285,5.656854249492381,7.810249675906654,0.0,0.0,0.0,0.0,0.0,0.0,0.0,0.0,0.0,0.0,0.0,2.0,1.4142135623730951,2.0,3.0,5.0,7.0710678118654755,9.486832980505138,11.704699910719626,13.416407864998739,16.1245154965971,18.027756377319946,19.209372712298546,17.69180601295413,17.029386365926403,16.401219466856727,15.811388300841896,13.892443989449804,11.661903789690601,8.602325267042627,5.830951894845301,5.0990195135927845,7.810249675906654,12.206555615733702,17.0,21.02379604162864,23.259406699226016
1787403735.554807,-69,0.0,27.294688127912362,26.419689627245813,24.186773244895647,21.470910553583888,17.88854381999832,14.560219778561036,10.0,7.615773105863909,8.48528137423857,9.433981132056603,10.295630140987,10.770329614269007,10.770329614269007,11.661903789690601,12.206555615733702,12.041594578792296,12.041594578792296,11.40175425099138,9.433981132056603,8.06225774829855,5.385164807134504,2.8284271247461903,1.4142135623730951,2.0,4.123105625617661,6.0,0.0,0.0,0.0,0.0,0.0,0.0,0.0,0.0,0.0,0.0,0.0,3.1622776601683795,2.0,2.0,3.1622776601683795,4.123105625617661,6.082762530298219,7.0710678118654755,9.0,12.041594578792296,14.142135623730951,16.492422502470642,17.72004514666935,16.15549442140351,15.264337522473747,14.866068747318506,14.142135623730951,12.806248474865697,10.0,7.0710678118654755,5.0,5.0,8.06225774829855,11.313708498984761,16.401219466856727,20.0,23.021728866442675
1787403735.554807,-69,0.0,30.0,29.0,27.0,23.021728866442675,19.1049731745428,14.560219778561036,11.661903789690601,10.0,9.219544457292887,10.0,12.041594578792296,13.152946437965905,13.038404810405298,14.0,14.035668847618199,13.152946437965905,12.36931687685298,10.770329614269007,9.433981132056603,7.810249675906654,6.4031242374328485,3.605551275463989,1.0,2.23606797749979,5.830951894845301,6.708203932499369,0.0,0.0,0.0,0.0,0.0,0.0,0.0,0.0,0.0,0.0,0.0,2.8284271247461903,2.23606797749979,1.0,2.8284271247461903,5.0,6.4031242374328485,8.602325267042627,11.180339887498949,13.92838827718412,14.866068747318506,16.76305461424021,17.46424919657298,18.110770276274835,17.0,16.0312195418814,14.317821063276353,12.649110640673518,11.704699910719626,9.486832980505138,6.0,5.0,7.615773105863909,12.165525060596439,17.029386365926403,22.0,25.019992006393608
1787403735.572351,-68,0.0,19.924858845171276,19.6468827043885,18.439088914585774,16.278820596099706,13.038404810405298,11.045361017187261,8.54400374531753,7.0710678118654755,6.708203932499369,6.0,7.280109889280518,9.219544457292887,10.198039027185569,10.198039027185569,10.04987562112089,9.0,9.0,8.06225774829855,8.06225774829855,7.615773105863909,6.708203932499369,7.0710678118654755,5.0,10.295630140987,7.211102550927978,6.082762530298219,0.0,0.0,0.0,0.0,0.0,0.0,0.0,0.0,0.0,0.0,0.0,2.23606797749979,1.0,0.0,1.4142135623730951,2.23606797749979,3.1622776601683795,4.47213595499958,5.830951894845301,7.810249675906654,9.219544457292887,9.899494936611665,10.63014581273465,10.63014581273465,10.0,8.94427190999916,8.06225774829855,7.615773105863909,5.830951894845301,4.47213595499958,2.23606797749979,2.0,4.242640687119285,7.211102550927978,11.180339887498949,14.317821063276353,16.55294535724685
1787403736.5422661,-69,0.0,25.079872407968907,24.020824298928627,22.0,19.026297590440446,16.1245154965971,12.649110640673518,9.219544457292887,6.324555320336759,7.0710678118654755,8.94427190999916,10.295630140987,12.529964086141668,14.317821063276353,15.231546211727817,14.866068747318506,14.866068747318506,14.560219778561036,13.152946437965905,11.045361017187261,10.0,8.0,5.0,2.0,1.0,3.1622776601683795,5.0990195135927845,0.0,0.0,0.0,0.0,0.0,0.0,0.0,0.0,0.0,0.0,0.0,2.23606797749979,0.0,1.4142135623730951,3.605551275463989,5.385164807134504,6.082762530298219,7.0,9.219544457292887,12.649110640673518,13.601470508735444,14.866068747318506,15.231546211727817,15.652475842498529,14.422205101855956,12.041594578792296,10.816653826391969,9.433981132056603,7.211102550927978,5.656854249492381,3.605551275463989,2.23606797749979,6.082762530298219,10.198039027185569,14.142135623730951,18.24828759089466,20.223748416156685
1787403736.5578463,-68,0.0,25.495097567963924,24.596747752497688,23.706539182259394,19.72308292331602,15.0,10.63014581273465,7.280109889280518,6.324555320336759,7.810249675906654,10.295630140987,12.083045973594572,13.416407864998739,13.892443989449804,15.811388300841896,16.401219466856727,16.278820596099706,15.556349186104045,13.45362404707371,11.40175425099138,9.433981132056603,7.211102550927978,4.47213595499958,1.4142135623730951,2.0,4.123105625617661,6.324555320336759,0.0,0.0,0.0,0.0,0.0,0.0,0.0,0.0,0.0,0.0,0.0,2.0,2.0,1.0,3.0,5.0990195135927845,7.615773105863909,9.486832980505138,12.36931687685298,14.560219778561036,16.492422502470642,17.26267650163207,16.1245154965971,16.0,16.0312195418814,15.132745950421556,13.341664064126334,10.44030650891055,7.280109889280518,5.385164807134504,2.0,2.23606797749979,4.123105625617661,8.94427190999916,14.317821063276353,18.384776310850235,20.615528128088304
1787403736.5739539,-69,0.0,27.294688127912362,25.059928172283335,23.259406699226016,20.248456731316587,16.492422502470642,11.0,7.280109889280518,4.47213595499958,6.082762530298219,9.486832980505138,10.770329614269007,12.649110640673518,13.341664064126334,14.560219778561036,15.524174696260024,15.297058540778355,14.317821063276353,13.152946437965905,12.041594578792296,10.0,7.0,4.0,0.0,2.0,5.0,7.0710678118654755,0.0,0.0,0.0,0.0,0.0,0.0,0.0,0.0,0.0,0.0,0.0,3.0,0.0,2.23606797749979,5.385164807134504,6.708203932499369,9.433981132056603,10.63014581273465,10.63014581273465,13.45362404707371,15.620499351813308,17.204650534085253,17.4928556845359,16.1245154965971,16.1245154965971,14.7648230602334,14.866068747318506,13.341664064126334,10.198039027185569,7.0710678118654755,4.47213595499958,3.1622776601683795,5.656854249492381,9.433981132056603,13.892443989449804,18.027756377319946,22.20360331117452
1787403736.5739539,-68,0.0,25.553864678361276,25.553864678361276,24.698178070456937,20.808652046684813,15.620499351813308,11.40175425099138,8.246211251235321,6.324555320336759,6.4031242374328485,7.280109889280518,9.486832980505138,11.704699910719626,13.892443989449804,16.1245154965971,16.1245154965971,16.64331697709324,15.811388300841896,13.601470508735444,12.806248474865697,11.313708498984761,8.602325267042627,5.0,1.0,3.1622776601683795,5.830951894845301,6.4031242374328485,0.0,0.0,0.0,0.0,0.0,0.0,0.0,0.0,0.0,0.0,0.0,3.0,1.0,2.23606797749979,3.605551275463989,5.656854249492381,7.810249675906654,10.0,12.529964086141668,14.317821063276353,17.08800749063506,18.027756377319946,17.72004514666935,16.492422502470642,15.132745950421556,14.035668847618199,13.0,12.041594578792296,9.055385138137417,6.082762530298219,4.123105625617661,3.605551275463989,6.082762530298219,10.770329614269007,15.231546211727817,18.788294228055936,21.470910553583888
1787403736.5898967,-68,0.0,26.92582403567252,27.202941017470888,25.298221281347036,22.47220505424423,17.88854381999832,13.601470508735444,10.0,8.06225774829855,7.615773105863909,9.219544457292887,11.313708498984761,12.727922061357855,14.866068747318506,17.029386365926403,17.204650534085253,17.204650534085253,15.811388300841896,14.7648230602334,12.083045973594572,10.44030650891055,8.246211251235321,6.082762530298219,3.0,0.0,3.0,4.123105625617661,0.0,0.0,0.0,0.0,0.0,0.0,0.0,0.0,0.0,0.0,0.0,2.23606797749979,1.0,1.0,2.8284271247461903,5.0,6.708203932499369,8.54400374531753,10.44030650891055,12.36931687685298,14.142135623730951,16.0312195418814,16.0,16.0312195418814,15.132745950421556,14.317821063276353,13.601470508735444,11.704699910719626,8.54400374531753,6.324555320336759,4.0,3.1622776601683795,6.0,10.198039027185569,14.560219778561036,18.439088914585774,21.587033144922902
1787403736.6373386,-71,0.0,27.202941017470888,27.202941017470888,25.80697580112788,22.47220505424423,19.235384061671343,15.231546211727817,11.180339887498949,8.246211251235321,7.0710678118654755,8.06225774829855,9.486832980505138,12.36931687685298,13.601470508735444,14.560219778561036,14.866068747318506,15.231546211727817,14.7648230602334,13.038404810405298,10.63014581273465,9.219544457292887,7.0710678118654755,4.242640687119285,2.23606797749979,1.0,3.605551275463989,5.830951894845301,0.0,0.0,0.0,0.0,0.0,0.0,0.0,0.0,0.0,0.0,0.0,2.8284271247461903,1.0,2.0,3.0,6.0,7.0710678118654755,9.486832980505138,11.180339887498949,13.892443989449804,15.264337522473747,16.401219466856727,16.278820596099706,16.278820596099706,15.811388300841896,14.7648230602334,13.416407864998739,11.704699910719626,8.54400374531753,6.708203932499369,4.242640687119285,4.0,7.211102550927978,10.63014581273465,16.401219466856727,20.0,22.80350850198276
1787403737.9129753,-69,0.0,26.1725046566048,26.30589287593181,24.515301344262525,20.396078054371138,16.492422502470642,12.529964086141668,10.63014581273465,9.219544457292887,9.055385138137417,9.219544457292887,10.44030650891055,11.180339887498949,12.083045973594572,13.601470508735444,14.317821063276353,13.341664064126334,12.041594578792296,11.0,9.055385138137417,8.06225774829855,7.0710678118654755,4.0,2.23606797749979,1.4142135623730951,3.605551275463989,5.656854249492381,0.0,0.0,0.0,0.0,0.0,0.0,0.0,0.0,0.0,0.0,0.0,3.1622776601683795,1.4142135623730951,2.0,2.23606797749979,3.0,4.47213595499958,6.4031242374328485,8.602325267042627,10.816653826391969,12.083045973594572,13.92838827718412,14.317821063276353,13.0,13.152946437965905,12.36931687685298,13.0,12.529964086141668,10.816653826391969,8.602325267042627,5.830951894845301,3.1622776601683795,3.1622776601683795,7.0710678118654755,13.0,19.026297590440446,22.090722034374522
1787403738.0718675,-68,0.0,34.058772731852805,32.64965543462902,31.240998703626616,27.80287754891569,23.323807579381203,18.384776310850235,14.035668847618199,10.770329614269007,10.63014581273465,12.083045973594572,13.601470508735444,15.811388300841896,17.08800749063506,19.313207915827967,19.697715603592208,19.235384061671343,18.35755975068582,15.811388300841896,14.212670403551895,11.313708498984761,8.602325267042627,5.0,2.23606797749979,1.4142135623730951,4.242640687119285,6.708203932499369,0.0,0.0,0.0,0.0,0.0,0.0,0.0,0.0,0.0,0.0,0.0,3.0,2.23606797749979,1.0,2.23606797749979,4.0,6.082762530298219,8.94427190999916,11.661903789690601,14.212670403551895,17.029386365926403,18.384776310850235,19.209372712298546,18.027756377319946,17.88854381999832,17.08800749063506,15.811388300841896,14.317821063276353,11.180339887498949,8.06225774829855,4.47213595499958,3.0,7.211102550927978,13.45362404707371,18.439088914585774,24.08318915758459,26.90724809414742
1787403738.2475328,-69,0.0,22.02271554554524,21.2602916254693,21.2602916254693,21.2602916254693,21.213203435596427,20.518284528683193,18.439088914585774,17.804493814764857,16.401219466856727,15.0,12.806248474865697,12.041594578792296,12.041594578792296,12.041594578792296,12.041594578792296,11.313708498984761,11.313708498984761,11.313708498984761,9.899494936611665,9.899494936611665,9.219544457292887,8.48528137423857,8.48528137423857,7.810249675906654,7.810249675906654,7.0710678118654755,0.0,0.0,0.0,0.0,0.0,0.0,0.0,0.0,0.0,0.0,0.0,6.0,6.0,5.0,5.0990195135927845,5.385164807134504,5.385164807134504,6.708203932499369,8.06225774829855,8.06225774829855,8.94427190999916,8.94427190999916,9.433981132056603,8.602325267042627,8.602325267042627,9.219544457292887,10.63014581273465,11.40175425099138,11.40175425099138,12.806248474865697,13.601470508735444,15.264337522473747,16.64331697709324,18.027756377319946,18.601075237738275,20.0,20.808652046684813
1787403738.2632077,-68,0.0,28.178005607210743,26.832815729997478,25.059928172283335,21.95449840010015,18.601075237738275,14.142135623730951,11.661903789690601,9.055385138137417,9.486832980505138,10.0,11.40175425099138,12.806248474865697,13.892443989449804,14.7648230602334,14.7648230602334,15.231546211727817,13.92838827718412,12.649110640673518,9.219544457292887,7.0,5.0990195135927845,2.23606797749979,1.4142135623730951,3.1622776601683795,5.0990195135927845,7.0,0.0,0.0,0.0,0.0,0.0,0.0,0.0,0.0,0.0,0.0,0.0,1.4142135623730951,1.0,3.1622776601683795,4.123105625617661,5.0990195135927845,6.708203932499369,8.602325267042627,12.041594578792296,14.142135623730951,16.278820596099706,17.804493814764857,18.027756377319946,16.55294535724685,15.811388300841896,15.297058540778355,15.033296378372908,14.0,12.041594578792296,9.0,7.280109889280518,5.656854249492381,7.0710678118654755,10.44030650891055,15.231546211727817,19.697715603592208,23.706539182259394
1787403738.3614342,-68,0.0,28.178005607210743,27.294688127912362,25.059928172283335,22.360679774997898,19.313207915827967,15.297058540778355,11.045361017187261,9.433981132056603,8.602325267042627,10.44030650891055,12.36931687685298,12.36931687685298,13.92838827718412,15.231546211727817,15.652475842498529,16.1245154965971,15.264337522473747,13.601470508735444,11.313708498984761,8.602325267042627,5.830951894845301,3.1622776601683795,1.0,2.8284271247461903,5.0,6.4031242374328485,0.0,0.0,0.0,0.0,0.0,0.0,0.0,0.0,0.0,0.0,0.0,3.1622776601683795,1.4142135623730951,0.0,2.23606797749979,4.123105625617661,6.082762530298219,9.055385138137417,11.180339887498949,13.341664064126334,15.524174696260024,18.027756377319946,18.384776310850235,17.88854381999832,17.204650534085253,16.278820596099706,16.278820596099706,14.212670403551895,12.206555615733702,9.219544457292887,6.4031242374328485,6.0,7.211102550927978,10.63014581273465,16.64331697709324,21.470910553583888,24.596747752497688
1787403738.3747256,-68,0.0,27.51363298439521,26.570660511172846,24.351591323771842,22.135943621178654,18.439088914585774,15.0,10.44030650891055,8.48528137423857,8.54400374531753,10.198039027185569,11.180339887498949,12.165525060596439,13.341664064126334,14.560219778561036,14.866068747318506,14.317821063276353,13.892443989449804,12.206555615733702,10.0,7.810249675906654,5.0,2.0,2.0,3.605551275463989,5.0,6.4031242374328485,0.0,0.0,0.0,0.0,0.0,0.0,0.0,0.0,0.0,0.0,0.0,4.0,2.0,1.0,2.8284271247461903,3.605551275463989,5.385164807134504,8.06225774829855,11.045361017187261,13.038404810405298,15.132745950421556,16.278820596099706,16.76305461424021,16.15549442140351,16.1245154965971,15.811388300841896,15.620499351813308,14.142135623730951,12.041594578792296,9.899494936611665,6.4031242374328485,5.0,6.4031242374328485,10.816653826391969,15.652475842498529,20.248456731316587,23.08679276123039
1787403738.3905342,-68,0.0,33.24154027718932,32.31098884280702,30.083217912982647,26.248809496813376,22.561028345356956,18.110770276274835,14.317821063276353,12.206555615733702,10.816653826391969,11.704699910719626,13.341664064126334,14.560219778561036,15.811388300841896,17.08800749063506,17.88854381999832,17.4928556845359,16.64331697709324,14.866068747318506,12.041594578792296,9.433981132056603,6.708203932499369,4.123105625617661,2.23606797749979,3.1622776601683795,5.0,7.211102550927978,0.0,0.0,0.0,0.0,0.0,0.0,0.0,0.0,0.0,0.0,0.0,3.0,1.0,2.23606797749979,3.605551275463989,5.656854249492381,6.708203932499369,9.486832980505138,12.36931687685298,15.132745950421556,17.029386365926403,18.027756377319946,18.24828759089466,18.973665961010276,17.88854381999832,17.4928556845359,16.401219466856727,14.866068747318506,12.727922061357855,10.0,7.615773105863909,7.280109889280518,9.899494936611665,13.892443989449804,19.697715603592208,25.079872407968907,27.85677655436824
1787403738.454344,-69,0.0,21.02379604162864,21.02379604162864,21.02379604162864,20.615528128088304,20.248456731316587,19.924858845171276,17.72004514666935,16.492422502470642,14.317821063276353,13.341664064126334,11.40175425099138,10.770329614269007,10.770329614269007,10.295630140987,10.295630140987,10.295630140987,9.433981132056603,8.602325267042627,8.602325267042627,8.602325267042627,8.602325267042627,8.602325267042627,8.602325267042627,8.06225774829855,7.211102550927978,6.4031242374328485,0.0,0.0,0.0,0.0,0.0,0.0,0.0,0.0,0.0,0.0,0.0,3.1622776601683795,3.605551275463989,3.1622776601683795,4.123105625617661,5.385164807134504,6.708203932499369,6.324555320336759,7.280109889280518,8.54400374531753,8.54400374531753,8.54400374531753,9.486832980505138,9.486832980505138,8.94427190999916,9.848857801796104,10.295630140987,11.661903789690601,13.038404810405298,13.038404810405298,13.601470508735444,14.422205101855956,15.811388300841896,16.64331697709324,18.867962264113206,20.248456731316587,20.248456731316587
1787403738.5055017,-71,0.0,27.51363298439521,27.51363298439521,24.351591323771842,21.840329667841555,18.439088914585774,14.035668847618199,10.198039027185569,7.211102550927978,6.324555320336759,8.0,10.198039027185569,11.180339887498949,13.038404810405298,14.035668847618199,15.0,15.0,14.035668847618199,12.041594578792296,10.198039027185569,8.54400374531753,5.830951894845301,3.605551275463989,1.0,3.0,4.123105625617661,5.385164807134504,0.0,0.0,0.0,0.0,0.0,0.0,0.0,0.0,0.0,0.0,0.0,1.4142135623730951,0.0,2.8284271247461903,4.47213595499958,6.324555320336759,7.0710678118654755,9.055385138137417,11.40175425099138,13.92838827718412,15.231546211727817,15.652475842498529,15.811388300841896,15.620499351813308,15.556349186104045,15.0,14.422205101855956,13.038404810405298,10.816653826391969,8.06225774829855,4.242640687119285,3.1622776601683795,6.4031242374328485,11.180339887498949,16.55294535724685,20.615528128088304,23.40939982143925
1787403738.6619177,-69,0.0,21.93171219946131,21.540659228538015,20.615528128088304,21.02379604162864,20.12461179749811,19.72308292331602,18.027756377319946,15.811388300841896,15.0,14.212670403551895,12.206555615733702,11.180339887498949,10.770329614269007,10.770329614269007,10.770329614269007,10.770329614269007,10.770329614269007,10.770329614269007,8.54400374531753,8.246211251235321,8.246211251235321,7.615773105863909,7.280109889280518,7.280109889280518,7.280109889280518,7.280109889280518,0.0,0.0,0.0,0.0,0.0,0.0,0.0,0.0,0.0,0.0,0.0,6.708203932499369,5.830951894845301,5.656854249492381,7.211102550927978,7.211102550927978,7.211102550927978,8.06225774829855,8.602325267042627,8.602325267042627,10.0,10.0,10.0,9.433981132056603,9.848857801796104,9.848857801796104,10.770329614269007,11.704699910719626,12.36931687685298,13.341664064126334,14.317821063276353,14.317821063276353,15.524174696260024,17.46424919657298,19.6468827043885,20.8806130178211,21.18962010041709
1787403738.7617898,-69,0.0,21.095023109728988,20.09975124224178,20.09975124224178,19.026297590440446,20.0,19.026297590440446,18.110770276274835,16.278820596099706,15.297058540778355,13.341664064126334,12.165525060596439,11.045361017187261,10.04987562112089,10.0,9.0,9.0,8.0,8.0,7.0710678118654755,7.280109889280518,7.280109889280518,7.280109889280518,7.280109889280518,6.082762530298219,6.082762530298219,6.324555320336759,0.0,0.0,0.0,0.0,0.0,0.0,0.0,0.0,0.0,0.0,0.0,7.0710678118654755,6.4031242374328485,5.385164807134504,6.324555320336759,6.324555320336759,7.0710678118654755,7.0710678118654755,8.06225774829855,8.246211251235321,9.219544457292887,10.198039027185569,10.198039027185569,10.198039027185569,10.04987562112089,11.0,12.0,12.0,12.041594578792296,13.038404810405298,14.035668847618199,15.132745950421556,15.132745950421556,16.1245154965971,18.24828759089466,19.235384061671343,19.235384061671343
1787403738.789832,-69,0.0,29.017236257093817,27.018512172212592,25.019992006393608,22.0,18.110770276274835,13.601470508735444,9.219544457292887,8.246211251235321,9.219544457292887,11.180339887498949,13.892443989449804,14.7648230602334,15.231546211727817,17.08800749063506,16.76305461424021,16.492422502470642,15.297058540778355,13.038404810405298,11.045361017187261,8.246211251235321,6.708203932499369,4.47213595499958,1.4142135623730951,2.0,4.123105625617661,6.324555320336759,0.0,0.0,0.0,0.0,0.0,0.0,0.0,0.0,0.0,0.0,0.0,3.1622776601683795,2.0,1.0,2.8284271247461903,4.47213595499958,7.0710678118654755,9.055385138137417,12.0,14.035668847618199,16.0312195418814,17.11724276862369,17.26267650163207,16.76305461424021,16.55294535724685,16.1245154965971,15.264337522473747,13.601470508735444,10.0,7.211102550927978,5.0990195135927845,5.0,7.615773105863909,12.165525060596439,17.029386365926403,22.02271554554524,24.020824298928627
1787403739.491071,-67,0.0,31.016124838541646,30.01666203960727,27.018512172212592,24.08318915758459,20.396078054371138,15.231546211727817,10.0,6.708203932499369,8.06225774829855,10.770329614269007,12.529964086141668,13.892443989449804,14.7648230602334,16.15549442140351,17.08800749063506,16.76305461424021,16.278820596099706,15.132745950421556,13.038404810405298,10.0,7.0710678118654755,3.605551275463989,2.23606797749979,4.47213595499958,6.324555320336759,8.54400374531753,0.0,0.0,0.0,0.0,0.0,0.0,0.0,0.0,0.0,0.0,0.0,1.4142135623730951,1.0,2.23606797749979,3.605551275463989,5.0,7.211102550927978,9.848857801796104,12.649110640673518,14.317821063276353,16.278820596099706,17.26267650163207,17.029386365926403,18.027756377319946,17.26267650163207,16.76305461424021,15.811388300841896,14.317821063276353,11.180339887498949,7.280109889280518,5.0,3.605551275463989,8.06225774829855,12.0,17.029386365926403,22.02271554554524,25.019992006393608
1787403739.6025617,-68,0.0,26.92582403567252,26.248809496813376,24.698178070456937,23.08679276123039,18.24828759089466,13.038404810405298,8.246211251235321,6.708203932499369,8.06225774829855,10.198039027185569,11.0,11.045361017187261,13.601470508735444,15.811388300841896,14.866068747318506,14.7648230602334,15.264337522473747,13.892443989449804,10.0,7.810249675906654,7.0710678118654755,4.47213595499958,1.0,2.8284271247461903,5.0,5.830951894845301,0.0,0.0,0.0,0.0,0.0,0.0,0.0,0.0,0.0,0.0,0.0,2.23606797749979,0.0,1.0,2.23606797749979,5.385164807134504,6.708203932499369,8.246211251235321,11.045361017187261,13.038404810405298,14.0,17.11724276862369,18.24828759089466,15.297058540778355,13.416407864998739,13.601470508735444,13.601470508735444,10.816653826391969,7.211102550927978,5.830951894845301,4.123105625617661,4.242640687119285,7.615773105863909,12.649110640673518,16.76305461424021,20.8806130178211,24.041630560342615
1787403740.0052936,-71,0.0,26.40075756488817,25.80697580112788,23.021728866442675,20.248456731316587,16.55294535724685,12.36931687685298,10.04987562112089,8.602325267042627,8.602325267042627,10.44030650891055,12.36931687685298,13.601470508735444,14.866068747318506,15.811388300841896,16.15549442140351,15.231546211727817,13.892443989449804,12.206555615733702,10.63014581273465,8.48528137423857,5.830951894845301,2.8284271247461903,1.0,2.23606797749979,5.385164807134504,7.280109889280518,0.0,0.0,0.0,0.0,0.0,0.0,0.0,0.0,0.0,0.0,0.0,2.23606797749979,0.0,1.4142135623730951,2.23606797749979,3.0,5.0990195135927845,7.280109889280518,9.848857801796104,11.661903789690601,13.601470508735444,14.866068747318506,15.620499351813308,15.811388300841896,16.55294535724685,16.15549442140351,15.811388300841896,14.317821063276353,11.40175425099138,8.54400374531753,5.0,4.0,6.4031242374328485,11.313708498984761,15.620499351813308,19.209372712298546,21.400934559032695
1787403740.0177307,-68,0.0,26.248809496813376,25.298221281347036,23.40939982143925,19.697715603592208,16.1245154965971,12.806248474865697,8.602325267042627,7.0710678118654755,6.708203932499369,8.48528137423857,9.899494936611665,11.313708498984761,12.727922061357855,14.142135623730951,14.866068747318506,14.866068747318506,12.806248474865697,11.40175425099138,9.433981132056603,6.708203932499369,4.47213595499958,2.23606797749979,1.0,3.1622776601683795,5.0990195135927845,6.082762530298219,0.0,0.0,0.0,0.0,0.0,0.0,0.0,0.0,0.0,0.0,0.0,0.0,2.0,3.1622776601683795,4.0,3.605551275463989,5.830951894845301,8.06225774829855,10.295630140987,12.649110640673518,14.317821063276353,14.035668847618199,15.033296378372908,14.142135623730951,14.560219778561036,15.231546211727817,14.7648230602334,13.892443989449804,11.180339887498949,8.54400374531753,4.0,2.23606797749979,5.0,9.219544457292887,13.601470508735444,18.973665961010276,20.8806130178211
1787403740.0494206,-68,0.0,25.317977802344327,25.317977802344327,23.194827009486403,20.09975124224178,16.0,12.165525060596439,8.54400374531753,6.4031242374328485,6.0,7.615773105863909,9.848857801796104,10.770329614269007,12.649110640673518,13.601470508735444,13.601470508735444,13.341664064126334,12.165525060596439,11.180339887498949,9.0,6.0,4.0,2.0,1.0,3.0,5.0990195135927845,6.324555320336759,0.0,0.0,0.0,0.0,0.0,0.0,0.0,0.0,0.0,0.0,0.0,2.23606797749979,1.4142135623730951,3.1622776601683795,5.656854249492381,6.708203932499369,7.0710678118654755,8.06225774829855,9.219544457292887,11.045361017187261,13.152946437965905,14.560219778561036,14.317821063276353,13.416407864998739,13.038404810405298,14.142135623730951,13.601470508735444,10.816653826391969,9.433981132056603,7.0710678118654755,4.47213595499958,3.1622776601683795,5.0,8.54400374531753,13.341664064126334,17.26267650163207,20.396078054371138
1787403740.0494206,-69,0.0,31.25699921617557,30.265491900843113,28.284271247461902,24.331050121192877,20.615528128088304,15.231546211727817,11.40175425099138,8.06225774829855,7.0710678118654755,9.433981132056603,11.40175425099138,12.206555615733702,14.422205101855956,15.811388300841896,15.811388300841896,16.64331697709324,14.7648230602334,13.0,10.770329614269007,8.246211251235321,5.0990195135927845,3.0,1.4142135623730951,3.605551275463989,5.385164807134504,7.280109889280518,0.0,0.0,0.0,0.0,0.0,0.0,0.0,0.0,0.0,0.0,0.0,2.0,3.1622776601683795,4.123105625617661,5.656854249492381,8.06225774829855,7.615773105863909,7.280109889280518,10.04987562112089,14.035668847618199,16.0312195418814,17.26267650163207,17.46424919657298,17.72004514666935,17.46424919657298,15.811388300841896,14.422205101855956,12.206555615733702,10.0,8.602325267042627,5.830951894845301,3.1622776601683795,7.0710678118654755,12.041594578792296,17.029386365926403,21.02379604162864,25.079872407968907
1787403740.0494206,-69,0.0,24.698178070456937,24.698178070456937,22.847319317591726,19.697715603592208,16.1245154965971,12.041594578792296,8.602325267042627,6.0,6.4031242374328485,7.810249675906654,9.433981132056603,10.816653826391969,12.206555615733702,13.601470508735444,14.212670403551895,13.45362404707371,13.45362404707371,11.313708498984761,9.219544457292887,7.211102550927978,5.0,2.8284271247461903,1.0,2.23606797749979,4.47213595499958,5.385164807134504,0.0,0.0,0.0,0.0,0.0,0.0,0.0,0.0,0.0,0.0,0.0,2.23606797749979,2.23606797749979,3.1622776601683795,4.123105625617661,5.0,5.656854249492381,6.4031242374328485,8.06225774829855,10.198039027185569,12.041594578792296,14.0,14.142135623730951,15.132745950421556,15.297058540778355,13.92838827718412,13.416407864998739,11.661903789690601,8.94427190999916,7.615773105863909,4.123105625617661,2.8284271247461903,5.0,9.219544457292887,13.92838827718412,18.027756377319946,19.924858845171276
1787403740.4971418,-70,0.0,23.0,23.021728866442675,23.021728866442675,23.08679276123039,22.20360331117452,21.37755832643195,20.396078054371138,18.439088914585774,16.492422502470642,15.524174696260024,13.341664064126334,13.341664064126334,13.152946437965905,13.152946437965905,13.152946437965905,12.041594578792296,12.041594578792296,11.045361017187261,11.0,11.0,11.0,11.0,10.04987562112089,9.055385138137417,9.055385138137417,9.055385138137417,0.0,0.0,0.0,0.0,0.0,0.0,0.0,0.0,0.0,0.0,0.0,9.219544457292887,9.219544457292887,8.48528137423857,9.219544457292887,9.219544457292887,8.602325267042627,8.06225774829855,8.94427190999916,8.94427190999916,9.433981132056603,8.94427190999916,8.54400374531753,8.54400374531753,9.219544457292887,10.04987562112089,11.045361017187261,11.0,12.0,12.0,13.038404810405298,14.035668847618199,16.0312195418814,18.110770276274835,19.026297590440446,20.024984394500787,21.095023109728988
1787403740.6591172,-69,0.0,27.85677655436824,25.632011235952593,23.769728648009426,20.615528128088304,16.1245154965971,12.041594578792296,8.94427190999916,8.0,8.94427190999916,11.313708498984761,13.45362404707371,14.866068747318506,17.029386365926403,18.439088914585774,19.209372712298546,18.601075237738275,18.027756377319946,16.1245154965971,14.7648230602334,12.083045973594572,8.94427190999916,5.830951894845301,2.8284271247461903,1.0,4.0,6.0,0.0,0.0,0.0,0.0,0.0,0.0,0.0,0.0,0.0,0.0,0.0,3.0,2.0,1.0,2.8284271247461903,5.0,7.211102550927978,8.94427190999916,11.180339887498949,13.0,14.866068747318506,16.492422502470642,16.278820596099706,15.033296378372908,15.0,14.142135623730951,13.341664064126334,10.44030650891055,8.54400374531753,6.324555320336759,3.0,3.1622776601683795,7.280109889280518,11.704699910719626,15.811388300841896,19.924858845171276,23.40939982143925
1787403740.6716378,-70,0.0,26.019223662515376,25.019992006393608,23.021728866442675,20.0,16.0312195418814,12.36931687685298,8.602325267042627,7.280109889280518,9.219544457292887,10.770329614269007,12.083045973594572,14.317821063276353,16.15549442140351,18.027756377319946,18.681541692269406,18.439088914585774,18.439088914585774,16.278820596099706,14.035668847618199,11.045361017187261,8.0,6.0,2.0,1.4142135623730951,4.123105625617661,6.324555320336759,0.0,0.0,0.0,0.0,0.0,0.0,0.0,0.0,0.0,0.0,0.0,3.605551275463989,2.23606797749979,0.0,2.23606797749979,4.123105625617661,7.0710678118654755,9.055385138137417,11.0,13.038404810405298,15.132745950421556,15.297058540778355,15.524174696260024,15.231546211727817,15.652475842498529,14.422205101855956,13.601470508735444,11.313708498984761,8.48528137423857,5.656854249492381,3.1622776601683795,3.605551275463989,6.324555320336759,11.045361017187261,16.0312195418814,20.024984394500787,22.0
1787403740.8151972,-69,0.0,26.40075756488817,25.612496949731394,23.430749027719962,20.615528128088304,16.64331697709324,12.083045973594572,8.06225774829855,6.4031242374328485,7.615773105863909,10.198039027185569,12.165525060596439,14.142135623730951,16.278820596099706,17.46424919657298,18.681541692269406,18.973665961010276,17.46424919657298,15.652475842498529,13.892443989449804,11.661903789690601,9.433981132056603,5.385164807134504,2.0,1.0,3.605551275463989,4.47213595499958,0.0,0.0,0.0,0.0,0.0,0.0,0.0,0.0,0.0,0.0,0.0,4.47213595499958,3.1622776601683795,1.0,1.4142135623730951,3.605551275463989,5.830951894845301,9.433981132056603,11.661903789690601,14.422205101855956,16.64331697709324,18.027756377319946,17.804493814764857,17.69180601295413,17.029386365926403,15.811388300841896,13.892443989449804,12.529964086141668,10.295630140987,7.810249675906654,5.385164807134504,5.385164807134504,7.0710678118654755,9.219544457292887,12.806248474865697,18.867962264113206,22.47220505424423
1787403741.3260024,-69,0.0,25.495097567963924,24.331050121192877,23.194827009486403,22.090722034374522,17.029386365926403,13.341664064126334,8.94427190999916,7.211102550927978,8.06225774829855,10.0,11.180339887498949,13.341664064126334,14.317821063276353,15.132745950421556,15.033296378372908,15.033296378372908,14.317821063276353,13.601470508735444,11.40175425099138,9.219544457292887,7.280109889280518,4.123105625617661,1.0,2.8284271247461903,5.656854249492381,7.0710678118654755,0.0,0.0,0.0,0.0,0.0,0.0,0.0,0.0,0.0,0.0,0.0,1.0,1.0,2.23606797749979,3.605551275463989,5.830951894845301,6.708203932499369,8.246211251235321,11.180339887498949,12.0,14.035668847618199,15.132745950421556,15.524174696260024,15.811388300841896,15.652475842498529,14.422205101855956,14.212670403551895,13.45362404707371,10.63014581273465,7.0710678118654755,3.605551275463989,2.23606797749979,5.0,8.54400374531753,13.341664064126334,17.46424919657298,20.396078054371138
1787403741.3260024,-88,0.0,15.033296378372908,14.035668847618199,13.0,9.055385138137417,7.0,4.0,2.23606797749979,1.4142135623730951,2.23606797749979,3.0,4.123105625617661,6.082762530298219,6.0,7.0,6.082762530298219,8.06225774829855,7.615773105863909,8.54400374531753,8.06225774829855,7.211102550927978,7.0710678118654755,6.4031242374328485,5.830951894845301,5.0,4.123105625617661,3.1622776601683795,0.0,0.0,0.0,0.0,0.0,0.0,0.0,0.0,0.0,0.0,0.0,13.892443989449804,13.038404810405298,11.40175425099138,9.219544457292887,9.848857801796104,10.198039027185569,11.045361017187261,12.36931687685298,13.601470508735444,12.649110640673518,13.0,12.083045973594572,10.295630140987,7.810249675906654,6.4031242374328485,5.0,6.708203932499369,8.48528137423857,10.0,11.661903789690601,12.36931687685298,14.317821063276353,16.1245154965971,17.029386365926403,18.027756377319946,19.0
1787403741.3260024,-87,0.0,13.892443989449804,12.206555615733702,10.816653826391969,8.602325267042627,6.708203932499369,3.605551275463989,2.0,1.0,2.23606797749979,2.23606797749979,3.605551275463989,3.605551275463989,4.47213595499958,6.082762530298219,6.0,6.082762530298219,6.324555320336759,6.4031242374328485,5.656854249492381,5.0,6.708203932499369,7.615773105863909,6.324555320336759,7.280109889280518,6.324555320336759,6.324555320336759,0.0,0.0,0.0,0.0,0.0,0.0,0.0,0.0,0.0,0.0,0.0,12.727922061357855,12.041594578792296,10.816653826391969,10.295630140987,10.770329614269007,10.44030650891055,11.180339887498949,11.045361017187261,12.041594578792296,12.0,12.0,10.0,8.06225774829855,6.324555320336759,5.0,6.324555320336759,8.0,9.055385138137417,10.198039027185569,12.649110640673518,13.416407864998739,12.529964086141668,12.083045973594572,12.529964086141668,13.038404810405298,12.206555615733702
1787403741.4215336,-69,0.0,29.068883707497267,28.635642126552707,26.0,23.40939982143925,18.439088914585774,14.0,10.770329614269007,9.899494936611665,9.848857801796104,11.180339887498949,13.152946437965905,15.297058540778355,16.492422502470642,18.027756377319946,19.313207915827967,18.788294228055936,18.35755975068582,16.64331697709324,13.601470508735444,11.40175425099138,7.810249675906654,5.0,1.0,2.23606797749979,5.830951894845301,8.06225774829855,0.0,0.0,0.0,0.0,0.0,0.0,0.0,0.0,0.0,0.0,0.0,3.1622776601683795,1.0,1.4142135623730951,2.8284271247461903,5.0,6.708203932499369,8.246211251235321,10.04987562112089,12.041594578792296,14.142135623730951,15.524174696260024,15.811388300841896,14.7648230602334,14.422205101855956,14.142135623730951,13.45362404707371,11.40175425099138,8.602325267042627,6.4031242374328485,3.605551275463989,3.605551275463989,5.830951894845301,10.295630140987,15.652475842498529,20.12461179749811,23.706539182259394
1787403742.042409,-69,0.0,28.42534080710379,27.65863337187866,25.495097567963924,22.627416997969522,18.439088914585774,14.422205101855956,10.44030650891055,8.06225774829855,7.211102550927978,7.810249675906654,9.433981132056603,10.816653826391969,11.40175425099138,12.727922061357855,13.601470508735444,14.422205101855956,13.892443989449804,13.92838827718412,12.649110640673518,10.198039027185569,8.246211251235321,5.385164807134504,3.0,2.23606797749979,4.47213595499958,5.830951894845301,0.0,0.0,0.0,0.0,0.0,0.0,0.0,0.0,0.0,0.0,0.0,0.0,2.0,3.1622776601683795,4.123105625617661,6.0,7.280109889280518,8.602325267042627,9.219544457292887,12.206555615733702,14.7648230602334,17.46424919657298,18.027756377319946,18.681541692269406,18.24828759089466,18.24828759089466,17.11724276862369,15.132745950421556,12.041594578792296,9.055385138137417,6.708203932499369,5.385164807134504,8.54400374531753,13.038404810405298,17.204650534085253,21.633307652783937,23.600847442411894
1787403742.346436,-69,0.0,27.586228448267445,26.1725046566048,22.627416997969522,19.1049731745428,15.620499351813308,11.661903789690601,8.06225774829855,5.830951894845301,6.708203932499369,9.219544457292887,10.198039027185569,12.36931687685298,13.601470508735444,15.231546211727817,16.55294535724685,16.1245154965971,14.422205101855956,14.142135623730951,12.806248474865697,8.94427190999916,7.615773105863909,5.0990195135927845,1.0,2.8284271247461903,5.656854249492381,8.48528137423857,0.0,0.0,0.0,0.0,0.0,0.0,0.0,0.0,0.0,0.0,0.0,1.4142135623730951,0.0,2.23606797749979,3.0,3.1622776601683795,6.4031242374328485,9.219544457292887,10.0,13.038404810405298,14.7648230602334,16.1245154965971,17.4928556845359,18.35755975068582,17.46424919657298,16.76305461424021,15.524174696260024,14.317821063276353,11.704699910719626,8.06225774829855,6.4031242374328485,6.082762530298219,9.219544457292887,12.529964086141668,16.401219466856727,21.400934559032695,23.600847442411894
1787403742.4700305,-90,0.0,21.540659228538015,21.18962010041709,20.8806130178211,20.615528128088304,20.396078054371138,20.223748416156685,19.1049731745428,18.027756377319946,17.0,17.0,16.0312195418814,14.142135623730951,13.038404810405298,11.045361017187261,9.0,8.0,7.0,6.082762530298219,5.830951894845301,5.656854249492381,5.830951894845301,5.830951894845301,5.385164807134504,5.385164807134504,5.0990195135927845,5.0990195135927845,0.0,0.0,0.0,0.0,0.0,0.0,0.0,0.0,0.0,0.0,0.0,8.246211251235321,7.0710678118654755,7.0710678118654755,6.0,6.082762530298219,6.082762530298219,6.324555320336759,6.708203932499369,7.211102550927978,7.211102550927978,7.211102550927978,8.602325267042627,8.602325267042627,8.602325267042627,8.602325267042627,8.602325267042627,8.602325267042627,7.0710678118654755,6.4031242374328485,5.830951894845301,6.324555320336759,7.0,9.219544457292887,10.44030650891055,13.0,14.7648230602334
1787403742.4727075,-89,0.0,19.697715603592208,19.697715603592208,19.697715603592208,20.12461179749811,20.591260281974,19.72308292331602,19.72308292331602,18.601075237738275,17.804493814764857,17.029386365926403,16.278820596099706,13.45362404707371,11.313708498984761,9.899494936611665,9.219544457292887,7.810249675906654,6.708203932499369,6.324555320336759,6.082762530298219,5.0990195135927845,7.0710678118654755,6.082762530298219,5.0990195135927845,5.0,5.0990195135927845,4.0,0.0,0.0,0.0,0.0,0.0,0.0,0.0,0.0,0.0,0.0,0.0,5.830951894845301,5.385164807134504,5.385164807134504,7.0710678118654755,8.0,8.0,8.0,8.0,8.0,8.0,9.0,9.0,8.06225774829855,8.06225774829855,8.06225774829855,7.280109889280518,7.211102550927978,7.211102550927978,7.0710678118654755,7.211102550927978,7.615773105863909,8.246211251235321,10.04987562112089,11.0,13.0,13.0
1787403742.4727075,-88,0.0,18.384776310850235,18.384776310850235,18.973665961010276,18.973665961010276,18.681541692269406,18.439088914585774,17.11724276862369,15.033296378372908,15.0,14.035668847618199,13.038404810405298,11.180339887498949,10.198039027185569,8.06225774829855,7.0,7.0710678118654755,6.324555320336759,5.830951894845301,6.4031242374328485,6.4031242374328485,7.211102550927978,7.211102550927978,7.810249675906654,7.810249675906654,7.211102550927978,7.810249675906654,0.0,0.0,0.0,0.0,0.0,0.0,0.0,0.0,0.0,0.0,0.0,5.0990195135927845,5.0,6.0,6.082762530298219,6.324555320336759,6.324555320336759,7.615773105863909,6.708203932499369,7.211102550927978,8.602325267042627,8.602325267042627,7.810249675906654,8.48528137423857,8.48528137423857,7.810249675906654,7.211102550927978,8.06225774829855,7.615773105863909,7.280109889280518,7.0,8.06225774829855,8.246211251235321,9.486832980505138,9.848857801796104,11.661903789690601,12.206555615733702
1787403742.5045986,-70,0.0,29.068883707497267,28.071337695236398,25.079872407968907,21.213203435596427,17.46424919657298,13.416407864998739,10.63014581273465,9.219544457292887,9.219544457292887,11.704699910719626,13.0,15.231546211727817,17.08800749063506,17.72004514666935,17.46424919657298,17.11724276862369,16.0,14.142135623730951,11.40175425099138,9.848857801796104,7.810249675906654,5.0,2.0,3.1622776601683795,5.0,7.280109889280518,0.0,0.0,0.0,0.0,0.0,0.0,0.0,0.0,0.0,0.0,0.0,3.1622776601683795,1.0,1.4142135623730951,3.0,5.0990195135927845,5.385164807134504,7.0710678118654755,9.219544457292887,11.40175425099138,13.416407864998739,14.560219778561036,16.278820596099706,17.26267650163207,16.0312195418814,16.0312195418814,16.0312195418814,13.038404810405298,11.045361017187261,9.0,6.324555320336759,6.4031242374328485,8.54400374531753,12.165525060596439,18.027756377319946,22.0,24.08318915758459
1787403742.8567379,-72,0.0,22.20360331117452,21.02379604162864,21.0,20.09975124224178,19.235384061671343,18.439088914585774,17.72004514666935,15.811388300841896,14.317821063276353,12.529964086141668,11.180339887498949,9.848857801796104,9.848857801796104,8.54400374531753,8.246211251235321,8.246211251235321,7.0710678118654755,7.0,7.0,7.0710678118654755,8.06225774829855,7.0710678118654755,7.280109889280518,6.082762530298219,6.082762530298219,6.0,0.0,0.0,0.0,0.0,0.0,0.0,0.0,0.0,0.0,0.0,0.0,6.4031242374328485,7.810249675906654,6.4031242374328485,5.0,4.123105625617661,3.605551275463989,4.47213595499958,4.0,5.0,6.0,6.0,7.0,8.06225774829855,8.246211251235321,7.615773105863909,7.615773105863909,8.54400374531753,8.94427190999916,11.704699910719626,12.36931687685298,13.341664064126334,14.560219778561036,16.492422502470642,17.26267650163207,18.439088914585774,19.6468827043885
1787403743.255718,-69,0.0,29.017236257093817,29.017236257093817,26.019223662515376,22.090722034374522,18.24828759089466,11.704699910719626,7.810249675906654,8.0,10.770329614269007,13.038404810405298,13.601470508735444,15.264337522473747,16.1245154965971,17.0,15.652475842498529,14.866068747318506,13.341664064126334,12.041594578792296,10.04987562112089,8.246211251235321,6.324555320336759,4.47213595499958,1.4142135623730951,1.0,4.123105625617661,6.324555320336759,0.0,0.0,0.0,0.0,0.0,0.0,0.0,0.0,0.0,0.0,0.0,3.0,1.0,1.4142135623730951,2.8284271247461903,5.0,5.830951894845301,8.54400374531753,10.44030650891055,11.180339887498949,12.041594578792296,13.038404810405298,13.341664064126334,13.416407864998739,13.038404810405298,13.601470508735444,12.806248474865697,12.041594578792296,9.219544457292887,6.4031242374328485,3.1622776601683795,5.0,8.246211251235321,11.045361017187261,16.1245154965971,21.213203435596427,24.186773244895647
1787403743.371164,-71,0.0,22.20360331117452,23.08679276123039,23.021728866442675,23.0,22.02271554554524,20.09975124224178,19.235384061671343,17.46424919657298,14.560219778561036,12.36931687685298,11.180339887498949,10.04987562112089,9.0,9.055385138137417,9.219544457292887,8.246211251235321,8.54400374531753,7.615773105863909,8.06225774829855,8.602325267042627,8.602325267042627,9.433981132056603,9.433981132056603,8.06225774829855,8.06225774829855,7.211102550927978,0.0,0.0,0.0,0.0,0.0,0.0,0.0,0.0,0.0,0.0,0.0,8.246211251235321,7.280109889280518,7.615773105863909,6.708203932499369,6.4031242374328485,6.4031242374328485,7.0710678118654755,7.0710678118654755,6.4031242374328485,6.4031242374328485,7.211102550927978,7.211102550927978,6.708203932499369,7.280109889280518,8.06225774829855,9.0,10.0,11.0,12.0,12.0,13.038404810405298,13.152946437965905,14.142135623730951,16.1245154965971,18.24828759089466,18.439088914585774
1787403743.5752761,-69,0.0,29.427877939124322,29.274562336608895,28.284271247461902,24.331050121192877,20.615528128088304,15.231546211727817,11.313708498984761,8.54400374531753,9.055385138137417,10.44030650891055,12.649110640673518,13.601470508735444,15.297058540778355,16.1245154965971,17.029386365926403,17.0,17.11724276862369,15.132745950421556,12.36931687685298,9.486832980505138,7.615773105863909,3.1622776601683795,0.0,3.605551275463989,6.4031242374328485,8.602325267042627,0.0,0.0,0.0,0.0,0.0,0.0,0.0,0.0,0.0,0.0,0.0,3.0,1.4142135623730951,2.23606797749979,3.605551275463989,4.123105625617661,4.123105625617661,6.708203932499369,8.602325267042627,10.63014581273465,13.601470508735444,15.264337522473747,16.55294535724685,16.76305461424021,17.26267650163207,17.11724276862369,16.0312195418814,14.0,12.0,10.198039027185569,8.06225774829855,7.211102550927978,9.055385138137417,13.038404810405298,18.24828759089466,22.360679774997898,25.495097567963924
1787403743.671947,-70,0.0,28.600699292150182,27.202941017470888,25.238858928247925,23.323807579381203,20.12461179749811,13.92838827718412,10.04987562112089,9.433981132056603,8.06225774829855,8.06225774829855,10.0,12.165525060596439,13.601470508735444,14.317821063276353,14.7648230602334,14.7648230602334,15.264337522473747,14.212670403551895,12.041594578792296,9.433981132056603,6.4031242374328485,3.605551275463989,1.0,2.8284271247461903,5.830951894845301,6.708203932499369,0.0,0.0,0.0,0.0,0.0,0.0,0.0,0.0,0.0,0.0,0.0,3.1622776601683795,2.23606797749979,3.0,5.0990195135927845,6.708203932499369,7.615773105863909,8.06225774829855,9.055385138137417,11.180339887498949,12.649110640673518,15.231546211727817,14.7648230602334,14.422205101855956,13.45362404707371,13.45362404707371,12.806248474865697,12.206555615733702,10.0,7.211102550927978,5.0990195135927845,4.123105625617661,5.656854249492381,9.899494936611665,15.620499351813308,20.615528128088304,23.600847442411894
1787403743.6861665,-70,0.0,21.095023109728988,22.090722034374522,21.213203435596427,21.37755832643195,20.396078054371138,19.6468827043885,18.973665961010276,17.08800749063506,14.866068747318506,13.92838827718412,12.649110640673518,11.40175425099138,11.180339887498949,11.045361017187261,11.045361017187261,11.045361017187261,10.04987562112089,10.0,10.04987562112089,10.04987562112089,10.0,10.0,9.0,8.0,8.0,8.0,0.0,0.0,0.0,0.0,0.0,0.0,0.0,0.0,0.0,0.0,0.0,7.0710678118654755,7.0710678118654755,5.0990195135927845,5.385164807134504,5.830951894845301,5.0,5.0,5.830951894845301,5.830951894845301,6.708203932499369,7.615773105863909,8.246211251235321,8.246211251235321,9.219544457292887,10.198039027185569,11.180339887498949,11.180339887498949,12.165525060596439,13.152946437965905,13.152946437965905,14.035668847618199,15.033296378372908,16.0,17.0,19.0,20.024984394500787
1787403743.780823,-71,0.0,22.80350850198276,23.53720459187964,23.345235059857504,23.194827009486403,22.02271554554524,21.0,19.0,17.0,15.0,14.035668847618199,12.041594578792296,11.180339887498949,11.40175425099138,11.40175425099138,11.40175425099138,10.770329614269007,10.770329614269007,9.848857801796104,8.94427190999916,9.433981132056603,10.0,10.816653826391969,10.295630140987,9.433981132056603,8.602325267042627,7.810249675906654,0.0,0.0,0.0,0.0,0.0,0.0,0.0,0.0,0.0,0.0,0.0,9.486832980505138,8.54400374531753,8.06225774829855,7.211102550927978,7.0710678118654755,6.4031242374328485,6.4031242374328485,6.708203932499369,6.708203932499369,7.615773105863909,8.246211251235321,8.06225774829855,9.055385138137417,10.0,10.04987562112089,11.0,11.0,12.041594578792296,13.038404810405298,14.142135623730951,14.317821063276353,14.560219778561036,16.76305461424021,18.973665961010276,20.8806130178211,22.561028345356956
1787403744.607832,-71,0.0,25.019992006393608,24.020824298928627,23.021728866442675,23.021728866442675,23.021728866442675,21.02379604162864,19.1049731745428,18.24828759089466,16.492422502470642,15.524174696260024,12.165525060596439,10.198039027185569,11.180339887498949,11.180339887498949,13.0,11.180339887498949,6.708203932499369,4.123105625617661,8.0,10.0,10.44030650891055,11.180339887498949,11.704699910719626,10.44030650891055,8.54400374531753,6.324555320336759,0.0,0.0,0.0,0.0,0.0,0.0,0.0,0.0,0.0,0.0,0.0,8.246211251235321,6.324555320336759,4.47213595499958,4.47213595499958,4.47213595499958,4.242640687119285,5.0,5.830951894845301,6.324555320336759,7.0710678118654755,8.246211251235321,9.219544457292887,9.055385138137417,9.0,10.04987562112089,11.180339887498949,12.041594578792296,13.038404810405298,15.033296378372908,16.1245154965971,16.278820596099706,17.46424919657298,18.439088914585774,20.396078054371138,21.213203435596427,21.095023109728988
1787403744.7348144,-70,0.0,28.30194339616981,26.92582403567252,24.186773244895647,21.02379604162864,18.027756377319946,14.142135623730951,11.045361017187261,8.602325267042627,8.54400374531753,11.045361017187261,12.165525060596439,13.152946437965905,15.033296378372908,16.0312195418814,17.029386365926403,16.0312195418814,14.142135623730951,13.601470508735444,12.083045973594572,9.433981132056603,7.211102550927978,5.0,2.23606797749979,1.0,4.123105625617661,6.324555320336759,0.0,0.0,0.0,0.0,0.0,0.0,0.0,0.0,0.0,0.0,0.0,1.4142135623730951,1.0,2.23606797749979,3.605551275463989,4.123105625617661,5.0990195135927845,6.708203932499369,8.06225774829855,9.848857801796104,12.529964086141668,13.45362404707371,13.601470508735444,14.7648230602334,15.231546211727817,14.560219778561036,14.035668847618199,12.041594578792296,9.0,7.0,4.47213595499958,3.1622776601683795,5.656854249492381,10.63014581273465,15.0,18.867962264113206,22.20360331117452
1787403744.7506602,-70,0.0,26.419689627245813,26.419689627245813,25.059928172283335,21.93171219946131,17.08800749063506,12.165525060596439,9.219544457292887,7.810249675906654,8.54400374531753,10.04987562112089,12.0,14.0,16.0,17.029386365926403,17.11724276862369,16.278820596099706,15.524174696260024,13.601470508735444,11.704699910719626,9.848857801796104,7.211102550927978,3.605551275463989,1.0,2.23606797749979,4.242640687119285,5.656854249492381,0.0,0.0,0.0,0.0,0.0,0.0,0.0,0.0,0.0,0.0,0.0,3.1622776601683795,1.4142135623730951,2.23606797749979,2.8284271247461903,3.1622776601683795,4.123105625617661,6.708203932499369,9.433981132056603,10.295630140987,12.806248474865697,14.866068747318506,15.620499351813308,16.64331697709324,16.55294535724685,15.524174696260024,14.142135623730951,14.142135623730951,12.165525060596439,9.219544457292887,5.830951894845301,4.47213595499958,4.47213595499958,9.219544457292887,14.422205101855956,18.867962264113206,21.633307652783937
1787403744.7735984,-69,0.0,28.861739379323623,27.892651361962706,27.202941017470888,23.40939982143925,18.788294228055936,15.0,10.0,8.246211251235321,9.219544457292887,11.180339887498949,12.206555615733702,14.212670403551895,15.0,15.811388300841896,16.1245154965971,15.652475842498529,14.866068747318506,13.341664064126334,12.165525060596439,10.0,8.06225774829855,5.0990195135927845,2.23606797749979,2.23606797749979,4.123105625617661,6.0,0.0,0.0,0.0,0.0,0.0,0.0,0.0,0.0,0.0,0.0,0.0,1.4142135623730951,1.4142135623730951,2.8284271247461903,4.123105625617661,5.0990195135927845,5.385164807134504,7.211102550927978,9.486832980505138,11.704699910719626,13.601470508735444,14.317821063276353,15.132745950421556,14.0,14.035668847618199,13.341664064126334,12.649110640673518,13.416407864998739,12.206555615733702,9.433981132056603,6.324555320336759,4.242640687119285,7.0710678118654755,11.180339887498949,16.492422502470642,21.587033144922902,24.73863375370596
1787403744.7986383,-71,0.0,29.068883707497267,28.319604517012593,26.870057685088806,24.839484696748443,21.400934559032695,17.0,12.041594578792296,9.219544457292887,8.06225774829855,10.0,10.0,10.0,13.038404810405298,17.4928556845359,18.867962264113206,18.439088914585774,15.556349186104045,12.206555615733702,11.180339887498949,9.848857801796104,7.0,4.123105625617661,1.4142135623730951,3.605551275463989,7.0710678118654755,9.433981132056603,0.0,0.0,0.0,0.0,0.0,0.0,0.0,0.0,0.0,0.0,0.0,2.23606797749979,1.0,3.1622776601683795,4.47213595499958,6.324555320336759,8.0,9.055385138137417,10.44030650891055,11.704699910719626,13.038404810405298,13.601470508735444,14.142135623730951,14.422205101855956,14.317821063276353,14.317821063276353,14.035668847618199,13.0,11.0,8.0,6.324555320336759,4.242640687119285,5.0990195135927845,10.295630140987,15.811388300841896,21.2602916254693,24.758836806279895
1787403744.8306212,-70,0.0,28.792360097775937,29.410882339705484,25.96150997149434,22.561028345356956,19.1049731745428,14.035668847618199,10.770329614269007,7.211102550927978,8.06225774829855,10.198039027185569,12.36931687685298,14.317821063276353,16.278820596099706,18.439088914585774,19.4164878389476,19.235384061671343,17.029386365926403,15.0,13.038404810405298,11.045361017187261,8.06225774829855,4.123105625617661,0.0,3.0,5.0990195135927845,7.280109889280518,0.0,0.0,0.0,0.0,0.0,0.0,0.0,0.0,0.0,0.0,0.0,3.605551275463989,1.4142135623730951,1.4142135623730951,3.605551275463989,5.0990195135927845,7.0,8.246211251235321,10.44030650891055,12.529964086141668,13.892443989449804,15.811388300841896,16.278820596099706,15.620499351813308,15.264337522473747,15.652475842498529,15.811388300841896,13.601470508735444,11.40175425099138,9.486832980505138,5.830951894845301,3.1622776601683795,5.0,10.295630140987,16.55294535724685,20.615528128088304,23.769728648009426
1787403744.8624032,-70,0.0,28.442925306655784,28.284271247461902,27.073972741361768,23.0,19.1049731745428,14.560219778561036,10.0,7.615773105863909,8.0,9.219544457292887,11.40175425099138,12.36931687685298,14.560219778561036,15.524174696260024,15.297058540778355,16.278820596099706,15.132745950421556,13.0,11.045361017187261,9.219544457292887,6.324555320336759,3.1622776601683795,1.0,4.123105625617661,6.082762530298219,7.0,0.0,0.0,0.0,0.0,0.0,0.0,0.0,0.0,0.0,0.0,0.0,3.1622776601683795,1.0,2.23606797749979,4.47213595499958,6.708203932499369,8.54400374531753,10.04987562112089,11.0,12.165525060596439,12.649110640673518,14.317821063276353,14.422205101855956,14.866068747318506,14.212670403551895,13.892443989449804,13.92838827718412,12.649110640673518,9.848857801796104,7.615773105863909,5.385164807134504,1.4142135623730951,4.47213595499958,9.486832980505138,14.317821063276353,19.4164878389476,23.53720459187964
1787403745.1185777,-70,0.0,30.675723300355934,29.120439557122072,25.96150997149434,22.135943621178654,18.788294228055936,14.142135623730951,12.649110640673518,10.04987562112089,9.433981132056603,12.727922061357855,14.866068747318506,17.029386365926403,18.601075237738275,19.209372712298546,19.209372712298546,17.69180601295413,16.278820596099706,14.212670403551895,11.180339887498949,9.848857801796104,7.280109889280518,4.0,2.8284271247461903,4.0,6.324555320336759,8.54400374531753,0.0,0.0,0.0,0.0,0.0,0.0,0.0,0.0,0.0,0.0,0.0,1.0,2.23606797749979,4.242640687119285,6.4031242374328485,8.06225774829855,8.94427190999916,10.44030650891055,12.0,13.152946437965905,13.92838827718412,15.231546211727817,15.652475842498529,15.264337522473747,15.620499351813308,16.278820596099706,16.401219466856727,14.422205101855956,11.180339887498949,8.06225774829855,5.0,3.1622776601683795,6.082762530298219,12.0,17.029386365926403,21.213203435596427,24.331050121192877
1787403745.1497233,-70,0.0,21.18962010041709,20.615528128088304,19.4164878389476,17.11724276862369,13.0,9.219544457292887,6.4031242374328485,6.082762530298219,8.246211251235321,9.848857801796104,11.180339887498949,11.180339887498949,12.083045973594572,13.416407864998739,13.416407864998739,13.0,12.649110640673518,11.180339887498949,9.0,6.082762530298219,4.47213595499958,3.605551275463989,2.0,2.8284271247461903,5.0990195135927845,6.0,0.0,0.0,0.0,0.0,0.0,0.0,0.0,0.0,0.0,0.0,0.0,2.0,2.23606797749979,4.0,5.0,7.0,8.06225774829855,9.219544457292887,10.770329614269007,12.529964086141668,13.038404810405298,14.212670403551895,14.142135623730951,14.212670403551895,14.422205101855956,13.416407864998739,13.0,11.704699910719626,10.770329614269007,8.54400374531753,5.0,3.1622776601683795,3.605551275463989,7.211102550927978,12.083045973594572,15.811388300841896,18.027756377319946
1787403745.1746154,-70,0.0,27.16615541441225,26.076809620810597,24.020824298928627,21.02379604162864,17.26267650163207,13.0,8.602325267042627,8.0,8.94427190999916,10.816653826391969,12.806248474865697,14.212670403551895,16.401219466856727,16.64331697709324,17.4928556845359,16.64331697709324,15.652475842498529,13.0,11.40175425099138,9.055385138137417,7.0,4.123105625617661,2.23606797749979,3.605551275463989,5.830951894845301,7.615773105863909,0.0,0.0,0.0,0.0,0.0,0.0,0.0,0.0,0.0,0.0,0.0,2.23606797749979,2.8284271247461903,5.0990195135927845,7.0710678118654755,8.0,9.219544457292887,11.40175425099138,13.92838827718412,15.652475842498529,15.264337522473747,15.811388300841896,16.278820596099706,15.556349186104045,17.029386365926403,17.4928556845359,17.46424919657298,17.08800749063506,13.92838827718412,9.486832980505138,4.123105625617661,1.4142135623730951,4.47213595499958,8.54400374531753,14.317821063276353,19.4164878389476,21.213203435596427
1787403745.181755,-70,0.0,31.144823004794873,30.066592756745816,28.0,25.079872407968907,20.396078054371138,15.652475842498529,12.041594578792296,9.848857801796104,10.198039027185569,13.038404810405298,16.401219466856727,18.867962264113206,20.12461179749811,20.591260281974,21.470910553583888,20.615528128088304,18.027756377319946,15.524174696260024,13.038404810405298,12.36931687685298,11.180339887498949,7.211102550927978,4.47213595499958,5.385164807134504,7.211102550927978,7.810249675906654,0.0,0.0,0.0,0.0,0.0,0.0,0.0,0.0,0.0,0.0,0.0,1.4142135623730951,1.0,4.123105625617661,6.082762530298219,8.0,9.219544457292887,11.704699910719626,13.416407864998739,15.264337522473747,16.401219466856727,17.804493814764857,18.384776310850235,18.601075237738275,18.35755975068582,18.788294228055936,17.46424919657298,15.811388300841896,12.649110640673518,8.54400374531753,4.47213595499958,3.1622776601683795,7.211102550927978,12.083045973594572,17.72004514666935,23.53720459187964,26.68332812825267
1787403745.883987,-70,0.0,29.154759474226502,27.073972741361768,25.019992006393608,22.0,18.24828759089466,13.92838827718412,9.899494936611665,9.486832980505138,10.04987562112089,11.704699910719626,13.0,13.92838827718412,14.866068747318506,15.524174696260024,16.278820596099706,16.0312195418814,15.0,14.142135623730951,12.36931687685298,10.770329614269007,8.94427190999916,5.0,3.1622776601683795,2.23606797749979,4.123105625617661,5.0,0.0,0.0,0.0,0.0,0.0,0.0,0.0,0.0,0.0,0.0,0.0,1.4142135623730951,0.0,2.23606797749979,4.242640687119285,5.0,6.324555320336759,8.06225774829855,10.0,12.041594578792296,13.152946437965905,14.317821063276353,14.866068747318506,14.7648230602334,14.422205101855956,13.45362404707371,12.727922061357855,12.041594578792296,9.219544457292887,7.0710678118654755,3.605551275463989,2.8284271247461903,7.280109889280518,12.165525060596439,17.11724276862369,21.095023109728988,24.186773244895647
1787403746.1222606,-70,0.0,21.587033144922902,23.53720459187964,24.515301344262525,23.345235059857504,22.20360331117452,18.110770276274835,15.033296378372908,16.0312195418814,16.278820596099706,13.341664064126334,11.045361017187261,10.04987562112089,9.055385138137417,9.219544457292887,11.180339887498949,11.180339887498949,10.04987562112089,12.0,13.038404810405298,11.40175425099138,10.770329614269007,13.416407864998739,13.0,9.486832980505138,7.615773105863909,9.848857801796104,0.0,0.0,0.0,0.0,0.0,0.0,0.0,0.0,0.0,0.0,0.0,7.0710678118654755,6.4031242374328485,5.0,5.830951894845301,5.385164807134504,6.082762530298219,7.0,7.0,7.0,8.06225774829855,8.06225774829855,9.0,9.055385138137417,9.055385138137417,10.04987562112089,11.180339887498949,11.40175425099138,11.40175425099138,12.649110640673518,12.649110640673518,13.601470508735444,14.560219778561036,16.76305461424021,18.973665961010276,20.248456731316587,20.248456731316587
1787403746.1379492,-70,0.0,26.870057685088806,27.586228448267445,24.839484696748443,21.400934559032695,16.64331697709324,12.083045973594572,9.0,7.211102550927978,7.615773105863909,9.055385138137417,11.045361017187261,13.038404810405298,14.142135623730951,15.524174696260024,16.76305461424021,16.76305461424021,16.15549442140351,15.231546211727817,13.892443989449804,10.816653826391969,8.06225774829855,4.47213595499958,1.0,2.23606797749979,5.830951894845301,7.211102550927978,0.0,0.0,0.0,0.0,0.0,0.0,0.0,0.0,0.0,0.0,0.0,2.8284271247461903,1.0,2.8284271247461903,5.0,6.4031242374328485,7.810249675906654,9.899494936611665,11.40175425099138,13.416407864998739,15.231546211727817,16.15549442140351,16.76305461424021,16.492422502470642,16.1245154965971,16.0,16.1245154965971,14.317821063276353,11.40175425099138,8.06225774829855,6.082762530298219,3.605551275463989,5.385164807134504,10.0,15.0,20.0,22.80350850198276
1787403746.173268,-70,0.0,28.30194339616981,26.92582403567252,25.553864678361276,21.02379604162864,17.08800749063506,12.165525060596439,9.219544457292887,6.4031242374328485,6.324555320336759,8.06225774829855,10.04987562112089,12.041594578792296,13.038404810405298,14.0,15.033296378372908,16.0312195418814,14.317821063276353,12.649110640673518,12.083045973594572,11.180339887498949,8.06225774829855,5.0,2.0,3.605551275463989,5.0,5.385164807134504,0.0,0.0,0.0,0.0,0.0,0.0,0.0,0.0,0.0,0.0,0.0,1.4142135623730951,1.4142135623730951,3.1622776601683795,3.1622776601683795,5.0990195135927845,7.615773105863909,9.433981132056603,11.40175425099138,12.727922061357855,14.212670403551895,15.0,15.264337522473747,15.231546211727817,14.866068747318506,14.317821063276353,13.341664064126334,12.36931687685298,10.198039027185569,6.324555320336759,4.242640687119285,4.0,6.4031242374328485,10.63014581273465,15.620499351813308,20.0,21.400934559032695
1787403746.1854355,-70,0.0,27.51363298439521,25.298221281347036,23.08679276123039,20.8806130178211,16.278820596099706,12.041594578792296,8.94427190999916,7.211102550927978,8.0,9.219544457292887,10.44030650891055,12.36931687685298,14.317821063276353,15.297058540778355,16.1245154965971,16.0,15.0,14.035668847618199,12.0,10.04987562112089,7.280109889280518,4.123105625617661,0.0,2.0,5.0990195135927845,7.280109889280518,0.0,0.0,0.0,0.0,0.0,0.0,0.0,0.0,0.0,0.0,0.0,2.0,1.4142135623730951,3.0,5.0,6.082762530298219,6.324555320336759,8.94427190999916,10.295630140987,12.206555615733702,13.45362404707371,14.866068747318506,15.620499351813308,15.264337522473747,14.7648230602334,14.866068747318506,14.560219778561036,13.601470508735444,10.770329614269007,7.615773105863909,5.0,3.0,5.0,9.433981132056603,14.7648230602334,19.235384061671343,21.470910553583888
1787403746.2013462,-70,0.0,32.7566787083184,30.805843601498726,28.861739379323623,25.298221281347036,20.615528128088304,15.0,10.295630140987,9.055385138137417,8.94427190999916,10.0,12.041594578792296,14.212670403551895,15.620499351813308,16.401219466856727,17.204650534085253,16.64331697709324,14.317821063276353,14.560219778561036,14.317821063276353,12.165525060596439,8.06225774829855,5.0,2.8284271247461903,3.605551275463989,5.830951894845301,6.708203932499369,0.0,0.0,0.0,0.0,0.0,0.0,0.0,0.0,0.0,0.0,0.0,2.0,1.4142135623730951,2.8284271247461903,4.242640687119285,5.656854249492381,7.211102550927978,8.54400374531753,10.198039027185569,12.041594578792296,14.0,15.132745950421556,15.297058540778355,16.76305461424021,16.55294535724685,15.264337522473747,15.0,12.806248474865697,10.63014581273465,7.211102550927978,4.47213595499958,2.23606797749979,6.0,11.045361017187261,16.1245154965971,22.20360331117452,25.179356624028344
1787403747.0605092,-69,0.0,26.92582403567252,26.419689627245813,24.698178070456937,22.47220505424423,18.601075237738275,14.866068747318506,10.816653826391969,7.0710678118654755,7.280109889280518,7.810249675906654,9.899494936611665,10.63014581273465,12.727922061357855,14.142135623730951,14.142135623730951,14.142135623730951,13.45362404707371,12.206555615733702,10.295630140987,7.615773105863909,4.47213595499958,2.23606797749979,0.0,3.1622776601683795,5.0990195135927845,7.0,0.0,0.0,0.0,0.0,0.0,0.0,0.0,0.0,0.0,0.0,0.0,2.23606797749979,1.4142135623730951,3.0,4.0,5.0,6.082762530298219,7.615773105863909,9.433981132056603,10.63014581273465,13.45362404707371,14.422205101855956,15.652475842498529,14.866068747318506,15.524174696260024,16.278820596099706,15.033296378372908,13.038404810405298,11.0,8.0,5.0990195135927845,3.605551275463989,6.082762530298219,9.848857801796104,13.892443989449804,18.867962264113206,21.633307652783937
1787403747.0920744,-69,0.0,26.68332812825267,26.68332812825267,25.709920264364882,22.360679774997898,18.110770276274835,15.0,11.40175425099138,8.602325267042627,7.615773105863909,9.055385138137417,11.0,13.0,14.0,15.033296378372908,16.0312195418814,16.1245154965971,15.297058540778355,13.601470508735444,10.770329614269007,8.54400374531753,5.830951894845301,3.605551275463989,0.0,2.23606797749979,4.47213595499958,5.830951894845301,0.0,0.0,0.0,0.0,0.0,0.0,0.0,0.0,0.0,0.0,0.0,2.0,1.4142135623730951,3.605551275463989,4.47213595499958,5.0,6.4031242374328485,8.06225774829855,9.486832980505138,11.180339887498949,13.038404810405298,14.0,14.142135623730951,14.317821063276353,13.92838827718412,13.892443989449804,13.601470508735444,11.40175425099138,10.0,8.06225774829855,5.385164807134504,4.47213595499958,7.211102550927978,11.40175425099138,16.278820596099706,20.396078054371138,22.360679774997898
1787403747.0920744,-69,0.0,32.89376840679705,32.89376840679705,29.732137494637012,26.0,22.825424421026653,17.804493814764857,12.806248474865697,9.219544457292887,10.44030650891055,12.083045973594572,12.529964086141668,14.422205101855956,17.204650534085253,18.027756377319946,19.235384061671343,20.12461179749811,18.788294228055936,17.46424919657298,13.92838827718412,10.44030650891055,8.246211251235321,5.385164807134504,1.4142135623730951,2.0,5.0,8.0,0.0,0.0,0.0,0.0,0.0,0.0,0.0,0.0,0.0,0.0,0.0,3.0,2.23606797749979,4.0,5.0,7.0,8.06225774829855,8.54400374531753,8.602325267042627,11.40175425099138,13.601470508735444,15.264337522473747,16.15549442140351,15.524174696260024,16.1245154965971,16.0312195418814,15.297058540778355,14.317821063276353,12.36931687685298,9.219544457292887,5.0990195135927845,3.605551275463989,7.0710678118654755,12.649110640673518,18.788294228055936,24.166091947189145,27.85677655436824
1787403747.5535753,-86,0.0,9.848857801796104,8.246211251235321,7.0710678118654755,7.0710678118654755,6.708203932499369,7.0710678118654755,7.615773105863909,9.055385138137417,10.0,11.045361017187261,12.041594578792296,13.152946437965905,13.341664064126334,13.341664064126334,13.341664064126334,12.165525060596439,11.045361017187261,8.0,6.082762530298219,3.605551275463989,3.1622776601683795,4.0,5.385164807134504,6.708203932499369,8.54400374531753,10.44030650891055,0.0,0.0,0.0,0.0,0.0,0.0,0.0,0.0,0.0,0.0,0.0,6.708203932499369,6.4031242374328485,7.211102550927978,7.0710678118654755,7.211102550927978,8.06225774829855,8.94427190999916,9.848857801796104,9.848857801796104,10.44030650891055,11.40175425099138,11.180339887498949,11.180339887498949,10.198039027185569,9.219544457292887,7.0710678118654755,5.0,3.1622776601683795,2.0,3.605551275463989,6.4031242374328485,7.810249675906654,9.899494936611665,10.63014581273465,12.041594578792296,12.806248474865697
1787403747.6654813,-70,0.0,21.213203435596427,21.213203435596427,21.37755832643195,20.615528128088304,19.6468827043885,19.6468827043885,18.973665961010276,17.08800749063506,15.231546211727817,13.92838827718412,12.649110640673518,12.649110640673518,12.36931687685298,11.40175425099138,10.44030650891055,10.44030650891055,9.486832980505138,9.219544457292887,9.219544457292887,8.06225774829855,8.06225774829855,8.06225774829855,8.06225774829855,7.0710678118654755,7.0,7.0,0.0,0.0,0.0,0.0,0.0,0.0,0.0,0.0,0.0,0.0,0.0,8.602325267042627,8.602325267042627,8.602325267042627,7.810249675906654,7.0710678118654755,7.810249675906654,7.810249675906654,7.211102550927978,8.06225774829855,7.615773105863909,8.54400374531753,8.54400374531753,9.219544457292887,10.198039027185569,11.045361017187261,12.041594578792296,13.038404810405298,13.038404810405298,14.035668847618199,14.035668847618199,15.033296378372908,16.0312195418814,17.029386365926403,18.027756377319946,19.026297590440446,19.026297590440446
1787403747.879641,-70,0.0,23.323807579381203,23.323807579381203,23.021728866442675,22.20360331117452,22.02271554554524,21.2602916254693,19.79898987322333,17.69180601295413,16.278820596099706,14.866068747318506,13.45362404707371,12.727922061357855,12.041594578792296,12.041594578792296,12.041594578792296,11.40175425099138,10.0,9.219544457292887,9.219544457292887,9.433981132056603,9.433981132056603,10.0,8.602325267042627,7.810249675906654,6.708203932499369,6.708203932499369,0.0,0.0,0.0,0.0,0.0,0.0,0.0,0.0,0.0,0.0,0.0,9.219544457292887,8.246211251235321,7.615773105863909,7.615773105863909,7.211102550927978,7.0710678118654755,8.48528137423857,8.48528137423857,9.219544457292887,9.899494936611665,9.899494936611665,10.63014581273465,10.0,10.816653826391969,11.661903789690601,13.416407864998739,13.416407864998739,14.317821063276353,15.652475842498529,15.652475842498529,15.652475842498529,17.88854381999832,18.788294228055936,19.697715603592208,21.02379604162864,21.02379604162864
1787403748.2867768,-71,0.0,22.02271554554524,22.02271554554524,22.67156809750927,21.93171219946131,21.213203435596427,20.615528128088304,18.601075237738275,16.64331697709324,15.264337522473747,13.601470508735444,12.041594578792296,11.313708498984761,11.313708498984761,11.313708498984761,11.313708498984761,9.899494936611665,9.219544457292887,9.219544457292887,8.602325267042627,8.06225774829855,8.602325267042627,8.602325267042627,7.211102550927978,6.4031242374328485,5.830951894845301,6.324555320336759,0.0,0.0,0.0,0.0,0.0,0.0,0.0,0.0,0.0,0.0,0.0,8.06225774829855,7.0710678118654755,6.082762530298219,6.324555320336759,6.324555320336759,5.830951894845301,5.830951894845301,6.708203932499369,7.211102550927978,8.06225774829855,8.06225774829855,8.06225774829855,7.810249675906654,8.48528137423857,9.219544457292887,10.63014581273465,10.63014581273465,11.40175425099138,11.40175425099138,12.206555615733702,13.601470508735444,14.422205101855956,15.811388300841896,18.027756377319946,18.867962264113206,19.4164878389476
1787403748.4939306,-70,0.0,21.02379604162864,21.02379604162864,22.360679774997898,21.470910553583888,20.591260281974,19.72308292331602,18.867962264113206,17.204650534085253,15.0,13.601470508735444,13.038404810405298,11.661903789690601,12.083045973594572,12.083045973594572,11.180339887498949,10.770329614269007,10.770329614269007,10.770329614269007,9.848857801796104,8.94427190999916,8.94427190999916,8.54400374531753,7.615773105863909,6.708203932499369,6.324555320336759,5.0990195135927845,0.0,0.0,0.0,0.0,0.0,0.0,0.0,0.0,0.0,0.0,0.0,7.0710678118654755,6.082762530298219,5.0,5.0,4.123105625617661,4.47213595499958,5.0,5.656854249492381,5.656854249492381,5.656854249492381,6.4031242374328485,7.211102550927978,7.615773105863909,8.54400374531753,9.486832980505138,10.770329614269007,11.704699910719626,13.601470508735444,13.601470508735444,13.92838827718412,15.811388300841896,17.08800749063506,18.384776310850235,19.697715603592208,20.615528128088304,19.697715603592208
1787403748.5899842,-70,0.0,26.90724809414742,26.1725046566048,23.345235059857504,20.615528128088304,16.64331697709324,11.704699910719626,9.055385138137417,8.602325267042627,9.433981132056603,11.704699910719626,12.36931687685298,13.601470508735444,14.866068747318506,15.652475842498529,15.264337522473747,14.422205101855956,13.45362404707371,12.041594578792296,10.0,7.615773105863909,5.385164807134504,3.0,1.0,3.605551275463989,5.830951894845301,6.708203932499369,0.0,0.0,0.0,0.0,0.0,0.0,0.0,0.0,0.0,0.0,0.0,2.23606797749979,0.0,2.23606797749979,4.123105625617661,6.082762530298219,8.06225774829855,9.219544457292887,10.295630140987,12.041594578792296,13.45362404707371,15.0,16.1245154965971,16.55294535724685,16.76305461424021,16.492422502470642,16.1245154965971,14.035668847618199,12.041594578792296,9.219544457292887,6.708203932499369,5.830951894845301,7.0710678118654755,11.180339887498949,15.811388300841896,20.808652046684813,23.600847442411894
1787403748.6858304,-70,0.0,20.518284528683193,20.518284528683193,20.518284528683193,19.1049731745428,19.209372712298546,17.804493814764857,17.204650534085253,15.811388300841896,14.422205101855956,12.806248474865697,12.041594578792296,10.63014581273465,9.899494936611665,10.63014581273465,10.63014581273465,9.219544457292887,8.48528137423857,8.602325267042627,8.602325267042627,8.06225774829855,8.94427190999916,8.06225774829855,8.06225774829855,6.708203932499369,6.708203932499369,6.708203932499369,0.0,0.0,0.0,0.0,0.0,0.0,0.0,0.0,0.0,0.0,0.0,6.0,5.0,5.0990195135927845,4.47213595499958,5.830951894845301,5.830951894845301,6.4031242374328485,7.0710678118654755,7.810249675906654,8.48528137423857,9.899494936611665,9.899494936611665,9.899494936611665,9.899494936611665,10.63014581273465,11.40175425099138,12.806248474865697,13.601470508735444,14.212670403551895,15.620499351813308,16.401219466856727,17.804493814764857,18.601075237738275,19.849433241279208,20.518284528683193,20.518284528683193
1787403748.804886,-70,0.0,22.80350850198276,22.561028345356956,22.360679774997898,22.360679774997898,21.213203435596427,21.095023109728988,20.024984394500787,18.027756377319946,16.0,15.0,13.0,12.041594578792296,11.180339887498949,11.180339887498949,10.198039027185569,10.198039027185569,9.219544457292887,9.219544457292887,8.54400374531753,7.615773105863909,8.06225774829855,8.06225774829855,8.54400374531753,7.615773105863909,7.615773105863909,6.708203932499369,0.0,0.0,0.0,0.0,0.0,0.0,0.0,0.0,0.0,0.0,0.0,8.06225774829855,6.708203932499369,5.830951894845301,5.656854249492381,5.0,5.385164807134504,6.082762530298219,7.0710678118654755,7.280109889280518,8.246211251235321,8.06225774829855,9.0,9.0,9.055385138137417,10.198039027185569,11.180339887498949,11.40175425099138,12.36931687685298,13.341664064126334,13.341664064126334,14.560219778561036,15.811388300841896,17.72004514666935,18.681541692269406,19.6468827043885,20.8806130178211
1787403749.0036144,-70,0.0,27.294688127912362,26.30589287593181,24.186773244895647,21.02379604162864,17.029386365926403,12.649110640673518,10.0,8.54400374531753,10.0,11.180339887498949,12.36931687685298,14.317821063276353,16.1245154965971,17.11724276862369,17.029386365926403,17.0,16.0312195418814,14.142135623730951,11.40175425099138,9.848857801796104,6.708203932499369,3.605551275463989,1.4142135623730951,1.0,3.605551275463989,5.0,0.0,0.0,0.0,0.0,0.0,0.0,0.0,0.0,0.0,0.0,0.0,3.0,1.0,1.4142135623730951,3.605551275463989,5.0,5.830951894845301,8.246211251235321,10.04987562112089,12.0,13.038404810405298,15.297058540778355,15.811388300841896,15.231546211727817,15.264337522473747,15.0,14.866068747318506,13.45362404707371,11.313708498984761,9.219544457292887,6.708203932499369,5.0990195135927845,7.810249675906654,12.083045973594572,18.027756377319946,21.840329667841555,23.769728648009426
1787403749.0354834,-70,0.0,30.364452901377952,29.410882339705484,27.51363298439521,23.40939982143925,17.46424919657298,13.601470508735444,10.295630140987,8.06225774829855,8.54400374531753,10.816653826391969,12.206555615733702,13.601470508735444,15.264337522473747,16.1245154965971,15.652475842498529,14.866068747318506,14.317821063276353,13.038404810405298,11.045361017187261,8.246211251235321,5.830951894845301,2.8284271247461903,2.0,3.1622776601683795,6.0,7.0710678118654755,0.0,0.0,0.0,0.0,0.0,0.0,0.0,0.0,0.0,0.0,0.0,3.1622776601683795,1.0,2.23606797749979,4.47213595499958,5.830951894845301,8.602325267042627,10.0,11.40175425099138,13.892443989449804,15.652475842498529,18.027756377319946,18.439088914585774,18.110770276274835,17.0,17.11724276862369,15.524174696260024,13.601470508735444,11.40175425099138,9.055385138137417,6.324555320336759,7.211102550927978,10.198039027185569,15.033296378372908,20.396078054371138,25.709920264364882,28.160255680657446
1787403749.051458,-70,0.0,30.0,27.80287754891569,24.20743687382041,20.518284528683193,16.278820596099706,12.529964086141668,10.198039027185569,9.486832980505138,10.63014581273465,12.806248474865697,13.601470508735444,14.422205101855956,16.401219466856727,16.401219466856727,16.278820596099706,14.866068747318506,14.422205101855956,12.083045973594572,10.770329614269007,9.486832980505138,7.0710678118654755,5.0990195135927845,2.23606797749979,1.4142135623730951,4.123105625617661,5.0,0.0,0.0,0.0,0.0,0.0,0.0,0.0,0.0,0.0,0.0,0.0,4.242640687119285,1.4142135623730951,2.0,4.123105625617661,5.0,6.082762530298219,7.615773105863909,9.433981132056603,11.313708498984761,14.212670403551895,15.811388300841896,16.1245154965971,16.15549442140351,15.524174696260024,15.132745950421556,14.0,13.038404810405298,11.0,8.0,5.385164807134504,5.385164807134504,8.246211251235321,13.416407864998739,18.867962264113206,23.021728866442675,25.80697580112788
1787403749.051458,-70,0.0,28.600699292150182,27.202941017470888,24.413111231467404,21.633307652783937,17.0,13.601470508735444,10.0,8.06225774829855,9.433981132056603,11.704699910719626,12.649110640673518,13.601470508735444,15.811388300841896,16.55294535724685,14.7648230602334,14.422205101855956,14.212670403551895,12.727922061357855,9.433981132056603,7.615773105863909,7.0710678118654755,5.0990195135927845,2.8284271247461903,3.0,4.47213595499958,5.0,0.0,0.0,0.0,0.0,0.0,0.0,0.0,0.0,0.0,0.0,0.0,2.8284271247461903,1.0,3.605551275463989,5.385164807134504,6.082762530298219,7.0,8.06225774829855,9.486832980505138,12.083045973594572,14.422205101855956,16.278820596099706,16.97056274847714,16.401219466856727,16.64331697709324,15.652475842498529,13.92838827718412,12.649110640673518,10.770329614269007,8.94427190999916,6.4031242374328485,6.082762530298219,10.0,14.142135623730951,19.849433241279208,24.839484696748443,25.612496949731394
1787403750.3769627,-69,0.0,26.076809620810597,27.073972741361768,25.019992006393608,22.02271554554524,17.11724276862369,12.649110640673518,9.219544457292887,6.324555320336759,8.54400374531753,10.816653826391969,12.806248474865697,14.212670403551895,15.0,15.264337522473747,16.1245154965971,15.231546211727817,14.866068747318506,13.152946437965905,10.0,8.0,5.0990195135927845,3.1622776601683795,1.0,4.123105625617661,5.0990195135927845,5.0990195135927845,0.0,0.0,0.0,0.0,0.0,0.0,0.0,0.0,0.0,0.0,0.0,1.0,1.4142135623730951,2.8284271247461903,4.242640687119285,5.830951894845301,7.280109889280518,9.055385138137417,11.045361017187261,13.341664064126334,15.524174696260024,18.027756377319946,18.788294228055936,19.235384061671343,18.867962264113206,18.027756377319946,16.401219466856727,14.212670403551895,11.40175425099138,8.94427190999916,5.0990195135927845,4.47213595499958,6.708203932499369,10.198039027185569,14.035668847618199,18.0,21.02379604162864
1787403750.775435,-73,0.0,26.627053911388696,26.076809620810597,24.186773244895647,22.360679774997898,17.72004514666935,13.038404810405298,9.486832980505138,8.602325267042627,10.44030650891055,12.0,14.035668847618199,15.033296378372908,16.0312195418814,17.0,17.029386365926403,16.1245154965971,15.297058540778355,13.601470508735444,12.083045973594572,10.295630140987,7.810249675906654,5.656854249492381,3.1622776601683795,2.23606797749979,5.0,6.324555320336759,0.0,0.0,0.0,0.0,0.0,0.0,0.0,0.0,0.0,0.0,0.0,1.4142135623730951,1.0,3.0,4.0,6.0,7.0710678118654755,8.54400374531753,10.295630140987,12.206555615733702,13.45362404707371,14.866068747318506,15.0,15.264337522473747,14.317821063276353,13.92838827718412,13.601470508735444,11.40175425099138,9.486832980505138,6.324555320336759,2.8284271247461903,2.23606797749979,6.4031242374328485,10.816653826391969,15.264337522473747,19.4164878389476,22.20360331117452
1787403751.2689254,-72,0.0,27.294688127912362,26.1725046566048,25.179356624028344,23.021728866442675,17.11724276862369,11.704699910719626,8.48528137423857,8.06225774829855,9.486832980505138,11.661903789690601,12.806248474865697,13.601470508735444,14.422205101855956,14.7648230602334,14.866068747318506,14.560219778561036,14.142135623730951,13.0,11.045361017187261,9.219544457292887,6.708203932499369,4.242640687119285,2.0,2.23606797749979,5.0990195135927845,6.0,0.0,0.0,0.0,0.0,0.0,0.0,0.0,0.0,0.0,0.0,0.0,3.0,1.4142135623730951,2.23606797749979,5.0,5.830951894845301,7.615773105863909,10.198039027185569,11.180339887498949,13.0,15.033296378372908,15.132745950421556,15.524174696260024,15.811388300841896,15.652475842498529,15.264337522473747,13.601470508735444,12.727922061357855,11.313708498984761,7.810249675906654,5.385164807134504,4.123105625617661,6.4031242374328485,11.704699910719626,16.278820596099706,20.396078054371138,23.345235059857504
1787403751.4757488,-90,0.0,11.180339887498949,13.152946437965905,14.317821063276353,15.132745950421556,17.11724276862369,18.110770276274835,18.027756377319946,17.029386365926403,17.029386365926403,15.0,14.0,12.041594578792296,10.04987562112089,7.0710678118654755,5.0,2.0,1.4142135623730951,3.0,5.0990195135927845,6.082762530298219,8.246211251235321,9.219544457292887,10.44030650891055,10.44030650891055,12.083045973594572,12.083045973594572,0.0,0.0,0.0,0.0,0.0,0.0,0.0,0.0,0.0,0.0,0.0,2.23606797749979,2.8284271247461903,2.8284271247461903,3.1622776601683795,4.123105625617661,5.0990195135927845,5.0990195135927845,6.082762530298219,7.280109889280518,7.615773105863909,9.486832980505138,9.848857801796104,11.180339887498949,11.661903789690601,12.206555615733702,11.40175425099138,12.041594578792296,12.806248474865697,12.806248474865697,11.661903789690601,11.180339887498949,10.770329614269007,10.44030650891055,9.055385138137417,9.055385138137417,8.0
1787403751.5873077,-71,0.0,25.709920264364882,25.709920264364882,25.317977802344327,22.090722034374522,18.027756377319946,13.601470508735444,9.899494936611665,9.219544457292887,11.180339887498949,12.649110640673518,14.317821063276353,15.231546211727817,15.811388300841896,16.492422502470642,16.278820596099706,16.1245154965971,15.0,13.038404810405298,11.40175425099138,9.486832980505138,7.615773105863909,5.0,2.23606797749979,2.23606797749979,4.0,5.0990195135927845,0.0,0.0,0.0,0.0,0.0,0.0,0.0,0.0,0.0,0.0,0.0,3.605551275463989,1.0,1.4142135623730951,2.8284271247461903,3.605551275463989,6.324555320336759,8.0,11.045361017187261,13.341664064126334,15.524174696260024,15.811388300841896,17.08800749063506,16.55294535724685,16.1245154965971,15.0,13.45362404707371,12.041594578792296,10.63014581273465,7.211102550927978,3.605551275463989,2.8284271247461903,6.324555320336759,10.198039027185569,14.317821063276353,18.24828759089466,20.396078054371138
1787403751.6030312,-72,0.0,27.202941017470888,26.248809496813376,25.298221281347036,21.93171219946131,18.027756377319946,13.45362404707371,10.44030650891055,9.486832980505138,11.40175425099138,12.806248474865697,13.601470508735444,15.0,15.620499351813308,16.97056274847714,17.029386365926403,16.401219466856727,15.264337522473747,13.416407864998739,11.704699910719626,9.219544457292887,8.06225774829855,6.0,2.8284271247461903,3.1622776601683795,5.0,5.830951894845301,0.0,0.0,0.0,0.0,0.0,0.0,0.0,0.0,0.0,0.0,0.0,3.1622776601683795,1.0,1.0,3.1622776601683795,4.47213595499958,6.4031242374328485,8.94427190999916,11.704699910719626,13.601470508735444,15.297058540778355,16.278820596099706,17.029386365926403,16.0312195418814,16.1245154965971,14.317821063276353,13.341664064126334,11.704699910719626,9.848857801796104,7.615773105863909,4.123105625617661,2.23606797749979,5.385164807134504,9.486832980505138,14.560219778561036,18.681541692269406,21.840329667841555
1787403751.6189325,-71,0.0,26.870057685088806,26.1725046566048,24.839484696748443,22.20360331117452,18.35755975068582,14.317821063276353,10.198039027185569,9.219544457292887,9.848857801796104,12.165525060596439,13.038404810405298,14.142135623730951,15.524174696260024,16.76305461424021,17.08800749063506,15.652475842498529,14.422205101855956,14.212670403551895,12.727922061357855,10.0,8.06225774829855,4.47213595499958,3.0,3.1622776601683795,4.47213595499958,5.830951894845301,0.0,0.0,0.0,0.0,0.0,0.0,0.0,0.0,0.0,0.0,0.0,2.23606797749979,1.0,1.4142135623730951,3.1622776601683795,4.0,6.324555320336759,8.06225774829855,10.63014581273465,12.727922061357855,14.142135623730951,15.620499351813308,16.401219466856727,16.1245154965971,15.652475842498529,14.866068747318506,12.649110640673518,10.198039027185569,9.219544457292887,6.082762530298219,3.605551275463989,2.0,5.656854249492381,10.63014581273465,14.866068747318506,19.1049731745428,21.93171219946131
1787403751.647141,-71,0.0,28.442925306655784,28.284271247461902,26.076809620810597,23.0,19.235384061671343,15.231546211727817,12.041594578792296,10.44030650891055,11.045361017187261,12.649110640673518,13.92838827718412,15.231546211727817,15.811388300841896,16.492422502470642,17.26267650163207,16.0312195418814,15.0,14.142135623730951,12.36931687685298,9.848857801796104,8.06225774829855,5.656854249492381,3.1622776601683795,2.8284271247461903,5.0990195135927845,6.0,0.0,0.0,0.0,0.0,0.0,0.0,0.0,0.0,0.0,0.0,0.0,2.0,0.0,2.23606797749979,3.605551275463989,5.656854249492381,6.708203932499369,8.246211251235321,11.045361017187261,13.0,15.033296378372908,16.1245154965971,17.26267650163207,16.492422502470642,15.811388300841896,14.7648230602334,13.038404810405298,11.40175425099138,9.219544457292887,5.830951894845301,3.0,3.605551275463989,7.0710678118654755,11.045361017187261,15.033296378372908,20.09975124224178,23.345235059857504
1787403751.651621,-88,0.0,16.0312195418814,17.11724276862369,16.1245154965971,17.11724276862369,17.11724276862369,18.110770276274835,18.110770276274835,17.11724276862369,16.1245154965971,16.278820596099706,15.132745950421556,14.142135623730951,13.341664064126334,11.180339887498949,10.198039027185569,8.06225774829855,7.0710678118654755,7.0710678118654755,5.0,5.0,5.0,5.0990195135927845,5.0,4.0,4.123105625617661,4.123105625617661,0.0,0.0,0.0,0.0,0.0,0.0,0.0,0.0,0.0,0.0,0.0,7.810249675906654,8.602325267042627,8.602325267042627,8.06225774829855,8.54400374531753,9.486832980505138,9.486832980505138,9.219544457292887,10.198039027185569,10.04987562112089,9.055385138137417,9.055385138137417,8.06225774829855,7.0710678118654755,7.280109889280518,6.708203932499369,5.830951894845301,5.0,5.0,4.47213595499958,5.385164807134504,6.324555320336759,7.0710678118654755,8.0,10.04987562112089,11.045361017187261
1787403752.895117,-72,0.0,19.4164878389476,21.37755832643195,23.53720459187964,22.561028345356956,22.135943621178654,19.697715603592208,17.88854381999832,17.0,16.64331697709324,13.601470508735444,10.816653826391969,9.848857801796104,9.219544457292887,9.219544457292887,8.54400374531753,8.246211251235321,8.246211251235321,9.219544457292887,9.219544457292887,9.055385138137417,8.0,8.06225774829855,9.055385138137417,8.06225774829855,6.082762530298219,5.385164807134504,0.0,0.0,0.0,0.0,0.0,0.0,0.0,0.0,0.0,0.0,0.0,8.06225774829855,7.280109889280518,7.280109889280518,7.280109889280518,7.280109889280518,6.708203932499369,6.4031242374328485,7.0710678118654755,7.0710678118654755,7.810249675906654,8.48528137423857,8.602325267042627,8.06225774829855,8.54400374531753,8.54400374531753,10.770329614269007,10.770329614269007,10.770329614269007,10.770329614269007,12.649110640673518,13.601470508735444,14.317821063276353,15.132745950421556,17.029386365926403,18.110770276274835,17.26267650163207
1787403752.990515,-35,0.0,13.45362404707371,13.45362404707371,12.041594578792296,14.142135623730951,12.727922061357855,12.806248474865697,12.806248474865697,12.806248474865697,12.806248474865697,14.422205101855956,13.892443989449804,14.422205101855956,13.892443989449804,13.892443989449804,14.7648230602334,14.7648230602334,14.422205101855956,15.264337522473747,15.264337522473747,15.264337522473747,15.0,15.0,14.212670403551895,13.45362404707371,13.45362404707371,13.45362404707371,0.0,0.0,0.0,0.0,0.0,0.0,0.0,0.0,0.0,0.0,0.0,11.40175425099138,11.661903789690601,11.661903789690601,12.083045973594572,13.0,13.0,13.0,13.0,12.649110640673518,12.649110640673518,13.601470508735444,12.649110640673518,12.649110640673518,12.649110640673518,12.649110640673518,13.0,13.416407864998739,11.180339887498949,11.180339887498949,13.416407864998739,13.038404810405298,12.529964086141668,12.806248474865697,13.038404810405298,13.601470508735444,12.806248474865697
1787403753.306811,-70,0.0,16.492422502470642,20.8806130178211,23.08679276123039,22.47220505424423,21.93171219946131,20.12461179749811,19.72308292331602,17.4928556845359,17.204650534085253,16.401219466856727,14.422205101855956,12.529964086141668,12.649110640673518,11.40175425099138,10.770329614269007,10.295630140987,8.602325267042627,6.708203932499369,8.06225774829855,8.06225774829855,8.06225774829855,7.0,7.280109889280518,7.280109889280518,6.082762530298219,6.082762530298219,0.0,0.0,0.0,0.0,0.0,0.0,0.0,0.0,0.0,0.0,0.0,7.615773105863909,6.082762530298219,5.0,5.0,5.0,5.385164807134504,5.830951894845301,6.4031242374328485,6.4031242374328485,7.810249675906654,8.06225774829855,7.211102550927978,7.0710678118654755,8.48528137423857,9.433981132056603,8.94427190999916,9.848857801796104,11.704699910719626,11.704699910719626,13.0,13.0,13.0,14.317821063276353,16.15549442140351,16.76305461424021,19.4164878389476
1787403753.4978797,-71,0.0,23.021728866442675,24.020824298928627,21.213203435596427,21.0,23.021728866442675,23.08679276123039,22.20360331117452,20.396078054371138,18.681541692269406,16.76305461424021,14.317821063276353,12.165525060596439,11.045361017187261,10.0,11.045361017187261,11.045361017187261,10.198039027185569,10.198039027185569,9.219544457292887,9.486832980505138,9.486832980505138,8.94427190999916,8.54400374531753,8.54400374531753,8.94427190999916,8.06225774829855,0.0,0.0,0.0,0.0,0.0,0.0,0.0,0.0,0.0,0.0,0.0,8.246211251235321,7.615773105863909,8.06225774829855,7.211102550927978,6.4031242374328485,6.4031242374328485,7.211102550927978,8.06225774829855,9.433981132056603,10.295630140987,11.180339887498949,11.180339887498949,10.770329614269007,11.40175425099138,12.165525060596439,13.152946437965905,13.152946437965905,13.152946437965905,14.142135623730951,15.033296378372908,16.0312195418814,17.0,18.0,19.0,19.0,20.024984394500787
1787403753.6093206,-71,0.0,21.095023109728988,22.090722034374522,22.02271554554524,23.0,23.021728866442675,22.090722034374522,21.213203435596427,19.4164878389476,17.46424919657298,16.278820596099706,14.317821063276353,12.165525060596439,11.045361017187261,11.0,10.0,10.0,10.04987562112089,9.055385138137417,9.219544457292887,9.219544457292887,9.219544457292887,8.246211251235321,8.246211251235321,7.280109889280518,6.324555320336759,6.708203932499369,0.0,0.0,0.0,0.0,0.0,0.0,0.0,0.0,0.0,0.0,0.0,7.280109889280518,6.324555320336759,5.385164807134504,5.830951894845301,5.656854249492381,5.830951894845301,6.708203932499369,7.615773105863909,8.06225774829855,8.94427190999916,8.94427190999916,8.94427190999916,9.486832980505138,10.44030650891055,9.486832980505138,10.44030650891055,11.180339887498949,12.36931687685298,12.165525060596439,13.038404810405298,14.0,14.035668847618199,15.033296378372908,16.1245154965971,17.11724276862369,18.110770276274835
1787403753.7049205,-71,0.0,21.02379604162864,21.93171219946131,22.847319317591726,22.847319317591726,23.40939982143925,22.80350850198276,21.37755832643195,19.235384061671343,17.11724276862369,15.132745950421556,14.142135623730951,13.152946437965905,12.36931687685298,12.36931687685298,11.40175425099138,10.198039027185569,9.486832980505138,8.94427190999916,8.06225774829855,8.602325267042627,8.602325267042627,8.602325267042627,7.211102550927978,7.211102550927978,6.4031242374328485,7.0710678118654755,0.0,0.0,0.0,0.0,0.0,0.0,0.0,0.0,0.0,0.0,0.0,8.48528137423857,7.810249675906654,6.4031242374328485,5.830951894845301,5.0990195135927845,6.0,7.0,8.06225774829855,9.055385138137417,9.055385138137417,10.04987562112089,10.04987562112089,10.198039027185569,10.44030650891055,11.40175425099138,12.36931687685298,12.649110640673518,12.649110640673518,14.866068747318506,14.866068747318506,14.866068747318506,15.231546211727817,16.15549442140351,18.384776310850235,18.788294228055936,18.788294228055936
1787403754.0394046,-73,0.0,28.30194339616981,28.30194339616981,26.627053911388696,25.0,21.213203435596427,16.1245154965971,12.36931687685298,10.44030650891055,11.313708498984761,12.206555615733702,13.416407864998739,13.92838827718412,15.231546211727817,15.652475842498529,15.652475842498529,15.811388300841896,14.866068747318506,12.806248474865697,10.816653826391969,8.06225774829855,6.324555320336759,4.0,2.8284271247461903,3.0,4.47213595499958,5.656854249492381,0.0,0.0,0.0,0.0,0.0,0.0,0.0,0.0,0.0,0.0,0.0,1.0,2.0,4.0,6.0,6.0,6.324555320336759,8.602325267042627,11.313708498984761,12.206555615733702,13.892443989449804,14.317821063276353,15.524174696260024,16.278820596099706,16.0312195418814,16.1245154965971,15.297058540778355,13.601470508735444,11.40175425099138,8.54400374531753,6.082762530298219,2.23606797749979,5.0990195135927845,9.848857801796104,14.422205101855956,18.867962264113206,21.95449840010015
1787403754.405407,-71,0.0,28.178005607210743,26.832815729997478,25.079872407968907,22.47220505424423,17.46424919657298,12.041594578792296,8.602325267042627,8.54400374531753,10.04987562112089,11.704699910719626,13.0,15.811388300841896,17.46424919657298,18.439088914585774,18.439088914585774,18.110770276274835,17.0,15.132745950421556,13.341664064126334,11.40175425099138,9.486832980505138,6.708203932499369,3.605551275463989,3.1622776601683795,3.1622776601683795,5.0,0.0,0.0,0.0,0.0,0.0,0.0,0.0,0.0,0.0,0.0,0.0,3.605551275463989,1.0,2.23606797749979,4.123105625617661,4.47213595499958,6.708203932499369,8.602325267042627,9.899494936611665,12.806248474865697,16.401219466856727,18.601075237738275,18.867962264113206,17.88854381999832,18.384776310850235,16.76305461424021,15.524174696260024,13.341664064126334,11.40175425099138,9.219544457292887,4.123105625617661,2.23606797749979,7.211102550927978,11.661903789690601,15.652475842498529,18.867962264113206,21.95449840010015
1787403754.4211252,-86,0.0,8.602325267042627,9.433981132056603,10.295630140987,10.295630140987,11.180339887498949,11.180339887498949,10.0,9.219544457292887,7.211102550927978,7.280109889280518,7.0710678118654755,6.324555320336759,7.810249675906654,8.94427190999916,10.44030650891055,13.152946437965905,14.142135623730951,15.033296378372908,15.033296378372908,16.0,15.033296378372908,14.142135623730951,12.041594578792296,10.198039027185569,9.219544457292887,8.54400374531753,0.0,0.0,0.0,0.0,0.0,0.0,0.0,0.0,0.0,0.0,0.0,10.198039027185569,9.486832980505138,9.219544457292887,8.06225774829855,8.06225774829855,6.0,6.0,4.0,2.8284271247461903,4.0,6.082762530298219,7.615773105863909,9.486832980505138,11.704699910719626,13.0,15.652475842498529,16.55294535724685,15.652475842498529,17.0,14.7648230602334,13.416407864998739,10.295630140987,8.06225774829855,4.47213595499958,2.0,1.4142135623730951
1787403754.4369588,-85,0.0,8.94427190999916,8.94427190999916,8.94427190999916,9.848857801796104,9.848857801796104,9.848857801796104,9.486832980505138,8.54400374531753,7.615773105863909,7.211102550927978,7.211102550927978,6.4031242374328485,6.708203932499369,6.082762530298219,8.0,9.0,9.0,10.0,11.0,10.04987562112089,10.04987562112089,9.055385138137417,9.219544457292887,7.280109889280518,7.280109889280518,6.082762530298219,0.0,0.0,0.0,0.0,0.0,0.0,0.0,0.0,0.0,0.0,0.0,12.206555615733702,11.40175425099138,10.63014581273465,9.899494936611665,8.48528137423857,7.211102550927978,5.0,4.47213595499958,4.123105625617661,5.0,6.0,6.324555320336759,7.615773105863909,8.94427190999916,9.848857801796104,11.180339887498949,12.083045973594572,11.704699910719626,11.40175425099138,11.40175425099138,10.198039027185569,7.0710678118654755,5.0990195135927845,3.0,1.4142135623730951,2.23606797749979
1787403754.4527013,-86,0.0,13.0,12.083045973594572,12.083045973594572,11.180339887498949,11.180339887498949,11.180339887498949,10.770329614269007,9.486832980505138,9.219544457292887,8.06225774829855,6.0,6.324555320336759,6.4031242374328485,6.708203932499369,8.246211251235321,9.219544457292887,10.198039027185569,11.180339887498949,11.40175425099138,12.649110640673518,11.704699910719626,10.44030650891055,8.54400374531753,7.280109889280518,6.082762530298219,5.0,0.0,0.0,0.0,0.0,0.0,0.0,0.0,0.0,0.0,0.0,0.0,7.0710678118654755,7.0,7.0710678118654755,6.082762530298219,5.385164807134504,5.0,4.242640687119285,3.1622776601683795,4.0,3.1622776601683795,3.1622776601683795,5.830951894845301,7.211102550927978,7.211102550927978,8.602325267042627,9.433981132056603,9.433981132056603,10.295630140987,10.295630140987,8.94427190999916,7.615773105863909,6.708203932499369,4.47213595499958,2.23606797749979,1.4142135623730951,1.4142135623730951
1787403754.4527013,-87,0.0,10.198039027185569,10.44030650891055,10.44030650891055,10.770329614269007,10.770329614269007,11.180339887498949,11.180339887498949,10.295630140987,9.433981132056603,7.810249675906654,7.0710678118654755,5.385164807134504,6.0,6.708203932499369,8.602325267042627,10.63014581273465,12.041594578792296,13.45362404707371,14.142135623730951,13.45362404707371,12.806248474865697,11.40175425099138,10.0,8.602325267042627,7.810249675906654,7.0710678118654755,0.0,0.0,0.0,0.0,0.0,0.0,0.0,0.0,0.0,0.0,0.0,11.40175425099138,11.40175425099138,9.486832980505138,8.54400374531753,8.54400374531753,6.324555320336759,4.0,3.0,3.605551275463989,3.605551275463989,5.0,6.0,9.0,11.045361017187261,12.041594578792296,13.0,14.0,13.038404810405298,13.038404810405298,13.152946437965905,11.180339887498949,8.246211251235321,6.324555320336759,4.123105625617661,2.23606797749979,0.0
1787403754.5478172,-70,0.0,26.92582403567252,25.96150997149434,25.709920264364882,23.194827009486403,19.0,13.341664064126334,9.219544457292887,8.246211251235321,9.219544457292887,10.770329614269007,12.083045973594572,13.0,15.811388300841896,17.72004514666935,17.46424919657298,18.24828759089466,17.029386365926403,15.0,13.038404810405298,10.198039027185569,7.280109889280518,4.123105625617661,1.4142135623730951,2.0,5.0990195135927845,7.280109889280518,0.0,0.0,0.0,0.0,0.0,0.0,0.0,0.0,0.0,0.0,0.0,6.0,3.605551275463989,2.0,4.242640687119285,5.0,6.708203932499369,6.082762530298219,7.280109889280518,10.198039027185569,14.142135623730951,16.278820596099706,16.76305461424021,16.15549442140351,14.7648230602334,13.601470508735444,13.45362404707371,11.313708498984761,9.899494936611665,7.0710678118654755,4.47213595499958,2.23606797749979,5.385164807134504,10.770329614269007,15.524174696260024,19.4164878389476,21.840329667841555
1787403755.3711898,-81,0.0,5.385164807134504,8.06225774829855,8.06225774829855,7.280109889280518,7.0710678118654755,6.708203932499369,9.219544457292887,12.041594578792296,14.866068747318506,16.64331697709324,16.15549442140351,14.317821063276353,14.317821063276353,13.601470508735444,11.180339887498949,11.40175425099138,12.649110640673518,12.041594578792296,11.704699910719626,13.601470508735444,13.45362404707371,15.264337522473747,16.1245154965971,13.0,10.44030650891055,9.055385138137417,0.0,0.0,0.0,0.0,0.0,0.0,0.0,0.0,0.0,0.0,0.0,9.848857801796104,6.324555320336759,5.0,7.615773105863909,8.0,7.615773105863909,8.06225774829855,8.94427190999916,7.211102550927978,9.433981132056603,13.601470508735444,13.92838827718412,15.652475842498529,17.804493814764857,20.518284528683193,22.67156809750927,24.698178070456937,25.495097567963924,21.540659228538015,18.681541692269406,17.46424919657298,14.560219778561036,11.704699910719626,9.486832980505138,6.0,1.4142135623730951
1787403755.4737499,-80,0.0,11.704699910719626,9.433981132056603,10.0,10.770329614269007,13.038404810405298,15.132745950421556,18.681541692269406,20.248456731316587,20.12461179749811,18.867962264113206,17.204650534085253,14.212670403551895,12.206555615733702,10.770329614269007,9.055385138137417,9.219544457292887,9.433981132056603,11.313708498984761,13.601470508735444,13.0,12.165525060596439,12.165525060596439,11.704699910719626,10.770329614269007,9.486832980505138,8.94427190999916,0.0,0.0,0.0,0.0,0.0,0.0,0.0,0.0,0.0,0.0,0.0,9.219544457292887,5.0990195135927845,1.0,1.0,2.23606797749979,4.123105625617661,5.385164807134504,4.242640687119285,5.385164807134504,8.06225774829855,11.0,13.038404810405298,13.038404810405298,16.0312195418814,20.024984394500787,22.090722034374522,21.02379604162864,20.024984394500787,18.110770276274835,16.1245154965971,14.035668847618199,12.0,9.219544457292887,7.615773105863909,8.602325267042627,10.295630140987
1787403755.9847357,-72,0.0,26.1725046566048,25.079872407968907,24.08318915758459,21.02379604162864,17.029386365926403,12.649110640673518,9.219544457292887,7.615773105863909,8.06225774829855,11.180339887498949,12.529964086141668,14.7648230602334,15.652475842498529,17.46424919657298,17.08800749063506,16.76305461424021,15.297058540778355,13.152946437965905,11.045361017187261,9.055385138137417,7.0710678118654755,5.0990195135927845,1.0,2.0,4.123105625617661,6.708203932499369,0.0,0.0,0.0,0.0,0.0,0.0,0.0,0.0,0.0,0.0,0.0,3.0,1.0,1.0,2.8284271247461903,5.0,5.385164807134504,7.0710678118654755,9.055385138137417,10.0,11.045361017187261,12.36931687685298,13.0,12.529964086141668,12.806248474865697,13.45362404707371,12.806248474865697,11.40175425099138,10.63014581273465,8.602325267042627,5.0,2.23606797749979,6.082762530298219,11.0,16.0312195418814,20.09975124224178,23.08679276123039
1787403756.4320407,-69,0.0,28.284271247461902,27.459060435491963,25.317977802344327,23.08679276123039,19.026297590440446,14.317821063276353,10.816653826391969,8.54400374531753,8.06225774829855,9.848857801796104,11.661903789690601,13.416407864998739,14.317821063276353,15.652475842498529,15.652475842498529,15.231546211727817,13.92838827718412,12.36931687685298,11.045361017187261,9.055385138137417,7.0,4.123105625617661,1.4142135623730951,2.23606797749979,5.385164807134504,6.708203932499369,0.0,0.0,0.0,0.0,0.0,0.0,0.0,0.0,0.0,0.0,0.0,3.1622776601683795,1.0,2.23606797749979,4.123105625617661,5.0990195135927845,7.0,8.06225774829855,10.198039027185569,11.704699910719626,13.416407864998739,14.7648230602334,15.0,14.142135623730951,15.0,14.7648230602334,14.317821063276353,12.649110640673518,10.44030650891055,7.280109889280518,5.385164807134504,1.4142135623730951,4.123105625617661,8.246211251235321,13.341664064126334,18.439088914585774,19.4164878389476
1787403756.878943,-90,0.0,17.88854381999832,17.4928556845359,16.64331697709324,17.204650534085253,16.401219466856727,15.620499351813308,15.556349186104045,15.556349186104045,15.620499351813308,15.620499351813308,14.212670403551895,14.212670403551895,12.041594578792296,11.313708498984761,10.63014581273465,8.48528137423857,7.0710678118654755,5.656854249492381,5.0,5.0,2.8284271247461903,2.8284271247461903,2.8284271247461903,3.1622776601683795,3.1622776601683795,3.0,0.0,0.0,0.0,0.0,0.0,0.0,0.0,0.0,0.0,0.0,0.0,8.602325267042627,7.810249675906654,8.48528137423857,7.810249675906654,8.602325267042627,8.602325267042627,8.94427190999916,9.848857801796104,10.44030650891055,10.44030650891055,10.770329614269007,10.295630140987,10.295630140987,9.433981132056603,9.433981132056603,8.06225774829855,8.602325267042627,7.211102550927978,5.830951894845301,4.123105625617661,4.123105625617661,5.0,5.385164807134504,7.0710678118654755,8.0,10.0
1787403756.9106011,-70,0.0,22.825424421026653,21.95449840010015,21.095023109728988,19.4164878389476,15.620499351813308,11.40175425099138,8.246211251235321,7.280109889280518,7.0710678118654755,8.94427190999916,11.704699910719626,13.601470508735444,13.601470508735444,14.866068747318506,15.231546211727817,15.231546211727817,14.317821063276353,12.529964086141668,10.0,8.48528137423857,6.4031242374328485,3.605551275463989,1.4142135623730951,2.23606797749979,4.242640687119285,6.4031242374328485,0.0,0.0,0.0,0.0,0.0,0.0,0.0,0.0,0.0,0.0,0.0,3.605551275463989,2.23606797749979,2.0,3.605551275463989,5.656854249492381,6.4031242374328485,8.602325267042627,10.295630140987,13.416407864998739,14.317821063276353,14.866068747318506,14.560219778561036,15.132745950421556,14.0,14.142135623730951,13.341664064126334,11.40175425099138,10.770329614269007,8.54400374531753,6.082762530298219,3.1622776601683795,4.123105625617661,7.280109889280518,12.529964086141668,17.0,18.35755975068582
1787403757.0057094,-70,0.0,27.459060435491963,27.202941017470888,25.612496949731394,21.2602916254693,16.278820596099706,11.661903789690601,7.0710678118654755,8.48528137423857,9.848857801796104,12.36931687685298,14.317821063276353,15.297058540778355,17.26267650163207,17.46424919657298,18.027756377319946,18.788294228055936,17.46424919657298,14.7648230602334,12.806248474865697,10.63014581273465,7.211102550927978,4.47213595499958,0.0,2.23606797749979,4.242640687119285,5.656854249492381,0.0,0.0,0.0,0.0,0.0,0.0,0.0,0.0,0.0,0.0,0.0,4.123105625617661,1.0,4.47213595499958,5.830951894845301,6.4031242374328485,8.06225774829855,11.704699910719626,14.866068747318506,18.027756377319946,18.973665961010276,19.924858845171276,20.396078054371138,21.095023109728988,21.02379604162864,20.024984394500787,19.4164878389476,16.76305461424021,13.601470508735444,10.44030650891055,6.0,5.0,6.0,11.180339887498949,17.4928556845359,21.633307652783937,24.413111231467404
1787403757.0215902,-70,0.0,26.92582403567252,26.92582403567252,25.079872407968907,21.93171219946131,17.4928556845359,12.041594578792296,8.06225774829855,5.385164807134504,7.810249675906654,10.295630140987,12.529964086141668,13.416407864998739,14.7648230602334,15.811388300841896,15.811388300841896,16.401219466856727,14.866068747318506,12.806248474865697,10.816653826391969,8.94427190999916,6.324555320336759,3.1622776601683795,1.0,3.605551275463989,5.0,6.708203932499369,0.0,0.0,0.0,0.0,0.0,0.0,0.0,0.0,0.0,0.0,0.0,2.23606797749979,2.23606797749979,5.0,7.0710678118654755,8.06225774829855,9.848857801796104,12.649110640673518,15.811388300841896,17.72004514666935,18.439088914585774,19.1049731745428,19.0,18.110770276274835,17.46424919657298,16.492422502470642,14.866068747318506,13.92838827718412,13.0,10.44030650891055,6.0,4.242640687119285,7.0,13.038404810405298,17.26267650163207,20.8806130178211,23.08679276123039
1787403757.0375144,-70,0.0,22.67156809750927,22.67156809750927,21.2602916254693,17.69180601295413,13.45362404707371,9.433981132056603,5.0990195135927845,4.242640687119285,5.830951894845301,7.615773105863909,8.94427190999916,10.295630140987,12.041594578792296,13.45362404707371,14.866068747318506,15.620499351813308,14.212670403551895,11.40175425099138,7.615773105863909,5.0,5.0,5.385164807134504,5.0990195135927845,5.0,3.605551275463989,4.47213595499958,0.0,0.0,0.0,0.0,0.0,0.0,0.0,0.0,0.0,0.0,0.0,6.082762530298219,4.123105625617661,3.605551275463989,6.0,8.0,10.04987562112089,11.045361017187261,12.041594578792296,13.341664064126334,13.601470508735444,13.416407864998739,13.45362404707371,13.892443989449804,14.560219778561036,16.278820596099706,18.110770276274835,18.110770276274835,16.492422502470642,13.416407864998739,10.63014581273465,10.0,11.180339887498949,14.866068747318506,18.439088914585774,20.0,21.400934559032695
1787403757.0990028,-80,0.0,7.280109889280518,9.433981132056603,10.295630140987,9.486832980505138,10.04987562112089,9.055385138137417,8.54400374531753,7.211102550927978,7.0710678118654755,5.830951894845301,5.0990195135927845,6.0,6.324555320336759,6.082762530298219,5.0990195135927845,4.47213595499958,5.656854249492381,7.211102550927978,9.848857801796104,12.36931687685298,14.142135623730951,15.0,13.0,12.0,11.045361017187261,9.055385138137417,0.0,0.0,0.0,0.0,0.0,0.0,0.0,0.0,0.0,0.0,0.0,10.63014581273465,8.06225774829855,6.0,6.082762530298219,7.280109889280518,9.486832980505138,10.198039027185569,10.04987562112089,9.486832980505138,9.848857801796104,11.180339887498949,13.0,14.866068747318506,15.652475842498529,17.46424919657298,20.8806130178211,25.709920264364882,27.892651361962706,26.68332812825267,25.317977802344327,23.194827009486403,22.20360331117452,19.1049731745428,15.297058540778355,13.601470508735444,13.92838827718412
1787403758.2803307,-88,0.0,11.180339887498949,8.94427190999916,7.211102550927978,5.830951894845301,2.23606797749979,1.4142135623730951,1.0,3.1622776601683795,4.47213595499958,6.324555320336759,6.082762530298219,6.082762530298219,7.0710678118654755,6.0,5.0990195135927845,4.47213595499958,3.605551275463989,2.0,3.605551275463989,4.242640687119285,4.242640687119285,5.0,3.605551275463989,2.23606797749979,1.0,1.4142135623730951,0.0,0.0,0.0,0.0,0.0,0.0,0.0,0.0,0.0,0.0,0.0,12.806248474865697,11.661903789690601,10.770329614269007,12.165525060596439,13.038404810405298,15.033296378372908,16.278820596099706,17.46424919657298,18.681541692269406,19.6468827043885,19.6468827043885,17.72004514666935,14.866068747318506,12.529964086141668,9.899494936611665,9.848857801796104,11.045361017187261,12.041594578792296,14.317821063276353,15.811388300841896,16.1245154965971,17.0,16.64331697709324,16.64331697709324,15.620499351813308,15.620499351813308
1787403758.4402995,-70,0.0,27.294688127912362,26.30589287593181,23.345235059857504,19.6468827043885,15.811388300841896,12.083045973594572,7.810249675906654,7.0710678118654755,8.54400374531753,9.433981132056603,10.816653826391969,13.892443989449804,14.7648230602334,15.652475842498529,14.317821063276353,14.317821063276353,12.649110640673518,11.180339887498949,10.0,8.06225774829855,5.0990195135927845,2.23606797749979,1.4142135623730951,3.605551275463989,5.0990195135927845,7.0,0.0,0.0,0.0,0.0,0.0,0.0,0.0,0.0,0.0,0.0,0.0,3.0,2.8284271247461903,4.47213595499958,5.830951894845301,7.211102550927978,7.810249675906654,10.295630140987,10.44030650891055,12.165525060596439,15.033296378372908,17.11724276862369,16.15549442140351,14.866068747318506,15.811388300841896,19.1049731745428,21.633307652783937,17.0,9.219544457292887,7.615773105863909,8.06225774829855,4.47213595499958,7.280109889280518,11.045361017187261,17.029386365926403,21.095023109728988,23.021728866442675
1787403758.5196233,-71,0.0,21.0,22.0,22.02271554554524,21.02379604162864,21.095023109728988,19.235384061671343,18.439088914585774,16.492422502470642,15.297058540778355,13.341664064126334,12.165525060596439,11.045361017187261,11.0,11.0,11.0,10.0,10.0,9.0,8.0,8.06225774829855,8.06225774829855,8.06225774829855,7.0710678118654755,7.0710678118654755,6.082762530298219,6.082762530298219,0.0,0.0,0.0,0.0,0.0,0.0,0.0,0.0,0.0,0.0,0.0,8.0,7.0,5.0990195135927845,4.123105625617661,3.605551275463989,3.605551275463989,4.47213595499958,5.385164807134504,6.324555320336759,7.280109889280518,8.246211251235321,8.246211251235321,8.06225774829855,9.055385138137417,9.0,11.0,12.0,13.0,13.0,14.0,14.0,15.033296378372908,16.0312195418814,18.110770276274835,19.1049731745428,20.09975124224178
1787403758.7263627,-71,0.0,21.633307652783937,23.021728866442675,23.021728866442675,22.80350850198276,22.02271554554524,20.518284528683193,19.1049731745428,16.97056274847714,15.556349186104045,14.142135623730951,12.806248474865697,13.038404810405298,13.038404810405298,13.038404810405298,13.038404810405298,12.206555615733702,12.206555615733702,12.206555615733702,12.206555615733702,10.816653826391969,10.816653826391969,10.0,9.219544457292887,9.219544457292887,7.810249675906654,7.211102550927978,0.0,0.0,0.0,0.0,0.0,0.0,0.0,0.0,0.0,0.0,0.0,8.06225774829855,7.0710678118654755,6.082762530298219,5.385164807134504,5.0,5.656854249492381,5.656854249492381,7.0710678118654755,7.810249675906654,9.219544457292887,9.219544457292887,10.0,10.816653826391969,10.816653826391969,12.206555615733702,13.038404810405298,13.892443989449804,14.422205101855956,15.811388300841896,15.811388300841896,16.64331697709324,16.64331697709324,18.35755975068582,19.72308292331602,20.591260281974,20.591260281974
1787403759.3638713,-71,0.0,30.066592756745816,30.066592756745816,27.073972741361768,24.186773244895647,20.615528128088304,15.231546211727817,12.041594578792296,9.848857801796104,10.0,10.44030650891055,12.083045973594572,14.317821063276353,15.811388300841896,16.76305461424021,17.46424919657298,17.11724276862369,16.0312195418814,14.0,13.038404810405298,11.045361017187261,8.06225774829855,5.0990195135927845,1.0,3.1622776601683795,5.385164807134504,6.708203932499369,0.0,0.0,0.0,0.0,0.0,0.0,0.0,0.0,0.0,0.0,0.0,4.123105625617661,2.0,1.4142135623730951,3.605551275463989,4.47213595499958,7.615773105863909,10.198039027185569,13.152946437965905,15.033296378372908,16.0,18.027756377319946,18.24828759089466,18.973665961010276,18.384776310850235,18.35755975068582,17.204650534085253,15.0,12.806248474865697,10.0,6.324555320336759,5.385164807134504,7.615773105863909,13.038404810405298,18.0,23.0,26.019223662515376
1787403759.3876622,-71,0.0,26.627053911388696,26.627053911388696,23.853720883753127,21.95449840010015,17.46424919657298,13.341664064126334,11.0,8.94427190999916,9.219544457292887,10.295630140987,10.770329614269007,12.083045973594572,14.317821063276353,14.7648230602334,15.264337522473747,15.0,14.212670403551895,13.45362404707371,12.041594578792296,10.0,7.211102550927978,5.0,1.4142135623730951,1.0,4.123105625617661,5.385164807134504,0.0,0.0,0.0,0.0,0.0,0.0,0.0,0.0,0.0,0.0,0.0,2.8284271247461903,1.4142135623730951,1.4142135623730951,2.8284271247461903,4.123105625617661,6.0,8.246211251235321,10.44030650891055,13.0,14.7648230602334,15.264337522473747,15.620499351813308,14.866068747318506,15.811388300841896,15.264337522473747,14.317821063276353,13.0,10.770329614269007,8.54400374531753,5.0,3.0,6.4031242374328485,10.63014581273465,15.0,19.4164878389476,23.021728866442675
1787403759.6655972,-68,0.0,28.160255680657446,27.892651361962706,26.248809496813376,23.769728648009426,18.867962264113206,14.866068747318506,10.816653826391969,8.0,8.94427190999916,10.63014581273465,13.45362404707371,14.212670403551895,15.264337522473747,17.4928556845359,17.4928556845359,15.652475842498529,14.866068747318506,14.866068747318506,12.36931687685298,10.04987562112089,8.0,5.0,2.23606797749979,1.4142135623730951,4.47213595499958,6.708203932499369,0.0,0.0,0.0,0.0,0.0,0.0,0.0,0.0,0.0,0.0,0.0,2.23606797749979,1.4142135623730951,2.8284271247461903,4.47213595499958,5.830951894845301,7.0710678118654755,10.0,12.083045973594572,13.341664064126334,16.1245154965971,17.0,16.1245154965971,15.811388300841896,15.231546211727817,14.7648230602334,13.038404810405298,11.40175425099138,10.816653826391969,8.94427190999916,6.324555320336759,4.47213595499958,8.06225774829855,12.165525060596439,16.492422502470642,21.587033144922902,23.769728648009426
1787403759.6814651,-69,0.0,26.570660511172846,26.570660511172846,25.298221281347036,22.80350850198276,18.24828759089466,14.0,9.486832980505138,7.0710678118654755,7.615773105863909,8.06225774829855,10.0,11.045361017187261,13.0,14.142135623730951,15.132745950421556,14.317821063276353,13.601470508735444,12.083045973594572,10.816653826391969,9.219544457292887,7.0710678118654755,4.242640687119285,2.23606797749979,1.0,3.1622776601683795,5.830951894845301,0.0,0.0,0.0,0.0,0.0,0.0,0.0,0.0,0.0,0.0,0.0,2.23606797749979,3.1622776601683795,4.47213595499958,5.0,5.830951894845301,7.280109889280518,9.055385138137417,11.045361017187261,13.038404810405298,14.142135623730951,15.524174696260024,15.231546211727817,15.264337522473747,14.866068747318506,14.142135623730951,13.45362404707371,12.206555615733702,10.0,7.0710678118654755,4.47213595499958,4.123105625617661,6.4031242374328485,10.295630140987,15.231546211727817,19.313207915827967,22.135943621178654
1787403759.7046924,-69,0.0,26.68332812825267,26.68332812825267,25.495097567963924,22.20360331117452,19.026297590440446,14.142135623730951,10.770329614269007,8.48528137423857,8.246211251235321,9.0,11.180339887498949,12.165525060596439,13.152946437965905,14.142135623730951,14.035668847618199,14.0,13.152946437965905,12.36931687685298,10.44030650891055,8.06225774829855,6.4031242374328485,3.605551275463989,2.0,2.0,4.123105625617661,6.324555320336759,0.0,0.0,0.0,0.0,0.0,0.0,0.0,0.0,0.0,0.0,0.0,2.23606797749979,3.1622776601683795,3.605551275463989,5.830951894845301,8.06225774829855,8.54400374531753,10.198039027185569,11.045361017187261,13.038404810405298,14.142135623730951,15.524174696260024,16.15549442140351,16.1245154965971,15.811388300841896,15.620499351813308,14.866068747318506,12.806248474865697,10.63014581273465,8.48528137423857,5.830951894845301,4.0,6.4031242374328485,10.770329614269007,15.524174696260024,19.6468827043885,22.561028345356956
1787403759.7763612,-70,0.0,29.68164415931166,28.844410203711913,27.459060435491963,23.600847442411894,19.1049731745428,15.811388300841896,11.40175425099138,8.246211251235321,7.810249675906654,10.0,12.529964086141668,13.892443989449804,15.264337522473747,16.401219466856727,15.620499351813308,15.556349186104045,14.866068747318506,13.038404810405298,11.180339887498949,10.770329614269007,8.246211251235321,5.0990195135927845,2.23606797749979,2.23606797749979,3.605551275463989,5.385164807134504,0.0,0.0,0.0,0.0,0.0,0.0,0.0,0.0,0.0,0.0,0.0,2.23606797749979,1.4142135623730951,3.0,5.0990195135927845,7.280109889280518,8.54400374531753,9.433981132056603,11.40175425099138,13.45362404707371,14.422205101855956,17.0,17.46424919657298,16.76305461424021,16.278820596099706,15.033296378372908,14.0,13.038404810405298,10.04987562112089,7.0,4.123105625617661,3.1622776601683795,7.0710678118654755,11.180339887498949,15.811388300841896,20.808652046684813,23.853720883753127
1787403762.0540614,-70,0.0,26.92582403567252,26.248809496813376,25.632011235952593,22.847319317591726,19.235384061671343,15.0,10.0,8.06225774829855,8.54400374531753,10.0,11.313708498984761,12.727922061357855,14.142135623730951,14.866068747318506,16.401219466856727,17.4928556845359,16.1245154965971,14.317821063276353,13.0,10.770329614269007,8.54400374531753,6.082762530298219,3.1622776601683795,3.1622776601683795,5.656854249492381,7.211102550927978,0.0,0.0,0.0,0.0,0.0,0.0,0.0,0.0,0.0,0.0,0.0,4.0,1.4142135623730951,2.8284271247461903,5.656854249492381,7.0710678118654755,8.602325267042627,11.180339887498949,13.601470508735444,14.866068747318506,15.811388300841896,15.524174696260024,16.1245154965971,16.0,15.033296378372908,13.341664064126334,12.083045973594572,12.206555615733702,10.63014581273465,7.810249675906654,3.605551275463989,2.8284271247461903,6.0,10.198039027185569,14.560219778561036,18.973665961010276,22.135943621178654
1787403762.43547,-69,0.0,26.248809496813376,26.90724809414742,24.758836806279895,22.67156809750927,18.601075237738275,15.231546211727817,12.041594578792296,9.486832980505138,9.899494936611665,11.661903789690601,12.083045973594572,13.416407864998739,13.892443989449804,15.264337522473747,15.811388300841896,16.401219466856727,15.620499351813308,14.142135623730951,12.806248474865697,10.816653826391969,8.06225774829855,5.0,2.23606797749979,1.0,2.8284271247461903,5.0,0.0,0.0,0.0,0.0,0.0,0.0,0.0,0.0,0.0,0.0,0.0,2.8284271247461903,1.0,2.0,4.0,6.082762530298219,7.280109889280518,8.94427190999916,10.816653826391969,12.806248474865697,14.142135623730951,14.866068747318506,15.0,14.7648230602334,14.560219778561036,14.142135623730951,14.035668847618199,12.0,10.04987562112089,7.0710678118654755,4.0,1.4142135623730951,3.605551275463989,7.810249675906654,12.806248474865697,17.029386365926403,20.615528128088304
1787403762.4511867,-70,0.0,23.769728648009426,24.041630560342615,23.08679276123039,20.248456731316587,17.0,13.601470508735444,10.0,8.06225774829855,7.615773105863909,9.219544457292887,10.0,10.63014581273465,11.313708498984761,12.041594578792296,12.806248474865697,12.206555615733702,12.529964086141668,11.180339887498949,9.486832980505138,8.246211251235321,6.082762530298219,3.0,1.4142135623730951,3.605551275463989,5.0,6.708203932499369,0.0,0.0,0.0,0.0,0.0,0.0,0.0,0.0,0.0,0.0,0.0,2.23606797749979,2.0,3.605551275463989,5.0,6.4031242374328485,7.810249675906654,10.0,11.661903789690601,13.416407864998739,13.92838827718412,15.524174696260024,15.132745950421556,15.0,14.035668847618199,13.341664064126334,12.649110640673518,12.083045973594572,10.295630140987,8.06225774829855,5.0990195135927845,3.1622776601683795,4.123105625617661,7.0710678118654755,11.180339887498949,16.278820596099706,18.681541692269406
1787403762.5153985,-69,0.0,23.08679276123039,24.041630560342615,22.847319317591726,21.02379604162864,17.4928556845359,13.45362404707371,10.770329614269007,11.045361017187261,9.848857801796104,10.63014581273465,12.041594578792296,14.142135623730951,14.142135623730951,14.212670403551895,13.601470508735444,13.601470508735444,13.416407864998739,12.649110640673518,8.246211251235321,5.0,4.0,3.0,2.0,5.0,5.385164807134504,6.0,0.0,0.0,0.0,0.0,0.0,0.0,0.0,0.0,0.0,0.0,0.0,3.605551275463989,2.0,1.4142135623730951,3.605551275463989,5.0,6.4031242374328485,8.48528137423857,10.816653826391969,13.038404810405298,14.422205101855956,16.64331697709324,15.231546211727817,15.297058540778355,14.317821063276353,13.601470508735444,13.0,12.649110640673518,13.0,12.529964086141668,7.615773105863909,3.1622776601683795,3.1622776601683795,6.0,10.44030650891055,15.524174696260024,17.72004514666935
1787403762.9285755,-80,0.0,8.06225774829855,8.06225774829855,6.708203932499369,5.0990195135927845,7.615773105863909,12.041594578792296,13.892443989449804,13.601470508735444,11.704699910719626,11.180339887498949,11.704699910719626,11.40175425099138,8.246211251235321,5.0990195135927845,4.123105625617661,4.242640687119285,5.830951894845301,7.280109889280518,9.0,10.0,10.04987562112089,11.40175425099138,9.486832980505138,6.324555320336759,5.385164807134504,3.0,0.0,0.0,0.0,0.0,0.0,0.0,0.0,0.0,0.0,0.0,0.0,5.0,3.0,0.0,1.0,1.0,2.23606797749979,2.23606797749979,3.1622776601683795,5.830951894845301,7.810249675906654,12.041594578792296,18.439088914585774,22.20360331117452,26.92582403567252,29.154759474226502,30.4138126514911,32.202484376209235,31.78049716414141,29.546573405388315,24.698178070456937,20.615528128088304,15.524174696260024,11.180339887498949,5.830951894845301,1.0,4.242640687119285
1787403762.9785323,-72,0.0,29.120439557122072,29.410882339705484,27.51363298439521,24.351591323771842,20.12461179749811,15.0,10.63014581273465,8.246211251235321,8.54400374531753,10.63014581273465,12.041594578792296,14.212670403551895,16.278820596099706,18.384776310850235,18.439088914585774,17.804493814764857,17.204650534085253,15.811388300841896,14.7648230602334,12.083045973594572,8.94427190999916,5.830951894845301,1.4142135623730951,2.0,5.0,7.0,0.0,0.0,0.0,0.0,0.0,0.0,0.0,0.0,0.0,0.0,0.0,2.8284271247461903,2.0,2.8284271247461903,4.47213595499958,5.830951894845301,7.0710678118654755,9.433981132056603,12.083045973594572,14.317821063276353,15.811388300841896,16.492422502470642,16.278820596099706,16.0312195418814,16.0312195418814,15.297058540778355,14.866068747318506,13.416407864998739,11.661903789690601,9.433981132056603,6.324555320336759,3.1622776601683795,5.0990195135927845,9.055385138137417,14.317821063276353,19.6468827043885,23.53720459187964
1787403763.056744,-79,0.0,5.0990195135927845,5.0990195135927845,5.0,5.830951894845301,8.602325267042627,9.848857801796104,10.198039027185569,11.0,11.045361017187261,11.045361017187261,10.0,9.055385138137417,8.06225774829855,6.324555320336759,5.0,5.0990195135927845,6.324555320336759,6.4031242374328485,6.4031242374328485,6.708203932499369,6.708203932499369,6.708203932499369,5.830951894845301,5.0,3.605551275463989,2.23606797749979,0.0,0.0,0.0,0.0,0.0,0.0,0.0,0.0,0.0,0.0,0.0,8.94427190999916,3.605551275463989,2.0,3.1622776601683795,2.23606797749979,5.0990195135927845,2.23606797749979,4.0,8.54400374531753,10.770329614269007,13.892443989449804,13.601470508735444,12.041594578792296,17.204650534085253,24.698178070456937,25.80697580112788,25.0,23.853720883753127,23.021728866442675,22.80350850198276,20.808652046684813,15.264337522473747,12.806248474865697,9.899494936611665,5.656854249492381,3.1622776601683795
1787403763.1518207,-70,0.0,27.65863337187866,26.30589287593181,25.179356624028344,22.090722034374522,18.0,13.341664064126334,8.94427190999916,6.4031242374328485,7.0,9.219544457292887,11.180339887498949,13.0,13.92838827718412,15.811388300841896,15.524174696260024,16.278820596099706,15.297058540778355,14.035668847618199,13.0,10.04987562112089,7.0710678118654755,4.123105625617661,1.0,2.23606797749979,4.47213595499958,6.324555320336759,0.0,0.0,0.0,0.0,0.0,0.0,0.0,0.0,0.0,0.0,0.0,3.1622776601683795,1.4142135623730951,3.1622776601683795,4.47213595499958,5.385164807134504,7.280109889280518,9.219544457292887,10.198039027185569,11.045361017187261,13.038404810405298,14.142135623730951,14.142135623730951,14.560219778561036,14.317821063276353,13.038404810405298,12.727922061357855,12.041594578792296,9.219544457292887,7.0710678118654755,4.242640687119285,2.0,3.605551275463989,8.54400374531753,14.317821063276353,18.24828759089466,22.561028345356956
1787403763.280153,-70,0.0,30.4138126514911,30.4138126514911,29.068883707497267,26.0,21.840329667841555,17.11724276862369,12.165525060596439,9.219544457292887,10.44030650891055,13.038404810405298,15.033296378372908,17.029386365926403,18.0,19.026297590440446,19.1049731745428,17.26267650163207,15.0,16.15549442140351,13.038404810405298,9.433981132056603,7.211102550927978,3.1622776601683795,2.23606797749979,5.0,6.324555320336759,8.06225774829855,0.0,0.0,0.0,0.0,0.0,0.0,0.0,0.0,0.0,0.0,0.0,2.23606797749979,2.23606797749979,3.605551275463989,5.830951894845301,6.708203932499369,8.246211251235321,10.04987562112089,13.038404810405298,15.297058540778355,17.72004514666935,18.973665961010276,18.788294228055936,18.027756377319946,17.804493814764857,17.69180601295413,16.401219466856727,14.7648230602334,12.529964086141668,9.433981132056603,6.4031242374328485,4.0,7.0710678118654755,11.661903789690601,16.55294535724685,21.02379604162864,25.059928172283335
1787403763.3119407,-70,0.0,25.298221281347036,24.351591323771842,24.041630560342615,22.561028345356956,18.110770276274835,14.035668847618199,9.848857801796104,7.211102550927978,8.06225774829855,9.219544457292887,11.40175425099138,13.0,14.866068747318506,15.811388300841896,14.560219778561036,14.317821063276353,13.038404810405298,9.055385138137417,8.246211251235321,9.486832980505138,5.830951894845301,1.4142135623730951,1.0,4.0,5.0990195135927845,6.082762530298219,0.0,0.0,0.0,0.0,0.0,0.0,0.0,0.0,0.0,0.0,0.0,3.1622776601683795,2.23606797749979,3.0,4.123105625617661,5.0990195135927845,7.0,9.055385138137417,11.40175425099138,12.649110640673518,14.560219778561036,15.231546211727817,14.7648230602334,14.422205101855956,14.212670403551895,14.212670403551895,13.601470508735444,11.661903789690601,10.295630140987,8.06225774829855,5.0,3.0,5.0,8.94427190999916,13.0,17.08800749063506,19.313207915827967
1787403763.3280778,-70,0.0,25.495097567963924,26.40075756488817,25.079872407968907,22.47220505424423,18.439088914585774,15.0,11.704699910719626,10.0,10.04987562112089,12.041594578792296,13.341664064126334,14.317821063276353,16.1245154965971,18.110770276274835,17.26267650163207,16.1245154965971,17.11724276862369,17.46424919657298,13.892443989449804,9.055385138137417,7.0,3.1622776601683795,1.4142135623730951,3.1622776601683795,4.0,6.324555320336759,0.0,0.0,0.0,0.0,0.0,0.0,0.0,0.0,0.0,0.0,0.0,4.47213595499958,2.0,2.0,3.605551275463989,5.0990195135927845,7.0710678118654755,9.486832980505138,10.770329614269007,12.529964086141668,15.264337522473747,16.64331697709324,16.401219466856727,15.556349186104045,15.0,13.892443989449804,13.0,12.649110640673518,10.770329614269007,8.54400374531753,5.385164807134504,3.1622776601683795,5.0,8.94427190999916,13.416407864998739,18.788294228055936,22.360679774997898
1787403763.4550862,-80,0.0,2.8284271247461903,5.0990195135927845,6.082762530298219,5.0,5.385164807134504,8.0,10.198039027185569,11.704699910719626,10.770329614269007,10.770329614269007,10.770329614269007,8.54400374531753,7.615773105863909,6.708203932499369,4.242640687119285,5.0,7.615773105863909,7.810249675906654,9.219544457292887,10.63014581273465,10.63014581273465,11.313708498984761,9.899494936611665,9.219544457292887,6.4031242374328485,4.47213595499958,0.0,0.0,0.0,0.0,0.0,0.0,0.0,0.0,0.0,0.0,0.0,4.242640687119285,3.605551275463989,2.0,1.4142135623730951,1.4142135623730951,2.0,2.23606797749979,2.23606797749979,3.0,6.082762530298219,11.40175425099138,14.560219778561036,17.72004514666935,21.18962010041709,24.351591323771842,27.202941017470888,27.892651361962706,27.65863337187866,26.30589287593181,24.186773244895647,20.09975124224178,16.0312195418814,13.038404810405298,9.219544457292887,7.0,4.0
1787403763.5668514,-69,0.0,26.076809620810597,26.076809620810597,24.020824298928627,21.0,17.11724276862369,11.704699910719626,7.810249675906654,5.385164807134504,5.0990195135927845,7.810249675906654,9.219544457292887,10.63014581273465,13.038404810405298,15.811388300841896,16.64331697709324,15.652475842498529,15.652475842498529,14.317821063276353,13.0,11.40175425099138,8.06225774829855,5.0,1.0,3.1622776601683795,5.385164807134504,6.708203932499369,0.0,0.0,0.0,0.0,0.0,0.0,0.0,0.0,0.0,0.0,0.0,5.0,1.0,2.8284271247461903,5.0,7.280109889280518,8.246211251235321,9.0,12.165525060596439,16.1245154965971,19.1049731745428,18.24828759089466,18.439088914585774,17.72004514666935,16.15549442140351,14.317821063276353,12.529964086141668,10.295630140987,7.211102550927978,5.385164807134504,4.123105625617661,3.605551275463989,7.280109889280518,10.198039027185569,14.035668847618199,17.029386365926403,19.1049731745428
1787403763.582721,-69,0.0,25.80697580112788,25.0,23.853720883753127,20.591260281974,16.55294535724685,12.165525060596439,8.246211251235321,6.4031242374328485,7.0710678118654755,9.219544457292887,11.180339887498949,13.152946437965905,14.142135623730951,15.132745950421556,16.1245154965971,16.0312195418814,16.0,15.033296378372908,13.341664064126334,11.40175425099138,9.219544457292887,6.324555320336759,3.1622776601683795,1.4142135623730951,4.123105625617661,6.082762530298219,0.0,0.0,0.0,0.0,0.0,0.0,0.0,0.0,0.0,0.0,0.0,5.0,3.0,0.0,2.8284271247461903,5.0,6.4031242374328485,8.94427190999916,13.0,15.231546211727817,16.55294535724685,16.55294535724685,17.0,16.15549442140351,14.317821063276353,14.035668847618199,13.038404810405298,11.045361017187261,8.0,5.0,2.23606797749979,2.23606797749979,5.0,8.602325267042627,13.601470508735444,17.204650534085253,19.209372712298546
1787403763.6123774,-70,0.0,30.4138126514911,30.265491900843113,29.154759474226502,26.076809620810597,21.02379604162864,16.492422502470642,10.816653826391969,8.246211251235321,8.54400374531753,10.0,11.40175425099138,13.892443989449804,16.1245154965971,17.46424919657298,17.72004514666935,18.681541692269406,18.681541692269406,16.278820596099706,14.035668847618199,13.0,10.0,6.0,1.4142135623730951,3.605551275463989,6.324555320336759,8.246211251235321,0.0,0.0,0.0,0.0,0.0,0.0,0.0,0.0,0.0,0.0,0.0,4.242640687119285,1.4142135623730951,2.23606797749979,4.123105625617661,6.0,8.06225774829855,13.152946437965905,16.278820596099706,18.24828759089466,19.235384061671343,21.37755832643195,21.587033144922902,19.924858845171276,17.46424919657298,16.1245154965971,14.422205101855956,13.601470508735444,12.806248474865697,9.219544457292887,4.47213595499958,2.8284271247461903,6.0,10.0,14.0,18.110770276274835,22.360679774997898
1787403763.6302845,-70,0.0,27.073972741361768,26.076809620810597,25.019992006393608,22.02271554554524,19.1049731745428,14.317821063276353,9.433981132056603,6.708203932499369,6.324555320336759,8.602325267042627,10.63014581273465,12.806248474865697,14.212670403551895,15.811388300841896,15.811388300841896,15.264337522473747,15.231546211727817,14.866068747318506,13.92838827718412,10.770329614269007,8.54400374531753,5.0990195135927845,2.23606797749979,1.0,3.605551275463989,6.324555320336759,0.0,0.0,0.0,0.0,0.0,0.0,0.0,0.0,0.0,0.0,0.0,2.0,1.0,0.0,3.0,6.082762530298219,8.54400374531753,11.40175425099138,12.36931687685298,12.649110640673518,13.92838827718412,17.46424919657298,20.12461179749811,19.235384061671343,18.027756377319946,16.278820596099706,14.866068747318506,12.727922061357855,9.219544457292887,7.0710678118654755,4.123105625617661,2.8284271247461903,6.082762530298219,10.04987562112089,14.142135623730951,18.24828759089466,21.213203435596427
1787403763.6778905,-80,0.0,3.0,1.0,1.4142135623730951,3.605551275463989,7.211102550927978,11.661903789690601,13.892443989449804,13.416407864998739,13.416407864998739,11.180339887498949,10.295630140987,9.433981132056603,8.54400374531753,6.0,5.0,6.324555320336759,9.219544457292887,13.152946437965905,15.132745950421556,16.1245154965971,15.132745950421556,15.033296378372908,14.035668847618199,12.165525060596439,9.486832980505138,8.94427190999916,0.0,0.0,0.0,0.0,0.0,0.0,0.0,0.0,0.0,0.0,0.0,3.605551275463989,2.23606797749979,0.0,2.0,3.0,3.0,2.8284271247461903,3.1622776601683795,5.385164807134504,8.06225774829855,11.180339887498949,14.422205101855956,18.027756377319946,22.20360331117452,23.600847442411894,24.413111231467404,24.186773244895647,24.596747752497688,23.706539182259394,22.360679774997898,18.384776310850235,15.811388300841896,11.40175425099138,8.246211251235321,6.708203932499369,6.4031242374328485
1787403763.9491317,-70,0.0,19.4164878389476,20.396078054371138,20.396078054371138,20.223748416156685,20.09975124224178,20.024984394500787,19.0,17.029386365926403,15.033296378372908,13.152946437965905,12.041594578792296,11.045361017187261,11.0,11.045361017187261,10.04987562112089,10.198039027185569,9.219544457292887,9.219544457292887,9.219544457292887,9.219544457292887,9.219544457292887,9.219544457292887,9.055385138137417,8.06225774829855,7.0710678118654755,6.082762530298219,0.0,0.0,0.0,0.0,0.0,0.0,0.0,0.0,0.0,0.0,0.0,7.810249675906654,7.211102550927978,7.615773105863909,7.615773105863909,8.246211251235321,8.246211251235321,8.06225774829855,9.055385138137417,9.055385138137417,10.198039027185569,10.198039027185569,10.198039027185569,10.04987562112089,10.04987562112089,10.0,11.0,11.045361017187261,12.041594578792296,12.165525060596439,13.152946437965905,13.152946437965905,14.317821063276353,15.297058540778355,16.278820596099706,17.46424919657298,17.46424919657298
1787403764.1898916,-80,0.0,5.656854249492381,3.0,5.385164807134504,7.211102550927978,10.0,12.529964086141668,13.892443989449804,15.811388300841896,15.0,13.038404810405298,10.816653826391969,10.63014581273465,6.4031242374328485,5.0990195135927845,6.0,5.830951894845301,7.810249675906654,10.295630140987,13.92838827718412,15.524174696260024,15.524174696260024,14.866068747318506,13.0,10.770329614269007,8.94427190999916,7.211102550927978,0.0,0.0,0.0,0.0,0.0,0.0,0.0,0.0,0.0,0.0,0.0,3.605551275463989,2.8284271247461903,1.0,1.0,1.4142135623730951,2.0,4.242640687119285,6.4031242374328485,7.615773105863909,9.486832980505138,13.601470508735444,17.72004514666935,21.37755832643195,22.20360331117452,22.20360331117452,22.360679774997898,24.351591323771842,24.698178070456937,23.40939982143925,20.615528128088304,17.4928556845359,15.652475842498529,13.416407864998739,10.816653826391969,8.94427190999916,10.04987562112089
1787403764.2058136,-81,0.0,3.0,3.605551275463989,4.0,6.324555320336759,9.219544457292887,11.180339887498949,11.40175425099138,11.704699910719626,11.40175425099138,10.44030650891055,8.94427190999916,8.602325267042627,7.211102550927978,5.0990195135927845,5.385164807134504,6.4031242374328485,10.0,13.0,14.317821063276353,16.1245154965971,17.029386365926403,15.0,12.041594578792296,11.180339887498949,8.246211251235321,6.324555320336759,0.0,0.0,0.0,0.0,0.0,0.0,0.0,0.0,0.0,0.0,0.0,2.0,2.23606797749979,2.23606797749979,2.8284271247461903,3.605551275463989,3.1622776601683795,4.123105625617661,5.0,7.280109889280518,9.848857801796104,13.892443989449804,18.35755975068582,21.470910553583888,23.323807579381203,25.059928172283335,25.942243542145693,24.596747752497688,24.596747752497688,23.769728648009426,22.135943621178654,18.439088914585774,14.142135623730951,12.041594578792296,10.04987562112089,7.615773105863909,7.211102550927978
1787403764.397215,-82,0.0,5.385164807134504,8.0,10.04987562112089,12.0,15.033296378372908,17.11724276862369,17.11724276862369,17.11724276862369,15.297058540778355,13.341664064126334,12.36931687685298,9.433981132056603,9.899494936611665,10.295630140987,11.0,12.083045973594572,13.45362404707371,15.652475842498529,14.317821063276353,13.152946437965905,12.649110640673518,13.341664064126334,13.038404810405298,12.041594578792296,9.0,7.0710678118654755,0.0,0.0,0.0,0.0,0.0,0.0,0.0,0.0,0.0,0.0,0.0,4.0,5.0990195135927845,5.0990195135927845,2.23606797749979,2.23606797749979,1.0,2.8284271247461903,5.0,8.602325267042627,11.661903789690601,14.866068747318506,18.973665961010276,20.248456731316587,22.847319317591726,23.259406699226016,22.825424421026653,23.706539182259394,24.596747752497688,23.853720883753127,24.839484696748443,24.08318915758459,21.2602916254693,17.69180601295413,14.142135623730951,10.63014581273465,10.0
1787403764.5085807,-82,0.0,6.082762530298219,5.0990195135927845,5.830951894845301,5.830951894845301,5.830951894845301,7.810249675906654,9.219544457292887,9.433981132056603,9.848857801796104,7.615773105863909,4.123105625617661,4.0,6.0,9.0,11.045361017187261,14.560219778561036,15.652475842498529,16.97056274847714,19.209372712298546,22.20360331117452,21.095023109728988,17.88854381999832,15.811388300841896,14.142135623730951,11.0,10.0,0.0,0.0,0.0,0.0,0.0,0.0,0.0,0.0,0.0,0.0,0.0,13.601470508735444,9.486832980505138,7.0710678118654755,8.246211251235321,8.06225774829855,7.810249675906654,7.0710678118654755,8.246211251235321,12.165525060596439,15.524174696260024,16.278820596099706,17.029386365926403,17.029386365926403,18.24828759089466,18.439088914585774,18.681541692269406,18.681541692269406,19.313207915827967,20.591260281974,18.601075237738275,16.97056274847714,15.811388300841896,15.231546211727817,14.866068747318506,12.083045973594572,11.661903789690601
1787403764.6841724,-69,0.0,25.0,24.73863375370596,25.709920264364882,23.53720459187964,19.235384061671343,15.033296378372908,9.219544457292887,5.0,5.0,7.615773105863909,10.816653826391969,12.041594578792296,14.212670403551895,17.204650534085253,16.64331697709324,16.1245154965971,15.231546211727817,14.866068747318506,13.0,10.770329614269007,8.246211251235321,5.0990195135927845,2.8284271247461903,1.4142135623730951,5.0990195135927845,7.615773105863909,0.0,0.0,0.0,0.0,0.0,0.0,0.0,0.0,0.0,0.0,0.0,1.4142135623730951,1.0,2.23606797749979,3.0,4.0,6.082762530298219,8.94427190999916,12.083045973594572,14.317821063276353,15.652475842498529,15.811388300841896,15.620499351813308,15.556349186104045,15.620499351813308,15.811388300841896,13.892443989449804,13.416407864998739,12.083045973594572,9.848857801796104,6.708203932499369,2.23606797749979,4.47213595499958,8.54400374531753,13.601470508735444,18.681541692269406,19.924858845171276
1787403764.7804291,-72,0.0,25.079872407968907,25.079872407968907,23.08679276123039,21.213203435596427,17.46424919657298,13.416407864998739,9.219544457292887,7.0710678118654755,7.615773105863909,9.219544457292887,11.40175425099138,12.806248474865697,13.45362404707371,14.142135623730951,15.620499351813308,15.0,15.0,14.422205101855956,13.038404810405298,11.180339887498949,8.06225774829855,5.0,1.4142135623730951,1.0,4.123105625617661,6.082762530298219,0.0,0.0,0.0,0.0,0.0,0.0,0.0,0.0,0.0,0.0,0.0,2.8284271247461903,2.23606797749979,3.1622776601683795,4.47213595499958,6.324555320336759,8.06225774829855,10.0,11.045361017187261,13.152946437965905,14.560219778561036,15.811388300841896,15.652475842498529,16.1245154965971,15.811388300841896,15.620499351813308,14.142135623730951,13.45362404707371,11.40175425099138,8.48528137423857,5.0,2.0,4.123105625617661,8.0,13.152946437965905,17.11724276862369,20.09975124224178
1787403764.8764322,-69,0.0,24.186773244895647,24.186773244895647,24.596747752497688,22.360679774997898,18.973665961010276,14.142135623730951,10.04987562112089,7.810249675906654,7.615773105863909,9.0,10.04987562112089,11.045361017187261,13.038404810405298,14.0,15.033296378372908,15.132745950421556,14.317821063276353,13.601470508735444,11.704699910719626,9.848857801796104,7.615773105863909,4.47213595499958,1.4142135623730951,2.23606797749979,4.47213595499958,5.830951894845301,0.0,0.0,0.0,0.0,0.0,0.0,0.0,0.0,0.0,0.0,0.0,3.1622776601683795,1.4142135623730951,3.0,4.0,6.082762530298219,7.280109889280518,8.54400374531753,11.180339887498949,13.038404810405298,15.811388300841896,17.029386365926403,17.69180601295413,17.029386365926403,16.64331697709324,17.0,16.15549442140351,14.866068747318506,11.704699910719626,9.486832980505138,5.830951894845301,3.605551275463989,4.47213595499958,8.602325267042627,13.038404810405298,17.0,19.72308292331602
1787403765.0194952,-82,0.0,7.615773105863909,10.295630140987,12.649110640673518,14.560219778561036,17.26267650163207,18.110770276274835,16.0312195418814,13.92838827718412,10.816653826391969,10.295630140987,11.40175425099138,9.0,7.0710678118654755,6.082762530298219,3.605551275463989,2.23606797749979,8.06225774829855,15.033296378372908,18.110770276274835,18.027756377319946,19.026297590440446,21.02379604162864,20.024984394500787,18.027756377319946,13.038404810405298,10.44030650891055,0.0,0.0,0.0,0.0,0.0,0.0,0.0,0.0,0.0,0.0,0.0,22.360679774997898,16.401219466856727,13.892443989449804,13.0,10.198039027185569,10.198039027185569,13.92838827718412,16.15549442140351,18.35755975068582,21.633307652783937,23.021728866442675,22.47220505424423,21.95449840010015,21.095023109728988,18.027756377319946,11.40175425099138,5.0,2.0,8.54400374531753,11.180339887498949,11.40175425099138,10.63014581273465,9.219544457292887,6.082762530298219,4.242640687119285,4.0
1787403765.3552651,-83,0.0,19.924858845171276,19.4164878389476,19.235384061671343,18.0,19.0,18.0,14.035668847618199,8.0,3.605551275463989,3.1622776601683795,4.47213595499958,6.324555320336759,8.54400374531753,9.486832980505138,6.708203932499369,2.0,5.385164807134504,11.704699910719626,14.317821063276353,15.264337522473747,16.401219466856727,15.0,10.816653826391969,6.708203932499369,7.0710678118654755,7.0,0.0,0.0,0.0,0.0,0.0,0.0,0.0,0.0,0.0,0.0,0.0,6.324555320336759,7.280109889280518,7.280109889280518,5.0990195135927845,3.605551275463989,3.1622776601683795,4.123105625617661,6.0,8.06225774829855,9.055385138137417,10.0,8.0,6.082762530298219,4.242640687119285,7.0710678118654755,9.055385138137417,11.704699910719626,16.55294535724685,20.615528128088304,21.18962010041709,19.924858845171276,16.1245154965971,10.0,4.123105625617661,3.1622776601683795,10.0
1787403765.5182698,-69,0.0,25.612496949731394,25.612496949731394,24.20743687382041,22.20360331117452,18.35755975068582,14.560219778561036,11.045361017187261,8.602325267042627,8.94427190999916,11.180339887498949,13.038404810405298,14.035668847618199,15.132745950421556,16.278820596099706,15.524174696260024,15.811388300841896,15.231546211727817,13.416407864998739,11.40175425099138,9.899494936611665,7.810249675906654,5.0,3.0,3.605551275463989,4.0,5.0990195135927845,0.0,0.0,0.0,0.0,0.0,0.0,0.0,0.0,0.0,0.0,0.0,4.0,2.0,1.0,3.605551275463989,5.830951894845301,8.602325267042627,10.63014581273465,13.45362404707371,16.278820596099706,18.439088914585774,19.209372712298546,18.601075237738275,17.4928556845359,16.55294535724685,15.811388300841896,15.524174696260024,13.341664064126334,10.198039027185569,7.280109889280518,4.242640687119285,4.0,6.4031242374328485,10.63014581273465,15.620499351813308,19.209372712298546,22.02271554554524
1787403765.5373044,-69,0.0,25.942243542145693,26.832815729997478,26.419689627245813,23.323807579381203,19.4164878389476,13.45362404707371,10.295630140987,9.055385138137417,8.94427190999916,10.63014581273465,10.816653826391969,13.892443989449804,16.1245154965971,16.1245154965971,15.0,14.866068747318506,14.866068747318506,11.40175425099138,10.0,10.295630140987,9.433981132056603,5.0,1.4142135623730951,1.4142135623730951,3.605551275463989,5.385164807134504,0.0,0.0,0.0,0.0,0.0,0.0,0.0,0.0,0.0,0.0,0.0,2.8284271247461903,1.0,2.23606797749979,4.123105625617661,5.385164807134504,7.211102550927978,9.219544457292887,11.40175425099138,13.601470508735444,15.264337522473747,17.0,17.46424919657298,16.76305461424021,16.492422502470642,15.132745950421556,14.0,12.041594578792296,10.04987562112089,7.0,4.47213595499958,4.123105625617661,6.324555320336759,10.295630140987,15.264337522473747,18.867962264113206,20.808652046684813
1787403765.5457206,-69,0.0,26.90724809414742,27.65863337187866,25.612496949731394,21.633307652783937,17.4928556845359,14.317821063276353,11.045361017187261,8.54400374531753,8.602325267042627,9.848857801796104,12.165525060596439,13.341664064126334,15.297058540778355,16.1245154965971,15.297058540778355,16.15549442140351,14.7648230602334,11.661903789690601,10.816653826391969,10.816653826391969,8.602325267042627,5.0,1.4142135623730951,2.23606797749979,4.242640687119285,5.0,0.0,0.0,0.0,0.0,0.0,0.0,0.0,0.0,0.0,0.0,0.0,2.8284271247461903,0.0,2.23606797749979,4.47213595499958,6.082762530298219,7.0710678118654755,9.486832980505138,12.083045973594572,13.416407864998739,15.264337522473747,17.204650534085253,17.029386365926403,17.69180601295413,17.204650534085253,16.1245154965971,15.231546211727817,12.649110640673518,10.44030650891055,6.708203932499369,4.242640687119285,3.0,5.0,10.0,14.422205101855956,19.4164878389476,20.808652046684813
1787403765.8023334,-82,0.0,13.92838827718412,14.317821063276353,14.317821063276353,14.317821063276353,14.7648230602334,13.892443989449804,12.206555615733702,10.0,8.48528137423857,6.4031242374328485,3.1622776601683795,2.0,0.0,2.0,4.0,6.082762530298219,7.280109889280518,8.94427190999916,10.295630140987,11.40175425099138,11.313708498984761,11.40175425099138,11.661903789690601,11.704699910719626,12.36931687685298,13.152946437965905,0.0,0.0,0.0,0.0,0.0,0.0,0.0,0.0,0.0,0.0,0.0,15.811388300841896,15.264337522473747,13.416407864998739,11.704699910719626,10.198039027185569,8.0,6.324555320336759,5.0,5.0990195135927845,6.0,7.0710678118654755,8.06225774829855,8.0,9.219544457292887,10.770329614269007,11.661903789690601,13.601470508735444,14.866068747318506,15.556349186104045,15.556349186104045,15.556349186104045,13.45362404707371,11.40175425099138,9.433981132056603,7.615773105863909,7.0710678118654755
1787403765.8320358,-69,0.0,30.479501308256342,29.832867780352597,28.600699292150182,24.413111231467404,20.591260281974,16.492422502470642,13.038404810405298,9.433981132056603,10.295630140987,13.341664064126334,15.297058540778355,15.297058540778355,16.492422502470642,17.72004514666935,18.384776310850235,18.788294228055936,17.4928556845359,16.401219466856727,15.620499351813308,13.45362404707371,10.63014581273465,7.0710678118654755,2.23606797749979,2.0,3.1622776601683795,5.0,0.0,0.0,0.0,0.0,0.0,0.0,0.0,0.0,0.0,0.0,0.0,2.23606797749979,1.0,1.4142135623730951,3.1622776601683795,5.0,7.0710678118654755,9.219544457292887,10.770329614269007,13.038404810405298,15.0,17.029386365926403,16.97056274847714,16.401219466856727,17.0,17.08800749063506,15.524174696260024,14.317821063276353,12.041594578792296,9.055385138137417,5.385164807134504,2.23606797749979,5.0,10.63014581273465,15.0,20.0,22.80350850198276
1787403765.928034,-82,0.0,14.317821063276353,15.524174696260024,17.26267650163207,20.09975124224178,19.235384061671343,19.6468827043885,19.924858845171276,16.76305461424021,14.142135623730951,11.180339887498949,8.94427190999916,7.615773105863909,4.123105625617661,0.0,1.4142135623730951,5.0,10.0,13.45362404707371,14.142135623730951,13.45362404707371,11.40175425099138,10.0,8.54400374531753,9.055385138137417,10.0,12.041594578792296,0.0,0.0,0.0,0.0,0.0,0.0,0.0,0.0,0.0,0.0,0.0,15.0,15.0,13.152946437965905,11.704699910719626,10.295630140987,9.219544457292887,7.211102550927978,4.0,5.0,6.082762530298219,7.280109889280518,8.94427190999916,9.219544457292887,9.0,11.180339887498949,13.341664064126334,13.416407864998739,14.422205101855956,17.029386365926403,18.384776310850235,17.029386365926403,15.0,12.206555615733702,9.848857801796104,7.0710678118654755,8.06225774829855
1787403766.469003,-78,0.0,16.76305461424021,14.317821063276353,10.770329614269007,7.211102550927978,8.06225774829855,7.211102550927978,6.4031242374328485,6.708203932499369,8.246211251235321,6.708203932499369,7.810249675906654,7.810249675906654,7.0710678118654755,10.816653826391969,14.317821063276353,13.892443989449804,13.038404810405298,11.704699910719626,12.0,12.165525060596439,15.620499351813308,20.615528128088304,19.849433241279208,15.556349186104045,13.601470508735444,13.45362404707371,0.0,0.0,0.0,0.0,0.0,0.0,0.0,0.0,0.0,0.0,0.0,7.280109889280518,5.0,4.123105625617661,7.0,10.44030650891055,9.848857801796104,9.219544457292887,13.038404810405298,17.11724276862369,19.4164878389476,18.027756377319946,16.1245154965971,14.317821063276353,14.035668847618199,12.041594578792296,9.433981132056603,8.48528137423857,7.810249675906654,8.06225774829855,8.06225774829855,9.899494936611665,12.529964086141668,14.866068747318506,16.76305461424021,17.46424919657298,18.439088914585774
1787403766.469003,-79,0.0,17.804493814764857,17.69180601295413,14.866068747318506,10.63014581273465,6.4031242374328485,5.830951894845301,7.0,7.0710678118654755,6.0,7.0710678118654755,8.246211251235321,9.219544457292887,10.198039027185569,11.40175425099138,9.486832980505138,10.770329614269007,15.652475842498529,19.235384061671343,19.235384061671343,17.88854381999832,15.652475842498529,14.560219778561036,16.492422502470642,14.560219778561036,12.36931687685298,18.867962264113206,0.0,0.0,0.0,0.0,0.0,0.0,0.0,0.0,0.0,0.0,0.0,8.06225774829855,6.082762530298219,5.0,7.0,10.04987562112089,14.0,17.11724276862369,20.223748416156685,21.213203435596427,19.235384061671343,16.15549442140351,14.317821063276353,13.341664064126334,11.704699910719626,9.848857801796104,7.615773105863909,7.810249675906654,10.44030650891055,11.704699910719626,12.083045973594572,12.083045973594572,12.206555615733702,14.142135623730951,16.278820596099706,16.401219466856727,18.439088914585774
1787403766.7191648,-70,0.0,29.068883707497267,29.154759474226502,27.294688127912362,24.331050121192877,19.924858845171276,15.652475842498529,12.727922061357855,10.44030650891055,11.045361017187261,11.704699910719626,13.416407864998739,14.317821063276353,15.811388300841896,16.76305461424021,16.492422502470642,16.1245154965971,15.0,14.142135623730951,12.36931687685298,10.770329614269007,8.54400374531753,5.385164807134504,2.23606797749979,2.23606797749979,5.0,6.082762530298219,0.0,0.0,0.0,0.0,0.0,0.0,0.0,0.0,0.0,0.0,0.0,2.23606797749979,1.0,3.1622776601683795,5.0990195135927845,6.708203932499369,7.211102550927978,7.810249675906654,10.295630140987,12.649110640673518,14.317821063276353,15.033296378372908,16.0,16.1245154965971,15.524174696260024,15.652475842498529,15.264337522473747,14.422205101855956,12.206555615733702,9.433981132056603,5.385164807134504,3.1622776601683795,5.385164807134504,11.045361017187261,16.0312195418814,21.02379604162864,23.021728866442675
1787403766.7247808,-72,0.0,28.635642126552707,27.294688127912362,25.179356624028344,22.02271554554524,18.110770276274835,14.560219778561036,10.63014581273465,8.54400374531753,9.0,10.44030650891055,11.704699910719626,13.601470508735444,15.297058540778355,16.278820596099706,16.1245154965971,16.0,14.035668847618199,13.341664064126334,12.649110640673518,11.180339887498949,8.94427190999916,5.830951894845301,2.23606797749979,2.23606797749979,5.0990195135927845,6.0,0.0,0.0,0.0,0.0,0.0,0.0,0.0,0.0,0.0,0.0,0.0,2.23606797749979,0.0,2.23606797749979,4.242640687119285,5.830951894845301,6.708203932499369,8.246211251235321,10.0,12.165525060596439,12.649110640673518,14.317821063276353,14.7648230602334,15.0,14.866068747318506,15.620499351813308,14.422205101855956,13.892443989449804,11.180339887498949,8.06225774829855,5.656854249492381,3.1622776601683795,5.0,10.770329614269007,14.560219778561036,18.681541692269406,21.840329667841555
1787403766.7565336,-72,0.0,27.459060435491963,26.68332812825267,25.0,22.135943621178654,18.788294228055936,14.212670403551895,10.816653826391969,8.06225774829855,8.54400374531753,11.40175425099138,12.806248474865697,13.601470508735444,14.422205101855956,15.652475842498529,15.231546211727817,14.866068747318506,14.560219778561036,14.142135623730951,13.038404810405298,11.045361017187261,8.06225774829855,6.082762530298219,3.605551275463989,3.1622776601683795,3.605551275463989,5.385164807134504,0.0,0.0,0.0,0.0,0.0,0.0,0.0,0.0,0.0,0.0,0.0,2.23606797749979,1.0,2.8284271247461903,5.0,5.830951894845301,7.211102550927978,8.48528137423857,10.295630140987,12.649110640673518,13.152946437965905,14.035668847618199,15.033296378372908,15.297058540778355,14.560219778561036,14.866068747318506,14.317821063276353,13.892443989449804,12.529964086141668,8.94427190999916,5.385164807134504,3.605551275463989,6.324555320336759,11.0,15.132745950421556,20.396078054371138,23.345235059857504
1787403766.979489,-72,0.0,26.40075756488817,26.0,23.40939982143925,19.924858845171276,16.278820596099706,12.041594578792296,9.433981132056603,8.94427190999916,10.0,12.165525060596439,13.341664064126334,14.142135623730951,15.033296378372908,16.0312195418814,16.0312195418814,16.278820596099706,15.524174696260024,14.866068747318506,14.317821063276353,12.529964086141668,10.0,6.4031242374328485,3.605551275463989,2.23606797749979,3.1622776601683795,4.0,0.0,0.0,0.0,0.0,0.0,0.0,0.0,0.0,0.0,0.0,0.0,3.605551275463989,1.4142135623730951,1.4142135623730951,3.1622776601683795,5.0990195135927845,7.0,8.246211251235321,9.848857801796104,12.529964086141668,12.206555615733702,12.041594578792296,12.041594578792296,12.727922061357855,12.206555615733702,11.180339887498949,11.704699910719626,10.770329614269007,9.486832980505138,6.708203932499369,5.0,3.1622776601683795,6.708203932499369,10.295630140987,14.7648230602334,18.35755975068582,21.95449840010015
1787403767.854207,-70,0.0,25.059928172283335,25.942243542145693,24.698178070456937,21.400934559032695,16.97056274847714,13.892443989449804,10.198039027185569,7.211102550927978,9.433981132056603,11.704699910719626,15.132745950421556,16.492422502470642,18.027756377319946,19.313207915827967,19.697715603592208,17.88854381999832,16.64331697709324,14.866068747318506,12.041594578792296,10.63014581273465,7.810249675906654,4.242640687119285,1.4142135623730951,2.23606797749979,6.4031242374328485,8.602325267042627,0.0,0.0,0.0,0.0,0.0,0.0,0.0,0.0,0.0,0.0,0.0,3.605551275463989,2.23606797749979,2.8284271247461903,5.385164807134504,7.615773105863909,9.433981132056603,10.63014581273465,12.727922061357855,15.0,16.64331697709324,17.88854381999832,18.027756377319946,19.4164878389476,20.223748416156685,20.024984394500787,18.0,16.0,14.0,10.04987562112089,6.082762530298219,5.0990195135927845,8.246211251235321,11.180339887498949,15.811388300841896,20.808652046684813,22.20360331117452
1787403767.854207,-70,0.0,26.627053911388696,25.80697580112788,23.430749027719962,20.615528128088304,16.97056274847714,11.661903789690601,8.06225774829855,5.830951894845301,7.615773105863909,10.04987562112089,12.165525060596439,13.152946437965905,15.297058540778355,16.492422502470642,16.76305461424021,16.76305461424021,15.231546211727817,13.416407864998739,10.816653826391969,9.219544457292887,5.656854249492381,2.8284271247461903,1.4142135623730951,3.1622776601683795,5.830951894845301,6.4031242374328485,0.0,0.0,0.0,0.0,0.0,0.0,0.0,0.0,0.0,0.0,0.0,2.23606797749979,2.8284271247461903,4.47213595499958,5.830951894845301,7.211102550927978,8.602325267042627,10.63014581273465,12.041594578792296,13.601470508735444,14.7648230602334,16.55294535724685,17.08800749063506,17.72004514666935,17.26267650163207,16.0312195418814,16.0,14.0,11.0,9.055385138137417,5.385164807134504,3.605551275463989,6.324555320336759,11.180339887498949,15.264337522473747,18.867962264113206,22.20360331117452
1787403767.9340138,-70,0.0,20.12461179749811,21.02379604162864,21.02379604162864,20.615528128088304,21.18962010041709,20.615528128088304,19.4164878389476,17.26267650163207,16.1245154965971,14.142135623730951,13.152946437965905,11.40175425099138,11.40175425099138,10.44030650891055,10.44030650891055,10.44030650891055,9.486832980505138,9.486832980505138,8.54400374531753,8.94427190999916,8.94427190999916,8.06225774829855,8.06225774829855,7.615773105863909,6.708203932499369,6.708203932499369,0.0,0.0,0.0,0.0,0.0,0.0,0.0,0.0,0.0,0.0,0.0,6.708203932499369,6.708203932499369,6.324555320336759,6.082762530298219,6.0,6.0,7.0710678118654755,7.0710678118654755,7.0710678118654755,8.246211251235321,8.54400374531753,8.54400374531753,9.486832980505138,9.848857801796104,10.770329614269007,11.180339887498949,12.529964086141668,12.529964086141668,13.416407864998739,14.317821063276353,15.652475842498529,16.1245154965971,17.0,17.88854381999832,18.788294228055936,19.235384061671343
1787403768.1887307,-89,0.0,9.055385138137417,10.0,9.055385138137417,8.0,8.06225774829855,7.0,5.0,4.0,3.0,1.4142135623730951,2.0,3.0,4.123105625617661,4.123105625617661,5.0990195135927845,5.0990195135927845,5.0990195135927845,5.0990195135927845,6.082762530298219,6.0,5.0,5.385164807134504,7.211102550927978,7.0710678118654755,8.48528137423857,10.0,0.0,0.0,0.0,0.0,0.0,0.0,0.0,0.0,0.0,0.0,0.0,17.029386365926403,15.811388300841896,14.422205101855956,13.038404810405298,11.661903789690601,8.94427190999916,7.211102550927978,5.830951894845301,6.082762530298219,7.0,10.198039027185569,10.44030650891055,10.770329614269007,11.180339887498949,10.295630140987,10.816653826391969,9.219544457292887,8.94427190999916,9.219544457292887,9.055385138137417,9.219544457292887,8.54400374531753,8.94427190999916,8.06225774829855,6.4031242374328485,4.242640687119285
1787403768.222572,-69,0.0,22.20360331117452,21.400934559032695,20.615528128088304,17.69180601295413,14.212670403551895,9.848857801796104,8.06225774829855,7.211102550927978,8.06225774829855,10.44030650891055,12.36931687685298,12.649110640673518,12.649110640673518,13.92838827718412,14.317821063276353,13.892443989449804,13.038404810405298,12.041594578792296,10.63014581273465,9.433981132056603,6.708203932499369,4.123105625617661,2.23606797749979,2.0,3.605551275463989,5.0,0.0,0.0,0.0,0.0,0.0,0.0,0.0,0.0,0.0,0.0,0.0,3.1622776601683795,2.23606797749979,2.23606797749979,3.605551275463989,6.4031242374328485,7.0710678118654755,8.602325267042627,9.433981132056603,12.083045973594572,13.92838827718412,14.560219778561036,15.297058540778355,15.033296378372908,15.0,15.033296378372908,15.132745950421556,13.152946437965905,10.198039027185569,8.06225774829855,5.0990195135927845,2.8284271247461903,5.0990195135927845,8.94427190999916,12.206555615733702,15.0,17.204650534085253
1787403768.3479576,-70,0.0,22.20360331117452,22.360679774997898,21.587033144922902,21.587033144922902,20.615528128088304,20.248456731316587,19.313207915827967,18.384776310850235,16.55294535724685,15.652475842498529,13.416407864998739,12.649110640673518,12.36931687685298,11.180339887498949,10.198039027185569,10.198039027185569,10.198039027185569,9.219544457292887,8.06225774829855,8.0,8.0,9.0,9.055385138137417,9.055385138137417,7.0710678118654755,7.0710678118654755,0.0,0.0,0.0,0.0,0.0,0.0,0.0,0.0,0.0,0.0,0.0,8.246211251235321,7.280109889280518,6.324555320336759,5.830951894845301,5.656854249492381,5.0,5.830951894845301,6.708203932499369,7.615773105863909,7.615773105863909,8.94427190999916,8.94427190999916,8.54400374531753,10.198039027185569,11.180339887498949,12.165525060596439,13.152946437965905,14.142135623730951,15.297058540778355,16.278820596099706,16.1245154965971,16.1245154965971,18.110770276274835,19.235384061671343,20.223748416156685,20.396078054371138
1787403768.761156,-70,0.0,22.135943621178654,23.40939982143925,23.40939982143925,22.847319317591726,22.360679774997898,21.470910553583888,20.248456731316587,18.867962264113206,16.64331697709324,14.422205101855956,13.416407864998739,12.083045973594572,12.083045973594572,10.770329614269007,10.770329614269007,10.44030650891055,10.44030650891055,10.198039027185569,10.04987562112089,9.055385138137417,9.055385138137417,9.219544457292887,8.246211251235321,8.06225774829855,8.0,8.06225774829855,0.0,0.0,0.0,0.0,0.0,0.0,0.0,0.0,0.0,0.0,0.0,8.06225774829855,7.0,6.0,5.0990195135927845,4.47213595499958,5.0,5.656854249492381,6.4031242374328485,7.0710678118654755,8.602325267042627,9.433981132056603,9.433981132056603,8.94427190999916,9.848857801796104,9.848857801796104,10.770329614269007,11.704699910719626,13.0,13.92838827718412,13.92838827718412,15.811388300841896,16.76305461424021,17.72004514666935,19.6468827043885,21.840329667841555,20.8806130178211
1787403770.0102668,-70,0.0,28.30194339616981,28.600699292150182,26.40075756488817,22.80350850198276,18.384776310850235,14.7648230602334,12.041594578792296,9.486832980505138,10.63014581273465,12.529964086141668,14.317821063276353,16.1245154965971,17.4928556845359,18.027756377319946,17.804493814764857,17.69180601295413,17.69180601295413,15.811388300841896,14.7648230602334,11.704699910719626,9.486832980505138,7.0710678118654755,3.0,1.0,4.47213595499958,7.280109889280518,0.0,0.0,0.0,0.0,0.0,0.0,0.0,0.0,0.0,0.0,0.0,2.8284271247461903,2.23606797749979,4.0,6.082762530298219,7.280109889280518,7.810249675906654,9.219544457292887,10.816653826391969,14.317821063276353,16.76305461424021,19.4164878389476,20.09975124224178,20.024984394500787,21.0,21.095023109728988,20.09975124224178,18.110770276274835,15.132745950421556,10.04987562112089,6.082762530298219,4.242640687119285,6.0,11.704699910719626,17.88854381999832,21.095023109728988,23.853720883753127
1787403770.0364509,-70,0.0,27.16615541441225,26.30589287593181,25.709920264364882,21.840329667841555,17.88854381999832,13.45362404707371,10.295630140987,8.06225774829855,9.486832980505138,10.63014581273465,11.313708498984761,12.727922061357855,13.601470508735444,15.652475842498529,16.55294535724685,16.15549442140351,15.524174696260024,14.142135623730951,13.038404810405298,11.045361017187261,9.219544457292887,7.280109889280518,4.242640687119285,3.1622776601683795,4.242640687119285,4.47213595499958,0.0,0.0,0.0,0.0,0.0,0.0,0.0,0.0,0.0,0.0,0.0,0.0,2.0,4.123105625617661,5.385164807134504,6.4031242374328485,7.211102550927978,9.219544457292887,9.0,10.198039027185569,11.704699910719626,14.317821063276353,16.1245154965971,17.204650534085253,17.204650534085253,17.029386365926403,16.278820596099706,14.142135623730951,11.313708498984761,7.810249675906654,4.47213595499958,3.605551275463989,6.324555320336759,11.045361017187261,17.029386365926403,20.09975124224178,23.021728866442675
1787403770.052382,-70,0.0,25.709920264364882,25.709920264364882,24.041630560342615,20.615528128088304,17.0,12.041594578792296,8.94427190999916,7.0710678118654755,8.06225774829855,9.899494936611665,11.40175425099138,12.041594578792296,13.45362404707371,14.212670403551895,13.601470508735444,13.892443989449804,13.92838827718412,13.341664064126334,12.041594578792296,10.04987562112089,7.280109889280518,4.123105625617661,2.23606797749979,3.605551275463989,5.830951894845301,6.324555320336759,0.0,0.0,0.0,0.0,0.0,0.0,0.0,0.0,0.0,0.0,0.0,1.0,2.8284271247461903,4.47213595499958,5.830951894845301,7.211102550927978,7.810249675906654,7.615773105863909,9.219544457292887,11.045361017187261,14.0,16.1245154965971,17.26267650163207,17.72004514666935,17.08800749063506,16.55294535724685,15.652475842498529,14.7648230602334,12.529964086141668,9.486832980505138,6.0,5.0,6.324555320336759,11.045361017187261,16.0312195418814,20.223748416156685,21.37755832643195
1787403770.2152934,-70,0.0,27.313000567495326,26.92582403567252,25.079872407968907,21.02379604162864,17.4928556845359,13.45362404707371,9.848857801796104,7.0710678118654755,7.810249675906654,10.0,11.40175425099138,13.45362404707371,14.142135623730951,14.866068747318506,14.866068747318506,16.401219466856727,15.811388300841896,14.7648230602334,13.0,10.198039027185569,7.0710678118654755,5.0990195135927845,2.8284271247461903,3.605551275463989,5.656854249492381,5.830951894845301,0.0,0.0,0.0,0.0,0.0,0.0,0.0,0.0,0.0,0.0,0.0,1.4142135623730951,1.0,4.123105625617661,5.385164807134504,6.4031242374328485,7.211102550927978,8.94427190999916,10.44030650891055,13.152946437965905,15.033296378372908,17.0,18.110770276274835,18.439088914585774,17.72004514666935,17.46424919657298,17.46424919657298,15.231546211727817,13.0,10.44030650891055,7.0,5.656854249492381,9.219544457292887,13.038404810405298,17.46424919657298,21.18962010041709,23.40939982143925
1787403770.3265073,-88,0.0,3.0,1.0,0.0,1.0,1.0,3.1622776601683795,3.1622776601683795,2.23606797749979,2.23606797749979,3.1622776601683795,4.123105625617661,2.23606797749979,3.1622776601683795,4.0,4.123105625617661,4.123105625617661,4.123105625617661,4.123105625617661,3.1622776601683795,2.8284271247461903,4.242640687119285,4.242640687119285,5.830951894845301,5.830951894845301,5.830951894845301,6.4031242374328485,0.0,0.0,0.0,0.0,0.0,0.0,0.0,0.0,0.0,0.0,0.0,10.198039027185569,10.770329614269007,11.661903789690601,13.601470508735444,13.45362404707371,14.142135623730951,14.212670403551895,12.806248474865697,11.40175425099138,9.219544457292887,5.656854249492381,2.23606797749979,1.4142135623730951,4.242640687119285,6.4031242374328485,8.06225774829855,10.295630140987,12.083045973594572,12.36931687685298,12.36931687685298,14.0,14.035668847618199,15.297058540778355,15.297058540778355,16.278820596099706,16.492422502470642
1787403770.8203378,-70,0.0,19.6468827043885,19.6468827043885,20.8806130178211,19.6468827043885,19.235384061671343,19.1049731745428,17.029386365926403,15.033296378372908,13.038404810405298,11.045361017187261,10.44030650891055,8.54400374531753,7.615773105863909,8.06225774829855,7.211102550927978,6.708203932499369,6.4031242374328485,6.708203932499369,7.615773105863909,7.615773105863909,9.848857801796104,10.816653826391969,10.0,8.602325267042627,7.810249675906654,8.06225774829855,0.0,0.0,0.0,0.0,0.0,0.0,0.0,0.0,0.0,0.0,0.0,8.06225774829855,6.708203932499369,5.830951894845301,5.0,4.242640687119285,4.47213595499958,4.47213595499958,5.0990195135927845,6.324555320336759,7.0,8.06225774829855,9.219544457292887,9.055385138137417,9.055385138137417,10.198039027185569,11.40175425099138,12.649110640673518,13.92838827718412,13.601470508735444,14.560219778561036,14.866068747318506,15.811388300841896,17.72004514666935,18.973665961010276,19.6468827043885,18.439088914585774
1787403770.8269246,-71,0.0,19.1049731745428,19.235384061671343,20.223748416156685,21.095023109728988,22.02271554554524,21.02379604162864,18.027756377319946,14.035668847618199,12.0,12.0,12.0,10.04987562112089,6.324555320336759,6.4031242374328485,9.219544457292887,10.63014581273465,9.899494936611665,10.0,6.4031242374328485,4.242640687119285,4.242640687119285,5.656854249492381,5.830951894845301,3.605551275463989,2.23606797749979,2.23606797749979,0.0,0.0,0.0,0.0,0.0,0.0,0.0,0.0,0.0,0.0,0.0,9.219544457292887,7.0710678118654755,5.385164807134504,6.082762530298219,7.280109889280518,8.246211251235321,10.04987562112089,10.0,10.04987562112089,10.04987562112089,10.04987562112089,9.0,8.06225774829855,8.246211251235321,9.219544457292887,11.40175425099138,12.36931687685298,11.40175425099138,11.40175425099138,12.36931687685298,13.601470508735444,13.601470508735444,14.560219778561036,16.492422502470642,18.24828759089466,18.110770276274835
1787403771.119755,-70,0.0,20.808652046684813,21.633307652783937,21.95449840010015,21.470910553583888,20.12461179749811,19.697715603592208,18.384776310850235,17.08800749063506,14.866068747318506,13.92838827718412,12.083045973594572,11.180339887498949,11.661903789690601,10.295630140987,9.433981132056603,9.219544457292887,9.219544457292887,9.219544457292887,9.219544457292887,9.219544457292887,9.219544457292887,8.48528137423857,8.48528137423857,8.48528137423857,8.48528137423857,7.810249675906654,0.0,0.0,0.0,0.0,0.0,0.0,0.0,0.0,0.0,0.0,0.0,7.211102550927978,5.830951894845301,5.385164807134504,4.123105625617661,4.0,4.123105625617661,4.47213595499958,5.0,5.830951894845301,7.211102550927978,8.06225774829855,9.433981132056603,10.0,10.0,11.40175425099138,12.206555615733702,12.206555615733702,12.806248474865697,13.601470508735444,13.601470508735444,15.0,15.620499351813308,17.029386365926403,17.804493814764857,20.0,20.615528128088304
1787403771.1375535,-69,0.0,26.076809620810597,26.30589287593181,24.515301344262525,20.615528128088304,16.15549442140351,12.041594578792296,8.94427190999916,8.06225774829855,9.486832980505138,11.661903789690601,12.806248474865697,14.212670403551895,15.264337522473747,15.652475842498529,16.55294535724685,16.15549442140351,14.317821063276353,12.0,12.165525060596439,10.44030650891055,8.246211251235321,6.708203932499369,5.0,3.0,3.605551275463989,5.385164807134504,0.0,0.0,0.0,0.0,0.0,0.0,0.0,0.0,0.0,0.0,0.0,3.1622776601683795,3.1622776601683795,4.242640687119285,6.4031242374328485,7.0710678118654755,7.211102550927978,8.94427190999916,10.44030650891055,12.165525060596439,13.0,15.132745950421556,16.492422502470642,17.08800749063506,17.0,16.1245154965971,16.1245154965971,13.892443989449804,11.180339887498949,7.615773105863909,5.0,5.0,6.324555320336759,11.0,16.0312195418814,19.1049731745428,21.095023109728988
1787403771.1515112,-70,0.0,26.248809496813376,25.495097567963924,23.345235059857504,20.518284528683193,16.64331697709324,11.704699910719626,8.0,7.211102550927978,9.433981132056603,10.770329614269007,11.704699910719626,13.92838827718412,13.92838827718412,14.7648230602334,14.422205101855956,14.866068747318506,14.212670403551895,13.038404810405298,10.770329614269007,9.219544457292887,8.06225774829855,5.0,2.23606797749979,3.1622776601683795,5.0,6.708203932499369,0.0,0.0,0.0,0.0,0.0,0.0,0.0,0.0,0.0,0.0,0.0,4.47213595499958,3.605551275463989,5.0,6.0,7.0,8.0,9.219544457292887,9.848857801796104,11.40175425099138,13.45362404707371,17.029386365926403,18.601075237738275,18.867962264113206,18.788294228055936,18.384776310850235,16.76305461424021,15.811388300841896,12.649110640673518,8.94427190999916,6.4031242374328485,5.385164807134504,6.708203932499369,10.0,15.0,19.849433241279208,21.93171219946131
1787403772.0901365,-70,0.0,22.561028345356956,21.587033144922902,18.681541692269406,16.76305461424021,13.416407864998739,9.219544457292887,6.082762530298219,6.324555320336759,7.810249675906654,10.295630140987,12.529964086141668,14.317821063276353,15.652475842498529,15.811388300841896,14.866068747318506,14.142135623730951,14.212670403551895,15.264337522473747,14.422205101855956,10.816653826391969,8.602325267042627,7.810249675906654,2.8284271247461903,2.23606797749979,4.242640687119285,5.0,0.0,0.0,0.0,0.0,0.0,0.0,0.0,0.0,0.0,0.0,0.0,2.23606797749979,2.23606797749979,4.123105625617661,5.385164807134504,6.324555320336759,7.0710678118654755,9.055385138137417,10.198039027185569,12.649110640673518,13.92838827718412,15.652475842498529,17.0,16.64331697709324,16.64331697709324,16.401219466856727,15.620499351813308,13.45362404707371,11.40175425099138,8.602325267042627,5.385164807134504,3.605551275463989,6.324555320336759,10.0,14.142135623730951,17.26267650163207,19.4164878389476
1787403772.1379344,-69,0.0,26.30589287593181,25.179356624028344,24.020824298928627,21.02379604162864,17.26267650163207,13.0,9.219544457292887,8.246211251235321,9.219544457292887,11.180339887498949,12.529964086141668,13.892443989449804,14.317821063276353,16.15549442140351,16.492422502470642,16.278820596099706,16.1245154965971,16.0,14.035668847618199,12.165525060596439,10.198039027185569,7.280109889280518,3.605551275463989,2.0,3.1622776601683795,5.0,0.0,0.0,0.0,0.0,0.0,0.0,0.0,0.0,0.0,0.0,0.0,1.4142135623730951,1.0,3.1622776601683795,4.47213595499958,6.082762530298219,7.0,8.06225774829855,10.770329614269007,12.529964086141668,15.264337522473747,16.401219466856727,17.029386365926403,17.69180601295413,17.804493814764857,17.204650534085253,16.64331697709324,13.892443989449804,10.816653826391969,7.810249675906654,4.47213595499958,3.605551275463989,6.324555320336759,10.198039027185569,15.132745950421556,20.09975124224178,22.20360331117452
1787403772.8836753,-70,0.0,23.769728648009426,23.769728648009426,22.847319317591726,20.12461179749811,15.264337522473747,10.63014581273465,8.246211251235321,6.324555320336759,7.810249675906654,9.848857801796104,12.083045973594572,13.416407864998739,13.892443989449804,15.811388300841896,17.029386365926403,16.278820596099706,15.0,15.264337522473747,13.416407864998739,12.649110640673518,11.40175425099138,8.06225774829855,4.123105625617661,1.4142135623730951,2.8284271247461903,5.385164807134504,0.0,0.0,0.0,0.0,0.0,0.0,0.0,0.0,0.0,0.0,0.0,2.0,2.0,3.605551275463989,5.0,6.4031242374328485,7.0710678118654755,8.602325267042627,11.180339887498949,12.649110640673518,15.297058540778355,16.278820596099706,17.11724276862369,16.0,16.1245154965971,15.297058540778355,14.560219778561036,13.601470508735444,12.36931687685298,10.198039027185569,7.0710678118654755,5.656854249492381,7.0710678118654755,11.045361017187261,16.492422502470642,19.313207915827967,21.540659228538015
1787403773.1420002,-69,0.0,29.427877939124322,28.442925306655784,25.179356624028344,22.090722034374522,17.0,12.36931687685298,9.219544457292887,8.54400374531753,10.0,12.649110640673518,14.7648230602334,17.0,18.788294228055936,20.248456731316587,19.924858845171276,20.8806130178211,20.396078054371138,18.24828759089466,17.26267650163207,14.317821063276353,12.165525060596439,9.055385138137417,4.0,1.4142135623730951,3.0,6.0,0.0,0.0,0.0,0.0,0.0,0.0,0.0,0.0,0.0,0.0,0.0,3.1622776601683795,0.0,2.23606797749979,4.123105625617661,5.0990195135927845,7.280109889280518,8.94427190999916,11.661903789690601,12.806248474865697,15.620499351813308,17.69180601295413,19.1049731745428,19.209372712298546,18.867962264113206,17.88854381999832,17.46424919657298,15.231546211727817,13.0,10.770329614269007,5.830951894845301,4.0,6.4031242374328485,11.40175425099138,17.26267650163207,21.37755832643195,22.561028345356956
1787403773.3652956,-70,0.0,20.615528128088304,20.0,20.808652046684813,20.248456731316587,19.4164878389476,17.4928556845359,16.1245154965971,14.7648230602334,13.892443989449804,11.661903789690601,10.816653826391969,10.0,10.63014581273465,10.63014581273465,10.63014581273465,10.0,10.295630140987,10.295630140987,11.661903789690601,12.206555615733702,12.206555615733702,12.206555615733702,12.041594578792296,11.313708498984761,10.63014581273465,10.0,0.0,0.0,0.0,0.0,0.0,0.0,0.0,0.0,0.0,0.0,0.0,6.708203932499369,5.830951894845301,5.830951894845301,5.0990195135927845,5.0,5.0990195135927845,6.324555320336759,6.324555320336759,7.280109889280518,7.280109889280518,7.615773105863909,8.54400374531753,8.94427190999916,8.94427190999916,9.433981132056603,9.433981132056603,10.0,11.40175425099138,12.206555615733702,12.806248474865697,14.212670403551895,14.212670403551895,16.278820596099706,17.69180601295413,17.69180601295413,18.439088914585774
1787403773.4767058,-70,0.0,19.79898987322333,20.518284528683193,20.518284528683193,20.615528128088304,20.0,18.867962264113206,17.4928556845359,15.264337522473747,13.892443989449804,12.529964086141668,10.816653826391969,10.63014581273465,9.899494936611665,9.899494936611665,9.219544457292887,8.602325267042627,8.602325267042627,8.94427190999916,8.94427190999916,8.54400374531753,9.486832980505138,10.770329614269007,10.295630140987,10.295630140987,9.433981132056603,9.433981132056603,0.0,0.0,0.0,0.0,0.0,0.0,0.0,0.0,0.0,0.0,0.0,7.280109889280518,6.082762530298219,5.0,5.0990195135927845,5.0990195135927845,5.385164807134504,5.385164807134504,6.708203932499369,6.708203932499369,6.708203932499369,8.06225774829855,8.06225774829855,8.602325267042627,8.602325267042627,9.219544457292887,9.899494936611665,10.63014581273465,11.313708498984761,12.041594578792296,13.45362404707371,14.866068747318506,15.556349186104045,16.278820596099706,18.439088914585774,19.849433241279208,19.1049731745428
1787403773.682862,-70,0.0,21.93171219946131,21.93171219946131,21.93171219946131,21.2602916254693,21.400934559032695,20.808652046684813,18.867962264113206,17.4928556845359,15.264337522473747,13.038404810405298,11.40175425099138,10.63014581273465,10.63014581273465,10.0,10.816653826391969,10.295630140987,11.180339887498949,10.770329614269007,10.770329614269007,10.770329614269007,11.704699910719626,12.083045973594572,12.529964086141668,11.180339887498949,10.295630140987,10.295630140987,0.0,0.0,0.0,0.0,0.0,0.0,0.0,0.0,0.0,0.0,0.0,7.211102550927978,5.0,4.47213595499958,4.123105625617661,4.123105625617661,4.0,5.0,5.0990195135927845,5.0990195135927845,6.324555320336759,6.708203932499369,8.06225774829855,8.602325267042627,9.219544457292887,10.63014581273465,10.63014581273465,11.313708498984761,11.313708498984761,12.727922061357855,14.142135623730951,14.866068747318506,15.620499351813308,17.029386365926403,19.1049731745428,20.518284528683193,20.518284528683193
1787403773.7326045,-72,0.0,26.832815729997478,25.495097567963924,23.259406699226016,20.615528128088304,16.492422502470642,13.0,9.219544457292887,7.0710678118654755,8.54400374531753,10.198039027185569,11.045361017187261,13.038404810405298,15.033296378372908,17.11724276862369,17.46424919657298,17.72004514666935,17.08800749063506,17.0,15.264337522473747,14.422205101855956,12.206555615733702,8.602325267042627,5.0,1.4142135623730951,2.23606797749979,3.605551275463989,0.0,0.0,0.0,0.0,0.0,0.0,0.0,0.0,0.0,0.0,0.0,1.0,2.0,4.123105625617661,5.385164807134504,5.385164807134504,5.656854249492381,6.324555320336759,7.0,8.246211251235321,9.848857801796104,12.206555615733702,14.212670403551895,14.866068747318506,15.0,15.264337522473747,15.264337522473747,13.892443989449804,12.529964086141668,9.433981132056603,6.4031242374328485,4.123105625617661,6.708203932499369,10.63014581273465,14.422205101855956,18.35755975068582,21.95449840010015
1787403773.778752,-71,0.0,21.095023109728988,21.095023109728988,21.213203435596427,20.396078054371138,20.615528128088304,19.6468827043885,18.027756377319946,16.15549442140351,14.866068747318506,12.649110640673518,10.770329614269007,9.219544457292887,9.055385138137417,9.0,9.055385138137417,9.055385138137417,9.055385138137417,9.219544457292887,8.54400374531753,8.94427190999916,8.94427190999916,9.848857801796104,9.486832980505138,9.219544457292887,8.246211251235321,8.246211251235321,0.0,0.0,0.0,0.0,0.0,0.0,0.0,0.0,0.0,0.0,0.0,8.0,7.0,6.082762530298219,5.385164807134504,5.385164807134504,5.0,5.656854249492381,5.656854249492381,6.4031242374328485,6.4031242374328485,7.211102550927978,7.615773105863909,8.54400374531753,8.54400374531753,9.219544457292887,10.198039027185569,11.180339887498949,12.165525060596439,13.152946437965905,14.035668847618199,15.033296378372908,16.0312195418814,17.029386365926403,18.110770276274835,19.1049731745428,20.09975124224178
1787403773.8903375,-70,0.0,22.47220505424423,22.47220505424423,22.135943621178654,22.135943621178654,20.8806130178211,19.6468827043885,18.24828759089466,17.26267650163207,15.297058540778355,13.341664064126334,12.36931687685298,11.40175425099138,10.770329614269007,10.770329614269007,9.848857801796104,9.433981132056603,9.433981132056603,9.219544457292887,8.48528137423857,8.48528137423857,9.219544457292887,9.219544457292887,8.48528137423857,8.48528137423857,9.219544457292887,8.48528137423857,0.0,0.0,0.0,0.0,0.0,0.0,0.0,0.0,0.0,0.0,0.0,5.385164807134504,4.47213595499958,3.1622776601683795,2.23606797749979,2.23606797749979,3.0,4.123105625617661,5.0990195135927845,6.082762530298219,6.082762530298219,7.280109889280518,7.280109889280518,8.54400374531753,9.486832980505138,10.770329614269007,12.083045973594572,13.0,13.0,14.317821063276353,15.231546211727817,16.55294535724685,17.46424919657298,18.788294228055936,19.697715603592208,20.12461179749811,19.697715603592208
1787403773.8903375,-70,0.0,21.37755832643195,21.37755832643195,20.396078054371138,20.615528128088304,19.924858845171276,18.973665961010276,18.384776310850235,16.15549442140351,13.92838827718412,13.0,11.704699910719626,10.44030650891055,9.219544457292887,9.219544457292887,9.219544457292887,8.06225774829855,8.0,8.0,8.06225774829855,8.246211251235321,8.54400374531753,8.246211251235321,8.06225774829855,8.0,8.0,7.0,0.0,0.0,0.0,0.0,0.0,0.0,0.0,0.0,0.0,0.0,0.0,5.0990195135927845,4.123105625617661,3.0,3.1622776601683795,2.8284271247461903,2.23606797749979,3.1622776601683795,4.123105625617661,4.123105625617661,5.0990195135927845,6.082762530298219,7.0710678118654755,7.0710678118654755,8.06225774829855,9.055385138137417,10.0,11.0,12.0,13.0,14.035668847618199,15.033296378372908,15.033296378372908,16.0312195418814,18.110770276274835,19.1049731745428,19.026297590440446
1787403774.607781,-87,0.0,8.06225774829855,8.06225774829855,8.94427190999916,9.486832980505138,9.486832980505138,9.848857801796104,9.486832980505138,8.54400374531753,7.615773105863909,6.324555320336759,6.324555320336759,4.47213595499958,3.605551275463989,2.8284271247461903,3.1622776601683795,3.1622776601683795,3.1622776601683795,3.605551275463989,4.47213595499958,3.605551275463989,4.47213595499958,5.830951894845301,7.211102550927978,7.810249675906654,9.219544457292887,11.40175425099138,0.0,0.0,0.0,0.0,0.0,0.0,0.0,0.0,0.0,0.0,0.0,15.811388300841896,15.811388300841896,16.15549442140351,15.524174696260024,14.560219778561036,12.649110640673518,11.704699910719626,9.486832980505138,7.211102550927978,5.385164807134504,6.0,6.324555320336759,10.295630140987,10.295630140987,11.40175425099138,12.806248474865697,14.212670403551895,12.727922061357855,12.041594578792296,9.848857801796104,9.486832980505138,8.06225774829855,8.0,7.0710678118654755,6.324555320336759,5.0
1787403774.6336346,-69,0.0,27.730849247724095,28.231188426986208,26.570660511172846,23.08679276123039,18.439088914585774,14.035668847618199,8.246211251235321,5.830951894845301,7.280109889280518,9.433981132056603,12.041594578792296,13.45362404707371,14.212670403551895,15.811388300841896,16.64331697709324,17.0,16.55294535724685,14.866068747318506,12.36931687685298,11.180339887498949,9.055385138137417,6.082762530298219,3.0,1.4142135623730951,3.1622776601683795,5.385164807134504,0.0,0.0,0.0,0.0,0.0,0.0,0.0,0.0,0.0,0.0,0.0,2.8284271247461903,2.23606797749979,3.1622776601683795,5.385164807134504,7.280109889280518,8.54400374531753,9.433981132056603,12.041594578792296,13.45362404707371,15.556349186104045,16.278820596099706,15.0,14.422205101855956,14.317821063276353,13.341664064126334,13.152946437965905,12.041594578792296,10.0,8.0,5.0,2.23606797749979,3.605551275463989,8.06225774829855,13.416407864998739,17.88854381999832,21.02379604162864
1787403775.47165,-80,0.0,8.06225774829855,8.246211251235321,10.198039027185569,11.704699910719626,13.0,13.92838827718412,13.601470508735444,12.165525060596439,12.041594578792296,11.0,8.06225774829855,5.0990195135927845,4.0,2.0,1.0,2.23606797749979,2.0,0.0,3.1622776601683795,6.082762530298219,9.219544457292887,13.601470508735444,15.811388300841896,18.027756377319946,18.027756377319946,18.027756377319946,0.0,0.0,0.0,0.0,0.0,0.0,0.0,0.0,0.0,0.0,0.0,3.1622776601683795,3.1622776601683795,5.0990195135927845,7.280109889280518,9.486832980505138,12.649110640673518,13.601470508735444,13.341664064126334,12.36931687685298,10.198039027185569,9.0,8.246211251235321,8.54400374531753,8.06225774829855,8.602325267042627,11.40175425099138,15.0,18.601075237738275,20.0,21.95449840010015,22.847319317591726,23.40939982143925,23.40939982143925,22.47220505424423,19.697715603592208,18.788294228055936
1787403775.5494163,-73,0.0,27.586228448267445,26.1725046566048,24.08318915758459,20.808652046684813,17.0,13.341664064126334,11.045361017187261,9.433981132056603,10.0,13.0,14.866068747318506,16.15549442140351,17.46424919657298,17.88854381999832,17.4928556845359,15.811388300841896,14.866068747318506,13.45362404707371,11.661903789690601,9.486832980505138,8.06225774829855,5.0990195135927845,4.242640687119285,4.0,5.385164807134504,6.4031242374328485,0.0,0.0,0.0,0.0,0.0,0.0,0.0,0.0,0.0,0.0,0.0,2.8284271247461903,3.1622776601683795,5.0990195135927845,6.324555320336759,7.280109889280518,8.06225774829855,10.198039027185569,11.704699910719626,12.529964086141668,13.601470508735444,14.212670403551895,15.556349186104045,15.811388300841896,14.317821063276353,14.866068747318506,13.341664064126334,12.165525060596439,10.198039027185569,8.246211251235321,5.830951894845301,4.47213595499958,6.324555320336759,10.816653826391969,15.620499351813308,19.849433241279208,21.93171219946131
1787403775.5654302,-80,0.0,12.36931687685298,10.04987562112089,10.0,8.48528137423857,9.219544457292887,10.63014581273465,11.313708498984761,9.899494936611665,7.810249675906654,7.211102550927978,5.385164807134504,5.0,5.0990195135927845,4.242640687119285,5.0990195135927845,4.47213595499958,4.0,4.47213595499958,6.324555320336759,9.055385138137417,11.0,12.165525060596439,13.0,14.317821063276353,15.231546211727817,15.652475842498529,0.0,0.0,0.0,0.0,0.0,0.0,0.0,0.0,0.0,0.0,0.0,5.0990195135927845,5.830951894845301,9.899494936611665,13.45362404707371,13.45362404707371,12.806248474865697,14.212670403551895,16.278820596099706,18.439088914585774,16.401219466856727,13.601470508735444,11.313708498984761,10.770329614269007,12.165525060596439,12.165525060596439,13.152946437965905,15.132745950421556,18.24828759089466,20.615528128088304,21.587033144922902,22.47220505424423,22.360679774997898,20.591260281974,19.72308292331602,19.72308292331602,18.601075237738275
1787403775.980551,-35,0.0,14.035668847618199,14.317821063276353,14.142135623730951,14.142135623730951,14.142135623730951,14.035668847618199,14.035668847618199,14.0,14.0,15.0,14.035668847618199,15.033296378372908,15.033296378372908,15.132745950421556,15.132745950421556,15.132745950421556,16.1245154965971,15.132745950421556,16.1245154965971,16.1245154965971,16.0312195418814,16.0312195418814,16.0,14.035668847618199,14.142135623730951,14.317821063276353,0.0,0.0,0.0,0.0,0.0,0.0,0.0,0.0,0.0,0.0,0.0,11.704699910719626,12.083045973594572,13.416407864998739,13.892443989449804,13.892443989449804,13.892443989449804,14.422205101855956,14.422205101855956,14.422205101855956,14.422205101855956,14.422205101855956,13.601470508735444,14.212670403551895,13.601470508735444,13.892443989449804,13.892443989449804,13.416407864998739,13.416407864998739,13.416407864998739,13.0,13.92838827718412,13.92838827718412,13.601470508735444,13.601470508735444,13.92838827718412,13.601470508735444
1787403776.4146595,-73,0.0,29.5296461204668,28.30194339616981,25.80697580112788,22.67156809750927,18.439088914585774,13.892443989449804,9.055385138137417,7.211102550927978,8.94427190999916,10.770329614269007,12.36931687685298,13.601470508735444,14.866068747318506,15.652475842498529,16.1245154965971,16.64331697709324,16.401219466856727,15.620499351813308,13.45362404707371,12.041594578792296,9.219544457292887,6.4031242374328485,3.1622776601683795,2.23606797749979,5.0990195135927845,6.708203932499369,0.0,0.0,0.0,0.0,0.0,0.0,0.0,0.0,0.0,0.0,0.0,1.4142135623730951,2.8284271247461903,4.47213595499958,5.385164807134504,7.615773105863909,8.602325267042627,9.899494936611665,11.40175425099138,12.206555615733702,12.529964086141668,11.704699910719626,12.36931687685298,12.041594578792296,12.165525060596439,12.083045973594572,12.206555615733702,11.40175425099138,10.0,7.211102550927978,3.605551275463989,1.4142135623730951,5.385164807134504,10.295630140987,14.7648230602334,19.235384061671343,22.360679774997898
1787403776.7606013,-79,0.0,4.47213595499958,4.47213595499958,6.0,8.06225774829855,10.198039027185569,11.40175425099138,12.36931687685298,10.198039027185569,6.082762530298219,4.123105625617661,4.47213595499958,6.324555320336759,7.0710678118654755,7.0,6.0,5.0990195135927845,3.0,3.1622776601683795,6.082762530298219,9.219544457292887,13.601470508735444,17.88854381999832,18.867962264113206,20.0,20.0,19.209372712298546,0.0,0.0,0.0,0.0,0.0,0.0,0.0,0.0,0.0,0.0,0.0,7.211102550927978,8.54400374531753,10.0,11.40175425099138,12.083045973594572,12.206555615733702,13.038404810405298,14.317821063276353,13.0,11.704699910719626,11.40175425099138,11.180339887498949,12.041594578792296,13.0,14.035668847618199,17.11724276862369,20.615528128088304,23.40939982143925,25.632011235952593,25.632011235952593,27.202941017470888,26.68332812825267,25.317977802344327,23.194827009486403,19.1049731745428,16.0
1787403776.7606013,-70,0.0,28.635642126552707,27.730849247724095,25.553864678361276,22.20360331117452,17.69180601295413,13.892443989449804,11.180339887498949,9.486832980505138,10.63014581273465,12.806248474865697,13.601470508735444,15.264337522473747,15.811388300841896,16.401219466856727,16.278820596099706,15.556349186104045,14.212670403551895,13.038404810405298,10.770329614269007,8.246211251235321,5.0990195135927845,3.0,2.0,3.605551275463989,5.656854249492381,7.0710678118654755,0.0,0.0,0.0,0.0,0.0,0.0,0.0,0.0,0.0,0.0,0.0,2.23606797749979,1.0,3.605551275463989,5.830951894845301,7.810249675906654,9.219544457292887,11.661903789690601,13.892443989449804,15.231546211727817,17.08800749063506,17.72004514666935,18.24828759089466,18.0,17.11724276862369,16.76305461424021,16.55294535724685,15.652475842498529,13.416407864998739,11.180339887498949,7.615773105863909,4.0,4.47213595499958,8.06225774829855,14.560219778561036,18.973665961010276,21.840329667841555
1787403776.8564744,-71,0.0,21.840329667841555,22.561028345356956,22.561028345356956,20.396078054371138,20.024984394500787,20.0,18.0,16.0,13.038404810405298,12.041594578792296,11.0,10.04987562112089,9.055385138137417,9.055385138137417,10.0,10.0,9.055385138137417,8.06225774829855,8.06225774829855,8.06225774829855,8.246211251235321,8.06225774829855,7.0710678118654755,6.082762530298219,5.0990195135927845,5.385164807134504,0.0,0.0,0.0,0.0,0.0,0.0,0.0,0.0,0.0,0.0,0.0,9.899494936611665,9.219544457292887,8.48528137423857,7.810249675906654,8.06225774829855,7.615773105863909,7.280109889280518,7.280109889280518,8.246211251235321,7.280109889280518,6.082762530298219,6.082762530298219,7.0710678118654755,8.0,10.04987562112089,10.44030650891055,10.44030650891055,10.198039027185569,11.40175425099138,12.649110640673518,13.0,13.92838827718412,15.231546211727817,18.027756377319946,19.924858845171276,21.540659228538015
1787403776.8722296,-70,0.0,26.476404589747453,25.317977802344327,23.194827009486403,20.0,16.1245154965971,10.770329614269007,7.810249675906654,7.0,8.54400374531753,10.0,11.40175425099138,12.806248474865697,15.0,16.401219466856727,15.811388300841896,14.422205101855956,13.892443989449804,12.083045973594572,10.44030650891055,8.06225774829855,6.0,3.1622776601683795,2.23606797749979,4.47213595499958,5.656854249492381,6.4031242374328485,0.0,0.0,0.0,0.0,0.0,0.0,0.0,0.0,0.0,0.0,0.0,0.0,2.0,5.0990195135927845,7.280109889280518,8.54400374531753,11.180339887498949,13.038404810405298,13.601470508735444,15.0,16.278820596099706,16.97056274847714,16.401219466856727,16.1245154965971,16.15549442140351,15.524174696260024,16.1245154965971,15.033296378372908,13.038404810405298,10.04987562112089,6.082762530298219,2.8284271247461903,3.605551275463989,8.602325267042627,13.892443989449804,18.384776310850235,21.540659228538015
1787403777.269588,-79,0.0,9.219544457292887,10.816653826391969,12.529964086141668,12.36931687685298,13.601470508735444,14.866068747318506,13.92838827718412,11.661903789690601,8.48528137423857,8.54400374531753,9.0,8.54400374531753,7.810249675906654,6.4031242374328485,6.708203932499369,7.615773105863909,6.708203932499369,5.656854249492381,3.1622776601683795,5.0,8.94427190999916,12.649110640673518,15.297058540778355,17.11724276862369,18.110770276274835,18.110770276274835,0.0,0.0,0.0,0.0,0.0,0.0,0.0,0.0,0.0,0.0,0.0,7.615773105863909,7.211102550927978,8.06225774829855,10.770329614269007,12.649110640673518,14.560219778561036,15.297058540778355,15.524174696260024,13.601470508735444,12.529964086141668,11.661903789690601,13.416407864998739,15.0,15.620499351813308,14.7648230602334,15.652475842498529,18.35755975068582,21.95449840010015,24.698178070456937,28.0178514522438,28.42534080710379,27.586228448267445,26.870057685088806,23.345235059857504,18.439088914585774,14.866068747318506
1787403777.4532282,-71,0.0,29.154759474226502,28.231188426986208,26.832815729997478,23.323807579381203,20.0,16.278820596099706,11.180339887498949,9.0,8.94427190999916,9.899494936611665,11.40175425099138,12.041594578792296,13.45362404707371,14.212670403551895,15.0,14.7648230602334,15.231546211727817,14.560219778561036,13.341664064126334,11.180339887498949,8.06225774829855,5.0990195135927845,2.0,1.4142135623730951,3.1622776601683795,4.0,0.0,0.0,0.0,0.0,0.0,0.0,0.0,0.0,0.0,0.0,0.0,3.605551275463989,1.4142135623730951,2.23606797749979,4.123105625617661,5.0,7.0710678118654755,8.54400374531753,9.848857801796104,11.661903789690601,12.041594578792296,12.041594578792296,11.661903789690601,11.704699910719626,12.041594578792296,12.165525060596439,12.649110640673518,12.083045973594572,10.295630140987,9.433981132056603,6.708203932499369,4.123105625617661,3.605551275463989,8.06225774829855,12.649110640673518,17.08800749063506,20.248456731316587
1787403777.9709475,-70,0.0,22.20360331117452,21.213203435596427,21.213203435596427,21.095023109728988,20.024984394500787,19.0,18.0,16.0,15.0,14.035668847618199,13.038404810405298,12.041594578792296,12.165525060596439,12.165525060596439,12.165525060596439,12.165525060596439,12.165525060596439,11.180339887498949,10.44030650891055,11.40175425099138,11.40175425099138,11.180339887498949,10.0,9.055385138137417,8.0,7.0,0.0,0.0,0.0,0.0,0.0,0.0,0.0,0.0,0.0,0.0,0.0,7.211102550927978,6.4031242374328485,5.830951894845301,6.4031242374328485,5.656854249492381,5.830951894845301,6.708203932499369,6.708203932499369,6.708203932499369,6.708203932499369,6.708203932499369,6.708203932499369,7.615773105863909,7.280109889280518,7.0710678118654755,8.0,9.055385138137417,9.219544457292887,10.198039027185569,11.40175425099138,12.36931687685298,14.560219778561036,15.524174696260024,17.46424919657298,18.439088914585774,19.4164878389476
1787403778.1165516,-80,0.0,4.0,5.385164807134504,8.06225774829855,9.055385138137417,10.198039027185569,11.40175425099138,10.198039027185569,10.04987562112089,9.848857801796104,10.63014581273465,12.206555615733702,12.529964086141668,11.40175425099138,11.0,10.0,10.198039027185569,8.94427190999916,7.0710678118654755,7.211102550927978,10.44030650891055,14.035668847618199,16.278820596099706,16.76305461424021,18.027756377319946,19.924858845171276,20.8806130178211,0.0,0.0,0.0,0.0,0.0,0.0,0.0,0.0,0.0,0.0,0.0,3.0,5.830951894845301,8.54400374531753,7.0710678118654755,7.280109889280518,10.295630140987,12.806248474865697,15.0,15.264337522473747,13.416407864998739,10.770329614269007,10.198039027185569,11.045361017187261,11.045361017187261,10.04987562112089,12.165525060596439,13.601470508735444,14.866068747318506,16.278820596099706,19.026297590440446,20.0,19.1049731745428,20.396078054371138,20.615528128088304,19.6468827043885,17.26267650163207
1787403778.1165516,-80,0.0,7.0710678118654755,5.0990195135927845,5.656854249492381,7.615773105863909,9.219544457292887,10.44030650891055,10.295630140987,9.433981132056603,8.48528137423857,8.94427190999916,10.04987562112089,10.04987562112089,9.486832980505138,8.54400374531753,7.615773105863909,7.615773105863909,6.082762530298219,5.385164807134504,7.810249675906654,10.0,13.416407864998739,14.866068747318506,16.76305461424021,18.681541692269406,18.24828759089466,18.110770276274835,0.0,0.0,0.0,0.0,0.0,0.0,0.0,0.0,0.0,0.0,0.0,5.0990195135927845,4.123105625617661,4.242640687119285,6.708203932499369,9.486832980505138,12.165525060596439,13.341664064126334,14.560219778561036,13.341664064126334,11.40175425099138,9.848857801796104,9.433981132056603,9.219544457292887,9.219544457292887,9.433981132056603,10.295630140987,12.083045973594572,14.7648230602334,16.1245154965971,17.204650534085253,19.1049731745428,19.1049731745428,19.849433241279208,20.518284528683193,18.439088914585774,14.866068747318506
1787403778.1307218,-78,0.0,7.280109889280518,4.123105625617661,3.1622776601683795,7.211102550927978,8.54400374531753,9.219544457292887,9.219544457292887,8.0,7.0710678118654755,8.246211251235321,9.433981132056603,10.63014581273465,12.727922061357855,11.40175425099138,10.295630140987,9.433981132056603,8.602325267042627,7.0710678118654755,8.06225774829855,11.704699910719626,15.231546211727817,17.0,17.204650534085253,17.804493814764857,19.849433241279208,21.2602916254693,0.0,0.0,0.0,0.0,0.0,0.0,0.0,0.0,0.0,0.0,0.0,7.0,6.082762530298219,5.385164807134504,7.0,10.04987562112089,12.649110640673518,14.317821063276353,14.866068747318506,15.524174696260024,15.0,15.033296378372908,12.165525060596439,9.486832980505138,9.848857801796104,9.848857801796104,11.180339887498949,12.529964086141668,14.7648230602334,16.55294535724685,16.15549442140351,17.08800749063506,19.4164878389476,20.09975124224178,20.09975124224178,19.1049731745428,17.11724276862369
1787403778.2267032,-69,0.0,26.1725046566048,26.1725046566048,24.041630560342615,20.615528128088304,16.64331697709324,12.083045973594572,8.06225774829855,5.830951894845301,6.708203932499369,8.06225774829855,10.04987562112089,12.041594578792296,13.038404810405298,14.142135623730951,14.142135623730951,14.317821063276353,13.341664064126334,11.704699910719626,9.848857801796104,8.06225774829855,5.830951894845301,3.1622776601683795,1.0,2.8284271247461903,5.0,6.708203932499369,0.0,0.0,0.0,0.0,0.0,0.0,0.0,0.0,0.0,0.0,0.0,3.0,1.0,2.23606797749979,5.0990195135927845,5.0990195135927845,6.324555320336759,8.54400374531753,10.295630140987,12.206555615733702,14.142135623730951,15.620499351813308,15.811388300841896,14.7648230602334,14.560219778561036,15.297058540778355,14.142135623730951,13.038404810405298,10.04987562112089,8.06225774829855,5.385164807134504,3.605551275463989,5.0990195135927845,8.602325267042627,14.212670403551895,18.439088914585774,20.615528128088304
1787403778.2428298,-69,0.0,29.966648127543394,29.5296461204668,26.92582403567252,23.853720883753127,19.209372712298546,14.866068747318506,9.848857801796104,7.0,7.211102550927978,9.433981132056603,11.661903789690601,13.892443989449804,16.1245154965971,16.64331697709324,16.64331697709324,16.401219466856727,14.866068747318506,14.142135623730951,11.40175425099138,9.433981132056603,6.708203932499369,4.123105625617661,1.4142135623730951,2.23606797749979,4.242640687119285,5.656854249492381,0.0,0.0,0.0,0.0,0.0,0.0,0.0,0.0,0.0,0.0,0.0,4.47213595499958,2.23606797749979,2.23606797749979,4.0,5.385164807134504,7.211102550927978,10.0,10.63014581273465,10.816653826391969,12.529964086141668,14.7648230602334,16.15549442140351,16.278820596099706,16.0312195418814,15.0,13.038404810405298,11.180339887498949,9.219544457292887,7.280109889280518,4.0,3.1622776601683795,6.082762530298219,10.770329614269007,15.231546211727817,19.697715603592208,23.259406699226016
1787403778.2605634,-69,0.0,30.528675044947494,29.68164415931166,28.0178514522438,24.20743687382041,19.1049731745428,13.601470508735444,9.486832980505138,6.324555320336759,6.4031242374328485,8.54400374531753,11.40175425099138,12.649110640673518,14.866068747318506,16.15549442140351,16.55294535724685,15.652475842498529,14.422205101855956,13.601470508735444,12.041594578792296,9.899494936611665,7.0710678118654755,3.605551275463989,0.0,3.605551275463989,5.656854249492381,7.0710678118654755,0.0,0.0,0.0,0.0,0.0,0.0,0.0,0.0,0.0,0.0,0.0,3.605551275463989,2.23606797749979,1.4142135623730951,3.0,5.830951894845301,8.602325267042627,10.63014581273465,12.727922061357855,13.45362404707371,14.212670403551895,16.64331697709324,17.0,16.492422502470642,16.1245154965971,16.0312195418814,15.033296378372908,14.0,11.045361017187261,9.055385138137417,6.082762530298219,4.242640687119285,5.0,9.486832980505138,14.7648230602334,19.72308292331602,23.323807579381203
1787403778.2747102,-69,0.0,31.064449134018133,30.23243291566195,28.600699292150182,24.839484696748443,19.79898987322333,14.212670403551895,8.94427190999916,6.082762530298219,7.0710678118654755,8.94427190999916,11.704699910719626,13.0,15.231546211727817,16.15549442140351,16.55294535724685,16.1245154965971,15.811388300841896,13.45362404707371,12.041594578792296,9.899494936611665,7.0710678118654755,3.605551275463989,0.0,3.605551275463989,5.656854249492381,7.211102550927978,0.0,0.0,0.0,0.0,0.0,0.0,0.0,0.0,0.0,0.0,0.0,3.1622776601683795,1.4142135623730951,2.23606797749979,3.1622776601683795,5.0,6.708203932499369,9.433981132056603,12.041594578792296,14.142135623730951,15.620499351813308,17.204650534085253,17.0,17.08800749063506,16.76305461424021,16.278820596099706,15.033296378372908,14.035668847618199,12.041594578792296,9.0,6.082762530298219,4.242640687119285,5.0,9.848857801796104,15.652475842498529,20.591260281974,23.853720883753127
1787403778.3864312,-70,0.0,23.323807579381203,23.323807579381203,23.706539182259394,22.360679774997898,21.93171219946131,20.615528128088304,18.973665961010276,18.027756377319946,16.76305461424021,14.866068747318506,13.92838827718412,13.0,13.416407864998739,12.529964086141668,12.529964086141668,11.180339887498949,10.816653826391969,10.0,9.219544457292887,9.899494936611665,10.63014581273465,10.63014581273465,10.0,9.433981132056603,8.06225774829855,7.211102550927978,0.0,0.0,0.0,0.0,0.0,0.0,0.0,0.0,0.0,0.0,0.0,6.708203932499369,6.708203932499369,6.708203932499369,6.324555320336759,6.082762530298219,6.0,7.0,8.0,8.0,8.06225774829855,8.06225774829855,8.06225774829855,8.246211251235321,8.54400374531753,8.94427190999916,10.295630140987,10.295630140987,10.816653826391969,12.206555615733702,12.806248474865697,14.212670403551895,15.620499351813308,18.439088914585774,19.209372712298546,21.400934559032695,21.400934559032695
1787403778.434529,-87,0.0,17.26267650163207,17.46424919657298,16.278820596099706,14.317821063276353,12.165525060596439,11.180339887498949,8.06225774829855,6.082762530298219,5.0990195135927845,4.47213595499958,3.605551275463989,3.1622776601683795,4.0,4.123105625617661,5.385164807134504,5.0990195135927845,7.0710678118654755,7.0,7.0710678118654755,7.615773105863909,8.94427190999916,9.219544457292887,9.899494936611665,10.816653826391969,11.180339887498949,11.704699910719626,0.0,0.0,0.0,0.0,0.0,0.0,0.0,0.0,0.0,0.0,0.0,25.709920264364882,25.96150997149434,25.298221281347036,22.47220505424423,21.18962010041709,17.72004514666935,15.132745950421556,12.165525060596439,11.661903789690601,11.40175425099138,13.601470508735444,16.1245154965971,18.027756377319946,19.0,18.110770276274835,17.46424919657298,17.08800749063506,16.1245154965971,14.212670403551895,14.212670403551895,13.038404810405298,12.649110640673518,12.165525060596439,12.0,11.180339887498949,10.770329614269007
1787403778.482197,-70,0.0,22.0,22.0,22.02271554554524,21.02379604162864,20.09975124224178,19.235384061671343,18.24828759089466,16.278820596099706,15.297058540778355,13.152946437965905,12.165525060596439,12.041594578792296,11.0,11.0,11.0,10.0,10.0,9.055385138137417,9.055385138137417,9.219544457292887,9.219544457292887,9.055385138137417,9.0,8.0,8.0,7.0710678118654755,0.0,0.0,0.0,0.0,0.0,0.0,0.0,0.0,0.0,0.0,0.0,6.708203932499369,5.830951894845301,5.0,5.0,5.0,5.385164807134504,5.385164807134504,5.385164807134504,6.324555320336759,6.708203932499369,7.280109889280518,8.246211251235321,8.246211251235321,8.06225774829855,9.055385138137417,9.0,10.0,11.0,12.041594578792296,13.038404810405298,13.152946437965905,15.297058540778355,17.26267650163207,18.110770276274835,20.09975124224178,20.09975124224178
1787403778.5031734,-70,0.0,21.840329667841555,21.18962010041709,20.248456731316587,20.615528128088304,21.02379604162864,20.591260281974,18.867962264113206,17.204650534085253,15.811388300841896,13.892443989449804,12.529964086141668,11.180339887498949,11.180339887498949,11.180339887498949,9.848857801796104,8.94427190999916,9.486832980505138,10.198039027185569,9.219544457292887,9.219544457292887,9.219544457292887,9.486832980505138,8.54400374531753,8.54400374531753,8.246211251235321,8.246211251235321,0.0,0.0,0.0,0.0,0.0,0.0,0.0,0.0,0.0,0.0,0.0,6.708203932499369,6.708203932499369,6.708203932499369,6.4031242374328485,6.4031242374328485,6.4031242374328485,7.211102550927978,7.211102550927978,7.211102550927978,7.810249675906654,8.602325267042627,8.06225774829855,8.54400374531753,9.848857801796104,10.770329614269007,10.44030650891055,10.198039027185569,11.180339887498949,12.36931687685298,13.152946437965905,14.142135623730951,15.033296378372908,16.1245154965971,18.24828759089466,20.396078054371138,20.396078054371138
1787403778.5031734,-70,0.0,23.323807579381203,23.323807579381203,21.633307652783937,21.400934559032695,20.615528128088304,19.849433241279208,17.69180601295413,16.278820596099706,16.278820596099706,15.620499351813308,12.806248474865697,12.206555615733702,12.806248474865697,12.806248474865697,11.40175425099138,10.63014581273465,8.602325267042627,8.06225774829855,8.94427190999916,9.848857801796104,9.848857801796104,8.94427190999916,8.94427190999916,9.433981132056603,8.602325267042627,7.810249675906654,0.0,0.0,0.0,0.0,0.0,0.0,0.0,0.0,0.0,0.0,0.0,9.0,8.06225774829855,7.280109889280518,7.615773105863909,6.708203932499369,5.830951894845301,6.4031242374328485,7.810249675906654,7.810249675906654,7.810249675906654,7.810249675906654,8.48528137423857,9.219544457292887,9.219544457292887,9.219544457292887,10.0,10.295630140987,11.180339887498949,12.083045973594572,13.0,13.92838827718412,15.811388300841896,18.027756377319946,19.313207915827967,20.248456731316587,20.248456731316587
1787403778.7032,-69,0.0,23.021728866442675,23.0,22.0,21.0,21.02379604162864,20.024984394500787,18.110770276274835,16.0312195418814,16.0312195418814,15.033296378372908,14.0,14.0,13.038404810405298,13.038404810405298,12.041594578792296,12.041594578792296,12.041594578792296,11.180339887498949,11.40175425099138,12.36931687685298,12.36931687685298,12.165525060596439,12.041594578792296,11.045361017187261,11.0,10.0,0.0,0.0,0.0,0.0,0.0,0.0,0.0,0.0,0.0,0.0,0.0,7.810249675906654,7.211102550927978,7.211102550927978,6.708203932499369,6.708203932499369,7.280109889280518,7.280109889280518,7.280109889280518,7.280109889280518,8.246211251235321,9.219544457292887,9.219544457292887,9.219544457292887,9.219544457292887,10.04987562112089,10.0,11.0,12.041594578792296,12.165525060596439,13.341664064126334,15.524174696260024,16.76305461424021,18.439088914585774,19.4164878389476,20.223748416156685,21.213203435596427
1787403778.803164,-69,0.0,21.37755832643195,21.37755832643195,21.37755832643195,20.396078054371138,20.615528128088304,18.681541692269406,17.72004514666935,15.811388300841896,14.866068747318506,13.341664064126334,13.341664064126334,12.165525060596439,12.165525060596439,12.165525060596439,12.041594578792296,11.045361017187261,11.045361017187261,11.0,10.0,11.0,12.0,12.0,11.045361017187261,10.04987562112089,9.055385138137417,9.055385138137417,0.0,0.0,0.0,0.0,0.0,0.0,0.0,0.0,0.0,0.0,0.0,7.211102550927978,6.4031242374328485,6.4031242374328485,6.4031242374328485,6.4031242374328485,7.211102550927978,7.211102550927978,7.211102550927978,7.810249675906654,8.602325267042627,8.06225774829855,8.94427190999916,8.06225774829855,7.615773105863909,8.54400374531753,8.246211251235321,9.219544457292887,10.0,11.0,12.041594578792296,14.0,15.0,17.0,18.0,19.026297590440446,20.09975124224178
1787403778.896462,-69,0.0,22.80350850198276,22.561028345356956,22.360679774997898,22.20360331117452,21.095023109728988,20.024984394500787,19.026297590440446,17.029386365926403,16.0312195418814,15.033296378372908,14.142135623730951,14.317821063276353,13.341664064126334,13.341664064126334,12.36931687685298,12.36931687685298,12.36931687685298,11.40175425099138,11.704699910719626,11.40175425099138,11.40175425099138,11.40175425099138,10.198039027185569,9.219544457292887,9.219544457292887,8.246211251235321,0.0,0.0,0.0,0.0,0.0,0.0,0.0,0.0,0.0,0.0,0.0,7.810249675906654,7.211102550927978,6.708203932499369,6.708203932499369,6.708203932499369,6.708203932499369,7.280109889280518,8.246211251235321,8.246211251235321,8.06225774829855,9.219544457292887,9.219544457292887,9.055385138137417,9.0,10.0,11.045361017187261,11.180339887498949,11.180339887498949,11.40175425099138,12.649110640673518,13.92838827718412,15.231546211727817,16.15549442140351,18.384776310850235,20.615528128088304,21.18962010041709
1787403779.103769,-70,0.0,21.37755832643195,21.587033144922902,21.587033144922902,20.8806130178211,20.248456731316587,19.313207915827967,18.788294228055936,17.46424919657298,15.652475842498529,14.317821063276353,13.0,12.649110640673518,12.649110640673518,11.40175425099138,11.40175425099138,10.198039027185569,10.198039027185569,10.198039027185569,9.219544457292887,10.04987562112089,10.04987562112089,10.198039027185569,9.219544457292887,9.219544457292887,8.246211251235321,7.280109889280518,0.0,0.0,0.0,0.0,0.0,0.0,0.0,0.0,0.0,0.0,0.0,8.602325267042627,8.602325267042627,7.810249675906654,8.48528137423857,8.48528137423857,8.48528137423857,8.602325267042627,8.602325267042627,9.433981132056603,9.433981132056603,9.433981132056603,9.433981132056603,9.848857801796104,9.848857801796104,10.770329614269007,10.44030650891055,11.40175425099138,12.36931687685298,12.36931687685298,13.152946437965905,14.142135623730951,15.033296378372908,16.1245154965971,18.110770276274835,19.1049731745428,20.024984394500787
1787403779.2154317,-70,0.0,22.090722034374522,22.02271554554524,22.0,22.02271554554524,22.02271554554524,21.095023109728988,19.235384061671343,17.11724276862369,16.1245154965971,14.142135623730951,14.142135623730951,13.038404810405298,13.038404810405298,13.038404810405298,12.041594578792296,11.045361017187261,11.0,10.0,10.04987562112089,10.04987562112089,10.04987562112089,10.0,9.0,8.0,8.0,7.0,0.0,0.0,0.0,0.0,0.0,0.0,0.0,0.0,0.0,0.0,0.0,9.433981132056603,8.602325267042627,8.48528137423857,8.48528137423857,8.48528137423857,7.810249675906654,8.06225774829855,8.06225774829855,8.06225774829855,8.06225774829855,8.06225774829855,8.06225774829855,8.54400374531753,8.246211251235321,9.055385138137417,10.04987562112089,10.0,11.0,12.041594578792296,13.038404810405298,14.142135623730951,15.297058540778355,16.278820596099706,17.26267650163207,19.1049731745428,20.223748416156685
1787403779.2154317,-72,0.0,31.144823004794873,29.0,26.870057685088806,23.345235059857504,18.601075237738275,13.416407864998739,8.06225774829855,5.830951894845301,6.324555320336759,8.0,10.198039027185569,12.165525060596439,14.142135623730951,16.1245154965971,16.1245154965971,15.033296378372908,15.0,14.035668847618199,12.041594578792296,9.219544457292887,7.615773105863909,3.605551275463989,1.0,3.1622776601683795,6.0,7.0,0.0,0.0,0.0,0.0,0.0,0.0,0.0,0.0,0.0,0.0,0.0,1.0,1.0,3.605551275463989,5.0,7.0710678118654755,9.433981132056603,11.704699910719626,13.601470508735444,15.524174696260024,16.492422502470642,17.26267650163207,17.11724276862369,16.0,16.0312195418814,15.132745950421556,13.601470508735444,12.649110640673518,9.848857801796104,7.615773105863909,4.0,2.23606797749979,5.830951894845301,12.206555615733702,17.804493814764857,22.02271554554524,24.839484696748443
1787403779.2423663,-80,0.0,7.615773105863909,9.219544457292887,9.0,10.0,11.045361017187261,13.152946437965905,13.038404810405298,11.180339887498949,10.295630140987,10.0,10.63014581273465,8.48528137423857,5.830951894845301,5.0990195135927845,6.0,5.0990195135927845,2.0,2.8284271247461903,5.385164807134504,8.06225774829855,11.0,15.033296378372908,17.26267650163207,17.72004514666935,17.72004514666935,18.027756377319946,0.0,0.0,0.0,0.0,0.0,0.0,0.0,0.0,0.0,0.0,0.0,6.4031242374328485,4.47213595499958,4.123105625617661,6.708203932499369,10.295630140987,13.92838827718412,14.560219778561036,14.317821063276353,13.152946437965905,11.045361017187261,8.0,7.0,7.280109889280518,8.94427190999916,10.770329614269007,13.0,15.231546211727817,15.231546211727817,15.811388300841896,19.4164878389476,22.090722034374522,23.0,22.0,21.0,19.026297590440446,16.1245154965971
1787403779.3110037,-70,0.0,21.840329667841555,22.80350850198276,22.561028345356956,21.37755832643195,20.223748416156685,20.223748416156685,19.1049731745428,18.110770276274835,16.0312195418814,15.033296378372908,14.142135623730951,13.152946437965905,12.36931687685298,12.36931687685298,12.36931687685298,11.40175425099138,11.40175425099138,10.44030650891055,9.848857801796104,9.848857801796104,10.770329614269007,10.770329614269007,10.770329614269007,9.486832980505138,9.486832980505138,9.486832980505138,0.0,0.0,0.0,0.0,0.0,0.0,0.0,0.0,0.0,0.0,0.0,8.602325267042627,8.602325267042627,7.211102550927978,6.708203932499369,7.615773105863909,7.615773105863909,7.280109889280518,8.246211251235321,8.246211251235321,8.246211251235321,8.246211251235321,8.246211251235321,8.06225774829855,8.0,9.055385138137417,10.198039027185569,10.198039027185569,11.40175425099138,12.649110640673518,12.649110640673518,13.92838827718412,15.231546211727817,16.15549442140351,18.384776310850235,18.973665961010276,19.924858845171276
1787403779.3746724,-68,0.0,35.510561809129406,33.13608305156178,30.066592756745816,26.019223662515376,20.09975124224178,14.317821063276353,8.602325267042627,7.280109889280518,8.54400374531753,10.63014581273465,14.212670403551895,19.849433241279208,20.518284528683193,19.1049731745428,18.601075237738275,17.204650534085253,14.212670403551895,10.0,8.246211251235321,9.0,6.082762530298219,4.123105625617661,2.23606797749979,4.123105625617661,6.4031242374328485,7.211102550927978,0.0,0.0,0.0,0.0,0.0,0.0,0.0,0.0,0.0,0.0,0.0,4.123105625617661,1.0,2.0,4.0,5.0990195135927845,7.280109889280518,10.770329614269007,13.038404810405298,14.212670403551895,16.401219466856727,18.601075237738275,17.029386365926403,15.556349186104045,14.422205101855956,14.317821063276353,14.317821063276353,13.92838827718412,11.704699910719626,7.615773105863909,2.0,4.47213595499958,8.06225774829855,13.92838827718412,21.37755832643195,26.476404589747453,30.364452901377952
1787403779.3904722,-69,0.0,34.655446902326915,32.526911934581186,29.698484809834994,25.495097567963924,20.0,13.0,10.04987562112089,9.848857801796104,8.48528137423857,9.486832980505138,13.038404810405298,15.524174696260024,16.0312195418814,15.297058540778355,18.027756377319946,19.6468827043885,19.6468827043885,16.15549442140351,13.416407864998739,11.661903789690601,8.602325267042627,4.47213595499958,2.8284271247461903,3.0,5.830951894845301,9.433981132056603,0.0,0.0,0.0,0.0,0.0,0.0,0.0,0.0,0.0,0.0,0.0,3.1622776601683795,2.0,4.242640687119285,6.4031242374328485,8.48528137423857,10.63014581273465,12.206555615733702,13.892443989449804,15.652475842498529,17.46424919657298,19.313207915827967,18.973665961010276,17.46424919657298,16.0312195418814,16.0,15.132745950421556,13.152946437965905,11.180339887498949,8.06225774829855,5.0990195135927845,4.47213595499958,7.280109889280518,13.038404810405298,19.4164878389476,25.612496949731394,29.068883707497267
1787403779.5815418,-69,0.0,27.018512172212592,26.40075756488817,22.20360331117452,19.209372712298546,16.401219466856727,13.038404810405298,9.055385138137417,7.810249675906654,10.198039027185569,12.041594578792296,13.038404810405298,12.165525060596439,13.341664064126334,15.033296378372908,16.492422502470642,15.297058540778355,14.560219778561036,11.661903789690601,10.0,9.433981132056603,8.54400374531753,5.0990195135927845,2.0,1.4142135623730951,4.242640687119285,6.4031242374328485,0.0,0.0,0.0,0.0,0.0,0.0,0.0,0.0,0.0,0.0,0.0,3.1622776601683795,1.4142135623730951,1.4142135623730951,3.605551275463989,5.0,6.4031242374328485,8.48528137423857,10.63014581273465,12.206555615733702,13.038404810405298,13.892443989449804,14.317821063276353,14.560219778561036,14.142135623730951,13.0,12.041594578792296,11.180339887498949,9.219544457292887,7.0710678118654755,3.0,2.0,5.830951894845301,10.63014581273465,16.278820596099706,20.518284528683193,23.345235059857504
1787403779.7247589,-86,0.0,15.556349186104045,13.45362404707371,11.313708498984761,8.48528137423857,5.656854249492381,2.8284271247461903,1.0,1.0,3.1622776601683795,5.0,6.0,7.0,7.280109889280518,7.615773105863909,8.602325267042627,7.810249675906654,7.810249675906654,7.211102550927978,6.324555320336759,5.0990195135927845,5.385164807134504,5.656854249492381,6.324555320336759,7.0,8.06225774829855,8.54400374531753,0.0,0.0,0.0,0.0,0.0,0.0,0.0,0.0,0.0,0.0,0.0,21.213203435596427,20.396078054371138,18.439088914585774,18.027756377319946,17.46424919657298,17.88854381999832,17.4928556845359,19.4164878389476,19.209372712298546,19.849433241279208,17.69180601295413,17.029386365926403,14.866068747318506,12.727922061357855,11.180339887498949,11.180339887498949,11.045361017187261,12.649110640673518,13.416407864998739,13.892443989449804,15.811388300841896,16.278820596099706,16.97056274847714,15.620499351813308,15.811388300841896,14.7648230602334
1787403779.7436035,-87,0.0,13.152946437965905,12.165525060596439,10.04987562112089,8.0,6.0,4.123105625617661,3.1622776601683795,5.0990195135927845,6.082762530298219,6.708203932499369,7.615773105863909,7.615773105863909,7.280109889280518,7.0710678118654755,7.0710678118654755,7.615773105863909,6.4031242374328485,6.708203932499369,7.280109889280518,8.0,8.246211251235321,7.280109889280518,7.615773105863909,7.0710678118654755,6.4031242374328485,6.708203932499369,0.0,0.0,0.0,0.0,0.0,0.0,0.0,0.0,0.0,0.0,0.0,16.0,15.033296378372908,14.142135623730951,14.560219778561036,14.317821063276353,14.7648230602334,15.652475842498529,17.4928556845359,17.204650534085253,17.804493814764857,16.401219466856727,16.401219466856727,14.212670403551895,12.041594578792296,11.40175425099138,10.295630140987,10.04987562112089,10.04987562112089,11.40175425099138,11.180339887498949,12.206555615733702,12.806248474865697,14.142135623730951,15.0,15.264337522473747,16.55294535724685
1787403779.7436035,-88,0.0,8.48528137423857,7.0710678118654755,6.4031242374328485,4.242640687119285,1.4142135623730951,1.4142135623730951,2.8284271247461903,5.0,6.4031242374328485,7.211102550927978,8.54400374531753,9.486832980505138,8.246211251235321,8.06225774829855,8.06225774829855,7.615773105863909,7.211102550927978,7.810249675906654,6.708203932499369,6.082762530298219,6.082762530298219,6.324555320336759,6.708203932499369,6.4031242374328485,6.4031242374328485,6.708203932499369,0.0,0.0,0.0,0.0,0.0,0.0,0.0,0.0,0.0,0.0,0.0,19.026297590440446,18.027756377319946,16.0,15.132745950421556,15.524174696260024,15.811388300841896,15.231546211727817,13.892443989449804,14.422205101855956,15.0,14.866068747318506,14.142135623730951,13.45362404707371,10.816653826391969,9.486832980505138,10.04987562112089,10.198039027185569,10.770329614269007,12.206555615733702,12.806248474865697,13.45362404707371,14.212670403551895,13.892443989449804,14.317821063276353,14.866068747318506,15.524174696260024
1787403779.819942,-69,0.0,23.600847442411894,22.80350850198276,22.80350850198276,22.02271554554524,21.213203435596427,20.518284528683193,19.849433241279208,18.439088914585774,15.620499351813308,14.866068747318506,13.45362404707371,12.727922061357855,12.727922061357855,12.727922061357855,12.041594578792296,11.313708498984761,9.899494936611665,9.219544457292887,8.602325267042627,8.94427190999916,10.295630140987,9.433981132056603,8.602325267042627,7.810249675906654,7.810249675906654,7.810249675906654,0.0,0.0,0.0,0.0,0.0,0.0,0.0,0.0,0.0,0.0,0.0,4.47213595499958,5.0990195135927845,5.385164807134504,4.47213595499958,3.605551275463989,5.0,7.0710678118654755,7.0710678118654755,7.211102550927978,8.602325267042627,8.602325267042627,8.602325267042627,8.48528137423857,8.48528137423857,9.219544457292887,9.219544457292887,10.0,10.816653826391969,12.206555615733702,13.038404810405298,13.892443989449804,14.7648230602334,16.55294535724685,17.88854381999832,19.235384061671343,20.12461179749811
1787403779.915629,-70,0.0,25.059928172283335,25.495097567963924,25.079872407968907,23.769728648009426,23.40939982143925,22.135943621178654,20.8806130178211,18.681541692269406,17.72004514666935,16.492422502470642,14.560219778561036,13.601470508735444,13.92838827718412,15.231546211727817,14.317821063276353,12.083045973594572,11.704699910719626,10.770329614269007,9.848857801796104,10.295630140987,9.848857801796104,11.180339887498949,11.180339887498949,9.848857801796104,8.94427190999916,8.06225774829855,0.0,0.0,0.0,0.0,0.0,0.0,0.0,0.0,0.0,0.0,0.0,7.0710678118654755,6.4031242374328485,5.830951894845301,6.082762530298219,6.082762530298219,7.0710678118654755,8.0,9.0,9.0,10.0,10.0,10.0,10.04987562112089,10.04987562112089,10.198039027185569,11.704699910719626,12.649110640673518,13.0,13.0,14.317821063276353,15.231546211727817,16.1245154965971,18.35755975068582,19.72308292331602,20.591260281974,21.95449840010015
1787403779.9478624,-69,0.0,33.54101966249684,32.38826948140329,31.25699921617557,27.16615541441225,23.021728866442675,17.11724276862369,11.704699910719626,7.810249675906654,8.0,10.770329614269007,12.529964086141668,15.264337522473747,17.4928556845359,18.35755975068582,19.235384061671343,18.384776310850235,18.027756377319946,16.492422502470642,15.132745950421556,12.041594578792296,9.0,6.0,2.0,2.0,5.0,7.0,0.0,0.0,0.0,0.0,0.0,0.0,0.0,0.0,0.0,0.0,0.0,3.0,1.4142135623730951,1.0,1.0,3.1622776601683795,6.082762530298219,10.44030650891055,12.649110640673518,13.341664064126334,14.866068747318506,17.46424919657298,18.35755975068582,18.867962264113206,19.209372712298546,17.69180601295413,18.601075237738275,17.204650534085253,14.422205101855956,10.0,6.4031242374328485,4.0,5.830951894845301,10.44030650891055,16.278820596099706,22.360679774997898,26.68332812825267
1787403779.979711,-69,0.0,32.69556544854363,31.78049716414141,29.966648127543394,26.419689627245813,22.47220505424423,17.029386365926403,11.40175425099138,7.0710678118654755,7.211102550927978,9.433981132056603,12.083045973594572,13.416407864998739,15.652475842498529,17.0,17.4928556845359,16.64331697709324,15.620499351813308,14.142135623730951,12.806248474865697,10.816653826391969,8.06225774829855,5.0,1.0,2.23606797749979,5.0,6.4031242374328485,0.0,0.0,0.0,0.0,0.0,0.0,0.0,0.0,0.0,0.0,0.0,2.0,0.0,2.0,3.1622776601683795,4.47213595499958,6.4031242374328485,8.602325267042627,12.083045973594572,15.811388300841896,16.492422502470642,17.26267650163207,17.11724276862369,16.0312195418814,16.1245154965971,16.278820596099706,15.524174696260024,13.92838827718412,11.704699910719626,9.848857801796104,6.324555320336759,3.605551275463989,6.0,11.40175425099138,16.15549442140351,21.93171219946131,25.495097567963924
1787403780.0032508,-69,0.0,26.40075756488817,27.018512172212592,25.0,21.2602916254693,17.69180601295413,13.038404810405298,8.54400374531753,6.324555320336759,6.4031242374328485,8.54400374531753,10.44030650891055,12.649110640673518,13.92838827718412,14.866068747318506,15.231546211727817,14.7648230602334,14.422205101855956,13.45362404707371,12.041594578792296,9.899494936611665,7.810249675906654,5.0,2.23606797749979,1.0,3.1622776601683795,5.385164807134504,0.0,0.0,0.0,0.0,0.0,0.0,0.0,0.0,0.0,0.0,0.0,2.23606797749979,0.0,1.4142135623730951,2.0,3.1622776601683795,5.0,6.4031242374328485,8.602325267042627,11.180339887498949,13.0,13.92838827718412,14.866068747318506,15.524174696260024,15.132745950421556,15.033296378372908,15.132745950421556,14.142135623730951,11.180339887498949,8.246211251235321,5.0,2.8284271247461903,5.0990195135927845,8.94427190999916,14.422205101855956,18.867962264113206,21.633307652783937
1787403780.0133975,-69,0.0,28.284271247461902,28.284271247461902,26.1725046566048,23.08679276123039,19.0,15.132745950421556,10.44030650891055,7.0710678118654755,6.082762530298219,8.54400374531753,9.848857801796104,12.083045973594572,14.317821063276353,15.231546211727817,14.866068747318506,13.601470508735444,13.341664064126334,13.038404810405298,11.0,9.055385138137417,6.082762530298219,4.123105625617661,1.4142135623730951,2.23606797749979,4.123105625617661,5.0,0.0,0.0,0.0,0.0,0.0,0.0,0.0,0.0,0.0,0.0,0.0,2.0,0.0,1.4142135623730951,2.8284271247461903,3.605551275463989,5.385164807134504,7.0710678118654755,9.0,11.045361017187261,13.152946437965905,14.317821063276353,14.866068747318506,14.317821063276353,14.422205101855956,14.212670403551895,12.727922061357855,12.041594578792296,10.0,7.810249675906654,5.0,3.1622776601683795,5.830951894845301,9.486832980505138,14.317821063276353,18.24828759089466,21.37755832643195
1787403780.0438733,-70,0.0,30.0,28.844410203711913,26.627053911388696,22.47220505424423,17.88854381999832,13.92838827718412,9.0,6.4031242374328485,6.082762530298219,8.06225774829855,11.045361017187261,13.038404810405298,15.0,17.0,18.027756377319946,17.11724276862369,15.297058540778355,13.601470508735444,12.083045973594572,10.295630140987,7.211102550927978,3.605551275463989,1.0,1.4142135623730951,4.47213595499958,6.4031242374328485,0.0,0.0,0.0,0.0,0.0,0.0,0.0,0.0,0.0,0.0,0.0,2.23606797749979,1.0,1.0,3.1622776601683795,4.0,5.0990195135927845,7.280109889280518,9.486832980505138,12.083045973594572,13.601470508735444,15.620499351813308,15.556349186104045,14.866068747318506,15.0,15.264337522473747,13.92838827718412,13.341664064126334,11.180339887498949,8.06225774829855,5.0990195135927845,3.1622776601683795,5.830951894845301,10.63014581273465,15.556349186104045,20.615528128088304,24.413111231467404
1787403780.0438733,-70,0.0,24.186773244895647,23.259406699226016,21.095023109728988,21.213203435596427,21.213203435596427,20.615528128088304,19.1049731745428,17.69180601295413,15.620499351813308,14.866068747318506,14.212670403551895,12.806248474865697,12.041594578792296,11.40175425099138,11.40175425099138,11.40175425099138,12.041594578792296,11.40175425099138,10.0,8.602325267042627,7.810249675906654,7.211102550927978,7.211102550927978,7.211102550927978,7.211102550927978,7.211102550927978,0.0,0.0,0.0,0.0,0.0,0.0,0.0,0.0,0.0,0.0,0.0,8.0,6.082762530298219,5.0990195135927845,5.0990195135927845,5.385164807134504,6.4031242374328485,6.4031242374328485,6.708203932499369,6.4031242374328485,7.0710678118654755,7.810249675906654,7.810249675906654,7.810249675906654,7.810249675906654,8.06225774829855,9.848857801796104,11.180339887498949,11.180339887498949,11.704699910719626,12.649110640673518,13.601470508735444,15.524174696260024,16.76305461424021,18.973665961010276,20.248456731316587,21.540659228538015
1787403780.5547307,-69,0.0,22.360679774997898,22.360679774997898,21.95449840010015,21.95449840010015,21.95449840010015,21.095023109728988,19.4164878389476,17.804493814764857,17.029386365926403,15.620499351813308,13.601470508735444,13.038404810405298,12.529964086141668,13.416407864998739,12.529964086141668,12.083045973594572,12.083045973594572,12.083045973594572,10.770329614269007,10.770329614269007,10.770329614269007,10.770329614269007,9.848857801796104,8.94427190999916,7.615773105863909,7.615773105863909,0.0,0.0,0.0,0.0,0.0,0.0,0.0,0.0,0.0,0.0,0.0,5.0,5.0990195135927845,5.385164807134504,5.830951894845301,5.830951894845301,5.830951894845301,7.211102550927978,7.211102550927978,7.211102550927978,6.4031242374328485,7.810249675906654,8.48528137423857,8.602325267042627,8.602325267042627,9.433981132056603,10.295630140987,11.180339887498949,12.083045973594572,12.529964086141668,13.416407864998739,15.231546211727817,16.15549442140351,17.46424919657298,18.788294228055936,19.697715603592208,21.02379604162864
1787403780.9529836,-70,0.0,25.238858928247925,25.0,24.839484696748443,24.20743687382041,23.345235059857504,22.627416997969522,21.2602916254693,20.615528128088304,18.601075237738275,16.401219466856727,14.866068747318506,14.212670403551895,12.806248474865697,12.806248474865697,13.892443989449804,13.892443989449804,12.529964086141668,12.529964086141668,13.038404810405298,13.038404810405298,11.180339887498949,10.295630140987,10.295630140987,8.94427190999916,7.615773105863909,8.06225774829855,0.0,0.0,0.0,0.0,0.0,0.0,0.0,0.0,0.0,0.0,0.0,5.830951894845301,4.47213595499958,4.242640687119285,4.47213595499958,4.0,4.0,5.0,6.082762530298219,6.0,6.082762530298219,7.280109889280518,7.280109889280518,6.708203932499369,7.211102550927978,7.810249675906654,8.48528137423857,9.219544457292887,10.0,12.206555615733702,13.892443989449804,15.264337522473747,16.64331697709324,18.027756377319946,19.4164878389476,21.633307652783937,21.633307652783937
1787403781.160064,-68,0.0,25.553864678361276,26.076809620810597,24.413111231467404,21.633307652783937,17.88854381999832,13.341664064126334,9.0,7.280109889280518,6.708203932499369,9.055385138137417,10.04987562112089,12.0,14.0,14.035668847618199,14.142135623730951,15.297058540778355,14.317821063276353,13.341664064126334,10.44030650891055,8.54400374531753,6.324555320336759,3.1622776601683795,0.0,2.23606797749979,4.47213595499958,5.830951894845301,0.0,0.0,0.0,0.0,0.0,0.0,0.0,0.0,0.0,0.0,0.0,6.4031242374328485,1.0,1.0,3.0,6.082762530298219,7.280109889280518,7.0,8.246211251235321,11.40175425099138,12.649110640673518,13.416407864998739,14.7648230602334,18.384776310850235,17.804493814764857,10.0,8.246211251235321,11.0,9.219544457292887,6.324555320336759,6.708203932499369,6.324555320336759,5.830951894845301,9.219544457292887,13.892443989449804,17.4928556845359,20.248456731316587
1787403781.3696017,-87,0.0,19.4164878389476,17.4928556845359,16.1245154965971,13.892443989449804,10.295630140987,7.211102550927978,4.242640687119285,2.0,3.1622776601683795,4.123105625617661,6.082762530298219,7.280109889280518,8.246211251235321,8.54400374531753,8.94427190999916,8.94427190999916,7.211102550927978,6.708203932499369,5.385164807134504,3.605551275463989,2.23606797749979,1.0,1.0,2.0,3.1622776601683795,4.123105625617661,0.0,0.0,0.0,0.0,0.0,0.0,0.0,0.0,0.0,0.0,0.0,2.8284271247461903,4.123105625617661,6.0,8.06225774829855,10.44030650891055,12.649110640673518,15.811388300841896,17.46424919657298,18.788294228055936,20.591260281974,20.12461179749811,19.235384061671343,17.4928556845359,15.264337522473747,12.529964086141668,10.0,7.810249675906654,6.324555320336759,7.0710678118654755,8.94427190999916,11.40175425099138,14.212670403551895,16.401219466856727,18.601075237738275,20.808652046684813,22.20360331117452
1787403781.3819642,-87,0.0,14.422205101855956,13.601470508735444,13.038404810405298,10.816653826391969,10.0,7.810249675906654,5.656854249492381,4.123105625617661,4.0,4.47213595499958,5.0,5.656854249492381,7.0710678118654755,7.810249675906654,7.211102550927978,8.06225774829855,8.06225774829855,7.615773105863909,6.708203932499369,5.830951894845301,5.0,3.605551275463989,4.123105625617661,5.0990195135927845,6.708203932499369,7.211102550927978,0.0,0.0,0.0,0.0,0.0,0.0,0.0,0.0,0.0,0.0,0.0,5.0,5.385164807134504,6.4031242374328485,7.0710678118654755,9.433981132056603,11.180339887498949,13.0,14.866068747318506,15.231546211727817,16.15549442140351,15.231546211727817,13.92838827718412,13.0,10.44030650891055,8.246211251235321,7.0710678118654755,6.082762530298219,5.830951894845301,6.4031242374328485,8.602325267042627,10.295630140987,12.529964086141668,13.892443989449804,15.264337522473747,16.64331697709324,18.601075237738275
1787403781.9714367,-70,0.0,21.02379604162864,22.02271554554524,21.02379604162864,20.09975124224178,20.09975124224178,19.235384061671343,17.26267650163207,16.278820596099706,15.297058540778355,14.317821063276353,13.152946437965905,13.0,14.035668847618199,14.035668847618199,13.038404810405298,13.038404810405298,13.0,13.0,13.0,12.0,12.0,11.045361017187261,11.045361017187261,10.04987562112089,9.055385138137417,9.0,0.0,0.0,0.0,0.0,0.0,0.0,0.0,0.0,0.0,0.0,0.0,7.810249675906654,6.4031242374328485,6.4031242374328485,7.810249675906654,7.810249675906654,7.810249675906654,8.06225774829855,8.06225774829855,8.602325267042627,8.602325267042627,8.602325267042627,8.06225774829855,7.280109889280518,8.06225774829855,9.055385138137417,9.055385138137417,10.0,11.0,12.0,13.038404810405298,14.035668847618199,15.033296378372908,16.0312195418814,18.027756377319946,19.026297590440446,20.0
1787403782.082325,-70,0.0,21.840329667841555,21.587033144922902,21.587033144922902,21.37755832643195,21.37755832643195,20.223748416156685,19.1049731745428,17.029386365926403,16.0312195418814,14.035668847618199,13.152946437965905,12.36931687685298,12.649110640673518,11.704699910719626,11.704699910719626,12.083045973594572,13.0,12.083045973594572,12.083045973594572,12.083045973594572,12.083045973594572,11.704699910719626,11.40175425099138,10.44030650891055,9.219544457292887,9.219544457292887,0.0,0.0,0.0,0.0,0.0,0.0,0.0,0.0,0.0,0.0,0.0,7.0710678118654755,6.4031242374328485,7.211102550927978,6.708203932499369,6.708203932499369,6.708203932499369,6.708203932499369,6.708203932499369,6.708203932499369,7.615773105863909,7.615773105863909,7.280109889280518,7.0710678118654755,7.0,7.0710678118654755,8.246211251235321,9.486832980505138,9.848857801796104,10.770329614269007,12.083045973594572,13.416407864998739,14.7648230602334,16.55294535724685,18.384776310850235,19.313207915827967,20.248456731316587
1787403782.2484834,-71,0.0,26.419689627245813,26.832815729997478,25.059928172283335,22.825424421026653,18.788294228055936,14.317821063276353,10.0,6.708203932499369,5.385164807134504,8.0,10.04987562112089,12.041594578792296,13.038404810405298,14.0,15.132745950421556,15.297058540778355,15.297058540778355,14.560219778561036,12.649110640673518,9.486832980505138,7.280109889280518,5.0,2.23606797749979,2.23606797749979,5.0,7.0710678118654755,0.0,0.0,0.0,0.0,0.0,0.0,0.0,0.0,0.0,0.0,0.0,4.47213595499958,3.1622776601683795,1.4142135623730951,4.123105625617661,6.082762530298219,8.06225774829855,10.198039027185569,12.165525060596439,13.601470508735444,14.866068747318506,14.317821063276353,14.7648230602334,13.892443989449804,13.45362404707371,12.206555615733702,11.180339887498949,11.704699910719626,10.44030650891055,7.280109889280518,4.47213595499958,2.23606797749979,5.0,9.433981132056603,13.892443989449804,18.35755975068582,21.95449840010015
1787403782.288605,-90,0.0,13.601470508735444,13.601470508735444,12.36931687685298,12.165525060596439,10.04987562112089,9.0,6.082762530298219,5.0990195135927845,4.123105625617661,2.0,2.0,2.23606797749979,3.605551275463989,4.242640687119285,5.0,5.830951894845301,7.211102550927978,7.0710678118654755,7.211102550927978,7.0710678118654755,6.708203932499369,5.385164807134504,6.082762530298219,5.0,4.123105625617661,4.47213595499958,0.0,0.0,0.0,0.0,0.0,0.0,0.0,0.0,0.0,0.0,0.0,11.0,10.04987562112089,9.055385138137417,8.246211251235321,7.280109889280518,6.324555320336759,5.0990195135927845,5.0,6.082762530298219,8.0,11.045361017187261,12.041594578792296,14.142135623730951,14.142135623730951,14.317821063276353,12.649110640673518,10.295630140987,7.810249675906654,7.211102550927978,6.082762530298219,6.324555320336759,8.94427190999916,10.0,12.041594578792296,14.142135623730951,14.142135623730951
1787403782.7825153,-70,0.0,17.0,18.788294228055936,21.93171219946131,22.47220505424423,22.80350850198276,22.561028345356956,19.4164878389476,16.278820596099706,13.341664064126334,13.341664064126334,13.601470508735444,11.704699910719626,10.770329614269007,11.704699910719626,11.40175425099138,11.40175425099138,9.848857801796104,8.94427190999916,7.615773105863909,8.94427190999916,10.295630140987,9.848857801796104,8.94427190999916,8.602325267042627,7.0710678118654755,10.0,0.0,0.0,0.0,0.0,0.0,0.0,0.0,0.0,0.0,0.0,0.0,8.48528137423857,7.211102550927978,5.656854249492381,5.830951894845301,5.830951894845301,6.324555320336759,6.082762530298219,7.0,9.055385138137417,10.44030650891055,8.54400374531753,7.0710678118654755,6.082762530298219,6.082762530298219,7.0,6.082762530298219,6.324555320336759,8.54400374531753,10.44030650891055,11.180339887498949,13.038404810405298,14.422205101855956,15.264337522473747,17.4928556845359,17.4928556845359,18.027756377319946
1787403782.8942242,-71,0.0,21.02379604162864,21.540659228538015,21.540659228538015,21.18962010041709,20.8806130178211,19.6468827043885,18.439088914585774,17.26267650163207,15.132745950421556,13.152946437965905,12.36931687685298,12.36931687685298,12.36931687685298,12.649110640673518,12.649110640673518,11.704699910719626,11.704699910719626,11.40175425099138,10.44030650891055,10.44030650891055,9.848857801796104,10.44030650891055,9.486832980505138,9.219544457292887,8.54400374531753,8.54400374531753,0.0,0.0,0.0,0.0,0.0,0.0,0.0,0.0,0.0,0.0,0.0,9.219544457292887,8.246211251235321,8.06225774829855,8.06225774829855,8.0,8.0,9.055385138137417,9.0,9.0,9.0,9.0,9.0,8.06225774829855,9.219544457292887,9.486832980505138,10.44030650891055,10.770329614269007,11.704699910719626,12.083045973594572,13.416407864998739,13.416407864998739,14.7648230602334,15.652475842498529,16.55294535724685,17.88854381999832,17.88854381999832
1787403783.3195994,-71,0.0,22.360679774997898,23.345235059857504,23.345235059857504,22.20360331117452,22.090722034374522,21.02379604162864,20.0,18.027756377319946,16.0312195418814,15.033296378372908,14.0,13.038404810405298,13.038404810405298,13.038404810405298,12.041594578792296,12.041594578792296,11.045361017187261,11.045361017187261,10.198039027185569,10.198039027185569,9.486832980505138,9.486832980505138,9.219544457292887,9.219544457292887,9.219544457292887,9.219544457292887,0.0,0.0,0.0,0.0,0.0,0.0,0.0,0.0,0.0,0.0,0.0,7.0710678118654755,7.0710678118654755,6.4031242374328485,5.830951894845301,6.708203932499369,6.708203932499369,7.280109889280518,7.0710678118654755,7.0710678118654755,8.246211251235321,9.219544457292887,9.219544457292887,9.055385138137417,9.0,9.055385138137417,10.04987562112089,11.180339887498949,11.40175425099138,12.36931687685298,13.341664064126334,14.560219778561036,15.524174696260024,16.492422502470642,17.72004514666935,18.681541692269406,19.6468827043885
1787403783.4034848,-71,0.0,20.12461179749811,21.02379604162864,21.02379604162864,20.615528128088304,19.924858845171276,19.6468827043885,18.439088914585774,16.492422502470642,14.560219778561036,13.601470508735444,12.649110640673518,12.083045973594572,12.083045973594572,12.083045973594572,11.180339887498949,10.770329614269007,11.180339887498949,9.848857801796104,9.848857801796104,8.94427190999916,9.433981132056603,8.94427190999916,8.94427190999916,7.615773105863909,7.211102550927978,6.708203932499369,0.0,0.0,0.0,0.0,0.0,0.0,0.0,0.0,0.0,0.0,0.0,7.615773105863909,6.708203932499369,6.324555320336759,6.082762530298219,6.0,7.0,8.0,8.0,9.0,9.055385138137417,9.055385138137417,9.0,9.0,8.0,8.06225774829855,9.219544457292887,9.486832980505138,9.848857801796104,11.180339887498949,12.083045973594572,13.0,13.0,14.317821063276353,15.652475842498529,17.0,17.88854381999832
1787403783.5148928,-70,0.0,20.591260281974,20.591260281974,20.12461179749811,20.12461179749811,20.615528128088304,20.248456731316587,17.72004514666935,16.492422502470642,15.297058540778355,13.341664064126334,12.649110640673518,11.704699910719626,11.704699910719626,12.083045973594572,11.180339887498949,11.180339887498949,11.180339887498949,10.295630140987,10.295630140987,10.295630140987,9.848857801796104,8.94427190999916,8.54400374531753,8.54400374531753,8.246211251235321,7.615773105863909,0.0,0.0,0.0,0.0,0.0,0.0,0.0,0.0,0.0,0.0,0.0,7.280109889280518,7.0710678118654755,7.0710678118654755,7.0,7.0,7.0,8.06225774829855,8.06225774829855,8.0,9.0,9.055385138137417,9.055385138137417,8.06225774829855,8.246211251235321,8.246211251235321,9.486832980505138,9.848857801796104,10.295630140987,11.180339887498949,11.661903789690601,13.038404810405298,14.422205101855956,15.811388300841896,17.204650534085253,18.027756377319946,18.027756377319946
1787403783.6104596,-70,0.0,19.6468827043885,20.396078054371138,20.223748416156685,20.223748416156685,20.09975124224178,19.026297590440446,18.0,16.0,15.033296378372908,13.0,12.041594578792296,11.180339887498949,11.180339887498949,11.180339887498949,10.198039027185569,10.198039027185569,10.44030650891055,9.486832980505138,9.486832980505138,8.54400374531753,8.54400374531753,9.486832980505138,8.54400374531753,7.280109889280518,7.280109889280518,6.708203932499369,0.0,0.0,0.0,0.0,0.0,0.0,0.0,0.0,0.0,0.0,0.0,5.656854249492381,5.0,4.47213595499958,4.47213595499958,5.385164807134504,5.0990195135927845,6.082762530298219,6.082762530298219,6.0,7.0,7.0,7.0,7.0710678118654755,7.0710678118654755,8.246211251235321,9.219544457292887,10.44030650891055,11.40175425099138,12.649110640673518,12.649110640673518,13.601470508735444,14.866068747318506,15.811388300841896,16.76305461424021,18.027756377319946,18.973665961010276
1787403783.6104596,-69,0.0,22.825424421026653,23.706539182259394,21.540659228538015,17.08800749063506,14.142135623730951,17.0,18.788294228055936,17.88854381999832,14.7648230602334,10.770329614269007,10.44030650891055,10.44030650891055,10.44030650891055,10.198039027185569,9.055385138137417,10.04987562112089,9.055385138137417,8.06225774829855,8.06225774829855,9.486832980505138,11.180339887498949,11.0,7.0710678118654755,4.123105625617661,5.385164807134504,7.615773105863909,0.0,0.0,0.0,0.0,0.0,0.0,0.0,0.0,0.0,0.0,0.0,7.211102550927978,7.0710678118654755,5.385164807134504,4.123105625617661,2.8284271247461903,3.0,5.0,7.280109889280518,8.94427190999916,9.219544457292887,7.810249675906654,5.656854249492381,4.47213595499958,7.0710678118654755,10.44030650891055,11.661903789690601,11.40175425099138,9.433981132056603,9.486832980505138,11.045361017187261,13.038404810405298,15.033296378372908,16.1245154965971,16.1245154965971,16.0,14.142135623730951
1787403783.6104596,-70,0.0,19.4164878389476,20.0,20.0,19.209372712298546,19.1049731745428,18.384776310850235,17.69180601295413,16.278820596099706,14.212670403551895,12.041594578792296,11.313708498984761,10.63014581273465,10.63014581273465,10.63014581273465,10.0,11.40175425099138,10.816653826391969,10.295630140987,9.433981132056603,8.06225774829855,8.06225774829855,8.06225774829855,8.06225774829855,8.06225774829855,7.615773105863909,6.708203932499369,0.0,0.0,0.0,0.0,0.0,0.0,0.0,0.0,0.0,0.0,0.0,5.0990195135927845,5.0,5.0,5.0,5.0990195135927845,5.385164807134504,5.385164807134504,5.830951894845301,5.830951894845301,5.830951894845301,6.708203932499369,6.708203932499369,6.4031242374328485,7.810249675906654,9.219544457292887,10.0,10.816653826391969,11.661903789690601,13.038404810405298,13.038404810405298,13.038404810405298,14.422205101855956,15.264337522473747,16.64331697709324,18.027756377319946,18.027756377319946
1787403783.7060666,-70,0.0,22.360679774997898,22.360679774997898,22.20360331117452,22.20360331117452,22.090722034374522,21.02379604162864,20.0,18.027756377319946,16.0312195418814,15.033296378372908,14.0,13.0,13.038404810405298,13.038404810405298,13.038404810405298,13.038404810405298,13.038404810405298,13.038404810405298,12.165525060596439,11.180339887498949,11.180339887498949,11.045361017187261,10.0,10.0,9.0,7.0,0.0,0.0,0.0,0.0,0.0,0.0,0.0,0.0,0.0,0.0,0.0,8.48528137423857,7.615773105863909,7.0710678118654755,6.082762530298219,7.0710678118654755,8.06225774829855,7.615773105863909,7.615773105863909,7.280109889280518,8.246211251235321,8.246211251235321,9.055385138137417,8.0,8.0,9.055385138137417,9.055385138137417,9.219544457292887,9.219544457292887,11.704699910719626,13.92838827718412,14.866068747318506,15.811388300841896,16.76305461424021,18.681541692269406,19.924858845171276,20.8806130178211
1787403783.8177993,-68,0.0,26.019223662515376,26.076809620810597,25.079872407968907,22.20360331117452,18.24828759089466,13.601470508735444,9.433981132056603,5.385164807134504,5.0990195135927845,7.810249675906654,9.899494936611665,12.041594578792296,14.866068747318506,16.97056274847714,16.97056274847714,17.69180601295413,17.029386365926403,16.401219466856727,14.422205101855956,12.206555615733702,9.433981132056603,6.708203932499369,3.1622776601683795,1.0,3.605551275463989,5.0,0.0,0.0,0.0,0.0,0.0,0.0,0.0,0.0,0.0,0.0,0.0,3.1622776601683795,1.0,0.0,2.0,4.0,6.082762530298219,8.246211251235321,10.44030650891055,12.649110640673518,13.0,14.7648230602334,14.422205101855956,15.0,14.142135623730951,14.212670403551895,13.038404810405298,11.661903789690601,9.433981132056603,6.708203932499369,2.8284271247461903,2.23606797749979,6.082762530298219,10.0,15.033296378372908,19.026297590440446,22.02271554554524
1787403783.833652,-70,0.0,26.0,25.495097567963924,24.166091947189145,21.18962010041709,17.72004514666935,13.152946437965905,8.06225774829855,5.0,4.0,6.324555320336759,8.94427190999916,11.704699910719626,13.92838827718412,15.811388300841896,16.76305461424021,16.76305461424021,16.76305461424021,15.524174696260024,14.317821063276353,12.165525060596439,9.055385138137417,6.082762530298219,3.0,1.0,4.123105625617661,5.385164807134504,0.0,0.0,0.0,0.0,0.0,0.0,0.0,0.0,0.0,0.0,0.0,4.0,1.0,2.0,4.123105625617661,5.385164807134504,7.211102550927978,9.219544457292887,11.313708498984761,13.45362404707371,14.212670403551895,14.212670403551895,15.0,14.7648230602334,13.92838827718412,14.317821063276353,13.152946437965905,12.165525060596439,10.04987562112089,8.06225774829855,4.47213595499958,2.0,6.4031242374328485,10.295630140987,14.7648230602334,18.788294228055936,21.93171219946131
1787403783.8511064,-71,0.0,23.769728648009426,23.40939982143925,22.135943621178654,18.973665961010276,15.524174696260024,11.045361017187261,7.0710678118654755,3.605551275463989,4.0,6.708203932499369,8.94427190999916,11.180339887498949,13.0,15.231546211727817,16.15549442140351,16.15549442140351,15.811388300841896,14.866068747318506,13.601470508735444,11.40175425099138,8.246211251235321,6.082762530298219,3.0,1.4142135623730951,3.605551275463989,5.385164807134504,0.0,0.0,0.0,0.0,0.0,0.0,0.0,0.0,0.0,0.0,0.0,2.0,0.0,2.0,3.0,5.0990195135927845,6.708203932499369,9.433981132056603,10.816653826391969,12.806248474865697,13.45362404707371,14.142135623730951,14.212670403551895,14.422205101855956,13.416407864998739,13.92838827718412,12.649110640673518,11.40175425099138,9.219544457292887,6.324555320336759,3.605551275463989,3.0,5.830951894845301,9.848857801796104,13.92838827718412,17.08800749063506,20.248456731316587
1787403784.0195315,-71,0.0,21.633307652783937,20.808652046684813,20.808652046684813,20.615528128088304,20.518284528683193,20.518284528683193,19.849433241279208,17.804493814764857,15.0,13.45362404707371,13.45362404707371,12.041594578792296,12.806248474865697,11.40175425099138,11.40175425099138,11.40175425099138,10.816653826391969,10.816653826391969,10.0,9.219544457292887,9.219544457292887,9.219544457292887,9.219544457292887,8.48528137423857,7.0710678118654755,7.0710678118654755,0.0,0.0,0.0,0.0,0.0,0.0,0.0,0.0,0.0,0.0,0.0,11.40175425099138,10.44030650891055,8.246211251235321,7.0710678118654755,7.0,7.280109889280518,7.280109889280518,8.246211251235321,8.246211251235321,8.06225774829855,7.280109889280518,6.324555320336759,6.708203932499369,6.4031242374328485,7.0710678118654755,8.48528137423857,10.0,10.0,11.661903789690601,13.038404810405298,14.422205101855956,14.422205101855956,15.264337522473747,16.64331697709324,18.35755975068582,19.72308292331602
1787403784.1528728,-71,0.0,28.42534080710379,26.90724809414742,24.041630560342615,20.518284528683193,16.401219466856727,11.180339887498949,7.0710678118654755,5.0,7.0,10.04987562112089,13.038404810405298,15.033296378372908,17.029386365926403,19.026297590440446,19.0,18.0,16.0312195418814,15.132745950421556,14.317821063276353,12.649110640673518,9.486832980505138,6.324555320336759,2.23606797749979,2.23606797749979,5.0,6.082762530298219,0.0,0.0,0.0,0.0,0.0,0.0,0.0,0.0,0.0,0.0,0.0,3.0,1.4142135623730951,2.23606797749979,4.47213595499958,6.708203932499369,8.54400374531753,9.219544457292887,11.180339887498949,14.142135623730951,16.0312195418814,17.0,17.029386365926403,16.278820596099706,16.76305461424021,17.46424919657298,17.0,15.652475842498529,12.083045973594572,9.486832980505138,6.082762530298219,4.123105625617661,7.615773105863909,11.661903789690601,17.204650534085253,22.80350850198276,25.80697580112788
1787403784.3361893,-69,0.0,26.90724809414742,26.248809496813376,24.839484696748443,20.615528128088304,16.1245154965971,10.44030650891055,7.0710678118654755,5.0,7.0,10.198039027185569,12.165525060596439,14.142135623730951,16.1245154965971,18.027756377319946,18.0,18.0,17.029386365926403,16.0312195418814,13.152946437965905,11.40175425099138,8.246211251235321,5.385164807134504,2.8284271247461903,1.4142135623730951,3.0,5.0,0.0,0.0,0.0,0.0,0.0,0.0,0.0,0.0,0.0,0.0,0.0,3.1622776601683795,1.4142135623730951,2.8284271247461903,4.242640687119285,5.656854249492381,7.211102550927978,8.94427190999916,10.770329614269007,12.36931687685298,14.317821063276353,16.1245154965971,16.0312195418814,17.029386365926403,16.278820596099706,15.524174696260024,14.866068747318506,13.92838827718412,11.704699910719626,8.246211251235321,5.0,3.1622776601683795,5.385164807134504,10.816653826391969,16.278820596099706,21.213203435596427,24.041630560342615
1787403784.3515537,-72,0.0,27.80287754891569,26.40075756488817,23.853720883753127,20.248456731316587,15.652475842498529,10.44030650891055,6.082762530298219,5.0,7.0,9.219544457292887,11.40175425099138,13.341664064126334,15.132745950421556,16.1245154965971,17.029386365926403,17.0,16.0312195418814,14.142135623730951,13.152946437965905,11.180339887498949,8.246211251235321,4.123105625617661,1.4142135623730951,2.23606797749979,4.0,5.0990195135927845,0.0,0.0,0.0,0.0,0.0,0.0,0.0,0.0,0.0,0.0,0.0,2.23606797749979,1.0,2.23606797749979,4.47213595499958,5.830951894845301,7.211102550927978,9.219544457292887,11.40175425099138,13.601470508735444,13.892443989449804,15.231546211727817,15.811388300841896,15.524174696260024,16.1245154965971,16.0312195418814,15.0,13.038404810405298,11.0,9.055385138137417,6.324555320336759,3.605551275463989,6.708203932499369,12.041594578792296,17.029386365926403,20.615528128088304,24.20743687382041
1787403784.439164,-68,0.0,27.730849247724095,26.832815729997478,25.059928172283335,20.248456731316587,15.0,10.63014581273465,7.0710678118654755,6.4031242374328485,7.615773105863909,10.44030650891055,12.36931687685298,14.560219778561036,17.08800749063506,18.384776310850235,18.788294228055936,17.88854381999832,17.4928556845359,16.401219466856727,14.212670403551895,12.041594578792296,9.219544457292887,5.656854249492381,2.23606797749979,2.0,4.47213595499958,5.0,0.0,0.0,0.0,0.0,0.0,0.0,0.0,0.0,0.0,0.0,0.0,2.8284271247461903,1.4142135623730951,1.0,2.23606797749979,5.0,7.211102550927978,8.54400374531753,10.198039027185569,12.0,14.0,15.033296378372908,16.1245154965971,16.278820596099706,16.76305461424021,16.15549442140351,15.652475842498529,13.892443989449804,11.180339887498949,8.54400374531753,6.0,4.242640687119285,7.0,11.40175425099138,17.08800749063506,21.540659228538015,23.769728648009426
1787403784.5361187,-69,0.0,26.832815729997478,26.832815729997478,23.706539182259394,19.72308292331602,15.811388300841896,12.041594578792296,7.615773105863909,6.324555320336759,8.602325267042627,11.180339887498949,12.529964086141668,14.422205101855956,15.811388300841896,18.601075237738275,20.0,19.849433241279208,18.439088914585774,17.69180601295413,14.866068747318506,12.806248474865697,9.219544457292887,5.656854249492381,2.8284271247461903,1.0,3.605551275463989,4.47213595499958,0.0,0.0,0.0,0.0,0.0,0.0,0.0,0.0,0.0,0.0,0.0,3.0,1.0,1.0,3.0,4.47213595499958,5.656854249492381,7.211102550927978,8.54400374531753,10.44030650891055,12.165525060596439,13.0,14.035668847618199,14.317821063276353,14.866068747318506,14.317821063276353,14.7648230602334,13.892443989449804,11.661903789690601,8.06225774829855,5.0990195135927845,3.605551275463989,7.0,11.40175425099138,16.15549442140351,20.615528128088304,23.259406699226016
1787403784.5519066,-69,0.0,26.90724809414742,26.248809496813376,23.430749027719962,20.615528128088304,15.811388300841896,11.180339887498949,7.0710678118654755,5.830951894845301,6.324555320336759,9.055385138137417,11.045361017187261,12.165525060596439,13.341664064126334,15.524174696260024,15.811388300841896,16.15549442140351,15.652475842498529,13.892443989449804,12.206555615733702,10.0,7.211102550927978,3.605551275463989,1.0,2.23606797749979,5.0,6.4031242374328485,0.0,0.0,0.0,0.0,0.0,0.0,0.0,0.0,0.0,0.0,0.0,2.0,1.4142135623730951,3.0,4.123105625617661,5.0,7.0710678118654755,8.246211251235321,9.848857801796104,10.816653826391969,12.806248474865697,14.142135623730951,15.0,15.264337522473747,15.231546211727817,15.524174696260024,15.297058540778355,14.142135623730951,12.165525060596439,9.486832980505138,6.708203932499369,5.385164807134504,7.615773105863909,11.40175425099138,15.556349186104045,19.849433241279208,22.67156809750927
1787403784.5657241,-69,0.0,27.65863337187866,27.65863337187866,24.515301344262525,21.213203435596427,16.1245154965971,12.041594578792296,7.615773105863909,5.830951894845301,7.0710678118654755,8.94427190999916,11.180339887498949,12.083045973594572,13.92838827718412,15.811388300841896,16.492422502470642,17.26267650163207,17.029386365926403,15.0,13.038404810405298,10.04987562112089,7.0710678118654755,5.0990195135927845,1.0,2.0,4.0,6.082762530298219,0.0,0.0,0.0,0.0,0.0,0.0,0.0,0.0,0.0,0.0,0.0,1.4142135623730951,1.0,2.8284271247461903,5.0,5.830951894845301,6.324555320336759,8.06225774829855,10.04987562112089,12.165525060596439,13.341664064126334,13.92838827718412,14.7648230602334,14.422205101855956,14.866068747318506,14.866068747318506,14.212670403551895,12.206555615733702,10.63014581273465,8.48528137423857,5.830951894845301,5.385164807134504,7.810249675906654,13.0,16.76305461424021,20.8806130178211,23.769728648009426
1787403784.5861316,-71,0.0,26.476404589747453,25.317977802344327,23.194827009486403,20.09975124224178,16.0312195418814,11.180339887498949,7.211102550927978,6.082762530298219,7.615773105863909,10.295630140987,12.529964086141668,14.7648230602334,16.55294535724685,18.027756377319946,18.973665961010276,18.439088914585774,17.26267650163207,16.1245154965971,14.035668847618199,12.041594578792296,9.055385138137417,6.082762530298219,2.23606797749979,1.4142135623730951,4.123105625617661,6.324555320336759,0.0,0.0,0.0,0.0,0.0,0.0,0.0,0.0,0.0,0.0,0.0,3.1622776601683795,1.0,1.4142135623730951,3.1622776601683795,5.0990195135927845,6.082762530298219,7.0,10.198039027185569,12.649110640673518,13.0,13.416407864998739,14.422205101855956,14.866068747318506,14.866068747318506,15.264337522473747,15.264337522473747,13.892443989449804,12.529964086141668,9.433981132056603,6.4031242374328485,5.0,7.810249675906654,11.704699910719626,16.492422502470642,20.396078054371138,23.53720459187964
1787403784.6033578,-68,0.0,27.294688127912362,26.40075756488817,24.166091947189145,21.02379604162864,15.811388300841896,11.0,6.324555320336759,4.47213595499958,7.0,10.198039027185569,11.704699910719626,13.92838827718412,14.560219778561036,15.033296378372908,16.0,17.029386365926403,16.0312195418814,13.341664064126334,11.40175425099138,9.486832980505138,7.0710678118654755,3.0,1.0,3.0,5.0990195135927845,7.280109889280518,0.0,0.0,0.0,0.0,0.0,0.0,0.0,0.0,0.0,0.0,0.0,3.1622776601683795,2.23606797749979,3.0,4.123105625617661,6.082762530298219,7.0,9.219544457292887,10.770329614269007,12.529964086141668,14.422205101855956,16.401219466856727,16.278820596099706,17.029386365926403,16.64331697709324,16.1245154965971,15.231546211727817,13.92838827718412,11.704699910719626,8.94427190999916,5.656854249492381,5.0,7.211102550927978,12.806248474865697,17.4928556845359,22.360679774997898,25.059928172283335
1787403784.6296263,-69,0.0,25.179356624028344,24.186773244895647,21.37755832643195,18.681541692269406,15.811388300841896,12.206555615733702,10.0,7.280109889280518,7.0710678118654755,7.211102550927978,9.899494936611665,12.041594578792296,16.64331697709324,19.235384061671343,18.867962264113206,17.4928556845359,16.1245154965971,15.231546211727817,11.704699910719626,9.219544457292887,7.0710678118654755,4.123105625617661,2.23606797749979,1.4142135623730951,3.1622776601683795,4.47213595499958,0.0,0.0,0.0,0.0,0.0,0.0,0.0,0.0,0.0,0.0,0.0,2.0,0.0,1.4142135623730951,3.1622776601683795,5.0,5.656854249492381,6.708203932499369,8.246211251235321,10.198039027185569,11.045361017187261,13.038404810405298,14.142135623730951,14.560219778561036,14.317821063276353,13.892443989449804,13.038404810405298,12.206555615733702,10.0,7.211102550927978,4.47213595499958,3.605551275463989,6.082762530298219,11.045361017187261,15.132745950421556,19.1049731745428,21.095023109728988
1787403784.6519666,-69,0.0,29.154759474226502,28.160255680657446,27.294688127912362,24.515301344262525,18.681541692269406,11.704699910719626,5.830951894845301,8.54400374531753,11.661903789690601,12.041594578792296,12.529964086141668,14.212670403551895,17.804493814764857,18.867962264113206,20.248456731316587,19.4164878389476,19.4164878389476,18.867962264113206,16.1245154965971,13.0,10.198039027185569,7.0,4.0,1.0,3.0,5.385164807134504,0.0,0.0,0.0,0.0,0.0,0.0,0.0,0.0,0.0,0.0,0.0,3.1622776601683795,1.0,1.4142135623730951,4.242640687119285,5.0,6.324555320336759,8.246211251235321,10.0,12.041594578792296,14.142135623730951,15.524174696260024,16.15549442140351,16.1245154965971,15.811388300841896,15.620499351813308,15.556349186104045,14.866068747318506,12.727922061357855,9.899494936611665,5.830951894845301,3.1622776601683795,7.280109889280518,12.0,17.029386365926403,22.090722034374522,24.186773244895647
1787403784.6613667,-69,0.0,29.832867780352597,28.861739379323623,27.459060435491963,24.186773244895647,19.1049731745428,13.0,8.94427190999916,8.246211251235321,10.770329614269007,12.041594578792296,13.892443989449804,14.866068747318506,18.384776310850235,21.93171219946131,22.847319317591726,20.615528128088304,20.615528128088304,19.924858845171276,16.492422502470642,12.165525060596439,10.04987562112089,7.0710678118654755,3.0,1.0,4.0,5.0990195135927845,0.0,0.0,0.0,0.0,0.0,0.0,0.0,0.0,0.0,0.0,0.0,3.605551275463989,2.0,2.0,4.0,6.0,7.0710678118654755,8.54400374531753,10.295630140987,11.661903789690601,13.601470508735444,16.278820596099706,16.97056274847714,17.804493814764857,18.027756377319946,17.0,16.15549442140351,14.866068747318506,12.649110640673518,8.94427190999916,6.4031242374328485,4.0,6.4031242374328485,11.180339887498949,16.76305461424021,22.561028345356956,25.96150997149434
1787403785.458819,-69,0.0,26.570660511172846,26.248809496813376,24.041630560342615,20.615528128088304,17.11724276862369,12.0,8.54400374531753,5.830951894845301,6.082762530298219,8.06225774829855,9.433981132056603,11.180339887498949,11.704699910719626,13.601470508735444,14.560219778561036,15.297058540778355,15.132745950421556,14.035668847618199,12.041594578792296,10.0,7.0,5.0,1.0,1.0,4.0,5.0,0.0,0.0,0.0,0.0,0.0,0.0,0.0,0.0,0.0,0.0,0.0,1.4142135623730951,1.0,2.23606797749979,4.123105625617661,6.0,7.0710678118654755,9.219544457292887,10.770329614269007,12.529964086141668,13.892443989449804,14.212670403551895,14.142135623730951,14.422205101855956,14.7648230602334,15.231546211727817,14.560219778561036,14.317821063276353,12.165525060596439,9.219544457292887,6.324555320336759,3.605551275463989,4.47213595499958,8.602325267042627,13.892443989449804,18.788294228055936,21.93171219946131
1787403785.5547285,-70,0.0,22.825424421026653,22.825424421026653,22.47220505424423,21.633307652783937,20.808652046684813,20.0,18.439088914585774,16.278820596099706,14.866068747318506,13.45362404707371,12.206555615733702,11.661903789690601,11.180339887498949,10.770329614269007,10.770329614269007,10.44030650891055,10.44030650891055,10.770329614269007,10.44030650891055,10.44030650891055,10.44030650891055,10.44030650891055,9.486832980505138,8.54400374531753,7.280109889280518,7.280109889280518,0.0,0.0,0.0,0.0,0.0,0.0,0.0,0.0,0.0,0.0,0.0,6.0,6.0,6.082762530298219,5.0990195135927845,5.0990195135927845,5.385164807134504,5.830951894845301,6.4031242374328485,6.4031242374328485,7.0710678118654755,7.0710678118654755,7.211102550927978,8.06225774829855,8.06225774829855,8.94427190999916,11.180339887498949,11.180339887498949,12.083045973594572,13.0,13.92838827718412,15.231546211727817,16.15549442140351,18.027756377319946,19.313207915827967,20.615528128088304,21.02379604162864
1787403785.873326,-70,0.0,21.633307652783937,22.47220505424423,21.95449840010015,21.95449840010015,20.591260281974,20.12461179749811,18.384776310850235,17.08800749063506,14.866068747318506,13.92838827718412,12.083045973594572,11.661903789690601,10.816653826391969,11.40175425099138,10.63014581273465,10.63014581273465,10.63014581273465,9.899494936611665,9.899494936611665,9.899494936611665,9.899494936611665,9.899494936611665,8.48528137423857,8.48528137423857,7.810249675906654,7.810249675906654,0.0,0.0,0.0,0.0,0.0,0.0,0.0,0.0,0.0,0.0,0.0,6.708203932499369,5.830951894845301,5.385164807134504,5.0990195135927845,6.0,6.0,6.082762530298219,7.0710678118654755,7.0710678118654755,7.0710678118654755,8.246211251235321,8.246211251235321,8.06225774829855,8.94427190999916,9.433981132056603,10.0,11.40175425099138,12.806248474865697,13.45362404707371,14.212670403551895,15.620499351813308,16.278820596099706,17.029386365926403,19.209372712298546,20.615528128088304,21.400934559032695
1787403785.873326,-68,0.0,25.45584412271571,25.495097567963924,24.08318915758459,21.400934559032695,18.027756377319946,13.0,9.219544457292887,6.324555320336759,5.0,7.0710678118654755,8.0,9.0,11.045361017187261,12.041594578792296,12.041594578792296,13.152946437965905,13.152946437965905,11.40175425099138,10.770329614269007,8.54400374531753,6.708203932499369,4.47213595499958,2.23606797749979,1.4142135623730951,3.1622776601683795,4.0,0.0,0.0,0.0,0.0,0.0,0.0,0.0,0.0,0.0,0.0,0.0,2.23606797749979,2.8284271247461903,4.123105625617661,5.0,5.0990195135927845,5.830951894845301,7.0710678118654755,8.602325267042627,10.295630140987,10.770329614269007,12.36931687685298,13.152946437965905,13.0,13.152946437965905,13.341664064126334,12.649110640673518,12.083045973594572,9.848857801796104,7.615773105863909,4.123105625617661,1.4142135623730951,4.47213595499958,8.602325267042627,13.45362404707371,17.69180601295413,20.518284528683193
1787403785.873326,-68,0.0,29.614185789921695,28.635642126552707,26.68332812825267,23.08679276123039,19.313207915827967,14.422205101855956,10.0,7.0710678118654755,8.06225774829855,9.219544457292887,11.40175425099138,12.806248474865697,14.212670403551895,15.620499351813308,16.278820596099706,16.97056274847714,16.278820596099706,15.620499351813308,13.601470508735444,11.661903789690601,9.433981132056603,5.830951894845301,3.1622776601683795,0.0,2.8284271247461903,4.242640687119285,0.0,0.0,0.0,0.0,0.0,0.0,0.0,0.0,0.0,0.0,0.0,2.0,1.4142135623730951,2.0,3.605551275463989,5.0,6.324555320336759,8.06225774829855,9.055385138137417,11.180339887498949,13.601470508735444,15.231546211727817,16.1245154965971,16.401219466856727,16.278820596099706,16.401219466856727,15.811388300841896,15.264337522473747,12.529964086141668,10.295630140987,6.708203932499369,2.23606797749979,4.123105625617661,8.0,14.035668847618199,19.1049731745428,23.194827009486403
1787403785.873326,-68,0.0,33.83784863137726,33.52610922848042,32.28002478313795,28.635642126552707,23.194827009486403,18.0,12.36931687685298,7.0710678118654755,7.0,8.94427190999916,10.816653826391969,13.038404810405298,14.7648230602334,16.55294535724685,17.46424919657298,18.027756377319946,17.08800749063506,15.811388300841896,13.601470508735444,11.40175425099138,9.219544457292887,6.0,2.23606797749979,2.8284271247461903,4.47213595499958,5.385164807134504,0.0,0.0,0.0,0.0,0.0,0.0,0.0,0.0,0.0,0.0,0.0,3.1622776601683795,3.1622776601683795,5.0,6.324555320336759,7.0710678118654755,8.06225774829855,9.848857801796104,11.661903789690601,14.212670403551895,16.278820596099706,17.804493814764857,18.867962264113206,18.788294228055936,18.027756377319946,18.439088914585774,18.110770276274835,16.1245154965971,13.038404810405298,10.0,6.082762530298219,2.8284271247461903,5.0,11.661903789690601,18.788294228055936,25.079872407968907,28.231188426986208
1787403785.9053514,-68,0.0,29.120439557122072,28.160255680657446,26.248809496813376,22.47220505424423,19.235384061671343,13.601470508735444,9.433981132056603,7.0,6.4031242374328485,8.06225774829855,10.295630140987,12.529964086141668,14.7648230602334,15.264337522473747,16.64331697709324,17.204650534085253,16.401219466856727,15.620499351813308,14.142135623730951,11.313708498984761,9.219544457292887,6.4031242374328485,3.605551275463989,1.0,2.23606797749979,2.8284271247461903,0.0,0.0,0.0,0.0,0.0,0.0,0.0,0.0,0.0,0.0,0.0,2.0,2.23606797749979,3.0,3.605551275463989,4.47213595499958,6.082762530298219,8.0,10.04987562112089,11.40175425099138,13.601470508735444,15.231546211727817,15.652475842498529,15.0,15.556349186104045,16.278820596099706,15.620499351813308,14.422205101855956,12.529964086141668,8.94427190999916,5.830951894845301,2.23606797749979,3.0,9.055385138137417,14.142135623730951,19.4164878389476,22.561028345356956
1787403786.0640967,-68,0.0,24.041630560342615,23.769728648009426,22.561028345356956,19.235384061671343,15.033296378372908,11.045361017187261,7.615773105863909,5.385164807134504,6.324555320336759,8.06225774829855,9.433981132056603,11.661903789690601,13.038404810405298,14.7648230602334,14.7648230602334,15.231546211727817,15.231546211727817,13.92838827718412,11.40175425099138,9.219544457292887,7.280109889280518,4.123105625617661,2.0,1.4142135623730951,3.1622776601683795,5.0990195135927845,0.0,0.0,0.0,0.0,0.0,0.0,0.0,0.0,0.0,0.0,0.0,1.4142135623730951,1.0,3.0,4.0,5.0990195135927845,7.280109889280518,9.486832980505138,11.180339887498949,12.206555615733702,12.806248474865697,13.45362404707371,13.45362404707371,13.601470508735444,13.416407864998739,14.560219778561036,14.560219778561036,13.341664064126334,10.198039027185569,8.246211251235321,5.385164807134504,2.23606797749979,4.242640687119285,8.06225774829855,13.0,17.08800749063506,20.248456731316587
1787403786.2880645,-71,0.0,26.92582403567252,25.0,23.40939982143925,21.540659228538015,17.88854381999832,13.038404810405298,9.219544457292887,6.324555320336759,5.830951894845301,7.810249675906654,10.0,12.206555615733702,14.422205101855956,15.811388300841896,16.401219466856727,16.401219466856727,15.620499351813308,14.212670403551895,13.45362404707371,9.899494936611665,7.810249675906654,4.242640687119285,1.4142135623730951,1.4142135623730951,3.605551275463989,5.656854249492381,0.0,0.0,0.0,0.0,0.0,0.0,0.0,0.0,0.0,0.0,0.0,2.23606797749979,1.0,1.4142135623730951,3.605551275463989,5.0,6.708203932499369,8.246211251235321,11.045361017187261,12.0,13.152946437965905,14.317821063276353,14.866068747318506,15.231546211727817,16.1245154965971,15.811388300841896,15.620499351813308,14.142135623730951,12.727922061357855,9.899494936611665,6.4031242374328485,3.1622776601683795,4.47213595499958,9.0,14.142135623730951,18.24828759089466,21.37755832643195
1787403786.3845718,-68,0.0,26.92582403567252,25.96150997149434,24.041630560342615,21.18962010041709,17.46424919657298,13.892443989449804,9.899494936611665,7.280109889280518,7.280109889280518,8.602325267042627,10.63014581273465,12.041594578792296,14.212670403551895,15.811388300841896,16.401219466856727,15.811388300841896,15.264337522473747,14.317821063276353,11.704699910719626,9.486832980505138,6.082762530298219,4.0,1.4142135623730951,2.8284271247461903,4.47213595499958,6.324555320336759,0.0,0.0,0.0,0.0,0.0,0.0,0.0,0.0,0.0,0.0,0.0,2.23606797749979,1.0,2.23606797749979,3.0,3.605551275463989,5.656854249492381,8.06225774829855,10.295630140987,12.649110640673518,14.560219778561036,16.278820596099706,16.1245154965971,16.0,15.132745950421556,15.297058540778355,14.866068747318506,13.0,11.180339887498949,8.94427190999916,6.324555320336759,4.123105625617661,5.385164807134504,10.0,15.297058540778355,19.6468827043885,22.80350850198276
1787403787.0855694,-70,0.0,21.95449840010015,22.47220505424423,23.021728866442675,23.021728866442675,22.80350850198276,21.2602916254693,19.79898987322333,18.384776310850235,15.556349186104045,14.142135623730951,13.45362404707371,12.806248474865697,12.206555615733702,13.038404810405298,12.206555615733702,12.206555615733702,11.661903789690601,10.816653826391969,10.816653826391969,9.433981132056603,8.602325267042627,8.602325267042627,8.602325267042627,7.211102550927978,5.830951894845301,5.830951894845301,0.0,0.0,0.0,0.0,0.0,0.0,0.0,0.0,0.0,0.0,0.0,7.0710678118654755,6.0,6.082762530298219,6.082762530298219,6.324555320336759,6.708203932499369,6.708203932499369,6.708203932499369,7.615773105863909,8.06225774829855,8.06225774829855,8.06225774829855,7.810249675906654,7.810249675906654,8.48528137423857,9.219544457292887,9.433981132056603,10.295630140987,11.661903789690601,13.416407864998739,14.317821063276353,15.231546211727817,16.55294535724685,18.788294228055936,20.12461179749811,21.02379604162864
1787403787.3026285,-69,0.0,28.792360097775937,28.792360097775937,26.92582403567252,23.259406699226016,19.235384061671343,14.212670403551895,10.0,7.0710678118654755,7.211102550927978,8.48528137423857,10.63014581273465,12.727922061357855,14.866068747318506,16.278820596099706,16.97056274847714,16.278820596099706,15.620499351813308,13.601470508735444,11.661903789690601,8.94427190999916,5.385164807134504,4.0,1.4142135623730951,2.8284271247461903,4.242640687119285,5.830951894845301,0.0,0.0,0.0,0.0,0.0,0.0,0.0,0.0,0.0,0.0,0.0,2.8284271247461903,2.23606797749979,1.4142135623730951,3.0,4.123105625617661,5.830951894845301,6.4031242374328485,9.219544457292887,10.816653826391969,12.529964086141668,13.0,13.601470508735444,13.152946437965905,13.0,12.165525060596439,12.649110640673518,10.770329614269007,8.94427190999916,6.708203932499369,4.123105625617661,2.8284271247461903,6.0,10.198039027185569,15.524174696260024,20.248456731316587,23.08679276123039
1787403787.4054449,-88,0.0,7.810249675906654,8.602325267042627,7.810249675906654,7.810249675906654,7.810249675906654,7.211102550927978,6.708203932499369,6.708203932499369,5.385164807134504,5.0,4.123105625617661,3.1622776601683795,2.0,2.23606797749979,1.4142135623730951,0.0,1.0,1.0,1.0,1.4142135623730951,2.8284271247461903,3.605551275463989,4.242640687119285,4.242640687119285,5.0,4.242640687119285,0.0,0.0,0.0,0.0,0.0,0.0,0.0,0.0,0.0,0.0,0.0,14.317821063276353,14.142135623730951,15.132745950421556,14.142135623730951,14.035668847618199,13.038404810405298,10.04987562112089,8.246211251235321,7.211102550927978,7.211102550927978,8.246211251235321,9.0,11.0,12.041594578792296,13.038404810405298,13.152946437965905,13.152946437965905,13.152946437965905,12.165525060596439,10.770329614269007,9.848857801796104,8.94427190999916,8.06225774829855,6.708203932499369,5.385164807134504,4.123105625617661
1787403787.4376748,-69,0.0,28.600699292150182,27.018512172212592,24.839484696748443,21.93171219946131,17.69180601295413,12.529964086141668,8.246211251235321,6.708203932499369,8.06225774829855,10.198039027185569,12.041594578792296,14.142135623730951,15.297058540778355,17.46424919657298,17.46424919657298,17.72004514666935,15.811388300841896,13.92838827718412,11.180339887498949,8.94427190999916,6.4031242374328485,3.605551275463989,1.4142135623730951,3.0,5.0990195135927845,6.324555320336759,0.0,0.0,0.0,0.0,0.0,0.0,0.0,0.0,0.0,0.0,0.0,2.8284271247461903,1.4142135623730951,1.0,3.605551275463989,5.656854249492381,7.810249675906654,9.433981132056603,12.083045973594572,13.92838827718412,14.866068747318506,16.492422502470642,16.278820596099706,16.0312195418814,15.033296378372908,14.317821063276353,13.92838827718412,12.083045973594572,10.295630140987,8.54400374531753,5.385164807134504,2.23606797749979,5.0990195135927845,9.848857801796104,15.264337522473747,19.4164878389476,21.633307652783937
1787403787.5970533,-70,0.0,22.090722034374522,22.090722034374522,21.213203435596427,20.396078054371138,19.4164878389476,19.6468827043885,18.681541692269406,17.08800749063506,13.92838827718412,12.649110640673518,11.40175425099138,11.180339887498949,11.045361017187261,11.045361017187261,11.045361017187261,11.045361017187261,11.045361017187261,10.04987562112089,9.055385138137417,9.055385138137417,9.055385138137417,9.055385138137417,9.055385138137417,8.06225774829855,7.0710678118654755,7.0710678118654755,0.0,0.0,0.0,0.0,0.0,0.0,0.0,0.0,0.0,0.0,0.0,7.810249675906654,7.0710678118654755,7.211102550927978,7.211102550927978,7.211102550927978,7.211102550927978,8.06225774829855,8.06225774829855,8.06225774829855,8.06225774829855,8.06225774829855,8.94427190999916,8.54400374531753,8.246211251235321,9.055385138137417,10.04987562112089,11.045361017187261,12.041594578792296,12.0,13.0,14.035668847618199,16.0312195418814,17.029386365926403,19.026297590440446,20.024984394500787,20.0
1787403787.9149592,-69,0.0,21.095023109728988,21.470910553583888,21.470910553583888,21.02379604162864,19.697715603592208,19.313207915827967,18.027756377319946,16.76305461424021,15.297058540778355,13.341664064126334,11.40175425099138,10.770329614269007,9.848857801796104,10.295630140987,10.295630140987,10.295630140987,10.295630140987,9.433981132056603,10.0,9.219544457292887,9.219544457292887,8.602325267042627,8.602325267042627,8.06225774829855,7.211102550927978,7.211102550927978,0.0,0.0,0.0,0.0,0.0,0.0,0.0,0.0,0.0,0.0,0.0,7.280109889280518,7.0710678118654755,7.0710678118654755,7.0,7.0710678118654755,8.06225774829855,8.06225774829855,9.055385138137417,9.055385138137417,10.04987562112089,9.055385138137417,9.219544457292887,9.219544457292887,8.246211251235321,9.486832980505138,11.180339887498949,11.661903789690601,11.661903789690601,12.529964086141668,13.892443989449804,14.422205101855956,15.811388300841896,17.204650534085253,18.027756377319946,19.4164878389476,20.248456731316587
1787403788.3363602,-70,0.0,29.832867780352597,28.319604517012593,26.248809496813376,22.20360331117452,17.4928556845359,13.0,8.06225774829855,5.385164807134504,6.324555320336759,8.0,10.0,12.041594578792296,14.142135623730951,16.278820596099706,17.46424919657298,17.72004514666935,17.08800749063506,16.15549442140351,14.317821063276353,12.083045973594572,8.94427190999916,5.830951894845301,2.23606797749979,1.0,4.123105625617661,6.324555320336759,0.0,0.0,0.0,0.0,0.0,0.0,0.0,0.0,0.0,0.0,0.0,3.1622776601683795,1.4142135623730951,1.4142135623730951,3.0,4.123105625617661,5.830951894845301,7.810249675906654,9.899494936611665,12.206555615733702,13.416407864998739,14.317821063276353,13.92838827718412,14.317821063276353,14.0,14.035668847618199,13.152946437965905,12.165525060596439,10.198039027185569,7.0,4.47213595499958,4.47213595499958,7.280109889280518,12.806248474865697,18.439088914585774,22.67156809750927,26.1725046566048
1787403788.3614008,-70,0.0,25.612496949731394,22.67156809750927,21.213203435596427,17.69180601295413,12.727922061357855,9.219544457292887,7.615773105863909,5.385164807134504,4.47213595499958,6.082762530298219,10.44030650891055,11.40175425099138,13.0,15.264337522473747,14.212670403551895,15.0,15.620499351813308,14.142135623730951,12.806248474865697,10.63014581273465,7.810249675906654,5.0,2.23606797749979,1.0,3.605551275463989,5.0,0.0,0.0,0.0,0.0,0.0,0.0,0.0,0.0,0.0,0.0,0.0,2.0,1.4142135623730951,1.4142135623730951,3.1622776601683795,4.0,5.0990195135927845,6.708203932499369,8.06225774829855,10.0,11.313708498984761,12.041594578792296,10.295630140987,10.770329614269007,11.40175425099138,12.165525060596439,12.0,11.045361017187261,9.055385138137417,6.0,3.605551275463989,5.0,8.06225774829855,11.40175425099138,16.278820596099706,21.93171219946131,24.758836806279895
1787403788.4888358,-69,0.0,29.410882339705484,28.460498941515414,25.632011235952593,21.18962010041709,17.46424919657298,12.529964086141668,7.810249675906654,4.0,5.0,6.708203932499369,9.848857801796104,12.083045973594572,13.892443989449804,16.1245154965971,16.64331697709324,18.027756377319946,17.804493814764857,16.401219466856727,14.866068747318506,12.727922061357855,9.899494936611665,7.0710678118654755,4.242640687119285,0.0,2.8284271247461903,3.605551275463989,0.0,0.0,0.0,0.0,0.0,0.0,0.0,0.0,0.0,0.0,0.0,3.1622776601683795,2.0,2.23606797749979,2.23606797749979,2.8284271247461903,4.47213595499958,6.324555320336759,8.06225774829855,10.0,12.041594578792296,13.152946437965905,12.36931687685298,12.649110640673518,12.529964086141668,12.206555615733702,11.40175425099138,9.899494936611665,9.219544457292887,6.708203932499369,4.0,4.47213595499958,9.0,13.152946437965905,18.439088914585774,22.80350850198276,25.709920264364882
1787403788.5202985,-70,0.0,21.587033144922902,21.587033144922902,20.615528128088304,19.4164878389476,18.439088914585774,18.439088914585774,16.278820596099706,15.132745950421556,14.035668847618199,13.152946437965905,12.165525060596439,12.36931687685298,11.704699910719626,11.704699910719626,12.083045973594572,12.083045973594572,12.083045973594572,12.083045973594572,11.180339887498949,11.180339887498949,11.704699910719626,11.704699910719626,11.40175425099138,10.44030650891055,9.486832980505138,9.219544457292887,0.0,0.0,0.0,0.0,0.0,0.0,0.0,0.0,0.0,0.0,0.0,6.708203932499369,6.708203932499369,6.082762530298219,6.082762530298219,7.0,7.0,8.0,8.0,8.0,9.0,9.0,9.055385138137417,9.219544457292887,9.219544457292887,9.486832980505138,10.770329614269007,12.083045973594572,12.083045973594572,13.92838827718412,13.92838827718412,15.231546211727817,16.15549442140351,17.08800749063506,18.973665961010276,19.924858845171276,19.924858845171276
1787403788.615841,-70,0.0,27.65863337187866,26.92582403567252,24.73863375370596,20.8806130178211,17.08800749063506,12.529964086141668,6.4031242374328485,3.0,5.0,6.4031242374328485,9.433981132056603,12.206555615733702,14.212670403551895,14.866068747318506,16.278820596099706,17.204650534085253,18.027756377319946,16.64331697709324,14.422205101855956,11.661903789690601,9.848857801796104,6.708203932499369,2.23606797749979,1.0,3.1622776601683795,5.385164807134504,0.0,0.0,0.0,0.0,0.0,0.0,0.0,0.0,0.0,0.0,0.0,3.1622776601683795,1.4142135623730951,0.0,2.8284271247461903,5.0,6.708203932499369,7.615773105863909,10.198039027185569,12.165525060596439,14.035668847618199,15.033296378372908,14.035668847618199,12.165525060596439,11.40175425099138,11.180339887498949,10.816653826391969,9.433981132056603,8.06225774829855,6.324555320336759,5.0990195135927845,5.830951894845301,9.055385138137417,13.341664064126334,17.72004514666935,20.615528128088304,22.561028345356956
1787403788.6434798,-70,0.0,22.20360331117452,22.20360331117452,22.20360331117452,21.095023109728988,20.09975124224178,19.026297590440446,19.0,18.0,15.0,14.035668847618199,14.0,14.035668847618199,13.152946437965905,12.36931687685298,12.36931687685298,12.165525060596439,12.649110640673518,12.649110640673518,11.180339887498949,11.045361017187261,11.180339887498949,11.40175425099138,10.198039027185569,10.04987562112089,10.198039027185569,10.44030650891055,0.0,0.0,0.0,0.0,0.0,0.0,0.0,0.0,0.0,0.0,0.0,7.615773105863909,7.615773105863909,7.280109889280518,7.280109889280518,7.280109889280518,7.0710678118654755,8.06225774829855,9.0,9.0,9.055385138137417,9.0,8.0,8.0,9.055385138137417,10.198039027185569,10.44030650891055,11.704699910719626,13.0,14.317821063276353,15.231546211727817,16.15549442140351,18.384776310850235,18.973665961010276,20.615528128088304,21.587033144922902,21.587033144922902
1787403788.7359443,-69,0.0,20.0,21.400934559032695,20.615528128088304,19.209372712298546,19.209372712298546,19.79898987322333,17.029386365926403,13.45362404707371,13.45362404707371,12.206555615733702,11.40175425099138,12.041594578792296,12.206555615733702,12.529964086141668,12.083045973594572,11.180339887498949,8.602325267042627,7.810249675906654,10.816653826391969,12.529964086141668,11.661903789690601,10.0,8.602325267042627,7.615773105863909,6.4031242374328485,7.0710678118654755,0.0,0.0,0.0,0.0,0.0,0.0,0.0,0.0,0.0,0.0,0.0,7.0,7.0,6.0,7.0,7.0710678118654755,8.246211251235321,7.280109889280518,7.615773105863909,7.615773105863909,7.615773105863909,7.615773105863909,8.06225774829855,7.810249675906654,7.0710678118654755,7.810249675906654,10.0,11.661903789690601,13.038404810405298,14.422205101855956,13.601470508735444,15.0,15.811388300841896,15.811388300841896,17.204650534085253,18.601075237738275,19.4164878389476
1787403788.7757082,-69,0.0,26.627053911388696,26.076809620810597,23.021728866442675,20.0,16.97056274847714,12.206555615733702,8.94427190999916,6.0,4.242640687119285,5.830951894845301,6.708203932499369,9.486832980505138,10.770329614269007,9.848857801796104,12.083045973594572,15.264337522473747,15.811388300841896,14.7648230602334,13.038404810405298,9.899494936611665,7.810249675906654,5.0,2.23606797749979,2.0,3.605551275463989,4.242640687119285,0.0,0.0,0.0,0.0,0.0,0.0,0.0,0.0,0.0,0.0,0.0,2.8284271247461903,2.0,2.23606797749979,3.0,3.1622776601683795,5.0,6.708203932499369,8.54400374531753,9.486832980505138,11.40175425099138,12.36931687685298,12.165525060596439,12.0,11.180339887498949,11.704699910719626,10.770329614269007,10.295630140987,8.94427190999916,6.708203932499369,4.123105625617661,2.8284271247461903,6.082762530298219,10.770329614269007,14.7648230602334,18.35755975068582,20.591260281974
1787403789.0610974,-70,0.0,28.460498941515414,28.160255680657446,25.96150997149434,22.561028345356956,18.24828759089466,14.035668847618199,9.219544457292887,6.4031242374328485,6.082762530298219,7.280109889280518,8.54400374531753,10.44030650891055,12.36931687685298,14.142135623730951,15.132745950421556,16.0312195418814,16.0,15.0,14.035668847618199,11.0,9.055385138137417,6.082762530298219,2.0,1.4142135623730951,3.1622776601683795,5.0,0.0,0.0,0.0,0.0,0.0,0.0,0.0,0.0,0.0,0.0,0.0,4.123105625617661,2.0,1.0,2.8284271247461903,4.123105625617661,6.0,8.06225774829855,9.486832980505138,11.704699910719626,13.416407864998739,15.264337522473747,15.0,14.866068747318506,14.212670403551895,13.892443989449804,13.416407864998739,11.704699910719626,10.44030650891055,8.54400374531753,5.0,3.1622776601683795,5.0,9.433981132056603,15.231546211727817,19.697715603592208,22.47220505424423
1787403789.188898,-70,0.0,28.844410203711913,27.784887978899608,25.553864678361276,21.95449840010015,17.88854381999832,12.649110640673518,8.0,7.211102550927978,7.615773105863909,9.055385138137417,11.0,11.045361017187261,12.041594578792296,13.152946437965905,15.524174696260024,15.811388300841896,15.231546211727817,14.7648230602334,13.038404810405298,10.816653826391969,8.602325267042627,4.47213595499958,2.23606797749979,1.4142135623730951,4.242640687119285,5.656854249492381,0.0,0.0,0.0,0.0,0.0,0.0,0.0,0.0,0.0,0.0,0.0,2.8284271247461903,1.4142135623730951,1.4142135623730951,2.23606797749979,4.123105625617661,6.0,8.246211251235321,10.770329614269007,12.529964086141668,13.892443989449804,15.0,16.278820596099706,16.401219466856727,16.64331697709324,16.55294535724685,16.76305461424021,15.297058540778355,14.142135623730951,11.180339887498949,7.615773105863909,5.0,6.082762530298219,10.0,14.866068747318506,20.0,23.021728866442675
1787403789.6368499,-71,0.0,31.78049716414141,30.805843601498726,28.635642126552707,24.331050121192877,20.024984394500787,15.132745950421556,10.295630140987,6.708203932499369,8.06225774829855,10.295630140987,10.295630140987,10.770329614269007,12.649110640673518,14.560219778561036,16.278820596099706,17.11724276862369,17.029386365926403,17.0,16.0312195418814,14.035668847618199,11.045361017187261,8.06225774829855,4.0,1.0,3.0,5.0990195135927845,0.0,0.0,0.0,0.0,0.0,0.0,0.0,0.0,0.0,0.0,0.0,5.385164807134504,3.0,1.4142135623730951,4.0,6.324555320336759,8.54400374531753,10.770329614269007,13.601470508735444,16.278820596099706,17.69180601295413,18.439088914585774,18.601075237738275,19.235384061671343,19.697715603592208,19.313207915827967,18.681541692269406,16.492422502470642,14.317821063276353,12.36931687685298,8.54400374531753,2.23606797749979,6.4031242374328485,12.529964086141668,19.697715603592208,23.769728648009426,26.248809496813376
1787403789.6532,-71,0.0,31.622776601683793,30.675723300355934,28.460498941515414,24.698178070456937,19.235384061671343,15.0,10.816653826391969,8.06225774829855,7.615773105863909,9.219544457292887,10.63014581273465,11.313708498984761,13.45362404707371,14.212670403551895,15.264337522473747,16.55294535724685,17.08800749063506,16.76305461424021,16.492422502470642,14.317821063276353,11.180339887498949,8.246211251235321,5.0990195135927845,2.23606797749979,2.23606797749979,3.605551275463989,0.0,0.0,0.0,0.0,0.0,0.0,0.0,0.0,0.0,0.0,0.0,6.4031242374328485,2.8284271247461903,0.0,1.4142135623730951,4.47213595499958,7.0710678118654755,10.0,12.0,14.0,15.0,17.11724276862369,18.681541692269406,18.384776310850235,17.88854381999832,16.64331697709324,16.401219466856727,15.556349186104045,13.45362404707371,9.899494936611665,5.0,2.23606797749979,7.0710678118654755,14.035668847618199,19.4164878389476,23.769728648009426,26.68332812825267
1787403789.6681929,-72,0.0,27.294688127912362,25.495097567963924,23.53720459187964,20.8806130178211,17.46424919657298,13.038404810405298,9.219544457292887,6.082762530298219,5.385164807134504,6.4031242374328485,7.211102550927978,9.899494936611665,11.40175425099138,12.206555615733702,13.038404810405298,13.416407864998739,13.92838827718412,13.601470508735444,12.36931687685298,11.40175425099138,9.219544457292887,6.082762530298219,3.0,1.0,2.8284271247461903,4.47213595499958,0.0,0.0,0.0,0.0,0.0,0.0,0.0,0.0,0.0,0.0,0.0,3.605551275463989,1.4142135623730951,1.4142135623730951,3.1622776601683795,5.0990195135927845,6.0,8.06225774829855,12.0,14.0,15.033296378372908,15.297058540778355,15.811388300841896,16.15549442140351,16.64331697709324,16.278820596099706,15.556349186104045,14.866068747318506,12.727922061357855,9.219544457292887,5.656854249492381,3.1622776601683795,6.708203932499369,10.04987562112089,14.142135623730951,18.24828759089466,22.20360331117452
1787403789.9879258,-70,0.0,25.495097567963924,24.839484696748443,23.430749027719962,20.615528128088304,17.804493814764857,14.7648230602334,10.198039027185569,7.280109889280518,7.0710678118654755,8.54400374531753,9.486832980505138,10.770329614269007,12.083045973594572,13.416407864998739,13.892443989449804,14.422205101855956,13.601470508735444,12.806248474865697,12.041594578792296,9.899494936611665,7.0710678118654755,4.242640687119285,2.23606797749979,1.4142135623730951,3.0,4.123105625617661,0.0,0.0,0.0,0.0,0.0,0.0,0.0,0.0,0.0,0.0,0.0,3.605551275463989,2.23606797749979,1.4142135623730951,3.1622776601683795,4.123105625617661,6.082762530298219,7.615773105863909,9.848857801796104,11.661903789690601,12.041594578792296,12.206555615733702,12.083045973594572,13.601470508735444,14.560219778561036,15.297058540778355,16.0312195418814,14.0,12.0,10.0,7.0,3.605551275463989,4.123105625617661,8.602325267042627,12.727922061357855,17.69180601295413,19.849433241279208
1787403790.0037534,-70,0.0,31.575306807693888,30.59411708155671,29.427877939124322,26.30589287593181,22.02271554554524,17.11724276862369,13.0,9.899494936611665,8.246211251235321,10.04987562112089,12.165525060596439,13.341664064126334,15.132745950421556,17.11724276862369,18.110770276274835,18.0,18.027756377319946,16.1245154965971,14.317821063276353,12.36931687685298,9.219544457292887,6.082762530298219,3.0,1.0,3.605551275463989,5.656854249492381,0.0,0.0,0.0,0.0,0.0,0.0,0.0,0.0,0.0,0.0,0.0,4.47213595499958,2.0,1.4142135623730951,2.8284271247461903,3.605551275463989,5.385164807134504,8.94427190999916,10.44030650891055,11.0,12.36931687685298,13.601470508735444,14.7648230602334,14.866068747318506,16.401219466856727,18.027756377319946,18.35755975068582,16.55294535724685,14.317821063276353,12.529964086141668,8.602325267042627,4.47213595499958,5.0,9.848857801796104,16.492422502470642,21.587033144922902,24.73863375370596
1787403790.0194623,-70,0.0,32.01562118716424,31.04834939252005,29.832867780352597,27.459060435491963,23.194827009486403,19.0,13.341664064126334,10.0,7.615773105863909,9.0,10.04987562112089,12.041594578792296,14.0,16.0,17.029386365926403,17.029386365926403,16.278820596099706,15.524174696260024,13.601470508735444,10.770329614269007,8.06225774829855,5.385164807134504,2.23606797749979,1.0,3.1622776601683795,4.47213595499958,0.0,0.0,0.0,0.0,0.0,0.0,0.0,0.0,0.0,0.0,0.0,3.0,0.0,3.1622776601683795,5.656854249492381,6.4031242374328485,6.4031242374328485,7.211102550927978,10.04987562112089,13.0,13.038404810405298,13.341664064126334,13.92838827718412,15.264337522473747,16.278820596099706,18.439088914585774,18.027756377319946,15.264337522473747,13.892443989449804,11.661903789690601,8.602325267042627,4.47213595499958,5.656854249492381,10.770329614269007,17.46424919657298,22.561028345356956,24.73863375370596
1787403790.0353675,-69,0.0,28.442925306655784,27.459060435491963,25.179356624028344,23.021728866442675,19.026297590440446,14.317821063276353,11.180339887498949,8.602325267042627,8.0,9.486832980505138,11.704699910719626,13.601470508735444,13.341664064126334,13.152946437965905,15.0,16.0,16.0312195418814,17.029386365926403,16.1245154965971,14.317821063276353,12.041594578792296,8.06225774829855,4.47213595499958,1.4142135623730951,1.4142135623730951,3.605551275463989,0.0,0.0,0.0,0.0,0.0,0.0,0.0,0.0,0.0,0.0,0.0,3.1622776601683795,1.4142135623730951,2.0,3.1622776601683795,3.605551275463989,5.656854249492381,6.708203932499369,8.246211251235321,10.0,12.041594578792296,13.341664064126334,13.92838827718412,14.7648230602334,15.0,14.866068747318506,15.0,13.601470508735444,12.206555615733702,9.219544457292887,5.656854249492381,3.1622776601683795,5.0,10.44030650891055,15.297058540778355,19.1049731745428,22.090722034374522
