Timestamp,RSSI,Sub_0,Sub_1,Sub_2,Sub_3,Sub_4,Sub_5,Sub_6,Sub_7,Sub_8,Sub_9,Sub_10,Sub_11,Sub_12,Sub_13,Sub_14,Sub_15,Sub_16,Sub_17,Sub_18,Sub_19,Sub_20,Sub_21,Sub_22,Sub_23,Sub_24,Sub_25,Sub_26,Sub_27,Sub_28,Sub_29,Sub_30,Sub_31,Sub_32,Sub_33,Sub_34,Sub_35,Sub_36,Sub_37,Sub_38,Sub_39,Sub_40,Sub_41,Sub_42,Sub_43,Sub_44,Sub_45,Sub_46,Sub_47,Sub_48,Sub_49,Sub_50,Sub_51,Sub_52,Sub_53,Sub_54,Sub_55,Sub_56,Sub_57,Sub_58,Sub_59,Sub_60,Sub_61,Sub_62,Sub_63
1787403440.0641642,-70,0.0,25.0,25.0,23.08679276123039,20.248456731316587,16.55294535724685,12.529964086141668,8.48528137423857,5.0990195135927845,5.656854249492381,7.615773105863909,10.44030650891055,13.601470508735444,15.524174696260024,16.492422502470642,16.76305461424021,16.76305461424021,15.811388300841896,14.560219778561036,11.704699910719626,9.848857801796104,7.211102550927978,5.0,1.4142135623730951,1.4142135623730951,3.605551275463989,5.0,0.0,0.0,0.0,0.0,0.0,0.0,0.0,0.0,0.0,0.0,0.0,3.0,2.0,1.0,2.23606797749979,5.0990195135927845,7.0,9.219544457292887,11.40175425099138,13.601470508735444,15.811388300841896,16.15549442140351,16.55294535724685,17.0,16.64331697709324,15.811388300841896,14.212670403551895,12.041594578792296,10.63014581273465,7.810249675906654,3.605551275463989,2.23606797749979,6.082762530298219,11.40175425099138,15.811388300841896,18.973665961010276,22.135943621178654
1787403440.093773,-70,0.0,25.495097567963924,24.596747752497688,23.706539182259394,21.02379604162864,18.027756377319946,13.341664064126334,8.06225774829855,4.47213595499958,4.0,7.615773105863909,10.295630140987,13.038404810405298,15.264337522473747,16.64331697709324,18.027756377319946,17.204650534085253,15.811388300841896,13.892443989449804,11.180339887498949,8.54400374531753,7.280109889280518,4.123105625617661,1.0,1.4142135623730951,4.123105625617661,6.324555320336759,0.0,0.0,0.0,0.0,0.0,0.0,0.0,0.0,0.0,0.0,0.0,2.8284271247461903,1.0,1.0,3.0,4.47213595499958,7.810249675906654,9.219544457292887,12.206555615733702,13.892443989449804,16.1245154965971,16.55294535724685,17.46424919657298,17.08800749063506,16.76305461424021,16.492422502470642,14.317821063276353,13.152946437965905,10.04987562112089,7.0710678118654755,4.47213595499958,2.0,6.4031242374328485,11.661903789690601,15.652475842498529,18.788294228055936,21.470910553583888
1787403440.1037643,-70,0.0,26.92582403567252,26.92582403567252,25.059928172283335,22.360679774997898,18.788294228055936,13.601470508735444,9.0,6.4031242374328485,6.082762530298219,8.246211251235321,11.704699910719626,13.92838827718412,16.15549442140351,17.46424919657298,17.88854381999832,17.46424919657298,16.55294535724685,14.317821063276353,11.704699910719626,10.198039027185569,8.0,5.0,2.23606797749979,2.23606797749979,4.242640687119285,5.830951894845301,0.0,0.0,0.0,0.0,0.0,0.0,0.0,0.0,0.0,0.0,0.0,4.123105625617661,3.0,2.23606797749979,2.0,4.47213595499958,6.4031242374328485,7.615773105863909,10.44030650891055,12.649110640673518,14.560219778561036,16.492422502470642,17.46424919657298,17.26267650163207,16.1245154965971,15.0,14.035668847618199,12.041594578792296,9.219544457292887,6.082762530298219,2.23606797749979,1.4142135623730951,7.211102550927978,12.206555615733702,16.64331697709324,21.095023109728988,23.853720883753127
1787403440.1271968,-69,0.0,27.730849247724095,26.832815729997478,25.495097567963924,22.847319317591726,19.313207915827967,14.560219778561036,10.04987562112089,6.324555320336759,5.385164807134504,7.0710678118654755,9.486832980505138,12.649110640673518,14.866068747318506,16.15549442140351,16.15549442140351,15.231546211727817,13.92838827718412,11.704699910719626,9.219544457292887,7.0,4.123105625617661,2.23606797749979,2.0,3.605551275463989,5.385164807134504,7.280109889280518,0.0,0.0,0.0,0.0,0.0,0.0,0.0,0.0,0.0,0.0,0.0,3.605551275463989,3.1622776601683795,2.23606797749979,3.1622776601683795,4.0,6.324555320336759,8.602325267042627,11.313708498984761,13.45362404707371,14.866068747318506,16.401219466856727,17.204650534085253,16.1245154965971,15.652475842498529,14.866068747318506,13.601470508735444,11.40175425099138,9.219544457292887,6.324555320336759,3.605551275463989,3.605551275463989,7.211102550927978,12.529964086141668,16.55294535724685,20.615528128088304,22.847319317591726
1787403440.46054,-69,0.0,21.470910553583888,21.02379604162864,21.470910553583888,20.591260281974,19.72308292331602,20.248456731316587,18.027756377319946,16.64331697709324,15.811388300841896,14.422205101855956,13.038404810405298,13.038404810405298,12.529964086141668,13.416407864998739,12.529964086141668,12.529964086141668,12.083045973594572,11.180339887498949,10.295630140987,10.295630140987,10.295630140987,9.433981132056603,8.94427190999916,8.06225774829855,8.06225774829855,6.708203932499369,0.0,0.0,0.0,0.0,0.0,0.0,0.0,0.0,0.0,0.0,0.0,7.211102550927978,6.4031242374328485,6.4031242374328485,7.0710678118654755,7.0710678118654755,7.211102550927978,8.06225774829855,8.602325267042627,8.602325267042627,9.219544457292887,10.0,10.0,9.433981132056603,9.433981132056603,10.295630140987,11.180339887498949,12.083045973594572,13.0,13.0,13.92838827718412,14.866068747318506,15.811388300841896,16.76305461424021,18.973665961010276,20.248456731316587,20.615528128088304
1787403440.798912,-68,0.0,26.248809496813376,25.612496949731394,23.600847442411894,20.615528128088304,15.620499351813308,10.63014581273465,6.708203932499369,5.0990195135927845,6.4031242374328485,8.54400374531753,11.180339887498949,14.317821063276353,16.76305461424021,18.681541692269406,19.924858845171276,18.973665961010276,18.027756377319946,16.15549442140351,14.317821063276353,11.180339887498949,8.06225774829855,4.47213595499958,2.23606797749979,0.0,2.23606797749979,4.47213595499958,0.0,0.0,0.0,0.0,0.0,0.0,0.0,0.0,0.0,0.0,0.0,6.082762530298219,4.47213595499958,2.8284271247461903,1.0,2.23606797749979,5.385164807134504,8.54400374531753,12.36931687685298,14.560219778561036,17.08800749063506,18.027756377319946,18.681541692269406,18.681541692269406,18.439088914585774,17.11724276862369,15.0,12.0,11.045361017187261,9.0,5.385164807134504,5.385164807134504,7.0710678118654755,11.180339887498949,17.204650534085253,20.615528128088304,22.67156809750927
1787403440.8064966,-68,0.0,27.202941017470888,26.40075756488817,25.0,22.20360331117452,18.027756377319946,13.892443989449804,9.486832980505138,6.082762530298219,5.0,7.280109889280518,10.04987562112089,13.038404810405298,15.132745950421556,17.029386365926403,17.029386365926403,17.11724276862369,16.278820596099706,14.317821063276353,11.40175425099138,9.486832980505138,6.708203932499369,4.47213595499958,1.4142135623730951,1.0,3.1622776601683795,4.47213595499958,0.0,0.0,0.0,0.0,0.0,0.0,0.0,0.0,0.0,0.0,0.0,4.47213595499958,2.8284271247461903,1.0,1.0,3.1622776601683795,5.830951894845301,7.810249675906654,11.313708498984761,14.142135623730951,16.278820596099706,17.69180601295413,18.601075237738275,18.027756377319946,17.0,15.652475842498529,14.317821063276353,12.083045973594572,9.486832980505138,6.708203932499369,5.0,5.0990195135927845,8.602325267042627,13.45362404707371,18.601075237738275,23.021728866442675,24.413111231467404
1787403440.9743423,-68,0.0,27.892651361962706,26.92582403567252,25.96150997149434,22.80350850198276,18.973665961010276,14.7648230602334,10.63014581273465,7.615773105863909,7.0710678118654755,8.06225774829855,10.0,11.40175425099138,13.45362404707371,15.0,15.811388300841896,15.264337522473747,13.892443989449804,13.416407864998739,11.704699910719626,10.44030650891055,8.246211251235321,6.082762530298219,3.1622776601683795,1.0,2.23606797749979,4.123105625617661,0.0,0.0,0.0,0.0,0.0,0.0,0.0,0.0,0.0,0.0,0.0,4.47213595499958,4.123105625617661,2.0,1.0,2.23606797749979,5.0990195135927845,8.06225774829855,11.0,13.0,15.0,17.029386365926403,18.110770276274835,17.26267650163207,16.492422502470642,15.811388300841896,15.231546211727817,13.0,9.848857801796104,6.324555320336759,3.1622776601683795,4.123105625617661,8.06225774829855,12.36931687685298,17.46424919657298,21.587033144922902,23.769728648009426
1787403441.0701272,-68,0.0,31.32091952673165,30.364452901377952,28.160255680657446,25.0,20.8806130178211,15.652475842498529,11.313708498984761,8.54400374531753,9.219544457292887,11.180339887498949,13.038404810405298,15.811388300841896,18.027756377319946,19.72308292331602,20.12461179749811,20.12461179749811,18.788294228055936,16.55294535724685,13.92838827718412,10.44030650891055,7.0710678118654755,4.123105625617661,0.0,2.0,4.0,6.082762530298219,0.0,0.0,0.0,0.0,0.0,0.0,0.0,0.0,0.0,0.0,0.0,5.656854249492381,4.242640687119285,2.8284271247461903,0.0,2.8284271247461903,5.0,7.615773105863909,11.40175425099138,14.317821063276353,17.26267650163207,18.24828759089466,19.1049731745428,19.0,19.1049731745428,17.46424919657298,16.76305461424021,14.866068747318506,12.083045973594572,8.94427190999916,5.0990195135927845,3.605551275463989,8.0,13.341664064126334,18.681541692269406,24.351591323771842,26.570660511172846
1787403441.085816,-68,0.0,32.38826948140329,30.265491900843113,27.459060435491963,24.515301344262525,19.6468827043885,15.231546211727817,11.40175425099138,8.06225774829855,8.246211251235321,10.295630140987,12.806248474865697,15.620499351813308,17.029386365926403,19.209372712298546,21.2602916254693,19.849433241279208,18.439088914585774,17.204650534085253,14.7648230602334,10.295630140987,7.211102550927978,5.0,1.4142135623730951,2.23606797749979,4.47213595499958,5.0990195135927845,0.0,0.0,0.0,0.0,0.0,0.0,0.0,0.0,0.0,0.0,0.0,5.830951894845301,5.0,3.605551275463989,1.0,3.1622776601683795,7.280109889280518,10.198039027185569,13.341664064126334,15.297058540778355,16.492422502470642,18.973665961010276,19.697715603592208,17.4928556845359,17.4928556845359,18.027756377319946,17.029386365926403,14.212670403551895,11.313708498984761,8.48528137423857,5.830951894845301,3.1622776601683795,6.082762530298219,11.045361017187261,17.26267650163207,23.194827009486403,27.16615541441225
1787403441.085816,-68,0.0,29.120439557122072,29.120439557122072,27.892651361962706,24.73863375370596,20.396078054371138,15.033296378372908,10.04987562112089,6.4031242374328485,7.0710678118654755,10.04987562112089,12.36931687685298,14.317821063276353,16.278820596099706,18.24828759089466,20.09975124224178,20.09975124224178,19.026297590440446,17.029386365926403,14.0,10.04987562112089,7.0710678118654755,4.0,1.4142135623730951,2.8284271247461903,3.605551275463989,4.47213595499958,0.0,0.0,0.0,0.0,0.0,0.0,0.0,0.0,0.0,0.0,0.0,5.385164807134504,4.123105625617661,1.4142135623730951,1.0,3.1622776601683795,5.385164807134504,6.708203932499369,10.295630140987,13.892443989449804,17.0,18.35755975068582,18.867962264113206,19.209372712298546,17.69180601295413,16.278820596099706,15.811388300841896,14.422205101855956,11.661903789690601,8.06225774829855,4.242640687119285,3.605551275463989,7.211102550927978,11.704699910719626,16.492422502470642,21.587033144922902,25.709920264364882
1787403441.085816,-68,0.0,27.018512172212592,27.073972741361768,25.019992006393608,22.02271554554524,19.026297590440446,14.317821063276353,10.44030650891055,7.211102550927978,6.324555320336759,8.06225774829855,9.219544457292887,10.44030650891055,12.649110640673518,13.601470508735444,14.317821063276353,14.142135623730951,14.035668847618199,13.0,10.04987562112089,8.246211251235321,6.082762530298219,2.23606797749979,0.0,2.0,3.1622776601683795,4.47213595499958,0.0,0.0,0.0,0.0,0.0,0.0,0.0,0.0,0.0,0.0,0.0,2.0,1.0,0.0,2.23606797749979,4.242640687119285,5.830951894845301,8.246211251235321,11.180339887498949,13.152946437965905,15.033296378372908,17.029386365926403,17.029386365926403,16.278820596099706,15.524174696260024,14.317821063276353,13.416407864998739,12.529964086141668,10.295630140987,7.615773105863909,5.0990195135927845,4.47213595499958,7.280109889280518,11.045361017187261,16.0,20.024984394500787,23.08679276123039
1787403441.149942,-67,0.0,30.59411708155671,30.805843601498726,30.083217912982647,26.68332812825267,21.095023109728988,15.033296378372908,11.40175425099138,8.602325267042627,8.246211251235321,11.0,13.038404810405298,15.033296378372908,17.11724276862369,19.026297590440446,18.0,18.0,17.0,16.0312195418814,14.035668847618199,11.045361017187261,8.246211251235321,4.123105625617661,1.0,2.23606797749979,4.123105625617661,4.123105625617661,0.0,0.0,0.0,0.0,0.0,0.0,0.0,0.0,0.0,0.0,0.0,9.486832980505138,7.0,4.47213595499958,2.23606797749979,2.23606797749979,6.082762530298219,8.06225774829855,11.045361017187261,14.035668847618199,15.297058540778355,17.46424919657298,18.439088914585774,18.027756377319946,15.231546211727817,14.317821063276353,13.601470508735444,12.041594578792296,9.219544457292887,7.810249675906654,6.324555320336759,5.0,8.246211251235321,14.142135623730951,20.223748416156685,23.194827009486403,25.317977802344327
1787403441.188018,-68,0.0,32.2490309931942,31.25699921617557,29.274562336608895,25.317977802344327,20.396078054371138,15.811388300841896,9.433981132056603,6.708203932499369,7.0710678118654755,9.433981132056603,11.40175425099138,14.212670403551895,17.204650534085253,18.601075237738275,19.4164878389476,19.4164878389476,17.4928556845359,15.652475842498529,13.416407864998739,10.770329614269007,8.54400374531753,4.47213595499958,1.0,3.0,5.0,7.0,0.0,0.0,0.0,0.0,0.0,0.0,0.0,0.0,0.0,0.0,0.0,4.242640687119285,3.605551275463989,1.4142135623730951,1.4142135623730951,4.0,7.0710678118654755,10.04987562112089,13.038404810405298,15.033296378372908,17.0,19.026297590440446,19.1049731745428,19.4164878389476,18.973665961010276,18.384776310850235,16.55294535724685,13.892443989449804,11.661903789690601,8.06225774829855,5.0,5.0,9.219544457292887,14.0,20.09975124224178,25.179356624028344,28.160255680657446
1787403441.2933328,-67,0.0,23.430749027719962,22.80350850198276,21.400934559032695,18.601075237738275,15.264337522473747,12.083045973594572,9.055385138137417,7.280109889280518,7.0710678118654755,8.06225774829855,10.44030650891055,11.40175425099138,13.601470508735444,14.866068747318506,15.811388300841896,16.76305461424021,15.811388300841896,14.317821063276353,11.661903789690601,10.0,7.810249675906654,5.0,2.23606797749979,1.4142135623730951,2.23606797749979,3.605551275463989,0.0,0.0,0.0,0.0,0.0,0.0,0.0,0.0,0.0,0.0,0.0,5.0990195135927845,4.123105625617661,2.8284271247461903,1.0,2.0,4.47213595499958,6.4031242374328485,8.48528137423857,10.63014581273465,13.45362404707371,15.0,15.264337522473747,14.7648230602334,14.317821063276353,13.92838827718412,12.36931687685298,10.198039027185569,8.246211251235321,6.324555320336759,3.605551275463989,3.1622776601683795,6.4031242374328485,10.0,13.601470508735444,17.204650534085253,19.4164878389476
1787403441.3472118,-70,0.0,27.459060435491963,26.476404589747453,25.495097567963924,23.345235059857504,19.1049731745428,15.0,11.180339887498949,6.708203932499369,5.830951894845301,8.0,10.04987562112089,13.038404810405298,15.033296378372908,17.26267650163207,17.26267650163207,16.278820596099706,15.132745950421556,13.038404810405298,11.0,8.0,6.082762530298219,3.1622776601683795,1.0,2.0,4.123105625617661,5.0990195135927845,0.0,0.0,0.0,0.0,0.0,0.0,0.0,0.0,0.0,0.0,0.0,4.47213595499958,4.0,2.23606797749979,1.4142135623730951,4.123105625617661,6.082762530298219,9.0,12.165525060596439,14.317821063276353,16.278820596099706,16.76305461424021,17.08800749063506,16.55294535724685,16.64331697709324,15.620499351813308,14.866068747318506,13.45362404707371,11.313708498984761,7.810249675906654,5.385164807134504,3.605551275463989,6.708203932499369,12.649110640673518,17.46424919657298,21.213203435596427,25.317977802344327
1787403441.388187,-68,0.0,28.0178514522438,27.018512172212592,25.019992006393608,22.02271554554524,18.110770276274835,13.601470508735444,10.295630140987,7.211102550927978,7.0710678118654755,9.219544457292887,11.704699910719626,13.92838827718412,15.811388300841896,18.027756377319946,18.384776310850235,18.027756377319946,16.76305461424021,14.560219778561036,12.36931687685298,10.04987562112089,7.0,4.123105625617661,2.23606797749979,1.4142135623730951,4.123105625617661,5.0,0.0,0.0,0.0,0.0,0.0,0.0,0.0,0.0,0.0,0.0,0.0,4.123105625617661,3.0,2.23606797749979,2.23606797749979,3.605551275463989,6.324555320336759,8.246211251235321,10.04987562112089,12.041594578792296,14.0,16.1245154965971,16.492422502470642,15.811388300841896,15.652475842498529,15.264337522473747,14.422205101855956,12.206555615733702,10.0,7.211102550927978,4.0,4.242640687119285,7.0710678118654755,12.041594578792296,17.0,22.02271554554524,24.020824298928627
1787403442.0287857,-67,0.0,26.1725046566048,26.1725046566048,24.08318915758459,22.090722034374522,18.24828759089466,14.560219778561036,10.295630140987,7.810249675906654,8.06225774829855,9.219544457292887,10.770329614269007,13.0,14.866068747318506,16.15549442140351,15.811388300841896,15.811388300841896,15.297058540778355,13.152946437965905,11.0,9.055385138137417,7.280109889280518,5.385164807134504,3.1622776601683795,1.0,1.4142135623730951,2.8284271247461903,0.0,0.0,0.0,0.0,0.0,0.0,0.0,0.0,0.0,0.0,0.0,5.830951894845301,5.0,3.605551275463989,1.0,2.0,4.123105625617661,7.280109889280518,10.198039027185569,12.36931687685298,15.297058540778355,17.11724276862369,18.027756377319946,18.0,17.029386365926403,16.1245154965971,14.317821063276353,12.649110640673518,9.848857801796104,7.280109889280518,5.0,4.242640687119285,6.082762530298219,11.0,15.132745950421556,19.235384061671343,22.20360331117452
1787403442.1079986,-66,0.0,25.45584412271571,24.041630560342615,23.345235059857504,20.518284528683193,16.97056274847714,12.806248474865697,9.848857801796104,7.0,7.211102550927978,8.602325267042627,11.661903789690601,13.892443989449804,16.1245154965971,17.4928556845359,17.4928556845359,17.4928556845359,17.204650534085253,14.212670403551895,12.727922061357855,10.0,8.602325267042627,5.830951894845301,2.8284271247461903,1.0,3.0,5.0,0.0,0.0,0.0,0.0,0.0,0.0,0.0,0.0,0.0,0.0,0.0,5.0990195135927845,4.123105625617661,2.23606797749979,1.0,2.8284271247461903,6.4031242374328485,9.219544457292887,11.313708498984761,14.142135623730951,16.278820596099706,18.439088914585774,19.209372712298546,19.4164878389476,18.35755975068582,17.0,15.231546211727817,13.0,10.44030650891055,8.54400374531753,5.656854249492381,5.0990195135927845,8.06225774829855,12.041594578792296,16.278820596099706,20.518284528683193,21.93171219946131
1787403442.2096133,-68,0.0,27.892651361962706,27.892651361962706,25.96150997149434,22.80350850198276,18.24828759089466,14.0,9.486832980505138,7.0710678118654755,8.246211251235321,10.0,12.165525060596439,14.317821063276353,16.278820596099706,17.26267650163207,18.110770276274835,17.029386365926403,15.0,13.152946437965905,11.40175425099138,9.848857801796104,8.602325267042627,7.0710678118654755,5.0,2.23606797749979,2.23606797749979,3.1622776601683795,0.0,0.0,0.0,0.0,0.0,0.0,0.0,0.0,0.0,0.0,0.0,5.0,4.123105625617661,2.23606797749979,0.0,2.23606797749979,5.385164807134504,8.54400374531753,11.180339887498949,14.317821063276353,15.652475842498529,17.4928556845359,18.027756377319946,17.804493814764857,17.029386365926403,16.278820596099706,14.866068747318506,12.727922061357855,9.219544457292887,6.4031242374328485,4.0,5.656854249492381,8.94427190999916,13.601470508735444,18.681541692269406,21.840329667841555,24.041630560342615
1787403442.2194576,-68,0.0,26.92582403567252,26.92582403567252,24.698178070456937,21.095023109728988,17.204650534085253,12.727922061357855,8.06225774829855,6.082762530298219,6.4031242374328485,8.602325267042627,11.180339887498949,13.416407864998739,16.1245154965971,17.0,16.64331697709324,15.811388300841896,15.0,12.727922061357855,11.40175425099138,8.94427190999916,6.324555320336759,4.123105625617661,2.0,1.0,3.1622776601683795,5.0990195135927845,0.0,0.0,0.0,0.0,0.0,0.0,0.0,0.0,0.0,0.0,0.0,5.385164807134504,4.123105625617661,2.0,1.4142135623730951,3.1622776601683795,5.385164807134504,8.94427190999916,12.083045973594572,14.317821063276353,17.08800749063506,19.313207915827967,19.924858845171276,19.6468827043885,18.24828759089466,17.11724276862369,16.0312195418814,14.0,11.0,8.06225774829855,5.0,5.0990195135927845,8.246211251235321,12.529964086141668,17.4928556845359,21.633307652783937,23.853720883753127
1787403442.2194576,-68,0.0,31.0,31.0,28.0,24.0,20.024984394500787,14.317821063276353,9.848857801796104,6.4031242374328485,7.0,9.486832980505138,11.180339887498949,14.317821063276353,15.652475842498529,17.46424919657298,17.46424919657298,17.46424919657298,15.811388300841896,14.317821063276353,12.041594578792296,10.04987562112089,8.246211251235321,5.385164807134504,2.8284271247461903,1.0,3.0,4.0,0.0,0.0,0.0,0.0,0.0,0.0,0.0,0.0,0.0,0.0,0.0,5.0,3.1622776601683795,1.0,1.0,4.0,7.0,10.0,13.0,16.0312195418814,19.026297590440446,20.223748416156685,20.396078054371138,19.6468827043885,18.681541692269406,17.08800749063506,16.15549442140351,13.416407864998739,11.180339887498949,8.246211251235321,6.082762530298219,5.656854249492381,9.486832980505138,14.142135623730951,19.0,24.0,27.0
1787403442.2194576,-67,0.0,26.832815729997478,26.419689627245813,24.186773244895647,20.591260281974,17.204650534085253,12.727922061357855,8.94427190999916,7.0,7.211102550927978,9.219544457292887,12.206555615733702,14.422205101855956,15.811388300841896,17.204650534085253,17.804493814764857,17.029386365926403,16.278820596099706,14.212670403551895,12.206555615733702,9.848857801796104,7.280109889280518,6.082762530298219,3.1622776601683795,1.0,2.0,3.0,0.0,0.0,0.0,0.0,0.0,0.0,0.0,0.0,0.0,0.0,0.0,5.830951894845301,3.605551275463989,1.4142135623730951,0.0,2.23606797749979,4.47213595499958,7.615773105863909,9.848857801796104,13.0,15.811388300841896,16.76305461424021,17.46424919657298,17.26267650163207,16.0312195418814,14.0,13.038404810405298,11.045361017187261,9.055385138137417,6.0,4.123105625617661,4.123105625617661,7.280109889280518,12.083045973594572,17.0,20.591260281974,23.706539182259394
1787403442.2194576,-68,0.0,29.068883707497267,27.65863337187866,26.248809496813376,22.67156809750927,17.69180601295413,13.038404810405298,8.54400374531753,6.324555320336759,7.810249675906654,10.770329614269007,12.36931687685298,14.560219778561036,17.72004514666935,18.973665961010276,18.973665961010276,18.027756377319946,16.15549442140351,14.7648230602334,12.206555615733702,10.63014581273465,7.810249675906654,6.4031242374328485,3.605551275463989,0.0,2.23606797749979,5.0,0.0,0.0,0.0,0.0,0.0,0.0,0.0,0.0,0.0,0.0,0.0,6.324555320336759,4.123105625617661,2.23606797749979,1.4142135623730951,3.605551275463989,7.211102550927978,10.295630140987,12.529964086141668,14.317821063276353,16.55294535724685,18.788294228055936,19.697715603592208,18.973665961010276,18.681541692269406,17.26267650163207,16.1245154965971,14.035668847618199,10.04987562112089,8.06225774829855,4.47213595499958,5.0,8.54400374531753,13.038404810405298,17.804493814764857,22.02271554554524,24.20743687382041
1787403442.602755,-69,0.0,19.1049731745428,19.1049731745428,19.849433241279208,19.209372712298546,18.601075237738275,17.4928556845359,16.64331697709324,15.264337522473747,13.892443989449804,13.601470508735444,12.806248474865697,12.041594578792296,12.041594578792296,12.041594578792296,11.40175425099138,10.816653826391969,10.816653826391969,9.433981132056603,9.433981132056603,9.433981132056603,9.219544457292887,9.219544457292887,9.219544457292887,8.06225774829855,8.06225774829855,8.602325267042627,0.0,0.0,0.0,0.0,0.0,0.0,0.0,0.0,0.0,0.0,0.0,5.385164807134504,5.830951894845301,6.4031242374328485,5.656854249492381,5.656854249492381,5.656854249492381,7.0710678118654755,7.810249675906654,9.899494936611665,10.63014581273465,10.63014581273465,9.899494936611665,9.899494936611665,10.63014581273465,10.63014581273465,10.63014581273465,10.63014581273465,11.313708498984761,12.041594578792296,13.45362404707371,13.45362404707371,14.866068747318506,14.866068747318506,16.278820596099706,17.69180601295413,18.439088914585774
1787403442.922279,-69,0.0,19.313207915827967,19.313207915827967,20.248456731316587,19.924858845171276,19.924858845171276,18.681541692269406,17.46424919657298,16.278820596099706,16.278820596099706,15.297058540778355,14.317821063276353,13.341664064126334,13.341664064126334,12.36931687685298,11.704699910719626,11.704699910719626,11.40175425099138,11.40175425099138,10.44030650891055,10.44030650891055,10.770329614269007,10.44030650891055,9.486832980505138,9.486832980505138,9.486832980505138,8.54400374531753,0.0,0.0,0.0,0.0,0.0,0.0,0.0,0.0,0.0,0.0,0.0,6.082762530298219,7.0710678118654755,7.0710678118654755,7.0710678118654755,7.0710678118654755,8.246211251235321,8.246211251235321,9.219544457292887,10.198039027185569,10.198039027185569,10.198039027185569,10.198039027185569,10.198039027185569,11.40175425099138,11.40175425099138,12.649110640673518,12.649110640673518,13.601470508735444,13.601470508735444,13.92838827718412,14.866068747318506,16.15549442140351,17.46424919657298,18.384776310850235,18.384776310850235,18.384776310850235
1787403443.0226958,-69,0.0,19.697715603592208,18.788294228055936,19.697715603592208,18.384776310850235,18.384776310850235,18.027756377319946,16.76305461424021,15.811388300841896,14.560219778561036,13.92838827718412,13.0,11.704699910719626,11.704699910719626,11.704699910719626,10.770329614269007,10.770329614269007,10.770329614269007,9.848857801796104,9.433981132056603,9.433981132056603,9.433981132056603,8.94427190999916,9.848857801796104,8.54400374531753,7.615773105863909,7.615773105863909,0.0,0.0,0.0,0.0,0.0,0.0,0.0,0.0,0.0,0.0,0.0,6.0,6.0,6.082762530298219,6.082762530298219,6.324555320336759,7.280109889280518,7.280109889280518,7.280109889280518,8.246211251235321,8.54400374531753,9.486832980505138,9.486832980505138,9.486832980505138,9.848857801796104,10.295630140987,11.180339887498949,11.180339887498949,11.661903789690601,12.529964086141668,13.038404810405298,14.422205101855956,14.422205101855956,15.264337522473747,17.4928556845359,18.867962264113206,18.35755975068582
1787403443.2249677,-69,0.0,19.72308292331602,19.72308292331602,19.72308292331602,19.235384061671343,19.235384061671343,18.788294228055936,17.46424919657298,16.55294535724685,16.15549442140351,14.866068747318506,13.92838827718412,13.416407864998739,13.416407864998739,13.416407864998739,12.529964086141668,12.529964086141668,12.529964086141668,11.180339887498949,11.180339887498949,11.180339887498949,11.180339887498949,11.180339887498949,11.180339887498949,10.295630140987,9.848857801796104,9.848857801796104,0.0,0.0,0.0,0.0,0.0,0.0,0.0,0.0,0.0,0.0,0.0,8.246211251235321,8.246211251235321,8.54400374531753,8.54400374531753,8.54400374531753,8.54400374531753,8.94427190999916,9.848857801796104,9.848857801796104,10.770329614269007,11.180339887498949,11.180339887498949,11.180339887498949,11.180339887498949,11.661903789690601,12.206555615733702,13.038404810405298,13.038404810405298,14.422205101855956,15.264337522473747,15.811388300841896,16.401219466856727,17.204650534085253,18.027756377319946,18.867962264113206,20.248456731316587
1787403443.4393022,-68,0.0,20.248456731316587,20.615528128088304,20.615528128088304,20.615528128088304,20.12461179749811,19.72308292331602,18.35755975068582,16.64331697709324,15.811388300841896,14.422205101855956,13.892443989449804,12.529964086141668,12.083045973594572,13.0,12.083045973594572,11.704699910719626,11.704699910719626,11.704699910719626,11.704699910719626,10.770329614269007,9.486832980505138,10.44030650891055,10.44030650891055,9.486832980505138,9.486832980505138,9.486832980505138,0.0,0.0,0.0,0.0,0.0,0.0,0.0,0.0,0.0,0.0,0.0,5.656854249492381,5.656854249492381,6.4031242374328485,7.211102550927978,7.211102550927978,7.211102550927978,7.211102550927978,8.06225774829855,8.602325267042627,9.219544457292887,10.0,8.602325267042627,8.602325267042627,8.94427190999916,8.94427190999916,9.848857801796104,10.770329614269007,12.083045973594572,13.0,13.601470508735444,14.560219778561036,15.811388300841896,16.76305461424021,17.72004514666935,18.973665961010276,18.973665961010276
1787403443.4668102,-88,0.0,18.439088914585774,19.4164878389476,20.223748416156685,19.235384061671343,18.24828759089466,18.439088914585774,16.492422502470642,14.866068747318506,13.0,11.40175425099138,9.899494936611665,8.54400374531753,8.246211251235321,7.0710678118654755,5.0990195135927845,4.123105625617661,2.8284271247461903,2.0,2.23606797749979,2.23606797749979,2.23606797749979,3.0,4.0,4.123105625617661,4.123105625617661,4.123105625617661,0.0,0.0,0.0,0.0,0.0,0.0,0.0,0.0,0.0,0.0,0.0,8.06225774829855,7.0710678118654755,5.0990195135927845,4.47213595499958,2.23606797749979,3.1622776601683795,5.0,7.810249675906654,9.219544457292887,9.219544457292887,9.899494936611665,9.899494936611665,9.219544457292887,7.810249675906654,7.0710678118654755,7.0710678118654755,5.830951894845301,5.830951894845301,6.4031242374328485,8.06225774829855,8.602325267042627,9.433981132056603,10.295630140987,11.661903789690601,12.083045973594572,13.0
1787403443.5921555,-68,0.0,28.071337695236398,27.16615541441225,25.179356624028344,22.20360331117452,18.439088914585774,13.601470508735444,9.433981132056603,5.830951894845301,4.47213595499958,6.4031242374328485,10.0,11.40175425099138,11.313708498984761,13.038404810405298,15.652475842498529,15.652475842498529,15.652475842498529,15.231546211727817,13.341664064126334,11.045361017187261,9.219544457292887,5.385164807134504,2.23606797749979,1.4142135623730951,3.0,5.0990195135927845,0.0,0.0,0.0,0.0,0.0,0.0,0.0,0.0,0.0,0.0,0.0,3.605551275463989,2.8284271247461903,1.0,1.4142135623730951,3.605551275463989,5.830951894845301,8.54400374531753,11.40175425099138,13.341664064126334,15.297058540778355,17.11724276862369,18.027756377319946,17.029386365926403,16.1245154965971,15.297058540778355,14.560219778561036,12.649110640673518,10.770329614269007,8.246211251235321,6.0,5.0,7.280109889280518,12.041594578792296,16.1245154965971,19.235384061671343,22.360679774997898
1787403443.643482,-68,0.0,27.80287754891569,28.42534080710379,25.612496949731394,22.67156809750927,19.1049731745428,14.212670403551895,10.295630140987,7.0710678118654755,5.830951894845301,8.06225774829855,9.848857801796104,11.704699910719626,13.0,15.231546211727817,16.55294535724685,17.0,15.264337522473747,13.601470508735444,12.041594578792296,9.899494936611665,7.810249675906654,5.0,2.23606797749979,1.0,3.605551275463989,4.47213595499958,0.0,0.0,0.0,0.0,0.0,0.0,0.0,0.0,0.0,0.0,0.0,3.1622776601683795,2.23606797749979,2.23606797749979,1.4142135623730951,2.23606797749979,5.0,7.810249675906654,10.0,12.806248474865697,15.0,16.64331697709324,17.0,16.55294535724685,15.811388300841896,15.524174696260024,14.142135623730951,12.165525060596439,10.04987562112089,7.0710678118654755,4.47213595499958,4.123105625617661,6.324555320336759,10.295630140987,15.0,20.0,23.600847442411894
1787403443.643482,-67,0.0,31.622776601683793,31.016124838541646,29.154759474226502,25.079872407968907,19.697715603592208,15.652475842498529,11.40175425099138,8.06225774829855,5.385164807134504,7.810249675906654,10.0,12.806248474865697,15.620499351813308,16.278820596099706,16.97056274847714,16.97056274847714,16.278820596099706,14.212670403551895,11.661903789690601,8.54400374531753,7.280109889280518,5.385164807134504,1.4142135623730951,2.23606797749979,6.324555320336759,8.0,0.0,0.0,0.0,0.0,0.0,0.0,0.0,0.0,0.0,0.0,0.0,4.123105625617661,1.4142135623730951,0.0,1.4142135623730951,3.605551275463989,6.4031242374328485,10.295630140987,12.529964086141668,14.7648230602334,17.0,19.697715603592208,18.973665961010276,18.439088914585774,18.110770276274835,18.027756377319946,17.0,14.035668847618199,11.180339887498949,8.06225774829855,6.0,5.0,7.615773105863909,11.045361017187261,16.15549442140351,21.02379604162864,23.769728648009426
1787403443.6877573,-90,0.0,14.212670403551895,14.866068747318506,14.866068747318506,16.278820596099706,16.278820596099706,17.69180601295413,16.97056274847714,17.029386365926403,15.620499351813308,14.212670403551895,13.601470508735444,12.806248474865697,12.206555615733702,10.0,8.06225774829855,5.830951894845301,4.242640687119285,3.1622776601683795,3.0,3.605551275463989,4.242640687119285,5.0,5.656854249492381,7.810249675906654,8.06225774829855,8.54400374531753,0.0,0.0,0.0,0.0,0.0,0.0,0.0,0.0,0.0,0.0,0.0,5.0,5.0,5.0,5.656854249492381,5.830951894845301,6.708203932499369,6.708203932499369,8.246211251235321,10.04987562112089,11.0,12.0,12.0,13.0,12.0,13.0,13.038404810405298,14.035668847618199,13.038404810405298,13.038404810405298,13.0,13.0,13.038404810405298,12.041594578792296,11.180339887498949,11.704699910719626,11.180339887498949
1787403443.7039466,-86,0.0,12.727922061357855,10.63014581273465,7.810249675906654,4.47213595499958,3.0,3.605551275463989,6.0,9.055385138137417,11.045361017187261,13.341664064126334,14.317821063276353,14.560219778561036,14.560219778561036,13.92838827718412,13.92838827718412,12.083045973594572,9.848857801796104,8.94427190999916,7.211102550927978,5.656854249492381,4.47213595499958,4.0,4.123105625617661,4.47213595499958,5.0,5.830951894845301,0.0,0.0,0.0,0.0,0.0,0.0,0.0,0.0,0.0,0.0,0.0,10.0,9.219544457292887,7.280109889280518,5.385164807134504,4.242640687119285,3.0,3.605551275463989,4.47213595499958,7.0710678118654755,9.219544457292887,11.180339887498949,11.180339887498949,12.165525060596439,13.152946437965905,11.40175425099138,10.44030650891055,8.94427190999916,5.830951894845301,3.605551275463989,2.23606797749979,4.0,7.280109889280518,9.486832980505138,11.704699910719626,13.416407864998739,16.1245154965971
1787403443.8475745,-68,0.0,28.319604517012593,27.65863337187866,25.495097567963924,23.345235059857504,18.439088914585774,13.601470508735444,9.486832980505138,6.082762530298219,5.656854249492381,7.615773105863909,10.44030650891055,11.704699910719626,13.92838827718412,16.15549442140351,17.0,16.1245154965971,16.64331697709324,15.0,13.45362404707371,11.313708498984761,9.899494936611665,7.0710678118654755,4.242640687119285,1.0,3.1622776601683795,4.47213595499958,0.0,0.0,0.0,0.0,0.0,0.0,0.0,0.0,0.0,0.0,0.0,4.47213595499958,3.605551275463989,2.8284271247461903,1.0,1.4142135623730951,4.242640687119285,6.4031242374328485,9.219544457292887,11.40175425099138,14.422205101855956,16.1245154965971,17.0,16.15549442140351,15.811388300841896,15.524174696260024,14.317821063276353,12.165525060596439,10.04987562112089,7.0710678118654755,4.47213595499958,4.123105625617661,6.708203932499369,11.40175425099138,15.620499351813308,19.849433241279208,22.67156809750927
1787403443.863235,-71,0.0,27.202941017470888,25.0,23.600847442411894,20.808652046684813,17.4928556845359,13.0,8.246211251235321,5.385164807134504,5.830951894845301,7.0710678118654755,10.04987562112089,12.0,13.0,15.033296378372908,16.0312195418814,16.1245154965971,16.278820596099706,15.524174696260024,13.92838827718412,11.704699910719626,9.486832980505138,6.324555320336759,4.123105625617661,1.0,1.4142135623730951,3.605551275463989,0.0,0.0,0.0,0.0,0.0,0.0,0.0,0.0,0.0,0.0,0.0,4.47213595499958,3.605551275463989,2.23606797749979,1.0,2.23606797749979,4.242640687119285,6.4031242374328485,9.219544457292887,11.40175425099138,13.601470508735444,14.422205101855956,15.264337522473747,15.652475842498529,15.652475842498529,14.866068747318506,13.601470508735444,12.36931687685298,9.219544457292887,6.324555320336759,3.605551275463989,3.1622776601683795,6.4031242374328485,11.313708498984761,15.620499351813308,20.615528128088304,22.80350850198276
1787403444.0696945,-70,0.0,26.1725046566048,26.1725046566048,24.186773244895647,21.37755832643195,17.72004514666935,13.0,8.602325267042627,6.708203932499369,6.082762530298219,8.06225774829855,10.63014581273465,12.041594578792296,13.45362404707371,15.0,15.811388300841896,16.1245154965971,15.652475842498529,15.231546211727817,12.649110640673518,11.40175425099138,9.219544457292887,6.082762530298219,3.0,1.4142135623730951,2.23606797749979,4.123105625617661,0.0,0.0,0.0,0.0,0.0,0.0,0.0,0.0,0.0,0.0,0.0,3.1622776601683795,3.0,3.605551275463989,2.8284271247461903,3.1622776601683795,4.242640687119285,5.830951894845301,8.246211251235321,10.198039027185569,13.038404810405298,14.0,14.035668847618199,14.142135623730951,14.317821063276353,13.601470508735444,11.704699910719626,10.770329614269007,8.54400374531753,6.324555320336759,4.0,3.605551275463989,7.0710678118654755,12.041594578792296,16.1245154965971,19.235384061671343,21.37755832643195
1787403444.183053,-71,0.0,29.410882339705484,28.460498941515414,26.248809496813376,23.40939982143925,19.313207915827967,13.892443989449804,9.219544457292887,5.0990195135927845,5.830951894845301,7.810249675906654,10.295630140987,12.206555615733702,13.601470508735444,15.0,15.620499351813308,15.556349186104045,14.866068747318506,14.212670403551895,13.601470508735444,11.661903789690601,8.94427190999916,5.830951894845301,3.1622776601683795,1.0,3.605551275463989,5.830951894845301,0.0,0.0,0.0,0.0,0.0,0.0,0.0,0.0,0.0,0.0,0.0,2.23606797749979,1.0,1.0,2.23606797749979,3.605551275463989,5.830951894845301,7.615773105863909,10.198039027185569,11.045361017187261,13.0,14.035668847618199,15.132745950421556,15.524174696260024,15.811388300841896,15.231546211727817,14.317821063276353,13.416407864998739,10.295630140987,7.615773105863909,5.0,4.242640687119285,7.0,12.165525060596439,16.492422502470642,21.587033144922902,25.0
1787403444.3584383,-68,0.0,27.892651361962706,26.92582403567252,23.769728648009426,20.8806130178211,17.08800749063506,12.529964086141668,8.48528137423857,6.082762530298219,6.324555320336759,7.810249675906654,9.899494936611665,12.041594578792296,14.212670403551895,15.0,16.64331697709324,17.0,16.55294535724685,15.231546211727817,13.0,10.770329614269007,8.54400374531753,5.385164807134504,2.8284271247461903,2.23606797749979,3.1622776601683795,5.385164807134504,0.0,0.0,0.0,0.0,0.0,0.0,0.0,0.0,0.0,0.0,0.0,4.47213595499958,2.8284271247461903,1.4142135623730951,1.0,2.8284271247461903,4.47213595499958,6.324555320336759,8.246211251235321,10.198039027185569,12.165525060596439,13.038404810405298,14.0,14.142135623730951,14.317821063276353,13.601470508735444,13.0,11.180339887498949,8.94427190999916,6.324555320336759,4.0,3.605551275463989,7.0,11.180339887498949,15.524174696260024,19.6468827043885,22.80350850198276
1787403444.383553,-70,0.0,32.38826948140329,31.400636936215164,29.427877939124322,25.495097567963924,21.587033144922902,16.15549442140351,10.0,6.708203932499369,7.280109889280518,9.433981132056603,11.40175425099138,13.45362404707371,16.401219466856727,17.804493814764857,18.601075237738275,18.867962264113206,18.35755975068582,17.0,15.652475842498529,13.0,10.44030650891055,6.324555320336759,2.23606797749979,1.0,4.123105625617661,5.0990195135927845,0.0,0.0,0.0,0.0,0.0,0.0,0.0,0.0,0.0,0.0,0.0,5.0,3.1622776601683795,2.0,1.0,3.1622776601683795,6.324555320336759,9.055385138137417,11.0,12.165525060596439,14.317821063276353,16.278820596099706,17.72004514666935,17.08800749063506,17.88854381999832,16.64331697709324,15.264337522473747,13.038404810405298,10.0,7.211102550927978,4.0,5.385164807134504,10.0,15.132745950421556,19.235384061671343,23.194827009486403,26.1725046566048
1787403444.390265,-71,0.0,27.202941017470888,25.96150997149434,24.041630560342615,21.840329667841555,17.46424919657298,13.038404810405298,9.055385138137417,5.830951894845301,6.082762530298219,8.246211251235321,11.40175425099138,12.36931687685298,14.317821063276353,16.1245154965971,17.11724276862369,17.029386365926403,17.0,15.033296378372908,14.142135623730951,12.165525060596439,9.219544457292887,6.082762530298219,3.0,1.0,2.8284271247461903,3.605551275463989,0.0,0.0,0.0,0.0,0.0,0.0,0.0,0.0,0.0,0.0,0.0,4.123105625617661,3.1622776601683795,1.0,1.0,3.0,5.0,6.324555320336759,8.54400374531753,10.770329614269007,12.083045973594572,13.416407864998739,13.038404810405298,13.601470508735444,13.45362404707371,12.806248474865697,12.206555615733702,10.816653826391969,8.602325267042627,5.656854249492381,3.0,4.242640687119285,8.54400374531753,13.601470508735444,17.72004514666935,21.840329667841555,23.769728648009426
1787403445.4083219,-70,0.0,26.92582403567252,26.92582403567252,24.698178070456937,21.540659228538015,17.72004514666935,13.341664064126334,9.0,5.385164807134504,5.385164807134504,7.0,9.055385138137417,11.045361017187261,13.038404810405298,14.0,15.033296378372908,16.0312195418814,15.132745950421556,14.317821063276353,12.36931687685298,10.198039027185569,7.280109889280518,5.0990195135927845,2.23606797749979,1.4142135623730951,4.47213595499958,5.830951894845301,0.0,0.0,0.0,0.0,0.0,0.0,0.0,0.0,0.0,0.0,0.0,2.23606797749979,1.0,1.0,2.8284271247461903,4.47213595499958,6.082762530298219,8.06225774829855,10.04987562112089,13.152946437965905,14.317821063276353,15.524174696260024,15.231546211727817,14.7648230602334,15.0,14.866068747318506,14.142135623730951,12.041594578792296,10.63014581273465,8.48528137423857,5.830951894845301,5.0990195135927845,7.810249675906654,12.529964086141668,16.15549442140351,20.248456731316587,23.40939982143925
1787403446.6096725,-68,0.0,19.6468827043885,19.6468827043885,19.924858845171276,19.313207915827967,19.313207915827967,18.788294228055936,17.88854381999832,15.652475842498529,14.317821063276353,13.0,12.649110640673518,11.704699910719626,11.704699910719626,11.40175425099138,11.40175425099138,10.44030650891055,10.198039027185569,10.198039027185569,9.055385138137417,10.04987562112089,10.04987562112089,10.04987562112089,10.04987562112089,9.219544457292887,8.246211251235321,7.280109889280518,0.0,0.0,0.0,0.0,0.0,0.0,0.0,0.0,0.0,0.0,0.0,5.0,5.0,5.656854249492381,6.4031242374328485,7.211102550927978,8.06225774829855,8.06225774829855,8.06225774829855,7.810249675906654,9.219544457292887,9.219544457292887,9.219544457292887,8.602325267042627,8.602325267042627,8.94427190999916,9.848857801796104,10.770329614269007,11.40175425099138,12.36931687685298,13.341664064126334,13.152946437965905,14.317821063276353,15.297058540778355,17.46424919657298,18.439088914585774,18.439088914585774
1787403446.830506,-69,0.0,27.784887978899608,27.294688127912362,25.942243542145693,23.706539182259394,20.12461179749811,15.231546211727817,10.198039027185569,6.082762530298219,4.242640687119285,6.0,8.246211251235321,10.198039027185569,13.152946437965905,15.132745950421556,16.1245154965971,15.132745950421556,15.033296378372908,15.0,14.035668847618199,12.041594578792296,9.0,7.0,3.1622776601683795,1.0,3.1622776601683795,4.123105625617661,0.0,0.0,0.0,0.0,0.0,0.0,0.0,0.0,0.0,0.0,0.0,5.0990195135927845,3.605551275463989,2.8284271247461903,2.0,2.23606797749979,4.123105625617661,7.280109889280518,9.848857801796104,12.529964086141668,14.422205101855956,15.811388300841896,15.620499351813308,15.556349186104045,15.620499351813308,14.422205101855956,12.529964086141668,11.180339887498949,10.295630140987,8.06225774829855,5.656854249492381,5.0990195135927845,7.810249675906654,11.661903789690601,15.652475842498529,19.235384061671343,21.95449840010015
1787403447.5328772,-69,0.0,20.248456731316587,20.248456731316587,20.248456731316587,19.4164878389476,20.0,19.209372712298546,17.69180601295413,15.556349186104045,14.142135623730951,12.727922061357855,12.041594578792296,11.40175425099138,10.816653826391969,10.816653826391969,10.295630140987,10.295630140987,10.295630140987,9.848857801796104,9.848857801796104,9.848857801796104,8.94427190999916,8.94427190999916,8.94427190999916,8.06225774829855,7.615773105863909,6.708203932499369,0.0,0.0,0.0,0.0,0.0,0.0,0.0,0.0,0.0,0.0,0.0,5.0990195135927845,4.0,4.123105625617661,4.47213595499958,5.0,5.0,5.830951894845301,6.4031242374328485,6.4031242374328485,7.211102550927978,7.810249675906654,7.810249675906654,7.0710678118654755,7.810249675906654,8.602325267042627,9.433981132056603,9.433981132056603,10.816653826391969,11.661903789690601,12.529964086141668,14.317821063276353,15.652475842498529,17.0,17.4928556845359,18.35755975068582,18.35755975068582
1787403447.9470925,-69,0.0,20.8806130178211,21.840329667841555,21.587033144922902,21.37755832643195,21.37755832643195,21.213203435596427,19.1049731745428,18.027756377319946,16.0312195418814,14.035668847618199,13.152946437965905,12.36931687685298,12.36931687685298,11.704699910719626,11.704699910719626,11.704699910719626,11.704699910719626,11.704699910719626,10.770329614269007,10.770329614269007,9.848857801796104,9.848857801796104,9.848857801796104,9.486832980505138,9.486832980505138,8.54400374531753,0.0,0.0,0.0,0.0,0.0,0.0,0.0,0.0,0.0,0.0,0.0,5.830951894845301,4.47213595499958,5.0990195135927845,6.082762530298219,6.0,7.0,7.0,8.0,8.0,9.0,9.0,10.0,10.04987562112089,10.04987562112089,11.180339887498949,11.180339887498949,12.36931687685298,12.36931687685298,13.601470508735444,13.92838827718412,14.866068747318506,16.15549442140351,18.027756377319946,18.973665961010276,19.924858845171276,19.6468827043885
1787403448.1382232,-69,0.0,21.0,21.0,22.02271554554524,21.095023109728988,21.213203435596427,20.396078054371138,19.6468827043885,17.72004514666935,15.811388300841896,14.866068747318506,13.341664064126334,12.165525060596439,12.041594578792296,12.0,12.0,12.0,12.0,11.045361017187261,11.045361017187261,11.180339887498949,10.198039027185569,10.198039027185569,10.04987562112089,10.04987562112089,9.055385138137417,9.055385138137417,0.0,0.0,0.0,0.0,0.0,0.0,0.0,0.0,0.0,0.0,0.0,5.656854249492381,5.656854249492381,5.656854249492381,6.4031242374328485,6.4031242374328485,6.708203932499369,6.708203932499369,7.615773105863909,7.615773105863909,8.94427190999916,8.94427190999916,8.94427190999916,8.54400374531753,8.54400374531753,9.219544457292887,10.04987562112089,11.045361017187261,12.0,12.0,13.0,14.0,15.0,17.0,18.027756377319946,19.026297590440446,19.026297590440446
1787403448.2016294,-70,0.0,25.45584412271571,25.45584412271571,24.041630560342615,21.93171219946131,18.439088914585774,14.422205101855956,9.486832980505138,7.0710678118654755,6.4031242374328485,8.06225774829855,9.486832980505138,11.704699910719626,13.92838827718412,15.231546211727817,16.15549442140351,16.55294535724685,15.652475842498529,13.892443989449804,13.038404810405298,10.816653826391969,7.211102550927978,5.385164807134504,3.0,3.1622776601683795,6.324555320336759,7.615773105863909,0.0,0.0,0.0,0.0,0.0,0.0,0.0,0.0,0.0,0.0,0.0,5.830951894845301,2.8284271247461903,1.4142135623730951,2.23606797749979,3.605551275463989,7.211102550927978,8.94427190999916,10.0,11.313708498984761,14.142135623730951,14.866068747318506,15.264337522473747,15.231546211727817,14.560219778561036,15.297058540778355,15.132745950421556,13.0,11.045361017187261,9.055385138137417,6.0,2.8284271247461903,4.123105625617661,8.48528137423857,13.45362404707371,17.69180601295413,20.518284528683193
1787403448.3478522,-69,0.0,19.72308292331602,20.12461179749811,20.615528128088304,21.02379604162864,21.93171219946131,21.18962010041709,18.681541692269406,17.46424919657298,16.492422502470642,14.560219778561036,14.866068747318506,12.649110640673518,11.704699910719626,12.083045973594572,13.0,13.416407864998739,13.416407864998739,12.529964086141668,11.661903789690601,10.295630140987,9.848857801796104,10.295630140987,10.295630140987,10.295630140987,8.94427190999916,8.94427190999916,0.0,0.0,0.0,0.0,0.0,0.0,0.0,0.0,0.0,0.0,0.0,7.280109889280518,6.082762530298219,6.082762530298219,6.0,7.0,7.0,7.0,7.0710678118654755,8.06225774829855,8.06225774829855,8.06225774829855,9.219544457292887,9.219544457292887,9.486832980505138,10.770329614269007,12.529964086141668,12.083045973594572,13.92838827718412,15.231546211727817,14.317821063276353,13.892443989449804,15.264337522473747,16.1245154965971,17.0,18.35755975068582,18.35755975068582
1787403448.4575045,-70,0.0,23.08679276123039,22.135943621178654,22.135943621178654,23.08679276123039,22.135943621178654,20.615528128088304,18.439088914585774,17.26267650163207,16.1245154965971,14.035668847618199,12.165525060596439,12.36931687685298,11.704699910719626,13.0,13.0,12.649110640673518,12.649110640673518,11.40175425099138,11.180339887498949,11.180339887498949,10.770329614269007,10.44030650891055,10.44030650891055,9.219544457292887,9.219544457292887,8.06225774829855,0.0,0.0,0.0,0.0,0.0,0.0,0.0,0.0,0.0,0.0,0.0,6.4031242374328485,6.708203932499369,6.082762530298219,7.0,7.0,6.082762530298219,6.0,7.0,8.0,8.0,8.0,8.0,8.06225774829855,8.246211251235321,9.486832980505138,10.770329614269007,10.295630140987,10.295630140987,12.529964086141668,13.416407864998739,14.317821063276353,15.652475842498529,17.46424919657298,19.313207915827967,20.615528128088304,21.93171219946131
1787403448.6814349,-70,0.0,28.160255680657446,26.248809496813376,24.041630560342615,21.587033144922902,17.26267650163207,13.0,9.486832980505138,6.4031242374328485,7.0710678118654755,10.04987562112089,11.045361017187261,13.038404810405298,15.0,16.0312195418814,17.11724276862369,18.24828759089466,17.46424919657298,16.492422502470642,14.866068747318506,11.704699910719626,8.54400374531753,6.082762530298219,3.1622776601683795,3.0,5.385164807134504,7.211102550927978,0.0,0.0,0.0,0.0,0.0,0.0,0.0,0.0,0.0,0.0,0.0,3.605551275463989,2.23606797749979,2.0,1.4142135623730951,3.1622776601683795,4.242640687119285,5.0990195135927845,8.246211251235321,10.04987562112089,12.0,13.038404810405298,14.317821063276353,15.524174696260024,15.652475842498529,15.0,12.806248474865697,11.40175425099138,9.899494936611665,9.433981132056603,7.280109889280518,5.385164807134504,8.602325267042627,12.649110640673518,16.492422502470642,21.37755832643195,24.73863375370596
1787403448.7610908,-70,0.0,23.345235059857504,22.67156809750927,21.2602916254693,19.209372712298546,15.811388300841896,12.529964086141668,7.280109889280518,5.830951894845301,6.4031242374328485,7.615773105863909,9.219544457292887,11.40175425099138,13.0,14.317821063276353,15.652475842498529,16.64331697709324,15.264337522473747,14.422205101855956,12.806248474865697,9.219544457292887,7.211102550927978,4.47213595499958,2.0,4.0,6.082762530298219,7.280109889280518,0.0,0.0,0.0,0.0,0.0,0.0,0.0,0.0,0.0,0.0,0.0,5.0990195135927845,3.0,3.1622776601683795,2.23606797749979,2.23606797749979,3.605551275463989,6.0,8.54400374531753,9.848857801796104,10.816653826391969,12.206555615733702,12.806248474865697,12.041594578792296,13.038404810405298,14.317821063276353,12.649110640673518,11.704699910719626,9.486832980505138,7.280109889280518,5.830951894845301,4.47213595499958,5.385164807134504,9.899494936611665,14.866068747318506,17.029386365926403,19.209372712298546
1787403449.955019,-67,0.0,18.35755975068582,19.235384061671343,18.788294228055936,17.08800749063506,14.317821063276353,11.045361017187261,8.54400374531753,5.656854249492381,5.385164807134504,6.0,8.06225774829855,8.54400374531753,8.94427190999916,9.848857801796104,13.0,13.92838827718412,11.180339887498949,10.295630140987,9.486832980505138,7.615773105863909,7.0710678118654755,6.4031242374328485,5.656854249492381,5.0990195135927845,6.082762530298219,15.556349186104045,0.0,0.0,0.0,0.0,0.0,0.0,0.0,0.0,0.0,0.0,0.0,2.23606797749979,1.4142135623730951,0.0,1.0,1.4142135623730951,2.23606797749979,4.123105625617661,6.082762530298219,7.0710678118654755,8.06225774829855,9.055385138137417,10.0,10.04987562112089,9.219544457292887,9.486832980505138,8.54400374531753,7.615773105863909,6.708203932499369,5.830951894845301,3.1622776601683795,1.0,2.23606797749979,6.4031242374328485,10.63014581273465,12.806248474865697,15.0
1787403450.0891194,-69,0.0,21.37755832643195,22.360679774997898,22.561028345356956,22.80350850198276,21.840329667841555,22.135943621178654,20.248456731316587,18.384776310850235,16.55294535724685,15.231546211727817,13.92838827718412,12.649110640673518,12.36931687685298,14.317821063276353,13.601470508735444,12.36931687685298,11.40175425099138,11.180339887498949,10.198039027185569,10.04987562112089,10.04987562112089,10.04987562112089,10.0,9.0,9.0,8.0,0.0,0.0,0.0,0.0,0.0,0.0,0.0,0.0,0.0,0.0,0.0,5.0,5.0990195135927845,4.47213595499958,3.605551275463989,4.242640687119285,5.656854249492381,5.656854249492381,6.4031242374328485,6.4031242374328485,7.211102550927978,7.211102550927978,7.211102550927978,8.06225774829855,7.615773105863909,7.615773105863909,9.219544457292887,10.198039027185569,11.180339887498949,12.041594578792296,13.038404810405298,15.033296378372908,16.1245154965971,17.11724276862369,19.235384061671343,20.223748416156685,22.360679774997898
1787403450.1055663,-68,0.0,31.89043743820395,31.240998703626616,29.832867780352597,27.018512172212592,22.627416997969522,17.204650534085253,12.649110640673518,9.219544457292887,9.219544457292887,10.816653826391969,12.529964086141668,14.422205101855956,16.64331697709324,18.601075237738275,19.209372712298546,19.1049731745428,18.384776310850235,16.278820596099706,13.601470508735444,10.816653826391969,8.94427190999916,5.830951894845301,2.8284271247461903,1.4142135623730951,4.123105625617661,7.0710678118654755,0.0,0.0,0.0,0.0,0.0,0.0,0.0,0.0,0.0,0.0,0.0,2.8284271247461903,1.0,1.0,2.23606797749979,4.123105625617661,5.0990195135927845,7.280109889280518,9.848857801796104,11.661903789690601,13.601470508735444,15.620499351813308,16.97056274847714,16.401219466856727,16.1245154965971,16.15549442140351,15.524174696260024,14.142135623730951,12.0,10.0,8.06225774829855,5.0,5.0,8.94427190999916,14.422205101855956,20.0,22.67156809750927
1787403450.3049183,-91,0.0,20.518284528683193,20.518284528683193,20.615528128088304,19.209372712298546,18.601075237738275,18.027756377319946,13.892443989449804,10.295630140987,7.615773105863909,4.0,3.605551275463989,4.0,6.082762530298219,7.280109889280518,7.280109889280518,6.082762530298219,5.0990195135927845,3.605551275463989,3.605551275463989,5.0990195135927845,6.0,6.082762530298219,7.280109889280518,8.54400374531753,8.54400374531753,8.54400374531753,0.0,0.0,0.0,0.0,0.0,0.0,0.0,0.0,0.0,0.0,0.0,8.06225774829855,8.06225774829855,7.0710678118654755,4.123105625617661,1.4142135623730951,1.4142135623730951,3.1622776601683795,4.123105625617661,5.0990195135927845,8.06225774829855,9.486832980505138,10.44030650891055,8.246211251235321,8.94427190999916,9.848857801796104,7.280109889280518,6.324555320336759,5.385164807134504,5.385164807134504,5.385164807134504,6.4031242374328485,7.810249675906654,8.48528137423857,9.219544457292887,11.313708498984761,13.45362404707371
1787403450.7041984,-68,0.0,28.600699292150182,28.600699292150182,25.80697580112788,23.021728866442675,18.867962264113206,15.231546211727817,11.045361017187261,8.246211251235321,7.0710678118654755,8.246211251235321,10.04987562112089,12.041594578792296,14.142135623730951,15.132745950421556,16.1245154965971,17.26267650163207,16.278820596099706,14.317821063276353,11.704699910719626,8.94427190999916,7.211102550927978,5.656854249492381,2.8284271247461903,1.0,3.1622776601683795,4.47213595499958,0.0,0.0,0.0,0.0,0.0,0.0,0.0,0.0,0.0,0.0,0.0,4.0,2.23606797749979,1.0,3.1622776601683795,5.0990195135927845,6.082762530298219,8.54400374531753,9.848857801796104,11.661903789690601,13.038404810405298,14.212670403551895,14.142135623730951,14.422205101855956,13.92838827718412,14.560219778561036,13.341664064126334,12.165525060596439,10.04987562112089,9.055385138137417,6.324555320336759,3.605551275463989,5.385164807134504,9.899494936611665,14.866068747318506,19.209372712298546,22.02271554554524
1787403450.7523303,-89,0.0,12.36931687685298,12.649110640673518,13.92838827718412,14.317821063276353,14.317821063276353,14.7648230602334,15.264337522473747,14.7648230602334,13.92838827718412,13.0,13.0,10.770329614269007,9.486832980505138,7.280109889280518,6.082762530298219,4.123105625617661,2.23606797749979,1.4142135623730951,2.0,3.1622776601683795,3.605551275463989,3.605551275463989,4.47213595499958,5.385164807134504,5.385164807134504,6.082762530298219,0.0,0.0,0.0,0.0,0.0,0.0,0.0,0.0,0.0,0.0,0.0,0.0,1.0,2.0,3.0,5.0,6.082762530298219,6.324555320336759,7.615773105863909,8.94427190999916,9.433981132056603,10.0,10.63014581273465,11.313708498984761,12.041594578792296,12.041594578792296,12.041594578792296,12.727922061357855,13.45362404707371,13.45362404707371,14.142135623730951,14.212670403551895,13.45362404707371,12.806248474865697,12.806248474865697,11.40175425099138,10.63014581273465
1787403450.847934,-35,0.0,14.317821063276353,13.152946437965905,14.142135623730951,14.317821063276353,13.341664064126334,13.601470508735444,13.601470508735444,13.601470508735444,13.92838827718412,13.0,14.317821063276353,13.416407864998739,14.317821063276353,14.7648230602334,14.7648230602334,14.7648230602334,14.7648230602334,14.7648230602334,14.7648230602334,14.7648230602334,15.231546211727817,13.92838827718412,14.866068747318506,13.601470508735444,13.601470508735444,13.341664064126334,0.0,0.0,0.0,0.0,0.0,0.0,0.0,0.0,0.0,0.0,0.0,12.0,12.041594578792296,13.038404810405298,13.152946437965905,13.341664064126334,13.341664064126334,13.341664064126334,13.601470508735444,13.601470508735444,14.560219778561036,13.601470508735444,13.601470508735444,13.601470508735444,13.341664064126334,13.341664064126334,13.341664064126334,13.152946437965905,13.152946437965905,13.152946437965905,13.038404810405298,13.038404810405298,14.0,13.038404810405298,13.0,14.035668847618199,13.038404810405298
1787403451.1026974,-35,0.0,12.649110640673518,12.649110640673518,13.416407864998739,11.704699910719626,12.083045973594572,12.649110640673518,12.649110640673518,12.36931687685298,12.36931687685298,12.165525060596439,12.165525060596439,13.152946437965905,13.152946437965905,14.035668847618199,13.152946437965905,14.142135623730951,13.152946437965905,14.142135623730951,14.142135623730951,14.142135623730951,13.341664064126334,13.341664064126334,12.36931687685298,12.649110640673518,13.0,12.529964086141668,0.0,0.0,0.0,0.0,0.0,0.0,0.0,0.0,0.0,0.0,0.0,10.0,11.40175425099138,11.40175425099138,12.041594578792296,11.313708498984761,12.727922061357855,12.806248474865697,12.806248474865697,12.806248474865697,12.041594578792296,12.041594578792296,12.041594578792296,12.806248474865697,12.041594578792296,12.041594578792296,12.041594578792296,11.313708498984761,11.313708498984761,12.041594578792296,11.40175425099138,12.206555615733702,12.206555615733702,12.206555615733702,12.206555615733702,12.206555615733702,12.529964086141668
1787403452.3227124,-68,0.0,19.026297590440446,19.1049731745428,17.11724276862369,14.317821063276353,11.704699910719626,8.06225774829855,5.656854249492381,4.123105625617661,4.47213595499958,5.656854249492381,8.602325267042627,10.0,10.816653826391969,11.40175425099138,12.806248474865697,14.212670403551895,15.0,14.212670403551895,9.219544457292887,6.708203932499369,5.830951894845301,8.06225774829855,7.615773105863909,3.605551275463989,14.7648230602334,18.35755975068582,0.0,0.0,0.0,0.0,0.0,0.0,0.0,0.0,0.0,0.0,0.0,2.23606797749979,1.4142135623730951,1.0,0.0,1.4142135623730951,2.8284271247461903,4.242640687119285,6.4031242374328485,7.810249675906654,7.810249675906654,8.602325267042627,8.602325267042627,9.433981132056603,8.94427190999916,8.54400374531753,8.246211251235321,7.0710678118654755,6.0,5.0,3.1622776601683795,1.4142135623730951,2.23606797749979,6.324555320336759,10.198039027185569,13.152946437965905,16.1245154965971
1787403452.5384629,-69,0.0,22.02271554554524,21.2602916254693,21.2602916254693,20.518284528683193,19.79898987322333,19.1049731745428,17.029386365926403,15.620499351813308,14.212670403551895,13.45362404707371,12.041594578792296,11.40175425099138,12.206555615733702,12.206555615733702,11.661903789690601,12.529964086141668,11.661903789690601,11.661903789690601,10.816653826391969,10.816653826391969,10.295630140987,10.816653826391969,9.433981132056603,8.602325267042627,8.602325267042627,8.602325267042627,0.0,0.0,0.0,0.0,0.0,0.0,0.0,0.0,0.0,0.0,0.0,4.0,4.123105625617661,4.123105625617661,4.47213595499958,4.47213595499958,5.0,6.4031242374328485,6.4031242374328485,7.211102550927978,7.211102550927978,7.211102550927978,7.211102550927978,7.0710678118654755,7.0710678118654755,7.810249675906654,8.602325267042627,9.433981132056603,10.295630140987,11.180339887498949,11.661903789690601,13.416407864998739,16.1245154965971,17.4928556845359,18.867962264113206,20.248456731316587,20.808652046684813
1787403452.9532988,-69,0.0,21.93171219946131,21.213203435596427,21.93171219946131,21.2602916254693,20.615528128088304,18.601075237738275,18.027756377319946,16.64331697709324,14.422205101855956,13.601470508735444,12.206555615733702,11.40175425099138,11.313708498984761,11.313708498984761,11.313708498984761,11.313708498984761,11.313708498984761,9.899494936611665,9.219544457292887,9.219544457292887,8.48528137423857,8.48528137423857,8.48528137423857,7.810249675906654,6.4031242374328485,6.4031242374328485,0.0,0.0,0.0,0.0,0.0,0.0,0.0,0.0,0.0,0.0,0.0,6.0,6.0,6.0,6.082762530298219,6.082762530298219,5.385164807134504,6.324555320336759,6.324555320336759,7.615773105863909,8.54400374531753,8.54400374531753,7.615773105863909,8.06225774829855,7.211102550927978,7.810249675906654,8.48528137423857,9.899494936611665,10.63014581273465,12.206555615733702,13.601470508735444,14.422205101855956,15.811388300841896,17.204650534085253,19.209372712298546,19.209372712298546,19.849433241279208
1787403453.162545,-70,0.0,23.194827009486403,24.331050121192877,24.515301344262525,23.53720459187964,22.561028345356956,20.396078054371138,19.6468827043885,16.76305461424021,14.560219778561036,13.341664064126334,13.152946437965905,13.152946437965905,12.165525060596439,12.041594578792296,12.0,12.0,12.0,11.0,10.04987562112089,9.219544457292887,9.219544457292887,10.198039027185569,9.219544457292887,8.246211251235321,7.280109889280518,6.324555320336759,0.0,0.0,0.0,0.0,0.0,0.0,0.0,0.0,0.0,0.0,0.0,6.708203932499369,4.47213595499958,3.1622776601683795,2.8284271247461903,5.830951894845301,6.4031242374328485,7.211102550927978,8.06225774829855,7.211102550927978,7.211102550927978,8.06225774829855,8.06225774829855,7.615773105863909,8.54400374531753,8.246211251235321,9.055385138137417,11.0,12.041594578792296,14.142135623730951,15.0,17.11724276862369,18.027756377319946,19.0,21.02379604162864,22.090722034374522,22.090722034374522
1787403453.3668609,-69,0.0,20.518284528683193,20.615528128088304,20.615528128088304,19.849433241279208,20.0,19.4164878389476,17.4928556845359,16.1245154965971,14.7648230602334,13.038404810405298,11.40175425099138,10.63014581273465,10.63014581273465,10.63014581273465,9.899494936611665,9.899494936611665,9.219544457292887,9.219544457292887,8.48528137423857,8.602325267042627,8.602325267042627,8.602325267042627,8.602325267042627,7.211102550927978,7.211102550927978,6.708203932499369,0.0,0.0,0.0,0.0,0.0,0.0,0.0,0.0,0.0,0.0,0.0,5.0,4.123105625617661,5.0990195135927845,4.0,4.0,4.0,5.0990195135927845,6.082762530298219,6.082762530298219,7.280109889280518,7.615773105863909,7.615773105863909,6.708203932499369,6.708203932499369,7.211102550927978,7.810249675906654,9.219544457292887,9.899494936611665,11.40175425099138,12.806248474865697,14.212670403551895,15.620499351813308,15.620499351813308,16.278820596099706,18.384776310850235,18.384776310850235
1787403453.6695616,-70,0.0,22.67156809750927,21.2602916254693,19.849433241279208,19.209372712298546,18.601075237738275,18.027756377319946,16.64331697709324,15.264337522473747,13.038404810405298,12.206555615733702,11.40175425099138,11.313708498984761,10.63014581273465,10.63014581273465,10.63014581273465,11.313708498984761,9.899494936611665,9.219544457292887,8.602325267042627,8.602325267042627,8.602325267042627,8.602325267042627,7.810249675906654,7.810249675906654,8.06225774829855,8.06225774829855,0.0,0.0,0.0,0.0,0.0,0.0,0.0,0.0,0.0,0.0,0.0,5.0990195135927845,5.0990195135927845,5.385164807134504,5.830951894845301,5.830951894845301,6.4031242374328485,7.0710678118654755,7.0710678118654755,7.810249675906654,8.94427190999916,9.433981132056603,9.219544457292887,8.48528137423857,9.219544457292887,11.313708498984761,12.041594578792296,11.40175425099138,11.40175425099138,12.806248474865697,14.422205101855956,14.422205101855956,15.811388300841896,18.027756377319946,20.0,20.615528128088304,20.615528128088304
1787403454.0043113,-69,0.0,29.410882339705484,28.600699292150182,26.40075756488817,23.430749027719962,18.384776310850235,14.212670403551895,8.94427190999916,6.0,5.656854249492381,7.615773105863909,10.44030650891055,12.36931687685298,14.560219778561036,16.76305461424021,16.76305461424021,16.76305461424021,14.866068747318506,13.92838827718412,11.661903789690601,9.219544457292887,7.0710678118654755,4.242640687119285,2.23606797749979,2.23606797749979,4.123105625617661,5.385164807134504,0.0,0.0,0.0,0.0,0.0,0.0,0.0,0.0,0.0,0.0,0.0,2.23606797749979,2.0,2.8284271247461903,3.1622776601683795,4.123105625617661,5.0,7.211102550927978,8.94427190999916,10.44030650891055,11.40175425099138,13.152946437965905,14.035668847618199,15.0,15.033296378372908,14.317821063276353,13.601470508735444,11.704699910719626,9.848857801796104,7.280109889280518,4.0,3.1622776601683795,7.0710678118654755,11.704699910719626,17.0,21.470910553583888,24.186773244895647
1787403454.1265426,-68,0.0,27.65863337187866,28.319604517012593,26.1725046566048,21.2602916254693,17.204650534085253,13.416407864998739,10.198039027185569,5.385164807134504,4.47213595499958,7.0710678118654755,11.0,13.0,15.132745950421556,16.492422502470642,17.46424919657298,17.26267650163207,16.0312195418814,14.0,12.0,9.0,7.0710678118654755,4.123105625617661,1.4142135623730951,3.0,5.0,5.0,0.0,0.0,0.0,0.0,0.0,0.0,0.0,0.0,0.0,0.0,0.0,1.4142135623730951,0.0,1.4142135623730951,2.8284271247461903,4.47213595499958,6.324555320336759,8.06225774829855,10.04987562112089,12.0,14.035668847618199,15.132745950421556,16.1245154965971,16.278820596099706,16.492422502470642,15.811388300841896,14.7648230602334,13.416407864998739,11.180339887498949,8.94427190999916,4.47213595499958,2.23606797749979,5.0990195135927845,10.295630140987,15.0,19.209372712298546,22.80350850198276
1787403454.2117143,-68,0.0,26.0,24.698178070456937,22.847319317591726,20.12461179749811,16.1245154965971,12.206555615733702,7.810249675906654,5.0990195135927845,3.605551275463989,5.830951894845301,8.06225774829855,9.433981132056603,11.661903789690601,13.038404810405298,13.601470508735444,13.601470508735444,13.601470508735444,11.40175425099138,9.899494936611665,7.810249675906654,5.0,3.1622776601683795,0.0,2.8284271247461903,5.0,5.830951894845301,0.0,0.0,0.0,0.0,0.0,0.0,0.0,0.0,0.0,0.0,0.0,1.4142135623730951,1.0,1.4142135623730951,3.605551275463989,5.0,6.4031242374328485,7.211102550927978,8.54400374531753,11.180339887498949,12.041594578792296,13.038404810405298,13.0,12.041594578792296,12.165525060596439,12.36931687685298,12.083045973594572,10.770329614269007,8.06225774829855,5.830951894845301,3.1622776601683795,2.23606797749979,5.0,9.219544457292887,13.341664064126334,18.027756377319946,21.18962010041709
1787403454.22199,-68,0.0,33.421549934136806,32.802438933713454,30.0,26.076809620810597,21.02379604162864,16.76305461424021,11.0,7.211102550927978,7.280109889280518,9.0,12.041594578792296,15.132745950421556,17.11724276862369,20.09975124224178,20.024984394500787,19.026297590440446,19.0,18.027756377319946,16.0312195418814,12.041594578792296,8.06225774829855,5.0990195135927845,2.23606797749979,2.23606797749979,5.0990195135927845,6.324555320336759,0.0,0.0,0.0,0.0,0.0,0.0,0.0,0.0,0.0,0.0,0.0,1.0,1.0,2.23606797749979,4.47213595499958,4.47213595499958,8.06225774829855,7.615773105863909,8.54400374531753,13.0,16.15549442140351,17.72004514666935,18.24828759089466,18.110770276274835,17.029386365926403,17.0,17.11724276862369,14.317821063276353,12.36931687685298,8.54400374531753,5.0990195135927845,1.4142135623730951,6.4031242374328485,12.041594578792296,19.1049731745428,25.495097567963924,27.65863337187866
1787403454.2278047,-68,0.0,31.400636936215164,31.25699921617557,29.154759474226502,25.079872407968907,21.0,16.1245154965971,10.770329614269007,7.810249675906654,7.0,8.54400374531753,11.180339887498949,13.892443989449804,16.1245154965971,18.35755975068582,19.697715603592208,19.697715603592208,18.788294228055936,16.15549442140351,14.560219778561036,11.180339887498949,8.06225774829855,6.0,2.23606797749979,1.4142135623730951,4.47213595499958,6.324555320336759,0.0,0.0,0.0,0.0,0.0,0.0,0.0,0.0,0.0,0.0,0.0,2.0,1.4142135623730951,2.23606797749979,2.8284271247461903,4.123105625617661,6.0,7.280109889280518,9.848857801796104,11.661903789690601,14.422205101855956,15.811388300841896,16.401219466856727,15.556349186104045,14.866068747318506,14.422205101855956,13.416407864998739,11.704699910719626,9.219544457292887,7.615773105863909,4.242640687119285,3.1622776601683795,7.615773105863909,12.36931687685298,18.24828759089466,23.345235059857504,26.476404589747453
1787403454.370809,-66,0.0,24.041630560342615,21.540659228538015,19.235384061671343,17.4928556845359,14.422205101855956,10.63014581273465,5.0,2.23606797749979,5.830951894845301,7.211102550927978,8.94427190999916,10.295630140987,10.816653826391969,12.041594578792296,14.212670403551895,12.806248474865697,10.816653826391969,10.295630140987,9.486832980505138,9.219544457292887,5.0,0.0,4.123105625617661,9.219544457292887,13.45362404707371,20.396078054371138,0.0,0.0,0.0,0.0,0.0,0.0,0.0,0.0,0.0,0.0,0.0,1.4142135623730951,1.0,1.0,1.0,2.23606797749979,4.0,6.082762530298219,7.615773105863909,9.433981132056603,11.40175425099138,12.727922061357855,12.206555615733702,12.529964086141668,12.649110640673518,12.165525060596439,11.0,9.219544457292887,6.324555320336759,4.47213595499958,2.0,3.0,7.0,10.04987562112089,13.038404810405298,16.0,18.027756377319946
1787403456.7411497,-70,0.0,21.213203435596427,20.396078054371138,20.396078054371138,19.4164878389476,19.4164878389476,18.681541692269406,17.72004514666935,16.15549442140351,14.866068747318506,12.36931687685298,11.40175425099138,11.180339887498949,11.180339887498949,11.045361017187261,12.041594578792296,11.045361017187261,10.04987562112089,9.055385138137417,9.055385138137417,9.055385138137417,9.0,9.0,8.0,8.0,7.0,7.0,0.0,0.0,0.0,0.0,0.0,0.0,0.0,0.0,0.0,0.0,0.0,7.280109889280518,7.280109889280518,7.615773105863909,6.708203932499369,5.385164807134504,5.830951894845301,6.4031242374328485,6.4031242374328485,7.211102550927978,7.211102550927978,8.06225774829855,7.615773105863909,8.246211251235321,8.246211251235321,9.219544457292887,10.04987562112089,10.04987562112089,11.0,13.0,13.0,14.0,16.0312195418814,18.027756377319946,18.027756377319946,20.024984394500787,21.095023109728988
1787403456.7411497,-68,0.0,27.294688127912362,25.317977802344327,22.360679774997898,19.4164878389476,15.811388300841896,12.083045973594572,8.48528137423857,5.0990195135927845,5.656854249492381,7.615773105863909,10.770329614269007,12.083045973594572,14.317821063276353,16.15549442140351,16.15549442140351,16.55294535724685,15.652475842498529,14.7648230602334,13.892443989449804,11.661903789690601,8.602325267042627,5.656854249492381,3.605551275463989,2.23606797749979,3.0,5.0990195135927845,0.0,0.0,0.0,0.0,0.0,0.0,0.0,0.0,0.0,0.0,0.0,3.1622776601683795,1.4142135623730951,0.0,2.23606797749979,4.0,5.385164807134504,7.211102550927978,9.433981132056603,12.206555615733702,14.212670403551895,14.866068747318506,15.0,14.422205101855956,13.892443989449804,14.317821063276353,13.92838827718412,12.649110640673518,9.486832980505138,7.280109889280518,4.123105625617661,1.4142135623730951,6.082762530298219,11.045361017187261,16.0,21.095023109728988,23.08679276123039
1787403456.9793813,-70,0.0,28.178005607210743,26.419689627245813,23.853720883753127,21.095023109728988,17.204650534085253,12.727922061357855,8.602325267042627,6.0,7.211102550927978,8.602325267042627,9.848857801796104,11.180339887498949,12.529964086141668,13.601470508735444,14.212670403551895,13.45362404707371,13.45362404707371,12.041594578792296,10.816653826391969,8.94427190999916,6.708203932499369,3.1622776601683795,1.4142135623730951,4.123105625617661,5.830951894845301,7.0710678118654755,0.0,0.0,0.0,0.0,0.0,0.0,0.0,0.0,0.0,0.0,0.0,1.4142135623730951,1.4142135623730951,3.0,4.47213595499958,5.830951894845301,7.0710678118654755,8.06225774829855,10.770329614269007,12.36931687685298,14.142135623730951,15.033296378372908,16.0312195418814,16.278820596099706,16.492422502470642,16.76305461424021,15.811388300841896,13.92838827718412,12.083045973594572,9.486832980505138,6.0,5.0,7.0710678118654755,12.36931687685298,17.08800749063506,21.93171219946131,24.596747752497688
1787403457.2824788,-70,0.0,27.80287754891569,27.018512172212592,24.20743687382041,20.615528128088304,17.69180601295413,12.806248474865697,8.94427190999916,6.082762530298219,5.656854249492381,8.06225774829855,9.848857801796104,12.083045973594572,14.317821063276353,15.264337522473747,16.64331697709324,16.401219466856727,15.620499351813308,14.866068747318506,13.45362404707371,11.313708498984761,8.48528137423857,5.0,2.23606797749979,2.23606797749979,4.123105625617661,5.385164807134504,0.0,0.0,0.0,0.0,0.0,0.0,0.0,0.0,0.0,0.0,0.0,4.123105625617661,2.23606797749979,1.0,2.23606797749979,3.0,5.385164807134504,7.211102550927978,9.219544457292887,10.63014581273465,11.40175425099138,13.038404810405298,13.416407864998739,13.601470508735444,14.142135623730951,14.0,13.038404810405298,12.165525060596439,10.198039027185569,8.06225774829855,5.0,3.605551275463989,6.324555320336759,11.661903789690601,15.811388300841896,20.808652046684813,24.20743687382041
1787403457.9911888,-69,0.0,21.2602916254693,20.615528128088304,20.0,20.0,19.4164878389476,18.867962264113206,18.35755975068582,17.0,14.7648230602334,13.416407864998739,12.083045973594572,11.661903789690601,12.206555615733702,11.40175425099138,11.40175425099138,10.816653826391969,10.0,9.219544457292887,9.219544457292887,8.48528137423857,8.48528137423857,8.48528137423857,8.48528137423857,8.48528137423857,7.810249675906654,7.0710678118654755,0.0,0.0,0.0,0.0,0.0,0.0,0.0,0.0,0.0,0.0,0.0,5.656854249492381,5.656854249492381,5.0,5.0,4.47213595499958,4.47213595499958,5.0990195135927845,5.0990195135927845,5.0990195135927845,5.0,5.0990195135927845,5.0990195135927845,5.385164807134504,5.830951894845301,6.4031242374328485,7.810249675906654,8.48528137423857,9.219544457292887,10.63014581273465,12.041594578792296,13.45362404707371,14.866068747318506,16.278820596099706,16.97056274847714,19.1049731745428,19.1049731745428
1787403458.1742938,-69,0.0,22.627416997969522,21.93171219946131,21.93171219946131,21.2602916254693,20.615528128088304,19.209372712298546,17.804493814764857,17.029386365926403,15.0,14.212670403551895,13.45362404707371,13.45362404707371,13.601470508735444,13.601470508735444,13.601470508735444,12.806248474865697,11.40175425099138,10.816653826391969,11.40175425099138,10.816653826391969,11.661903789690601,11.661903789690601,10.816653826391969,10.0,10.0,9.219544457292887,0.0,0.0,0.0,0.0,0.0,0.0,0.0,0.0,0.0,0.0,0.0,7.280109889280518,6.082762530298219,6.0,6.082762530298219,7.0710678118654755,7.0710678118654755,7.280109889280518,7.280109889280518,7.280109889280518,7.615773105863909,8.54400374531753,8.54400374531753,8.602325267042627,9.219544457292887,10.0,10.63014581273465,11.40175425099138,12.806248474865697,15.0,16.401219466856727,17.804493814764857,18.439088914585774,19.849433241279208,21.2602916254693,22.627416997969522,21.93171219946131
1787403458.388446,-69,0.0,21.95449840010015,21.95449840010015,21.095023109728988,21.095023109728988,19.4164878389476,18.601075237738275,17.804493814764857,17.029386365926403,15.620499351813308,14.212670403551895,12.806248474865697,12.206555615733702,11.661903789690601,12.083045973594572,11.180339887498949,11.180339887498949,11.180339887498949,11.180339887498949,11.180339887498949,10.295630140987,10.295630140987,9.848857801796104,8.94427190999916,8.94427190999916,8.06225774829855,8.94427190999916,0.0,0.0,0.0,0.0,0.0,0.0,0.0,0.0,0.0,0.0,0.0,7.0,7.0710678118654755,6.082762530298219,5.0990195135927845,5.385164807134504,5.830951894845301,6.4031242374328485,6.4031242374328485,6.4031242374328485,6.4031242374328485,7.0710678118654755,7.0710678118654755,6.4031242374328485,6.708203932499369,8.54400374531753,9.848857801796104,10.44030650891055,11.40175425099138,12.36931687685298,13.601470508735444,14.866068747318506,15.811388300841896,17.08800749063506,19.313207915827967,20.615528128088304,20.615528128088304
1787403458.8915462,-69,0.0,26.248809496813376,25.298221281347036,23.40939982143925,19.697715603592208,16.1245154965971,12.206555615733702,9.219544457292887,6.082762530298219,6.4031242374328485,7.211102550927978,8.94427190999916,11.180339887498949,13.416407864998739,14.7648230602334,14.7648230602334,15.264337522473747,15.811388300841896,14.212670403551895,12.727922061357855,10.63014581273465,8.602325267042627,5.830951894845301,3.0,2.8284271247461903,4.123105625617661,5.0,0.0,0.0,0.0,0.0,0.0,0.0,0.0,0.0,0.0,0.0,0.0,3.605551275463989,1.4142135623730951,4.123105625617661,5.830951894845301,5.0,5.0,7.280109889280518,8.94427190999916,9.486832980505138,9.486832980505138,9.848857801796104,10.295630140987,11.40175425099138,12.041594578792296,12.041594578792296,12.206555615733702,10.816653826391969,8.94427190999916,5.830951894845301,2.8284271247461903,2.8284271247461903,5.0990195135927845,8.06225774829855,14.317821063276353,19.4164878389476,22.561028345356956
1787403458.907239,-69,0.0,28.178005607210743,27.294688127912362,25.553864678361276,21.633307652783937,17.204650534085253,12.041594578792296,8.94427190999916,7.0710678118654755,6.4031242374328485,7.211102550927978,9.848857801796104,11.704699910719626,13.416407864998739,15.264337522473747,15.264337522473747,15.0,15.620499351813308,15.556349186104045,14.212670403551895,12.529964086141668,10.295630140987,8.06225774829855,5.0990195135927845,3.1622776601683795,3.0,5.385164807134504,0.0,0.0,0.0,0.0,0.0,0.0,0.0,0.0,0.0,0.0,0.0,1.0,2.23606797749979,4.123105625617661,4.123105625617661,4.47213595499958,4.47213595499958,5.0,6.708203932499369,9.219544457292887,10.198039027185569,11.045361017187261,12.041594578792296,13.341664064126334,13.0,13.038404810405298,13.038404810405298,12.206555615733702,9.433981132056603,6.708203932499369,4.123105625617661,2.23606797749979,5.0990195135927845,10.770329614269007,15.811388300841896,20.248456731316587,22.847319317591726
1787403458.907239,-69,0.0,27.202941017470888,25.80697580112788,23.853720883753127,21.095023109728988,16.1245154965971,11.704699910719626,8.06225774829855,5.0,5.0990195135927845,7.280109889280518,9.219544457292887,11.180339887498949,13.152946437965905,15.033296378372908,16.0312195418814,17.029386365926403,16.0,16.1245154965971,14.142135623730951,12.36931687685298,9.486832980505138,7.280109889280518,3.0,1.0,4.0,6.082762530298219,0.0,0.0,0.0,0.0,0.0,0.0,0.0,0.0,0.0,0.0,0.0,2.0,1.0,3.0,4.0,5.385164807134504,6.708203932499369,7.810249675906654,9.219544457292887,11.40175425099138,12.529964086141668,13.92838827718412,14.560219778561036,15.297058540778355,15.033296378372908,16.0312195418814,16.0312195418814,14.035668847618199,12.041594578792296,9.055385138137417,6.082762530298219,2.8284271247461903,5.0990195135927845,10.295630140987,15.620499351813308,20.518284528683193,23.345235059857504
1787403458.9232118,-69,0.0,29.68164415931166,28.0178514522438,25.238858928247925,21.095023109728988,16.55294535724685,12.649110640673518,9.219544457292887,6.0,4.242640687119285,7.0,9.055385138137417,11.045361017187261,14.035668847618199,17.029386365926403,18.027756377319946,18.0,19.026297590440446,18.027756377319946,15.033296378372908,13.152946437965905,11.40175425099138,9.219544457292887,4.0,0.0,3.0,5.0,0.0,0.0,0.0,0.0,0.0,0.0,0.0,0.0,0.0,0.0,0.0,3.605551275463989,4.242640687119285,4.242640687119285,1.4142135623730951,1.4142135623730951,3.1622776601683795,3.605551275463989,5.656854249492381,9.433981132056603,12.083045973594572,13.601470508735444,14.317821063276353,14.142135623730951,14.035668847618199,14.035668847618199,14.142135623730951,13.152946437965905,10.04987562112089,8.246211251235321,5.385164807134504,3.1622776601683795,6.708203932499369,10.0,14.866068747318506,19.79898987322333,22.67156809750927
1787403458.9232118,-69,0.0,31.38470965295043,30.528675044947494,28.30194339616981,23.853720883753127,18.601075237738275,14.142135623730951,8.602325267042627,5.0990195135927845,5.0,7.280109889280518,10.198039027185569,12.165525060596439,14.560219778561036,17.72004514666935,18.973665961010276,19.697715603592208,19.235384061671343,18.35755975068582,15.811388300841896,13.601470508735444,10.816653826391969,8.06225774829855,3.605551275463989,1.0,3.605551275463989,7.211102550927978,0.0,0.0,0.0,0.0,0.0,0.0,0.0,0.0,0.0,0.0,0.0,0.0,2.23606797749979,4.47213595499958,4.47213595499958,5.0,5.656854249492381,7.211102550927978,10.44030650891055,12.165525060596439,14.035668847618199,16.0312195418814,17.0,17.11724276862369,16.76305461424021,17.88854381999832,16.1245154965971,13.892443989449804,13.038404810405298,11.180339887498949,7.280109889280518,4.47213595499958,6.082762530298219,11.180339887498949,16.76305461424021,23.769728648009426,27.313000567495326
1787403458.9393585,-69,0.0,26.570660511172846,25.632011235952593,24.041630560342615,20.8806130178211,16.492422502470642,12.041594578792296,8.06225774829855,5.0,4.123105625617661,6.324555320336759,8.06225774829855,8.94427190999916,11.704699910719626,13.92838827718412,14.866068747318506,14.560219778561036,14.317821063276353,13.152946437965905,12.041594578792296,10.0,8.06225774829855,6.082762530298219,2.23606797749979,1.4142135623730951,3.605551275463989,5.385164807134504,0.0,0.0,0.0,0.0,0.0,0.0,0.0,0.0,0.0,0.0,0.0,1.0,1.0,2.23606797749979,3.1622776601683795,5.0,6.082762530298219,6.324555320336759,6.4031242374328485,8.48528137423857,11.313708498984761,12.041594578792296,12.206555615733702,12.083045973594572,11.704699910719626,11.40175425099138,11.40175425099138,10.198039027185569,9.055385138137417,7.0,5.0990195135927845,3.1622776601683795,5.830951894845301,10.0,15.0,18.867962264113206,21.95449840010015
1787403458.9393585,-69,0.0,27.51363298439521,26.92582403567252,25.079872407968907,21.93171219946131,17.88854381999832,13.601470508735444,9.219544457292887,6.082762530298219,5.830951894845301,8.48528137423857,10.816653826391969,12.206555615733702,14.212670403551895,16.401219466856727,17.029386365926403,17.029386365926403,16.97056274847714,15.620499351813308,14.422205101855956,11.661903789690601,10.295630140987,6.708203932499369,3.605551275463989,0.0,2.8284271247461903,3.605551275463989,0.0,0.0,0.0,0.0,0.0,0.0,0.0,0.0,0.0,0.0,0.0,2.23606797749979,1.4142135623730951,2.0,3.1622776601683795,3.605551275463989,5.0,6.708203932499369,8.246211251235321,10.04987562112089,11.0,13.038404810405298,13.341664064126334,12.649110640673518,13.416407864998739,14.422205101855956,14.212670403551895,13.45362404707371,11.313708498984761,8.48528137423857,5.656854249492381,3.0,4.123105625617661,9.055385138137417,14.317821063276353,19.4164878389476,22.80350850198276
1787403458.9393585,-69,0.0,28.0178514522438,26.627053911388696,24.413111231467404,21.633307652783937,17.4928556845359,13.0,8.06225774829855,5.385164807134504,6.324555320336759,8.0,10.04987562112089,12.041594578792296,14.035668847618199,16.0,17.0,17.029386365926403,16.1245154965971,15.297058540778355,13.341664064126334,11.40175425099138,9.219544457292887,6.324555320336759,3.1622776601683795,0.0,3.1622776601683795,5.385164807134504,0.0,0.0,0.0,0.0,0.0,0.0,0.0,0.0,0.0,0.0,0.0,1.0,1.0,2.23606797749979,3.0,4.123105625617661,5.830951894845301,6.4031242374328485,8.48528137423857,11.40175425099138,11.661903789690601,13.416407864998739,13.92838827718412,14.317821063276353,14.035668847618199,15.0,15.033296378372908,13.152946437965905,11.180339887498949,9.055385138137417,6.0,3.605551275463989,4.0,8.602325267042627,14.212670403551895,19.79898987322333,23.345235059857504
1787403458.9393585,-69,0.0,28.160255680657446,28.160255680657446,25.179356624028344,22.20360331117452,18.24828759089466,13.601470508735444,9.433981132056603,5.830951894845301,5.0990195135927845,6.4031242374328485,8.48528137423857,10.63014581273465,12.041594578792296,13.45362404707371,15.620499351813308,16.401219466856727,16.64331697709324,15.264337522473747,13.416407864998739,10.770329614269007,8.54400374531753,5.385164807134504,2.0,1.4142135623730951,3.605551275463989,5.385164807134504,0.0,0.0,0.0,0.0,0.0,0.0,0.0,0.0,0.0,0.0,0.0,0.0,2.23606797749979,3.1622776601683795,4.47213595499958,5.0,6.324555320336759,7.0710678118654755,9.0,11.045361017187261,12.36931687685298,13.601470508735444,13.92838827718412,13.892443989449804,13.601470508735444,13.45362404707371,13.45362404707371,13.45362404707371,11.40175425099138,8.48528137423857,5.830951894845301,4.0,5.0,9.219544457292887,15.132745950421556,20.024984394500787,24.0
1787403459.0049345,-69,0.0,29.206163733020468,27.80287754891569,25.0,21.400934559032695,16.64331697709324,13.0,9.055385138137417,6.324555320336759,7.211102550927978,8.54400374531753,10.44030650891055,12.649110640673518,13.92838827718412,16.15549442140351,17.46424919657298,17.88854381999832,16.64331697709324,15.620499351813308,14.142135623730951,11.313708498984761,9.899494936611665,7.0710678118654755,3.605551275463989,1.0,4.242640687119285,6.4031242374328485,0.0,0.0,0.0,0.0,0.0,0.0,0.0,0.0,0.0,0.0,0.0,4.123105625617661,2.8284271247461903,3.0,2.23606797749979,3.1622776601683795,4.0,5.385164807134504,7.211102550927978,9.219544457292887,11.313708498984761,12.041594578792296,13.038404810405298,13.416407864998739,13.601470508735444,13.341664064126334,13.152946437965905,12.041594578792296,10.0,8.0,5.0990195135927845,3.605551275463989,6.324555320336759,10.816653826391969,16.278820596099706,20.518284528683193,24.758836806279895
1787403459.0049345,-69,0.0,28.844410203711913,28.0178514522438,25.0,22.02271554554524,17.69180601295413,14.212670403551895,10.295630140987,7.0,7.211102550927978,8.48528137423857,10.63014581273465,12.041594578792296,14.142135623730951,16.278820596099706,17.029386365926403,17.204650534085253,16.64331697709324,15.652475842498529,13.0,11.704699910719626,8.54400374531753,5.0990195135927845,2.0,2.23606797749979,5.0,6.708203932499369,0.0,0.0,0.0,0.0,0.0,0.0,0.0,0.0,0.0,0.0,0.0,2.0,1.4142135623730951,2.0,2.8284271247461903,4.123105625617661,6.082762530298219,7.280109889280518,8.94427190999916,11.40175425099138,13.45362404707371,14.212670403551895,14.422205101855956,14.317821063276353,14.560219778561036,14.317821063276353,14.142135623730951,13.038404810405298,11.0,8.06225774829855,6.082762530298219,4.242640687119285,7.0,10.770329614269007,17.0,21.095023109728988,23.853720883753127
1787403459.0049345,-69,0.0,27.730849247724095,26.832815729997478,24.596747752497688,20.591260281974,15.811388300841896,12.727922061357855,8.94427190999916,7.0,7.211102550927978,9.219544457292887,11.40175425099138,13.45362404707371,15.556349186104045,16.97056274847714,18.439088914585774,19.209372712298546,18.601075237738275,16.64331697709324,14.7648230602334,12.083045973594572,9.486832980505138,6.324555320336759,3.1622776601683795,1.0,4.47213595499958,5.385164807134504,0.0,0.0,0.0,0.0,0.0,0.0,0.0,0.0,0.0,0.0,0.0,4.242640687119285,3.605551275463989,2.0,1.4142135623730951,2.23606797749979,4.242640687119285,5.830951894845301,8.94427190999916,10.770329614269007,12.649110640673518,14.317821063276353,15.132745950421556,14.035668847618199,14.035668847618199,13.341664064126334,13.92838827718412,12.083045973594572,10.295630140987,8.54400374531753,6.082762530298219,4.47213595499958,6.082762530298219,10.04987562112089,15.524174696260024,21.18962010041709,24.698178070456937
1787403459.0184484,-69,0.0,27.65863337187866,26.248809496813376,23.430749027719962,20.0,16.64331697709324,12.083045973594572,9.055385138137417,6.324555320336759,7.211102550927978,9.848857801796104,11.704699910719626,13.0,15.231546211727817,17.0,18.35755975068582,18.027756377319946,18.601075237738275,16.401219466856727,14.866068747318506,12.727922061357855,10.63014581273465,7.0710678118654755,2.8284271247461903,1.0,4.242640687119285,5.656854249492381,0.0,0.0,0.0,0.0,0.0,0.0,0.0,0.0,0.0,0.0,0.0,4.123105625617661,2.8284271247461903,2.0,2.23606797749979,2.23606797749979,3.1622776601683795,5.830951894845301,8.602325267042627,9.219544457292887,11.313708498984761,13.45362404707371,13.601470508735444,13.416407864998739,13.92838827718412,13.341664064126334,13.152946437965905,12.041594578792296,10.04987562112089,8.06225774829855,5.385164807134504,3.605551275463989,6.082762530298219,10.816653826391969,15.620499351813308,20.518284528683193,24.041630560342615
1787403459.0500185,-69,0.0,27.294688127912362,26.419689627245813,24.186773244895647,21.095023109728988,16.401219466856727,11.313708498984761,7.615773105863909,6.082762530298219,5.656854249492381,8.06225774829855,10.295630140987,11.661903789690601,13.601470508735444,15.0,16.278820596099706,16.97056274847714,15.620499351813308,14.422205101855956,12.529964086141668,10.770329614269007,8.54400374531753,5.0990195135927845,2.23606797749979,2.23606797749979,5.656854249492381,6.4031242374328485,0.0,0.0,0.0,0.0,0.0,0.0,0.0,0.0,0.0,0.0,0.0,2.0,1.0,1.4142135623730951,3.0,3.1622776601683795,5.0,7.0710678118654755,9.219544457292887,11.661903789690601,12.529964086141668,13.92838827718412,14.560219778561036,15.132745950421556,15.0,14.035668847618199,14.142135623730951,12.165525060596439,10.198039027185569,9.055385138137417,6.082762530298219,5.656854249492381,7.0710678118654755,12.041594578792296,16.76305461424021,21.540659228538015,24.166091947189145
1787403459.0980306,-69,0.0,28.460498941515414,27.202941017470888,25.298221281347036,21.540659228538015,17.88854381999832,13.038404810405298,9.219544457292887,6.324555320336759,6.324555320336759,7.810249675906654,9.899494936611665,11.313708498984761,12.727922061357855,14.866068747318506,15.620499351813308,15.811388300841896,15.264337522473747,13.892443989449804,12.083045973594572,10.44030650891055,7.280109889280518,4.0,1.4142135623730951,2.23606797749979,4.47213595499958,5.830951894845301,0.0,0.0,0.0,0.0,0.0,0.0,0.0,0.0,0.0,0.0,0.0,2.0,2.23606797749979,2.23606797749979,3.0,3.605551275463989,5.0,6.708203932499369,8.54400374531753,11.180339887498949,13.152946437965905,14.035668847618199,15.033296378372908,15.297058540778355,14.560219778561036,14.866068747318506,14.317821063276353,12.529964086141668,11.180339887498949,8.94427190999916,6.324555320336759,4.47213595499958,6.324555320336759,11.0,16.1245154965971,21.37755832643195,23.53720459187964
1787403459.2244427,-70,0.0,27.0,26.0,23.0,21.0,17.11724276862369,12.36931687685298,8.94427190999916,7.211102550927978,7.0,8.54400374531753,9.848857801796104,13.0,14.866068747318506,16.76305461424021,17.72004514666935,16.492422502470642,16.278820596099706,14.142135623730951,13.038404810405298,11.0,8.0,5.0,2.0,1.0,4.0,6.082762530298219,0.0,0.0,0.0,0.0,0.0,0.0,0.0,0.0,0.0,0.0,0.0,2.8284271247461903,2.0,1.4142135623730951,2.0,2.23606797749979,3.605551275463989,5.385164807134504,8.246211251235321,11.045361017187261,12.0,13.152946437965905,13.341664064126334,13.92838827718412,14.7648230602334,14.422205101855956,14.212670403551895,13.45362404707371,11.313708498984761,9.899494936611665,7.211102550927978,5.0,5.656854249492381,9.486832980505138,15.297058540778355,19.1049731745428,23.021728866442675
1787403459.5427237,-70,0.0,27.892651361962706,27.202941017470888,24.041630560342615,20.8806130178211,18.027756377319946,12.529964086141668,9.219544457292887,5.830951894845301,5.0990195135927845,7.810249675906654,10.0,12.206555615733702,15.0,17.029386365926403,17.804493814764857,17.204650534085253,17.204650534085253,16.1245154965971,13.416407864998739,11.180339887498949,8.54400374531753,5.385164807134504,2.23606797749979,1.0,4.123105625617661,6.324555320336759,0.0,0.0,0.0,0.0,0.0,0.0,0.0,0.0,0.0,0.0,0.0,5.385164807134504,4.0,3.1622776601683795,2.23606797749979,2.23606797749979,3.1622776601683795,6.082762530298219,9.055385138137417,12.041594578792296,13.0,15.033296378372908,15.132745950421556,16.492422502470642,17.08800749063506,16.55294535724685,15.652475842498529,14.422205101855956,11.40175425099138,10.0,6.708203932499369,4.123105625617661,5.385164807134504,10.0,15.132745950421556,20.396078054371138,22.561028345356956
1787403459.5586843,-70,0.0,27.294688127912362,26.076809620810597,24.020824298928627,22.0,19.026297590440446,15.132745950421556,10.44030650891055,7.0710678118654755,6.324555320336759,7.0710678118654755,9.219544457292887,12.36931687685298,14.560219778561036,15.524174696260024,17.46424919657298,18.439088914585774,17.26267650163207,15.033296378372908,13.038404810405298,11.0,9.055385138137417,6.082762530298219,3.1622776601683795,1.0,3.1622776601683795,5.0990195135927845,0.0,0.0,0.0,0.0,0.0,0.0,0.0,0.0,0.0,0.0,0.0,9.055385138137417,6.324555320336759,4.242640687119285,3.1622776601683795,2.0,3.1622776601683795,5.0,7.280109889280518,10.44030650891055,12.083045973594572,13.416407864998739,13.892443989449804,15.0,15.556349186104045,14.212670403551895,13.038404810405298,12.529964086141668,10.295630140987,8.06225774829855,5.656854249492381,3.1622776601683795,5.0,9.486832980505138,15.132745950421556,19.235384061671343,23.194827009486403
1787403460.4685192,-69,0.0,25.495097567963924,24.758836806279895,22.627416997969522,20.518284528683193,16.64331697709324,12.083045973594572,9.055385138137417,7.615773105863909,7.810249675906654,8.94427190999916,11.180339887498949,12.083045973594572,13.892443989449804,15.264337522473747,15.264337522473747,15.0,14.212670403551895,13.45362404707371,11.661903789690601,9.848857801796104,7.615773105863909,5.0990195135927845,3.0,2.0,3.605551275463989,5.0,0.0,0.0,0.0,0.0,0.0,0.0,0.0,0.0,0.0,0.0,0.0,2.23606797749979,1.4142135623730951,1.0,1.4142135623730951,2.23606797749979,4.123105625617661,5.385164807134504,6.4031242374328485,9.219544457292887,10.63014581273465,12.206555615733702,13.038404810405298,12.529964086141668,12.649110640673518,12.165525060596439,12.041594578792296,10.0,8.0,6.0,5.0990195135927845,3.605551275463989,6.082762530298219,10.295630140987,14.422205101855956,18.601075237738275,20.615528128088304
1787403460.4685192,-70,0.0,29.0,29.0,27.018512172212592,22.80350850198276,18.867962264113206,13.92838827718412,10.04987562112089,7.615773105863909,7.211102550927978,10.44030650891055,12.36931687685298,14.866068747318506,16.15549442140351,17.46424919657298,17.46424919657298,17.0,15.811388300841896,15.0,13.45362404707371,11.40175425099138,8.94427190999916,5.385164807134504,2.0,2.23606797749979,4.242640687119285,6.4031242374328485,0.0,0.0,0.0,0.0,0.0,0.0,0.0,0.0,0.0,0.0,0.0,3.0,2.0,1.0,2.23606797749979,3.0,4.123105625617661,5.830951894845301,9.219544457292887,12.041594578792296,13.45362404707371,14.866068747318506,15.811388300841896,16.55294535724685,16.76305461424021,16.278820596099706,16.1245154965971,14.035668847618199,12.0,10.04987562112089,7.0710678118654755,4.242640687119285,5.0990195135927845,9.433981132056603,15.0,21.2602916254693,24.08318915758459
1787403460.488336,-69,0.0,30.066592756745816,29.614185789921695,27.51363298439521,22.561028345356956,18.027756377319946,14.317821063276353,8.94427190999916,5.385164807134504,6.082762530298219,8.06225774829855,9.433981132056603,12.206555615733702,13.601470508735444,15.811388300841896,16.401219466856727,16.401219466856727,15.264337522473747,14.317821063276353,12.083045973594572,9.486832980505138,7.0710678118654755,5.0,2.23606797749979,2.0,5.0,6.4031242374328485,0.0,0.0,0.0,0.0,0.0,0.0,0.0,0.0,0.0,0.0,0.0,2.8284271247461903,2.0,1.4142135623730951,3.1622776601683795,4.0,5.0990195135927845,6.708203932499369,8.602325267042627,11.40175425099138,12.727922061357855,14.142135623730951,14.866068747318506,14.422205101855956,14.7648230602334,14.7648230602334,13.416407864998739,12.083045973594572,8.94427190999916,7.211102550927978,5.656854249492381,5.0,7.0710678118654755,10.816653826391969,17.0,21.540659228538015,25.298221281347036
1787403460.6908636,-69,0.0,25.079872407968907,25.179356624028344,23.194827009486403,20.223748416156685,16.492422502470642,13.0,8.602325267042627,6.708203932499369,6.0,7.615773105863909,8.94427190999916,11.180339887498949,12.083045973594572,13.416407864998739,13.92838827718412,13.601470508735444,12.36931687685298,11.045361017187261,9.0,8.06225774829855,6.324555320336759,4.242640687119285,3.0,3.605551275463989,5.385164807134504,6.082762530298219,0.0,0.0,0.0,0.0,0.0,0.0,0.0,0.0,0.0,0.0,0.0,1.0,1.4142135623730951,2.0,3.0,3.605551275463989,5.0,5.385164807134504,7.280109889280518,10.04987562112089,12.0,13.152946437965905,13.601470508735444,13.0,13.892443989449804,13.601470508735444,12.806248474865697,12.041594578792296,9.899494936611665,7.810249675906654,5.830951894845301,4.123105625617661,5.830951894845301,10.198039027185569,15.033296378372908,19.0,22.0
1787403460.6943235,-35,0.0,14.035668847618199,14.035668847618199,14.0,14.035668847618199,14.035668847618199,14.142135623730951,14.142135623730951,13.152946437965905,14.317821063276353,14.317821063276353,14.560219778561036,14.560219778561036,14.560219778561036,14.560219778561036,14.866068747318506,15.811388300841896,15.524174696260024,15.811388300841896,15.524174696260024,15.524174696260024,15.524174696260024,15.297058540778355,14.142135623730951,14.035668847618199,14.035668847618199,14.0,0.0,0.0,0.0,0.0,0.0,0.0,0.0,0.0,0.0,0.0,0.0,12.041594578792296,12.165525060596439,12.165525060596439,12.36931687685298,12.649110640673518,13.601470508735444,13.601470508735444,13.92838827718412,13.92838827718412,13.92838827718412,13.92838827718412,13.92838827718412,13.0,13.0,12.649110640673518,12.649110640673518,12.649110640673518,13.341664064126334,13.341664064126334,13.152946437965905,13.152946437965905,13.152946437965905,14.035668847618199,13.152946437965905,13.038404810405298,13.038404810405298
1787403460.8180008,-68,0.0,28.653097563788805,28.653097563788805,28.178005607210743,23.706539182259394,19.697715603592208,14.866068747318506,11.0,8.94427190999916,9.219544457292887,10.770329614269007,12.649110640673518,14.866068747318506,17.46424919657298,18.384776310850235,18.788294228055936,17.0,16.64331697709324,15.811388300841896,12.806248474865697,10.63014581273465,7.810249675906654,4.242640687119285,1.4142135623730951,2.23606797749979,5.385164807134504,7.280109889280518,0.0,0.0,0.0,0.0,0.0,0.0,0.0,0.0,0.0,0.0,0.0,5.0,3.1622776601683795,2.23606797749979,2.8284271247461903,2.23606797749979,2.23606797749979,5.0990195135927845,7.280109889280518,10.770329614269007,13.0,15.231546211727817,15.264337522473747,16.401219466856727,16.97056274847714,17.804493814764857,16.64331697709324,14.7648230602334,12.529964086141668,9.433981132056603,7.0710678118654755,6.082762530298219,7.615773105863909,11.313708498984761,17.204650534085253,21.95449840010015,24.186773244895647
1787403460.8415241,-69,0.0,21.587033144922902,21.840329667841555,21.840329667841555,21.840329667841555,20.8806130178211,19.313207915827967,18.384776310850235,17.46424919657298,15.231546211727817,13.92838827718412,12.649110640673518,12.649110640673518,12.649110640673518,12.36931687685298,12.165525060596439,11.180339887498949,11.180339887498949,10.198039027185569,10.04987562112089,10.04987562112089,10.04987562112089,9.055385138137417,9.055385138137417,9.055385138137417,8.06225774829855,7.0710678118654755,0.0,0.0,0.0,0.0,0.0,0.0,0.0,0.0,0.0,0.0,0.0,5.0,5.0,5.0,5.830951894845301,5.830951894845301,6.708203932499369,7.615773105863909,8.06225774829855,8.94427190999916,8.94427190999916,8.94427190999916,9.848857801796104,9.486832980505138,10.44030650891055,11.40175425099138,11.180339887498949,12.165525060596439,13.152946437965905,14.142135623730951,15.297058540778355,16.278820596099706,16.278820596099706,17.26267650163207,19.235384061671343,20.223748416156685,20.223748416156685
1787403460.9450161,-68,0.0,29.0,28.0,26.0,22.0,18.110770276274835,14.317821063276353,11.180339887498949,9.219544457292887,9.486832980505138,11.045361017187261,13.038404810405298,15.132745950421556,16.0312195418814,17.029386365926403,17.11724276862369,17.0,16.0312195418814,13.038404810405298,12.36931687685298,9.848857801796104,5.830951894845301,3.605551275463989,2.0,2.23606797749979,4.123105625617661,5.385164807134504,0.0,0.0,0.0,0.0,0.0,0.0,0.0,0.0,0.0,0.0,0.0,2.0,0.0,1.4142135623730951,2.0,3.1622776601683795,5.0,6.4031242374328485,7.211102550927978,9.848857801796104,11.704699910719626,13.152946437965905,13.038404810405298,13.038404810405298,13.341664064126334,12.649110640673518,12.083045973594572,11.661903789690601,10.295630140987,8.54400374531753,6.0,5.830951894845301,7.615773105863909,11.180339887498949,16.1245154965971,21.095023109728988,24.08318915758459
1787403461.3118155,-69,0.0,29.0,27.018512172212592,24.020824298928627,20.09975124224178,16.278820596099706,12.083045973594572,7.810249675906654,7.0710678118654755,7.615773105863909,10.0,11.40175425099138,13.038404810405298,13.892443989449804,15.652475842498529,15.652475842498529,16.15549442140351,14.560219778561036,12.165525060596439,10.0,8.246211251235321,6.708203932499369,5.656854249492381,4.123105625617661,4.123105625617661,5.0,6.324555320336759,0.0,0.0,0.0,0.0,0.0,0.0,0.0,0.0,0.0,0.0,0.0,2.0,2.8284271247461903,3.0,3.1622776601683795,5.0,6.708203932499369,8.246211251235321,10.04987562112089,12.041594578792296,13.341664064126334,15.811388300841896,16.55294535724685,17.4928556845359,17.204650534085253,17.804493814764857,17.029386365926403,15.620499351813308,12.806248474865697,10.295630140987,7.280109889280518,6.324555320336759,8.602325267042627,12.649110640673518,17.26267650163207,22.20360331117452,25.179356624028344
1787403461.3602235,-72,0.0,26.1725046566048,25.079872407968907,23.021728866442675,20.0,16.0312195418814,11.40175425099138,8.602325267042627,6.324555320336759,8.06225774829855,10.44030650891055,11.704699910719626,13.601470508735444,14.560219778561036,15.524174696260024,16.278820596099706,16.1245154965971,14.035668847618199,11.045361017187261,9.219544457292887,7.615773105863909,5.0,2.23606797749979,2.23606797749979,4.0,6.082762530298219,7.615773105863909,0.0,0.0,0.0,0.0,0.0,0.0,0.0,0.0,0.0,0.0,0.0,2.8284271247461903,2.0,2.23606797749979,2.23606797749979,3.1622776601683795,4.242640687119285,6.708203932499369,9.219544457292887,11.180339887498949,12.0,14.035668847618199,15.297058540778355,15.811388300841896,17.46424919657298,17.0,16.1245154965971,14.422205101855956,13.038404810405298,10.295630140987,8.246211251235321,6.082762530298219,7.810249675906654,12.083045973594572,15.524174696260024,20.223748416156685,24.186773244895647
1787403461.5026927,-68,0.0,29.68164415931166,28.30194339616981,26.076809620810597,21.095023109728988,16.64331697709324,13.45362404707371,9.219544457292887,7.0710678118654755,7.211102550927978,8.48528137423857,10.63014581273465,12.041594578792296,13.45362404707371,15.556349186104045,16.278820596099706,15.620499351813308,14.422205101855956,13.416407864998739,11.180339887498949,7.615773105863909,4.47213595499958,2.0,1.0,3.605551275463989,5.0990195135927845,6.0,0.0,0.0,0.0,0.0,0.0,0.0,0.0,0.0,0.0,0.0,0.0,2.23606797749979,1.4142135623730951,0.0,2.0,3.0,5.0,6.324555320336759,8.06225774829855,9.433981132056603,10.63014581273465,12.041594578792296,13.038404810405298,13.416407864998739,13.92838827718412,14.866068747318506,14.560219778561036,14.317821063276353,11.180339887498949,8.246211251235321,6.708203932499369,5.830951894845301,8.0,11.704699910719626,16.55294535724685,21.470910553583888,24.186773244895647
1787403461.790418,-73,0.0,26.832815729997478,25.942243542145693,23.706539182259394,21.02379604162864,18.027756377319946,14.317821063276353,10.04987562112089,8.06225774829855,8.602325267042627,9.486832980505138,12.165525060596439,13.341664064126334,15.524174696260024,16.76305461424021,17.08800749063506,17.46424919657298,16.55294535724685,14.7648230602334,13.038404810405298,10.0,7.211102550927978,4.47213595499958,2.0,2.0,4.123105625617661,6.082762530298219,0.0,0.0,0.0,0.0,0.0,0.0,0.0,0.0,0.0,0.0,0.0,5.0990195135927845,3.1622776601683795,1.4142135623730951,2.0,3.1622776601683795,5.385164807134504,7.280109889280518,10.198039027185569,12.0,13.038404810405298,14.142135623730951,14.317821063276353,13.92838827718412,13.892443989449804,13.601470508735444,12.041594578792296,11.313708498984761,9.899494936611665,8.48528137423857,5.830951894845301,4.0,6.4031242374328485,11.40175425099138,15.652475842498529,19.697715603592208,21.93171219946131
1787403462.0881844,-68,0.0,27.018512172212592,27.018512172212592,25.019992006393608,23.08679276123039,20.223748416156685,15.524174696260024,12.529964086141668,9.899494936611665,8.54400374531753,9.055385138137417,11.0,12.0,14.0,15.033296378372908,16.1245154965971,16.1245154965971,14.317821063276353,13.601470508735444,11.704699910719626,8.54400374531753,6.324555320336759,4.123105625617661,3.1622776601683795,3.1622776601683795,5.0,7.0710678118654755,0.0,0.0,0.0,0.0,0.0,0.0,0.0,0.0,0.0,0.0,0.0,4.123105625617661,2.0,1.4142135623730951,1.0,2.23606797749979,3.0,5.385164807134504,8.06225774829855,9.219544457292887,11.40175425099138,13.038404810405298,14.317821063276353,14.560219778561036,15.132745950421556,15.0,15.033296378372908,13.152946437965905,11.40175425099138,9.486832980505138,7.280109889280518,5.0990195135927845,5.0,8.246211251235321,12.0,17.0,20.024984394500787
1787403462.2897186,-89,0.0,10.770329614269007,10.44030650891055,10.198039027185569,9.055385138137417,9.0,8.0,6.0,5.0,4.0,2.23606797749979,2.23606797749979,2.23606797749979,2.0,1.0,1.0,3.0,3.1622776601683795,4.0,5.0,5.0,5.0,5.0990195135927845,6.324555320336759,6.708203932499369,7.211102550927978,7.211102550927978,0.0,0.0,0.0,0.0,0.0,0.0,0.0,0.0,0.0,0.0,0.0,8.602325267042627,10.0,13.038404810405298,14.7648230602334,17.0,18.788294228055936,20.615528128088304,20.248456731316587,20.248456731316587,19.313207915827967,17.08800749063506,13.601470508735444,10.44030650891055,8.246211251235321,6.082762530298219,3.0,2.0,2.23606797749979,2.0,2.23606797749979,2.8284271247461903,4.242640687119285,5.0,5.830951894845301,6.708203932499369,7.280109889280518
1787403462.3789682,-68,0.0,29.154759474226502,28.653097563788805,26.92582403567252,24.413111231467404,19.849433241279208,14.866068747318506,10.295630140987,7.0710678118654755,7.615773105863909,8.48528137423857,9.899494936611665,12.041594578792296,14.866068747318506,16.97056274847714,17.029386365926403,16.401219466856727,15.811388300841896,13.892443989449804,11.180339887498949,7.615773105863909,5.385164807134504,2.0,0.0,3.1622776601683795,5.0990195135927845,6.082762530298219,0.0,0.0,0.0,0.0,0.0,0.0,0.0,0.0,0.0,0.0,0.0,2.0,0.0,2.0,3.1622776601683795,5.385164807134504,5.830951894845301,7.810249675906654,10.0,12.206555615733702,14.422205101855956,15.652475842498529,16.15549442140351,16.492422502470642,17.26267650163207,17.0,16.0312195418814,14.142135623730951,12.165525060596439,9.055385138137417,7.0710678118654755,6.4031242374328485,7.280109889280518,11.180339887498949,16.15549442140351,21.93171219946131,24.166091947189145
1787403462.3948882,-70,0.0,28.442925306655784,27.294688127912362,25.179356624028344,22.090722034374522,19.026297590440446,14.142135623730951,9.848857801796104,7.810249675906654,8.06225774829855,9.055385138137417,10.198039027185569,12.165525060596439,13.152946437965905,14.035668847618199,15.0,14.035668847618199,13.152946437965905,11.180339887498949,9.486832980505138,7.615773105863909,5.385164807134504,2.23606797749979,1.0,3.605551275463989,5.0,6.4031242374328485,0.0,0.0,0.0,0.0,0.0,0.0,0.0,0.0,0.0,0.0,0.0,3.1622776601683795,1.4142135623730951,1.0,2.23606797749979,4.242640687119285,5.830951894845301,7.280109889280518,10.198039027185569,12.041594578792296,14.0,15.132745950421556,15.524174696260024,16.15549442140351,17.0,16.64331697709324,16.401219466856727,14.866068747318506,13.45362404707371,10.63014581273465,7.211102550927978,5.0,7.0710678118654755,11.180339887498949,15.524174696260024,20.396078054371138,23.53720459187964
1787403462.4803717,-69,0.0,24.020824298928627,23.021728866442675,22.02271554554524,19.026297590440446,16.1245154965971,12.649110640673518,9.433981132056603,7.211102550927978,7.280109889280518,9.0,10.198039027185569,11.045361017187261,12.041594578792296,14.035668847618199,15.0,16.0312195418814,15.132745950421556,13.152946437965905,12.165525060596439,10.198039027185569,7.0710678118654755,4.0,2.8284271247461903,3.1622776601683795,4.47213595499958,5.830951894845301,0.0,0.0,0.0,0.0,0.0,0.0,0.0,0.0,0.0,0.0,0.0,3.0,1.0,0.0,2.0,3.1622776601683795,5.0,5.656854249492381,7.810249675906654,8.94427190999916,9.848857801796104,11.40175425099138,12.165525060596439,12.0,12.165525060596439,12.649110640673518,13.0,11.661903789690601,10.816653826391969,8.602325267042627,5.385164807134504,4.123105625617661,5.0,8.06225774829855,12.0,16.0,19.026297590440446
1787403462.4902964,-68,0.0,27.892651361962706,27.892651361962706,25.96150997149434,22.80350850198276,19.235384061671343,16.0,12.649110640673518,9.219544457292887,8.94427190999916,9.219544457292887,10.198039027185569,12.36931687685298,14.560219778561036,16.492422502470642,17.08800749063506,16.15549442140351,15.652475842498529,15.231546211727817,12.529964086141668,10.816653826391969,8.602325267042627,4.47213595499958,2.23606797749979,2.23606797749979,4.0,6.082762530298219,0.0,0.0,0.0,0.0,0.0,0.0,0.0,0.0,0.0,0.0,0.0,2.0,0.0,1.0,2.23606797749979,2.8284271247461903,4.47213595499958,5.830951894845301,8.06225774829855,10.44030650891055,12.041594578792296,13.038404810405298,14.035668847618199,13.341664064126334,13.92838827718412,14.422205101855956,13.45362404707371,12.041594578792296,11.40175425099138,9.219544457292887,7.810249675906654,4.123105625617661,5.0,9.848857801796104,14.866068747318506,18.681541692269406,21.840329667841555
1787403462.4902964,-68,0.0,33.95585369269929,32.984845004941285,29.832867780352597,26.68332812825267,22.360679774997898,17.029386365926403,13.152946437965905,10.295630140987,9.433981132056603,9.486832980505138,10.44030650891055,12.36931687685298,14.317821063276353,14.560219778561036,17.08800749063506,17.46424919657298,17.0,15.811388300841896,14.212670403551895,12.041594578792296,8.48528137423857,5.0,2.23606797749979,2.23606797749979,5.0990195135927845,8.06225774829855,0.0,0.0,0.0,0.0,0.0,0.0,0.0,0.0,0.0,0.0,0.0,2.0,0.0,2.23606797749979,3.1622776601683795,5.385164807134504,7.211102550927978,9.219544457292887,11.40175425099138,12.529964086141668,13.92838827718412,15.524174696260024,16.0312195418814,15.132745950421556,15.524174696260024,16.15549442140351,15.652475842498529,13.892443989449804,11.661903789690601,9.433981132056603,7.615773105863909,7.0,7.810249675906654,12.206555615733702,17.46424919657298,22.135943621178654,26.68332812825267
1787403462.58595,-69,0.0,24.020824298928627,24.08318915758459,25.079872407968907,25.079872407968907,23.345235059857504,22.561028345356956,21.840329667841555,19.924858845171276,17.72004514666935,15.524174696260024,14.560219778561036,13.341664064126334,13.152946437965905,13.038404810405298,13.038404810405298,12.041594578792296,12.041594578792296,12.0,11.045361017187261,11.045361017187261,11.045361017187261,11.045361017187261,11.045361017187261,11.045361017187261,10.04987562112089,9.0,0.0,0.0,0.0,0.0,0.0,0.0,0.0,0.0,0.0,0.0,0.0,7.211102550927978,7.211102550927978,7.810249675906654,7.0710678118654755,7.211102550927978,7.211102550927978,7.211102550927978,8.06225774829855,8.94427190999916,9.848857801796104,9.848857801796104,10.770329614269007,10.770329614269007,10.770329614269007,11.40175425099138,11.180339887498949,12.041594578792296,13.038404810405298,15.0,15.0,16.0,18.0,19.0,21.02379604162864,22.02271554554524,22.02271554554524
1787403462.601749,-70,0.0,31.622776601683793,30.675723300355934,28.460498941515414,25.0,21.587033144922902,18.027756377319946,14.317821063276353,12.529964086141668,12.041594578792296,12.529964086141668,13.0,15.231546211727817,16.55294535724685,17.4928556845359,18.027756377319946,17.204650534085253,16.401219466856727,14.866068747318506,12.727922061357855,10.63014581273465,7.810249675906654,5.0,3.0,4.47213595499958,6.082762530298219,8.246211251235321,0.0,0.0,0.0,0.0,0.0,0.0,0.0,0.0,0.0,0.0,0.0,4.123105625617661,2.23606797749979,1.0,1.0,2.8284271247461903,5.656854249492381,8.602325267042627,11.661903789690601,14.7648230602334,16.15549442140351,16.76305461424021,18.24828759089466,18.0,18.027756377319946,17.26267650163207,15.811388300841896,14.317821063276353,12.529964086141668,10.295630140987,7.280109889280518,6.082762530298219,7.0710678118654755,11.180339887498949,16.15549442140351,21.18962010041709,25.298221281347036
1787403462.601749,-69,0.0,26.419689627245813,25.553864678361276,24.698178070456937,22.47220505424423,18.35755975068582,14.317821063276353,10.198039027185569,8.06225774829855,7.615773105863909,7.810249675906654,9.219544457292887,10.63014581273465,12.041594578792296,12.727922061357855,12.806248474865697,12.529964086141668,13.0,11.704699910719626,10.44030650891055,8.54400374531753,6.324555320336759,4.123105625617661,1.4142135623730951,2.23606797749979,4.47213595499958,5.385164807134504,0.0,0.0,0.0,0.0,0.0,0.0,0.0,0.0,0.0,0.0,0.0,4.47213595499958,2.23606797749979,1.0,2.23606797749979,5.385164807134504,6.324555320336759,7.280109889280518,10.04987562112089,11.045361017187261,13.152946437965905,14.035668847618199,14.035668847618199,15.297058540778355,15.811388300841896,15.652475842498529,14.422205101855956,12.806248474865697,10.63014581273465,10.0,9.433981132056603,6.324555320336759,7.0710678118654755,10.0,15.264337522473747,19.235384061671343,22.360679774997898
1787403462.6176546,-68,0.0,26.248809496813376,24.839484696748443,23.430749027719962,22.02271554554524,17.69180601295413,13.45362404707371,10.295630140987,9.055385138137417,9.219544457292887,8.94427190999916,10.295630140987,11.661903789690601,13.416407864998739,14.317821063276353,14.866068747318506,14.560219778561036,14.317821063276353,12.165525060596439,10.04987562112089,9.055385138137417,6.0,4.0,2.23606797749979,3.1622776601683795,5.830951894845301,7.211102550927978,0.0,0.0,0.0,0.0,0.0,0.0,0.0,0.0,0.0,0.0,0.0,4.123105625617661,2.0,1.0,1.0,3.1622776601683795,5.0990195135927845,7.0710678118654755,8.54400374531753,11.704699910719626,14.560219778561036,15.811388300841896,15.264337522473747,15.0,14.866068747318506,14.866068747318506,13.601470508735444,12.529964086141668,10.770329614269007,8.94427190999916,6.708203932499369,5.0,6.0,9.848857801796104,15.0,19.1049731745428,20.518284528683193
1787403462.6176546,-69,0.0,30.610455730027933,30.0,28.0178514522438,25.0,20.518284528683193,16.401219466856727,13.416407864998739,10.198039027185569,9.486832980505138,10.0,11.40175425099138,12.806248474865697,15.0,16.1245154965971,15.231546211727817,14.866068747318506,14.866068747318506,13.601470508735444,12.36931687685298,11.045361017187261,8.06225774829855,4.123105625617661,2.23606797749979,3.605551275463989,5.0,7.0710678118654755,0.0,0.0,0.0,0.0,0.0,0.0,0.0,0.0,0.0,0.0,0.0,3.0,3.0,1.0,0.0,4.0,5.0990195135927845,6.324555320336759,9.486832980505138,12.649110640673518,16.15549442140351,17.88854381999832,18.867962264113206,19.1049731745428,18.439088914585774,17.204650534085253,16.64331697709324,15.652475842498529,13.416407864998739,10.770329614269007,9.433981132056603,7.211102550927978,7.0,9.848857801796104,15.811388300841896,22.20360331117452,25.0
1787403462.6336875,-68,0.0,31.304951684997057,30.4138126514911,28.178005607210743,24.166091947189145,18.973665961010276,15.132745950421556,11.045361017187261,9.848857801796104,9.899494936611665,10.816653826391969,12.206555615733702,13.038404810405298,15.0,16.278820596099706,16.97056274847714,18.439088914585774,17.204650534085253,15.811388300841896,12.529964086141668,9.848857801796104,8.06225774829855,7.0710678118654755,4.47213595499958,3.1622776601683795,5.0,6.708203932499369,0.0,0.0,0.0,0.0,0.0,0.0,0.0,0.0,0.0,0.0,0.0,4.242640687119285,3.1622776601683795,1.0,2.0,3.605551275463989,6.324555320336759,10.198039027185569,11.40175425099138,12.36931687685298,15.033296378372908,18.0,19.1049731745428,18.439088914585774,17.46424919657298,17.4928556845359,16.64331697709324,15.0,12.727922061357855,7.810249675906654,5.0990195135927845,6.324555320336759,8.48528137423857,12.206555615733702,16.1245154965971,21.02379604162864,24.166091947189145
1787403462.6336875,-68,0.0,25.495097567963924,25.495097567963924,24.08318915758459,22.67156809750927,18.439088914585774,13.892443989449804,9.486832980505138,7.0710678118654755,8.06225774829855,8.602325267042627,10.0,11.40175425099138,12.806248474865697,14.422205101855956,15.264337522473747,13.892443989449804,12.083045973594572,11.40175425099138,10.44030650891055,8.246211251235321,7.280109889280518,5.0990195135927845,2.23606797749979,2.23606797749979,4.242640687119285,5.656854249492381,0.0,0.0,0.0,0.0,0.0,0.0,0.0,0.0,0.0,0.0,0.0,5.0,3.0,1.0,1.4142135623730951,4.47213595499958,6.082762530298219,6.082762530298219,7.280109889280518,11.40175425099138,14.560219778561036,14.866068747318506,14.7648230602334,15.264337522473747,16.401219466856727,14.866068747318506,14.212670403551895,12.529964086141668,9.486832980505138,8.54400374531753,7.211102550927978,5.0,5.0990195135927845,9.433981132056603,13.45362404707371,18.384776310850235,20.518284528683193
1787403462.6336875,-68,0.0,26.92582403567252,25.96150997149434,25.0,22.80350850198276,19.924858845171276,15.652475842498529,12.041594578792296,10.295630140987,9.219544457292887,9.055385138137417,10.198039027185569,11.180339887498949,12.165525060596439,14.142135623730951,14.035668847618199,13.0,12.041594578792296,12.165525060596439,11.180339887498949,10.44030650891055,7.615773105863909,5.385164807134504,2.0,2.0,3.605551275463989,5.0,0.0,0.0,0.0,0.0,0.0,0.0,0.0,0.0,0.0,0.0,0.0,3.1622776601683795,2.0,1.0,3.0,5.385164807134504,6.708203932499369,8.94427190999916,10.295630140987,12.206555615733702,14.866068747318506,16.278820596099706,16.401219466856727,16.64331697709324,16.1245154965971,14.866068747318506,14.560219778561036,13.341664064126334,10.198039027185569,8.06225774829855,6.324555320336759,4.242640687119285,6.082762530298219,10.198039027185569,14.560219778561036,18.681541692269406,21.840329667841555
1787403462.9832773,-69,0.0,19.79898987322333,19.1049731745428,19.1049731745428,19.1049731745428,19.209372712298546,18.601075237738275,16.64331697709324,15.264337522473747,14.422205101855956,13.038404810405298,11.40175425099138,10.63014581273465,10.63014581273465,10.63014581273465,10.63014581273465,10.63014581273465,9.899494936611665,9.899494936611665,8.48528137423857,8.48528137423857,7.810249675906654,7.810249675906654,7.810249675906654,7.810249675906654,6.4031242374328485,6.4031242374328485,0.0,0.0,0.0,0.0,0.0,0.0,0.0,0.0,0.0,0.0,0.0,8.54400374531753,8.246211251235321,7.0710678118654755,7.0710678118654755,7.280109889280518,7.280109889280518,7.280109889280518,7.280109889280518,8.246211251235321,8.54400374531753,7.211102550927978,7.0710678118654755,7.211102550927978,5.830951894845301,7.615773105863909,13.92838827718412,13.416407864998739,13.45362404707371,14.212670403551895,13.45362404707371,12.727922061357855,13.45362404707371,16.278820596099706,16.97056274847714,17.69180601295413,17.69180601295413
1787403463.1897304,-70,0.0,21.02379604162864,21.0,21.0,20.024984394500787,20.09975124224178,19.1049731745428,18.24828759089466,16.278820596099706,14.317821063276353,13.152946437965905,12.165525060596439,11.045361017187261,11.0,11.045361017187261,11.0,10.0,10.0,9.0,9.055385138137417,9.055385138137417,8.246211251235321,8.06225774829855,8.0,7.0710678118654755,6.324555320336759,6.324555320336759,0.0,0.0,0.0,0.0,0.0,0.0,0.0,0.0,0.0,0.0,0.0,5.0,4.242640687119285,5.0,5.0,5.0,4.47213595499958,5.385164807134504,6.324555320336759,6.708203932499369,6.708203932499369,7.615773105863909,6.324555320336759,7.0710678118654755,7.0710678118654755,7.0710678118654755,8.0,9.055385138137417,10.04987562112089,11.180339887498949,12.165525060596439,13.152946437965905,14.317821063276353,16.278820596099706,17.11724276862369,18.110770276274835,19.235384061671343
1787403463.301922,-70,0.0,22.135943621178654,22.135943621178654,20.8806130178211,20.615528128088304,20.396078054371138,18.24828759089466,17.11724276862369,15.132745950421556,13.152946437965905,12.36931687685298,12.36931687685298,11.704699910719626,11.180339887498949,11.180339887498949,11.180339887498949,11.661903789690601,11.180339887498949,10.295630140987,10.816653826391969,10.816653826391969,10.295630140987,9.433981132056603,8.94427190999916,8.06225774829855,8.06225774829855,8.06225774829855,0.0,0.0,0.0,0.0,0.0,0.0,0.0,0.0,0.0,0.0,0.0,5.656854249492381,6.4031242374328485,5.830951894845301,5.0,5.830951894845301,5.385164807134504,5.0990195135927845,5.0,6.0,6.0,7.0710678118654755,8.246211251235321,8.246211251235321,9.486832980505138,9.848857801796104,11.180339887498949,11.180339887498949,12.529964086141668,13.416407864998739,14.7648230602334,15.652475842498529,17.88854381999832,18.788294228055936,20.12461179749811,21.02379604162864,21.02379604162864
1787403463.3974855,-69,0.0,19.6468827043885,20.8806130178211,20.8806130178211,19.924858845171276,19.924858845171276,19.697715603592208,17.88854381999832,16.55294535724685,14.317821063276353,13.0,11.704699910719626,10.44030650891055,10.44030650891055,10.198039027185569,10.04987562112089,10.0,10.0,9.055385138137417,9.055385138137417,9.055385138137417,10.04987562112089,10.0,9.0,9.055385138137417,8.06225774829855,8.0,0.0,0.0,0.0,0.0,0.0,0.0,0.0,0.0,0.0,0.0,0.0,4.0,5.0,5.0990195135927845,5.0990195135927845,4.123105625617661,4.123105625617661,3.1622776601683795,4.47213595499958,5.0,5.656854249492381,5.656854249492381,5.830951894845301,5.385164807134504,5.830951894845301,7.615773105863909,7.280109889280518,8.246211251235321,9.486832980505138,11.40175425099138,13.152946437965905,14.035668847618199,14.142135623730951,16.278820596099706,17.26267650163207,19.4164878389476,19.4164878389476
1787403463.508915,-70,0.0,22.02271554554524,22.090722034374522,22.090722034374522,21.095023109728988,20.223748416156685,19.235384061671343,17.46424919657298,16.492422502470642,15.524174696260024,14.317821063276353,12.165525060596439,11.045361017187261,11.0,12.0,12.0,12.0,11.0,11.0,10.0,10.04987562112089,9.055385138137417,10.0,10.0,9.055385138137417,8.06225774829855,7.0710678118654755,0.0,0.0,0.0,0.0,0.0,0.0,0.0,0.0,0.0,0.0,0.0,5.385164807134504,4.47213595499958,4.242640687119285,5.0,5.0,5.0,5.830951894845301,5.830951894845301,6.708203932499369,7.615773105863909,7.615773105863909,7.615773105863909,7.615773105863909,8.54400374531753,8.54400374531753,9.219544457292887,9.0,10.0,11.045361017187261,13.038404810405298,14.142135623730951,15.132745950421556,16.1245154965971,18.110770276274835,20.09975124224178,21.095023109728988
1787403463.508915,-68,0.0,30.463092423455635,28.635642126552707,26.832815729997478,22.825424421026653,18.867962264113206,13.45362404707371,8.602325267042627,5.0,5.656854249492381,8.54400374531753,10.44030650891055,11.704699910719626,13.92838827718412,15.652475842498529,16.1245154965971,16.1245154965971,16.64331697709324,15.0,12.806248474865697,10.63014581273465,7.810249675906654,5.0,2.23606797749979,1.0,3.605551275463989,5.385164807134504,0.0,0.0,0.0,0.0,0.0,0.0,0.0,0.0,0.0,0.0,0.0,1.0,0.0,2.23606797749979,3.605551275463989,5.0,6.708203932499369,8.54400374531753,9.486832980505138,11.180339887498949,13.038404810405298,15.0,15.033296378372908,15.297058540778355,14.866068747318506,14.317821063276353,13.038404810405298,12.806248474865697,10.63014581273465,8.48528137423857,5.830951894845301,3.0,4.0,9.055385138137417,14.560219778561036,20.8806130178211,24.351591323771842
1787403463.524927,-68,0.0,30.610455730027933,29.832867780352597,27.65863337187866,23.345235059857504,19.1049731745428,14.212670403551895,9.848857801796104,6.082762530298219,5.0,7.0710678118654755,9.055385138137417,11.045361017187261,13.152946437965905,14.317821063276353,15.524174696260024,15.811388300841896,14.866068747318506,14.317821063276353,12.529964086141668,10.295630140987,8.06225774829855,5.0,1.4142135623730951,1.0,4.47213595499958,5.830951894845301,0.0,0.0,0.0,0.0,0.0,0.0,0.0,0.0,0.0,0.0,0.0,1.4142135623730951,1.4142135623730951,2.23606797749979,3.1622776601683795,4.47213595499958,6.4031242374328485,7.0710678118654755,9.433981132056603,11.180339887498949,13.0,13.601470508735444,14.142135623730951,14.0,13.038404810405298,13.341664064126334,11.704699910719626,11.180339887498949,9.433981132056603,7.211102550927978,4.47213595499958,1.4142135623730951,5.0990195135927845,10.770329614269007,16.1245154965971,22.47220505424423,25.238858928247925
1787403463.524927,-69,0.0,30.805843601498726,30.805843601498726,28.844410203711913,25.553864678361276,20.12461179749811,14.866068747318506,10.198039027185569,6.324555320336759,5.830951894845301,8.06225774829855,9.0,11.0,13.0,15.0,16.0312195418814,16.1245154965971,15.297058540778355,14.560219778561036,12.649110640673518,9.848857801796104,8.06225774829855,5.0,1.4142135623730951,2.0,4.123105625617661,6.324555320336759,0.0,0.0,0.0,0.0,0.0,0.0,0.0,0.0,0.0,0.0,0.0,1.4142135623730951,2.23606797749979,3.605551275463989,4.47213595499958,5.0,6.082762530298219,7.615773105863909,9.433981132056603,11.40175425099138,13.45362404707371,14.212670403551895,14.422205101855956,14.317821063276353,13.601470508735444,13.152946437965905,13.0,11.045361017187261,9.055385138137417,8.06225774829855,5.0,3.1622776601683795,5.830951894845301,10.63014581273465,16.97056274847714,22.67156809750927,25.612496949731394
1787403463.524927,-68,0.0,29.546573405388315,27.85677655436824,25.632011235952593,23.08679276123039,18.681541692269406,14.035668847618199,9.219544457292887,5.656854249492381,6.0,8.246211251235321,10.770329614269007,11.704699910719626,13.601470508735444,14.560219778561036,16.278820596099706,16.1245154965971,16.0312195418814,14.035668847618199,12.0,10.04987562112089,8.06225774829855,5.0990195135927845,2.0,1.4142135623730951,3.1622776601683795,5.385164807134504,0.0,0.0,0.0,0.0,0.0,0.0,0.0,0.0,0.0,0.0,0.0,1.0,0.0,1.4142135623730951,3.1622776601683795,4.0,6.082762530298219,7.280109889280518,8.94427190999916,10.816653826391969,12.041594578792296,14.142135623730951,14.212670403551895,14.422205101855956,13.92838827718412,13.601470508735444,13.152946437965905,12.0,11.0,9.0,6.0,2.23606797749979,3.605551275463989,8.602325267042627,15.264337522473747,20.12461179749811,23.259406699226016
1787403464.5289903,-69,0.0,28.284271247461902,28.284271247461902,26.870057685088806,24.08318915758459,20.615528128088304,16.64331697709324,11.704699910719626,9.0,6.708203932499369,7.810249675906654,9.433981132056603,10.816653826391969,13.601470508735444,15.0,15.620499351813308,15.556349186104045,14.866068747318506,14.212670403551895,12.206555615733702,9.848857801796104,7.615773105863909,5.385164807134504,3.1622776601683795,0.0,2.0,4.0,0.0,0.0,0.0,0.0,0.0,0.0,0.0,0.0,0.0,0.0,0.0,3.1622776601683795,2.23606797749979,1.4142135623730951,1.4142135623730951,3.605551275463989,5.385164807134504,6.082762530298219,8.0,10.198039027185569,11.40175425099138,13.0,13.892443989449804,13.45362404707371,13.45362404707371,13.601470508735444,12.529964086141668,10.770329614269007,9.486832980505138,8.54400374531753,6.708203932499369,5.0,6.082762530298219,10.295630140987,15.0,19.849433241279208,22.67156809750927
1787403464.6242902,-69,0.0,21.02379604162864,21.37755832643195,20.248456731316587,21.840329667841555,21.37755832643195,19.4164878389476,17.72004514666935,16.15549442140351,14.317821063276353,12.649110640673518,11.40175425099138,11.180339887498949,11.045361017187261,11.045361017187261,11.0,11.0,10.0,9.0,8.0,8.0,9.055385138137417,10.04987562112089,9.055385138137417,8.06225774829855,7.0710678118654755,7.0710678118654755,0.0,0.0,0.0,0.0,0.0,0.0,0.0,0.0,0.0,0.0,0.0,5.385164807134504,5.830951894845301,5.0,4.242640687119285,5.0,6.708203932499369,6.708203932499369,6.708203932499369,6.324555320336759,6.324555320336759,6.708203932499369,6.324555320336759,6.324555320336759,7.280109889280518,7.0710678118654755,8.06225774829855,9.055385138137417,10.0,11.0,12.041594578792296,13.038404810405298,14.035668847618199,15.033296378372908,17.029386365926403,19.026297590440446,20.024984394500787
1787403465.65853,-87,0.0,16.1245154965971,17.26267650163207,17.26267650163207,17.46424919657298,16.278820596099706,15.297058540778355,12.165525060596439,9.055385138137417,6.0,3.1622776601683795,2.0,3.605551275463989,6.324555320336759,8.06225774829855,7.0710678118654755,6.324555320336759,5.385164807134504,5.0,4.47213595499958,6.082762530298219,7.0710678118654755,8.54400374531753,9.848857801796104,10.770329614269007,11.704699910719626,11.704699910719626,0.0,0.0,0.0,0.0,0.0,0.0,0.0,0.0,0.0,0.0,0.0,11.180339887498949,9.848857801796104,8.94427190999916,8.246211251235321,7.0,5.0990195135927845,4.47213595499958,4.242640687119285,4.123105625617661,5.0,7.0,7.0710678118654755,7.280109889280518,6.324555320336759,6.324555320336759,5.385164807134504,3.605551275463989,2.0,2.0,4.123105625617661,5.385164807134504,8.06225774829855,10.0,11.40175425099138,12.041594578792296,13.45362404707371
1787403465.65853,-89,0.0,14.212670403551895,14.422205101855956,15.264337522473747,15.264337522473747,13.892443989449804,12.529964086141668,10.295630140987,8.06225774829855,5.385164807134504,2.23606797749979,1.0,4.123105625617661,5.830951894845301,6.708203932499369,5.830951894845301,5.656854249492381,5.656854249492381,5.830951894845301,6.082762530298219,6.082762530298219,7.280109889280518,7.615773105863909,8.54400374531753,9.486832980505138,9.486832980505138,9.486832980505138,0.0,0.0,0.0,0.0,0.0,0.0,0.0,0.0,0.0,0.0,0.0,9.0,9.055385138137417,9.0,8.0,7.0,6.0,5.0990195135927845,3.1622776601683795,2.23606797749979,4.123105625617661,4.123105625617661,4.47213595499958,3.605551275463989,3.605551275463989,3.605551275463989,2.8284271247461903,2.23606797749979,1.4142135623730951,3.0,5.385164807134504,6.324555320336759,7.615773105863909,8.94427190999916,11.180339887498949,11.180339887498949,12.083045973594572
1787403465.65853,-89,0.0,17.204650534085253,18.027756377319946,17.204650534085253,16.64331697709324,14.7648230602334,13.416407864998739,9.848857801796104,8.94427190999916,5.830951894845301,3.1622776601683795,2.23606797749979,5.0990195135927845,7.0710678118654755,9.055385138137417,9.219544457292887,8.0,7.0710678118654755,6.708203932499369,6.4031242374328485,6.708203932499369,8.06225774829855,8.0,10.04987562112089,10.198039027185569,10.04987562112089,9.219544457292887,0.0,0.0,0.0,0.0,0.0,0.0,0.0,0.0,0.0,0.0,0.0,12.727922061357855,11.313708498984761,10.63014581273465,9.219544457292887,7.810249675906654,6.4031242374328485,4.47213595499958,4.123105625617661,3.1622776601683795,4.242640687119285,5.0,5.385164807134504,4.47213595499958,4.47213595499958,4.123105625617661,4.0,2.0,1.0,2.23606797749979,3.605551275463989,5.830951894845301,6.324555320336759,7.280109889280518,9.055385138137417,10.0,11.0
1787403465.6739814,-89,0.0,18.027756377319946,19.4164878389476,20.808652046684813,20.808652046684813,19.4164878389476,18.867962264113206,16.1245154965971,12.529964086141668,8.94427190999916,4.123105625617661,1.0,5.385164807134504,8.54400374531753,9.848857801796104,10.295630140987,10.295630140987,10.0,10.0,8.94427190999916,10.04987562112089,10.0,11.045361017187261,11.180339887498949,11.045361017187261,12.0,11.0,0.0,0.0,0.0,0.0,0.0,0.0,0.0,0.0,0.0,0.0,0.0,17.4928556845359,15.264337522473747,13.038404810405298,10.816653826391969,9.433981132056603,6.4031242374328485,4.242640687119285,3.1622776601683795,2.23606797749979,4.123105625617661,5.0990195135927845,6.0,6.0,5.0990195135927845,4.0,3.0,2.0,2.8284271247461903,5.385164807134504,8.54400374531753,10.44030650891055,11.180339887498949,13.0,14.0,15.132745950421556,16.278820596099706
1787403465.6880317,-90,0.0,16.278820596099706,16.492422502470642,17.46424919657298,17.46424919657298,16.278820596099706,14.317821063276353,13.341664064126334,10.198039027185569,7.615773105863909,2.8284271247461903,1.4142135623730951,4.47213595499958,7.615773105863909,8.54400374531753,9.486832980505138,9.486832980505138,9.055385138137417,9.055385138137417,8.246211251235321,7.615773105863909,9.433981132056603,9.899494936611665,10.0,10.295630140987,11.180339887498949,10.770329614269007,0.0,0.0,0.0,0.0,0.0,0.0,0.0,0.0,0.0,0.0,0.0,12.649110640673518,11.40175425099138,9.219544457292887,8.06225774829855,6.082762530298219,4.0,2.23606797749979,2.23606797749979,2.23606797749979,4.242640687119285,5.0,6.4031242374328485,6.4031242374328485,6.4031242374328485,5.830951894845301,4.47213595499958,3.1622776601683795,2.0,1.0,3.1622776601683795,5.0,5.656854249492381,7.810249675906654,9.433981132056603,10.0,10.816653826391969
1787403465.6897519,-91,0.0,19.4164878389476,20.248456731316587,20.248456731316587,19.72308292331602,18.867962264113206,16.64331697709324,13.038404810405298,9.433981132056603,6.4031242374328485,1.4142135623730951,1.4142135623730951,5.0,7.0710678118654755,8.48528137423857,8.48528137423857,8.602325267042627,6.708203932499369,7.280109889280518,7.0,7.280109889280518,8.06225774829855,10.0,11.40175425099138,12.041594578792296,12.041594578792296,12.041594578792296,0.0,0.0,0.0,0.0,0.0,0.0,0.0,0.0,0.0,0.0,0.0,13.038404810405298,13.038404810405298,12.041594578792296,11.045361017187261,9.055385138137417,9.055385138137417,6.0,4.123105625617661,2.8284271247461903,3.1622776601683795,4.0,4.47213595499958,4.47213595499958,5.0,5.656854249492381,5.0,3.605551275463989,3.0,2.23606797749979,4.0,7.280109889280518,9.486832980505138,12.083045973594572,15.231546211727817,17.88854381999832,20.12461179749811
1787403465.8030922,-68,0.0,26.076809620810597,26.076809620810597,24.186773244895647,21.470910553583888,17.46424919657298,13.341664064126334,9.0,6.708203932499369,6.708203932499369,8.0,10.04987562112089,12.041594578792296,14.035668847618199,16.0312195418814,16.0,16.0,16.0312195418814,14.142135623730951,12.165525060596439,10.198039027185569,8.246211251235321,5.0990195135927845,2.23606797749979,0.0,3.605551275463989,5.0,0.0,0.0,0.0,0.0,0.0,0.0,0.0,0.0,0.0,0.0,0.0,1.4142135623730951,1.0,2.23606797749979,2.23606797749979,3.0,4.47213595499958,6.4031242374328485,7.810249675906654,10.0,12.206555615733702,13.892443989449804,14.317821063276353,14.560219778561036,15.297058540778355,15.033296378372908,15.0,14.035668847618199,12.041594578792296,10.198039027185569,7.0710678118654755,4.123105625617661,3.0,7.0710678118654755,12.041594578792296,17.204650534085253,20.808652046684813
1787403466.1710112,-69,0.0,28.0,28.0178514522438,26.019223662515376,24.08318915758459,20.223748416156685,15.811388300841896,11.661903789690601,7.211102550927978,7.0,8.246211251235321,9.848857801796104,11.180339887498949,13.416407864998739,15.231546211727817,16.15549442140351,15.811388300841896,15.811388300841896,14.317821063276353,12.165525060596439,10.04987562112089,8.0,5.0,2.23606797749979,1.4142135623730951,4.123105625617661,5.0,0.0,0.0,0.0,0.0,0.0,0.0,0.0,0.0,0.0,0.0,0.0,2.23606797749979,1.4142135623730951,2.0,2.8284271247461903,3.605551275463989,4.47213595499958,6.082762530298219,8.0,10.04987562112089,12.165525060596439,13.601470508735444,13.92838827718412,13.892443989449804,13.601470508735444,13.45362404707371,12.806248474865697,10.816653826391969,8.94427190999916,6.708203932499369,4.47213595499958,2.0,4.47213595499958,9.055385138137417,15.033296378372908,20.0,23.021728866442675
1787403466.6435688,-35,0.0,14.142135623730951,13.152946437965905,13.152946437965905,13.038404810405298,13.152946437965905,13.038404810405298,14.035668847618199,13.0,13.0,14.035668847618199,14.035668847618199,14.035668847618199,14.035668847618199,14.142135623730951,15.132745950421556,15.132745950421556,15.132745950421556,16.1245154965971,15.132745950421556,15.033296378372908,15.033296378372908,15.0,15.0,14.142135623730951,13.152946437965905,13.341664064126334,0.0,0.0,0.0,0.0,0.0,0.0,0.0,0.0,0.0,0.0,0.0,11.40175425099138,12.36931687685298,12.083045973594572,12.083045973594572,12.083045973594572,13.416407864998739,13.416407864998739,13.892443989449804,13.892443989449804,13.038404810405298,13.038404810405298,13.038404810405298,13.038404810405298,13.038404810405298,12.529964086141668,12.529964086141668,12.083045973594572,12.083045973594572,12.083045973594572,11.704699910719626,12.649110640673518,12.649110640673518,12.649110640673518,12.649110640673518,13.601470508735444,13.601470508735444
1787403467.1216521,-89,0.0,6.324555320336759,6.324555320336759,6.324555320336759,6.324555320336759,6.324555320336759,6.082762530298219,5.0990195135927845,5.0990195135927845,5.0990195135927845,5.385164807134504,5.385164807134504,5.656854249492381,7.211102550927978,7.615773105863909,7.280109889280518,8.54400374531753,8.54400374531753,9.055385138137417,9.0,9.055385138137417,8.06225774829855,7.280109889280518,7.280109889280518,7.280109889280518,6.324555320336759,7.615773105863909,0.0,0.0,0.0,0.0,0.0,0.0,0.0,0.0,0.0,0.0,0.0,13.0,13.92838827718412,14.560219778561036,14.317821063276353,14.317821063276353,14.142135623730951,14.035668847618199,12.0,12.0,10.04987562112089,9.219544457292887,8.06225774829855,6.082762530298219,5.0,4.123105625617661,2.23606797749979,2.23606797749979,2.23606797749979,3.0,3.1622776601683795,4.47213595499958,4.242640687119285,4.47213595499958,5.385164807134504,6.708203932499369,7.0710678118654755
1787403467.2540367,-68,0.0,32.984845004941285,32.01562118716424,29.614185789921695,25.317977802344327,20.09975124224178,14.035668847618199,8.94427190999916,5.385164807134504,6.324555320336759,8.602325267042627,11.40175425099138,12.206555615733702,14.422205101855956,17.4928556845359,19.235384061671343,18.788294228055936,18.384776310850235,18.027756377319946,15.524174696260024,13.601470508735444,10.44030650891055,7.280109889280518,4.0,1.0,4.47213595499958,6.324555320336759,0.0,0.0,0.0,0.0,0.0,0.0,0.0,0.0,0.0,0.0,0.0,3.0,2.8284271247461903,3.0,5.0990195135927845,6.324555320336759,8.06225774829855,10.63014581273465,14.212670403551895,15.811388300841896,19.72308292331602,21.470910553583888,21.93171219946131,21.540659228538015,21.18962010041709,19.6468827043885,18.24828759089466,16.1245154965971,12.041594578792296,9.055385138137417,7.280109889280518,3.605551275463989,6.4031242374328485,12.206555615733702,19.235384061671343,24.166091947189145,27.313000567495326
1787403467.4080255,-87,0.0,6.708203932499369,7.615773105863909,7.615773105863909,7.280109889280518,7.280109889280518,6.082762530298219,6.0,5.0990195135927845,4.47213595499958,3.605551275463989,4.0,5.0990195135927845,5.830951894845301,6.4031242374328485,6.4031242374328485,6.4031242374328485,6.708203932499369,6.324555320336759,5.0990195135927845,5.385164807134504,4.123105625617661,4.123105625617661,4.123105625617661,3.605551275463989,4.242640687119285,4.242640687119285,0.0,0.0,0.0,0.0,0.0,0.0,0.0,0.0,0.0,0.0,0.0,7.810249675906654,8.06225774829855,8.06225774829855,7.615773105863909,7.615773105863909,7.280109889280518,7.280109889280518,7.280109889280518,7.280109889280518,7.280109889280518,7.280109889280518,6.324555320336759,5.385164807134504,5.0990195135927845,4.47213595499958,3.1622776601683795,2.23606797749979,2.23606797749979,1.4142135623730951,2.0,2.23606797749979,3.605551275463989,5.656854249492381,6.4031242374328485,7.810249675906654,7.810249675906654
1787403467.439869,-68,0.0,26.90724809414742,24.839484696748443,23.430749027719962,19.209372712298546,15.811388300841896,11.180339887498949,7.280109889280518,3.1622776601683795,4.0,7.0710678118654755,8.246211251235321,10.44030650891055,12.36931687685298,14.142135623730951,15.033296378372908,16.0312195418814,16.0,14.0,12.0,9.055385138137417,7.0710678118654755,4.0,1.0,2.0,5.0990195135927845,7.0710678118654755,0.0,0.0,0.0,0.0,0.0,0.0,0.0,0.0,0.0,0.0,0.0,2.23606797749979,1.0,2.23606797749979,3.605551275463989,5.0,7.0710678118654755,9.433981132056603,11.704699910719626,14.317821063276353,14.142135623730951,15.132745950421556,17.029386365926403,17.029386365926403,17.0,16.1245154965971,14.317821063276353,12.36931687685298,10.44030650891055,8.246211251235321,5.0,3.605551275463989,6.324555320336759,10.816653826391969,15.620499351813308,20.518284528683193,23.345235059857504
1787403467.5990326,-69,0.0,21.37755832643195,21.37755832643195,21.37755832643195,20.396078054371138,19.235384061671343,19.1049731745428,18.027756377319946,16.0,15.0,14.0,12.041594578792296,11.180339887498949,11.40175425099138,11.40175425099138,11.40175425099138,11.40175425099138,10.44030650891055,10.44030650891055,9.848857801796104,9.486832980505138,9.486832980505138,9.486832980505138,9.486832980505138,8.94427190999916,8.54400374531753,7.615773105863909,0.0,0.0,0.0,0.0,0.0,0.0,0.0,0.0,0.0,0.0,0.0,7.810249675906654,7.0710678118654755,5.656854249492381,5.0,5.0,5.385164807134504,6.324555320336759,7.280109889280518,7.280109889280518,7.280109889280518,7.280109889280518,8.246211251235321,8.246211251235321,8.06225774829855,8.06225774829855,9.0,9.055385138137417,9.486832980505138,11.40175425099138,12.649110640673518,13.92838827718412,15.231546211727817,17.08800749063506,18.027756377319946,19.924858845171276,20.8806130178211
1787403468.0134137,-70,0.0,23.53720459187964,23.53720459187964,23.345235059857504,24.186773244895647,22.360679774997898,21.213203435596427,21.095023109728988,20.024984394500787,18.027756377319946,16.0,14.035668847618199,13.341664064126334,12.649110640673518,11.704699910719626,12.083045973594572,11.704699910719626,11.704699910719626,12.083045973594572,12.083045973594572,12.083045973594572,12.083045973594572,12.083045973594572,12.083045973594572,11.704699910719626,10.770329614269007,10.770329614269007,0.0,0.0,0.0,0.0,0.0,0.0,0.0,0.0,0.0,0.0,0.0,7.810249675906654,7.211102550927978,6.708203932499369,6.324555320336759,6.324555320336759,6.324555320336759,7.0710678118654755,7.0710678118654755,8.06225774829855,9.055385138137417,9.055385138137417,9.055385138137417,9.0,10.0,11.180339887498949,12.649110640673518,12.36931687685298,12.36931687685298,13.0,15.231546211727817,16.15549442140351,17.72004514666935,19.6468827043885,20.8806130178211,23.08679276123039,24.73863375370596
1787403468.1091766,-70,0.0,20.248456731316587,19.4164878389476,20.0,18.601075237738275,18.601075237738275,18.439088914585774,17.69180601295413,14.866068747318506,12.727922061357855,11.313708498984761,10.0,9.433981132056603,9.848857801796104,9.848857801796104,9.848857801796104,9.848857801796104,9.848857801796104,9.486832980505138,9.486832980505138,9.486832980505138,9.486832980505138,9.848857801796104,9.848857801796104,8.94427190999916,8.06225774829855,7.615773105863909,0.0,0.0,0.0,0.0,0.0,0.0,0.0,0.0,0.0,0.0,0.0,5.0990195135927845,6.082762530298219,6.082762530298219,5.385164807134504,5.830951894845301,5.830951894845301,6.708203932499369,7.211102550927978,7.211102550927978,7.211102550927978,7.211102550927978,7.211102550927978,7.810249675906654,7.810249675906654,8.602325267042627,9.433981132056603,9.433981132056603,10.295630140987,11.180339887498949,13.0,13.92838827718412,15.231546211727817,16.55294535724685,17.88854381999832,19.235384061671343,19.235384061671343
1787403468.2049198,-70,0.0,23.194827009486403,23.345235059857504,22.360679774997898,21.587033144922902,20.615528128088304,19.924858845171276,18.973665961010276,17.08800749063506,15.811388300841896,13.601470508735444,12.36931687685298,12.165525060596439,11.045361017187261,12.041594578792296,12.041594578792296,11.045361017187261,11.0,11.045361017187261,10.04987562112089,10.04987562112089,11.045361017187261,11.045361017187261,11.0,10.0,10.0,9.0,0.0,0.0,0.0,0.0,0.0,0.0,0.0,0.0,0.0,0.0,0.0,5.830951894845301,6.4031242374328485,6.4031242374328485,7.0710678118654755,6.4031242374328485,6.4031242374328485,7.211102550927978,8.06225774829855,8.06225774829855,8.06225774829855,8.06225774829855,8.06225774829855,8.54400374531753,8.54400374531753,9.219544457292887,9.055385138137417,10.04987562112089,11.045361017187261,12.0,14.035668847618199,15.033296378372908,17.029386365926403,19.0,20.0,21.02379604162864,22.0
1787403468.3212183,-70,0.0,20.615528128088304,20.8806130178211,21.18962010041709,20.248456731316587,19.313207915827967,18.384776310850235,17.0,16.1245154965971,13.892443989449804,12.529964086141668,11.704699910719626,11.40175425099138,11.180339887498949,10.198039027185569,11.045361017187261,10.04987562112089,10.04987562112089,9.055385138137417,9.0,8.0,8.0,9.0,9.0,9.0,9.0,8.0,0.0,0.0,0.0,0.0,0.0,0.0,0.0,0.0,0.0,0.0,0.0,4.47213595499958,4.47213595499958,4.47213595499958,5.0,5.656854249492381,5.656854249492381,5.656854249492381,6.4031242374328485,6.4031242374328485,7.0710678118654755,7.0710678118654755,7.810249675906654,8.06225774829855,8.06225774829855,8.54400374531753,10.44030650891055,10.44030650891055,10.44030650891055,11.40175425099138,12.36931687685298,13.152946437965905,14.142135623730951,15.132745950421556,17.46424919657298,19.4164878389476,19.6468827043885
1787403469.5269053,-86,0.0,5.656854249492381,3.1622776601683795,4.242640687119285,6.324555320336759,9.055385138137417,13.038404810405298,16.0312195418814,18.0,20.024984394500787,20.024984394500787,20.024984394500787,19.026297590440446,18.027756377319946,17.11724276862369,14.317821063276353,11.704699910719626,9.433981132056603,6.4031242374328485,6.082762530298219,7.615773105863909,9.433981132056603,12.041594578792296,13.45362404707371,15.620499351813308,16.401219466856727,17.204650534085253,0.0,0.0,0.0,0.0,0.0,0.0,0.0,0.0,0.0,0.0,0.0,13.416407864998739,12.529964086141668,11.661903789690601,10.63014581273465,9.219544457292887,8.94427190999916,8.246211251235321,9.0,10.198039027185569,10.770329614269007,10.770329614269007,10.770329614269007,10.770329614269007,10.44030650891055,9.219544457292887,8.0,5.385164807134504,4.47213595499958,6.0,8.94427190999916,12.041594578792296,14.866068747318506,17.804493814764857,20.248456731316587,22.47220505424423,23.323807579381203
1787403469.7654865,-68,0.0,34.17601498127012,33.24154027718932,30.083217912982647,26.0,20.591260281974,15.620499351813308,10.816653826391969,7.0,7.615773105863909,9.219544457292887,12.041594578792296,14.212670403551895,16.64331697709324,18.35755975068582,20.12461179749811,20.615528128088304,20.248456731316587,17.72004514666935,15.297058540778355,12.165525060596439,9.055385138137417,6.0,3.1622776601683795,2.23606797749979,5.0990195135927845,7.0710678118654755,0.0,0.0,0.0,0.0,0.0,0.0,0.0,0.0,0.0,0.0,0.0,1.0,2.0,2.0,2.0,2.23606797749979,5.830951894845301,8.48528137423857,12.206555615733702,14.317821063276353,15.524174696260024,17.26267650163207,18.027756377319946,19.0,20.09975124224178,19.235384061671343,18.681541692269406,18.027756377319946,13.92838827718412,10.44030650891055,7.0710678118654755,7.0710678118654755,10.198039027185569,15.033296378372908,22.360679774997898,27.892651361962706,30.364452901377952
1787403469.9623687,-68,0.0,29.274562336608895,28.284271247461902,26.30589287593181,22.360679774997898,17.46424919657298,13.0,10.0,7.615773105863909,8.06225774829855,9.848857801796104,11.704699910719626,13.601470508735444,14.317821063276353,15.297058540778355,16.1245154965971,16.0,15.033296378372908,13.341664064126334,11.704699910719626,10.295630140987,7.211102550927978,4.242640687119285,1.4142135623730951,1.0,3.605551275463989,5.656854249492381,0.0,0.0,0.0,0.0,0.0,0.0,0.0,0.0,0.0,0.0,0.0,1.4142135623730951,1.0,1.4142135623730951,2.0,3.1622776601683795,4.242640687119285,7.0710678118654755,8.602325267042627,10.295630140987,12.649110640673518,13.341664064126334,14.035668847618199,15.0,15.132745950421556,14.560219778561036,13.92838827718412,12.649110640673518,10.770329614269007,9.219544457292887,7.0710678118654755,6.4031242374328485,9.486832980505138,14.142135623730951,20.0,24.020824298928627,26.076809620810597
1787403469.9729798,-68,0.0,28.42534080710379,27.018512172212592,24.20743687382041,20.0,16.1245154965971,11.704699910719626,8.0,7.211102550927978,8.602325267042627,9.848857801796104,11.704699910719626,13.416407864998739,13.892443989449804,15.811388300841896,15.620499351813308,15.556349186104045,14.866068747318506,13.601470508735444,11.661903789690601,9.848857801796104,7.615773105863909,5.0990195135927845,2.23606797749979,2.0,4.0,6.0,0.0,0.0,0.0,0.0,0.0,0.0,0.0,0.0,0.0,0.0,0.0,2.8284271247461903,1.0,1.0,1.4142135623730951,3.0,5.0,7.280109889280518,8.54400374531753,11.180339887498949,13.038404810405298,15.0,14.866068747318506,15.620499351813308,15.264337522473747,15.652475842498529,14.866068747318506,13.601470508735444,11.40175425099138,9.848857801796104,7.211102550927978,6.324555320336759,8.246211251235321,13.038404810405298,17.69180601295413,21.93171219946131,25.495097567963924
1787403469.9729798,-68,0.0,28.442925306655784,27.294688127912362,24.186773244895647,21.095023109728988,17.029386365926403,12.165525060596439,8.06225774829855,5.830951894845301,7.0,9.055385138137417,10.198039027185569,12.041594578792296,13.0,15.033296378372908,15.132745950421556,15.524174696260024,14.560219778561036,13.0,10.295630140987,8.602325267042627,5.656854249492381,3.605551275463989,1.0,2.23606797749979,5.0,5.830951894845301,0.0,0.0,0.0,0.0,0.0,0.0,0.0,0.0,0.0,0.0,0.0,2.23606797749979,1.0,0.0,1.4142135623730951,3.605551275463989,5.385164807134504,7.280109889280518,9.055385138137417,12.041594578792296,13.0,15.033296378372908,15.297058540778355,15.524174696260024,16.15549442140351,16.1245154965971,15.811388300841896,14.212670403551895,12.206555615733702,9.433981132056603,7.280109889280518,6.324555320336759,9.219544457292887,13.0,17.72004514666935,22.561028345356956,25.495097567963924
1787403470.0842927,-70,0.0,27.51363298439521,26.248809496813376,24.351591323771842,21.18962010041709,17.46424919657298,14.422205101855956,9.219544457292887,6.0,6.708203932499369,9.433981132056603,10.63014581273465,12.806248474865697,14.422205101855956,16.1245154965971,17.46424919657298,15.811388300841896,14.560219778561036,13.92838827718412,11.704699910719626,9.219544457292887,8.0,5.0,0.0,3.605551275463989,6.4031242374328485,8.602325267042627,0.0,0.0,0.0,0.0,0.0,0.0,0.0,0.0,0.0,0.0,0.0,2.0,1.0,1.4142135623730951,2.23606797749979,3.1622776601683795,4.47213595499958,7.810249675906654,9.219544457292887,12.206555615733702,13.038404810405298,14.317821063276353,14.866068747318506,15.297058540778355,15.033296378372908,15.033296378372908,14.317821063276353,13.601470508735444,12.649110640673518,10.44030650891055,8.06225774829855,5.830951894845301,7.615773105863909,12.041594578792296,17.46424919657298,21.840329667841555,24.351591323771842
1787403470.090792,-68,0.0,33.06055050963308,31.064449134018133,29.068883707497267,25.019992006393608,20.024984394500787,15.297058540778355,10.295630140987,8.06225774829855,8.06225774829855,10.44030650891055,12.649110640673518,14.560219778561036,17.46424919657298,18.24828759089466,19.235384061671343,20.09975124224178,19.026297590440446,17.029386365926403,14.142135623730951,12.165525060596439,9.219544457292887,5.0990195135927845,2.23606797749979,2.23606797749979,5.0,7.0710678118654755,0.0,0.0,0.0,0.0,0.0,0.0,0.0,0.0,0.0,0.0,0.0,2.8284271247461903,1.4142135623730951,0.0,2.23606797749979,4.47213595499958,5.656854249492381,8.246211251235321,11.045361017187261,13.0,14.035668847618199,16.1245154965971,16.492422502470642,16.15549442140351,16.64331697709324,16.401219466856727,16.278820596099706,14.866068747318506,12.727922061357855,9.899494936611665,7.211102550927978,5.0990195135927845,7.810249675906654,13.601470508735444,19.4164878389476,25.317977802344327,28.284271247461902
1787403470.3703313,-68,0.0,27.65863337187866,27.65863337187866,25.495097567963924,22.20360331117452,18.027756377319946,13.152946437965905,9.848857801796104,7.810249675906654,8.246211251235321,10.0,11.045361017187261,13.038404810405298,15.0,17.029386365926403,17.11724276862369,18.24828759089466,16.278820596099706,14.560219778561036,11.704699910719626,8.94427190999916,7.211102550927978,4.242640687119285,1.0,1.0,2.8284271247461903,3.605551275463989,0.0,0.0,0.0,0.0,0.0,0.0,0.0,0.0,0.0,0.0,0.0,2.23606797749979,1.0,1.4142135623730951,2.0,3.1622776601683795,4.242640687119285,5.0,6.708203932499369,8.246211251235321,10.198039027185569,13.0,14.035668847618199,14.317821063276353,14.560219778561036,14.317821063276353,13.892443989449804,12.206555615733702,10.816653826391969,8.06225774829855,5.0990195135927845,5.385164807134504,6.4031242374328485,11.180339887498949,15.524174696260024,20.396078054371138,22.561028345356956
1787403470.3703313,-68,0.0,27.073972741361768,27.073972741361768,24.08318915758459,21.02379604162864,17.0,12.165525060596439,7.615773105863909,5.656854249492381,5.0,8.246211251235321,11.40175425099138,13.341664064126334,14.317821063276353,16.1245154965971,17.0,16.1245154965971,15.132745950421556,14.035668847618199,11.180339887498949,8.54400374531753,5.385164807134504,2.23606797749979,1.0,2.8284271247461903,3.605551275463989,5.0,0.0,0.0,0.0,0.0,0.0,0.0,0.0,0.0,0.0,0.0,0.0,2.0,1.0,1.4142135623730951,2.23606797749979,3.605551275463989,5.0,5.830951894845301,8.54400374531753,10.44030650891055,12.165525060596439,14.035668847618199,14.035668847618199,14.317821063276353,15.524174696260024,14.866068747318506,14.317821063276353,13.038404810405298,10.816653826391969,9.433981132056603,7.280109889280518,6.324555320336759,7.810249675906654,10.770329614269007,15.297058540778355,20.09975124224178,22.02271554554524
1787403470.3703313,-68,0.0,28.0178514522438,27.018512172212592,26.019223662515376,23.021728866442675,19.235384061671343,13.601470508735444,10.295630140987,6.4031242374328485,7.0,9.219544457292887,10.770329614269007,11.704699910719626,14.560219778561036,16.492422502470642,17.26267650163207,18.110770276274835,18.027756377319946,15.033296378372908,12.165525060596439,10.198039027185569,7.0710678118654755,5.0990195135927845,2.23606797749979,0.0,3.1622776601683795,4.123105625617661,0.0,0.0,0.0,0.0,0.0,0.0,0.0,0.0,0.0,0.0,0.0,3.1622776601683795,3.0,2.8284271247461903,3.1622776601683795,3.1622776601683795,4.242640687119285,5.0,7.615773105863909,10.44030650891055,11.40175425099138,13.152946437965905,14.0,14.035668847618199,13.601470508735444,14.317821063276353,13.892443989449804,13.038404810405298,10.816653826391969,8.06225774829855,6.082762530298219,5.830951894845301,8.06225774829855,12.36931687685298,17.11724276862369,21.02379604162864,24.0
1787403470.3862612,-68,0.0,25.495097567963924,25.079872407968907,23.259406699226016,20.615528128088304,16.76305461424021,12.36931687685298,8.0,5.830951894845301,6.708203932499369,8.06225774829855,10.0,12.041594578792296,15.0,17.029386365926403,17.11724276862369,17.26267650163207,16.278820596099706,14.560219778561036,11.704699910719626,8.54400374531753,6.324555320336759,3.1622776601683795,1.0,2.23606797749979,5.0,6.4031242374328485,0.0,0.0,0.0,0.0,0.0,0.0,0.0,0.0,0.0,0.0,0.0,2.0,1.0,0.0,1.4142135623730951,2.8284271247461903,5.385164807134504,7.0710678118654755,8.0,11.40175425099138,13.92838827718412,16.55294535724685,17.0,15.0,14.142135623730951,14.142135623730951,14.866068747318506,13.45362404707371,10.63014581273465,9.219544457292887,6.4031242374328485,5.0990195135927845,5.830951894845301,10.63014581273465,15.264337522473747,18.867962264113206,21.95449840010015
1787403470.3862612,-68,0.0,23.769728648009426,23.769728648009426,22.47220505424423,19.697715603592208,15.652475842498529,11.40175425099138,8.602325267042627,6.324555320336759,7.0710678118654755,8.06225774829855,10.0,12.206555615733702,13.038404810405298,14.422205101855956,15.264337522473747,17.0,17.0,14.317821063276353,11.704699910719626,9.848857801796104,7.615773105863909,5.385164807134504,3.1622776601683795,1.0,3.1622776601683795,5.0990195135927845,0.0,0.0,0.0,0.0,0.0,0.0,0.0,0.0,0.0,0.0,0.0,2.23606797749979,1.4142135623730951,3.1622776601683795,2.0,2.23606797749979,5.0,6.4031242374328485,8.602325267042627,10.63014581273465,12.041594578792296,13.601470508735444,13.416407864998739,12.649110640673518,13.341664064126334,14.0,13.152946437965905,11.045361017187261,8.06225774829855,6.0,4.0,4.242640687119285,7.0710678118654755,10.198039027185569,14.866068747318506,18.027756377319946,20.248456731316587
1787403470.4024994,-67,0.0,25.495097567963924,25.495097567963924,23.345235059857504,21.2602916254693,17.204650534085253,13.416407864998739,9.219544457292887,6.324555320336759,6.4031242374328485,7.615773105863909,10.44030650891055,12.649110640673518,13.92838827718412,14.866068747318506,15.811388300841896,15.231546211727817,15.652475842498529,13.892443989449804,12.206555615733702,10.63014581273465,7.0710678118654755,4.242640687119285,1.4142135623730951,2.0,4.47213595499958,6.4031242374328485,0.0,0.0,0.0,0.0,0.0,0.0,0.0,0.0,0.0,0.0,0.0,3.0,2.23606797749979,3.1622776601683795,3.605551275463989,3.0,4.123105625617661,5.385164807134504,8.06225774829855,10.816653826391969,12.806248474865697,13.45362404707371,14.142135623730951,15.0,14.7648230602334,13.92838827718412,12.36931687685298,10.44030650891055,9.219544457292887,8.246211251235321,5.830951894845301,6.082762530298219,8.54400374531753,10.816653826391969,14.866068747318506,19.1049731745428,22.02271554554524
1787403470.4024994,-67,0.0,30.463092423455635,30.463092423455635,29.546573405388315,25.079872407968907,21.18962010041709,15.297058540778355,11.045361017187261,8.06225774829855,7.615773105863909,9.055385138137417,12.0,15.0,17.029386365926403,19.026297590440446,19.1049731745428,19.235384061671343,19.235384061671343,17.46424919657298,15.524174696260024,12.36931687685298,8.94427190999916,5.830951894845301,1.4142135623730951,2.0,5.385164807134504,6.708203932499369,0.0,0.0,0.0,0.0,0.0,0.0,0.0,0.0,0.0,0.0,0.0,2.23606797749979,3.0,2.23606797749979,3.1622776601683795,5.0,7.615773105863909,9.219544457292887,11.0,13.341664064126334,16.15549442140351,17.46424919657298,17.0,15.264337522473747,15.620499351813308,16.97056274847714,16.97056274847714,15.620499351813308,12.806248474865697,9.219544457292887,6.708203932499369,6.0,8.06225774829855,12.041594578792296,17.4928556845359,22.825424421026653,25.942243542145693
1787403470.4024994,-67,0.0,31.78049716414141,30.805843601498726,28.861739379323623,25.495097567963924,20.223748416156685,15.0,11.40175425099138,8.602325267042627,8.54400374531753,10.0,12.0,14.0,18.0,20.024984394500787,21.095023109728988,22.20360331117452,21.37755832643195,19.4164878389476,16.492422502470642,12.649110640673518,9.848857801796104,6.708203932499369,2.0,2.23606797749979,4.47213595499958,5.830951894845301,0.0,0.0,0.0,0.0,0.0,0.0,0.0,0.0,0.0,0.0,0.0,4.47213595499958,4.242640687119285,2.23606797749979,1.0,3.605551275463989,5.830951894845301,7.280109889280518,10.04987562112089,12.165525060596439,15.297058540778355,16.1245154965971,17.11724276862369,16.76305461424021,17.08800749063506,16.55294535724685,16.1245154965971,14.422205101855956,12.206555615733702,9.433981132056603,7.280109889280518,5.830951894845301,9.433981132056603,13.92838827718412,18.439088914585774,22.360679774997898,26.30589287593181
1787403471.1038826,-71,0.0,27.459060435491963,25.495097567963924,23.53720459187964,21.37755832643195,17.11724276862369,13.038404810405298,8.54400374531753,5.0,6.082762530298219,8.06225774829855,9.433981132056603,11.661903789690601,13.416407864998739,14.317821063276353,14.866068747318506,15.811388300841896,14.560219778561036,14.560219778561036,12.165525060596439,9.055385138137417,7.0,5.0,3.1622776601683795,1.4142135623730951,3.0,4.0,0.0,0.0,0.0,0.0,0.0,0.0,0.0,0.0,0.0,0.0,0.0,3.1622776601683795,2.0,1.4142135623730951,0.0,2.0,4.47213595499958,7.211102550927978,9.433981132056603,12.206555615733702,13.601470508735444,14.212670403551895,14.866068747318506,14.866068747318506,15.0,14.422205101855956,13.416407864998739,13.0,10.770329614269007,8.06225774829855,5.0,3.1622776601683795,7.211102550927978,11.704699910719626,16.492422502470642,20.615528128088304,23.53720459187964
1787403471.550715,-67,0.0,28.319604517012593,27.586228448267445,25.45584412271571,22.627416997969522,18.439088914585774,13.892443989449804,9.848857801796104,6.082762530298219,4.242640687119285,5.0990195135927845,8.06225774829855,10.04987562112089,12.041594578792296,14.035668847618199,15.033296378372908,15.033296378372908,15.132745950421556,13.152946437965905,11.180339887498949,9.486832980505138,7.280109889280518,4.47213595499958,2.23606797749979,1.0,3.1622776601683795,5.385164807134504,0.0,0.0,0.0,0.0,0.0,0.0,0.0,0.0,0.0,0.0,0.0,1.0,1.4142135623730951,2.0,3.1622776601683795,4.47213595499958,5.656854249492381,8.06225774829855,9.848857801796104,11.704699910719626,15.524174696260024,18.24828759089466,17.11724276862369,15.0,14.142135623730951,14.560219778561036,14.560219778561036,13.0,10.770329614269007,8.54400374531753,6.082762530298219,3.1622776601683795,5.0,8.94427190999916,14.422205101855956,20.0,22.80350850198276
1787403471.9982133,-68,0.0,25.059928172283335,25.553864678361276,23.323807579381203,20.248456731316587,16.401219466856727,12.041594578792296,8.06225774829855,5.0,5.0,7.280109889280518,9.055385138137417,11.180339887498949,13.152946437965905,15.524174696260024,15.524174696260024,16.492422502470642,15.811388300841896,14.866068747318506,12.083045973594572,9.848857801796104,8.06225774829855,5.0,2.23606797749979,2.23606797749979,4.0,6.082762530298219,0.0,0.0,0.0,0.0,0.0,0.0,0.0,0.0,0.0,0.0,0.0,2.0,1.0,2.23606797749979,4.242640687119285,5.385164807134504,7.0710678118654755,9.0,11.045361017187261,13.152946437965905,15.297058540778355,17.46424919657298,17.72004514666935,16.15549442140351,15.652475842498529,16.1245154965971,15.0,12.806248474865697,11.40175425099138,8.602325267042627,4.47213595499958,2.8284271247461903,6.082762530298219,10.44030650891055,15.231546211727817,18.788294228055936,21.470910553583888
1787403472.6191785,-69,0.0,20.808652046684813,20.808652046684813,20.248456731316587,19.72308292331602,19.72308292331602,18.35755975068582,17.88854381999832,15.231546211727817,14.317821063276353,13.0,12.529964086141668,11.40175425099138,10.63014581273465,10.63014581273465,11.313708498984761,11.313708498984761,11.313708498984761,9.899494936611665,9.219544457292887,8.48528137423857,9.219544457292887,8.48528137423857,8.48528137423857,8.48528137423857,8.48528137423857,7.0710678118654755,0.0,0.0,0.0,0.0,0.0,0.0,0.0,0.0,0.0,0.0,0.0,6.082762530298219,6.082762530298219,6.082762530298219,6.324555320336759,7.615773105863909,8.94427190999916,8.94427190999916,8.54400374531753,8.54400374531753,8.94427190999916,9.848857801796104,10.295630140987,10.816653826391969,10.816653826391969,11.40175425099138,11.40175425099138,12.041594578792296,12.041594578792296,13.45362404707371,14.866068747318506,15.556349186104045,16.97056274847714,17.69180601295413,19.209372712298546,20.615528128088304,21.400934559032695
1787403473.0172737,-70,0.0,22.627416997969522,22.627416997969522,21.93171219946131,21.93171219946131,20.615528128088304,19.209372712298546,18.027756377319946,16.64331697709324,14.422205101855956,13.038404810405298,12.206555615733702,10.63014581273465,9.899494936611665,9.899494936611665,9.219544457292887,8.602325267042627,8.602325267042627,8.06225774829855,7.615773105863909,7.615773105863909,7.615773105863909,8.54400374531753,7.615773105863909,7.615773105863909,6.708203932499369,6.324555320336759,0.0,0.0,0.0,0.0,0.0,0.0,0.0,0.0,0.0,0.0,0.0,6.0,6.082762530298219,6.324555320336759,6.708203932499369,8.602325267042627,8.602325267042627,8.94427190999916,9.848857801796104,9.433981132056603,8.602325267042627,9.219544457292887,9.899494936611665,9.219544457292887,9.219544457292887,10.63014581273465,12.806248474865697,12.806248474865697,12.806248474865697,12.806248474865697,15.264337522473747,16.64331697709324,17.204650534085253,17.804493814764857,20.0,21.400934559032695,21.400934559032695
1787403473.23739,-70,0.0,20.396078054371138,20.396078054371138,19.4164878389476,20.615528128088304,19.924858845171276,18.384776310850235,16.55294535724685,15.652475842498529,13.892443989449804,13.038404810405298,11.180339887498949,9.486832980505138,9.486832980505138,10.198039027185569,10.198039027185569,10.04987562112089,9.0,9.0,9.0,9.0,10.04987562112089,9.055385138137417,8.06225774829855,7.0710678118654755,7.0710678118654755,7.0,0.0,0.0,0.0,0.0,0.0,0.0,0.0,0.0,0.0,0.0,0.0,7.0710678118654755,7.810249675906654,7.810249675906654,7.810249675906654,8.602325267042627,7.615773105863909,7.615773105863909,6.324555320336759,6.324555320336759,7.615773105863909,8.54400374531753,10.44030650891055,11.704699910719626,10.44030650891055,11.180339887498949,11.045361017187261,11.045361017187261,11.045361017187261,11.045361017187261,12.0,13.038404810405298,14.0,16.0312195418814,17.029386365926403,18.027756377319946,19.026297590440446
1787403473.4329972,-69,0.0,22.67156809750927,22.80350850198276,22.20360331117452,21.400934559032695,20.0,18.867962264113206,17.4928556845359,16.1245154965971,14.7648230602334,13.038404810405298,12.206555615733702,12.041594578792296,12.041594578792296,11.313708498984761,11.313708498984761,10.63014581273465,10.63014581273465,10.63014581273465,10.0,10.0,10.0,10.0,9.219544457292887,8.48528137423857,8.48528137423857,7.810249675906654,0.0,0.0,0.0,0.0,0.0,0.0,0.0,0.0,0.0,0.0,0.0,6.082762530298219,6.082762530298219,6.324555320336759,6.324555320336759,6.324555320336759,6.708203932499369,7.211102550927978,6.4031242374328485,7.211102550927978,9.433981132056603,9.433981132056603,9.433981132056603,8.94427190999916,8.94427190999916,10.0,11.40175425099138,11.40175425099138,12.041594578792296,12.727922061357855,13.45362404707371,15.620499351813308,16.401219466856727,17.69180601295413,18.384776310850235,20.518284528683193,21.93171219946131
1787403473.7839558,-88,0.0,10.770329614269007,11.704699910719626,11.704699910719626,11.180339887498949,9.848857801796104,8.54400374531753,6.708203932499369,5.385164807134504,4.123105625617661,6.082762530298219,5.0,5.0,5.385164807134504,6.324555320336759,7.280109889280518,8.94427190999916,8.06225774829855,8.06225774829855,7.211102550927978,6.4031242374328485,6.4031242374328485,5.656854249492381,5.0,4.242640687119285,3.605551275463989,3.605551275463989,0.0,0.0,0.0,0.0,0.0,0.0,0.0,0.0,0.0,0.0,0.0,13.416407864998739,13.892443989449804,16.1245154965971,18.867962264113206,19.4164878389476,20.808652046684813,19.72308292331602,18.35755975068582,17.4928556845359,16.1245154965971,15.652475842498529,13.416407864998739,10.770329614269007,9.486832980505138,7.615773105863909,6.708203932499369,5.0,4.47213595499958,5.0990195135927845,6.324555320336759,8.54400374531753,10.295630140987,12.206555615733702,12.806248474865697,14.142135623730951,14.866068747318506
1787403473.9273582,-67,0.0,19.72308292331602,18.35755975068582,17.0,13.892443989449804,11.180339887498949,8.246211251235321,6.082762530298219,6.4031242374328485,6.4031242374328485,7.211102550927978,8.94427190999916,10.295630140987,12.529964086141668,12.206555615733702,12.727922061357855,13.45362404707371,13.038404810405298,11.704699910719626,11.045361017187261,9.055385138137417,7.280109889280518,8.0,7.810249675906654,7.615773105863909,10.816653826391969,12.041594578792296,0.0,0.0,0.0,0.0,0.0,0.0,0.0,0.0,0.0,0.0,0.0,1.4142135623730951,1.0,1.4142135623730951,2.0,2.23606797749979,3.605551275463989,5.830951894845301,6.324555320336759,8.246211251235321,9.219544457292887,11.045361017187261,12.0,12.0,11.180339887498949,9.486832980505138,8.94427190999916,6.708203932499369,5.830951894845301,4.123105625617661,3.1622776601683795,4.242640687119285,6.708203932499369,9.848857801796104,13.0,15.231546211727817,16.55294535724685
1787403473.9273582,-67,0.0,23.323807579381203,22.47220505424423,20.808652046684813,17.804493814764857,14.142135623730951,10.295630140987,8.0,7.211102550927978,7.211102550927978,9.433981132056603,10.295630140987,9.848857801796104,11.661903789690601,13.601470508735444,14.212670403551895,15.620499351813308,17.029386365926403,15.556349186104045,11.661903789690601,8.246211251235321,7.0710678118654755,7.0710678118654755,4.123105625617661,13.0,11.180339887498949,10.04987562112089,0.0,0.0,0.0,0.0,0.0,0.0,0.0,0.0,0.0,0.0,0.0,2.23606797749979,1.0,1.4142135623730951,2.0,2.8284271247461903,4.47213595499958,6.324555320336759,8.246211251235321,9.219544457292887,12.165525060596439,13.152946437965905,14.142135623730951,14.142135623730951,13.038404810405298,12.0,11.0,9.0,7.0,5.0990195135927845,4.242640687119285,5.0990195135927845,8.06225774829855,11.40175425099138,14.866068747318506,18.788294228055936,21.02379604162864
1787403473.943448,-67,0.0,20.591260281974,19.235384061671343,16.1245154965971,14.7648230602334,13.0,9.055385138137417,6.324555320336759,6.4031242374328485,8.54400374531753,9.055385138137417,11.0,12.165525060596439,12.165525060596439,13.0,13.341664064126334,13.341664064126334,15.132745950421556,14.035668847618199,11.045361017187261,9.848857801796104,6.324555320336759,5.656854249492381,7.280109889280518,1.0,4.47213595499958,15.620499351813308,0.0,0.0,0.0,0.0,0.0,0.0,0.0,0.0,0.0,0.0,0.0,2.0,1.0,0.0,1.4142135623730951,2.8284271247461903,4.242640687119285,5.656854249492381,7.211102550927978,10.0,11.40175425099138,12.206555615733702,13.601470508735444,13.892443989449804,13.416407864998739,12.083045973594572,11.704699910719626,10.44030650891055,8.54400374531753,5.830951894845301,4.242640687119285,4.0,5.830951894845301,10.63014581273465,14.866068747318506,17.804493814764857,19.4164878389476
1787403476.4147403,-88,0.0,19.1049731745428,18.439088914585774,17.69180601295413,17.029386365926403,17.204650534085253,17.204650534085253,15.811388300841896,14.7648230602334,14.317821063276353,13.416407864998739,12.083045973594572,11.704699910719626,10.44030650891055,9.486832980505138,8.246211251235321,8.246211251235321,7.615773105863909,6.708203932499369,6.324555320336759,6.324555320336759,5.830951894845301,6.708203932499369,6.708203932499369,5.830951894845301,5.0,5.0,0.0,0.0,0.0,0.0,0.0,0.0,0.0,0.0,0.0,0.0,0.0,8.54400374531753,9.486832980505138,9.486832980505138,9.486832980505138,10.44030650891055,11.40175425099138,10.770329614269007,10.770329614269007,10.770329614269007,9.848857801796104,8.94427190999916,8.54400374531753,7.280109889280518,5.385164807134504,5.385164807134504,4.123105625617661,3.0,2.0,2.23606797749979,2.8284271247461903,3.605551275463989,4.47213595499958,6.324555320336759,7.0710678118654755,9.055385138137417,9.0
1787403477.6436317,-69,0.0,21.095023109728988,21.095023109728988,20.248456731316587,20.248456731316587,19.4164878389476,18.439088914585774,17.029386365926403,15.0,14.422205101855956,13.892443989449804,13.416407864998739,13.416407864998739,12.529964086141668,12.529964086141668,12.529964086141668,11.661903789690601,11.180339887498949,11.180339887498949,9.848857801796104,9.848857801796104,10.770329614269007,11.180339887498949,11.180339887498949,8.94427190999916,8.06225774829855,8.06225774829855,0.0,0.0,0.0,0.0,0.0,0.0,0.0,0.0,0.0,0.0,0.0,4.47213595499958,4.47213595499958,4.242640687119285,4.242640687119285,5.0,5.830951894845301,6.708203932499369,6.708203932499369,6.708203932499369,7.615773105863909,8.94427190999916,9.433981132056603,9.433981132056603,10.816653826391969,11.661903789690601,12.083045973594572,12.083045973594572,12.529964086141668,14.317821063276353,14.317821063276353,15.231546211727817,17.08800749063506,18.384776310850235,19.697715603592208,19.697715603592208,19.697715603592208
1787403477.6436317,-89,0.0,13.0,12.0,12.0,11.0,10.04987562112089,10.04987562112089,9.055385138137417,8.246211251235321,7.615773105863909,5.830951894845301,7.0710678118654755,7.211102550927978,6.708203932499369,6.324555320336759,7.280109889280518,7.0710678118654755,7.0710678118654755,6.082762530298219,5.0990195135927845,5.0990195135927845,4.123105625617661,3.1622776601683795,3.1622776601683795,4.123105625617661,4.123105625617661,4.123105625617661,0.0,0.0,0.0,0.0,0.0,0.0,0.0,0.0,0.0,0.0,0.0,15.264337522473747,15.264337522473747,15.264337522473747,14.7648230602334,14.7648230602334,13.92838827718412,13.152946437965905,12.0,12.36931687685298,12.083045973594572,11.661903789690601,10.816653826391969,10.295630140987,8.54400374531753,7.0710678118654755,6.0,4.47213595499958,4.47213595499958,5.0990195135927845,5.0,5.0990195135927845,5.385164807134504,5.830951894845301,5.656854249492381,6.4031242374328485,5.0
1787403477.9436502,-69,0.0,20.591260281974,18.867962264113206,19.72308292331602,19.72308292331602,18.867962264113206,18.027756377319946,17.204650534085253,15.264337522473747,13.601470508735444,13.601470508735444,13.038404810405298,13.892443989449804,13.416407864998739,13.92838827718412,13.0,11.704699910719626,11.704699910719626,11.180339887498949,10.295630140987,9.433981132056603,10.295630140987,11.180339887498949,9.848857801796104,8.06225774829855,6.708203932499369,7.615773105863909,0.0,0.0,0.0,0.0,0.0,0.0,0.0,0.0,0.0,0.0,0.0,1.4142135623730951,1.4142135623730951,4.47213595499958,7.211102550927978,7.810249675906654,5.830951894845301,5.0,6.4031242374328485,7.211102550927978,6.4031242374328485,8.06225774829855,9.433981132056603,9.433981132056603,8.602325267042627,8.94427190999916,10.295630140987,11.180339887498949,12.083045973594572,13.416407864998739,15.231546211727817,15.811388300841896,16.15549442140351,17.46424919657298,18.788294228055936,20.591260281974,20.591260281974
1787403478.2461796,-70,0.0,19.697715603592208,20.615528128088304,20.248456731316587,19.313207915827967,18.973665961010276,18.681541692269406,16.492422502470642,15.297058540778355,14.560219778561036,13.601470508735444,11.704699910719626,12.083045973594572,11.180339887498949,11.180339887498949,11.704699910719626,11.704699910719626,11.704699910719626,11.704699910719626,9.848857801796104,8.94427190999916,9.486832980505138,9.486832980505138,9.486832980505138,8.54400374531753,7.280109889280518,6.324555320336759,0.0,0.0,0.0,0.0,0.0,0.0,0.0,0.0,0.0,0.0,0.0,4.123105625617661,4.0,4.0,4.123105625617661,5.0,5.830951894845301,6.4031242374328485,7.0710678118654755,7.810249675906654,8.06225774829855,8.94427190999916,9.433981132056603,8.94427190999916,8.94427190999916,10.295630140987,10.816653826391969,11.40175425099138,12.806248474865697,14.212670403551895,14.212670403551895,15.0,15.811388300841896,16.64331697709324,17.4928556845359,18.867962264113206,19.4164878389476
1787403478.3585792,-70,0.0,20.591260281974,20.808652046684813,21.400934559032695,21.400934559032695,21.400934559032695,19.849433241279208,19.1049731745428,17.029386365926403,15.620499351813308,14.212670403551895,13.892443989449804,13.892443989449804,14.422205101855956,15.264337522473747,15.264337522473747,13.892443989449804,14.317821063276353,13.416407864998739,13.0,13.92838827718412,14.317821063276353,13.892443989449804,12.806248474865697,11.40175425099138,11.40175425099138,11.40175425099138,0.0,0.0,0.0,0.0,0.0,0.0,0.0,0.0,0.0,0.0,0.0,7.0,7.0,7.280109889280518,8.06225774829855,8.06225774829855,8.06225774829855,9.433981132056603,8.94427190999916,9.848857801796104,11.180339887498949,11.180339887498949,9.848857801796104,8.94427190999916,9.433981132056603,10.0,10.63014581273465,10.63014581273465,10.63014581273465,12.206555615733702,13.038404810405298,13.038404810405298,15.264337522473747,15.811388300841896,17.204650534085253,18.027756377319946,18.027756377319946
1787403478.4534554,-70,0.0,21.02379604162864,20.615528128088304,20.615528128088304,20.248456731316587,18.681541692269406,17.46424919657298,16.278820596099706,15.297058540778355,13.341664064126334,12.36931687685298,11.704699910719626,10.770329614269007,11.180339887498949,11.180339887498949,11.180339887498949,10.295630140987,10.295630140987,9.433981132056603,10.0,10.0,10.0,10.816653826391969,10.295630140987,9.848857801796104,8.94427190999916,8.94427190999916,0.0,0.0,0.0,0.0,0.0,0.0,0.0,0.0,0.0,0.0,0.0,7.280109889280518,6.082762530298219,6.082762530298219,6.0,6.0,7.0,7.0710678118654755,8.246211251235321,8.246211251235321,9.219544457292887,9.055385138137417,9.055385138137417,9.055385138137417,9.219544457292887,9.219544457292887,10.44030650891055,10.44030650891055,10.770329614269007,11.180339887498949,11.180339887498949,12.206555615733702,13.038404810405298,15.264337522473747,17.0,17.88854381999832,18.35755975068582
1787403478.5495818,-70,0.0,21.18962010041709,21.18962010041709,21.540659228538015,20.615528128088304,20.12461179749811,19.235384061671343,17.4928556845359,16.1245154965971,13.892443989449804,12.529964086141668,11.180339887498949,10.770329614269007,11.40175425099138,11.40175425099138,11.40175425099138,10.198039027185569,10.198039027185569,10.04987562112089,10.04987562112089,10.04987562112089,10.04987562112089,10.04987562112089,10.04987562112089,10.04987562112089,9.055385138137417,9.055385138137417,0.0,0.0,0.0,0.0,0.0,0.0,0.0,0.0,0.0,0.0,0.0,5.830951894845301,5.0,4.242640687119285,4.242640687119285,5.656854249492381,6.4031242374328485,7.211102550927978,8.06225774829855,8.06225774829855,8.94427190999916,8.94427190999916,9.433981132056603,8.94427190999916,9.848857801796104,10.770329614269007,10.770329614269007,11.704699910719626,11.40175425099138,12.36931687685298,13.341664064126334,14.317821063276353,15.297058540778355,16.492422502470642,17.72004514666935,18.681541692269406,19.924858845171276
1787403478.7563655,-68,0.0,27.586228448267445,26.90724809414742,24.839484696748443,22.02271554554524,18.027756377319946,13.416407864998739,8.246211251235321,5.385164807134504,5.830951894845301,8.246211251235321,10.04987562112089,13.038404810405298,15.132745950421556,16.278820596099706,17.46424919657298,17.72004514666935,17.72004514666935,17.08800749063506,15.652475842498529,13.038404810405298,10.816653826391969,7.810249675906654,4.242640687119285,2.0,3.0,5.0990195135927845,0.0,0.0,0.0,0.0,0.0,0.0,0.0,0.0,0.0,0.0,0.0,2.23606797749979,2.0,2.23606797749979,2.23606797749979,3.1622776601683795,5.0,6.4031242374328485,8.06225774829855,9.848857801796104,11.704699910719626,13.601470508735444,14.560219778561036,14.142135623730951,13.038404810405298,13.0,12.165525060596439,11.180339887498949,9.219544457292887,7.0710678118654755,4.123105625617661,3.1622776601683795,5.830951894845301,11.40175425099138,16.278820596099706,20.518284528683193,22.627416997969522
1787403479.1709545,-69,0.0,21.587033144922902,20.615528128088304,20.396078054371138,20.223748416156685,19.235384061671343,18.24828759089466,18.027756377319946,17.0,15.033296378372908,14.142135623730951,13.152946437965905,13.341664064126334,13.601470508735444,13.601470508735444,12.36931687685298,12.165525060596439,12.165525060596439,11.40175425099138,11.40175425099138,11.40175425099138,12.36931687685298,11.180339887498949,11.045361017187261,10.04987562112089,9.055385138137417,9.0,0.0,0.0,0.0,0.0,0.0,0.0,0.0,0.0,0.0,0.0,0.0,7.280109889280518,7.280109889280518,8.06225774829855,8.06225774829855,8.0,8.0,8.0,9.0,9.0,9.0,10.0,10.04987562112089,10.04987562112089,10.04987562112089,10.198039027185569,11.40175425099138,11.40175425099138,12.649110640673518,13.601470508735444,13.92838827718412,15.811388300841896,17.72004514666935,18.681541692269406,18.681541692269406,18.681541692269406,19.6468827043885
1787403479.4092174,-68,0.0,34.0147027033899,32.69556544854363,30.463092423455635,26.92582403567252,22.47220505424423,17.0,11.313708498984761,8.94427190999916,5.0990195135927845,6.4031242374328485,10.295630140987,11.661903789690601,13.038404810405298,16.278820596099706,17.69180601295413,18.439088914585774,17.804493814764857,15.264337522473747,13.416407864998739,11.661903789690601,9.219544457292887,5.656854249492381,2.0,4.0,8.06225774829855,10.198039027185569,0.0,0.0,0.0,0.0,0.0,0.0,0.0,0.0,0.0,0.0,0.0,3.1622776601683795,2.23606797749979,1.0,3.605551275463989,5.0,8.06225774829855,10.770329614269007,13.0,14.560219778561036,17.46424919657298,19.4164878389476,20.09975124224178,19.0,18.110770276274835,17.46424919657298,16.76305461424021,14.866068747318506,13.0,10.44030650891055,7.0,5.656854249492381,9.055385138137417,14.142135623730951,18.681541692269406,24.351591323771842,27.85677655436824
1787403479.5846825,-69,0.0,28.792360097775937,27.85677655436824,25.298221281347036,23.08679276123039,19.924858845171276,15.297058540778355,11.045361017187261,7.280109889280518,5.0,7.0710678118654755,9.0,12.041594578792296,14.035668847618199,15.033296378372908,16.0,16.0,16.0312195418814,15.033296378372908,13.152946437965905,11.180339887498949,8.246211251235321,5.0990195135927845,2.0,1.4142135623730951,5.385164807134504,6.324555320336759,0.0,0.0,0.0,0.0,0.0,0.0,0.0,0.0,0.0,0.0,0.0,3.1622776601683795,2.0,1.0,2.23606797749979,3.1622776601683795,5.0,8.06225774829855,11.40175425099138,13.601470508735444,16.15549442140351,16.15549442140351,15.652475842498529,15.264337522473747,14.212670403551895,13.45362404707371,12.206555615733702,11.661903789690601,9.848857801796104,7.615773105863909,4.242640687119285,4.123105625617661,7.211102550927978,12.083045973594572,16.76305461424021,21.18962010041709,24.351591323771842
1787403480.1901498,-69,0.0,23.194827009486403,23.08679276123039,22.090722034374522,22.090722034374522,21.02379604162864,20.0,19.026297590440446,18.110770276274835,16.1245154965971,14.035668847618199,13.0,12.0,12.041594578792296,12.041594578792296,11.180339887498949,11.045361017187261,11.045361017187261,10.198039027185569,9.219544457292887,8.94427190999916,8.94427190999916,9.486832980505138,9.486832980505138,8.54400374531753,8.246211251235321,8.246211251235321,0.0,0.0,0.0,0.0,0.0,0.0,0.0,0.0,0.0,0.0,0.0,7.280109889280518,7.280109889280518,7.0710678118654755,8.0,8.0,9.0,9.0,9.055385138137417,10.0,11.0,11.045361017187261,11.0,11.0,11.045361017187261,12.041594578792296,13.152946437965905,13.152946437965905,13.152946437965905,14.317821063276353,15.524174696260024,15.524174696260024,17.46424919657298,18.439088914585774,19.6468827043885,21.587033144922902,22.360679774997898
1787403480.8204744,-69,0.0,26.30589287593181,25.179356624028344,24.186773244895647,22.090722034374522,18.0,13.152946437965905,8.94427190999916,6.708203932499369,7.0710678118654755,9.486832980505138,10.770329614269007,13.0,13.92838827718412,14.866068747318506,15.524174696260024,14.560219778561036,13.341664064126334,11.045361017187261,9.0,6.082762530298219,4.123105625617661,1.0,2.0,5.0990195135927845,6.082762530298219,8.246211251235321,0.0,0.0,0.0,0.0,0.0,0.0,0.0,0.0,0.0,0.0,0.0,2.23606797749979,1.0,2.23606797749979,4.0,7.0,8.06225774829855,10.44030650891055,13.601470508735444,16.15549442140351,18.788294228055936,20.12461179749811,21.095023109728988,20.0,19.849433241279208,19.1049731745428,16.97056274847714,15.0,12.206555615733702,9.219544457292887,5.830951894845301,4.123105625617661,6.4031242374328485,10.770329614269007,16.492422502470642,20.396078054371138,22.360679774997898
1787403480.827349,-69,0.0,25.942243542145693,24.596747752497688,23.259406699226016,19.697715603592208,15.811388300841896,12.041594578792296,8.246211251235321,7.0710678118654755,8.06225774829855,9.0,11.045361017187261,13.0,15.0,16.0312195418814,17.029386365926403,16.1245154965971,14.317821063276353,12.36931687685298,10.770329614269007,8.94427190999916,6.708203932499369,3.1622776601683795,1.0,2.8284271247461903,5.0,7.0710678118654755,0.0,0.0,0.0,0.0,0.0,0.0,0.0,0.0,0.0,0.0,0.0,3.605551275463989,2.23606797749979,1.4142135623730951,2.8284271247461903,5.0,7.211102550927978,10.816653826391969,12.806248474865697,15.620499351813308,17.69180601295413,18.384776310850235,19.1049731745428,18.601075237738275,18.35755975068582,17.88854381999832,16.15549442140351,13.92838827718412,11.40175425099138,8.54400374531753,5.830951894845301,4.0,6.4031242374328485,10.816653826391969,16.1245154965971,20.12461179749811,22.360679774997898
1787403480.827349,-88,0.0,14.212670403551895,13.601470508735444,12.206555615733702,10.816653826391969,9.433981132056603,7.615773105863909,7.0710678118654755,7.0710678118654755,6.0,5.0990195135927845,5.385164807134504,6.708203932499369,6.708203932499369,5.830951894845301,6.324555320336759,5.0,6.0,7.0,7.0,7.0,6.0,6.0,6.0,6.082762530298219,5.385164807134504,5.385164807134504,0.0,0.0,0.0,0.0,0.0,0.0,0.0,0.0,0.0,0.0,0.0,18.384776310850235,20.615528128088304,20.248456731316587,20.248456731316587,21.18962010041709,20.8806130178211,18.681541692269406,16.492422502470642,15.524174696260024,12.165525060596439,9.055385138137417,8.0,8.0,7.0710678118654755,5.0,5.0,5.0,6.082762530298219,7.615773105863909,9.433981132056603,11.40175425099138,12.727922061357855,12.806248474865697,14.212670403551895,15.0,15.0
1787403480.827349,-89,0.0,9.433981132056603,8.06225774829855,7.615773105863909,6.708203932499369,5.385164807134504,4.123105625617661,3.0,2.23606797749979,1.0,2.23606797749979,3.1622776601683795,3.1622776601683795,4.47213595499958,4.123105625617661,5.0990195135927845,6.082762530298219,6.082762530298219,6.0,5.0,4.0,4.123105625617661,4.123105625617661,3.605551275463989,4.242640687119285,4.242640687119285,4.242640687119285,0.0,0.0,0.0,0.0,0.0,0.0,0.0,0.0,0.0,0.0,0.0,19.1049731745428,20.024984394500787,20.0,20.0,20.0,19.026297590440446,18.027756377319946,16.0,14.035668847618199,13.038404810405298,10.04987562112089,9.055385138137417,7.0710678118654755,6.082762530298219,5.0,4.123105625617661,4.0,4.47213595499958,4.242640687119285,4.47213595499958,7.0710678118654755,9.055385138137417,10.198039027185569,11.704699910719626,14.866068747318506,15.231546211727817
1787403481.2409832,-71,0.0,30.265491900843113,28.160255680657446,26.1725046566048,23.08679276123039,20.0,15.297058540778355,12.529964086141668,10.63014581273465,10.44030650891055,11.180339887498949,13.038404810405298,14.142135623730951,14.317821063276353,14.560219778561036,14.866068747318506,14.317821063276353,13.038404810405298,10.0,8.48528137423857,6.4031242374328485,4.123105625617661,3.1622776601683795,2.23606797749979,3.1622776601683795,5.656854249492381,5.830951894845301,0.0,0.0,0.0,0.0,0.0,0.0,0.0,0.0,0.0,0.0,0.0,2.23606797749979,0.0,2.23606797749979,3.605551275463989,5.0,7.810249675906654,9.433981132056603,11.180339887498949,13.0,13.601470508735444,14.142135623730951,15.0,16.0312195418814,16.278820596099706,15.811388300841896,14.317821063276353,13.416407864998739,11.661903789690601,8.06225774829855,6.082762530298219,5.830951894845301,8.94427190999916,14.560219778561036,18.110770276274835,22.090722034374522,25.179356624028344
1787403481.4003577,-69,0.0,29.0,28.0,25.0,21.0,17.11724276862369,12.36931687685298,8.06225774829855,6.708203932499369,7.0,7.0710678118654755,10.04987562112089,12.041594578792296,13.038404810405298,14.035668847618199,16.0312195418814,16.1245154965971,15.297058540778355,13.601470508735444,11.180339887498949,8.602325267042627,7.211102550927978,5.0,2.23606797749979,2.23606797749979,4.123105625617661,5.385164807134504,0.0,0.0,0.0,0.0,0.0,0.0,0.0,0.0,0.0,0.0,0.0,3.605551275463989,1.4142135623730951,1.4142135623730951,3.1622776601683795,4.0,7.0,9.055385138137417,11.045361017187261,11.180339887498949,11.40175425099138,13.92838827718412,14.317821063276353,13.892443989449804,15.0,16.278820596099706,15.620499351813308,14.212670403551895,10.63014581273465,8.06225774829855,6.0,7.211102550927978,10.0,14.866068747318506,18.24828759089466,23.345235059857504,27.294688127912362
1787403481.432329,-86,0.0,20.12461179749811,20.12461179749811,20.12461179749811,19.697715603592208,20.615528128088304,20.248456731316587,18.973665961010276,18.973665961010276,18.439088914585774,18.439088914585774,17.26267650163207,16.492422502470642,15.297058540778355,14.317821063276353,13.341664064126334,12.649110640673518,11.704699910719626,10.770329614269007,10.770329614269007,9.848857801796104,8.54400374531753,8.54400374531753,8.246211251235321,9.219544457292887,9.055385138137417,9.0,0.0,0.0,0.0,0.0,0.0,0.0,0.0,0.0,0.0,0.0,0.0,6.708203932499369,6.708203932499369,7.615773105863909,8.06225774829855,8.06225774829855,8.94427190999916,9.848857801796104,8.54400374531753,8.54400374531753,8.54400374531753,8.54400374531753,8.246211251235321,8.246211251235321,7.0710678118654755,7.0,7.0710678118654755,7.0710678118654755,7.280109889280518,8.06225774829855,9.433981132056603,10.0,10.63014581273465,12.727922061357855,12.727922061357855,14.866068747318506,15.620499351813308
1787403481.5573127,-69,0.0,27.459060435491963,25.238858928247925,23.021728866442675,20.615528128088304,16.278820596099706,12.529964086141668,11.045361017187261,9.219544457292887,8.54400374531753,10.816653826391969,12.206555615733702,13.038404810405298,14.7648230602334,16.55294535724685,17.08800749063506,16.76305461424021,15.524174696260024,14.142135623730951,12.041594578792296,9.055385138137417,7.0710678118654755,4.0,1.0,2.23606797749979,5.0990195135927845,7.280109889280518,0.0,0.0,0.0,0.0,0.0,0.0,0.0,0.0,0.0,0.0,0.0,4.47213595499958,2.23606797749979,1.0,2.8284271247461903,4.123105625617661,7.280109889280518,10.770329614269007,13.038404810405298,13.601470508735444,14.212670403551895,16.278820596099706,18.027756377319946,17.88854381999832,16.55294535724685,15.811388300841896,14.317821063276353,12.041594578792296,10.198039027185569,8.94427190999916,7.0710678118654755,7.280109889280518,8.246211251235321,12.083045973594572,16.1245154965971,20.808652046684813,23.600847442411894
1787403481.5605261,-70,0.0,26.570660511172846,25.298221281347036,23.40939982143925,21.02379604162864,17.0,12.806248474865697,10.295630140987,9.055385138137417,9.055385138137417,9.486832980505138,10.770329614269007,12.649110640673518,13.341664064126334,15.297058540778355,15.132745950421556,15.033296378372908,15.0,13.038404810405298,11.40175425099138,8.54400374531753,6.708203932499369,3.605551275463989,1.0,3.0,5.385164807134504,7.615773105863909,0.0,0.0,0.0,0.0,0.0,0.0,0.0,0.0,0.0,0.0,0.0,4.242640687119285,3.1622776601683795,2.23606797749979,3.605551275463989,5.0,6.4031242374328485,8.48528137423857,11.313708498984761,14.866068747318506,16.401219466856727,18.027756377319946,17.0,15.811388300841896,15.297058540778355,16.1245154965971,16.1245154965971,14.035668847618199,12.0,9.055385138137417,5.385164807134504,5.830951894845301,8.0,12.165525060596439,16.76305461424021,20.248456731316587,23.08679276123039
1787403481.5605261,-69,0.0,28.30194339616981,28.178005607210743,25.495097567963924,20.615528128088304,17.72004514666935,13.341664064126334,10.04987562112089,8.06225774829855,8.602325267042627,10.295630140987,11.180339887498949,12.206555615733702,14.212670403551895,15.556349186104045,16.278820596099706,17.029386365926403,15.0,13.892443989449804,11.180339887498949,9.486832980505138,7.0710678118654755,4.0,1.0,3.1622776601683795,6.082762530298219,7.0710678118654755,0.0,0.0,0.0,0.0,0.0,0.0,0.0,0.0,0.0,0.0,0.0,5.0990195135927845,3.1622776601683795,2.23606797749979,3.0,5.0,8.06225774829855,10.0,12.041594578792296,14.035668847618199,16.1245154965971,17.46424919657298,18.027756377319946,17.88854381999832,16.64331697709324,17.029386365926403,16.97056274847714,14.866068747318506,12.041594578792296,10.63014581273465,7.211102550927978,5.0,7.810249675906654,12.206555615733702,16.64331697709324,21.095023109728988,23.853720883753127
1787403481.7510297,-70,0.0,25.80697580112788,25.0,22.20360331117452,19.4164878389476,17.0,13.601470508735444,11.0,9.486832980505138,9.219544457292887,10.0,11.40175425099138,12.041594578792296,14.142135623730951,14.866068747318506,14.212670403551895,14.422205101855956,13.892443989449804,12.083045973594572,10.44030650891055,8.06225774829855,6.0,3.1622776601683795,1.0,3.0,5.0,6.0,0.0,0.0,0.0,0.0,0.0,0.0,0.0,0.0,0.0,0.0,0.0,3.0,1.0,1.4142135623730951,3.1622776601683795,5.0990195135927845,7.0,9.055385138137417,11.045361017187261,12.165525060596439,14.560219778561036,17.08800749063506,16.55294535724685,16.64331697709324,16.401219466856727,14.866068747318506,14.142135623730951,13.45362404707371,10.63014581273465,8.48528137423857,5.830951894845301,6.082762530298219,8.602325267042627,11.313708498984761,15.620499351813308,18.601075237738275,20.808652046684813
1787403481.8145325,-69,0.0,23.08679276123039,24.08318915758459,23.08679276123039,19.1049731745428,15.132745950421556,12.041594578792296,10.816653826391969,11.313708498984761,10.816653826391969,11.40175425099138,11.045361017187261,12.041594578792296,13.152946437965905,14.317821063276353,13.601470508735444,13.92838827718412,13.416407864998739,10.816653826391969,7.810249675906654,5.656854249492381,2.23606797749979,0.0,2.23606797749979,4.47213595499958,7.280109889280518,9.848857801796104,0.0,0.0,0.0,0.0,0.0,0.0,0.0,0.0,0.0,0.0,0.0,4.123105625617661,2.23606797749979,2.23606797749979,3.605551275463989,5.830951894845301,7.615773105863909,9.219544457292887,12.165525060596439,15.033296378372908,17.0,18.0,19.026297590440446,18.24828759089466,17.46424919657298,14.560219778561036,13.416407864998739,12.206555615733702,11.40175425099138,11.180339887498949,8.246211251235321,4.47213595499958,7.615773105863909,12.36931687685298,17.26267650163207,20.223748416156685,22.360679774997898
1787403481.846306,-69,0.0,25.942243542145693,25.059928172283335,24.186773244895647,21.095023109728988,17.204650534085253,14.866068747318506,12.529964086141668,11.045361017187261,10.198039027185569,11.704699910719626,13.0,14.317821063276353,15.231546211727817,15.811388300841896,15.811388300841896,14.560219778561036,13.152946437965905,10.04987562112089,8.06225774829855,5.0990195135927845,3.1622776601683795,1.0,2.23606797749979,5.0,7.211102550927978,9.219544457292887,0.0,0.0,0.0,0.0,0.0,0.0,0.0,0.0,0.0,0.0,0.0,5.385164807134504,2.23606797749979,1.4142135623730951,3.1622776601683795,5.0,7.0710678118654755,9.486832980505138,12.083045973594572,14.317821063276353,16.1245154965971,17.204650534085253,17.69180601295413,17.029386365926403,16.64331697709324,16.55294535724685,14.866068747318506,13.341664064126334,11.180339887498949,9.219544457292887,6.324555320336759,5.0,7.0,11.704699910719626,15.652475842498529,19.235384061671343,21.95449840010015
1787403482.643636,-70,0.0,21.470910553583888,20.591260281974,20.591260281974,20.591260281974,19.235384061671343,18.788294228055936,17.08800749063506,15.811388300841896,13.92838827718412,13.0,11.180339887498949,11.180339887498949,10.295630140987,10.295630140987,10.295630140987,9.433981132056603,8.06225774829855,7.211102550927978,7.0710678118654755,6.4031242374328485,7.211102550927978,7.211102550927978,7.211102550927978,7.211102550927978,6.4031242374328485,5.830951894845301,0.0,0.0,0.0,0.0,0.0,0.0,0.0,0.0,0.0,0.0,0.0,4.47213595499958,3.1622776601683795,3.0,4.123105625617661,4.123105625617661,5.385164807134504,5.830951894845301,7.211102550927978,8.06225774829855,8.94427190999916,8.94427190999916,10.295630140987,10.295630140987,10.295630140987,11.661903789690601,12.206555615733702,12.806248474865697,12.806248474865697,14.212670403551895,15.0,16.401219466856727,17.804493814764857,18.601075237738275,20.248456731316587,21.095023109728988,21.095023109728988
1787403483.263073,-69,0.0,21.2602916254693,20.615528128088304,20.615528128088304,19.209372712298546,18.601075237738275,18.027756377319946,16.64331697709324,15.264337522473747,13.892443989449804,13.038404810405298,11.40175425099138,10.63014581273465,10.63014581273465,10.63014581273465,10.63014581273465,9.899494936611665,9.219544457292887,8.48528137423857,7.810249675906654,7.810249675906654,7.211102550927978,8.602325267042627,7.810249675906654,7.810249675906654,6.4031242374328485,6.4031242374328485,0.0,0.0,0.0,0.0,0.0,0.0,0.0,0.0,0.0,0.0,0.0,7.0710678118654755,6.324555320336759,5.385164807134504,5.830951894845301,6.4031242374328485,6.4031242374328485,7.810249675906654,8.48528137423857,9.899494936611665,9.899494936611665,10.63014581273465,10.63014581273465,10.63014581273465,10.63014581273465,11.313708498984761,12.727922061357855,12.727922061357855,13.45362404707371,13.601470508735444,15.0,16.401219466856727,17.029386365926403,18.439088914585774,19.1049731745428,20.518284528683193,20.518284528683193
1787403483.3737612,-70,0.0,22.47220505424423,22.47220505424423,21.095023109728988,20.248456731316587,19.72308292331602,19.235384061671343,17.88854381999832,16.55294535724685,14.317821063276353,13.416407864998739,12.529964086141668,10.295630140987,10.0,10.0,10.0,9.219544457292887,8.48528137423857,7.810249675906654,7.211102550927978,7.211102550927978,7.615773105863909,8.06225774829855,8.06225774829855,8.06225774829855,8.06225774829855,7.211102550927978,0.0,0.0,0.0,0.0,0.0,0.0,0.0,0.0,0.0,0.0,0.0,7.0710678118654755,6.0,6.082762530298219,7.280109889280518,7.615773105863909,8.06225774829855,8.94427190999916,9.433981132056603,10.295630140987,11.180339887498949,11.180339887498949,11.180339887498949,12.529964086141668,13.038404810405298,12.206555615733702,12.206555615733702,13.601470508735444,14.212670403551895,15.620499351813308,16.278820596099706,17.69180601295413,19.1049731745428,19.849433241279208,20.615528128088304,21.400934559032695,22.20360331117452
1787403483.8865626,-70,0.0,29.732137494637012,28.319604517012593,26.1725046566048,22.627416997969522,19.849433241279208,15.652475842498529,13.152946437965905,11.180339887498949,11.661903789690601,12.041594578792296,12.727922061357855,14.142135623730951,15.811388300841896,16.64331697709324,17.0,16.55294535724685,14.317821063276353,13.341664064126334,12.0,11.180339887498949,8.54400374531753,5.385164807134504,1.4142135623730951,2.23606797749979,5.0990195135927845,7.280109889280518,0.0,0.0,0.0,0.0,0.0,0.0,0.0,0.0,0.0,0.0,0.0,3.605551275463989,1.0,1.0,3.0,5.0,6.324555320336759,8.94427190999916,12.206555615733702,14.866068747318506,17.69180601295413,20.615528128088304,22.20360331117452,21.95449840010015,22.360679774997898,21.93171219946131,21.18962010041709,18.973665961010276,16.15549442140351,12.529964086141668,9.899494936611665,8.54400374531753,10.198039027185569,15.264337522473747,20.0,22.02271554554524,24.20743687382041
1787403484.0287948,-89,0.0,11.704699910719626,12.083045973594572,10.816653826391969,10.0,8.48528137423857,7.810249675906654,5.385164807134504,4.123105625617661,4.0,4.0,3.1622776601683795,3.1622776601683795,3.1622776601683795,4.0,5.0,6.0,6.0,7.0710678118654755,7.0710678118654755,7.280109889280518,6.708203932499369,8.602325267042627,8.48528137423857,9.899494936611665,10.63014581273465,10.63014581273465,0.0,0.0,0.0,0.0,0.0,0.0,0.0,0.0,0.0,0.0,0.0,14.866068747318506,15.620499351813308,15.620499351813308,15.811388300841896,16.64331697709324,16.1245154965971,15.652475842498529,15.231546211727817,15.231546211727817,13.92838827718412,11.704699910719626,10.770329614269007,8.54400374531753,6.324555320336759,5.830951894845301,5.0,3.605551275463989,4.0,5.0990195135927845,6.324555320336759,8.06225774829855,8.94427190999916,9.848857801796104,11.180339887498949,11.180339887498949,11.704699910719626
1787403484.4900167,-69,0.0,22.20360331117452,21.633307652783937,21.633307652783937,21.095023109728988,20.591260281974,20.12461179749811,18.384776310850235,17.08800749063506,15.811388300841896,13.601470508735444,13.0,12.083045973594572,12.083045973594572,11.180339887498949,10.295630140987,8.94427190999916,9.433981132056603,8.06225774829855,8.06225774829855,7.810249675906654,7.810249675906654,7.810249675906654,8.602325267042627,7.810249675906654,7.211102550927978,7.211102550927978,0.0,0.0,0.0,0.0,0.0,0.0,0.0,0.0,0.0,0.0,0.0,6.082762530298219,8.0,7.0,7.615773105863909,9.433981132056603,7.810249675906654,5.830951894845301,7.211102550927978,9.433981132056603,9.433981132056603,10.295630140987,11.180339887498949,11.180339887498949,11.661903789690601,11.661903789690601,12.206555615733702,12.206555615733702,12.806248474865697,13.45362404707371,14.866068747318506,14.866068747318506,16.278820596099706,18.384776310850235,19.1049731745428,20.518284528683193,20.518284528683193
1787403484.8084815,-70,0.0,26.476404589747453,25.495097567963924,24.515301344262525,21.840329667841555,18.384776310850235,15.264337522473747,11.313708498984761,9.848857801796104,9.055385138137417,10.198039027185569,11.40175425099138,13.601470508735444,14.560219778561036,15.524174696260024,15.524174696260024,15.297058540778355,13.152946437965905,11.0,8.06225774829855,6.324555320336759,4.47213595499958,2.23606797749979,0.0,3.1622776601683795,5.385164807134504,7.211102550927978,0.0,0.0,0.0,0.0,0.0,0.0,0.0,0.0,0.0,0.0,0.0,3.1622776601683795,1.4142135623730951,1.0,3.1622776601683795,5.0,7.0710678118654755,9.219544457292887,11.661903789690601,14.317821063276353,16.15549442140351,17.46424919657298,17.26267650163207,17.0,17.11724276862369,16.278820596099706,15.524174696260024,13.0,10.770329614269007,8.54400374531753,6.0,5.0,7.0710678118654755,12.041594578792296,17.26267650163207,21.37755832643195,23.345235059857504
1787403485.1202116,-70,0.0,27.073972741361768,25.079872407968907,23.08679276123039,20.09975124224178,17.26267650163207,13.92838827718412,11.40175425099138,10.295630140987,10.198039027185569,11.045361017187261,12.041594578792296,14.035668847618199,14.0,15.033296378372908,15.132745950421556,13.152946437965905,12.36931687685298,9.848857801796104,7.211102550927978,5.656854249492381,3.605551275463989,1.4142135623730951,1.0,3.605551275463989,6.324555320336759,7.615773105863909,0.0,0.0,0.0,0.0,0.0,0.0,0.0,0.0,0.0,0.0,0.0,3.605551275463989,2.23606797749979,1.0,2.23606797749979,4.47213595499958,5.656854249492381,7.810249675906654,10.0,12.529964086141668,14.7648230602334,17.08800749063506,17.72004514666935,17.46424919657298,17.11724276862369,16.0,15.033296378372908,14.142135623730951,11.180339887498949,9.055385138137417,6.082762530298219,5.656854249492381,7.280109889280518,12.0,17.029386365926403,21.095023109728988,24.186773244895647
1787403485.1267786,-70,0.0,25.553864678361276,23.323807579381203,21.95449840010015,19.72308292331602,17.204650534085253,13.45362404707371,11.180339887498949,10.04987562112089,11.180339887498949,12.649110640673518,13.92838827718412,14.866068747318506,14.866068747318506,15.524174696260024,15.524174696260024,15.132745950421556,13.0,10.198039027185569,8.54400374531753,7.211102550927978,5.656854249492381,2.8284271247461903,1.0,4.123105625617661,6.324555320336759,7.615773105863909,0.0,0.0,0.0,0.0,0.0,0.0,0.0,0.0,0.0,0.0,0.0,2.8284271247461903,2.0,1.4142135623730951,2.23606797749979,2.8284271247461903,4.123105625617661,5.0990195135927845,8.54400374531753,10.295630140987,13.038404810405298,15.0,16.278820596099706,15.556349186104045,15.0,14.7648230602334,13.92838827718412,12.649110640673518,10.44030650891055,7.615773105863909,5.656854249492381,6.082762530298219,7.280109889280518,11.704699910719626,17.46424919657298,21.470910553583888,21.95449840010015
1787403485.4447126,-70,0.0,26.476404589747453,25.495097567963924,22.561028345356956,19.235384061671343,15.033296378372908,12.165525060596439,9.433981132056603,8.602325267042627,9.486832980505138,11.180339887498949,12.041594578792296,13.0,15.033296378372908,16.278820596099706,16.492422502470642,14.560219778561036,12.649110640673518,10.770329614269007,8.602325267042627,6.4031242374328485,4.47213595499958,3.0,1.0,4.242640687119285,6.4031242374328485,7.211102550927978,0.0,0.0,0.0,0.0,0.0,0.0,0.0,0.0,0.0,0.0,0.0,2.8284271247461903,2.23606797749979,2.0,3.605551275463989,4.47213595499958,5.385164807134504,7.615773105863909,11.704699910719626,14.866068747318506,16.492422502470642,18.027756377319946,18.027756377319946,18.24828759089466,17.72004514666935,15.524174696260024,13.92838827718412,12.529964086141668,10.770329614269007,10.04987562112089,8.246211251235321,7.810249675906654,9.848857801796104,13.601470508735444,17.46424919657298,20.396078054371138,22.360679774997898
1787403485.4702024,-70,0.0,26.92582403567252,26.92582403567252,24.698178070456937,21.95449840010015,18.027756377319946,14.142135623730951,11.40175425099138,11.40175425099138,12.806248474865697,13.038404810405298,14.7648230602334,16.1245154965971,17.204650534085253,17.804493814764857,17.804493814764857,17.69180601295413,15.620499351813308,12.206555615733702,11.180339887498949,9.486832980505138,7.0710678118654755,4.0,0.0,4.0,7.0710678118654755,8.54400374531753,0.0,0.0,0.0,0.0,0.0,0.0,0.0,0.0,0.0,0.0,0.0,4.123105625617661,3.1622776601683795,1.0,3.0,4.47213595499958,5.385164807134504,8.06225774829855,12.165525060596439,15.033296378372908,17.11724276862369,18.681541692269406,19.924858845171276,19.697715603592208,18.867962264113206,16.97056274847714,16.97056274847714,15.556349186104045,13.45362404707371,9.899494936611665,8.06225774829855,9.848857801796104,10.816653826391969,13.45362404707371,19.209372712298546,23.021728866442675,25.238858928247925
1787403485.4893727,-70,0.0,30.066592756745816,28.160255680657446,25.179356624028344,22.0,18.110770276274835,13.92838827718412,11.40175425099138,10.295630140987,11.045361017187261,12.041594578792296,13.0,14.035668847618199,16.0,17.029386365926403,18.24828759089466,17.46424919657298,15.811388300841896,14.317821063276353,10.816653826391969,7.0710678118654755,5.0,2.23606797749979,1.0,3.605551275463989,6.4031242374328485,7.810249675906654,0.0,0.0,0.0,0.0,0.0,0.0,0.0,0.0,0.0,0.0,0.0,6.082762530298219,3.0,0.0,0.0,3.1622776601683795,7.615773105863909,12.083045973594572,14.317821063276353,16.15549442140351,19.235384061671343,21.095023109728988,21.02379604162864,21.02379604162864,20.024984394500787,19.235384061671343,17.72004514666935,14.560219778561036,12.649110640673518,10.198039027185569,8.246211251235321,8.48528137423857,11.661903789690601,15.231546211727817,20.615528128088304,24.331050121192877,27.294688127912362
1787403485.5083094,-70,0.0,26.92582403567252,25.553864678361276,23.323807579381203,20.591260281974,17.204650534085253,14.212670403551895,11.180339887498949,10.04987562112089,10.198039027185569,11.180339887498949,12.529964086141668,14.317821063276353,16.15549442140351,17.08800749063506,15.524174696260024,13.152946437965905,12.0,11.045361017187261,8.246211251235321,6.708203932499369,5.0,2.8284271247461903,0.0,3.1622776601683795,5.830951894845301,7.0710678118654755,0.0,0.0,0.0,0.0,0.0,0.0,0.0,0.0,0.0,0.0,0.0,4.0,1.0,2.0,3.0,4.123105625617661,6.0,9.848857801796104,12.206555615733702,14.422205101855956,15.811388300841896,16.401219466856727,17.69180601295413,17.804493814764857,17.88854381999832,16.55294535724685,16.15549442140351,15.811388300841896,12.649110640673518,10.295630140987,9.219544457292887,8.06225774829855,10.198039027185569,13.92838827718412,18.788294228055936,22.360679774997898,23.706539182259394
1787403485.7307873,-69,0.0,31.32091952673165,28.160255680657446,26.248809496813376,23.40939982143925,18.439088914585774,15.0,11.704699910719626,12.041594578792296,12.083045973594572,12.165525060596439,14.035668847618199,14.142135623730951,15.524174696260024,16.76305461424021,16.15549442140351,15.652475842498529,12.529964086141668,7.211102550927978,6.4031242374328485,4.242640687119285,1.4142135623730951,1.0,2.23606797749979,6.324555320336759,8.06225774829855,8.0,0.0,0.0,0.0,0.0,0.0,0.0,0.0,0.0,0.0,0.0,0.0,5.385164807134504,1.4142135623730951,2.0,2.23606797749979,3.605551275463989,5.385164807134504,8.06225774829855,11.045361017187261,14.142135623730951,17.029386365926403,18.110770276274835,18.439088914585774,20.615528128088304,21.18962010041709,20.12461179749811,18.35755975068582,17.804493814764857,15.620499351813308,12.206555615733702,8.54400374531753,7.280109889280518,9.899494936611665,13.892443989449804,17.72004514666935,20.8806130178211,23.769728648009426
1787403485.8263664,-69,0.0,27.65863337187866,26.476404589747453,24.515301344262525,22.360679774997898,18.681541692269406,15.264337522473747,12.727922061357855,11.661903789690601,11.180339887498949,12.041594578792296,13.152946437965905,14.035668847618199,14.035668847618199,15.297058540778355,15.811388300841896,16.15549442140351,14.317821063276353,11.661903789690601,9.219544457292887,6.4031242374328485,4.47213595499958,2.23606797749979,1.0,3.1622776601683795,5.0,8.06225774829855,0.0,0.0,0.0,0.0,0.0,0.0,0.0,0.0,0.0,0.0,0.0,2.23606797749979,1.0,2.23606797749979,4.123105625617661,5.0990195135927845,6.082762530298219,8.246211251235321,10.770329614269007,11.661903789690601,13.45362404707371,16.278820596099706,17.204650534085253,17.4928556845359,17.08800749063506,17.46424919657298,17.11724276862369,14.0,12.041594578792296,9.219544457292887,6.708203932499369,7.211102550927978,10.04987562112089,15.132745950421556,19.6468827043885,24.041630560342615,25.632011235952593
1787403485.8741903,-69,0.0,27.784887978899608,26.92582403567252,24.698178070456937,20.808652046684813,17.804493814764857,14.212670403551895,10.770329614269007,10.04987562112089,10.295630140987,12.206555615733702,13.601470508735444,15.264337522473747,16.1245154965971,16.55294535724685,17.08800749063506,15.811388300841896,14.317821063276353,12.165525060596439,9.055385138137417,7.0,5.0,2.0,1.4142135623730951,5.0,7.0710678118654755,8.48528137423857,0.0,0.0,0.0,0.0,0.0,0.0,0.0,0.0,0.0,0.0,0.0,3.1622776601683795,1.4142135623730951,1.0,3.1622776601683795,5.0,7.0,8.246211251235321,10.770329614269007,12.529964086141668,14.422205101855956,16.401219466856727,16.97056274847714,17.804493814764857,18.35755975068582,17.88854381999832,17.08800749063506,15.811388300841896,13.601470508735444,10.770329614269007,7.810249675906654,7.615773105863909,9.055385138137417,13.0,18.35755975068582,23.323807579381203,24.698178070456937
1787403485.8868127,-69,0.0,27.0,26.0,24.020824298928627,21.02379604162864,17.11724276862369,13.601470508735444,10.816653826391969,10.0,10.44030650891055,12.165525060596439,13.152946437965905,14.142135623730951,15.297058540778355,16.492422502470642,16.76305461424021,15.811388300841896,14.317821063276353,12.529964086141668,10.0,7.810249675906654,5.656854249492381,2.8284271247461903,1.4142135623730951,4.0,6.0,7.0,0.0,0.0,0.0,0.0,0.0,0.0,0.0,0.0,0.0,0.0,0.0,1.4142135623730951,0.0,1.0,3.0,4.123105625617661,5.830951894845301,7.810249675906654,9.899494936611665,12.041594578792296,13.601470508735444,14.7648230602334,15.811388300841896,16.278820596099706,16.1245154965971,16.0,15.033296378372908,13.152946437965905,11.045361017187261,9.0,7.615773105863909,7.810249675906654,9.486832980505138,14.142135623730951,19.0,23.0,25.0
1787403485.8905444,-69,0.0,27.202941017470888,26.40075756488817,24.20743687382041,21.400934559032695,17.4928556845359,13.92838827718412,12.041594578792296,10.44030650891055,10.0,10.63014581273465,12.041594578792296,13.45362404707371,15.0,15.811388300841896,16.64331697709324,16.1245154965971,15.231546211727817,13.0,10.44030650891055,7.0,4.123105625617661,1.4142135623730951,0.0,2.23606797749979,4.47213595499958,6.708203932499369,0.0,0.0,0.0,0.0,0.0,0.0,0.0,0.0,0.0,0.0,0.0,4.0,1.4142135623730951,2.8284271247461903,4.242640687119285,5.656854249492381,7.211102550927978,8.54400374531753,11.40175425099138,13.152946437965905,15.0,16.1245154965971,16.492422502470642,16.15549442140351,15.652475842498529,16.64331697709324,16.401219466856727,14.866068747318506,11.40175425099138,9.433981132056603,8.246211251235321,8.06225774829855,10.816653826391969,14.866068747318506,19.209372712298546,23.600847442411894,25.80697580112788
1787403485.8905444,-69,0.0,28.0178514522438,26.627053911388696,24.413111231467404,20.808652046684813,17.0,13.92838827718412,11.0,9.848857801796104,10.63014581273465,11.40175425099138,13.601470508735444,15.0,16.401219466856727,17.029386365926403,17.029386365926403,16.97056274847714,15.620499351813308,13.038404810405298,10.295630140987,7.615773105863909,6.082762530298219,4.123105625617661,1.0,3.605551275463989,5.830951894845301,6.708203932499369,0.0,0.0,0.0,0.0,0.0,0.0,0.0,0.0,0.0,0.0,0.0,2.23606797749979,0.0,1.0,2.23606797749979,4.242640687119285,6.708203932499369,8.246211251235321,10.04987562112089,11.0,13.152946437965905,14.560219778561036,15.231546211727817,15.264337522473747,15.0,14.866068747318506,14.866068747318506,13.601470508735444,11.40175425099138,8.48528137423857,6.324555320336759,7.0710678118654755,9.219544457292887,13.601470508735444,18.027756377319946,22.20360331117452,24.413111231467404
1787403486.345703,-69,0.0,25.80697580112788,24.413111231467404,22.47220505424423,20.591260281974,17.08800749063506,14.317821063276353,12.041594578792296,9.848857801796104,11.313708498984761,12.206555615733702,13.038404810405298,13.601470508735444,15.0,15.620499351813308,15.620499351813308,14.142135623730951,12.206555615733702,11.180339887498949,8.94427190999916,5.0,2.8284271247461903,1.0,3.1622776601683795,5.0990195135927845,7.0710678118654755,8.246211251235321,0.0,0.0,0.0,0.0,0.0,0.0,0.0,0.0,0.0,0.0,0.0,3.0,2.23606797749979,0.0,1.4142135623730951,2.8284271247461903,5.830951894845301,8.06225774829855,10.770329614269007,12.649110640673518,15.297058540778355,16.1245154965971,16.0,15.297058540778355,15.231546211727817,13.892443989449804,13.601470508735444,12.727922061357855,11.40175425099138,9.219544457292887,7.211102550927978,5.0,6.708203932499369,10.63014581273465,14.422205101855956,18.867962264113206,20.591260281974
1787403486.586615,-87,0.0,10.44030650891055,9.219544457292887,8.246211251235321,7.0710678118654755,6.082762530298219,4.0,3.0,3.0,3.1622776601683795,3.1622776601683795,4.47213595499958,5.656854249492381,7.0710678118654755,7.810249675906654,9.219544457292887,9.899494936611665,11.40175425099138,10.816653826391969,11.704699910719626,10.44030650891055,10.198039027185569,9.219544457292887,9.219544457292887,7.615773105863909,7.211102550927978,7.0710678118654755,0.0,0.0,0.0,0.0,0.0,0.0,0.0,0.0,0.0,0.0,0.0,17.804493814764857,17.029386365926403,16.97056274847714,17.029386365926403,16.401219466856727,15.264337522473747,15.264337522473747,14.7648230602334,13.416407864998739,12.083045973594572,10.770329614269007,8.54400374531753,7.615773105863909,6.708203932499369,5.830951894845301,4.242640687119285,3.605551275463989,4.0,5.0990195135927845,6.324555320336759,7.615773105863909,9.433981132056603,9.899494936611665,11.313708498984761,12.041594578792296,14.212670403551895
1787403486.591805,-88,0.0,8.602325267042627,8.602325267042627,7.211102550927978,6.4031242374328485,5.830951894845301,4.47213595499958,4.47213595499958,4.123105625617661,4.47213595499958,4.123105625617661,6.082762530298219,7.280109889280518,7.615773105863909,8.54400374531753,9.848857801796104,8.94427190999916,9.848857801796104,10.295630140987,8.602325267042627,7.810249675906654,5.656854249492381,4.47213595499958,3.1622776601683795,3.1622776601683795,4.47213595499958,4.242640687119285,0.0,0.0,0.0,0.0,0.0,0.0,0.0,0.0,0.0,0.0,0.0,12.083045973594572,12.649110640673518,12.165525060596439,12.0,12.165525060596439,11.704699910719626,12.083045973594572,12.206555615733702,11.313708498984761,10.63014581273465,9.433981132056603,8.94427190999916,7.615773105863909,7.280109889280518,6.082762530298219,5.0990195135927845,4.47213595499958,4.47213595499958,5.0,6.4031242374328485,7.0710678118654755,8.48528137423857,8.48528137423857,9.899494936611665,10.63014581273465,11.40175425099138
1787403486.6862495,-72,0.0,26.40075756488817,24.20743687382041,22.02271554554524,18.439088914585774,15.556349186104045,14.422205101855956,12.649110640673518,11.045361017187261,11.40175425099138,11.704699910719626,11.704699910719626,12.649110640673518,14.317821063276353,14.142135623730951,14.035668847618199,13.0,12.165525060596439,10.44030650891055,8.06225774829855,6.4031242374328485,4.242640687119285,2.23606797749979,1.0,3.605551275463989,5.830951894845301,8.06225774829855,0.0,0.0,0.0,0.0,0.0,0.0,0.0,0.0,0.0,0.0,0.0,2.8284271247461903,2.23606797749979,2.23606797749979,3.605551275463989,4.47213595499958,6.082762530298219,9.055385138137417,12.0,15.132745950421556,17.46424919657298,18.681541692269406,19.313207915827967,19.235384061671343,18.027756377319946,17.804493814764857,16.97056274847714,14.866068747318506,12.727922061357855,11.40175425099138,8.94427190999916,9.055385138137417,10.44030650891055,13.892443989449804,17.204650534085253,20.615528128088304,22.80350850198276
1787403486.9579432,-70,0.0,23.259406699226016,24.166091947189145,25.079872407968907,23.769728648009426,21.840329667841555,20.396078054371138,18.439088914585774,16.492422502470642,16.278820596099706,14.560219778561036,12.649110640673518,11.180339887498949,10.816653826391969,11.40175425099138,10.0,10.0,9.219544457292887,8.602325267042627,7.810249675906654,7.0710678118654755,8.06225774829855,9.433981132056603,9.219544457292887,7.810249675906654,7.0710678118654755,6.4031242374328485,0.0,0.0,0.0,0.0,0.0,0.0,0.0,0.0,0.0,0.0,0.0,5.0,4.242640687119285,5.0990195135927845,6.082762530298219,6.0,6.0,7.0710678118654755,8.246211251235321,8.246211251235321,8.246211251235321,9.219544457292887,10.198039027185569,11.40175425099138,12.36931687685298,11.704699910719626,11.704699910719626,11.40175425099138,12.649110640673518,14.317821063276353,13.892443989449804,14.422205101855956,17.4928556845359,19.72308292331602,22.825424421026653,23.706539182259394,22.360679774997898
1787403487.069096,-70,0.0,27.65863337187866,27.65863337187866,25.495097567963924,22.627416997969522,19.209372712298546,14.7648230602334,12.165525060596439,10.198039027185569,9.433981132056603,9.899494936611665,10.63014581273465,11.313708498984761,12.806248474865697,13.038404810405298,13.416407864998739,13.0,12.36931687685298,11.0,11.180339887498949,9.219544457292887,7.280109889280518,4.47213595499958,2.23606797749979,1.4142135623730951,3.0,4.123105625617661,0.0,0.0,0.0,0.0,0.0,0.0,0.0,0.0,0.0,0.0,0.0,2.0,1.0,2.8284271247461903,3.605551275463989,5.385164807134504,7.0710678118654755,8.06225774829855,9.486832980505138,11.661903789690601,13.601470508735444,15.620499351813308,15.556349186104045,16.401219466856727,16.64331697709324,15.652475842498529,14.866068747318506,13.601470508735444,11.40175425099138,9.486832980505138,6.4031242374328485,6.082762530298219,8.54400374531753,13.038404810405298,17.804493814764857,21.2602916254693,24.08318915758459
1787403487.452617,-68,0.0,25.495097567963924,24.08318915758459,22.02271554554524,19.209372712298546,17.204650534085253,13.416407864998739,10.198039027185569,9.055385138137417,8.94427190999916,8.48528137423857,10.63014581273465,12.041594578792296,13.45362404707371,13.45362404707371,12.806248474865697,12.206555615733702,11.661903789690601,9.433981132056603,7.615773105863909,7.280109889280518,5.385164807134504,3.1622776601683795,1.4142135623730951,2.23606797749979,5.385164807134504,7.280109889280518,0.0,0.0,0.0,0.0,0.0,0.0,0.0,0.0,0.0,0.0,0.0,4.47213595499958,2.0,1.0,2.0,3.0,7.0,9.486832980505138,10.816653826391969,12.806248474865697,14.866068747318506,16.97056274847714,17.804493814764857,18.867962264113206,18.788294228055936,18.027756377319946,16.76305461424021,15.524174696260024,12.36931687685298,10.44030650891055,7.211102550927978,5.385164807134504,6.708203932499369,10.0,15.556349186104045,20.518284528683193,22.67156809750927
1787403487.5700502,-68,0.0,21.540659228538015,21.540659228538015,20.615528128088304,21.02379604162864,20.615528128088304,19.313207915827967,18.027756377319946,16.76305461424021,15.811388300841896,14.866068747318506,14.866068747318506,13.92838827718412,14.317821063276353,13.416407864998739,13.0,12.083045973594572,12.083045973594572,11.180339887498949,11.180339887498949,10.295630140987,11.180339887498949,11.180339887498949,9.848857801796104,9.848857801796104,8.54400374531753,8.54400374531753,0.0,0.0,0.0,0.0,0.0,0.0,0.0,0.0,0.0,0.0,0.0,6.082762530298219,6.082762530298219,6.0,6.0,6.082762530298219,6.324555320336759,7.280109889280518,7.615773105863909,8.54400374531753,8.54400374531753,9.486832980505138,9.486832980505138,9.848857801796104,9.848857801796104,11.180339887498949,12.083045973594572,12.529964086141668,12.529964086141668,13.892443989449804,15.264337522473747,16.64331697709324,17.4928556845359,18.35755975068582,19.235384061671343,20.12461179749811,20.12461179749811
1787403487.6440759,-67,0.0,20.024984394500787,20.024984394500787,19.026297590440446,17.029386365926403,14.0,10.198039027185569,8.06225774829855,6.4031242374328485,6.708203932499369,6.082762530298219,8.0,9.055385138137417,10.0,11.045361017187261,11.045361017187261,10.44030650891055,9.486832980505138,7.615773105863909,4.242640687119285,3.0,2.23606797749979,5.656854249492381,7.0710678118654755,6.0,1.4142135623730951,16.1245154965971,0.0,0.0,0.0,0.0,0.0,0.0,0.0,0.0,0.0,0.0,0.0,2.23606797749979,1.4142135623730951,0.0,2.23606797749979,3.605551275463989,5.656854249492381,6.4031242374328485,8.06225774829855,10.295630140987,11.704699910719626,13.341664064126334,14.035668847618199,15.0,14.142135623730951,14.317821063276353,13.341664064126334,11.40175425099138,9.486832980505138,7.280109889280518,6.082762530298219,4.123105625617661,5.0,8.246211251235321,12.041594578792296,15.033296378372908,17.0
1787403487.675401,-68,0.0,27.294688127912362,26.419689627245813,24.186773244895647,21.470910553583888,18.027756377319946,14.142135623730951,10.295630140987,9.055385138137417,9.486832980505138,10.816653826391969,11.40175425099138,12.806248474865697,14.212670403551895,15.811388300841896,14.422205101855956,13.892443989449804,13.0,12.649110640673518,10.198039027185569,8.0,7.0,5.0,1.0,2.23606797749979,4.47213595499958,6.708203932499369,0.0,0.0,0.0,0.0,0.0,0.0,0.0,0.0,0.0,0.0,0.0,2.0,1.0,1.4142135623730951,3.0,4.123105625617661,5.385164807134504,7.211102550927978,9.219544457292887,11.661903789690601,14.7648230602334,17.08800749063506,16.76305461424021,16.278820596099706,17.029386365926403,17.029386365926403,16.1245154965971,14.142135623730951,12.165525060596439,9.055385138137417,7.0710678118654755,5.0,7.0,11.704699910719626,16.55294535724685,21.470910553583888,23.706539182259394
1787403487.675401,-68,0.0,26.832815729997478,25.059928172283335,24.186773244895647,20.591260281974,17.46424919657298,13.341664064126334,11.045361017187261,9.486832980505138,7.810249675906654,8.06225774829855,9.848857801796104,11.180339887498949,12.083045973594572,13.0,13.0,12.529964086141668,12.806248474865697,11.313708498984761,8.602325267042627,6.708203932499369,6.082762530298219,5.0,2.0,1.4142135623730951,4.47213595499958,6.324555320336759,0.0,0.0,0.0,0.0,0.0,0.0,0.0,0.0,0.0,0.0,0.0,1.0,1.0,2.8284271247461903,4.242640687119285,4.47213595499958,6.324555320336759,8.06225774829855,10.04987562112089,12.36931687685298,13.601470508735444,13.92838827718412,14.7648230602334,15.811388300841896,16.278820596099706,16.278820596099706,15.0,13.038404810405298,11.40175425099138,9.899494936611665,6.4031242374328485,6.082762530298219,9.433981132056603,12.727922061357855,16.64331697709324,19.72308292331602,22.360679774997898
1787403487.675401,-68,0.0,29.410882339705484,28.0178514522438,25.80697580112788,23.600847442411894,20.615528128088304,16.97056274847714,13.038404810405298,10.44030650891055,9.055385138137417,11.180339887498949,12.529964086141668,13.892443989449804,15.264337522473747,16.1245154965971,17.0,16.15549442140351,14.560219778561036,13.152946437965905,11.0,10.04987562112089,7.280109889280518,5.385164807134504,3.1622776601683795,1.0,3.1622776601683795,5.385164807134504,0.0,0.0,0.0,0.0,0.0,0.0,0.0,0.0,0.0,0.0,0.0,0.0,1.4142135623730951,2.23606797749979,3.605551275463989,6.082762530298219,7.0710678118654755,9.219544457292887,10.44030650891055,12.529964086141668,14.422205101855956,17.029386365926403,17.69180601295413,17.204650534085253,17.4928556845359,16.55294535724685,15.811388300841896,14.560219778561036,13.601470508735444,10.770329614269007,7.810249675906654,7.615773105863909,9.055385138137417,13.416407864998739,19.4164878389476,22.80350850198276,25.612496949731394
1787403487.8199594,-69,0.0,26.30589287593181,25.317977802344327,23.345235059857504,20.396078054371138,16.492422502470642,13.416407864998739,10.63014581273465,8.94427190999916,9.0,11.180339887498949,12.36931687685298,13.341664064126334,15.297058540778355,16.278820596099706,17.26267650163207,16.0312195418814,15.0,14.035668847618199,12.36931687685298,10.44030650891055,8.54400374531753,5.0990195135927845,2.0,2.23606797749979,5.0,7.0710678118654755,0.0,0.0,0.0,0.0,0.0,0.0,0.0,0.0,0.0,0.0,0.0,2.0,0.0,2.23606797749979,3.0,4.47213595499958,5.656854249492381,7.211102550927978,8.94427190999916,11.40175425099138,14.317821063276353,16.1245154965971,17.0,17.11724276862369,16.492422502470642,16.76305461424021,16.15549442140351,14.317821063276353,12.529964086141668,9.848857801796104,7.0710678118654755,5.385164807134504,7.615773105863909,11.045361017187261,16.0312195418814,20.223748416156685,23.194827009486403
1787403487.8367093,-68,0.0,27.459060435491963,26.076809620810597,24.698178070456937,21.633307652783937,18.601075237738275,14.866068747318506,11.661903789690601,9.055385138137417,9.486832980505138,10.816653826391969,12.806248474865697,14.212670403551895,15.620499351813308,16.401219466856727,16.401219466856727,15.811388300841896,14.7648230602334,13.0,10.44030650891055,9.0,7.0710678118654755,4.123105625617661,1.0,3.605551275463989,6.324555320336759,9.219544457292887,0.0,0.0,0.0,0.0,0.0,0.0,0.0,0.0,0.0,0.0,0.0,1.0,2.0,3.1622776601683795,5.0990195135927845,6.0,7.280109889280518,8.06225774829855,10.63014581273465,12.727922061357855,15.620499351813308,18.027756377319946,19.235384061671343,19.313207915827967,18.681541692269406,18.439088914585774,18.24828759089466,17.11724276862369,15.132745950421556,12.165525060596439,8.54400374531753,6.4031242374328485,8.06225774829855,11.704699910719626,17.0,21.095023109728988,23.323807579381203
1787403487.995298,-70,0.0,21.02379604162864,21.02379604162864,21.02379604162864,20.12461179749811,20.591260281974,20.591260281974,18.867962264113206,18.027756377319946,16.64331697709324,15.264337522473747,13.416407864998739,13.0,13.0,13.0,12.529964086141668,12.529964086141668,12.083045973594572,11.704699910719626,10.44030650891055,10.44030650891055,10.44030650891055,10.44030650891055,10.44030650891055,10.44030650891055,9.848857801796104,9.848857801796104,0.0,0.0,0.0,0.0,0.0,0.0,0.0,0.0,0.0,0.0,0.0,6.0,5.0,4.47213595499958,4.47213595499958,4.242640687119285,5.656854249492381,6.4031242374328485,7.211102550927978,7.211102550927978,8.06225774829855,8.06225774829855,8.94427190999916,10.295630140987,11.180339887498949,11.704699910719626,12.083045973594572,13.0,13.416407864998739,14.317821063276353,15.811388300841896,16.76305461424021,16.76305461424021,18.027756377319946,20.248456731316587,20.615528128088304,20.615528128088304
1787403488.1845567,-69,0.0,19.4164878389476,19.4164878389476,18.439088914585774,18.439088914585774,17.46424919657298,17.46424919657298,16.492422502470642,14.560219778561036,13.601470508735444,12.36931687685298,11.180339887498949,11.045361017187261,11.0,11.0,10.0,10.0,10.0,10.0,9.0,9.055385138137417,10.04987562112089,10.04987562112089,10.04987562112089,10.0,10.0,9.055385138137417,0.0,0.0,0.0,0.0,0.0,0.0,0.0,0.0,0.0,0.0,0.0,4.0,3.1622776601683795,2.23606797749979,2.23606797749979,3.1622776601683795,4.123105625617661,5.0990195135927845,6.0,7.0710678118654755,8.06225774829855,9.055385138137417,9.055385138137417,9.055385138137417,10.04987562112089,10.04987562112089,11.045361017187261,12.041594578792296,12.041594578792296,13.0,14.0,15.0,16.0,17.029386365926403,18.110770276274835,18.110770276274835,19.1049731745428
1787403488.3961916,-69,0.0,23.323807579381203,21.095023109728988,21.095023109728988,21.095023109728988,21.095023109728988,20.248456731316587,18.601075237738275,17.204650534085253,15.811388300841896,14.422205101855956,13.892443989449804,13.892443989449804,13.416407864998739,13.416407864998739,13.416407864998739,13.0,12.083045973594572,10.295630140987,10.295630140987,9.848857801796104,10.770329614269007,10.770329614269007,10.295630140987,10.295630140987,9.433981132056603,8.602325267042627,0.0,0.0,0.0,0.0,0.0,0.0,0.0,0.0,0.0,0.0,0.0,6.324555320336759,6.324555320336759,5.0990195135927845,4.0,4.123105625617661,3.605551275463989,4.47213595499958,5.0,5.0,5.830951894845301,6.708203932499369,7.615773105863909,8.94427190999916,9.848857801796104,10.44030650891055,11.40175425099138,11.40175425099138,12.649110640673518,13.92838827718412,13.92838827718412,16.15549442140351,17.08800749063506,18.384776310850235,20.12461179749811,22.360679774997898,22.847319317591726
1787403488.3961916,-69,0.0,22.02271554554524,22.02271554554524,23.430749027719962,22.67156809750927,21.2602916254693,20.518284528683193,20.518284528683193,17.69180601295413,16.278820596099706,15.620499351813308,14.866068747318506,14.142135623730951,13.45362404707371,13.45362404707371,13.45362404707371,13.45362404707371,12.806248474865697,12.206555615733702,12.206555615733702,12.206555615733702,12.206555615733702,12.206555615733702,11.40175425099138,10.63014581273465,9.899494936611665,9.899494936611665,0.0,0.0,0.0,0.0,0.0,0.0,0.0,0.0,0.0,0.0,0.0,5.385164807134504,4.47213595499958,4.123105625617661,4.0,4.123105625617661,3.605551275463989,3.605551275463989,4.47213595499958,6.4031242374328485,7.0710678118654755,7.0710678118654755,8.48528137423857,10.0,10.0,11.313708498984761,13.45362404707371,12.806248474865697,13.601470508735444,15.0,16.401219466856727,17.4928556845359,18.35755975068582,19.72308292331602,21.633307652783937,22.80350850198276,23.600847442411894
1787403488.4080875,-69,0.0,25.0,24.041630560342615,22.135943621178654,19.924858845171276,16.492422502470642,13.038404810405298,10.198039027185569,8.602325267042627,8.06225774829855,9.486832980505138,11.40175425099138,12.36931687685298,13.92838827718412,16.15549442140351,15.652475842498529,14.7648230602334,14.422205101855956,12.806248474865697,9.899494936611665,7.810249675906654,5.656854249492381,2.8284271247461903,1.4142135623730951,4.123105625617661,7.280109889280518,9.219544457292887,0.0,0.0,0.0,0.0,0.0,0.0,0.0,0.0,0.0,0.0,0.0,3.0,2.8284271247461903,3.1622776601683795,3.1622776601683795,5.0,5.830951894845301,7.280109889280518,8.246211251235321,11.045361017187261,13.038404810405298,15.524174696260024,17.08800749063506,16.55294535724685,16.64331697709324,16.401219466856727,15.620499351813308,14.866068747318506,13.45362404707371,11.40175425099138,8.94427190999916,7.0,8.06225774829855,11.40175425099138,16.55294535724685,20.248456731316587,22.47220505424423
1787403488.5989444,-70,0.0,27.018512172212592,27.018512172212592,24.20743687382041,20.808652046684813,17.0,13.601470508735444,11.0,9.848857801796104,9.899494936611665,11.661903789690601,13.038404810405298,13.601470508735444,15.264337522473747,17.204650534085253,17.204650534085253,16.401219466856727,15.556349186104045,14.212670403551895,12.529964086141668,10.770329614269007,7.280109889280518,4.123105625617661,1.4142135623730951,3.0,6.324555320336759,8.54400374531753,0.0,0.0,0.0,0.0,0.0,0.0,0.0,0.0,0.0,0.0,0.0,3.605551275463989,3.0,4.47213595499958,5.385164807134504,6.082762530298219,8.0,9.055385138137417,10.198039027185569,12.36931687685298,14.866068747318506,16.1245154965971,16.401219466856727,16.278820596099706,15.620499351813308,15.264337522473747,14.317821063276353,13.0,9.848857801796104,8.06225774829855,6.4031242374328485,6.0,8.06225774829855,12.727922061357855,17.69180601295413,22.02271554554524,22.80350850198276
1787403489.2529318,-71,0.0,25.632011235952593,23.40939982143925,21.18962010041709,17.72004514666935,14.317821063276353,11.045361017187261,8.246211251235321,7.810249675906654,8.602325267042627,9.848857801796104,11.180339887498949,12.529964086141668,14.422205101855956,16.401219466856727,17.69180601295413,17.69180601295413,17.029386365926403,15.0,13.892443989449804,11.661903789690601,8.06225774829855,5.0,2.0,3.0,5.0,7.0,0.0,0.0,0.0,0.0,0.0,0.0,0.0,0.0,0.0,0.0,0.0,1.0,1.0,2.0,2.23606797749979,3.605551275463989,5.0,7.615773105863909,10.44030650891055,12.165525060596439,14.035668847618199,16.0,16.0312195418814,16.278820596099706,15.524174696260024,16.15549442140351,14.317821063276353,12.529964086141668,11.180339887498949,9.848857801796104,8.06225774829855,7.615773105863909,9.899494936611665,13.892443989449804,17.46424919657298,20.248456731316587,22.135943621178654
1787403490.2246082,-70,0.0,25.0,25.0,23.0,22.02271554554524,19.1049731745428,15.524174696260024,12.529964086141668,10.63014581273465,9.848857801796104,10.198039027185569,11.045361017187261,13.152946437965905,15.132745950421556,16.1245154965971,16.1245154965971,14.317821063276353,12.36931687685298,10.770329614269007,8.06225774829855,5.830951894845301,2.8284271247461903,1.0,2.23606797749979,4.242640687119285,6.4031242374328485,8.602325267042627,0.0,0.0,0.0,0.0,0.0,0.0,0.0,0.0,0.0,0.0,0.0,1.0,1.0,2.0,3.0,4.123105625617661,5.830951894845301,8.48528137423857,10.63014581273465,13.038404810405298,15.231546211727817,17.08800749063506,17.72004514666935,17.26267650163207,17.029386365926403,16.0312195418814,16.278820596099706,14.317821063276353,11.40175425099138,10.198039027185569,7.0,5.830951894845301,7.615773105863909,11.045361017187261,15.0,19.1049731745428,21.095023109728988
1787403491.1476429,-70,0.0,25.495097567963924,24.166091947189145,22.360679774997898,18.788294228055936,16.76305461424021,14.035668847618199,11.704699910719626,10.63014581273465,11.661903789690601,13.92838827718412,15.811388300841896,17.08800749063506,18.384776310850235,19.235384061671343,19.4164878389476,19.209372712298546,17.69180601295413,16.401219466856727,15.264337522473747,13.416407864998739,9.848857801796104,5.385164807134504,1.4142135623730951,2.23606797749979,4.47213595499958,7.615773105863909,0.0,0.0,0.0,0.0,0.0,0.0,0.0,0.0,0.0,0.0,0.0,2.23606797749979,1.0,0.0,1.4142135623730951,3.0,6.082762530298219,9.486832980505138,11.704699910719626,15.231546211727817,17.88854381999832,20.591260281974,20.591260281974,20.248456731316587,20.0,18.439088914585774,17.69180601295413,15.556349186104045,12.727922061357855,10.0,7.280109889280518,8.54400374531753,11.313708498984761,14.422205101855956,18.35755975068582,21.93171219946131,22.847319317591726
1787403491.1796055,-72,0.0,26.076809620810597,25.079872407968907,24.186773244895647,21.213203435596427,17.46424919657298,13.416407864998739,10.63014581273465,9.219544457292887,11.045361017187261,12.649110640673518,13.0,14.866068747318506,16.492422502470642,16.278820596099706,16.0312195418814,16.0312195418814,15.297058540778355,13.601470508735444,12.529964086141668,11.40175425099138,8.48528137423857,5.0,2.23606797749979,3.0,6.324555320336759,8.94427190999916,0.0,0.0,0.0,0.0,0.0,0.0,0.0,0.0,0.0,0.0,0.0,4.123105625617661,1.4142135623730951,1.4142135623730951,1.4142135623730951,3.1622776601683795,6.324555320336759,10.198039027185569,13.152946437965905,17.11724276862369,19.1049731745428,21.095023109728988,22.0,22.02271554554524,21.213203435596427,20.396078054371138,18.439088914585774,16.492422502470642,13.341664064126334,11.045361017187261,8.06225774829855,7.211102550927978,8.06225774829855,12.041594578792296,18.027756377319946,21.213203435596427,23.08679276123039
1787403491.7202635,-87,0.0,6.708203932499369,7.615773105863909,7.211102550927978,7.810249675906654,8.06225774829855,8.246211251235321,7.0,7.0710678118654755,7.615773105863909,7.211102550927978,8.48528137423857,7.810249675906654,7.810249675906654,6.4031242374328485,5.656854249492381,5.0,5.385164807134504,5.385164807134504,5.385164807134504,6.082762530298219,6.082762530298219,6.708203932499369,7.211102550927978,8.602325267042627,8.48528137423857,9.219544457292887,0.0,0.0,0.0,0.0,0.0,0.0,0.0,0.0,0.0,0.0,0.0,13.0,14.317821063276353,15.264337522473747,15.264337522473747,16.1245154965971,15.264337522473747,14.422205101855956,13.038404810405298,12.206555615733702,10.0,7.0710678118654755,5.0,3.605551275463989,2.8284271247461903,3.605551275463989,3.1622776601683795,3.0,4.123105625617661,5.385164807134504,6.708203932499369,8.06225774829855,9.433981132056603,10.0,10.63014581273465,11.40175425099138,11.40175425099138
1787403491.869772,-85,0.0,21.095023109728988,21.02379604162864,21.02379604162864,21.0,20.024984394500787,18.110770276274835,17.26267650163207,17.26267650163207,15.524174696260024,13.92838827718412,13.0,11.704699910719626,10.295630140987,9.848857801796104,9.486832980505138,8.246211251235321,8.246211251235321,8.246211251235321,8.06225774829855,7.0,7.0710678118654755,7.0710678118654755,6.082762530298219,6.324555320336759,5.830951894845301,5.830951894845301,0.0,0.0,0.0,0.0,0.0,0.0,0.0,0.0,0.0,0.0,0.0,2.8284271247461903,2.8284271247461903,3.605551275463989,2.8284271247461903,2.8284271247461903,2.23606797749979,2.8284271247461903,2.8284271247461903,2.23606797749979,3.1622776601683795,3.1622776601683795,4.0,5.0,5.0,6.0,6.082762530298219,7.280109889280518,7.280109889280518,7.615773105863909,9.486832980505138,10.295630140987,11.180339887498949,13.0,13.92838827718412,14.866068747318506,14.866068747318506
1787403491.9917378,-72,0.0,26.90724809414742,25.495097567963924,22.67156809750927,19.1049731745428,16.278820596099706,12.529964086141668,9.055385138137417,8.06225774829855,9.433981132056603,10.770329614269007,12.083045973594572,14.7648230602334,16.64331697709324,17.204650534085253,17.029386365926403,16.278820596099706,14.866068747318506,13.038404810405298,11.180339887498949,8.54400374531753,5.385164807134504,2.23606797749979,1.0,4.123105625617661,8.06225774829855,10.04987562112089,0.0,0.0,0.0,0.0,0.0,0.0,0.0,0.0,0.0,0.0,0.0,2.23606797749979,1.0,1.4142135623730951,2.23606797749979,4.0,6.324555320336759,8.94427190999916,12.206555615733702,15.0,17.029386365926403,18.439088914585774,18.384776310850235,17.804493814764857,16.64331697709324,16.1245154965971,14.7648230602334,13.0,10.770329614269007,8.54400374531753,7.0710678118654755,7.0710678118654755,9.848857801796104,14.422205101855956,19.209372712298546,22.67156809750927,24.758836806279895
1787403492.1825116,-70,0.0,23.259406699226016,24.596747752497688,22.360679774997898,20.591260281974,17.204650534085253,12.041594578792296,9.486832980505138,10.0,10.770329614269007,11.40175425099138,13.45362404707371,13.45362404707371,14.212670403551895,15.811388300841896,16.1245154965971,15.652475842498529,16.15549442140351,14.560219778561036,13.152946437965905,11.0,7.0,3.1622776601683795,2.0,3.0,6.0,8.06225774829855,0.0,0.0,0.0,0.0,0.0,0.0,0.0,0.0,0.0,0.0,0.0,3.0,1.0,1.4142135623730951,3.1622776601683795,4.123105625617661,5.0990195135927845,7.211102550927978,9.899494936611665,12.041594578792296,13.45362404707371,14.422205101855956,15.264337522473747,15.231546211727817,14.317821063276353,15.033296378372908,15.0,13.152946437965905,11.180339887498949,9.219544457292887,7.0,6.4031242374328485,8.06225774829855,11.40175425099138,16.15549442140351,18.788294228055936,21.02379604162864
1787403492.5801506,-70,0.0,18.027756377319946,18.35755975068582,17.88854381999832,17.4928556845359,16.64331697709324,17.4928556845359,16.64331697709324,14.422205101855956,12.806248474865697,12.806248474865697,13.038404810405298,13.038404810405298,12.529964086141668,11.661903789690601,11.661903789690601,10.816653826391969,8.602325267042627,8.602325267042627,8.06225774829855,7.211102550927978,6.4031242374328485,6.4031242374328485,8.06225774829855,7.211102550927978,7.0710678118654755,7.0710678118654755,0.0,0.0,0.0,0.0,0.0,0.0,0.0,0.0,0.0,0.0,0.0,4.47213595499958,3.605551275463989,3.605551275463989,5.0,5.385164807134504,6.324555320336759,7.280109889280518,7.615773105863909,8.06225774829855,9.433981132056603,10.295630140987,10.816653826391969,10.295630140987,10.295630140987,11.180339887498949,12.083045973594572,11.704699910719626,11.40175425099138,12.36931687685298,13.601470508735444,15.811388300841896,16.76305461424021,17.46424919657298,18.788294228055936,18.788294228055936,18.788294228055936
1787403492.993847,-70,0.0,20.591260281974,20.248456731316587,20.0,21.400934559032695,20.808652046684813,20.0,18.439088914585774,17.69180601295413,16.278820596099706,14.866068747318506,13.45362404707371,12.041594578792296,12.041594578792296,11.40175425099138,10.295630140987,9.433981132056603,9.433981132056603,8.94427190999916,8.06225774829855,7.615773105863909,7.280109889280518,7.615773105863909,7.615773105863909,7.280109889280518,6.082762530298219,6.082762530298219,0.0,0.0,0.0,0.0,0.0,0.0,0.0,0.0,0.0,0.0,0.0,7.0,7.0,6.082762530298219,7.280109889280518,7.615773105863909,7.211102550927978,7.810249675906654,8.06225774829855,8.54400374531753,8.06225774829855,8.06225774829855,8.54400374531753,9.848857801796104,10.0,11.313708498984761,11.313708498984761,12.041594578792296,12.806248474865697,12.806248474865697,13.601470508735444,15.264337522473747,16.1245154965971,17.4928556845359,18.027756377319946,18.601075237738275,18.601075237738275
1787403493.0097897,-85,0.0,9.848857801796104,10.295630140987,10.816653826391969,11.40175425099138,11.40175425099138,11.40175425099138,11.661903789690601,10.295630140987,8.54400374531753,8.246211251235321,7.0,6.324555320336759,7.211102550927978,7.211102550927978,7.0710678118654755,5.656854249492381,6.4031242374328485,7.211102550927978,7.615773105863909,8.54400374531753,9.055385138137417,9.055385138137417,9.219544457292887,10.198039027185569,10.44030650891055,10.44030650891055,0.0,0.0,0.0,0.0,0.0,0.0,0.0,0.0,0.0,0.0,0.0,12.727922061357855,12.806248474865697,13.892443989449804,14.7648230602334,15.231546211727817,15.811388300841896,17.46424919657298,16.278820596099706,17.11724276862369,16.1245154965971,16.1245154965971,15.132745950421556,13.152946437965905,11.045361017187261,9.219544457292887,8.54400374531753,7.211102550927978,5.656854249492381,4.47213595499958,5.0990195135927845,6.082762530298219,6.324555320336759,8.54400374531753,9.433981132056603,10.0,10.0
1787403493.205513,-69,0.0,29.068883707497267,29.068883707497267,27.65863337187866,24.839484696748443,20.808652046684813,17.0,13.601470508735444,10.0,8.54400374531753,8.48528137423857,10.0,11.661903789690601,13.038404810405298,13.601470508735444,14.212670403551895,14.212670403551895,12.727922061357855,12.041594578792296,10.0,8.06225774829855,6.4031242374328485,4.242640687119285,2.23606797749979,2.23606797749979,5.0,7.0,0.0,0.0,0.0,0.0,0.0,0.0,0.0,0.0,0.0,0.0,0.0,5.0990195135927845,3.0,1.4142135623730951,2.23606797749979,5.0990195135927845,7.280109889280518,10.44030650891055,13.0,15.652475842498529,17.4928556845359,18.601075237738275,19.1049731745428,19.1049731745428,18.601075237738275,17.4928556845359,15.652475842498529,13.92838827718412,11.40175425099138,8.54400374531753,5.0,5.0,8.06225774829855,12.041594578792296,17.029386365926403,22.02271554554524,24.20743687382041
1787403493.3055232,-69,0.0,21.095023109728988,21.633307652783937,21.633307652783937,20.808652046684813,20.0,19.849433241279208,19.1049731745428,17.69180601295413,16.278820596099706,14.866068747318506,13.45362404707371,12.041594578792296,12.041594578792296,11.40175425099138,10.816653826391969,10.816653826391969,10.816653826391969,10.295630140987,8.94427190999916,8.94427190999916,8.94427190999916,8.94427190999916,8.94427190999916,8.602325267042627,7.211102550927978,7.211102550927978,0.0,0.0,0.0,0.0,0.0,0.0,0.0,0.0,0.0,0.0,0.0,8.06225774829855,8.06225774829855,7.211102550927978,6.4031242374328485,7.0710678118654755,8.48528137423857,8.48528137423857,8.48528137423857,9.899494936611665,10.63014581273465,10.63014581273465,10.63014581273465,11.40175425099138,11.40175425099138,11.40175425099138,12.206555615733702,13.038404810405298,13.892443989449804,14.422205101855956,15.264337522473747,16.1245154965971,17.0,18.35755975068582,18.867962264113206,19.72308292331602,20.591260281974
1787403493.4079344,-70,0.0,18.681541692269406,18.973665961010276,20.248456731316587,19.313207915827967,18.384776310850235,17.88854381999832,18.35755975068582,17.4928556845359,15.0,12.206555615733702,11.180339887498949,9.486832980505138,9.486832980505138,10.44030650891055,10.44030650891055,9.486832980505138,8.246211251235321,8.246211251235321,8.06225774829855,8.0,9.0,9.055385138137417,9.219544457292887,8.246211251235321,8.06225774829855,7.0710678118654755,0.0,0.0,0.0,0.0,0.0,0.0,0.0,0.0,0.0,0.0,0.0,6.708203932499369,6.708203932499369,6.708203932499369,6.4031242374328485,7.0710678118654755,7.0710678118654755,7.810249675906654,7.810249675906654,7.810249675906654,10.0,10.0,9.433981132056603,9.433981132056603,9.848857801796104,10.770329614269007,11.704699910719626,11.704699910719626,10.770329614269007,12.649110640673518,13.601470508735444,14.560219778561036,15.524174696260024,17.72004514666935,18.973665961010276,18.973665961010276,17.72004514666935
1787403493.5058799,-68,0.0,19.4164878389476,20.223748416156685,19.1049731745428,16.0312195418814,16.0312195418814,16.1245154965971,14.035668847618199,14.0,15.0,11.045361017187261,12.0,14.035668847618199,12.0,7.615773105863909,5.385164807134504,7.0,8.54400374531753,9.899494936611665,8.48528137423857,6.324555320336759,7.810249675906654,8.602325267042627,7.0710678118654755,6.0,5.0,3.0,0.0,0.0,0.0,0.0,0.0,0.0,0.0,0.0,0.0,0.0,0.0,6.324555320336759,6.082762530298219,6.082762530298219,6.082762530298219,6.0,6.0,7.0,7.0,7.0710678118654755,8.06225774829855,8.06225774829855,9.055385138137417,9.055385138137417,10.04987562112089,10.198039027185569,10.198039027185569,11.180339887498949,11.40175425099138,12.36931687685298,12.36931687685298,13.152946437965905,13.341664064126334,14.560219778561036,14.317821063276353,16.278820596099706,16.492422502470642
1787403494.220694,-69,0.0,19.026297590440446,19.026297590440446,19.026297590440446,18.027756377319946,18.110770276274835,18.24828759089466,17.26267650163207,16.492422502470642,14.560219778561036,13.341664064126334,11.180339887498949,10.04987562112089,10.04987562112089,11.045361017187261,11.045361017187261,11.045361017187261,11.045361017187261,9.055385138137417,9.0,10.0,11.0,10.04987562112089,10.04987562112089,9.219544457292887,8.246211251235321,8.246211251235321,0.0,0.0,0.0,0.0,0.0,0.0,0.0,0.0,0.0,0.0,0.0,5.656854249492381,6.4031242374328485,5.830951894845301,5.385164807134504,6.324555320336759,6.708203932499369,7.615773105863909,8.246211251235321,8.06225774829855,8.06225774829855,9.055385138137417,10.04987562112089,10.198039027185569,10.198039027185569,10.04987562112089,11.045361017187261,12.0,12.0,12.0,13.0,15.0,16.0312195418814,17.029386365926403,18.027756377319946,18.027756377319946,19.0
1787403494.2367103,-69,0.0,19.235384061671343,20.12461179749811,21.02379604162864,20.12461179749811,18.788294228055936,19.313207915827967,17.72004514666935,16.76305461424021,14.866068747318506,13.0,12.083045973594572,11.661903789690601,11.661903789690601,11.661903789690601,11.661903789690601,10.816653826391969,10.295630140987,10.816653826391969,10.816653826391969,10.816653826391969,10.816653826391969,10.295630140987,9.848857801796104,9.486832980505138,8.54400374531753,7.615773105863909,0.0,0.0,0.0,0.0,0.0,0.0,0.0,0.0,0.0,0.0,0.0,7.0710678118654755,5.0,5.385164807134504,6.324555320336759,6.324555320336759,6.708203932499369,7.615773105863909,7.615773105863909,8.94427190999916,8.94427190999916,9.848857801796104,10.770329614269007,10.770329614269007,10.770329614269007,10.770329614269007,10.770329614269007,10.295630140987,10.816653826391969,12.206555615733702,13.038404810405298,15.264337522473747,16.1245154965971,16.64331697709324,18.867962264113206,18.867962264113206,18.35755975068582
1787403494.2367103,-69,0.0,19.697715603592208,19.697715603592208,19.697715603592208,19.697715603592208,19.313207915827967,18.973665961010276,17.72004514666935,15.524174696260024,14.560219778561036,13.601470508735444,12.649110640673518,12.083045973594572,11.180339887498949,11.180339887498949,10.295630140987,10.816653826391969,10.816653826391969,10.816653826391969,10.0,11.40175425099138,11.40175425099138,10.816653826391969,10.816653826391969,10.295630140987,8.94427190999916,7.615773105863909,0.0,0.0,0.0,0.0,0.0,0.0,0.0,0.0,0.0,0.0,0.0,6.324555320336759,6.324555320336759,6.324555320336759,7.0710678118654755,7.0710678118654755,8.0,9.055385138137417,9.055385138137417,9.055385138137417,10.04987562112089,11.045361017187261,10.04987562112089,10.198039027185569,11.180339887498949,11.180339887498949,11.40175425099138,12.649110640673518,12.649110640673518,13.0,13.416407864998739,15.652475842498529,16.55294535724685,17.46424919657298,18.788294228055936,18.788294228055936,19.697715603592208
1787403494.2691572,-86,0.0,16.1245154965971,14.142135623730951,13.152946437965905,10.198039027185569,9.055385138137417,6.324555320336759,6.708203932499369,5.385164807134504,5.385164807134504,4.123105625617661,6.0,7.0710678118654755,9.219544457292887,10.198039027185569,11.704699910719626,11.661903789690601,10.816653826391969,10.63014581273465,9.219544457292887,7.810249675906654,6.4031242374328485,4.242640687119285,3.605551275463989,1.4142135623730951,1.0,0.0,0.0,0.0,0.0,0.0,0.0,0.0,0.0,0.0,0.0,0.0,0.0,9.848857801796104,10.295630140987,10.63014581273465,12.041594578792296,13.601470508735444,13.892443989449804,14.317821063276353,14.866068747318506,15.524174696260024,14.560219778561036,13.601470508735444,11.40175425099138,9.219544457292887,6.324555320336759,4.47213595499958,2.8284271247461903,3.0,3.0,3.1622776601683795,3.1622776601683795,5.0990195135927845,6.0,8.06225774829855,9.219544457292887,10.44030650891055,12.649110640673518
1787403494.654049,-71,0.0,24.515301344262525,24.331050121192877,22.20360331117452,20.223748416156685,17.46424919657298,13.92838827718412,10.816653826391969,8.06225774829855,8.0,9.219544457292887,10.770329614269007,12.649110640673518,13.601470508735444,14.560219778561036,15.524174696260024,16.278820596099706,16.1245154965971,15.033296378372908,13.0,11.0,9.0,6.0,2.23606797749979,1.4142135623730951,4.47213595499958,6.708203932499369,0.0,0.0,0.0,0.0,0.0,0.0,0.0,0.0,0.0,0.0,0.0,4.47213595499958,3.605551275463989,2.23606797749979,0.0,2.23606797749979,5.0,7.211102550927978,9.433981132056603,11.180339887498949,12.649110640673518,13.341664064126334,14.035668847618199,14.035668847618199,14.142135623730951,14.317821063276353,13.601470508735444,12.649110640673518,10.770329614269007,8.54400374531753,6.0,4.242640687119285,7.280109889280518,11.045361017187261,16.278820596099706,18.681541692269406,20.615528128088304
1787403495.0973492,-35,0.0,12.806248474865697,12.206555615733702,12.806248474865697,13.601470508735444,12.206555615733702,13.038404810405298,13.038404810405298,12.529964086141668,12.529964086141668,13.416407864998739,13.416407864998739,13.0,13.0,13.0,13.92838827718412,14.866068747318506,13.92838827718412,14.866068747318506,15.231546211727817,15.231546211727817,14.317821063276353,14.317821063276353,13.892443989449804,13.601470508735444,12.806248474865697,12.806248474865697,0.0,0.0,0.0,0.0,0.0,0.0,0.0,0.0,0.0,0.0,0.0,10.63014581273465,11.40175425099138,12.206555615733702,12.206555615733702,12.529964086141668,12.529964086141668,13.416407864998739,13.0,13.416407864998739,13.0,13.0,13.0,13.0,12.083045973594572,12.083045973594572,12.529964086141668,11.661903789690601,11.661903789690601,12.206555615733702,12.206555615733702,11.40175425099138,12.806248474865697,12.041594578792296,12.041594578792296,13.45362404707371,12.041594578792296
1787403496.0230966,-88,0.0,13.341664064126334,14.317821063276353,14.317821063276353,14.142135623730951,15.297058540778355,15.132745950421556,15.132745950421556,14.035668847618199,14.035668847618199,13.038404810405298,12.041594578792296,11.0,9.0,8.0,6.082762530298219,5.0,3.1622776601683795,2.23606797749979,2.0,3.0,3.1622776601683795,4.47213595499958,4.123105625617661,5.0990195135927845,5.0990195135927845,5.0990195135927845,0.0,0.0,0.0,0.0,0.0,0.0,0.0,0.0,0.0,0.0,0.0,3.0,4.0,4.123105625617661,4.47213595499958,5.830951894845301,6.4031242374328485,7.810249675906654,7.810249675906654,9.433981132056603,10.295630140987,10.770329614269007,11.40175425099138,11.40175425099138,12.36931687685298,12.36931687685298,12.36931687685298,12.165525060596439,12.36931687685298,11.704699910719626,11.704699910719626,12.083045973594572,12.206555615733702,11.40175425099138,12.041594578792296,12.806248474865697,13.601470508735444
1787403497.1991744,-71,0.0,20.591260281974,20.615528128088304,19.697715603592208,20.12461179749811,19.697715603592208,20.248456731316587,18.973665961010276,18.384776310850235,17.08800749063506,14.866068747318506,13.92838827718412,13.0,13.0,13.92838827718412,13.601470508735444,11.704699910719626,11.40175425099138,11.40175425099138,10.770329614269007,10.295630140987,10.295630140987,10.295630140987,9.848857801796104,9.219544457292887,8.06225774829855,7.0,0.0,0.0,0.0,0.0,0.0,0.0,0.0,0.0,0.0,0.0,0.0,8.54400374531753,9.486832980505138,9.219544457292887,7.0710678118654755,6.082762530298219,8.06225774829855,9.0,9.0,8.06225774829855,9.0,11.0,11.045361017187261,11.0,11.045361017187261,12.36931687685298,12.36931687685298,10.44030650891055,11.704699910719626,13.0,14.317821063276353,14.7648230602334,15.231546211727817,15.652475842498529,16.55294535724685,17.88854381999832,17.88854381999832
1787403497.1991744,-71,0.0,17.4928556845359,17.4928556845359,17.88854381999832,17.88854381999832,17.0,16.55294535724685,16.15549442140351,15.811388300841896,15.811388300841896,13.92838827718412,12.083045973594572,11.180339887498949,11.180339887498949,10.770329614269007,10.770329614269007,10.770329614269007,9.848857801796104,8.06225774829855,8.54400374531753,9.486832980505138,8.54400374531753,8.246211251235321,8.246211251235321,7.280109889280518,6.082762530298219,5.0990195135927845,0.0,0.0,0.0,0.0,0.0,0.0,0.0,0.0,0.0,0.0,0.0,7.615773105863909,7.280109889280518,7.0,6.0,6.082762530298219,6.082762530298219,7.280109889280518,7.280109889280518,8.246211251235321,8.246211251235321,8.246211251235321,9.219544457292887,9.486832980505138,9.486832980505138,9.486832980505138,8.94427190999916,8.94427190999916,9.433981132056603,10.816653826391969,12.206555615733702,13.601470508735444,14.422205101855956,15.264337522473747,16.64331697709324,16.64331697709324,16.64331697709324
1787403497.1991744,-70,0.0,21.840329667841555,22.135943621178654,22.135943621178654,22.80350850198276,21.18962010041709,18.788294228055936,17.88854381999832,17.88854381999832,15.652475842498529,14.317821063276353,13.92838827718412,12.649110640673518,12.36931687685298,13.0,13.0,12.649110640673518,11.40175425099138,10.44030650891055,10.44030650891055,8.54400374531753,7.615773105863909,8.06225774829855,7.615773105863909,8.06225774829855,8.06225774829855,7.211102550927978,0.0,0.0,0.0,0.0,0.0,0.0,0.0,0.0,0.0,0.0,0.0,7.280109889280518,7.280109889280518,6.708203932499369,5.830951894845301,5.0,6.4031242374328485,7.810249675906654,7.810249675906654,8.48528137423857,9.219544457292887,10.0,9.219544457292887,8.602325267042627,9.848857801796104,10.44030650891055,10.198039027185569,10.770329614269007,12.529964086141668,13.416407864998739,13.92838827718412,14.866068747318506,15.524174696260024,17.46424919657298,18.973665961010276,18.973665961010276,18.973665961010276
1787403497.6118286,-68,0.0,21.02379604162864,21.470910553583888,20.591260281974,20.248456731316587,19.4164878389476,18.601075237738275,16.64331697709324,15.811388300841896,15.0,15.0,13.892443989449804,13.038404810405298,11.661903789690601,10.816653826391969,11.661903789690601,11.661903789690601,10.770329614269007,9.486832980505138,9.486832980505138,9.486832980505138,9.848857801796104,9.848857801796104,9.433981132056603,8.06225774829855,7.211102550927978,6.708203932499369,0.0,0.0,0.0,0.0,0.0,0.0,0.0,0.0,0.0,0.0,0.0,5.830951894845301,5.0,5.656854249492381,6.4031242374328485,7.0710678118654755,7.0710678118654755,8.48528137423857,8.48528137423857,7.810249675906654,7.810249675906654,9.219544457292887,9.219544457292887,8.602325267042627,8.602325267042627,8.602325267042627,9.433981132056603,10.295630140987,10.295630140987,11.180339887498949,13.0,14.866068747318506,15.231546211727817,15.231546211727817,17.08800749063506,18.384776310850235,19.313207915827967
1787403497.6755185,-69,0.0,28.160255680657446,28.160255680657446,26.248809496813376,23.40939982143925,20.615528128088304,16.55294535724685,12.206555615733702,9.433981132056603,9.055385138137417,10.198039027185569,11.704699910719626,13.92838827718412,16.15549442140351,17.08800749063506,17.72004514666935,16.492422502470642,15.297058540778355,14.035668847618199,12.0,10.04987562112089,8.06225774829855,6.0,4.47213595499958,3.1622776601683795,5.385164807134504,7.810249675906654,0.0,0.0,0.0,0.0,0.0,0.0,0.0,0.0,0.0,0.0,0.0,5.0990195135927845,4.0,3.0,0.0,1.0,3.605551275463989,7.0710678118654755,9.219544457292887,12.206555615733702,15.264337522473747,18.35755975068582,18.788294228055936,17.08800749063506,16.492422502470642,16.1245154965971,15.0,14.035668847618199,11.045361017187261,8.06225774829855,6.0,4.47213595499958,6.082762530298219,10.198039027185569,16.76305461424021,22.135943621178654,24.351591323771842
1787403498.015769,-70,0.0,20.615528128088304,20.8806130178211,20.615528128088304,20.615528128088304,20.396078054371138,20.396078054371138,19.235384061671343,17.11724276862369,16.1245154965971,15.033296378372908,14.142135623730951,13.152946437965905,12.165525060596439,12.165525060596439,12.165525060596439,11.180339887498949,11.180339887498949,10.198039027185569,10.44030650891055,9.486832980505138,9.486832980505138,10.44030650891055,10.198039027185569,9.219544457292887,8.246211251235321,6.324555320336759,0.0,0.0,0.0,0.0,0.0,0.0,0.0,0.0,0.0,0.0,0.0,6.324555320336759,6.082762530298219,6.0,7.0710678118654755,7.0710678118654755,8.06225774829855,8.06225774829855,8.06225774829855,9.055385138137417,9.055385138137417,10.04987562112089,11.180339887498949,11.180339887498949,11.40175425099138,11.40175425099138,11.40175425099138,11.40175425099138,12.649110640673518,13.92838827718412,14.317821063276353,14.7648230602334,16.55294535724685,18.027756377319946,19.924858845171276,20.8806130178211,20.8806130178211
1787403498.2210357,-70,0.0,19.79898987322333,20.518284528683193,19.79898987322333,19.1049731745428,17.69180601295413,18.384776310850235,17.69180601295413,16.401219466856727,15.0,12.806248474865697,12.041594578792296,12.041594578792296,12.041594578792296,12.041594578792296,12.041594578792296,10.63014581273465,9.899494936611665,9.899494936611665,8.48528137423857,8.602325267042627,8.602325267042627,8.602325267042627,7.211102550927978,6.4031242374328485,6.4031242374328485,7.0710678118654755,0.0,0.0,0.0,0.0,0.0,0.0,0.0,0.0,0.0,0.0,0.0,6.0,5.0990195135927845,5.385164807134504,6.708203932499369,6.708203932499369,7.211102550927978,7.810249675906654,8.602325267042627,10.0,9.433981132056603,10.295630140987,10.816653826391969,11.40175425099138,11.40175425099138,11.40175425099138,11.40175425099138,12.041594578792296,11.313708498984761,12.727922061357855,13.45362404707371,14.866068747318506,15.620499351813308,16.401219466856727,18.439088914585774,19.1049731745428,19.1049731745428
1787403498.328087,-70,0.0,22.20360331117452,21.213203435596427,21.213203435596427,20.396078054371138,20.396078054371138,19.6468827043885,18.681541692269406,17.72004514666935,15.811388300841896,14.560219778561036,13.341664064126334,12.36931687685298,12.36931687685298,11.40175425099138,10.44030650891055,10.44030650891055,10.198039027185569,9.055385138137417,9.055385138137417,8.06225774829855,8.0,8.0,8.0,7.0,6.0,5.0990195135927845,0.0,0.0,0.0,0.0,0.0,0.0,0.0,0.0,0.0,0.0,0.0,6.708203932499369,6.324555320336759,7.280109889280518,8.246211251235321,8.246211251235321,8.06225774829855,9.055385138137417,10.198039027185569,11.045361017187261,11.045361017187261,12.165525060596439,12.165525060596439,12.165525060596439,12.165525060596439,12.165525060596439,13.152946437965905,14.142135623730951,15.033296378372908,15.033296378372908,16.0312195418814,17.0,18.0,19.026297590440446,20.09975124224178,20.09975124224178,20.09975124224178
1787403498.4239306,-69,0.0,20.223748416156685,20.396078054371138,20.396078054371138,19.6468827043885,18.681541692269406,18.973665961010276,17.08800749063506,16.15549442140351,15.231546211727817,13.0,13.0,13.0,13.0,12.083045973594572,11.180339887498949,11.180339887498949,10.295630140987,8.94427190999916,8.94427190999916,8.06225774829855,7.615773105863909,7.615773105863909,7.615773105863909,6.708203932499369,6.324555320336759,5.385164807134504,0.0,0.0,0.0,0.0,0.0,0.0,0.0,0.0,0.0,0.0,0.0,8.54400374531753,6.4031242374328485,3.605551275463989,4.123105625617661,7.280109889280518,7.0710678118654755,6.324555320336759,5.385164807134504,6.708203932499369,8.246211251235321,9.055385138137417,8.54400374531753,12.083045973594572,15.231546211727817,13.152946437965905,11.180339887498949,11.40175425099138,13.601470508735444,13.601470508735444,13.038404810405298,13.0,15.0,16.0,18.027756377319946,18.027756377319946,19.026297590440446
1787403499.5025122,-70,0.0,31.144823004794873,30.14962686336267,27.294688127912362,22.561028345356956,18.681541692269406,14.7648230602334,10.0,5.385164807134504,6.708203932499369,9.219544457292887,11.313708498984761,13.45362404707371,15.556349186104045,16.97056274847714,17.69180601295413,17.804493814764857,17.204650534085253,15.264337522473747,13.416407864998739,10.770329614269007,7.280109889280518,4.0,1.4142135623730951,1.4142135623730951,4.47213595499958,6.324555320336759,0.0,0.0,0.0,0.0,0.0,0.0,0.0,0.0,0.0,0.0,0.0,4.123105625617661,3.1622776601683795,2.23606797749979,4.0,7.0710678118654755,9.055385138137417,11.0,13.038404810405298,15.132745950421556,16.1245154965971,18.24828759089466,18.681541692269406,18.681541692269406,17.08800749063506,15.652475842498529,14.422205101855956,12.806248474865697,10.63014581273465,7.810249675906654,4.123105625617661,4.242640687119285,7.0710678118654755,11.045361017187261,16.0312195418814,22.02271554554524,27.073972741361768
1787403499.524565,-69,0.0,27.16615541441225,26.076809620810597,23.08679276123039,20.024984394500787,16.0,12.165525060596439,7.615773105863909,5.830951894845301,7.0710678118654755,9.486832980505138,11.180339887498949,13.0,13.92838827718412,14.866068747318506,15.524174696260024,15.297058540778355,15.033296378372908,13.038404810405298,11.045361017187261,10.198039027185569,8.06225774829855,6.0,4.123105625617661,2.23606797749979,5.830951894845301,8.06225774829855,0.0,0.0,0.0,0.0,0.0,0.0,0.0,0.0,0.0,0.0,0.0,5.0,3.0,2.23606797749979,3.1622776601683795,5.0990195135927845,7.0,10.0,12.041594578792296,13.038404810405298,15.132745950421556,16.278820596099706,16.76305461424021,17.08800749063506,15.652475842498529,15.811388300841896,14.212670403551895,12.727922061357855,11.313708498984761,8.48528137423857,5.830951894845301,4.123105625617661,5.830951894845301,10.44030650891055,16.1245154965971,20.09975124224178,22.090722034374522
1787403499.5725214,-68,0.0,30.463092423455635,28.635642126552707,26.40075756488817,22.360679774997898,18.35755975068582,14.422205101855956,10.63014581273465,7.280109889280518,7.280109889280518,10.0,11.313708498984761,13.45362404707371,14.866068747318506,16.401219466856727,16.64331697709324,15.652475842498529,14.866068747318506,14.317821063276353,12.041594578792296,11.0,8.0,5.0,2.0,2.0,5.0990195135927845,7.0710678118654755,0.0,0.0,0.0,0.0,0.0,0.0,0.0,0.0,0.0,0.0,0.0,5.0990195135927845,3.1622776601683795,1.0,1.0,2.8284271247461903,6.4031242374328485,8.48528137423857,12.041594578792296,14.212670403551895,17.204650534085253,18.867962264113206,19.235384061671343,19.313207915827967,18.973665961010276,18.439088914585774,17.11724276862369,15.0,13.0,10.04987562112089,7.615773105863909,6.4031242374328485,9.055385138137417,13.341664064126334,18.027756377319946,22.847319317591726,25.495097567963924
1787403499.5887368,-69,0.0,26.68332812825267,26.68332812825267,24.515301344262525,21.37755832643195,18.110770276274835,14.035668847618199,10.44030650891055,8.48528137423857,8.54400374531753,10.04987562112089,12.0,13.0,14.0,15.0,15.132745950421556,15.297058540778355,14.866068747318506,13.416407864998739,11.661903789690601,10.0,7.810249675906654,5.830951894845301,2.23606797749979,1.0,3.605551275463989,5.656854249492381,0.0,0.0,0.0,0.0,0.0,0.0,0.0,0.0,0.0,0.0,0.0,4.242640687119285,2.23606797749979,1.0,0.0,2.23606797749979,4.123105625617661,7.0710678118654755,9.055385138137417,11.0,14.0,15.033296378372908,16.278820596099706,15.811388300841896,16.15549442140351,15.652475842498529,15.264337522473747,12.806248474865697,10.63014581273465,8.602325267042627,6.324555320336759,5.385164807134504,7.810249675906654,12.649110640673518,17.26267650163207,21.213203435596427,23.345235059857504
1787403499.6045563,-69,0.0,22.627416997969522,22.627416997969522,20.518284528683193,18.439088914585774,15.811388300841896,12.529964086141668,10.198039027185569,9.055385138137417,8.94427190999916,9.899494936611665,10.63014581273465,12.806248474865697,13.601470508735444,14.142135623730951,14.212670403551895,14.422205101855956,12.529964086141668,10.44030650891055,9.219544457292887,8.06225774829855,7.0710678118654755,5.0,1.0,2.0,5.0,6.0,0.0,0.0,0.0,0.0,0.0,0.0,0.0,0.0,0.0,0.0,0.0,4.47213595499958,3.605551275463989,2.23606797749979,1.0,1.0,4.123105625617661,6.324555320336759,8.54400374531753,10.770329614269007,12.529964086141668,13.892443989449804,15.811388300841896,14.866068747318506,14.142135623730951,12.806248474865697,13.038404810405298,11.180339887498949,9.848857801796104,8.06225774829855,5.656854249492381,5.0990195135927845,7.615773105863909,11.40175425099138,14.866068747318506,18.439088914585774,20.615528128088304
1787403499.6722975,-69,0.0,23.259406699226016,21.470910553583888,19.235384061671343,17.46424919657298,13.92838827718412,10.44030650891055,9.055385138137417,9.433981132056603,6.4031242374328485,5.385164807134504,6.708203932499369,8.94427190999916,11.704699910719626,13.92838827718412,15.231546211727817,14.317821063276353,12.206555615733702,10.0,9.219544457292887,7.0,6.082762530298219,5.830951894845301,2.8284271247461903,2.23606797749979,4.123105625617661,5.0,0.0,0.0,0.0,0.0,0.0,0.0,0.0,0.0,0.0,0.0,0.0,3.605551275463989,1.0,1.4142135623730951,2.0,4.123105625617661,6.324555320336759,8.06225774829855,10.04987562112089,11.180339887498949,13.341664064126334,14.866068747318506,15.652475842498529,15.811388300841896,15.0,15.556349186104045,14.866068747318506,12.041594578792296,10.63014581273465,9.219544457292887,5.830951894845301,5.0990195135927845,7.0710678118654755,10.816653826391969,13.892443989449804,17.0,18.788294228055936
1787403499.6839297,-69,0.0,26.68332812825267,25.709920264364882,22.561028345356956,20.396078054371138,16.76305461424021,13.416407864998739,10.63014581273465,8.94427190999916,8.06225774829855,9.219544457292887,11.704699910719626,12.649110640673518,12.36931687685298,13.341664064126334,14.035668847618199,14.035668847618199,13.341664064126334,12.649110640673518,11.180339887498949,9.219544457292887,5.830951894845301,3.1622776601683795,2.0,3.0,4.47213595499958,5.830951894845301,0.0,0.0,0.0,0.0,0.0,0.0,0.0,0.0,0.0,0.0,0.0,5.656854249492381,5.0,3.605551275463989,3.605551275463989,4.47213595499958,5.656854249492381,7.810249675906654,10.816653826391969,13.416407864998739,15.652475842498529,17.88854381999832,19.313207915827967,18.681541692269406,17.26267650163207,17.11724276862369,17.029386365926403,15.0,13.038404810405298,11.180339887498949,8.54400374531753,8.602325267042627,10.44030650891055,13.0,17.26267650163207,21.587033144922902,24.041630560342615
1787403499.6839297,-70,0.0,28.600699292150182,27.80287754891569,25.0,21.400934559032695,18.867962264113206,15.231546211727817,12.165525060596439,10.198039027185569,9.433981132056603,10.63014581273465,12.041594578792296,12.727922061357855,13.45362404707371,14.212670403551895,13.601470508735444,13.416407864998739,13.0,11.180339887498949,9.0,7.0710678118654755,6.082762530298219,3.1622776601683795,1.0,2.0,4.0,6.082762530298219,0.0,0.0,0.0,0.0,0.0,0.0,0.0,0.0,0.0,0.0,0.0,5.0990195135927845,4.123105625617661,2.23606797749979,2.0,4.123105625617661,6.082762530298219,9.055385138137417,11.045361017187261,13.0,16.0,18.110770276274835,19.4164878389476,18.681541692269406,17.88854381999832,18.027756377319946,16.401219466856727,14.142135623730951,12.041594578792296,10.816653826391969,8.246211251235321,7.0,8.94427190999916,13.45362404707371,19.209372712298546,23.600847442411894,24.413111231467404
