Timestamp,RSSI,Sub_0,Sub_1,Sub_2,Sub_3,Sub_4,Sub_5,Sub_6,Sub_7,Sub_8,Sub_9,Sub_10,Sub_11,Sub_12,Sub_13,Sub_14,Sub_15,Sub_16,Sub_17,Sub_18,Sub_19,Sub_20,Sub_21,Sub_22,Sub_23,Sub_24,Sub_25,Sub_26,Sub_27,Sub_28,Sub_29,Sub_30,Sub_31,Sub_32,Sub_33,Sub_34,Sub_35,Sub_36,Sub_37,Sub_38,Sub_39,Sub_40,Sub_41,Sub_42,Sub_43,Sub_44,Sub_45,Sub_46,Sub_47,Sub_48,Sub_49,Sub_50,Sub_51,Sub_52,Sub_53,Sub_54,Sub_55,Sub_56,Sub_57,Sub_58,Sub_59,Sub_60,Sub_61,Sub_62,Sub_63
1787403257.7722368,-70,0.0,25.0,23.021728866442675,21.095023109728988,18.24828759089466,14.866068747318506,12.206555615733702,10.816653826391969,11.40175425099138,12.0,14.035668847618199,14.035668847618199,14.035668847618199,14.317821063276353,15.811388300841896,15.231546211727817,13.892443989449804,14.212670403551895,13.601470508735444,13.0,11.704699910719626,10.44030650891055,8.06225774829855,5.0,2.23606797749979,1.4142135623730951,4.0,0.0,0.0,0.0,0.0,0.0,0.0,0.0,0.0,0.0,0.0,0.0,4.123105625617661,2.23606797749979,0.0,1.0,2.23606797749979,2.8284271247461903,5.830951894845301,12.083045973594572,15.811388300841896,18.681541692269406,20.8806130178211,20.615528128088304,19.4164878389476,19.235384061671343,19.235384061671343,18.110770276274835,16.0,12.0,10.198039027185569,9.848857801796104,9.899494936611665,10.295630140987,14.560219778561036,18.439088914585774,21.213203435596427,23.194827009486403
1787403257.8039417,-69,0.0,23.323807579381203,21.95449840010015,20.615528128088304,19.697715603592208,18.384776310850235,18.027756377319946,17.08800749063506,13.92838827718412,13.0,12.083045973594572,9.433981132056603,7.810249675906654,8.48528137423857,8.48528137423857,7.810249675906654,7.211102550927978,8.54400374531753,8.54400374531753,8.06225774829855,8.0,8.06225774829855,8.06225774829855,9.219544457292887,9.219544457292887,7.280109889280518,7.280109889280518,0.0,0.0,0.0,0.0,0.0,0.0,0.0,0.0,0.0,0.0,0.0,3.605551275463989,3.605551275463989,3.0,4.47213595499958,6.708203932499369,8.94427190999916,9.433981132056603,8.48528137423857,7.810249675906654,8.94427190999916,9.848857801796104,11.661903789690601,12.529964086141668,12.083045973594572,11.661903789690601,12.529964086141668,13.038404810405298,14.7648230602334,16.55294535724685,16.15549442140351,16.1245154965971,18.027756377319946,18.35755975068582,18.867962264113206,19.4164878389476,19.4164878389476
1787403257.8351703,-69,0.0,23.021728866442675,22.090722034374522,21.02379604162864,18.0,14.035668847618199,11.704699910719626,9.433981132056603,7.810249675906654,6.708203932499369,7.0710678118654755,8.246211251235321,10.44030650891055,12.083045973594572,13.416407864998739,13.601470508735444,12.727922061357855,12.806248474865697,11.661903789690601,10.770329614269007,9.486832980505138,7.615773105863909,7.615773105863909,4.47213595499958,2.23606797749979,3.1622776601683795,4.242640687119285,0.0,0.0,0.0,0.0,0.0,0.0,0.0,0.0,0.0,0.0,0.0,1.0,1.4142135623730951,2.0,3.1622776601683795,5.385164807134504,6.324555320336759,6.4031242374328485,7.615773105863909,10.770329614269007,13.0,13.92838827718412,13.152946437965905,14.035668847618199,15.524174696260024,14.560219778561036,13.341664064126334,11.40175425099138,9.486832980505138,9.219544457292887,8.0,7.615773105863909,7.810249675906654,11.180339887498949,15.524174696260024,18.439088914585774,20.396078054371138
1787403258.0154176,-70,0.0,24.351591323771842,23.08679276123039,21.840329667841555,21.37755832643195,21.213203435596427,19.235384061671343,17.11724276862369,15.132745950421556,14.142135623730951,12.165525060596439,11.40175425099138,10.44030650891055,9.848857801796104,9.848857801796104,10.295630140987,9.433981132056603,10.0,9.219544457292887,9.219544457292887,9.219544457292887,9.899494936611665,10.63014581273465,10.63014581273465,10.63014581273465,10.0,9.219544457292887,0.0,0.0,0.0,0.0,0.0,0.0,0.0,0.0,0.0,0.0,0.0,6.4031242374328485,5.385164807134504,5.0990195135927845,4.123105625617661,4.0,6.0,7.0710678118654755,7.615773105863909,9.848857801796104,10.770329614269007,10.44030650891055,11.180339887498949,12.36931687685298,12.36931687685298,11.704699910719626,11.704699910719626,13.92838827718412,16.15549442140351,16.15549442140351,15.652475842498529,17.4928556845359,19.235384061671343,19.235384061671343,20.12461179749811,22.847319317591726,22.847319317591726
1787403258.0995722,-71,0.0,23.021728866442675,23.08679276123039,22.20360331117452,21.37755832643195,20.396078054371138,19.4164878389476,17.72004514666935,14.866068747318506,14.560219778561036,13.152946437965905,11.0,10.0,10.04987562112089,9.055385138137417,9.055385138137417,8.06225774829855,7.0710678118654755,6.708203932499369,6.4031242374328485,7.0710678118654755,7.0710678118654755,7.810249675906654,8.602325267042627,8.06225774829855,8.06225774829855,7.211102550927978,0.0,0.0,0.0,0.0,0.0,0.0,0.0,0.0,0.0,0.0,0.0,4.47213595499958,4.123105625617661,3.0,2.8284271247461903,4.242640687119285,4.47213595499958,5.385164807134504,6.708203932499369,8.06225774829855,8.94427190999916,8.94427190999916,8.94427190999916,10.295630140987,11.180339887498949,12.083045973594572,12.649110640673518,13.341664064126334,14.317821063276353,14.035668847618199,16.0312195418814,16.0,18.027756377319946,20.024984394500787,21.0,22.090722034374522,23.08679276123039
1787403258.1723971,-71,0.0,27.018512172212592,26.076809620810597,24.186773244895647,21.37755832643195,18.027756377319946,13.892443989449804,12.041594578792296,11.180339887498949,12.165525060596439,13.038404810405298,14.035668847618199,14.142135623730951,15.524174696260024,16.15549442140351,16.1245154965971,14.866068747318506,14.212670403551895,13.892443989449804,11.704699910719626,10.198039027185569,10.0,8.06225774829855,5.0990195135927845,1.4142135623730951,4.123105625617661,7.0710678118654755,0.0,0.0,0.0,0.0,0.0,0.0,0.0,0.0,0.0,0.0,0.0,3.1622776601683795,1.4142135623730951,1.4142135623730951,2.8284271247461903,3.605551275463989,3.1622776601683795,4.0,6.708203932499369,9.219544457292887,10.63014581273465,12.806248474865697,13.892443989449804,14.866068747318506,14.560219778561036,15.297058540778355,16.0312195418814,14.035668847618199,13.038404810405298,12.0,10.198039027185569,8.602325267042627,9.848857801796104,13.152946437965905,17.029386365926403,22.0,25.019992006393608
1787403258.2000933,-71,0.0,27.294688127912362,26.30589287593181,24.186773244895647,22.02271554554524,18.027756377319946,14.560219778561036,12.206555615733702,11.40175425099138,12.083045973594572,13.341664064126334,13.341664064126334,13.92838827718412,14.317821063276353,14.422205101855956,14.212670403551895,14.212670403551895,13.416407864998739,12.36931687685298,11.045361017187261,10.04987562112089,9.219544457292887,7.280109889280518,4.47213595499958,1.4142135623730951,3.1622776601683795,5.0,0.0,0.0,0.0,0.0,0.0,0.0,0.0,0.0,0.0,0.0,0.0,3.0,2.23606797749979,3.0,4.123105625617661,5.0,5.0,6.324555320336759,8.602325267042627,9.899494936611665,11.661903789690601,13.92838827718412,15.811388300841896,15.524174696260024,16.1245154965971,16.0312195418814,15.297058540778355,14.317821063276353,13.152946437965905,11.0,9.219544457292887,8.06225774829855,9.433981132056603,13.601470508735444,17.46424919657298,21.37755832643195,23.345235059857504
1787403258.3197343,-70,0.0,30.01666203960727,28.30194339616981,25.238858928247925,21.400934559032695,16.97056274847714,13.038404810405298,10.04987562112089,10.44030650891055,10.816653826391969,13.45362404707371,15.620499351813308,16.401219466856727,18.027756377319946,18.867962264113206,18.788294228055936,17.08800749063506,16.492422502470642,15.033296378372908,13.038404810405298,10.44030650891055,8.94427190999916,5.830951894845301,2.8284271247461903,1.4142135623730951,3.0,5.0990195135927845,0.0,0.0,0.0,0.0,0.0,0.0,0.0,0.0,0.0,0.0,0.0,4.242640687119285,3.0,3.605551275463989,5.0,5.0,4.47213595499958,4.0,7.615773105863909,12.083045973594572,13.92838827718412,15.264337522473747,16.97056274847714,16.401219466856727,16.401219466856727,15.811388300841896,14.7648230602334,12.529964086141668,10.816653826391969,8.602325267042627,7.211102550927978,8.06225774829855,10.198039027185569,13.92838827718412,19.697715603592208,24.596747752497688,27.294688127912362
1787403258.5601718,-70,0.0,27.459060435491963,26.30589287593181,24.186773244895647,19.1049731745428,16.0312195418814,12.165525060596439,10.295630140987,9.219544457292887,9.433981132056603,10.770329614269007,13.0,14.317821063276353,14.422205101855956,15.556349186104045,15.811388300841896,15.652475842498529,14.866068747318506,14.317821063276353,13.0,11.40175425099138,9.848857801796104,7.211102550927978,3.605551275463989,1.4142135623730951,3.0,5.0990195135927845,0.0,0.0,0.0,0.0,0.0,0.0,0.0,0.0,0.0,0.0,0.0,2.0,2.23606797749979,1.0,1.4142135623730951,0.0,1.4142135623730951,4.242640687119285,6.708203932499369,9.486832980505138,13.0,14.7648230602334,15.231546211727817,16.492422502470642,17.11724276862369,17.029386365926403,16.0312195418814,15.132745950421556,14.035668847618199,12.041594578792296,11.40175425099138,9.848857801796104,11.40175425099138,15.264337522473747,19.924858845171276,24.73863375370596,24.331050121192877
1787403258.5994465,-70,0.0,26.627053911388696,25.238858928247925,22.20360331117452,18.439088914585774,14.866068747318506,12.529964086141668,10.198039027185569,9.0,11.180339887498949,13.152946437965905,13.152946437965905,14.317821063276353,15.297058540778355,16.0,15.297058540778355,13.92838827718412,13.892443989449804,14.212670403551895,12.727922061357855,10.63014581273465,7.211102550927978,4.47213595499958,2.0,2.23606797749979,3.605551275463989,5.830951894845301,0.0,0.0,0.0,0.0,0.0,0.0,0.0,0.0,0.0,0.0,0.0,1.0,0.0,1.4142135623730951,1.4142135623730951,1.4142135623730951,1.0,4.47213595499958,7.280109889280518,9.219544457292887,11.40175425099138,13.92838827718412,14.317821063276353,13.892443989449804,14.212670403551895,15.556349186104045,14.866068747318506,13.45362404707371,13.45362404707371,11.313708498984761,10.0,9.219544457292887,11.045361017187261,14.866068747318506,18.788294228055936,21.95449840010015,24.186773244895647
1787403258.6377718,-69,0.0,26.90724809414742,24.08318915758459,21.93171219946131,19.209372712298546,14.7648230602334,11.40175425099138,11.045361017187261,10.198039027185569,9.486832980505138,8.94427190999916,10.816653826391969,13.0,13.341664064126334,13.341664064126334,14.035668847618199,14.0,14.142135623730951,13.601470508735444,12.083045973594572,9.433981132056603,7.211102550927978,4.242640687119285,1.4142135623730951,1.4142135623730951,2.8284271247461903,5.0,0.0,0.0,0.0,0.0,0.0,0.0,0.0,0.0,0.0,0.0,0.0,1.4142135623730951,0.0,2.23606797749979,1.4142135623730951,2.0,2.23606797749979,3.1622776601683795,6.0,8.06225774829855,11.180339887498949,12.36931687685298,12.649110640673518,13.0,13.892443989449804,14.212670403551895,12.727922061357855,12.041594578792296,10.63014581273465,9.433981132056603,7.615773105863909,7.0,9.486832980505138,12.529964086141668,17.204650534085253,21.400934559032695,23.430749027719962
1787403258.6780982,-70,0.0,31.04834939252005,29.120439557122072,25.96150997149434,20.248456731316587,14.7648230602334,12.727922061357855,11.180339887498949,10.198039027185569,12.165525060596439,14.317821063276353,16.1245154965971,16.0312195418814,15.0,15.297058540778355,16.15549442140351,17.0,16.401219466856727,15.556349186104045,13.45362404707371,11.40175425099138,8.94427190999916,5.385164807134504,1.0,1.4142135623730951,3.1622776601683795,5.385164807134504,0.0,0.0,0.0,0.0,0.0,0.0,0.0,0.0,0.0,0.0,0.0,2.0,1.0,2.0,3.1622776601683795,2.0,2.0,4.47213595499958,6.4031242374328485,9.219544457292887,12.727922061357855,15.620499351813308,15.811388300841896,15.264337522473747,16.55294535724685,16.76305461424021,16.492422502470642,15.297058540778355,12.36931687685298,10.44030650891055,8.94427190999916,8.06225774829855,10.198039027185569,15.0,21.095023109728988,24.186773244895647,27.459060435491963
1787403258.758094,-70,0.0,28.071337695236398,27.16615541441225,23.194827009486403,19.235384061671343,14.317821063276353,11.180339887498949,9.219544457292887,8.54400374531753,9.0,11.045361017187261,12.0,12.36931687685298,12.649110640673518,14.317821063276353,15.264337522473747,16.401219466856727,17.69180601295413,16.64331697709324,14.7648230602334,13.0,9.848857801796104,5.830951894845301,2.8284271247461903,2.23606797749979,5.0,7.0,0.0,0.0,0.0,0.0,0.0,0.0,0.0,0.0,0.0,0.0,0.0,3.605551275463989,3.1622776601683795,3.1622776601683795,2.8284271247461903,1.0,2.23606797749979,5.0,7.810249675906654,10.63014581273465,12.806248474865697,14.422205101855956,15.652475842498529,15.811388300841896,16.492422502470642,16.278820596099706,16.1245154965971,15.132745950421556,13.152946437965905,10.198039027185569,7.615773105863909,8.48528137423857,11.704699910719626,15.132745950421556,20.0,24.020824298928627,26.019223662515376
1787403258.8384275,-72,0.0,27.784887978899608,26.076809620810597,22.47220505424423,18.027756377319946,14.212670403551895,10.0,7.280109889280518,6.082762530298219,7.211102550927978,9.219544457292887,10.63014581273465,13.038404810405298,14.317821063276353,16.15549442140351,16.492422502470642,16.278820596099706,16.1245154965971,16.0312195418814,15.033296378372908,13.152946437965905,11.045361017187261,7.0710678118654755,3.0,1.0,4.123105625617661,6.324555320336759,0.0,0.0,0.0,0.0,0.0,0.0,0.0,0.0,0.0,0.0,0.0,1.4142135623730951,1.4142135623730951,3.1622776601683795,3.605551275463989,2.8284271247461903,3.0,5.385164807134504,7.211102550927978,9.219544457292887,12.727922061357855,13.45362404707371,15.0,14.7648230602334,15.231546211727817,14.866068747318506,14.317821063276353,13.152946437965905,12.165525060596439,10.44030650891055,8.06225774829855,6.708203932499369,9.0,12.165525060596439,17.08800749063506,21.93171219946131,25.495097567963924
1787403259.0300558,-72,0.0,25.96150997149434,24.041630560342615,22.135943621178654,18.788294228055936,15.264337522473747,12.041594578792296,8.94427190999916,9.055385138137417,9.219544457292887,10.770329614269007,11.704699910719626,13.341664064126334,15.132745950421556,15.033296378372908,16.0,16.0312195418814,15.297058540778355,13.92838827718412,13.0,10.816653826391969,7.810249675906654,5.0,1.4142135623730951,2.23606797749979,5.0,7.0710678118654755,0.0,0.0,0.0,0.0,0.0,0.0,0.0,0.0,0.0,0.0,0.0,1.0,1.0,3.1622776601683795,3.1622776601683795,3.0,3.1622776601683795,5.0,7.810249675906654,9.433981132056603,12.529964086141668,13.92838827718412,14.560219778561036,15.297058540778355,16.0312195418814,17.11724276862369,17.46424919657298,14.560219778561036,12.36931687685298,10.198039027185569,8.0,6.708203932499369,7.615773105863909,12.041594578792296,17.11724276862369,20.396078054371138,23.769728648009426
1787403259.0300558,-70,0.0,26.68332812825267,25.96150997149434,24.041630560342615,19.924858845171276,16.55294535724685,13.601470508735444,11.40175425099138,10.44030650891055,11.045361017187261,12.0,13.0,14.035668847618199,16.1245154965971,16.492422502470642,16.76305461424021,17.46424919657298,17.4928556845359,15.811388300841896,14.142135623730951,12.041594578792296,10.0,7.0710678118654755,2.8284271247461903,1.0,3.1622776601683795,4.47213595499958,0.0,0.0,0.0,0.0,0.0,0.0,0.0,0.0,0.0,0.0,0.0,1.0,1.4142135623730951,3.1622776601683795,3.605551275463989,4.47213595499958,5.0990195135927845,6.082762530298219,7.211102550927978,8.48528137423857,11.40175425099138,13.038404810405298,14.317821063276353,14.866068747318506,14.317821063276353,14.035668847618199,14.0,13.038404810405298,11.0,9.055385138137417,6.708203932499369,6.4031242374328485,9.219544457292887,13.0,18.110770276274835,22.360679774997898,24.515301344262525
1787403259.061928,-70,0.0,27.65863337187866,26.68332812825267,24.73863375370596,20.8806130178211,16.55294535724685,12.806248474865697,10.0,9.219544457292887,10.0,11.045361017187261,12.041594578792296,14.0,15.033296378372908,16.278820596099706,17.46424919657298,18.027756377319946,18.788294228055936,17.4928556845359,15.811388300841896,14.212670403551895,12.041594578792296,8.48528137423857,4.242640687119285,1.4142135623730951,2.23606797749979,4.47213595499958,0.0,0.0,0.0,0.0,0.0,0.0,0.0,0.0,0.0,0.0,0.0,1.0,1.0,2.23606797749979,2.8284271247461903,3.1622776601683795,4.123105625617661,5.830951894845301,7.810249675906654,10.0,12.529964086141668,14.317821063276353,15.231546211727817,16.492422502470642,16.278820596099706,15.033296378372908,14.035668847618199,13.038404810405298,12.041594578792296,10.198039027185569,6.708203932499369,6.708203932499369,8.246211251235321,13.0,19.026297590440446,23.194827009486403,25.495097567963924
1787403259.348765,-71,0.0,27.073972741361768,25.179356624028344,23.194827009486403,20.09975124224178,15.0,11.40175425099138,8.602325267042627,6.708203932499369,8.0,9.219544457292887,11.180339887498949,12.041594578792296,13.0,12.165525060596439,12.36931687685298,13.92838827718412,13.892443989449804,12.806248474865697,12.727922061357855,11.313708498984761,9.219544457292887,7.0710678118654755,3.605551275463989,1.4142135623730951,3.0,5.0,0.0,0.0,0.0,0.0,0.0,0.0,0.0,0.0,0.0,0.0,0.0,5.656854249492381,4.123105625617661,2.0,2.0,2.23606797749979,4.47213595499958,7.0710678118654755,9.0,12.041594578792296,15.132745950421556,18.24828759089466,18.24828759089466,17.11724276862369,15.033296378372908,13.341664064126334,11.704699910719626,10.295630140987,9.433981132056603,7.211102550927978,5.0990195135927845,4.47213595499958,8.06225774829855,12.083045973594572,17.08800749063506,21.587033144922902,25.317977802344327
1787403259.9219985,-87,0.0,14.422205101855956,15.0,14.212670403551895,14.142135623730951,13.45362404707371,13.45362404707371,13.601470508735444,14.212670403551895,12.806248474865697,12.806248474865697,12.041594578792296,11.313708498984761,9.219544457292887,10.0,9.433981132056603,8.602325267042627,7.615773105863909,6.324555320336759,5.385164807134504,4.0,4.0,4.0,3.1622776601683795,2.8284271247461903,2.8284271247461903,2.8284271247461903,0.0,0.0,0.0,0.0,0.0,0.0,0.0,0.0,0.0,0.0,0.0,8.94427190999916,8.94427190999916,8.602325267042627,9.219544457292887,10.0,9.433981132056603,9.486832980505138,10.198039027185569,10.0,10.198039027185569,11.40175425099138,11.40175425099138,11.704699910719626,11.704699910719626,12.649110640673518,13.0,12.649110640673518,12.36931687685298,13.341664064126334,12.165525060596439,12.165525060596439,12.041594578792296,12.0,11.045361017187261,11.180339887498949,11.40175425099138
1787403260.0499177,-88,0.0,4.123105625617661,4.123105625617661,5.385164807134504,5.830951894845301,8.602325267042627,9.433981132056603,12.529964086141668,13.892443989449804,13.601470508735444,12.806248474865697,13.601470508735444,13.601470508735444,11.180339887498949,9.433981132056603,8.06225774829855,7.211102550927978,5.830951894845301,5.830951894845301,6.708203932499369,5.0,5.0,5.0990195135927845,6.0,6.0,5.0,5.0990195135927845,0.0,0.0,0.0,0.0,0.0,0.0,0.0,0.0,0.0,0.0,0.0,9.219544457292887,10.770329614269007,12.36931687685298,14.142135623730951,15.033296378372908,17.029386365926403,17.0,17.029386365926403,15.033296378372908,13.152946437965905,10.44030650891055,8.602325267042627,7.615773105863909,10.04987562112089,13.152946437965905,15.811388300841896,16.76305461424021,18.973665961010276,18.973665961010276,19.313207915827967,17.46424919657298,15.811388300841896,13.601470508735444,12.165525060596439,10.04987562112089,9.055385138137417
1787403260.2728643,-70,0.0,23.345235059857504,22.360679774997898,20.396078054371138,17.72004514666935,14.7648230602334,11.313708498984761,10.770329614269007,11.0,11.180339887498949,12.649110640673518,13.601470508735444,14.142135623730951,15.033296378372908,16.0,16.0312195418814,15.297058540778355,13.0,11.661903789690601,10.63014581273465,9.219544457292887,8.06225774829855,6.324555320336759,4.0,2.23606797749979,1.0,2.8284271247461903,0.0,0.0,0.0,0.0,0.0,0.0,0.0,0.0,0.0,0.0,0.0,2.0,1.0,1.0,2.0,3.0,4.123105625617661,6.324555320336759,8.602325267042627,11.313708498984761,14.142135623730951,14.866068747318506,15.811388300841896,15.652475842498529,15.231546211727817,14.560219778561036,14.317821063276353,13.341664064126334,11.40175425099138,9.486832980505138,8.54400374531753,7.0710678118654755,7.615773105863909,11.180339887498949,14.0,17.11724276862369,20.223748416156685
1787403260.345774,-90,0.0,2.8284271247461903,4.123105625617661,6.082762530298219,7.280109889280518,9.219544457292887,11.180339887498949,12.165525060596439,11.40175425099138,11.704699910719626,12.083045973594572,10.816653826391969,10.0,7.810249675906654,6.4031242374328485,5.0,4.47213595499958,3.1622776601683795,1.4142135623730951,1.4142135623730951,3.1622776601683795,5.0990195135927845,6.082762530298219,7.0710678118654755,8.06225774829855,9.0,9.0,0.0,0.0,0.0,0.0,0.0,0.0,0.0,0.0,0.0,0.0,0.0,13.038404810405298,15.132745950421556,17.11724276862369,17.26267650163207,18.24828759089466,17.26267650163207,16.278820596099706,14.317821063276353,12.649110640673518,9.848857801796104,7.810249675906654,5.830951894845301,6.0,7.615773105863909,8.94427190999916,10.770329614269007,12.529964086141668,13.416407864998739,13.0,12.083045973594572,10.770329614269007,9.219544457292887,8.06225774829855,6.0,4.123105625617661,2.8284271247461903
1787403260.3730772,-70,0.0,24.08318915758459,25.019992006393608,22.090722034374522,18.027756377319946,14.0,10.44030650891055,9.433981132056603,8.94427190999916,11.045361017187261,12.041594578792296,13.152946437965905,15.132745950421556,16.0312195418814,17.029386365926403,18.110770276274835,17.26267650163207,15.811388300841896,15.652475842498529,14.422205101855956,11.40175425099138,9.219544457292887,6.4031242374328485,3.605551275463989,1.0,1.4142135623730951,3.605551275463989,0.0,0.0,0.0,0.0,0.0,0.0,0.0,0.0,0.0,0.0,0.0,2.23606797749979,1.4142135623730951,0.0,1.4142135623730951,2.8284271247461903,5.0,7.615773105863909,9.848857801796104,12.649110640673518,14.866068747318506,16.492422502470642,16.492422502470642,17.26267650163207,17.11724276862369,16.0312195418814,14.0,13.0,11.0,8.06225774829855,6.708203932499369,7.0710678118654755,8.94427190999916,13.341664064126334,18.027756377319946,23.021728866442675,24.020824298928627
1787403260.3840978,-70,0.0,25.298221281347036,24.041630560342615,22.135943621178654,18.384776310850235,15.264337522473747,11.313708498984761,9.848857801796104,9.055385138137417,10.770329614269007,13.416407864998739,15.264337522473747,16.1245154965971,17.46424919657298,18.027756377319946,18.681541692269406,18.24828759089466,17.029386365926403,16.0,14.142135623730951,11.180339887498949,9.486832980505138,6.324555320336759,3.1622776601683795,0.0,2.8284271247461903,4.242640687119285,0.0,0.0,0.0,0.0,0.0,0.0,0.0,0.0,0.0,0.0,0.0,3.605551275463989,2.23606797749979,1.0,1.0,2.8284271247461903,5.0,7.810249675906654,10.63014581273465,13.45362404707371,15.620499351813308,17.029386365926403,17.804493814764857,16.64331697709324,16.55294535724685,16.15549442140351,13.92838827718412,12.649110640673518,10.770329614269007,8.06225774829855,7.0710678118654755,7.615773105863909,9.0,12.165525060596439,16.492422502470642,20.8806130178211,23.08679276123039
1787403260.4315412,-70,0.0,23.194827009486403,22.360679774997898,20.396078054371138,16.76305461424021,11.180339887498949,7.810249675906654,6.0,8.06225774829855,10.63014581273465,12.041594578792296,12.806248474865697,14.866068747318506,16.401219466856727,17.4928556845359,16.55294535724685,16.15549442140351,15.524174696260024,14.035668847618199,13.038404810405298,12.041594578792296,9.055385138137417,6.324555320336759,4.123105625617661,1.4142135623730951,2.8284271247461903,5.0,0.0,0.0,0.0,0.0,0.0,0.0,0.0,0.0,0.0,0.0,0.0,3.1622776601683795,2.23606797749979,1.4142135623730951,1.0,2.8284271247461903,5.0,6.708203932499369,8.94427190999916,11.704699910719626,14.560219778561036,16.76305461424021,16.492422502470642,16.278820596099706,15.132745950421556,15.033296378372908,14.035668847618199,13.0,10.0,7.0710678118654755,6.708203932499369,6.4031242374328485,8.246211251235321,12.0,17.029386365926403,20.09975124224178,20.09975124224178
1787403260.4634542,-70,0.0,30.083217912982647,27.892651361962706,25.0,22.561028345356956,18.027756377319946,11.40175425099138,8.48528137423857,8.54400374531753,12.041594578792296,14.560219778561036,14.317821063276353,15.033296378372908,17.0,18.110770276274835,19.4164878389476,19.6468827043885,18.788294228055936,17.0,14.422205101855956,10.63014581273465,8.602325267042627,5.830951894845301,3.0,2.0,3.605551275463989,5.0,0.0,0.0,0.0,0.0,0.0,0.0,0.0,0.0,0.0,0.0,0.0,3.605551275463989,2.8284271247461903,1.4142135623730951,1.4142135623730951,2.8284271247461903,5.0,7.615773105863909,10.198039027185569,13.152946437965905,16.1245154965971,18.110770276274835,19.1049731745428,19.0,18.027756377319946,17.26267650163207,16.492422502470642,15.811388300841896,13.341664064126334,11.045361017187261,8.246211251235321,7.810249675906654,11.661903789690601,18.384776310850235,23.08679276123039,25.0,27.202941017470888
1787403260.4634542,-69,0.0,26.30589287593181,25.317977802344327,22.20360331117452,19.026297590440446,14.035668847618199,10.44030650891055,8.48528137423857,9.219544457292887,11.045361017187261,13.152946437965905,14.317821063276353,15.132745950421556,16.0,17.11724276862369,17.26267650163207,16.76305461424021,15.811388300841896,14.7648230602334,12.806248474865697,9.899494936611665,6.708203932499369,4.123105625617661,1.4142135623730951,3.1622776601683795,5.830951894845301,7.211102550927978,0.0,0.0,0.0,0.0,0.0,0.0,0.0,0.0,0.0,0.0,0.0,3.1622776601683795,2.0,1.0,0.0,3.1622776601683795,5.0990195135927845,7.280109889280518,10.198039027185569,13.341664064126334,15.132745950421556,17.11724276862369,18.110770276274835,18.027756377319946,18.027756377319946,17.26267650163207,15.811388300841896,13.92838827718412,12.36931687685298,11.180339887498949,9.055385138137417,8.94427190999916,10.63014581273465,14.317821063276353,18.681541692269406,21.840329667841555,24.73863375370596
1787403260.497149,-70,0.0,27.294688127912362,26.419689627245813,23.323807579381203,19.72308292331602,16.401219466856727,12.041594578792296,7.0710678118654755,7.615773105863909,10.0,12.041594578792296,14.142135623730951,14.866068747318506,16.401219466856727,18.027756377319946,17.88854381999832,18.384776310850235,17.72004514666935,16.278820596099706,14.0,12.041594578792296,9.219544457292887,6.324555320336759,2.8284271247461903,1.0,3.1622776601683795,5.0,0.0,0.0,0.0,0.0,0.0,0.0,0.0,0.0,0.0,0.0,0.0,2.8284271247461903,1.4142135623730951,0.0,1.0,2.0,4.123105625617661,6.708203932499369,9.433981132056603,12.206555615733702,14.212670403551895,16.278820596099706,16.97056274847714,16.278820596099706,15.811388300841896,15.264337522473747,14.7648230602334,13.416407864998739,11.180339887498949,10.0,8.602325267042627,9.219544457292887,11.045361017187261,14.560219778561036,19.313207915827967,22.847319317591726,25.495097567963924
1787403260.5109236,-70,0.0,28.460498941515414,27.202941017470888,23.40939982143925,19.697715603592208,15.811388300841896,12.041594578792296,9.219544457292887,9.486832980505138,10.816653826391969,12.806248474865697,15.620499351813308,17.204650534085253,17.4928556845359,18.384776310850235,18.973665961010276,18.439088914585774,18.110770276274835,16.0,14.035668847618199,12.36931687685298,9.848857801796104,8.06225774829855,4.242640687119285,1.4142135623730951,3.0,5.0990195135927845,0.0,0.0,0.0,0.0,0.0,0.0,0.0,0.0,0.0,0.0,0.0,2.23606797749979,1.0,1.0,2.23606797749979,3.0,4.47213595499958,7.211102550927978,9.219544457292887,12.041594578792296,14.866068747318506,17.029386365926403,16.401219466856727,16.1245154965971,15.652475842498529,15.231546211727817,14.560219778561036,13.601470508735444,10.770329614269007,9.433981132056603,8.48528137423857,9.486832980505138,12.041594578792296,15.132745950421556,20.396078054371138,23.769728648009426,25.0
1787403262.0683293,-86,0.0,17.029386365926403,18.027756377319946,18.110770276274835,18.110770276274835,18.110770276274835,18.110770276274835,17.26267650163207,15.297058540778355,13.341664064126334,11.180339887498949,8.06225774829855,6.082762530298219,4.47213595499958,3.1622776601683795,4.47213595499958,7.211102550927978,8.602325267042627,9.899494936611665,10.63014581273465,11.40175425099138,10.816653826391969,10.770329614269007,11.40175425099138,11.180339887498949,11.0,11.045361017187261,0.0,0.0,0.0,0.0,0.0,0.0,0.0,0.0,0.0,0.0,0.0,2.23606797749979,2.8284271247461903,3.605551275463989,5.385164807134504,5.0990195135927845,7.0710678118654755,7.0710678118654755,7.0710678118654755,8.246211251235321,7.280109889280518,6.082762530298219,4.47213595499958,4.123105625617661,2.23606797749979,1.4142135623730951,1.4142135623730951,2.23606797749979,4.0,5.0,6.082762530298219,6.082762530298219,6.324555320336759,5.830951894845301,5.656854249492381,5.0,5.385164807134504
1787403262.1080441,-83,0.0,7.810249675906654,9.848857801796104,11.704699910719626,12.649110640673518,15.524174696260024,18.439088914585774,19.924858845171276,19.924858845171276,20.248456731316587,20.615528128088304,20.12461179749811,20.12461179749811,17.88854381999832,16.1245154965971,13.038404810405298,10.295630140987,7.615773105863909,5.0990195135927845,4.123105625617661,3.605551275463989,5.0,7.280109889280518,9.486832980505138,10.770329614269007,11.180339887498949,12.529964086141668,0.0,0.0,0.0,0.0,0.0,0.0,0.0,0.0,0.0,0.0,0.0,5.830951894845301,8.06225774829855,9.219544457292887,11.313708498984761,12.041594578792296,13.45362404707371,12.727922061357855,12.727922061357855,10.0,8.54400374531753,6.708203932499369,5.385164807134504,2.23606797749979,1.4142135623730951,2.0,4.123105625617661,8.06225774829855,11.0,13.0,15.0,18.027756377319946,17.11724276862369,18.24828759089466,18.681541692269406,18.384776310850235,16.55294535724685
1787403262.2001078,-70,0.0,22.47220505424423,21.95449840010015,20.591260281974,19.72308292331602,17.88854381999832,17.0,15.652475842498529,15.652475842498529,14.7648230602334,13.038404810405298,12.806248474865697,12.041594578792296,12.727922061357855,12.727922061357855,12.041594578792296,12.041594578792296,11.40175425099138,11.40175425099138,11.313708498984761,9.899494936611665,9.219544457292887,9.219544457292887,8.602325267042627,8.602325267042627,8.602325267042627,8.602325267042627,0.0,0.0,0.0,0.0,0.0,0.0,0.0,0.0,0.0,0.0,0.0,6.0,4.123105625617661,4.47213595499958,5.385164807134504,6.708203932499369,7.810249675906654,9.219544457292887,9.899494936611665,9.899494936611665,10.63014581273465,11.40175425099138,11.40175425099138,12.041594578792296,12.041594578792296,12.041594578792296,13.45362404707371,13.45362404707371,13.45362404707371,14.866068747318506,15.620499351813308,17.029386365926403,17.69180601295413,18.384776310850235,20.518284528683193,22.02271554554524,22.67156809750927
1787403262.3842552,-70,0.0,22.02271554554524,22.02271554554524,21.02379604162864,21.02379604162864,20.09975124224178,19.1049731745428,18.110770276274835,16.0312195418814,15.033296378372908,14.0,14.035668847618199,13.152946437965905,14.142135623730951,14.142135623730951,13.152946437965905,13.152946437965905,13.152946437965905,14.142135623730951,13.152946437965905,13.341664064126334,13.152946437965905,13.152946437965905,13.038404810405298,12.041594578792296,11.045361017187261,11.045361017187261,0.0,0.0,0.0,0.0,0.0,0.0,0.0,0.0,0.0,0.0,0.0,5.0,5.385164807134504,5.0990195135927845,6.0,6.0,8.0,9.055385138137417,10.04987562112089,11.045361017187261,12.0,12.0,12.0,12.041594578792296,12.041594578792296,13.0,14.035668847618199,14.035668847618199,15.132745950421556,15.132745950421556,15.132745950421556,16.1245154965971,17.11724276862369,18.110770276274835,20.09975124224178,22.090722034374522,22.02271554554524
1787403262.5905633,-84,0.0,16.278820596099706,16.492422502470642,17.46424919657298,16.76305461424021,16.76305461424021,17.08800749063506,15.231546211727817,14.7648230602334,13.416407864998739,12.083045973594572,10.770329614269007,9.219544457292887,8.06225774829855,8.06225774829855,8.54400374531753,9.848857801796104,10.816653826391969,12.206555615733702,11.40175425099138,11.40175425099138,10.816653826391969,10.295630140987,10.295630140987,8.94427190999916,8.54400374531753,8.246211251235321,0.0,0.0,0.0,0.0,0.0,0.0,0.0,0.0,0.0,0.0,0.0,1.4142135623730951,2.0,3.0,4.123105625617661,5.385164807134504,6.082762530298219,7.0710678118654755,8.06225774829855,9.055385138137417,10.0,11.0,11.045361017187261,12.165525060596439,13.341664064126334,13.341664064126334,13.152946437965905,13.341664064126334,13.152946437965905,12.041594578792296,11.0,10.04987562112089,9.486832980505138,9.433981132056603,9.219544457292887,10.63014581273465,10.816653826391969
1787403262.606649,-84,0.0,15.033296378372908,15.0,15.0,15.033296378372908,15.132745950421556,15.297058540778355,14.317821063276353,14.317821063276353,12.165525060596439,11.180339887498949,10.04987562112089,9.055385138137417,8.54400374531753,8.06225774829855,7.810249675906654,8.602325267042627,9.433981132056603,9.433981132056603,10.295630140987,10.295630140987,10.0,9.219544457292887,8.48528137423857,8.602325267042627,8.06225774829855,7.615773105863909,0.0,0.0,0.0,0.0,0.0,0.0,0.0,0.0,0.0,0.0,0.0,4.123105625617661,3.605551275463989,4.242640687119285,5.830951894845301,6.708203932499369,7.280109889280518,8.246211251235321,10.04987562112089,11.180339887498949,12.041594578792296,13.038404810405298,13.152946437965905,14.035668847618199,15.033296378372908,15.132745950421556,16.1245154965971,15.132745950421556,15.132745950421556,13.038404810405298,11.0,9.219544457292887,8.54400374531753,7.0710678118654755,6.708203932499369,8.06225774829855,9.055385138137417
1787403262.6544676,-83,0.0,6.4031242374328485,6.4031242374328485,6.708203932499369,7.0710678118654755,8.06225774829855,8.246211251235321,9.848857801796104,12.529964086141668,12.529964086141668,12.529964086141668,13.038404810405298,11.661903789690601,11.661903789690601,9.433981132056603,8.602325267042627,7.0710678118654755,5.830951894845301,5.0990195135927845,5.0990195135927845,6.324555320336759,7.615773105863909,8.06225774829855,8.94427190999916,9.848857801796104,9.848857801796104,10.44030650891055,0.0,0.0,0.0,0.0,0.0,0.0,0.0,0.0,0.0,0.0,0.0,2.0,3.1622776601683795,4.47213595499958,5.830951894845301,7.211102550927978,8.06225774829855,10.0,10.816653826391969,11.40175425099138,10.816653826391969,10.816653826391969,10.295630140987,9.433981132056603,7.810249675906654,6.4031242374328485,4.47213595499958,4.0,5.830951894845301,7.211102550927978,9.899494936611665,11.40175425099138,13.45362404707371,14.142135623730951,15.556349186104045,16.278820596099706,17.029386365926403
1787403262.656917,-86,0.0,6.708203932499369,7.0,8.246211251235321,10.295630140987,11.40175425099138,12.727922061357855,14.422205101855956,16.1245154965971,15.652475842498529,16.15549442140351,16.15549442140351,14.560219778561036,14.317821063276353,13.152946437965905,12.041594578792296,10.04987562112089,7.280109889280518,6.4031242374328485,5.830951894845301,8.246211251235321,9.0,10.198039027185569,12.36931687685298,13.341664064126334,13.601470508735444,14.560219778561036,0.0,0.0,0.0,0.0,0.0,0.0,0.0,0.0,0.0,0.0,0.0,7.211102550927978,4.47213595499958,2.0,1.0,4.47213595499958,6.708203932499369,8.06225774829855,8.06225774829855,9.848857801796104,10.770329614269007,11.40175425099138,10.198039027185569,9.219544457292887,6.324555320336759,4.47213595499958,3.1622776601683795,3.605551275463989,7.810249675906654,10.0,12.806248474865697,14.422205101855956,16.64331697709324,16.401219466856727,17.204650534085253,18.027756377319946,17.804493814764857
1787403262.8165648,-84,0.0,2.23606797749979,2.0,2.23606797749979,3.0,5.0,6.0,8.0,9.0,10.04987562112089,11.180339887498949,11.40175425099138,13.0,13.416407864998739,13.601470508735444,12.727922061357855,12.806248474865697,11.661903789690601,11.180339887498949,9.486832980505138,8.246211251235321,7.0,5.0990195135927845,4.47213595499958,3.605551275463989,3.605551275463989,4.123105625617661,0.0,0.0,0.0,0.0,0.0,0.0,0.0,0.0,0.0,0.0,0.0,16.76305461424021,15.811388300841896,15.231546211727817,13.92838827718412,13.601470508735444,11.704699910719626,9.486832980505138,7.280109889280518,5.0990195135927845,3.1622776601683795,2.23606797749979,2.23606797749979,2.8284271247461903,5.0,6.324555320336759,7.0710678118654755,9.0,10.0,9.055385138137417,10.0,10.198039027185569,9.219544457292887,8.54400374531753,7.280109889280518,7.0,5.0
1787403262.8767772,-70,0.0,26.570660511172846,24.351591323771842,22.135943621178654,18.681541692269406,15.297058540778355,10.0,6.324555320336759,5.0,5.0,7.280109889280518,9.486832980505138,12.36931687685298,14.317821063276353,17.26267650163207,18.110770276274835,18.110770276274835,18.027756377319946,18.0,16.0,14.0,12.0,8.0,4.123105625617661,1.4142135623730951,3.1622776601683795,5.0990195135927845,0.0,0.0,0.0,0.0,0.0,0.0,0.0,0.0,0.0,0.0,0.0,4.123105625617661,2.8284271247461903,2.0,3.1622776601683795,5.0990195135927845,6.708203932499369,9.219544457292887,12.041594578792296,13.601470508735444,15.620499351813308,16.401219466856727,17.204650534085253,17.4928556845359,17.88854381999832,17.46424919657298,16.76305461424021,14.317821063276353,11.180339887498949,7.280109889280518,5.0,4.123105625617661,5.830951894845301,11.40175425099138,16.401219466856727,21.095023109728988,23.706539182259394
1787403263.0037289,-69,0.0,21.37755832643195,20.223748416156685,19.1049731745428,18.110770276274835,17.029386365926403,17.0,15.0,14.035668847618199,13.038404810405298,12.041594578792296,11.045361017187261,10.198039027185569,10.44030650891055,10.44030650891055,11.40175425099138,11.40175425099138,10.44030650891055,9.848857801796104,9.848857801796104,10.770329614269007,10.770329614269007,10.770329614269007,10.44030650891055,10.198039027185569,9.219544457292887,8.06225774829855,0.0,0.0,0.0,0.0,0.0,0.0,0.0,0.0,0.0,0.0,0.0,6.4031242374328485,5.0,4.47213595499958,4.47213595499958,5.0990195135927845,5.0990195135927845,6.0,6.082762530298219,8.06225774829855,9.055385138137417,9.055385138137417,8.06225774829855,9.219544457292887,9.486832980505138,9.486832980505138,10.44030650891055,11.40175425099138,11.704699910719626,11.704699910719626,13.0,13.92838827718412,15.231546211727817,16.55294535724685,18.027756377319946,19.924858845171276,20.8806130178211
1787403263.0512185,-85,0.0,5.0990195135927845,5.0990195135927845,4.123105625617661,3.1622776601683795,3.605551275463989,2.23606797749979,1.4142135623730951,1.0,1.0,1.0,1.0,2.0,3.0,3.1622776601683795,5.385164807134504,7.211102550927978,8.602325267042627,9.899494936611665,10.63014581273465,10.63014581273465,10.816653826391969,9.848857801796104,9.219544457292887,8.06225774829855,8.06225774829855,7.615773105863909,0.0,0.0,0.0,0.0,0.0,0.0,0.0,0.0,0.0,0.0,0.0,18.973665961010276,18.027756377319946,18.027756377319946,17.08800749063506,15.652475842498529,13.892443989449804,13.038404810405298,11.40175425099138,10.63014581273465,9.433981132056603,8.246211251235321,9.0,10.198039027185569,10.770329614269007,13.416407864998739,13.892443989449804,13.892443989449804,14.422205101855956,15.0,13.601470508735444,13.601470508735444,11.661903789690601,10.295630140987,8.94427190999916,8.54400374531753,7.280109889280518
1787403263.109392,-69,0.0,20.615528128088304,20.615528128088304,19.313207915827967,19.313207915827967,18.027756377319946,16.76305461424021,15.524174696260024,14.560219778561036,13.601470508735444,13.0,11.180339887498949,11.661903789690601,10.816653826391969,11.40175425099138,11.40175425099138,11.40175425099138,11.40175425099138,11.40175425099138,11.40175425099138,11.40175425099138,11.40175425099138,10.816653826391969,10.295630140987,10.295630140987,8.94427190999916,8.06225774829855,0.0,0.0,0.0,0.0,0.0,0.0,0.0,0.0,0.0,0.0,0.0,5.0,4.47213595499958,4.123105625617661,5.0,5.0990195135927845,5.0990195135927845,5.385164807134504,6.324555320336759,7.280109889280518,8.246211251235321,8.246211251235321,8.246211251235321,8.54400374531753,8.54400374531753,8.94427190999916,10.295630140987,10.295630140987,11.661903789690601,12.206555615733702,13.601470508735444,14.422205101855956,15.811388300841896,17.204650534085253,18.867962264113206,20.591260281974,20.591260281974
1787403263.1302207,-81,0.0,16.0,16.0312195418814,16.492422502470642,16.76305461424021,17.46424919657298,16.55294535724685,16.1245154965971,14.422205101855956,13.038404810405298,11.40175425099138,10.0,8.94427190999916,7.615773105863909,8.246211251235321,9.219544457292887,9.219544457292887,10.198039027185569,11.180339887498949,11.180339887498949,11.40175425099138,11.180339887498949,10.198039027185569,10.198039027185569,9.055385138137417,9.0,9.0,0.0,0.0,0.0,0.0,0.0,0.0,0.0,0.0,0.0,0.0,0.0,6.0,6.0,6.082762530298219,6.082762530298219,7.0710678118654755,7.0710678118654755,8.06225774829855,8.0,9.0,8.0,8.06225774829855,7.280109889280518,7.615773105863909,7.615773105863909,5.830951894845301,5.656854249492381,6.4031242374328485,7.280109889280518,7.280109889280518,7.280109889280518,6.708203932499369,5.0,4.242640687119285,5.0,5.0990195135927845,6.0
1787403263.1302207,-84,0.0,14.317821063276353,15.132745950421556,15.132745950421556,16.1245154965971,15.132745950421556,15.033296378372908,14.035668847618199,12.041594578792296,10.0,8.0,6.082762530298219,4.47213595499958,5.0,5.385164807134504,7.0710678118654755,8.0,9.0,10.0,10.0,10.0,10.0,9.0,8.06225774829855,7.0710678118654755,5.0990195135927845,4.47213595499958,0.0,0.0,0.0,0.0,0.0,0.0,0.0,0.0,0.0,0.0,0.0,6.4031242374328485,7.211102550927978,7.0710678118654755,7.810249675906654,7.810249675906654,7.211102550927978,6.708203932499369,6.708203932499369,6.708203932499369,6.708203932499369,7.0710678118654755,6.0,7.280109889280518,7.280109889280518,8.0,7.0710678118654755,8.54400374531753,8.246211251235321,8.246211251235321,7.0710678118654755,7.280109889280518,6.082762530298219,5.0,4.47213595499958,5.656854249492381,6.708203932499369
1787403263.2254283,-70,0.0,22.135943621178654,22.135943621178654,20.8806130178211,20.615528128088304,19.6468827043885,18.681541692269406,17.46424919657298,16.278820596099706,15.297058540778355,13.601470508735444,12.649110640673518,12.649110640673518,12.083045973594572,12.083045973594572,12.529964086141668,12.083045973594572,12.083045973594572,12.529964086141668,12.529964086141668,12.529964086141668,12.083045973594572,12.083045973594572,11.704699910719626,10.44030650891055,9.486832980505138,9.486832980505138,0.0,0.0,0.0,0.0,0.0,0.0,0.0,0.0,0.0,0.0,0.0,7.280109889280518,7.280109889280518,6.082762530298219,6.0,7.0710678118654755,7.280109889280518,7.615773105863909,8.54400374531753,9.486832980505138,10.44030650891055,11.40175425099138,11.40175425099138,10.44030650891055,10.770329614269007,10.770329614269007,12.083045973594572,13.0,13.416407864998739,14.317821063276353,15.652475842498529,16.1245154965971,17.0,17.88854381999832,19.235384061671343,20.12461179749811,21.02379604162864
1787403263.272694,-69,0.0,27.202941017470888,26.248809496813376,23.40939982143925,18.788294228055936,14.422205101855956,10.63014581273465,7.0710678118654755,7.615773105863909,9.899494936611665,12.806248474865697,14.866068747318506,15.556349186104045,17.69180601295413,19.209372712298546,20.0,20.248456731316587,19.72308292331602,17.88854381999832,16.15549442140351,12.649110640673518,9.486832980505138,6.082762530298219,3.0,2.0,5.0,5.830951894845301,0.0,0.0,0.0,0.0,0.0,0.0,0.0,0.0,0.0,0.0,0.0,2.8284271247461903,1.0,1.0,2.8284271247461903,3.605551275463989,6.324555320336759,8.06225774829855,11.0,13.038404810405298,15.132745950421556,17.26267650163207,17.46424919657298,17.72004514666935,17.08800749063506,16.55294535724685,15.264337522473747,13.892443989449804,11.661903789690601,7.615773105863909,6.0,4.242640687119285,8.06225774829855,12.041594578792296,17.11724276862369,21.213203435596427,24.515301344262525
1787403263.478528,-69,0.0,27.018512172212592,26.076809620810597,23.194827009486403,19.235384061671343,14.317821063276353,8.94427190999916,5.0,5.0990195135927845,7.211102550927978,10.0,11.40175425099138,13.45362404707371,15.0,16.64331697709324,17.0,18.384776310850235,18.973665961010276,17.46424919657298,15.524174696260024,13.341664064126334,10.198039027185569,7.280109889280518,2.23606797749979,2.0,5.0,6.082762530298219,0.0,0.0,0.0,0.0,0.0,0.0,0.0,0.0,0.0,0.0,0.0,2.0,1.4142135623730951,1.4142135623730951,3.1622776601683795,6.0,8.06225774829855,9.219544457292887,11.704699910719626,15.231546211727817,18.384776310850235,19.697715603592208,19.697715603592208,19.235384061671343,17.4928556845359,15.811388300841896,14.866068747318506,12.727922061357855,10.0,6.708203932499369,5.0990195135927845,4.242640687119285,7.615773105863909,12.165525060596439,17.029386365926403,21.02379604162864,25.019992006393608
1787403263.604981,-69,0.0,28.653097563788805,27.459060435491963,24.413111231467404,20.0,16.278820596099706,11.40175425099138,7.280109889280518,5.830951894845301,7.211102550927978,9.848857801796104,10.770329614269007,13.038404810405298,15.0,16.97056274847714,17.69180601295413,18.601075237738275,18.601075237738275,17.4928556845359,17.0,14.7648230602334,11.180339887498949,7.615773105863909,4.123105625617661,2.23606797749979,3.605551275463989,5.830951894845301,0.0,0.0,0.0,0.0,0.0,0.0,0.0,0.0,0.0,0.0,0.0,3.605551275463989,2.0,2.23606797749979,3.0,4.47213595499958,5.0,7.810249675906654,9.848857801796104,13.601470508735444,16.76305461424021,17.72004514666935,17.72004514666935,17.26267650163207,17.029386365926403,15.0,13.038404810405298,12.041594578792296,10.04987562112089,8.0,4.47213595499958,5.0990195135927845,8.246211251235321,13.601470508735444,18.384776310850235,23.259406699226016,25.942243542145693
1787403263.6368506,-69,0.0,27.85677655436824,25.632011235952593,22.135943621178654,18.681541692269406,14.317821063276353,10.0,6.708203932499369,6.324555320336759,8.06225774829855,10.44030650891055,12.649110640673518,14.560219778561036,17.26267650163207,19.1049731745428,20.024984394500787,19.026297590440446,19.1049731745428,18.110770276274835,16.278820596099706,14.317821063276353,11.40175425099138,8.06225774829855,4.0,1.0,3.605551275463989,5.385164807134504,0.0,0.0,0.0,0.0,0.0,0.0,0.0,0.0,0.0,0.0,0.0,4.0,3.0,0.0,2.23606797749979,4.47213595499958,5.830951894845301,8.602325267042627,11.313708498984761,14.212670403551895,17.029386365926403,18.439088914585774,18.439088914585774,18.601075237738275,17.4928556845359,16.55294535724685,15.231546211727817,13.0,9.848857801796104,6.708203932499369,3.605551275463989,4.47213595499958,8.48528137423857,13.038404810405298,18.35755975068582,22.360679774997898,25.495097567963924
1787403263.653518,-69,0.0,31.575306807693888,30.805843601498726,26.92582403567252,23.08679276123039,17.46424919657298,13.038404810405298,7.810249675906654,6.082762530298219,8.602325267042627,10.63014581273465,12.727922061357855,14.866068747318506,17.204650534085253,19.4164878389476,20.248456731316587,20.591260281974,19.697715603592208,18.681541692269406,17.26267650163207,14.317821063276353,12.36931687685298,8.06225774829855,4.0,2.0,4.47213595499958,5.830951894845301,0.0,0.0,0.0,0.0,0.0,0.0,0.0,0.0,0.0,0.0,0.0,3.1622776601683795,2.0,1.4142135623730951,2.8284271247461903,5.385164807134504,7.0710678118654755,9.055385138137417,12.041594578792296,15.132745950421556,17.11724276862369,18.24828759089466,19.235384061671343,18.439088914585774,18.027756377319946,17.0,15.652475842498529,13.416407864998739,10.295630140987,6.324555320336759,4.123105625617661,5.0990195135927845,10.04987562112089,15.0,21.02379604162864,26.1725046566048,28.284271247461902
1787403263.6710787,-84,0.0,10.770329614269007,11.180339887498949,11.0,11.40175425099138,12.083045973594572,13.038404810405298,13.601470508735444,15.556349186104045,14.866068747318506,14.212670403551895,13.601470508735444,13.892443989449804,12.529964086141668,11.704699910719626,10.198039027185569,9.0,8.06225774829855,7.615773105863909,8.06225774829855,9.219544457292887,9.433981132056603,12.083045973594572,13.0,14.317821063276353,15.231546211727817,16.15549442140351,0.0,0.0,0.0,0.0,0.0,0.0,0.0,0.0,0.0,0.0,0.0,8.06225774829855,9.0,9.0,9.055385138137417,9.219544457292887,10.770329614269007,11.180339887498949,11.661903789690601,12.206555615733702,12.206555615733702,12.806248474865697,12.041594578792296,11.313708498984761,10.63014581273465,8.602325267042627,7.280109889280518,7.0710678118654755,8.602325267042627,11.313708498984761,14.212670403551895,17.804493814764857,19.849433241279208,21.2602916254693,23.345235059857504,24.758836806279895,25.495097567963924
1787403263.6710787,-83,0.0,10.04987562112089,10.04987562112089,9.486832980505138,10.295630140987,11.40175425099138,12.727922061357855,14.212670403551895,14.866068747318506,14.866068747318506,15.620499351813308,14.866068747318506,14.866068747318506,13.45362404707371,11.40175425099138,10.816653826391969,8.94427190999916,7.615773105863909,7.0710678118654755,7.0710678118654755,7.615773105863909,8.06225774829855,10.0,11.40175425099138,11.40175425099138,12.206555615733702,13.601470508735444,0.0,0.0,0.0,0.0,0.0,0.0,0.0,0.0,0.0,0.0,0.0,7.0710678118654755,6.4031242374328485,6.708203932499369,6.324555320336759,7.0710678118654755,8.0,9.0,10.04987562112089,10.04987562112089,11.045361017187261,11.045361017187261,11.0,10.0,9.0,8.06225774829855,7.280109889280518,6.708203932499369,7.810249675906654,8.94427190999916,11.40175425099138,14.866068747318506,16.76305461424021,18.973665961010276,19.924858845171276,20.248456731316587,21.18962010041709
1787403263.6710787,-83,0.0,12.806248474865697,12.806248474865697,12.529964086141668,13.601470508735444,15.132745950421556,17.029386365926403,18.0,20.024984394500787,20.024984394500787,20.024984394500787,19.0,19.0,18.0,16.0,14.035668847618199,12.041594578792296,11.40175425099138,9.848857801796104,10.0,10.63014581273465,11.661903789690601,12.083045973594572,15.231546211727817,16.15549442140351,17.46424919657298,18.384776310850235,0.0,0.0,0.0,0.0,0.0,0.0,0.0,0.0,0.0,0.0,0.0,7.211102550927978,7.211102550927978,7.810249675906654,8.48528137423857,9.219544457292887,10.816653826391969,11.661903789690601,13.892443989449804,13.892443989449804,15.264337522473747,15.264337522473747,15.264337522473747,13.892443989449804,13.416407864998739,12.083045973594572,10.198039027185569,10.04987562112089,11.40175425099138,12.529964086141668,15.0,18.601075237738275,20.0,22.20360331117452,24.413111231467404,25.238858928247925,26.076809620810597
1787403263.7637882,-72,0.0,25.079872407968907,24.166091947189145,20.12461179749811,17.0,12.206555615733702,7.810249675906654,5.0990195135927845,5.0,8.06225774829855,9.848857801796104,12.083045973594572,14.317821063276353,16.1245154965971,17.4928556845359,18.027756377319946,18.601075237738275,17.69180601295413,16.278820596099706,14.866068747318506,12.041594578792296,9.219544457292887,6.4031242374328485,3.1622776601683795,1.4142135623730951,2.8284271247461903,5.0,0.0,0.0,0.0,0.0,0.0,0.0,0.0,0.0,0.0,0.0,0.0,3.605551275463989,2.23606797749979,0.0,2.0,4.123105625617661,7.0710678118654755,9.0,12.041594578792296,15.033296378372908,16.0312195418814,17.029386365926403,17.11724276862369,17.26267650163207,16.492422502470642,14.866068747318506,13.92838827718412,12.083045973594572,8.94427190999916,7.0710678118654755,4.47213595499958,5.385164807134504,8.0,12.165525060596439,16.492422502470642,19.924858845171276,22.135943621178654
1787403263.9222486,-69,0.0,30.364452901377952,27.892651361962706,23.40939982143925,16.15549442140351,11.180339887498949,7.0,4.47213595499958,3.1622776601683795,5.385164807134504,8.06225774829855,10.770329614269007,12.36931687685298,15.524174696260024,18.681541692269406,19.924858845171276,19.4164878389476,19.1049731745428,18.110770276274835,18.110770276274835,16.1245154965971,12.041594578792296,9.055385138137417,7.0,2.23606797749979,2.8284271247461903,5.0990195135927845,0.0,0.0,0.0,0.0,0.0,0.0,0.0,0.0,0.0,0.0,0.0,5.830951894845301,5.0,1.4142135623730951,0.0,2.8284271247461903,4.47213595499958,7.615773105863909,10.816653826391969,13.892443989449804,17.4928556845359,18.027756377319946,18.601075237738275,18.027756377319946,16.1245154965971,14.317821063276353,13.0,11.704699910719626,8.54400374531753,5.0,4.123105625617661,5.385164807134504,9.219544457292887,15.264337522473747,20.12461179749811,22.825424421026653,24.186773244895647
1787403263.9380596,-69,0.0,26.68332812825267,25.96150997149434,23.08679276123039,17.72004514666935,12.165525060596439,8.0,3.605551275463989,4.0,6.708203932499369,10.0,10.816653826391969,12.529964086141668,16.15549442140351,17.08800749063506,18.027756377319946,17.72004514666935,18.439088914585774,17.46424919657298,15.132745950421556,13.152946437965905,12.165525060596439,8.06225774829855,4.123105625617661,2.23606797749979,3.605551275463989,5.0,0.0,0.0,0.0,0.0,0.0,0.0,0.0,0.0,0.0,0.0,0.0,3.1622776601683795,2.23606797749979,1.4142135623730951,0.0,3.605551275463989,5.0,7.810249675906654,10.816653826391969,14.422205101855956,17.204650534085253,18.439088914585774,18.439088914585774,17.804493814764857,15.811388300841896,14.317821063276353,12.529964086141668,11.180339887498949,8.94427190999916,5.656854249492381,5.0990195135927845,5.830951894845301,10.0,13.416407864998739,17.08800749063506,20.8806130178211,25.298221281347036
1787403264.4465547,-87,0.0,5.0,4.0,5.0,8.246211251235321,12.165525060596439,16.0312195418814,20.0,22.0,22.0,21.02379604162864,20.09975124224178,19.026297590440446,16.0312195418814,12.165525060596439,9.055385138137417,6.708203932499369,5.0,4.123105625617661,4.0,4.123105625617661,4.47213595499958,5.385164807134504,6.324555320336759,7.280109889280518,7.615773105863909,7.615773105863909,0.0,0.0,0.0,0.0,0.0,0.0,0.0,0.0,0.0,0.0,0.0,5.385164807134504,3.0,2.23606797749979,4.47213595499958,8.602325267042627,11.313708498984761,13.601470508735444,15.811388300841896,16.64331697709324,18.867962264113206,20.591260281974,20.591260281974,17.46424919657298,13.038404810405298,11.40175425099138,10.770329614269007,12.041594578792296,12.649110640673518,14.212670403551895,17.029386365926403,18.867962264113206,20.591260281974,21.02379604162864,21.540659228538015,20.615528128088304,21.095023109728988
1787403265.2591653,-70,0.0,22.090722034374522,22.02271554554524,22.0,21.0,19.0,17.029386365926403,17.029386365926403,16.0312195418814,14.0,12.0,11.0,11.045361017187261,11.40175425099138,10.44030650891055,10.44030650891055,10.44030650891055,9.848857801796104,10.295630140987,10.295630140987,9.848857801796104,9.848857801796104,12.083045973594572,11.704699910719626,10.44030650891055,9.219544457292887,8.54400374531753,0.0,0.0,0.0,0.0,0.0,0.0,0.0,0.0,0.0,0.0,0.0,6.4031242374328485,5.656854249492381,5.830951894845301,5.385164807134504,6.324555320336759,6.082762530298219,7.0710678118654755,8.0,9.0,9.055385138137417,9.055385138137417,9.0,9.055385138137417,10.04987562112089,11.180339887498949,11.180339887498949,12.36931687685298,13.341664064126334,14.560219778561036,15.524174696260024,16.76305461424021,18.681541692269406,19.924858845171276,21.587033144922902,22.360679774997898,22.20360331117452
1787403265.4634142,-89,0.0,13.0,14.0,15.0,16.0312195418814,17.11724276862369,17.26267650163207,17.26267650163207,16.278820596099706,16.278820596099706,15.297058540778355,14.317821063276353,13.341664064126334,12.165525060596439,11.045361017187261,10.0,9.055385138137417,7.280109889280518,7.211102550927978,6.4031242374328485,5.385164807134504,6.082762530298219,6.0,5.0990195135927845,4.47213595499958,4.47213595499958,2.8284271247461903,0.0,0.0,0.0,0.0,0.0,0.0,0.0,0.0,0.0,0.0,0.0,4.242640687119285,5.0,6.4031242374328485,7.615773105863909,8.54400374531753,10.44030650891055,10.44030650891055,11.045361017187261,11.0,12.041594578792296,12.041594578792296,13.038404810405298,13.038404810405298,13.038404810405298,11.045361017187261,12.041594578792296,11.045361017187261,12.0,11.180339887498949,12.36931687685298,11.704699910719626,10.816653826391969,11.40175425099138,12.806248474865697,12.041594578792296,12.806248474865697
1787403265.4949832,-69,0.0,29.410882339705484,28.0178514522438,25.80697580112788,22.02271554554524,18.384776310850235,14.422205101855956,11.40175425099138,11.045361017187261,10.770329614269007,12.529964086141668,13.892443989449804,14.317821063276353,16.15549442140351,16.76305461424021,16.278820596099706,17.11724276862369,16.0312195418814,15.033296378372908,12.165525060596439,10.44030650891055,7.615773105863909,4.47213595499958,1.4142135623730951,2.0,3.1622776601683795,5.0,0.0,0.0,0.0,0.0,0.0,0.0,0.0,0.0,0.0,0.0,0.0,3.0,2.23606797749979,2.0,3.0,5.0,6.0,8.246211251235321,10.44030650891055,12.083045973594572,15.264337522473747,15.811388300841896,17.029386365926403,16.97056274847714,16.401219466856727,15.264337522473747,14.317821063276353,13.0,11.180339887498949,8.602325267042627,7.810249675906654,7.280109889280518,9.219544457292887,13.416407864998739,18.35755975068582,23.323807579381203,24.698178070456937
1787403265.5203156,-69,0.0,33.37663853655727,31.400636936215164,28.442925306655784,24.73863375370596,20.248456731316587,16.1245154965971,12.727922061357855,11.704699910719626,12.041594578792296,13.038404810405298,14.035668847618199,15.0,17.11724276862369,18.439088914585774,18.973665961010276,18.788294228055936,18.867962264113206,16.401219466856727,14.142135623730951,11.40175425099138,8.602325267042627,5.830951894845301,2.0,2.8284271247461903,5.0,5.830951894845301,0.0,0.0,0.0,0.0,0.0,0.0,0.0,0.0,0.0,0.0,0.0,4.123105625617661,3.1622776601683795,2.23606797749979,2.0,4.47213595499958,6.324555320336759,8.54400374531753,11.40175425099138,14.866068747318506,17.804493814764857,18.867962264113206,20.12461179749811,20.615528128088304,18.681541692269406,17.26267650163207,17.11724276862369,15.297058540778355,12.165525060596439,10.198039027185569,9.486832980505138,8.48528137423857,11.40175425099138,15.0,20.024984394500787,25.079872407968907,27.16615541441225
1787403265.548231,-70,0.0,31.38470965295043,30.463092423455635,27.730849247724095,23.706539182259394,18.601075237738275,14.866068747318506,12.083045973594572,11.0,11.40175425099138,13.0,13.416407864998739,15.231546211727817,15.811388300841896,17.26267650163207,18.027756377319946,18.0,17.11724276862369,16.492422502470642,13.92838827718412,11.180339887498949,8.06225774829855,4.47213595499958,1.4142135623730951,2.0,4.47213595499958,6.708203932499369,0.0,0.0,0.0,0.0,0.0,0.0,0.0,0.0,0.0,0.0,0.0,5.0,3.0,1.4142135623730951,3.0,6.0,8.246211251235321,8.94427190999916,10.816653826391969,13.601470508735444,16.97056274847714,18.439088914585774,18.601075237738275,18.027756377319946,19.235384061671343,18.384776310850235,16.492422502470642,14.142135623730951,11.40175425099138,9.848857801796104,7.810249675906654,7.615773105863909,11.0,14.317821063276353,19.6468827043885,24.041630560342615,27.51363298439521
1787403265.5577276,-70,0.0,30.083217912982647,29.154759474226502,26.570660511172846,21.840329667841555,18.439088914585774,14.035668847618199,11.40175425099138,10.63014581273465,10.816653826391969,12.529964086141668,13.038404810405298,14.422205101855956,15.620499351813308,16.97056274847714,17.804493814764857,18.027756377319946,17.0,16.15549442140351,13.601470508735444,11.180339887498949,9.055385138137417,6.082762530298219,2.0,1.0,4.123105625617661,5.0,0.0,0.0,0.0,0.0,0.0,0.0,0.0,0.0,0.0,0.0,0.0,6.4031242374328485,4.47213595499958,3.1622776601683795,3.605551275463989,5.385164807134504,6.4031242374328485,8.06225774829855,10.44030650891055,13.152946437965905,16.278820596099706,17.11724276862369,18.027756377319946,17.11724276862369,17.72004514666935,17.08800749063506,14.866068747318506,13.92838827718412,12.083045973594572,9.486832980505138,8.0,7.211102550927978,10.0,14.7648230602334,19.235384061671343,23.769728648009426,26.0
1787403265.6535745,-82,0.0,12.529964086141668,11.704699910719626,10.198039027185569,10.04987562112089,10.198039027185569,12.0,18.027756377319946,22.0,21.095023109728988,20.396078054371138,19.924858845171276,16.76305461424021,14.317821063276353,18.24828759089466,18.681541692269406,12.36931687685298,8.54400374531753,6.082762530298219,4.47213595499958,4.123105625617661,5.0,8.06225774829855,8.06225774829855,7.810249675906654,11.40175425099138,13.038404810405298,0.0,0.0,0.0,0.0,0.0,0.0,0.0,0.0,0.0,0.0,0.0,8.06225774829855,8.54400374531753,7.0710678118654755,5.0,6.4031242374328485,7.0710678118654755,7.0710678118654755,10.816653826391969,14.317821063276353,15.524174696260024,16.278820596099706,17.0,17.08800749063506,13.416407864998739,8.54400374531753,4.123105625617661,3.0,5.0,9.055385138137417,13.152946437965905,16.15549442140351,17.46424919657298,20.09975124224178,26.0,26.832815729997478,22.825424421026653
1787403266.9067986,-72,0.0,24.413111231467404,23.600847442411894,20.808652046684813,17.204650534085253,14.212670403551895,10.816653826391969,8.06225774829855,7.615773105863909,7.810249675906654,10.0,12.806248474865697,14.142135623730951,16.278820596099706,17.804493814764857,19.4164878389476,18.35755975068582,17.0,15.231546211727817,13.601470508735444,11.40175425099138,8.54400374531753,5.385164807134504,2.23606797749979,3.1622776601683795,6.0,8.0,0.0,0.0,0.0,0.0,0.0,0.0,0.0,0.0,0.0,0.0,0.0,4.242640687119285,2.8284271247461903,1.4142135623730951,1.0,2.23606797749979,4.47213595499958,7.211102550927978,9.899494936611665,12.727922061357855,15.620499351813308,17.029386365926403,16.401219466856727,16.64331697709324,16.55294535724685,15.811388300841896,14.560219778561036,12.36931687685298,11.180339887498949,9.486832980505138,7.211102550927978,6.708203932499369,8.06225774829855,11.704699910719626,16.55294535724685,20.591260281974,22.47220505424423
1787403266.938601,-72,0.0,28.600699292150182,27.202941017470888,25.0,20.808652046684813,16.1245154965971,10.770329614269007,7.0710678118654755,6.4031242374328485,8.54400374531753,10.04987562112089,11.045361017187261,14.317821063276353,16.76305461424021,18.384776310850235,18.788294228055936,18.35755975068582,18.027756377319946,16.401219466856727,14.212670403551895,12.727922061357855,9.899494936611665,7.0710678118654755,2.8284271247461903,1.0,4.47213595499958,6.4031242374328485,0.0,0.0,0.0,0.0,0.0,0.0,0.0,0.0,0.0,0.0,0.0,2.23606797749979,1.0,1.4142135623730951,2.0,5.0,6.082762530298219,8.246211251235321,10.295630140987,13.038404810405298,15.811388300841896,16.401219466856727,17.029386365926403,16.278820596099706,15.620499351813308,14.422205101855956,13.892443989449804,12.083045973594572,10.295630140987,8.06225774829855,5.656854249492381,5.0990195135927845,9.433981132056603,14.212670403551895,19.1049731745428,24.20743687382041,26.627053911388696
1787403267.4001439,-71,0.0,22.67156809750927,22.02271554554524,22.02271554554524,21.400934559032695,21.095023109728988,18.788294228055936,16.1245154965971,15.0,15.0,13.601470508735444,13.45362404707371,12.727922061357855,12.727922061357855,13.45362404707371,13.45362404707371,13.45362404707371,13.45362404707371,12.041594578792296,12.041594578792296,11.313708498984761,11.313708498984761,11.313708498984761,10.63014581273465,9.899494936611665,9.219544457292887,8.602325267042627,0.0,0.0,0.0,0.0,0.0,0.0,0.0,0.0,0.0,0.0,0.0,7.280109889280518,7.0710678118654755,6.0,7.0710678118654755,7.0710678118654755,7.280109889280518,8.54400374531753,9.486832980505138,9.848857801796104,11.40175425099138,12.36931687685298,11.180339887498949,11.180339887498949,10.44030650891055,9.848857801796104,9.848857801796104,9.433981132056603,10.0,12.041594578792296,12.727922061357855,14.142135623730951,14.866068747318506,16.278820596099706,18.384776310850235,20.518284528683193,20.518284528683193
1787403267.606073,-78,0.0,14.035668847618199,17.029386365926403,18.027756377319946,20.024984394500787,21.095023109728988,21.095023109728988,20.09975124224178,19.026297590440446,16.0312195418814,12.165525060596439,9.055385138137417,4.123105625617661,1.0,5.385164807134504,9.486832980505138,14.035668847618199,17.029386365926403,18.027756377319946,17.029386365926403,16.1245154965971,15.033296378372908,15.132745950421556,15.297058540778355,13.341664064126334,9.848857801796104,7.810249675906654,0.0,0.0,0.0,0.0,0.0,0.0,0.0,0.0,0.0,0.0,0.0,6.324555320336759,7.615773105863909,9.486832980505138,10.44030650891055,10.770329614269007,10.770329614269007,10.770329614269007,9.848857801796104,7.280109889280518,4.123105625617661,2.0,3.0,5.0,6.4031242374328485,7.615773105863909,8.94427190999916,9.848857801796104,10.198039027185569,11.0,11.0,11.045361017187261,8.06225774829855,5.0990195135927845,3.1622776601683795,1.0,3.1622776601683795
1787403267.6176832,-78,0.0,14.866068747318506,17.46424919657298,20.615528128088304,22.360679774997898,22.360679774997898,21.470910553583888,20.248456731316587,18.027756377319946,15.811388300841896,13.038404810405298,8.602325267042627,5.656854249492381,1.4142135623730951,2.8284271247461903,7.211102550927978,11.40175425099138,14.866068747318506,16.278820596099706,17.804493814764857,19.849433241279208,19.849433241279208,16.401219466856727,11.661903789690601,9.848857801796104,7.280109889280518,4.123105625617661,0.0,0.0,0.0,0.0,0.0,0.0,0.0,0.0,0.0,0.0,0.0,6.0,10.0,12.0,13.0,13.0,12.0,11.0,9.0,7.0,5.0990195135927845,2.23606797749979,1.0,4.123105625617661,6.082762530298219,8.06225774829855,9.055385138137417,10.04987562112089,11.40175425099138,11.704699910719626,9.848857801796104,7.615773105863909,5.830951894845301,3.605551275463989,1.0,2.23606797749979,5.0
1787403267.6222038,-78,0.0,13.038404810405298,14.035668847618199,16.1245154965971,18.24828759089466,18.110770276274835,18.027756377319946,17.0,15.033296378372908,12.165525060596439,9.219544457292887,6.082762530298219,3.0,0.0,4.123105625617661,7.280109889280518,10.44030650891055,12.649110640673518,15.811388300841896,17.08800749063506,16.15549442140351,15.811388300841896,14.317821063276353,13.152946437965905,10.04987562112089,7.0,5.0990195135927845,0.0,0.0,0.0,0.0,0.0,0.0,0.0,0.0,0.0,0.0,0.0,6.4031242374328485,7.211102550927978,7.810249675906654,9.899494936611665,11.313708498984761,11.313708498984761,9.219544457292887,7.810249675906654,5.656854249492381,2.23606797749979,0.0,2.23606797749979,5.0,6.4031242374328485,8.602325267042627,10.295630140987,10.295630140987,9.848857801796104,10.44030650891055,10.44030650891055,9.486832980505138,7.615773105863909,4.47213595499958,1.4142135623730951,2.23606797749979,4.123105625617661
1787403267.8277485,-71,0.0,23.194827009486403,22.360679774997898,21.37755832643195,20.615528128088304,19.6468827043885,18.027756377319946,16.15549442140351,15.231546211727817,13.92838827718412,11.704699910719626,10.44030650891055,9.219544457292887,9.219544457292887,9.219544457292887,9.055385138137417,9.055385138137417,9.055385138137417,9.055385138137417,8.06225774829855,7.0,7.0,7.0,7.0710678118654755,6.082762530298219,5.385164807134504,5.385164807134504,0.0,0.0,0.0,0.0,0.0,0.0,0.0,0.0,0.0,0.0,0.0,8.48528137423857,7.211102550927978,9.219544457292887,9.433981132056603,8.06225774829855,8.06225774829855,9.055385138137417,9.055385138137417,9.486832980505138,10.770329614269007,10.770329614269007,10.770329614269007,10.770329614269007,10.770329614269007,11.704699910719626,12.36931687685298,12.165525060596439,12.165525060596439,13.038404810405298,14.035668847618199,15.033296378372908,16.0,17.0,19.026297590440446,20.024984394500787,21.02379604162864
1787403268.224544,-72,0.0,21.470910553583888,21.470910553583888,20.12461179749811,20.12461179749811,18.788294228055936,18.384776310850235,16.15549442140351,15.231546211727817,13.0,10.770329614269007,11.180339887498949,10.816653826391969,10.816653826391969,10.816653826391969,10.816653826391969,9.433981132056603,10.0,10.0,9.219544457292887,9.219544457292887,9.219544457292887,10.0,9.433981132056603,8.94427190999916,6.708203932499369,5.830951894845301,0.0,0.0,0.0,0.0,0.0,0.0,0.0,0.0,0.0,0.0,0.0,7.615773105863909,6.324555320336759,5.0,5.0990195135927845,6.324555320336759,6.708203932499369,6.708203932499369,8.06225774829855,8.94427190999916,9.848857801796104,10.770329614269007,10.770329614269007,10.770329614269007,9.848857801796104,9.486832980505138,9.486832980505138,8.94427190999916,10.816653826391969,12.806248474865697,12.806248474865697,14.142135623730951,15.556349186104045,16.97056274847714,19.1049731745428,20.518284528683193,21.2602916254693
1787403268.7317283,-70,0.0,25.019992006393608,23.021728866442675,21.095023109728988,18.24828759089466,13.601470508735444,10.816653826391969,8.602325267042627,9.219544457292887,11.045361017187261,13.152946437965905,14.035668847618199,14.035668847618199,15.297058540778355,17.46424919657298,16.64331697709324,15.0,14.866068747318506,14.212670403551895,13.601470508735444,10.816653826391969,8.94427190999916,5.385164807134504,2.0,1.4142135623730951,4.123105625617661,6.324555320336759,0.0,0.0,0.0,0.0,0.0,0.0,0.0,0.0,0.0,0.0,0.0,3.1622776601683795,2.23606797749979,2.8284271247461903,2.23606797749979,1.4142135623730951,2.23606797749979,5.0,7.810249675906654,11.661903789690601,15.264337522473747,16.64331697709324,17.4928556845359,17.88854381999832,17.08800749063506,16.76305461424021,15.297058540778355,14.142135623730951,11.045361017187261,9.055385138137417,7.615773105863909,7.0710678118654755,8.246211251235321,13.038404810405298,19.0,24.08318915758459,23.194827009486403
1787403268.7496128,-71,0.0,28.0,28.0,24.020824298928627,18.110770276274835,13.341664064126334,10.295630140987,10.0,11.704699910719626,13.152946437965905,14.035668847618199,14.317821063276353,15.132745950421556,16.0312195418814,17.46424919657298,18.439088914585774,17.72004514666935,17.0,16.401219466856727,14.866068747318506,12.806248474865697,10.816653826391969,7.211102550927978,2.23606797749979,2.23606797749979,5.656854249492381,6.4031242374328485,0.0,0.0,0.0,0.0,0.0,0.0,0.0,0.0,0.0,0.0,0.0,2.23606797749979,2.23606797749979,3.0,2.23606797749979,2.0,3.605551275463989,5.830951894845301,8.54400374531753,12.36931687685298,16.278820596099706,19.4164878389476,20.396078054371138,20.223748416156685,19.0,18.110770276274835,16.1245154965971,13.341664064126334,12.165525060596439,10.0,7.615773105863909,6.4031242374328485,8.54400374531753,13.341664064126334,19.6468827043885,26.476404589747453,30.265491900843113
1787403268.7789843,-71,0.0,29.732137494637012,29.0,27.65863337187866,23.600847442411894,19.72308292331602,14.560219778561036,12.041594578792296,10.816653826391969,12.041594578792296,13.601470508735444,15.0,17.029386365926403,18.439088914585774,19.4164878389476,20.591260281974,19.697715603592208,18.027756377319946,17.26267650163207,16.0312195418814,13.038404810405298,10.198039027185569,6.324555320336759,2.8284271247461903,2.23606797749979,6.082762530298219,8.0,0.0,0.0,0.0,0.0,0.0,0.0,0.0,0.0,0.0,0.0,0.0,3.605551275463989,2.23606797749979,2.23606797749979,2.0,2.23606797749979,4.123105625617661,7.0710678118654755,10.770329614269007,14.317821063276353,18.788294228055936,21.470910553583888,22.825424421026653,23.021728866442675,22.80350850198276,21.2602916254693,19.79898987322333,17.029386365926403,14.212670403551895,11.313708498984761,9.848857801796104,10.0,12.649110640673518,16.55294535724685,21.633307652783937,25.612496949731394,27.65863337187866
1787403268.7789843,-71,0.0,26.076809620810597,24.413111231467404,22.80350850198276,19.209372712298546,14.866068747318506,11.661903789690601,9.055385138137417,7.615773105863909,9.219544457292887,11.313708498984761,12.041594578792296,13.601470508735444,14.422205101855956,15.231546211727817,15.811388300841896,15.297058540778355,15.033296378372908,14.142135623730951,12.36931687685298,10.44030650891055,8.54400374531753,5.385164807134504,1.4142135623730951,3.0,5.0990195135927845,6.082762530298219,0.0,0.0,0.0,0.0,0.0,0.0,0.0,0.0,0.0,0.0,0.0,2.23606797749979,1.0,1.4142135623730951,1.0,1.4142135623730951,3.1622776601683795,5.830951894845301,8.602325267042627,12.806248474865697,15.620499351813308,17.804493814764857,19.209372712298546,19.1049731745428,18.439088914585774,17.804493814764857,17.4928556845359,16.1245154965971,13.892443989449804,11.661903789690601,9.219544457292887,8.54400374531753,10.0,13.601470508735444,17.0,20.591260281974,22.825424421026653
1787403268.7949343,-82,0.0,2.23606797749979,6.4031242374328485,6.708203932499369,2.0,6.082762530298219,10.295630140987,14.422205101855956,12.083045973594572,16.15549442140351,22.360679774997898,23.194827009486403,20.8806130178211,17.0,13.601470508735444,11.313708498984761,8.602325267042627,7.280109889280518,6.4031242374328485,11.661903789690601,16.76305461424021,19.1049731745428,21.02379604162864,22.360679774997898,22.135943621178654,20.615528128088304,17.88854381999832,0.0,0.0,0.0,0.0,0.0,0.0,0.0,0.0,0.0,0.0,0.0,7.810249675906654,6.4031242374328485,7.280109889280518,9.055385138137417,8.54400374531753,8.602325267042627,9.219544457292887,9.219544457292887,9.848857801796104,9.219544457292887,9.0,8.0,6.0,4.47213595499958,2.23606797749979,5.385164807134504,6.082762530298219,8.0,11.0,14.142135623730951,16.492422502470642,16.492422502470642,17.08800749063506,16.401219466856727,14.866068747318506,12.727922061357855
1787403269.7635593,-70,0.0,25.495097567963924,23.430749027719962,21.400934559032695,17.204650534085253,12.529964086141668,7.280109889280518,4.123105625617661,5.0990195135927845,9.055385138137417,12.041594578792296,14.0,15.033296378372908,17.26267650163207,18.439088914585774,18.681541692269406,18.973665961010276,18.788294228055936,17.0,15.0,12.206555615733702,8.602325267042627,6.4031242374328485,2.23606797749979,2.23606797749979,5.0,5.830951894845301,0.0,0.0,0.0,0.0,0.0,0.0,0.0,0.0,0.0,0.0,0.0,4.242640687119285,2.23606797749979,1.4142135623730951,2.8284271247461903,5.0,7.211102550927978,10.295630140987,11.661903789690601,13.416407864998739,16.55294535724685,20.591260281974,20.591260281974,18.35755975068582,17.08800749063506,15.811388300841896,13.601470508735444,11.704699910719626,9.486832980505138,7.615773105863909,5.656854249492381,6.0,8.94427190999916,13.038404810405298,18.601075237738275,22.67156809750927,24.08318915758459
1787403269.8267145,-35,0.0,14.142135623730951,14.035668847618199,13.152946437965905,13.152946437965905,13.152946437965905,13.152946437965905,13.341664064126334,13.601470508735444,13.601470508735444,13.92838827718412,13.92838827718412,14.317821063276353,14.317821063276353,14.317821063276353,14.7648230602334,14.317821063276353,15.231546211727817,15.652475842498529,16.15549442140351,15.231546211727817,15.811388300841896,14.866068747318506,14.560219778561036,14.317821063276353,14.142135623730951,13.152946437965905,0.0,0.0,0.0,0.0,0.0,0.0,0.0,0.0,0.0,0.0,0.0,11.045361017187261,12.165525060596439,12.36931687685298,12.36931687685298,13.341664064126334,13.601470508735444,12.649110640673518,13.92838827718412,13.0,13.92838827718412,13.0,12.649110640673518,13.0,12.649110640673518,12.649110640673518,12.649110640673518,12.36931687685298,12.36931687685298,12.165525060596439,12.165525060596439,12.165525060596439,13.038404810405298,13.038404810405298,13.038404810405298,14.0,13.0
1787403269.8581548,-71,0.0,25.612496949731394,23.430749027719962,20.518284528683193,17.029386365926403,11.661903789690601,7.0710678118654755,6.4031242374328485,8.246211251235321,11.045361017187261,13.038404810405298,15.132745950421556,17.46424919657298,19.313207915827967,19.697715603592208,20.12461179749811,19.72308292331602,19.4164878389476,17.029386365926403,14.866068747318506,11.40175425099138,9.219544457292887,5.830951894845301,2.23606797749979,1.0,3.605551275463989,5.830951894845301,0.0,0.0,0.0,0.0,0.0,0.0,0.0,0.0,0.0,0.0,0.0,4.242640687119285,2.8284271247461903,2.0,3.1622776601683795,4.47213595499958,6.708203932499369,9.433981132056603,12.529964086141668,14.7648230602334,17.4928556845359,18.867962264113206,19.72308292331602,18.35755975068582,16.55294535724685,15.231546211727817,13.601470508735444,11.180339887498949,9.219544457292887,7.615773105863909,5.656854249492381,6.082762530298219,8.246211251235321,12.083045973594572,17.4928556845359,21.633307652783937,24.413111231467404
1787403269.9218106,-71,0.0,24.186773244895647,22.47220505424423,20.0,16.401219466856727,12.727922061357855,9.848857801796104,8.06225774829855,8.602325267042627,10.63014581273465,12.206555615733702,13.601470508735444,14.866068747318506,17.029386365926403,17.204650534085253,16.64331697709324,16.55294535724685,15.811388300841896,14.317821063276353,12.041594578792296,10.0,7.0,4.123105625617661,1.0,3.0,5.0,7.0710678118654755,0.0,0.0,0.0,0.0,0.0,0.0,0.0,0.0,0.0,0.0,0.0,4.123105625617661,3.1622776601683795,2.0,2.8284271247461903,4.242640687119285,6.4031242374328485,9.219544457292887,12.041594578792296,14.866068747318506,16.97056274847714,17.69180601295413,17.69180601295413,17.029386365926403,15.811388300841896,13.892443989449804,12.083045973594572,10.770329614269007,9.848857801796104,6.708203932499369,5.0,6.0,9.486832980505138,12.083045973594572,15.652475842498529,19.235384061671343,22.825424421026653
1787403269.9530256,-70,0.0,26.570660511172846,26.0,22.847319317591726,18.35755975068582,13.601470508735444,10.0,8.06225774829855,7.615773105863909,9.219544457292887,12.041594578792296,14.142135623730951,15.620499351813308,17.204650534085253,18.35755975068582,18.788294228055936,18.027756377319946,16.492422502470642,14.142135623730951,12.0,10.0,8.06225774829855,4.123105625617661,1.0,2.23606797749979,5.385164807134504,7.615773105863909,0.0,0.0,0.0,0.0,0.0,0.0,0.0,0.0,0.0,0.0,0.0,4.242640687119285,3.605551275463989,3.0,3.605551275463989,5.656854249492381,7.810249675906654,10.0,12.206555615733702,15.264337522473747,18.35755975068582,20.591260281974,20.591260281974,19.697715603592208,18.027756377319946,16.492422502470642,15.132745950421556,12.041594578792296,9.055385138137417,7.280109889280518,5.830951894845301,6.324555320336759,9.0,13.152946437965905,18.681541692269406,22.135943621178654,24.698178070456937
1787403269.9530256,-79,0.0,9.433981132056603,9.055385138137417,8.602325267042627,9.433981132056603,10.44030650891055,14.142135623730951,16.0,14.035668847618199,11.045361017187261,10.04987562112089,9.219544457292887,8.94427190999916,8.48528137423857,5.830951894845301,2.8284271247461903,3.0,3.1622776601683795,8.602325267042627,13.0,15.297058540778355,18.027756377319946,20.0,21.095023109728988,21.37755832643195,18.681541692269406,18.027756377319946,0.0,0.0,0.0,0.0,0.0,0.0,0.0,0.0,0.0,0.0,0.0,22.135943621178654,16.492422502470642,15.524174696260024,14.7648230602334,15.811388300841896,14.7648230602334,12.529964086141668,13.038404810405298,14.212670403551895,13.92838827718412,11.180339887498949,9.055385138137417,12.083045973594572,14.422205101855956,13.601470508735444,14.212670403551895,17.029386365926403,17.88854381999832,17.72004514666935,18.973665961010276,18.973665961010276,18.24828759089466,17.26267650163207,15.811388300841896,13.0,12.165525060596439
1787403269.9530256,-77,0.0,3.0,3.1622776601683795,5.0990195135927845,6.324555320336759,10.198039027185569,13.0,14.035668847618199,14.0,13.038404810405298,12.041594578792296,14.142135623730951,14.317821063276353,10.770329614269007,9.433981132056603,8.06225774829855,5.830951894845301,3.0,5.0990195135927845,7.280109889280518,10.295630140987,14.866068747318506,15.811388300841896,14.422205101855956,14.7648230602334,15.524174696260024,15.297058540778355,0.0,0.0,0.0,0.0,0.0,0.0,0.0,0.0,0.0,0.0,0.0,13.45362404707371,16.1245154965971,14.7648230602334,15.0,14.866068747318506,12.206555615733702,10.816653826391969,8.06225774829855,5.0,3.0,1.4142135623730951,4.123105625617661,7.615773105863909,9.848857801796104,10.770329614269007,9.848857801796104,9.219544457292887,9.899494936611665,10.63014581273465,11.661903789690601,12.36931687685298,14.035668847618199,12.041594578792296,7.0710678118654755,6.0,4.47213595499958
1787403269.9689233,-71,0.0,26.248809496813376,27.80287754891569,25.612496949731394,18.439088914585774,12.041594578792296,8.54400374531753,8.246211251235321,8.602325267042627,10.816653826391969,12.083045973594572,13.416407864998739,14.422205101855956,15.620499351813308,16.278820596099706,16.401219466856727,15.264337522473747,13.416407864998739,11.704699910719626,10.44030650891055,8.246211251235321,6.0,3.1622776601683795,2.0,3.605551275463989,5.830951894845301,6.324555320336759,0.0,0.0,0.0,0.0,0.0,0.0,0.0,0.0,0.0,0.0,0.0,6.082762530298219,4.0,3.1622776601683795,3.605551275463989,5.0,7.211102550927978,9.219544457292887,12.041594578792296,14.142135623730951,16.97056274847714,18.384776310850235,19.1049731745428,17.69180601295413,16.278820596099706,15.0,13.601470508735444,11.40175425099138,9.219544457292887,7.810249675906654,6.708203932499369,8.06225774829855,10.198039027185569,13.0,15.652475842498529,20.591260281974,23.323807579381203
1787403270.000858,-80,0.0,8.48528137423857,10.0,12.806248474865697,15.0,15.811388300841896,14.422205101855956,12.083045973594572,12.041594578792296,12.165525060596439,13.92838827718412,14.7648230602334,14.422205101855956,15.811388300841896,14.422205101855956,11.180339887498949,7.280109889280518,5.830951894845301,10.295630140987,14.866068747318506,17.26267650163207,18.110770276274835,20.024984394500787,21.02379604162864,22.02271554554524,23.0,21.02379604162864,0.0,0.0,0.0,0.0,0.0,0.0,0.0,0.0,0.0,0.0,0.0,8.0,8.06225774829855,7.615773105863909,9.899494936611665,10.63014581273465,9.219544457292887,9.219544457292887,9.899494936611665,7.810249675906654,5.0990195135927845,6.082762530298219,5.0990195135927845,5.0,6.4031242374328485,7.0710678118654755,7.810249675906654,6.4031242374328485,5.830951894845301,7.280109889280518,9.0,9.219544457292887,9.486832980505138,11.40175425099138,11.704699910719626,8.06225774829855,5.385164807134504
1787403271.8255284,-92,0.0,9.0,8.06225774829855,6.324555320336759,5.830951894845301,5.385164807134504,6.082762530298219,8.0,10.0,12.041594578792296,13.0,13.038404810405298,14.035668847618199,13.152946437965905,13.601470508735444,12.649110640673518,11.704699910719626,10.295630140987,8.06225774829855,5.830951894845301,3.605551275463989,2.8284271247461903,1.4142135623730951,1.4142135623730951,2.23606797749979,3.1622776601683795,5.0,0.0,0.0,0.0,0.0,0.0,0.0,0.0,0.0,0.0,0.0,0.0,12.206555615733702,12.529964086141668,13.0,12.649110640673518,13.152946437965905,13.038404810405298,13.038404810405298,13.152946437965905,13.341664064126334,10.770329614269007,9.433981132056603,8.48528137423857,7.810249675906654,6.708203932499369,7.0710678118654755,8.06225774829855,8.0,9.0,10.04987562112089,11.045361017187261,12.041594578792296,13.038404810405298,13.152946437965905,14.142135623730951,14.142135623730951,14.142135623730951
1787403271.920604,-69,0.0,31.144823004794873,29.732137494637012,27.586228448267445,22.80350850198276,17.4928556845359,10.770329614269007,6.082762530298219,6.324555320336759,10.0,12.165525060596439,13.152946437965905,14.142135623730951,16.0312195418814,19.026297590440446,19.1049731745428,18.110770276274835,17.26267650163207,15.524174696260024,13.0,9.433981132056603,7.0710678118654755,4.47213595499958,3.0,4.242640687119285,5.0990195135927845,7.0,0.0,0.0,0.0,0.0,0.0,0.0,0.0,0.0,0.0,0.0,0.0,2.0,2.23606797749979,3.1622776601683795,4.123105625617661,5.656854249492381,7.615773105863909,10.198039027185569,14.035668847618199,18.027756377319946,21.02379604162864,23.021728866442675,24.020824298928627,22.02271554554524,21.0,20.09975124224178,18.24828759089466,15.297058540778355,12.165525060596439,9.055385138137417,5.0990195135927845,4.123105625617661,7.615773105863909,13.038404810405298,19.4164878389476,24.20743687382041,27.018512172212592
1787403272.11027,-70,0.0,20.024984394500787,20.0,21.02379604162864,21.02379604162864,20.09975124224178,20.09975124224178,18.027756377319946,17.11724276862369,16.278820596099706,14.317821063276353,12.165525060596439,10.04987562112089,10.0,9.0,9.0,9.0,10.04987562112089,9.0,8.0,8.0,7.0,8.06225774829855,8.06225774829855,6.082762530298219,6.082762530298219,7.280109889280518,0.0,0.0,0.0,0.0,0.0,0.0,0.0,0.0,0.0,0.0,0.0,5.830951894845301,5.0,5.385164807134504,6.082762530298219,7.0,7.0,7.0710678118654755,7.0710678118654755,8.0,9.0,11.045361017187261,10.04987562112089,10.0,10.0,10.04987562112089,11.0,12.041594578792296,11.180339887498949,12.36931687685298,13.341664064126334,14.317821063276353,16.278820596099706,17.26267650163207,19.4164878389476,20.396078054371138,20.396078054371138
1787403272.11027,-69,0.0,20.396078054371138,19.4164878389476,18.24828759089466,18.439088914585774,18.681541692269406,16.76305461424021,15.811388300841896,15.231546211727817,14.317821063276353,12.083045973594572,10.770329614269007,10.44030650891055,10.198039027185569,9.219544457292887,10.198039027185569,10.04987562112089,10.04987562112089,9.055385138137417,8.06225774829855,8.06225774829855,7.0710678118654755,7.0,7.0710678118654755,6.082762530298219,6.082762530298219,6.082762530298219,0.0,0.0,0.0,0.0,0.0,0.0,0.0,0.0,0.0,0.0,0.0,4.47213595499958,3.605551275463989,4.242640687119285,5.0,5.830951894845301,6.324555320336759,6.324555320336759,7.280109889280518,8.54400374531753,9.486832980505138,9.848857801796104,9.848857801796104,9.848857801796104,8.54400374531753,8.246211251235321,9.219544457292887,11.180339887498949,12.165525060596439,13.038404810405298,14.035668847618199,15.033296378372908,15.033296378372908,16.0312195418814,17.029386365926403,18.110770276274835,20.223748416156685
1787403272.1262567,-70,0.0,20.518284528683193,20.518284528683193,20.518284528683193,19.79898987322333,19.849433241279208,19.209372712298546,17.804493814764857,15.811388300841896,14.422205101855956,13.038404810405298,12.206555615733702,12.206555615733702,11.40175425099138,9.219544457292887,9.219544457292887,9.219544457292887,10.0,9.219544457292887,7.810249675906654,7.211102550927978,7.211102550927978,7.810249675906654,7.0710678118654755,6.4031242374328485,6.4031242374328485,7.211102550927978,0.0,0.0,0.0,0.0,0.0,0.0,0.0,0.0,0.0,0.0,0.0,5.385164807134504,4.123105625617661,4.123105625617661,4.123105625617661,5.0,5.656854249492381,6.4031242374328485,6.4031242374328485,7.810249675906654,9.219544457292887,10.0,10.0,9.219544457292887,9.219544457292887,10.63014581273465,10.63014581273465,10.63014581273465,12.041594578792296,12.041594578792296,12.806248474865697,13.601470508735444,15.264337522473747,16.64331697709324,18.601075237738275,19.849433241279208,18.439088914585774
1787403272.1262567,-70,0.0,20.808652046684813,21.400934559032695,21.400934559032695,20.0,20.0,19.849433241279208,18.384776310850235,17.69180601295413,15.556349186104045,14.142135623730951,12.727922061357855,12.041594578792296,11.40175425099138,11.40175425099138,10.63014581273465,10.0,10.0,9.433981132056603,9.433981132056603,8.06225774829855,7.615773105863909,7.615773105863909,8.06225774829855,7.615773105863909,7.615773105863909,6.708203932499369,0.0,0.0,0.0,0.0,0.0,0.0,0.0,0.0,0.0,0.0,0.0,6.082762530298219,5.0990195135927845,5.385164807134504,6.4031242374328485,5.656854249492381,6.4031242374328485,7.810249675906654,8.602325267042627,10.0,10.63014581273465,10.63014581273465,11.313708498984761,10.63014581273465,10.63014581273465,11.40175425099138,12.206555615733702,12.206555615733702,12.529964086141668,13.892443989449804,14.7648230602334,14.7648230602334,17.0,17.88854381999832,19.235384061671343,20.591260281974,20.591260281974
1787403272.1423473,-69,0.0,23.345235059857504,23.345235059857504,22.20360331117452,22.090722034374522,22.02271554554524,21.0,20.0,18.0,16.0312195418814,15.033296378372908,14.0,13.038404810405298,12.165525060596439,12.165525060596439,12.165525060596439,11.180339887498949,11.180339887498949,10.44030650891055,9.486832980505138,9.848857801796104,9.848857801796104,9.848857801796104,8.94427190999916,8.54400374531753,8.54400374531753,7.615773105863909,0.0,0.0,0.0,0.0,0.0,0.0,0.0,0.0,0.0,0.0,0.0,6.4031242374328485,5.830951894845301,5.0990195135927845,6.082762530298219,6.0,7.0,8.06225774829855,9.055385138137417,10.04987562112089,11.0,12.0,12.041594578792296,12.0,12.0,12.041594578792296,13.152946437965905,13.152946437965905,14.317821063276353,15.297058540778355,16.492422502470642,16.76305461424021,17.72004514666935,19.924858845171276,20.8806130178211,21.587033144922902,22.561028345356956
1787403272.2277274,-70,0.0,22.80350850198276,22.80350850198276,22.561028345356956,21.587033144922902,21.37755832643195,20.223748416156685,18.110770276274835,16.0312195418814,14.035668847618199,13.152946437965905,12.165525060596439,11.180339887498949,11.40175425099138,10.44030650891055,10.44030650891055,10.44030650891055,9.486832980505138,8.54400374531753,7.615773105863909,7.615773105863909,7.615773105863909,6.708203932499369,6.708203932499369,7.211102550927978,6.4031242374328485,5.830951894845301,0.0,0.0,0.0,0.0,0.0,0.0,0.0,0.0,0.0,0.0,0.0,5.656854249492381,5.0,4.47213595499958,5.0990195135927845,5.0,6.082762530298219,6.082762530298219,7.280109889280518,9.219544457292887,10.04987562112089,11.045361017187261,11.045361017187261,11.045361017187261,11.045361017187261,11.180339887498949,11.40175425099138,11.704699910719626,11.704699910719626,11.704699910719626,13.0,15.231546211727817,16.55294535724685,17.88854381999832,20.12461179749811,21.93171219946131,22.847319317591726
1787403272.2372677,-71,0.0,26.248809496813376,25.0,25.0,24.73863375370596,22.80350850198276,21.37755832643195,20.223748416156685,19.235384061671343,17.26267650163207,15.132745950421556,13.341664064126334,13.92838827718412,13.0,11.180339887498949,10.770329614269007,10.770329614269007,11.40175425099138,10.770329614269007,8.94427190999916,9.433981132056603,8.602325267042627,8.602325267042627,7.810249675906654,7.211102550927978,6.4031242374328485,6.4031242374328485,0.0,0.0,0.0,0.0,0.0,0.0,0.0,0.0,0.0,0.0,0.0,6.4031242374328485,5.0,3.1622776601683795,3.1622776601683795,4.123105625617661,5.385164807134504,6.324555320336759,8.246211251235321,9.486832980505138,11.704699910719626,11.40175425099138,12.165525060596439,12.165525060596439,12.165525060596439,12.36931687685298,11.704699910719626,13.416407864998739,14.7648230602334,16.1245154965971,17.0,17.0,18.35755975068582,19.72308292331602,21.470910553583888,24.166091947189145,26.40075756488817
1787403272.2372677,-71,0.0,22.02271554554524,22.02271554554524,21.0,21.02379604162864,20.024984394500787,19.1049731745428,18.24828759089466,16.278820596099706,14.317821063276353,13.152946437965905,11.045361017187261,10.0,10.0,10.0,10.0,10.0,9.0,8.0,7.0710678118654755,6.082762530298219,6.324555320336759,6.324555320336759,6.324555320336759,5.385164807134504,5.385164807134504,4.47213595499958,0.0,0.0,0.0,0.0,0.0,0.0,0.0,0.0,0.0,0.0,0.0,5.385164807134504,5.385164807134504,4.47213595499958,4.242640687119285,4.47213595499958,5.385164807134504,6.324555320336759,8.06225774829855,8.06225774829855,8.06225774829855,10.198039027185569,10.198039027185569,9.219544457292887,10.198039027185569,11.180339887498949,11.045361017187261,11.0,11.045361017187261,12.165525060596439,13.341664064126334,14.317821063276353,15.524174696260024,17.46424919657298,19.235384061671343,21.213203435596427,21.213203435596427
1787403272.3267837,-82,0.0,11.661903789690601,12.206555615733702,12.206555615733702,12.206555615733702,12.806248474865697,12.041594578792296,12.041594578792296,10.63014581273465,7.810249675906654,6.4031242374328485,4.242640687119285,2.23606797749979,1.0,2.8284271247461903,4.242640687119285,5.656854249492381,7.810249675906654,7.211102550927978,8.06225774829855,7.280109889280518,6.324555320336759,4.47213595499958,2.8284271247461903,2.23606797749979,3.1622776601683795,4.242640687119285,0.0,0.0,0.0,0.0,0.0,0.0,0.0,0.0,0.0,0.0,0.0,6.708203932499369,7.810249675906654,7.810249675906654,8.48528137423857,8.94427190999916,9.848857801796104,9.219544457292887,10.0,11.045361017187261,12.0,12.165525060596439,12.36931687685298,11.704699910719626,10.770329614269007,10.816653826391969,10.0,9.219544457292887,9.899494936611665,7.810249675906654,7.0710678118654755,5.0,4.47213595499958,2.0,1.4142135623730951,2.0,5.0990195135927845
1787403272.3640141,-80,0.0,9.848857801796104,8.602325267042627,8.94427190999916,12.165525060596439,15.0,18.027756377319946,20.024984394500787,20.09975124224178,19.1049731745428,18.0,17.11724276862369,15.524174696260024,14.866068747318506,13.892443989449804,13.45362404707371,13.0,14.142135623730951,18.027756377319946,21.095023109728988,24.08318915758459,25.317977802344327,24.515301344262525,23.53720459187964,23.08679276123039,22.847319317591726,18.788294228055936,0.0,0.0,0.0,0.0,0.0,0.0,0.0,0.0,0.0,0.0,0.0,9.219544457292887,10.816653826391969,10.44030650891055,10.0,10.44030650891055,8.94427190999916,7.810249675906654,6.4031242374328485,5.656854249492381,3.605551275463989,3.605551275463989,3.605551275463989,2.8284271247461903,1.0,1.0,2.23606797749979,3.1622776601683795,6.324555320336759,9.486832980505138,11.40175425099138,14.317821063276353,15.132745950421556,14.0,14.0,13.0,12.041594578792296
1787403272.426803,-82,0.0,12.529964086141668,13.892443989449804,15.811388300841896,16.401219466856727,17.029386365926403,17.69180601295413,17.69180601295413,16.278820596099706,15.0,12.206555615733702,9.848857801796104,7.280109889280518,5.0990195135927845,4.47213595499958,7.0,10.198039027185569,12.649110640673518,14.866068747318506,16.15549442140351,17.08800749063506,18.027756377319946,16.76305461424021,15.524174696260024,14.317821063276353,13.152946437965905,12.041594578792296,0.0,0.0,0.0,0.0,0.0,0.0,0.0,0.0,0.0,0.0,0.0,15.0,14.035668847618199,12.041594578792296,11.180339887498949,8.54400374531753,6.708203932499369,5.656854249492381,4.123105625617661,5.385164807134504,6.4031242374328485,7.810249675906654,9.219544457292887,10.0,10.0,10.0,9.219544457292887,7.810249675906654,6.4031242374328485,4.47213595499958,4.0,3.1622776601683795,3.605551275463989,4.242640687119285,4.47213595499958,4.47213595499958,4.123105625617661
1787403272.4386144,-71,0.0,22.0,23.021728866442675,22.090722034374522,21.095023109728988,20.223748416156685,19.4164878389476,17.72004514666935,16.76305461424021,14.560219778561036,13.601470508735444,12.36931687685298,12.041594578792296,11.0,11.045361017187261,11.0,10.0,10.0,10.04987562112089,9.0,9.055385138137417,9.055385138137417,8.246211251235321,8.246211251235321,7.0710678118654755,7.0,7.0,0.0,0.0,0.0,0.0,0.0,0.0,0.0,0.0,0.0,0.0,0.0,8.06225774829855,6.708203932499369,5.0,5.0,5.830951894845301,7.280109889280518,8.06225774829855,9.055385138137417,10.04987562112089,10.198039027185569,11.40175425099138,11.40175425099138,11.40175425099138,11.40175425099138,11.180339887498949,12.041594578792296,12.041594578792296,12.0,13.038404810405298,14.035668847618199,15.033296378372908,16.0312195418814,18.027756377319946,20.09975124224178,22.20360331117452,21.213203435596427
1787403272.5273173,-71,0.0,21.93171219946131,22.847319317591726,22.847319317591726,22.47220505424423,21.18962010041709,19.924858845171276,18.681541692269406,17.46424919657298,15.297058540778355,13.341664064126334,12.36931687685298,10.44030650891055,10.770329614269007,11.180339887498949,11.180339887498949,11.180339887498949,10.295630140987,9.433981132056603,9.219544457292887,9.219544457292887,9.219544457292887,9.219544457292887,8.602325267042627,8.602325267042627,7.810249675906654,7.810249675906654,0.0,0.0,0.0,0.0,0.0,0.0,0.0,0.0,0.0,0.0,0.0,7.810249675906654,5.830951894845301,4.123105625617661,5.0,6.082762530298219,7.280109889280518,7.280109889280518,8.246211251235321,10.44030650891055,11.40175425099138,12.165525060596439,12.165525060596439,12.165525060596439,11.180339887498949,12.36931687685298,12.649110640673518,12.649110640673518,12.649110640673518,13.0,14.317821063276353,14.7648230602334,16.1245154965971,17.4928556845359,18.867962264113206,20.12461179749811,20.12461179749811
1787403272.632754,-70,0.0,23.769728648009426,23.769728648009426,22.80350850198276,22.135943621178654,21.18962010041709,19.313207915827967,18.384776310850235,16.15549442140351,15.231546211727817,14.317821063276353,13.0,12.36931687685298,11.180339887498949,12.165525060596439,12.36931687685298,12.36931687685298,11.180339887498949,10.198039027185569,10.198039027185569,11.045361017187261,10.04987562112089,7.0710678118654755,7.0710678118654755,9.0,9.0,8.0,0.0,0.0,0.0,0.0,0.0,0.0,0.0,0.0,0.0,0.0,0.0,7.211102550927978,5.656854249492381,5.385164807134504,5.0990195135927845,6.324555320336759,7.280109889280518,8.246211251235321,9.219544457292887,10.44030650891055,11.40175425099138,11.704699910719626,11.704699910719626,12.083045973594572,12.083045973594572,12.083045973594572,11.704699910719626,11.704699910719626,11.40175425099138,12.165525060596439,13.038404810405298,14.035668847618199,16.0312195418814,18.0,19.026297590440446,20.09975124224178,21.213203435596427
1787403272.7325926,-70,0.0,23.430749027719962,22.80350850198276,22.80350850198276,20.808652046684813,20.248456731316587,19.235384061671343,17.88854381999832,12.529964086141668,8.602325267042627,11.180339887498949,12.083045973594572,11.180339887498949,10.295630140987,9.433981132056603,9.219544457292887,9.219544457292887,9.219544457292887,9.899494936611665,8.48528137423857,9.219544457292887,10.0,10.0,9.219544457292887,9.219544457292887,8.602325267042627,8.602325267042627,0.0,0.0,0.0,0.0,0.0,0.0,0.0,0.0,0.0,0.0,0.0,6.082762530298219,6.082762530298219,5.385164807134504,5.385164807134504,6.4031242374328485,7.0710678118654755,7.810249675906654,9.219544457292887,10.0,9.433981132056603,10.816653826391969,11.661903789690601,11.661903789690601,12.206555615733702,12.206555615733702,13.45362404707371,12.727922061357855,14.142135623730951,14.866068747318506,15.556349186104045,14.866068747318506,15.620499351813308,17.69180601295413,19.79898987322333,21.213203435596427,21.213203435596427
1787403272.8398972,-69,0.0,27.202941017470888,25.80697580112788,23.021728866442675,18.867962264113206,15.231546211727817,11.180339887498949,7.615773105863909,8.54400374531753,12.0,15.033296378372908,16.0,17.029386365926403,17.029386365926403,17.029386365926403,16.278820596099706,16.76305461424021,16.55294535724685,15.264337522473747,13.601470508735444,11.313708498984761,8.602325267042627,5.385164807134504,3.0,2.8284271247461903,3.1622776601683795,5.656854249492381,0.0,0.0,0.0,0.0,0.0,0.0,0.0,0.0,0.0,0.0,0.0,3.1622776601683795,1.4142135623730951,0.0,2.0,3.605551275463989,5.656854249492381,8.48528137423857,12.806248474865697,16.401219466856727,19.209372712298546,20.615528128088304,21.400934559032695,19.4164878389476,17.4928556845359,16.1245154965971,14.7648230602334,12.083045973594572,9.486832980505138,5.830951894845301,4.47213595499958,5.385164807134504,8.602325267042627,14.142135623730951,17.804493814764857,21.633307652783937,23.853720883753127
1787403272.8459167,-70,0.0,23.08679276123039,23.08679276123039,23.08679276123039,23.08679276123039,21.840329667841555,20.396078054371138,19.1049731745428,17.029386365926403,15.033296378372908,14.142135623730951,13.152946437965905,12.041594578792296,12.041594578792296,11.180339887498949,10.44030650891055,9.486832980505138,8.06225774829855,8.602325267042627,9.433981132056603,8.602325267042627,8.602325267042627,9.433981132056603,8.94427190999916,9.433981132056603,8.602325267042627,8.602325267042627,0.0,0.0,0.0,0.0,0.0,0.0,0.0,0.0,0.0,0.0,0.0,7.0710678118654755,7.0710678118654755,7.0,8.246211251235321,8.246211251235321,9.219544457292887,9.486832980505138,9.486832980505138,11.40175425099138,12.36931687685298,12.36931687685298,13.152946437965905,13.152946437965905,13.152946437965905,12.36931687685298,12.36931687685298,12.36931687685298,12.649110640673518,13.601470508735444,14.866068747318506,15.231546211727817,16.15549442140351,17.08800749063506,18.384776310850235,19.697715603592208,19.697715603592208
1787403272.8519275,-69,0.0,25.317977802344327,24.186773244895647,22.090722034374522,19.0,14.317821063276353,10.295630140987,8.94427190999916,9.055385138137417,11.180339887498949,13.601470508735444,15.0,16.1245154965971,17.0,17.46424919657298,17.72004514666935,17.26267650163207,16.0312195418814,15.0,13.152946437965905,11.40175425099138,8.54400374531753,5.830951894845301,3.605551275463989,2.23606797749979,3.1622776601683795,5.0,0.0,0.0,0.0,0.0,0.0,0.0,0.0,0.0,0.0,0.0,0.0,4.242640687119285,2.23606797749979,0.0,2.0,4.123105625617661,6.324555320336759,8.54400374531753,12.083045973594572,14.7648230602334,17.88854381999832,19.235384061671343,19.235384061671343,18.867962264113206,17.204650534085253,15.0,13.45362404707371,11.313708498984761,8.48528137423857,6.4031242374328485,4.0,4.242640687119285,7.615773105863909,11.40175425099138,16.492422502470642,20.396078054371138,22.360679774997898
1787403272.932797,-69,0.0,28.160255680657446,26.92582403567252,24.515301344262525,21.213203435596427,17.029386365926403,12.165525060596439,8.94427190999916,6.708203932499369,8.06225774829855,9.486832980505138,10.770329614269007,12.649110640673518,13.341664064126334,14.142135623730951,15.0,15.132745950421556,14.560219778561036,13.92838827718412,12.083045973594572,10.295630140987,8.602325267042627,5.0,2.23606797749979,2.0,4.47213595499958,5.830951894845301,0.0,0.0,0.0,0.0,0.0,0.0,0.0,0.0,0.0,0.0,0.0,3.1622776601683795,1.0,1.0,2.23606797749979,4.0,6.0,8.06225774829855,11.180339887498949,13.341664064126334,16.492422502470642,17.72004514666935,17.72004514666935,17.08800749063506,16.55294535724685,15.811388300841896,14.212670403551895,12.727922061357855,9.899494936611665,7.810249675906654,5.385164807134504,4.123105625617661,6.4031242374328485,10.770329614269007,15.811388300841896,20.8806130178211,22.80350850198276
1787403273.0437963,-69,0.0,23.345235059857504,24.08318915758459,23.430749027719962,22.20360331117452,20.808652046684813,20.248456731316587,18.867962264113206,17.4928556845359,15.264337522473747,13.892443989449804,12.206555615733702,11.40175425099138,11.313708498984761,10.63014581273465,10.63014581273465,10.0,10.816653826391969,10.295630140987,11.180339887498949,10.295630140987,11.180339887498949,10.816653826391969,10.816653826391969,9.433981132056603,9.433981132056603,8.602325267042627,0.0,0.0,0.0,0.0,0.0,0.0,0.0,0.0,0.0,0.0,0.0,5.0990195135927845,5.0990195135927845,5.0990195135927845,5.385164807134504,6.708203932499369,7.211102550927978,8.602325267042627,9.433981132056603,10.295630140987,9.848857801796104,9.848857801796104,10.295630140987,10.295630140987,10.816653826391969,11.40175425099138,12.041594578792296,12.041594578792296,13.45362404707371,14.142135623730951,14.866068747318506,16.278820596099706,17.029386365926403,18.439088914585774,19.849433241279208,21.2602916254693,21.2602916254693
1787403273.0596032,-71,0.0,27.459060435491963,26.92582403567252,25.059928172283335,22.360679774997898,18.384776310850235,13.341664064126334,10.04987562112089,7.211102550927978,7.615773105863909,9.219544457292887,10.198039027185569,12.36931687685298,13.92838827718412,15.231546211727817,16.1245154965971,16.64331697709324,17.029386365926403,15.556349186104045,14.212670403551895,12.206555615733702,10.295630140987,6.708203932499369,3.0,2.0,3.605551275463989,5.656854249492381,0.0,0.0,0.0,0.0,0.0,0.0,0.0,0.0,0.0,0.0,0.0,3.0,3.1622776601683795,2.23606797749979,1.4142135623730951,1.4142135623730951,4.0,7.280109889280518,9.486832980505138,13.0,14.7648230602334,16.64331697709324,17.204650534085253,16.278820596099706,15.620499351813308,15.811388300841896,14.7648230602334,13.892443989449804,11.661903789690601,8.602325267042627,6.4031242374328485,5.0,7.211102550927978,12.727922061357855,17.029386365926403,20.808652046684813,23.853720883753127
1787403273.1390638,-70,0.0,21.470910553583888,22.360679774997898,21.93171219946131,20.615528128088304,19.697715603592208,19.313207915827967,17.72004514666935,15.811388300841896,13.601470508735444,12.649110640673518,10.770329614269007,10.295630140987,9.433981132056603,9.219544457292887,9.219544457292887,8.48528137423857,7.810249675906654,8.06225774829855,8.94427190999916,8.94427190999916,8.94427190999916,8.94427190999916,8.94427190999916,7.615773105863909,8.06225774829855,7.810249675906654,0.0,0.0,0.0,0.0,0.0,0.0,0.0,0.0,0.0,0.0,0.0,7.0710678118654755,5.0,5.385164807134504,6.082762530298219,7.0710678118654755,8.0,9.055385138137417,8.06225774829855,9.0,10.04987562112089,9.219544457292887,9.0,10.0,10.04987562112089,9.486832980505138,10.44030650891055,10.770329614269007,12.083045973594572,13.0,14.317821063276353,14.7648230602334,16.1245154965971,17.0,18.35755975068582,18.027756377319946,19.72308292331602
1787403273.1549337,-70,0.0,22.561028345356956,22.561028345356956,21.37755832643195,21.37755832643195,21.213203435596427,20.09975124224178,18.110770276274835,16.1245154965971,15.132745950421556,13.152946437965905,12.165525060596439,10.44030650891055,10.770329614269007,9.848857801796104,10.295630140987,10.816653826391969,10.63014581273465,9.899494936611665,9.899494936611665,9.899494936611665,10.63014581273465,10.63014581273465,10.63014581273465,9.899494936611665,9.219544457292887,9.219544457292887,0.0,0.0,0.0,0.0,0.0,0.0,0.0,0.0,0.0,0.0,0.0,5.385164807134504,1.0,2.23606797749979,5.0,8.06225774829855,8.246211251235321,8.06225774829855,8.54400374531753,10.198039027185569,10.44030650891055,10.44030650891055,10.198039027185569,9.219544457292887,9.055385138137417,10.04987562112089,11.0,13.038404810405298,13.152946437965905,14.317821063276353,15.297058540778355,15.524174696260024,17.72004514666935,21.18962010041709,23.08679276123039,22.135943621178654,22.135943621178654
1787403273.158942,-70,0.0,21.02379604162864,20.12461179749811,20.12461179749811,19.235384061671343,18.867962264113206,18.027756377319946,16.401219466856727,14.212670403551895,12.806248474865697,11.40175425099138,10.816653826391969,8.94427190999916,8.54400374531753,8.54400374531753,7.280109889280518,8.246211251235321,8.06225774829855,8.06225774829855,8.0,8.0,8.0,8.0,8.06225774829855,8.06225774829855,8.06225774829855,7.0710678118654755,0.0,0.0,0.0,0.0,0.0,0.0,0.0,0.0,0.0,0.0,0.0,4.123105625617661,4.123105625617661,3.605551275463989,5.0,5.656854249492381,6.4031242374328485,7.0710678118654755,7.810249675906654,8.602325267042627,9.219544457292887,9.899494936611665,8.48528137423857,8.48528137423857,8.602325267042627,8.602325267042627,8.94427190999916,9.848857801796104,10.770329614269007,11.704699910719626,13.601470508735444,13.92838827718412,14.866068747318506,15.811388300841896,18.384776310850235,19.313207915827967,19.697715603592208
1787403273.1626897,-69,0.0,19.849433241279208,20.615528128088304,20.0,19.4164878389476,18.027756377319946,17.4928556845359,16.1245154965971,14.7648230602334,13.416407864998739,11.180339887498949,10.295630140987,8.602325267042627,8.48528137423857,8.48528137423857,7.810249675906654,7.211102550927978,8.06225774829855,8.06225774829855,8.06225774829855,8.54400374531753,8.54400374531753,8.54400374531753,8.54400374531753,8.06225774829855,8.06225774829855,8.06225774829855,0.0,0.0,0.0,0.0,0.0,0.0,0.0,0.0,0.0,0.0,0.0,5.385164807134504,5.0990195135927845,4.0,5.0990195135927845,6.324555320336759,6.324555320336759,7.615773105863909,7.615773105863909,8.54400374531753,9.486832980505138,9.486832980505138,8.54400374531753,8.54400374531753,8.94427190999916,9.433981132056603,10.0,10.63014581273465,11.313708498984761,12.041594578792296,12.727922061357855,14.142135623730951,14.866068747318506,16.278820596099706,18.384776310850235,19.1049731745428,18.439088914585774
1787403273.1687193,-70,0.0,23.021728866442675,23.021728866442675,22.47220505424423,21.470910553583888,21.02379604162864,19.697715603592208,18.027756377319946,16.76305461424021,14.866068747318506,13.92838827718412,11.704699910719626,10.770329614269007,9.848857801796104,10.295630140987,9.433981132056603,8.602325267042627,8.48528137423857,8.48528137423857,8.48528137423857,9.219544457292887,8.602325267042627,9.219544457292887,9.219544457292887,8.48528137423857,8.48528137423857,7.810249675906654,0.0,0.0,0.0,0.0,0.0,0.0,0.0,0.0,0.0,0.0,0.0,6.082762530298219,6.082762530298219,6.0,6.082762530298219,7.0710678118654755,7.280109889280518,7.615773105863909,8.54400374531753,9.486832980505138,10.44030650891055,10.44030650891055,10.44030650891055,9.486832980505138,9.848857801796104,10.295630140987,10.295630140987,10.816653826391969,12.206555615733702,13.601470508735444,14.212670403551895,15.620499351813308,16.278820596099706,17.029386365926403,19.209372712298546,20.0,20.615528128088304
1787403273.2495213,-70,0.0,22.47220505424423,22.47220505424423,22.20360331117452,21.400934559032695,20.615528128088304,18.439088914585774,17.69180601295413,15.556349186104045,14.142135623730951,12.041594578792296,11.40175425099138,9.433981132056603,9.433981132056603,9.848857801796104,9.848857801796104,9.486832980505138,9.219544457292887,9.055385138137417,9.055385138137417,9.055385138137417,9.0,10.0,10.04987562112089,10.04987562112089,9.055385138137417,9.055385138137417,0.0,0.0,0.0,0.0,0.0,0.0,0.0,0.0,0.0,0.0,0.0,5.0,4.123105625617661,3.605551275463989,4.242640687119285,5.0,5.830951894845301,7.211102550927978,8.06225774829855,9.433981132056603,10.0,10.0,10.0,10.0,10.295630140987,10.295630140987,11.180339887498949,12.083045973594572,13.0,13.416407864998739,14.317821063276353,15.231546211727817,16.15549442140351,17.46424919657298,19.697715603592208,21.02379604162864,21.02379604162864
1787403273.297358,-68,0.0,28.635642126552707,27.892651361962706,26.92582403567252,22.561028345356956,16.278820596099706,11.40175425099138,9.433981132056603,7.0,9.219544457292887,11.661903789690601,8.602325267042627,8.602325267042627,12.206555615733702,13.92838827718412,15.811388300841896,15.033296378372908,13.601470508735444,14.317821063276353,13.038404810405298,11.180339887498949,11.704699910719626,10.295630140987,7.211102550927978,3.605551275463989,1.4142135623730951,6.082762530298219,0.0,0.0,0.0,0.0,0.0,0.0,0.0,0.0,0.0,0.0,0.0,2.0,0.0,2.23606797749979,3.0,5.0990195135927845,6.708203932499369,9.433981132056603,12.041594578792296,14.142135623730951,17.69180601295413,20.518284528683193,21.2602916254693,20.615528128088304,18.027756377319946,17.0,17.0,15.231546211727817,11.704699910719626,9.848857801796104,6.4031242374328485,5.385164807134504,8.602325267042627,13.038404810405298,17.46424919657298,22.47220505424423,25.632011235952593
1787403273.3458304,-70,0.0,21.470910553583888,21.95449840010015,21.95449840010015,21.095023109728988,19.4164878389476,17.804493814764857,16.278820596099706,14.866068747318506,13.45362404707371,11.40175425099138,9.433981132056603,8.94427190999916,8.54400374531753,8.246211251235321,8.246211251235321,9.055385138137417,9.055385138137417,9.0,9.055385138137417,9.055385138137417,10.0,11.0,11.0,11.0,10.04987562112089,10.04987562112089,0.0,0.0,0.0,0.0,0.0,0.0,0.0,0.0,0.0,0.0,0.0,4.123105625617661,4.123105625617661,3.605551275463989,4.242640687119285,5.830951894845301,6.324555320336759,6.708203932499369,7.615773105863909,8.94427190999916,9.433981132056603,10.295630140987,10.295630140987,9.433981132056603,9.433981132056603,9.848857801796104,12.083045973594572,13.0,13.92838827718412,14.866068747318506,14.866068747318506,15.231546211727817,16.55294535724685,18.384776310850235,19.697715603592208,19.313207915827967,19.697715603592208
1787403273.8052945,-82,0.0,20.615528128088304,22.02271554554524,22.02271554554524,20.615528128088304,19.209372712298546,16.401219466856727,12.806248474865697,8.602325267042627,6.708203932499369,4.47213595499958,3.1622776601683795,3.1622776601683795,5.0,6.4031242374328485,7.211102550927978,9.433981132056603,11.661903789690601,11.661903789690601,10.816653826391969,8.94427190999916,8.54400374531753,7.280109889280518,7.0710678118654755,8.54400374531753,9.848857801796104,11.180339887498949,0.0,0.0,0.0,0.0,0.0,0.0,0.0,0.0,0.0,0.0,0.0,13.601470508735444,14.142135623730951,14.212670403551895,13.601470508735444,13.892443989449804,15.652475842498529,16.55294535724685,17.0,17.4928556845359,18.027756377319946,18.601075237738275,19.209372712298546,17.69180601295413,17.029386365926403,16.64331697709324,14.7648230602334,13.92838827718412,10.770329614269007,7.810249675906654,5.0,3.605551275463989,3.605551275463989,4.47213595499958,5.830951894845301,9.433981132056603,12.206555615733702
1787403273.8530707,-69,0.0,29.732137494637012,28.319604517012593,25.612496949731394,20.0,15.264337522473747,9.486832980505138,6.082762530298219,5.0,8.0,10.04987562112089,12.0,13.038404810405298,15.297058540778355,16.76305461424021,17.46424919657298,18.35755975068582,18.867962264113206,18.601075237738275,17.029386365926403,14.866068747318506,12.727922061357855,9.899494936611665,6.4031242374328485,2.8284271247461903,1.4142135623730951,4.242640687119285,0.0,0.0,0.0,0.0,0.0,0.0,0.0,0.0,0.0,0.0,0.0,4.0,3.0,1.0,2.0,4.47213595499958,6.708203932499369,8.94427190999916,12.083045973594572,14.317821063276353,17.0,18.788294228055936,18.788294228055936,17.46424919657298,15.811388300841896,14.317821063276353,13.152946437965905,11.045361017187261,8.06225774829855,4.123105625617661,3.1622776601683795,5.0990195135927845,9.433981132056603,14.212670403551895,19.849433241279208,24.758836806279895,27.586228448267445
1787403273.8850517,-70,0.0,29.427877939124322,27.459060435491963,24.331050121192877,19.1049731745428,14.0,9.055385138137417,4.47213595499958,3.1622776601683795,5.656854249492381,7.810249675906654,9.899494936611665,11.40175425099138,13.892443989449804,15.231546211727817,15.811388300841896,16.492422502470642,17.26267650163207,17.11724276862369,16.0312195418814,14.0,12.0,8.0,5.0,1.4142135623730951,3.1622776601683795,6.0,0.0,0.0,0.0,0.0,0.0,0.0,0.0,0.0,0.0,0.0,0.0,3.605551275463989,1.4142135623730951,1.0,2.8284271247461903,5.0,7.211102550927978,9.433981132056603,13.038404810405298,15.811388300841896,17.204650534085253,18.027756377319946,18.601075237738275,17.804493814764857,16.278820596099706,14.142135623730951,12.041594578792296,10.63014581273465,8.48528137423857,6.4031242374328485,4.0,5.656854249492381,10.295630140987,15.231546211727817,19.924858845171276,24.041630560342615,26.92582403567252
1787403273.8850517,-69,0.0,27.85677655436824,26.570660511172846,23.08679276123039,18.973665961010276,14.317821063276353,9.055385138137417,4.123105625617661,3.0,5.830951894845301,7.211102550927978,9.433981132056603,10.770329614269007,12.36931687685298,14.142135623730951,16.0312195418814,17.029386365926403,17.11724276862369,16.278820596099706,15.524174696260024,13.601470508735444,11.40175425099138,8.54400374531753,4.47213595499958,1.4142135623730951,2.0,5.0990195135927845,0.0,0.0,0.0,0.0,0.0,0.0,0.0,0.0,0.0,0.0,0.0,3.1622776601683795,1.4142135623730951,0.0,2.23606797749979,3.605551275463989,6.4031242374328485,9.219544457292887,11.40175425099138,13.45362404707371,16.278820596099706,17.804493814764857,17.029386365926403,16.278820596099706,14.866068747318506,14.212670403551895,12.206555615733702,9.433981132056603,7.211102550927978,5.0,4.123105625617661,5.830951894845301,9.219544457292887,13.038404810405298,18.35755975068582,22.360679774997898,25.495097567963924
1787403273.9166722,-69,0.0,31.144823004794873,31.144823004794873,27.65863337187866,23.600847442411894,18.35755975068582,13.601470508735444,9.0,7.0710678118654755,9.219544457292887,11.0,13.0,15.132745950421556,15.524174696260024,17.08800749063506,18.384776310850235,18.35755975068582,18.601075237738275,18.439088914585774,16.97056274847714,15.620499351813308,13.601470508735444,9.433981132056603,5.385164807134504,1.4142135623730951,3.1622776601683795,6.324555320336759,0.0,0.0,0.0,0.0,0.0,0.0,0.0,0.0,0.0,0.0,0.0,4.242640687119285,3.605551275463989,2.0,3.1622776601683795,5.0,7.0710678118654755,9.219544457292887,13.038404810405298,15.264337522473747,17.4928556845359,18.35755975068582,19.235384061671343,18.384776310850235,18.027756377319946,15.524174696260024,14.142135623730951,12.041594578792296,9.055385138137417,6.324555320336759,4.242640687119285,5.0990195135927845,9.433981132056603,15.620499351813308,21.213203435596427,26.1725046566048,29.732137494637012
1787403273.9641273,-35,0.0,14.7648230602334,13.416407864998739,13.416407864998739,13.416407864998739,13.416407864998739,13.892443989449804,13.892443989449804,13.038404810405298,13.601470508735444,13.601470508735444,13.601470508735444,13.45362404707371,13.45362404707371,13.45362404707371,14.866068747318506,13.45362404707371,14.866068747318506,14.866068747318506,15.620499351813308,15.0,15.0,14.422205101855956,14.422205101855956,14.7648230602334,14.317821063276353,13.0,0.0,0.0,0.0,0.0,0.0,0.0,0.0,0.0,0.0,0.0,0.0,11.40175425099138,12.36931687685298,12.36931687685298,13.152946437965905,13.152946437965905,14.142135623730951,14.035668847618199,14.035668847618199,14.035668847618199,14.035668847618199,14.0,13.0,13.0,13.0,14.035668847618199,13.038404810405298,12.165525060596439,12.165525060596439,13.152946437965905,13.341664064126334,13.341664064126334,13.341664064126334,12.649110640673518,13.601470508735444,12.649110640673518,11.704699910719626
1787403273.9641273,-35,0.0,12.806248474865697,12.806248474865697,12.206555615733702,13.601470508735444,13.038404810405298,13.038404810405298,12.529964086141668,12.529964086141668,12.529964086141668,13.0,13.0,13.0,13.92838827718412,13.601470508735444,13.601470508735444,14.560219778561036,14.866068747318506,14.866068747318506,14.866068747318506,15.231546211727817,15.231546211727817,14.317821063276353,14.7648230602334,13.892443989449804,13.601470508735444,12.806248474865697,0.0,0.0,0.0,0.0,0.0,0.0,0.0,0.0,0.0,0.0,0.0,11.40175425099138,11.40175425099138,12.206555615733702,13.038404810405298,13.038404810405298,13.416407864998739,13.892443989449804,13.416407864998739,13.416407864998739,13.416407864998739,13.0,13.0,13.416407864998739,12.529964086141668,12.529964086141668,12.529964086141668,11.661903789690601,11.661903789690601,12.206555615733702,12.806248474865697,12.041594578792296,12.041594578792296,12.041594578792296,12.727922061357855,12.727922061357855,12.727922061357855
1787403274.0597572,-68,0.0,22.135943621178654,22.47220505424423,21.93171219946131,20.12461179749811,19.235384061671343,19.235384061671343,18.027756377319946,15.811388300841896,13.601470508735444,11.661903789690601,10.295630140987,9.848857801796104,9.486832980505138,10.198039027185569,11.180339887498949,11.180339887498949,9.219544457292887,9.219544457292887,10.44030650891055,10.44030650891055,10.198039027185569,9.219544457292887,10.198039027185569,10.198039027185569,9.219544457292887,9.055385138137417,0.0,0.0,0.0,0.0,0.0,0.0,0.0,0.0,0.0,0.0,0.0,6.324555320336759,5.385164807134504,5.0,5.656854249492381,6.4031242374328485,7.211102550927978,8.06225774829855,8.06225774829855,8.94427190999916,8.94427190999916,10.295630140987,10.295630140987,10.295630140987,10.295630140987,10.295630140987,11.180339887498949,11.704699910719626,11.704699910719626,12.649110640673518,13.341664064126334,14.142135623730951,16.278820596099706,17.26267650163207,18.24828759089466,20.396078054371138,21.587033144922902
1787403274.0755122,-69,0.0,20.591260281974,21.633307652783937,21.633307652783937,20.808652046684813,20.0,19.209372712298546,17.804493814764857,15.620499351813308,14.866068747318506,12.806248474865697,10.816653826391969,10.295630140987,9.848857801796104,9.848857801796104,9.486832980505138,10.44030650891055,10.770329614269007,9.486832980505138,9.486832980505138,10.44030650891055,10.44030650891055,10.198039027185569,10.198039027185569,9.219544457292887,8.246211251235321,7.0710678118654755,0.0,0.0,0.0,0.0,0.0,0.0,0.0,0.0,0.0,0.0,0.0,6.082762530298219,5.0990195135927845,5.385164807134504,6.4031242374328485,6.4031242374328485,6.4031242374328485,7.0710678118654755,7.810249675906654,8.48528137423857,9.899494936611665,10.63014581273465,10.63014581273465,9.899494936611665,9.899494936611665,9.899494936611665,10.0,10.816653826391969,11.661903789690601,11.180339887498949,12.083045973594572,13.92838827718412,15.231546211727817,17.08800749063506,18.973665961010276,19.313207915827967,21.02379604162864
1787403274.0755122,-69,0.0,21.93171219946131,21.2602916254693,20.615528128088304,20.0,19.4164878389476,18.867962264113206,17.4928556845359,14.7648230602334,12.529964086141668,11.661903789690601,11.40175425099138,10.63014581273465,9.899494936611665,9.899494936611665,10.0,10.0,10.0,9.433981132056603,9.433981132056603,10.295630140987,9.433981132056603,9.433981132056603,9.219544457292887,9.219544457292887,9.219544457292887,8.602325267042627,0.0,0.0,0.0,0.0,0.0,0.0,0.0,0.0,0.0,0.0,0.0,5.0,5.0,5.0990195135927845,5.385164807134504,4.47213595499958,5.830951894845301,7.211102550927978,7.810249675906654,7.810249675906654,9.219544457292887,9.433981132056603,9.433981132056603,10.0,10.0,10.0,9.219544457292887,9.219544457292887,10.63014581273465,12.041594578792296,12.806248474865697,13.601470508735444,15.0,17.204650534085253,18.601075237738275,19.209372712298546,20.615528128088304
1787403274.0755122,-69,0.0,22.02271554554524,22.02271554554524,21.2602916254693,19.79898987322333,19.1049731745428,18.439088914585774,17.029386365926403,15.620499351813308,13.45362404707371,12.041594578792296,9.899494936611665,10.0,10.816653826391969,11.180339887498949,9.848857801796104,10.770329614269007,11.704699910719626,11.704699910719626,10.770329614269007,10.770329614269007,10.44030650891055,10.770329614269007,10.295630140987,9.848857801796104,9.486832980505138,9.486832980505138,0.0,0.0,0.0,0.0,0.0,0.0,0.0,0.0,0.0,0.0,0.0,5.0990195135927845,6.082762530298219,5.385164807134504,5.830951894845301,5.830951894845301,7.0710678118654755,7.810249675906654,9.219544457292887,9.899494936611665,9.219544457292887,10.0,10.0,10.0,9.219544457292887,10.63014581273465,11.40175425099138,10.816653826391969,10.816653826391969,12.529964086141668,13.892443989449804,15.264337522473747,16.1245154965971,17.0,18.35755975068582,19.4164878389476,20.808652046684813
1787403274.1069794,-70,0.0,35.05709628591621,35.0,29.0,22.02271554554524,18.027756377319946,13.038404810405298,8.602325267042627,8.54400374531753,10.04987562112089,11.704699910719626,13.0,14.866068747318506,16.492422502470642,19.1049731745428,21.0,22.090722034374522,20.396078054371138,18.681541692269406,17.08800749063506,15.231546211727817,13.416407864998739,8.94427190999916,5.385164807134504,3.0,4.0,6.082762530298219,0.0,0.0,0.0,0.0,0.0,0.0,0.0,0.0,0.0,0.0,0.0,4.0,3.1622776601683795,2.0,2.0,4.123105625617661,6.082762530298219,8.246211251235321,11.180339887498949,14.035668847618199,17.029386365926403,19.026297590440446,19.0,18.110770276274835,17.26267650163207,16.76305461424021,14.866068747318506,12.083045973594572,9.848857801796104,7.280109889280518,5.0990195135927845,7.0710678118654755,10.770329614269007,16.278820596099706,21.213203435596427,27.294688127912362,31.25699921617557
1787403274.1301188,-75,0.0,15.620499351813308,14.866068747318506,12.206555615733702,8.94427190999916,7.280109889280518,5.385164807134504,3.605551275463989,1.4142135623730951,3.1622776601683795,5.0,6.324555320336759,10.04987562112089,14.560219778561036,15.652475842498529,13.601470508735444,12.806248474865697,12.727922061357855,12.041594578792296,9.219544457292887,7.280109889280518,7.0710678118654755,7.615773105863909,5.656854249492381,5.0990195135927845,6.082762530298219,8.0,0.0,0.0,0.0,0.0,0.0,0.0,0.0,0.0,0.0,0.0,0.0,13.341664064126334,13.341664064126334,12.649110640673518,13.341664064126334,13.152946437965905,11.180339887498949,9.055385138137417,7.0710678118654755,7.280109889280518,6.708203932499369,7.0710678118654755,10.0,12.041594578792296,12.806248474865697,14.422205101855956,14.7648230602334,15.231546211727817,14.560219778561036,14.035668847618199,13.341664064126334,14.7648230602334,15.811388300841896,14.866068747318506,13.45362404707371,14.212670403551895,15.811388300841896
1787403274.2342606,-68,0.0,25.942243542145693,24.596747752497688,22.360679774997898,18.788294228055936,14.560219778561036,10.04987562112089,6.708203932499369,5.830951894845301,8.0,10.04987562112089,12.041594578792296,13.0,15.033296378372908,15.297058540778355,16.76305461424021,17.08800749063506,16.55294535724685,16.1245154965971,14.422205101855956,11.40175425099138,8.48528137423857,5.656854249492381,3.605551275463989,0.0,2.23606797749979,4.47213595499958,0.0,0.0,0.0,0.0,0.0,0.0,0.0,0.0,0.0,0.0,0.0,7.0710678118654755,5.0,3.0,2.8284271247461903,3.1622776601683795,5.0,6.0,7.0710678118654755,10.198039027185569,13.341664064126334,14.866068747318506,13.92838827718412,13.892443989449804,12.806248474865697,11.313708498984761,10.63014581273465,10.0,8.06225774829855,6.4031242374328485,5.385164807134504,6.0,6.708203932499369,10.63014581273465,15.811388300841896,20.248456731316587,22.825424421026653
1787403274.3778179,-89,0.0,9.219544457292887,9.219544457292887,11.045361017187261,11.045361017187261,12.041594578792296,13.038404810405298,13.038404810405298,13.0,12.0,12.0,11.045361017187261,10.04987562112089,10.198039027185569,8.246211251235321,6.324555320336759,5.385164807134504,3.605551275463989,3.605551275463989,2.23606797749979,1.0,1.4142135623730951,2.23606797749979,2.23606797749979,2.0,2.0,2.0,0.0,0.0,0.0,0.0,0.0,0.0,0.0,0.0,0.0,0.0,0.0,5.0,5.0,4.242640687119285,3.605551275463989,4.47213595499958,5.385164807134504,5.0,6.082762530298219,6.082762530298219,7.0710678118654755,8.246211251235321,8.06225774829855,9.055385138137417,9.055385138137417,8.06225774829855,9.0,8.06225774829855,9.219544457292887,8.246211251235321,9.848857801796104,8.94427190999916,9.433981132056603,8.602325267042627,8.602325267042627,9.219544457292887,8.48528137423857
1787403274.6957357,-71,0.0,22.0,22.02271554554524,22.090722034374522,20.09975124224178,19.235384061671343,18.439088914585774,16.492422502470642,14.560219778561036,12.36931687685298,12.165525060596439,11.0,10.04987562112089,10.198039027185569,10.198039027185569,10.44030650891055,9.486832980505138,9.486832980505138,9.848857801796104,10.295630140987,11.180339887498949,11.180339887498949,10.770329614269007,10.770329614269007,9.486832980505138,9.486832980505138,9.486832980505138,0.0,0.0,0.0,0.0,0.0,0.0,0.0,0.0,0.0,0.0,0.0,7.280109889280518,6.708203932499369,5.830951894845301,6.4031242374328485,6.4031242374328485,6.4031242374328485,5.830951894845301,5.830951894845301,7.211102550927978,8.06225774829855,8.06225774829855,8.06225774829855,7.615773105863909,8.246211251235321,8.06225774829855,9.055385138137417,10.0,11.0,12.0,13.038404810405298,14.035668847618199,15.132745950421556,16.1245154965971,18.110770276274835,20.024984394500787,21.02379604162864
1787403275.408901,-88,0.0,14.142135623730951,12.165525060596439,10.44030650891055,8.94427190999916,7.211102550927978,6.4031242374328485,5.0,3.605551275463989,2.8284271247461903,2.23606797749979,3.605551275463989,4.242640687119285,5.656854249492381,5.656854249492381,7.211102550927978,8.06225774829855,8.54400374531753,9.055385138137417,9.055385138137417,8.06225774829855,8.246211251235321,8.94427190999916,9.433981132056603,8.48528137423857,8.602325267042627,8.06225774829855,0.0,0.0,0.0,0.0,0.0,0.0,0.0,0.0,0.0,0.0,0.0,12.649110640673518,12.36931687685298,12.041594578792296,13.038404810405298,13.601470508735444,15.231546211727817,15.652475842498529,17.0,18.027756377319946,18.027756377319946,17.204650534085253,16.401219466856727,14.212670403551895,13.45362404707371,12.041594578792296,9.219544457292887,7.810249675906654,6.708203932499369,6.324555320336759,5.0,6.082762530298219,7.0710678118654755,8.246211251235321,9.219544457292887,11.045361017187261,13.038404810405298
1787403275.6955128,-71,0.0,23.08679276123039,23.08679276123039,23.021728866442675,21.0,20.0,19.026297590440446,17.029386365926403,16.0312195418814,15.0,13.038404810405298,13.152946437965905,13.341664064126334,14.142135623730951,14.142135623730951,14.142135623730951,13.152946437965905,11.180339887498949,11.180339887498949,12.165525060596439,12.041594578792296,11.045361017187261,12.0,11.0,11.045361017187261,9.055385138137417,8.06225774829855,0.0,0.0,0.0,0.0,0.0,0.0,0.0,0.0,0.0,0.0,0.0,8.06225774829855,7.615773105863909,7.615773105863909,8.246211251235321,8.246211251235321,8.0,9.0,9.055385138137417,10.198039027185569,11.180339887498949,11.180339887498949,10.198039027185569,9.219544457292887,10.04987562112089,10.04987562112089,11.045361017187261,11.180339887498949,12.36931687685298,12.165525060596439,12.36931687685298,13.601470508735444,14.866068747318506,16.76305461424021,18.027756377319946,19.924858845171276,20.8806130178211
1787403276.3136837,-78,0.0,8.94427190999916,8.602325267042627,12.165525060596439,16.0,20.09975124224178,22.360679774997898,22.561028345356956,22.561028345356956,20.615528128088304,17.46424919657298,13.341664064126334,10.04987562112089,7.0710678118654755,5.656854249492381,7.0710678118654755,9.219544457292887,11.40175425099138,14.866068747318506,16.15549442140351,16.76305461424021,17.46424919657298,17.26267650163207,15.132745950421556,14.035668847618199,11.0,9.055385138137417,0.0,0.0,0.0,0.0,0.0,0.0,0.0,0.0,0.0,0.0,0.0,5.0,5.0,5.0990195135927845,4.47213595499958,5.656854249492381,7.615773105863909,10.770329614269007,11.704699910719626,12.36931687685298,13.038404810405298,13.0,12.0,12.0,10.04987562112089,7.280109889280518,8.48528137423857,10.295630140987,11.704699910719626,14.560219778561036,17.26267650163207,21.213203435596427,23.53720459187964,23.769728648009426,23.769728648009426,20.615528128088304,16.76305461424021
1787403276.3297877,-79,0.0,7.211102550927978,10.198039027185569,13.038404810405298,15.524174696260024,18.681541692269406,21.840329667841555,23.769728648009426,22.360679774997898,21.213203435596427,19.026297590440446,15.0,11.045361017187261,7.211102550927978,6.082762530298219,9.219544457292887,10.44030650891055,12.649110640673518,15.231546211727817,15.264337522473747,14.422205101855956,16.55294535724685,16.55294535724685,15.811388300841896,14.142135623730951,13.038404810405298,11.045361017187261,0.0,0.0,0.0,0.0,0.0,0.0,0.0,0.0,0.0,0.0,0.0,5.0,3.605551275463989,3.1622776601683795,4.0,5.0990195135927845,6.324555320336759,6.708203932499369,6.708203932499369,7.810249675906654,8.602325267042627,10.295630140987,10.770329614269007,8.54400374531753,7.211102550927978,5.830951894845301,6.082762530298219,8.06225774829855,10.198039027185569,12.36931687685298,14.866068747318506,15.811388300841896,18.681541692269406,20.615528128088304,19.4164878389476,18.24828759089466,15.297058540778355
1787403276.4247456,-70,0.0,23.53720459187964,23.769728648009426,23.08679276123039,22.135943621178654,21.18962010041709,20.248456731316587,19.313207915827967,17.08800749063506,16.15549442140351,14.866068747318506,13.601470508735444,12.36931687685298,12.165525060596439,12.165525060596439,12.165525060596439,12.041594578792296,12.041594578792296,11.0,11.0,10.0,10.0,11.0,10.0,10.0,9.0,9.0,0.0,0.0,0.0,0.0,0.0,0.0,0.0,0.0,0.0,0.0,0.0,6.082762530298219,5.385164807134504,5.0,5.656854249492381,5.656854249492381,5.830951894845301,6.708203932499369,8.06225774829855,8.94427190999916,10.295630140987,10.295630140987,10.295630140987,10.295630140987,9.848857801796104,10.770329614269007,11.40175425099138,12.36931687685298,12.36931687685298,13.341664064126334,14.142135623730951,16.1245154965971,17.029386365926403,19.1049731745428,21.213203435596427,23.345235059857504,23.345235059857504
1787403277.4412787,-71,0.0,23.259406699226016,23.706539182259394,22.825424421026653,21.95449840010015,21.095023109728988,20.248456731316587,18.027756377319946,17.204650534085253,16.64331697709324,15.264337522473747,14.7648230602334,14.7648230602334,14.7648230602334,14.7648230602334,13.416407864998739,13.416407864998739,13.416407864998739,12.083045973594572,12.083045973594572,12.083045973594572,12.083045973594572,11.180339887498949,11.180339887498949,11.180339887498949,10.770329614269007,10.770329614269007,0.0,0.0,0.0,0.0,0.0,0.0,0.0,0.0,0.0,0.0,0.0,7.0710678118654755,6.082762530298219,6.324555320336759,6.708203932499369,7.211102550927978,7.810249675906654,7.810249675906654,7.810249675906654,8.602325267042627,8.602325267042627,8.602325267042627,8.602325267042627,7.810249675906654,7.810249675906654,7.810249675906654,8.602325267042627,8.94427190999916,9.848857801796104,10.44030650891055,12.36931687685298,13.341664064126334,14.142135623730951,16.278820596099706,18.439088914585774,20.615528128088304,20.8806130178211
1787403277.4412787,-70,0.0,21.587033144922902,21.840329667841555,22.80350850198276,21.587033144922902,21.213203435596427,21.02379604162864,19.1049731745428,17.029386365926403,15.0,15.0,14.0,14.0,14.142135623730951,14.560219778561036,13.341664064126334,13.038404810405298,12.041594578792296,11.180339887498949,10.44030650891055,10.44030650891055,12.165525060596439,12.36931687685298,11.40175425099138,10.198039027185569,9.055385138137417,9.055385138137417,0.0,0.0,0.0,0.0,0.0,0.0,0.0,0.0,0.0,0.0,0.0,6.324555320336759,6.324555320336759,7.280109889280518,7.0710678118654755,6.0,7.0710678118654755,7.0710678118654755,7.615773105863909,7.280109889280518,7.0710678118654755,7.0710678118654755,7.0710678118654755,7.0710678118654755,8.0,8.54400374531753,7.211102550927978,5.830951894845301,7.211102550927978,10.0,12.041594578792296,13.45362404707371,14.212670403551895,18.027756377319946,20.248456731316587,22.47220505424423,25.059928172283335
1787403277.4412787,-70,0.0,24.515301344262525,24.73863375370596,23.769728648009426,22.561028345356956,21.095023109728988,21.02379604162864,20.024984394500787,18.0,17.029386365926403,16.1245154965971,14.142135623730951,12.36931687685298,12.36931687685298,13.341664064126334,13.341664064126334,13.601470508735444,12.649110640673518,12.36931687685298,12.36931687685298,11.40175425099138,11.40175425099138,11.40175425099138,11.40175425099138,10.44030650891055,10.198039027185569,10.198039027185569,0.0,0.0,0.0,0.0,0.0,0.0,0.0,0.0,0.0,0.0,0.0,7.211102550927978,6.4031242374328485,5.656854249492381,6.4031242374328485,7.211102550927978,7.615773105863909,7.615773105863909,7.615773105863909,8.06225774829855,8.94427190999916,8.54400374531753,8.54400374531753,7.615773105863909,7.0710678118654755,8.0,9.0,9.219544457292887,9.219544457292887,10.44030650891055,10.44030650891055,13.0,14.317821063276353,16.1245154965971,17.0,19.697715603592208,23.08679276123039
1787403277.7442222,-70,0.0,21.93171219946131,21.93171219946131,22.67156809750927,21.400934559032695,20.0,19.4164878389476,18.027756377319946,17.204650534085253,14.422205101855956,13.601470508735444,12.806248474865697,12.041594578792296,11.313708498984761,11.313708498984761,12.041594578792296,11.40175425099138,11.40175425099138,12.206555615733702,11.661903789690601,11.661903789690601,11.40175425099138,10.63014581273465,11.313708498984761,11.313708498984761,9.899494936611665,9.219544457292887,0.0,0.0,0.0,0.0,0.0,0.0,0.0,0.0,0.0,0.0,0.0,7.0710678118654755,6.324555320336759,6.708203932499369,7.211102550927978,8.06225774829855,8.602325267042627,9.433981132056603,9.433981132056603,10.295630140987,11.180339887498949,10.770329614269007,10.295630140987,9.433981132056603,9.433981132056603,10.0,10.63014581273465,10.63014581273465,11.313708498984761,11.40175425099138,12.806248474865697,13.601470508735444,15.0,16.64331697709324,18.027756377319946,20.0,20.615528128088304
1787403277.9500935,-69,0.0,25.079872407968907,24.186773244895647,22.360679774997898,21.587033144922902,19.6468827043885,18.973665961010276,16.76305461424021,15.811388300841896,13.601470508735444,12.36931687685298,10.198039027185569,9.055385138137417,9.0,9.0,9.055385138137417,9.219544457292887,9.219544457292887,8.246211251235321,8.54400374531753,8.94427190999916,8.94427190999916,8.246211251235321,8.06225774829855,8.06225774829855,8.06225774829855,8.06225774829855,0.0,0.0,0.0,0.0,0.0,0.0,0.0,0.0,0.0,0.0,0.0,7.0710678118654755,7.211102550927978,7.615773105863909,7.615773105863909,8.246211251235321,8.246211251235321,9.219544457292887,10.198039027185569,10.44030650891055,11.40175425099138,11.40175425099138,11.40175425099138,11.40175425099138,11.180339887498949,12.041594578792296,13.038404810405298,13.038404810405298,14.035668847618199,15.0,16.0,17.029386365926403,17.029386365926403,19.1049731745428,21.02379604162864,23.021728866442675,24.020824298928627
1787403277.9817908,-69,0.0,30.265491900843113,28.160255680657446,24.08318915758459,19.0,14.142135623730951,9.848857801796104,6.4031242374328485,7.0710678118654755,8.94427190999916,10.295630140987,12.083045973594572,13.92838827718412,15.524174696260024,17.26267650163207,17.029386365926403,18.027756377319946,18.110770276274835,17.46424919657298,15.811388300841896,13.92838827718412,10.770329614269007,7.615773105863909,3.605551275463989,1.0,3.0,4.47213595499958,0.0,0.0,0.0,0.0,0.0,0.0,0.0,0.0,0.0,0.0,0.0,4.123105625617661,2.0,1.4142135623730951,1.0,3.1622776601683795,5.0,7.0710678118654755,9.219544457292887,11.704699910719626,14.317821063276353,16.55294535724685,17.0,17.4928556845359,16.401219466856727,14.866068747318506,14.142135623730951,12.041594578792296,9.899494936611665,7.810249675906654,5.0990195135927845,5.0,8.602325267042627,14.317821063276353,19.313207915827967,24.041630560342615,26.92582403567252
1787403278.0618796,-69,0.0,22.847319317591726,22.360679774997898,21.95449840010015,21.095023109728988,19.72308292331602,18.027756377319946,17.204650534085253,15.811388300841896,14.422205101855956,13.038404810405298,11.180339887498949,9.848857801796104,10.44030650891055,10.198039027185569,10.198039027185569,11.180339887498949,11.045361017187261,11.045361017187261,11.0,11.0,12.0,12.165525060596439,12.36931687685298,10.198039027185569,9.219544457292887,9.219544457292887,0.0,0.0,0.0,0.0,0.0,0.0,0.0,0.0,0.0,0.0,0.0,6.708203932499369,6.708203932499369,6.4031242374328485,7.0710678118654755,7.810249675906654,7.810249675906654,9.219544457292887,9.433981132056603,10.0,10.63014581273465,10.63014581273465,10.63014581273465,10.63014581273465,11.40175425099138,11.661903789690601,12.529964086141668,12.083045973594572,13.0,14.317821063276353,15.231546211727817,15.811388300841896,16.76305461424021,17.72004514666935,18.973665961010276,21.18962010041709,22.47220505424423
1787403278.1255565,-69,0.0,23.769728648009426,23.53720459187964,20.615528128088304,15.297058540778355,10.0,6.324555320336759,3.605551275463989,3.0,6.708203932499369,9.848857801796104,11.704699910719626,12.165525060596439,13.0,14.142135623730951,16.76305461424021,17.08800749063506,18.788294228055936,17.88854381999832,16.1245154965971,13.892443989449804,11.180339887498949,7.615773105863909,3.1622776601683795,1.4142135623730951,5.656854249492381,7.0710678118654755,0.0,0.0,0.0,0.0,0.0,0.0,0.0,0.0,0.0,0.0,0.0,5.0,3.605551275463989,2.23606797749979,1.4142135623730951,3.0,5.0,8.0,11.045361017187261,13.038404810405298,15.033296378372908,17.029386365926403,18.110770276274835,16.278820596099706,15.297058540778355,13.601470508735444,12.083045973594572,10.770329614269007,9.219544457292887,7.0710678118654755,6.082762530298219,8.602325267042627,11.313708498984761,13.892443989449804,18.027756377319946,21.587033144922902,23.53720459187964
1787403278.1570272,-70,0.0,20.518284528683193,20.518284528683193,19.79898987322333,19.1049731745428,18.439088914585774,17.029386365926403,15.620499351813308,14.212670403551895,12.041594578792296,11.313708498984761,10.63014581273465,10.0,10.295630140987,11.180339887498949,11.180339887498949,10.770329614269007,10.44030650891055,10.770329614269007,10.770329614269007,10.770329614269007,11.704699910719626,10.770329614269007,11.180339887498949,10.295630140987,9.433981132056603,9.433981132056603,0.0,0.0,0.0,0.0,0.0,0.0,0.0,0.0,0.0,0.0,0.0,5.0990195135927845,4.47213595499958,5.0,5.0,5.656854249492381,7.0710678118654755,7.0710678118654755,8.48528137423857,8.48528137423857,9.219544457292887,10.63014581273465,9.899494936611665,9.899494936611665,9.899494936611665,10.63014581273465,10.63014581273465,11.40175425099138,12.206555615733702,13.038404810405298,14.422205101855956,14.422205101855956,15.811388300841896,16.64331697709324,18.027756377319946,20.0,20.615528128088304
1787403278.253012,-70,0.0,21.840329667841555,21.587033144922902,21.587033144922902,19.4164878389476,18.973665961010276,18.788294228055936,17.0,15.231546211727817,14.866068747318506,12.649110640673518,10.198039027185569,9.055385138137417,10.0,10.04987562112089,11.0,11.0,10.04987562112089,10.198039027185569,10.198039027185569,11.40175425099138,12.165525060596439,12.165525060596439,12.041594578792296,11.045361017187261,11.045361017187261,10.0,0.0,0.0,0.0,0.0,0.0,0.0,0.0,0.0,0.0,0.0,0.0,5.830951894845301,5.830951894845301,5.656854249492381,6.4031242374328485,6.708203932499369,7.615773105863909,8.54400374531753,9.848857801796104,11.180339887498949,11.661903789690601,12.206555615733702,12.206555615733702,11.661903789690601,11.661903789690601,12.529964086141668,12.083045973594572,12.529964086141668,12.529964086141668,12.649110640673518,13.152946437965905,15.132745950421556,16.1245154965971,17.11724276862369,19.4164878389476,20.615528128088304,20.8806130178211
1787403278.4122627,-70,0.0,26.1725046566048,24.758836806279895,21.93171219946131,17.69180601295413,13.45362404707371,8.94427190999916,6.0,5.656854249492381,7.280109889280518,9.219544457292887,11.180339887498949,13.341664064126334,14.866068747318506,16.55294535724685,17.4928556845359,18.027756377319946,17.804493814764857,17.69180601295413,15.556349186104045,13.45362404707371,12.041594578792296,8.48528137423857,5.656854249492381,2.23606797749979,2.0,5.0990195135927845,0.0,0.0,0.0,0.0,0.0,0.0,0.0,0.0,0.0,0.0,0.0,3.605551275463989,2.8284271247461903,1.4142135623730951,2.23606797749979,3.605551275463989,5.0,7.211102550927978,9.433981132056603,12.529964086141668,14.317821063276353,15.231546211727817,16.76305461424021,16.76305461424021,16.278820596099706,16.278820596099706,15.132745950421556,13.038404810405298,11.180339887498949,8.54400374531753,6.4031242374328485,5.0990195135927845,7.280109889280518,12.083045973594572,16.64331697709324,20.808652046684813,23.600847442411894
1787403278.6976058,-70,0.0,27.459060435491963,25.317977802344327,22.090722034374522,20.024984394500787,15.033296378372908,10.198039027185569,5.830951894845301,4.0,6.4031242374328485,9.899494936611665,12.041594578792296,14.142135623730951,16.401219466856727,17.4928556845359,18.35755975068582,18.788294228055936,18.973665961010276,17.46424919657298,16.278820596099706,15.132745950421556,12.165525060596439,9.219544457292887,5.0990195135927845,1.4142135623730951,2.23606797749979,4.123105625617661,0.0,0.0,0.0,0.0,0.0,0.0,0.0,0.0,0.0,0.0,0.0,5.385164807134504,3.1622776601683795,1.4142135623730951,1.4142135623730951,3.0,4.47213595499958,6.4031242374328485,10.0,13.038404810405298,15.811388300841896,18.027756377319946,18.027756377319946,17.204650534085253,15.620499351813308,14.866068747318506,13.45362404707371,11.40175425099138,8.602325267042627,6.4031242374328485,4.123105625617661,4.47213595499958,6.4031242374328485,11.704699910719626,16.492422502470642,20.396078054371138,23.53720459187964
1787403279.683219,-70,0.0,20.024984394500787,19.026297590440446,18.027756377319946,18.027756377319946,17.029386365926403,16.0,15.033296378372908,14.0,12.0,10.0,9.0,8.06225774829855,8.06225774829855,7.280109889280518,12.083045973594572,16.492422502470642,11.180339887498949,7.615773105863909,8.06225774829855,8.06225774829855,8.06225774829855,8.06225774829855,7.615773105863909,6.324555320336759,5.385164807134504,5.830951894845301,0.0,0.0,0.0,0.0,0.0,0.0,0.0,0.0,0.0,0.0,0.0,8.94427190999916,8.06225774829855,8.06225774829855,6.4031242374328485,6.4031242374328485,6.4031242374328485,7.211102550927978,7.211102550927978,7.615773105863909,8.06225774829855,8.06225774829855,8.94427190999916,8.54400374531753,9.219544457292887,9.219544457292887,9.055385138137417,10.04987562112089,11.0,12.0,11.045361017187261,12.041594578792296,13.152946437965905,15.132745950421556,17.029386365926403,18.027756377319946,18.110770276274835
1787403279.9107835,-71,0.0,24.041630560342615,23.40939982143925,22.47220505424423,21.540659228538015,21.02379604162864,19.235384061671343,17.0,16.1245154965971,14.7648230602334,12.529964086141668,11.704699910719626,10.770329614269007,11.40175425099138,11.40175425099138,10.198039027185569,10.198039027185569,10.198039027185569,9.055385138137417,9.0,9.055385138137417,10.0,11.0,11.0,10.04987562112089,9.055385138137417,9.055385138137417,0.0,0.0,0.0,0.0,0.0,0.0,0.0,0.0,0.0,0.0,0.0,8.94427190999916,8.06225774829855,7.810249675906654,7.810249675906654,7.810249675906654,7.211102550927978,7.211102550927978,8.06225774829855,9.433981132056603,10.295630140987,11.180339887498949,11.180339887498949,10.295630140987,9.433981132056603,10.295630140987,10.770329614269007,11.704699910719626,11.40175425099138,12.36931687685298,13.152946437965905,14.035668847618199,15.033296378372908,17.029386365926403,19.1049731745428,21.095023109728988,22.20360331117452
1787403280.0005696,-71,0.0,23.021728866442675,23.021728866442675,21.633307652783937,21.095023109728988,19.235384061671343,17.88854381999832,16.55294535724685,15.231546211727817,13.0,12.083045973594572,9.848857801796104,8.602325267042627,8.48528137423857,9.899494936611665,8.48528137423857,8.48528137423857,9.219544457292887,8.602325267042627,8.602325267042627,8.602325267042627,9.433981132056603,9.433981132056603,8.48528137423857,7.0710678118654755,6.4031242374328485,6.4031242374328485,0.0,0.0,0.0,0.0,0.0,0.0,0.0,0.0,0.0,0.0,0.0,8.06225774829855,8.06225774829855,8.0,8.0,8.06225774829855,8.246211251235321,9.486832980505138,9.848857801796104,10.770329614269007,10.770329614269007,11.40175425099138,10.44030650891055,10.44030650891055,10.770329614269007,11.180339887498949,10.816653826391969,10.816653826391969,11.40175425099138,12.041594578792296,14.142135623730951,14.866068747318506,15.620499351813308,17.804493814764857,19.849433241279208,21.93171219946131,22.67156809750927
1787403280.7154844,-88,0.0,10.44030650891055,10.44030650891055,10.770329614269007,10.295630140987,10.816653826391969,10.816653826391969,10.63014581273465,9.219544457292887,8.06225774829855,8.06225774829855,7.615773105863909,7.280109889280518,6.082762530298219,5.0,6.324555320336759,6.708203932499369,6.708203932499369,7.211102550927978,8.48528137423857,9.899494936611665,10.63014581273465,10.63014581273465,12.041594578792296,12.041594578792296,12.041594578792296,12.041594578792296,0.0,0.0,0.0,0.0,0.0,0.0,0.0,0.0,0.0,0.0,0.0,16.278820596099706,15.297058540778355,15.132745950421556,15.033296378372908,15.0,13.038404810405298,12.165525060596439,9.486832980505138,7.615773105863909,5.0,3.1622776601683795,3.605551275463989,5.830951894845301,8.246211251235321,11.045361017187261,12.041594578792296,13.0,14.0,14.0,14.0,13.038404810405298,11.180339887498949,9.486832980505138,8.06225774829855,7.0710678118654755,7.211102550927978
1787403280.8118374,-70,0.0,23.0,24.020824298928627,23.0,22.02271554554524,22.02271554554524,21.095023109728988,19.235384061671343,17.26267650163207,16.278820596099706,14.142135623730951,13.038404810405298,13.0,13.038404810405298,13.038404810405298,13.038404810405298,12.041594578792296,12.165525060596439,12.165525060596439,11.180339887498949,11.180339887498949,12.165525060596439,12.165525060596439,11.045361017187261,10.0,9.0,8.06225774829855,0.0,0.0,0.0,0.0,0.0,0.0,0.0,0.0,0.0,0.0,0.0,7.810249675906654,7.211102550927978,7.211102550927978,7.615773105863909,8.54400374531753,8.54400374531753,9.486832980505138,10.44030650891055,10.44030650891055,10.770329614269007,10.770329614269007,10.770329614269007,10.44030650891055,10.198039027185569,10.04987562112089,11.0,12.041594578792296,12.165525060596439,13.152946437965905,15.132745950421556,16.278820596099706,17.26267650163207,18.24828759089466,20.223748416156685,22.090722034374522,22.090722034374522
1787403280.8274987,-70,0.0,23.021728866442675,22.02271554554524,22.0,21.0,20.024984394500787,19.1049731745428,18.110770276274835,16.1245154965971,15.132745950421556,13.038404810405298,13.0,12.041594578792296,12.041594578792296,12.165525060596439,12.041594578792296,12.041594578792296,11.180339887498949,11.180339887498949,11.180339887498949,10.198039027185569,11.180339887498949,11.045361017187261,10.04987562112089,9.0,8.06225774829855,8.06225774829855,0.0,0.0,0.0,0.0,0.0,0.0,0.0,0.0,0.0,0.0,0.0,7.810249675906654,7.211102550927978,7.615773105863909,7.615773105863909,8.54400374531753,8.246211251235321,9.219544457292887,9.219544457292887,9.219544457292887,10.198039027185569,10.44030650891055,9.486832980505138,9.486832980505138,9.219544457292887,10.04987562112089,10.0,11.045361017187261,11.180339887498949,12.36931687685298,13.341664064126334,14.317821063276353,15.297058540778355,17.46424919657298,19.4164878389476,21.213203435596427,21.213203435596427
1787403280.8437853,-70,0.0,22.090722034374522,22.02271554554524,22.02271554554524,21.02379604162864,20.0,20.024984394500787,18.110770276274835,16.1245154965971,15.132745950421556,13.038404810405298,12.041594578792296,12.0,12.041594578792296,12.041594578792296,12.165525060596439,11.180339887498949,11.180339887498949,10.198039027185569,11.045361017187261,11.180339887498949,11.180339887498949,11.045361017187261,10.0,10.0,9.0,8.0,0.0,0.0,0.0,0.0,0.0,0.0,0.0,0.0,0.0,0.0,0.0,7.810249675906654,7.810249675906654,8.06225774829855,7.615773105863909,8.54400374531753,8.54400374531753,9.486832980505138,9.486832980505138,9.486832980505138,10.770329614269007,10.770329614269007,10.770329614269007,9.486832980505138,9.219544457292887,9.055385138137417,10.0,11.045361017187261,11.045361017187261,13.038404810405298,14.142135623730951,15.132745950421556,16.278820596099706,17.26267650163207,18.439088914585774,20.396078054371138,21.213203435596427
1787403280.8437853,-70,0.0,22.02271554554524,21.02379604162864,21.02379604162864,20.09975124224178,19.235384061671343,18.24828759089466,17.46424919657298,16.492422502470642,14.317821063276353,13.341664064126334,11.180339887498949,11.045361017187261,11.0,11.0,11.0,10.0,10.0,10.0,10.0,10.04987562112089,10.04987562112089,9.0,9.0,9.055385138137417,8.06225774829855,7.0,0.0,0.0,0.0,0.0,0.0,0.0,0.0,0.0,0.0,0.0,0.0,7.810249675906654,7.0710678118654755,6.4031242374328485,6.708203932499369,6.708203932499369,7.615773105863909,7.615773105863909,8.54400374531753,8.94427190999916,9.848857801796104,9.848857801796104,9.848857801796104,8.94427190999916,8.54400374531753,9.219544457292887,9.055385138137417,10.0,11.0,12.0,13.038404810405298,14.035668847618199,15.033296378372908,16.1245154965971,18.110770276274835,20.024984394500787,20.024984394500787
1787403280.9229114,-70,0.0,21.93171219946131,21.2602916254693,19.79898987322333,19.1049731745428,19.209372712298546,18.601075237738275,17.204650534085253,15.620499351813308,14.866068747318506,13.45362404707371,11.40175425099138,10.63014581273465,11.313708498984761,11.40175425099138,10.816653826391969,10.0,10.0,10.0,10.295630140987,10.295630140987,10.295630140987,10.295630140987,9.433981132056603,8.602325267042627,6.4031242374328485,4.242640687119285,0.0,0.0,0.0,0.0,0.0,0.0,0.0,0.0,0.0,0.0,0.0,6.082762530298219,6.0,5.0,6.082762530298219,7.0710678118654755,7.280109889280518,8.246211251235321,9.219544457292887,8.246211251235321,8.54400374531753,9.219544457292887,8.246211251235321,8.246211251235321,8.54400374531753,8.94427190999916,8.602325267042627,8.48528137423857,9.899494936611665,10.63014581273465,12.041594578792296,12.806248474865697,14.422205101855956,15.811388300841896,18.601075237738275,20.615528128088304,20.518284528683193
1787403280.9388072,-71,0.0,21.02379604162864,21.0,20.0,21.02379604162864,21.095023109728988,19.235384061671343,18.24828759089466,16.1245154965971,13.152946437965905,12.165525060596439,12.041594578792296,10.04987562112089,10.0,10.04987562112089,11.045361017187261,10.04987562112089,10.0,9.055385138137417,8.06225774829855,7.280109889280518,7.280109889280518,7.280109889280518,8.06225774829855,8.06225774829855,7.0,6.082762530298219,0.0,0.0,0.0,0.0,0.0,0.0,0.0,0.0,0.0,0.0,0.0,6.4031242374328485,5.830951894845301,5.385164807134504,6.708203932499369,7.280109889280518,7.280109889280518,8.06225774829855,8.0,9.055385138137417,9.486832980505138,9.055385138137417,11.661903789690601,8.54400374531753,7.280109889280518,8.06225774829855,9.0,9.055385138137417,10.04987562112089,11.180339887498949,13.341664064126334,14.560219778561036,14.866068747318506,16.492422502470642,18.24828759089466,19.1049731745428,19.235384061671343
1787403280.9439163,-70,0.0,20.248456731316587,19.4164878389476,19.209372712298546,18.439088914585774,17.029386365926403,17.69180601295413,16.278820596099706,14.866068747318506,12.727922061357855,12.041594578792296,11.40175425099138,11.40175425099138,11.40175425099138,10.816653826391969,10.295630140987,9.433981132056603,8.602325267042627,7.810249675906654,8.602325267042627,8.94427190999916,9.848857801796104,9.848857801796104,8.602325267042627,7.810249675906654,7.810249675906654,7.211102550927978,0.0,0.0,0.0,0.0,0.0,0.0,0.0,0.0,0.0,0.0,0.0,7.280109889280518,6.708203932499369,6.708203932499369,7.211102550927978,7.810249675906654,7.810249675906654,7.810249675906654,8.602325267042627,9.219544457292887,9.219544457292887,9.219544457292887,9.219544457292887,9.219544457292887,8.48528137423857,8.48528137423857,9.219544457292887,9.219544457292887,10.0,11.661903789690601,12.529964086141668,12.529964086141668,14.7648230602334,15.652475842498529,17.0,18.35755975068582,18.027756377319946
1787403281.0184722,-71,0.0,22.02271554554524,21.02379604162864,21.095023109728988,20.223748416156685,20.223748416156685,19.235384061671343,17.46424919657298,16.492422502470642,15.297058540778355,13.341664064126334,11.180339887498949,10.0,10.04987562112089,10.04987562112089,11.045361017187261,10.04987562112089,10.04987562112089,9.055385138137417,9.219544457292887,9.219544457292887,10.198039027185569,10.198039027185569,10.198039027185569,9.055385138137417,8.0,8.0,0.0,0.0,0.0,0.0,0.0,0.0,0.0,0.0,0.0,0.0,0.0,9.433981132056603,8.06225774829855,8.06225774829855,8.06225774829855,7.615773105863909,8.94427190999916,9.848857801796104,9.848857801796104,9.848857801796104,10.770329614269007,10.770329614269007,10.770329614269007,10.770329614269007,9.486832980505138,10.198039027185569,11.180339887498949,11.045361017187261,12.041594578792296,13.038404810405298,13.038404810405298,13.0,14.035668847618199,16.0312195418814,18.027756377319946,20.0,20.0
1787403281.0719714,-69,0.0,29.154759474226502,27.16615541441225,24.186773244895647,20.223748416156685,15.811388300841896,10.816653826391969,8.06225774829855,8.06225774829855,8.94427190999916,10.63014581273465,12.727922061357855,14.142135623730951,15.620499351813308,17.029386365926403,17.204650534085253,16.64331697709324,15.652475842498529,13.92838827718412,12.36931687685298,10.198039027185569,8.06225774829855,5.0,2.0,1.4142135623730951,4.123105625617661,5.0,0.0,0.0,0.0,0.0,0.0,0.0,0.0,0.0,0.0,0.0,0.0,4.123105625617661,3.0,1.4142135623730951,1.4142135623730951,4.47213595499958,7.0710678118654755,10.04987562112089,12.0,15.033296378372908,17.029386365926403,19.026297590440446,18.110770276274835,16.492422502470642,15.231546211727817,15.264337522473747,14.422205101855956,12.206555615733702,10.0,7.810249675906654,4.47213595499958,3.1622776601683795,6.708203932499369,11.180339887498949,17.029386365926403,22.02271554554524,25.0
1787403281.081728,-69,0.0,29.5296461204668,28.178005607210743,24.596747752497688,21.02379604162864,16.15549442140351,12.165525060596439,7.280109889280518,5.830951894845301,6.0,8.246211251235321,10.44030650891055,12.36931687685298,14.317821063276353,16.1245154965971,16.0312195418814,16.0,16.0312195418814,15.132745950421556,13.341664064126334,10.44030650891055,8.54400374531753,5.385164807134504,2.23606797749979,1.0,4.0,6.0,0.0,0.0,0.0,0.0,0.0,0.0,0.0,0.0,0.0,0.0,0.0,4.242640687119285,2.23606797749979,1.4142135623730951,3.0,5.0990195135927845,7.615773105863909,9.433981132056603,12.206555615733702,14.866068747318506,16.97056274847714,18.439088914585774,19.209372712298546,18.027756377319946,16.1245154965971,15.652475842498529,14.317821063276353,11.704699910719626,9.486832980505138,6.708203932499369,4.47213595499958,5.385164807134504,8.48528137423857,13.45362404707371,19.209372712298546,23.021728866442675,25.553864678361276
1787403281.097518,-70,0.0,28.861739379323623,26.68332812825267,23.53720459187964,20.09975124224178,16.0,12.041594578792296,6.708203932499369,6.324555320336759,8.06225774829855,11.180339887498949,13.038404810405298,13.892443989449804,15.231546211727817,17.72004514666935,18.439088914585774,18.24828759089466,17.029386365926403,16.0312195418814,14.142135623730951,12.165525060596439,10.198039027185569,7.0,3.1622776601683795,2.23606797749979,4.47213595499958,4.47213595499958,0.0,0.0,0.0,0.0,0.0,0.0,0.0,0.0,0.0,0.0,0.0,4.0,3.1622776601683795,1.0,2.23606797749979,5.0,7.280109889280518,10.44030650891055,13.0,15.652475842498529,18.35755975068582,19.72308292331602,20.248456731316587,19.209372712298546,16.97056274847714,17.029386365926403,15.811388300841896,13.892443989449804,10.295630140987,8.06225774829855,5.0,4.123105625617661,7.211102550927978,12.083045973594572,18.027756377319946,23.08679276123039,25.96150997149434
1787403281.1292965,-70,0.0,22.090722034374522,21.213203435596427,20.223748416156685,20.09975124224178,20.0,19.0,18.027756377319946,16.0312195418814,14.035668847618199,13.0,12.0,12.041594578792296,12.041594578792296,12.041594578792296,12.041594578792296,11.045361017187261,11.045361017187261,10.04987562112089,10.04987562112089,10.04987562112089,10.198039027185569,10.04987562112089,10.0,9.0,8.0,7.0,0.0,0.0,0.0,0.0,0.0,0.0,0.0,0.0,0.0,0.0,0.0,7.615773105863909,7.280109889280518,8.246211251235321,8.06225774829855,9.0,9.0,9.055385138137417,10.04987562112089,10.04987562112089,11.180339887498949,11.180339887498949,11.180339887498949,11.180339887498949,11.045361017187261,11.045361017187261,11.0,11.0,10.04987562112089,11.180339887498949,12.165525060596439,13.341664064126334,14.560219778561036,15.524174696260024,18.027756377319946,18.681541692269406,20.396078054371138
1787403281.5412667,-71,0.0,23.021728866442675,23.08679276123039,23.194827009486403,22.20360331117452,20.396078054371138,20.615528128088304,18.681541692269406,16.76305461424021,13.92838827718412,12.083045973594572,11.704699910719626,11.40175425099138,10.198039027185569,9.055385138137417,9.0,9.055385138137417,8.06225774829855,7.0710678118654755,8.246211251235321,9.219544457292887,9.219544457292887,9.219544457292887,8.246211251235321,8.246211251235321,7.280109889280518,4.123105625617661,0.0,0.0,0.0,0.0,0.0,0.0,0.0,0.0,0.0,0.0,0.0,7.0710678118654755,7.211102550927978,6.708203932499369,8.06225774829855,9.433981132056603,8.94427190999916,8.94427190999916,9.848857801796104,9.848857801796104,10.295630140987,10.295630140987,10.295630140987,10.295630140987,9.848857801796104,9.848857801796104,9.486832980505138,10.198039027185569,10.0,11.0,12.0,13.0,15.132745950421556,17.11724276862369,20.024984394500787,21.02379604162864,21.02379604162864
1787403281.8561594,-70,0.0,21.633307652783937,21.633307652783937,20.248456731316587,20.248456731316587,18.867962264113206,18.35755975068582,17.0,15.264337522473747,13.892443989449804,13.038404810405298,12.806248474865697,12.041594578792296,12.041594578792296,12.041594578792296,11.313708498984761,11.313708498984761,12.041594578792296,12.041594578792296,12.727922061357855,13.45362404707371,12.727922061357855,12.041594578792296,11.40175425099138,10.816653826391969,9.433981132056603,9.433981132056603,0.0,0.0,0.0,0.0,0.0,0.0,0.0,0.0,0.0,0.0,0.0,5.0,5.0990195135927845,5.385164807134504,5.830951894845301,7.211102550927978,7.211102550927978,8.602325267042627,8.602325267042627,8.94427190999916,10.295630140987,10.295630140987,9.848857801796104,9.848857801796104,9.848857801796104,10.295630140987,10.816653826391969,11.40175425099138,11.313708498984761,12.727922061357855,14.866068747318506,14.866068747318506,16.278820596099706,16.97056274847714,19.1049731745428,20.518284528683193,21.93171219946131
1787403281.9455616,-71,0.0,20.12461179749811,19.235384061671343,18.35755975068582,18.867962264113206,18.027756377319946,18.027756377319946,15.811388300841896,14.422205101855956,13.601470508735444,12.529964086141668,12.529964086141668,11.180339887498949,10.770329614269007,11.704699910719626,11.704699910719626,11.704699910719626,11.40175425099138,11.40175425099138,10.44030650891055,10.44030650891055,11.40175425099138,10.770329614269007,9.848857801796104,8.94427190999916,8.94427190999916,8.94427190999916,0.0,0.0,0.0,0.0,0.0,0.0,0.0,0.0,0.0,0.0,0.0,5.385164807134504,5.0,5.0,5.0,6.4031242374328485,8.06225774829855,8.06225774829855,9.433981132056603,10.295630140987,10.816653826391969,11.40175425099138,11.40175425099138,10.816653826391969,10.816653826391969,10.816653826391969,11.661903789690601,11.180339887498949,12.083045973594572,12.529964086141668,13.416407864998739,13.92838827718412,14.866068747318506,17.08800749063506,18.027756377319946,18.384776310850235,18.788294228055936
1787403282.0494568,-70,0.0,21.0,21.02379604162864,19.1049731745428,18.110770276274835,17.11724276862369,17.11724276862369,16.1245154965971,14.142135623730951,13.152946437965905,13.0,11.045361017187261,10.04987562112089,11.045361017187261,11.045361017187261,10.198039027185569,10.198039027185569,11.661903789690601,13.45362404707371,11.661903789690601,10.770329614269007,11.180339887498949,11.704699910719626,11.180339887498949,9.055385138137417,9.055385138137417,9.219544457292887,0.0,0.0,0.0,0.0,0.0,0.0,0.0,0.0,0.0,0.0,0.0,7.280109889280518,6.708203932499369,7.615773105863909,7.280109889280518,8.54400374531753,8.246211251235321,8.06225774829855,9.219544457292887,8.54400374531753,8.94427190999916,9.486832980505138,10.04987562112089,10.0,10.0,10.04987562112089,11.180339887498949,11.045361017187261,11.045361017187261,12.36931687685298,13.341664064126334,15.297058540778355,15.297058540778355,16.278820596099706,18.24828759089466,19.1049731745428,20.024984394500787
1787403282.255812,-70,0.0,22.090722034374522,21.213203435596427,21.37755832643195,20.396078054371138,19.4164878389476,18.681541692269406,16.76305461424021,15.524174696260024,13.601470508735444,12.36931687685298,11.180339887498949,10.04987562112089,10.0,10.0,10.04987562112089,10.04987562112089,10.198039027185569,10.198039027185569,10.198039027185569,10.198039027185569,10.44030650891055,10.44030650891055,10.198039027185569,10.198039027185569,9.055385138137417,9.055385138137417,0.0,0.0,0.0,0.0,0.0,0.0,0.0,0.0,0.0,0.0,0.0,5.656854249492381,5.0,6.324555320336759,7.280109889280518,8.246211251235321,9.219544457292887,9.219544457292887,9.219544457292887,10.44030650891055,10.44030650891055,10.44030650891055,10.44030650891055,11.40175425099138,10.198039027185569,11.180339887498949,11.180339887498949,12.041594578792296,13.038404810405298,14.0,15.033296378372908,16.0312195418814,17.029386365926403,19.026297590440446,21.0,22.02271554554524,22.02271554554524
1787403282.4619553,-86,0.0,7.615773105863909,7.0710678118654755,8.06225774829855,9.486832980505138,9.433981132056603,10.63014581273465,10.63014581273465,9.899494936611665,7.0710678118654755,5.656854249492381,3.605551275463989,3.0,3.605551275463989,4.242640687119285,5.0,5.385164807134504,6.324555320336759,6.324555320336759,6.708203932499369,6.708203932499369,5.830951894845301,5.830951894845301,6.708203932499369,7.211102550927978,6.4031242374328485,7.211102550927978,0.0,0.0,0.0,0.0,0.0,0.0,0.0,0.0,0.0,0.0,0.0,12.083045973594572,13.0,12.649110640673518,13.341664064126334,13.601470508735444,13.341664064126334,12.649110640673518,11.40175425099138,10.770329614269007,9.848857801796104,10.816653826391969,10.0,10.816653826391969,10.295630140987,11.180339887498949,11.704699910719626,13.601470508735444,13.341664064126334,13.038404810405298,12.041594578792296,12.041594578792296,10.04987562112089,8.246211251235321,7.280109889280518,5.830951894845301,5.0
1787403282.4619553,-70,0.0,21.840329667841555,20.396078054371138,20.223748416156685,19.235384061671343,18.24828759089466,17.11724276862369,16.1245154965971,15.132745950421556,13.152946437965905,12.165525060596439,11.40175425099138,10.44030650891055,10.44030650891055,9.486832980505138,9.848857801796104,9.848857801796104,9.848857801796104,9.848857801796104,9.848857801796104,9.486832980505138,9.486832980505138,9.219544457292887,9.219544457292887,9.055385138137417,8.246211251235321,7.615773105863909,0.0,0.0,0.0,0.0,0.0,0.0,0.0,0.0,0.0,0.0,0.0,7.0710678118654755,7.0,8.0,9.055385138137417,9.055385138137417,9.055385138137417,10.198039027185569,10.198039027185569,10.04987562112089,11.0,10.0,10.0,10.0,10.04987562112089,11.045361017187261,11.180339887498949,11.40175425099138,11.704699910719626,11.704699910719626,12.649110640673518,13.0,14.317821063276353,15.231546211727817,18.027756377319946,19.313207915827967,19.924858845171276
1787403282.685337,-71,0.0,22.825424421026653,22.825424421026653,22.360679774997898,21.02379604162864,21.02379604162864,19.313207915827967,18.027756377319946,16.76305461424021,14.560219778561036,12.649110640673518,11.704699910719626,10.770329614269007,10.295630140987,10.816653826391969,10.816653826391969,10.0,8.48528137423857,8.48528137423857,8.48528137423857,9.219544457292887,9.219544457292887,9.219544457292887,8.602325267042627,8.602325267042627,7.810249675906654,7.0710678118654755,0.0,0.0,0.0,0.0,0.0,0.0,0.0,0.0,0.0,0.0,0.0,8.0,6.082762530298219,6.0,7.0710678118654755,8.06225774829855,8.06225774829855,9.219544457292887,10.44030650891055,10.44030650891055,11.40175425099138,12.165525060596439,11.180339887498949,10.198039027185569,10.198039027185569,10.44030650891055,10.770329614269007,10.295630140987,11.40175425099138,12.206555615733702,13.601470508735444,14.866068747318506,16.278820596099706,19.1049731745428,19.1049731745428,21.2602916254693,22.02271554554524
1787403282.768544,-71,0.0,24.758836806279895,24.758836806279895,24.08318915758459,22.67156809750927,21.400934559032695,20.808652046684813,19.4164878389476,18.027756377319946,16.64331697709324,14.422205101855956,12.806248474865697,12.727922061357855,12.041594578792296,11.40175425099138,11.40175425099138,10.816653826391969,10.0,10.0,10.295630140987,10.295630140987,9.848857801796104,10.295630140987,10.816653826391969,9.433981132056603,8.06225774829855,6.708203932499369,0.0,0.0,0.0,0.0,0.0,0.0,0.0,0.0,0.0,0.0,0.0,9.055385138137417,8.0,8.06225774829855,8.246211251235321,8.246211251235321,9.219544457292887,10.44030650891055,10.770329614269007,11.704699910719626,12.36931687685298,12.165525060596439,9.219544457292887,6.708203932499369,7.615773105863909,10.44030650891055,10.770329614269007,10.295630140987,11.40175425099138,12.727922061357855,13.601470508735444,14.422205101855956,16.64331697709324,18.867962264113206,20.808652046684813,22.80350850198276,23.430749027719962
1787403282.860494,-72,0.0,23.08679276123039,23.08679276123039,22.47220505424423,21.540659228538015,20.615528128088304,20.12461179749811,18.35755975068582,15.811388300841896,12.806248474865697,11.661903789690601,10.295630140987,9.848857801796104,8.54400374531753,8.246211251235321,8.246211251235321,8.06225774829855,7.0,7.0,7.0710678118654755,7.0710678118654755,7.280109889280518,7.280109889280518,8.246211251235321,7.280109889280518,6.324555320336759,6.324555320336759,0.0,0.0,0.0,0.0,0.0,0.0,0.0,0.0,0.0,0.0,0.0,6.082762530298219,5.0,4.123105625617661,4.47213595499958,5.0,5.656854249492381,7.0710678118654755,7.0710678118654755,8.48528137423857,9.219544457292887,9.219544457292887,8.48528137423857,7.810249675906654,7.810249675906654,7.810249675906654,8.06225774829855,8.54400374531753,9.219544457292887,11.180339887498949,13.038404810405298,14.035668847618199,15.132745950421556,16.0312195418814,19.1049731745428,21.095023109728988,21.213203435596427
1787403282.8764179,-72,0.0,24.186773244895647,24.698178070456937,23.021728866442675,21.400934559032695,20.615528128088304,19.849433241279208,17.69180601295413,15.556349186104045,14.142135623730951,12.727922061357855,11.40175425099138,10.0,9.433981132056603,8.94427190999916,8.54400374531753,8.54400374531753,8.246211251235321,8.06225774829855,8.06225774829855,8.0,9.0,8.0,8.06225774829855,8.0,7.0710678118654755,7.0710678118654755,0.0,0.0,0.0,0.0,0.0,0.0,0.0,0.0,0.0,0.0,0.0,6.082762530298219,5.0,5.0990195135927845,5.385164807134504,5.830951894845301,5.830951894845301,7.211102550927978,7.211102550927978,8.06225774829855,8.602325267042627,9.433981132056603,8.94427190999916,8.602325267042627,8.48528137423857,9.219544457292887,10.0,10.295630140987,11.180339887498949,12.083045973594572,13.0,13.92838827718412,14.866068747318506,17.08800749063506,19.313207915827967,20.615528128088304,21.93171219946131
1787403283.0666692,-70,0.0,22.360679774997898,22.360679774997898,21.587033144922902,20.615528128088304,19.6468827043885,18.681541692269406,17.72004514666935,15.811388300841896,13.92838827718412,12.649110640673518,11.40175425099138,11.40175425099138,10.198039027185569,11.180339887498949,11.180339887498949,11.180339887498949,10.04987562112089,10.04987562112089,10.0,9.0,9.0,10.0,10.0,9.0,9.0,8.0,0.0,0.0,0.0,0.0,0.0,0.0,0.0,0.0,0.0,0.0,0.0,6.708203932499369,7.615773105863909,7.280109889280518,8.246211251235321,8.54400374531753,9.486832980505138,10.198039027185569,11.180339887498949,11.40175425099138,12.649110640673518,13.0,12.083045973594572,11.704699910719626,10.770329614269007,10.770329614269007,11.40175425099138,11.045361017187261,11.0,13.038404810405298,14.035668847618199,15.0,16.0,18.027756377319946,19.026297590440446,21.0,22.0
1787403283.082497,-87,0.0,9.486832980505138,9.219544457292887,9.055385138137417,9.0,8.06225774829855,8.246211251235321,7.615773105863909,6.708203932499369,5.830951894845301,5.0,5.0,4.47213595499958,5.0990195135927845,6.0,6.082762530298219,6.082762530298219,7.0710678118654755,8.06225774829855,8.0,8.0,8.06225774829855,8.0,8.0,8.06225774829855,7.280109889280518,8.54400374531753,0.0,0.0,0.0,0.0,0.0,0.0,0.0,0.0,0.0,0.0,0.0,7.280109889280518,9.486832980505138,10.44030650891055,11.704699910719626,13.0,14.317821063276353,15.231546211727817,15.652475842498529,15.264337522473747,15.0,13.601470508735444,13.601470508735444,12.206555615733702,10.63014581273465,9.433981132056603,8.06225774829855,6.324555320336759,5.0990195135927845,5.0,4.123105625617661,4.242640687119285,5.0,6.708203932499369,7.615773105863909,8.54400374531753,9.486832980505138
1787403283.1777222,-70,0.0,21.470910553583888,20.591260281974,20.591260281974,20.591260281974,20.248456731316587,19.4164878389476,17.804493814764857,17.029386365926403,15.620499351813308,14.212670403551895,12.806248474865697,12.206555615733702,12.206555615733702,12.206555615733702,11.661903789690601,11.661903789690601,11.661903789690601,10.816653826391969,10.295630140987,10.295630140987,10.816653826391969,10.816653826391969,10.816653826391969,10.0,9.219544457292887,7.810249675906654,0.0,0.0,0.0,0.0,0.0,0.0,0.0,0.0,0.0,0.0,0.0,8.54400374531753,8.54400374531753,8.94427190999916,8.94427190999916,8.94427190999916,9.433981132056603,9.433981132056603,10.816653826391969,10.816653826391969,11.180339887498949,11.180339887498949,10.295630140987,8.94427190999916,8.602325267042627,7.810249675906654,7.810249675906654,9.433981132056603,9.848857801796104,10.770329614269007,11.704699910719626,13.0,14.866068747318506,15.811388300841896,17.08800749063506,19.313207915827967,20.615528128088304
1787403283.2890253,-70,0.0,17.46424919657298,17.08800749063506,18.384776310850235,20.12461179749811,21.095023109728988,19.72308292331602,17.4928556845359,16.64331697709324,14.422205101855956,13.416407864998739,13.0,12.083045973594572,11.661903789690601,11.661903789690601,11.661903789690601,11.704699910719626,11.40175425099138,11.40175425099138,11.180339887498949,11.180339887498949,11.180339887498949,10.44030650891055,10.770329614269007,9.848857801796104,9.848857801796104,8.94427190999916,0.0,0.0,0.0,0.0,0.0,0.0,0.0,0.0,0.0,0.0,0.0,6.324555320336759,5.385164807134504,5.830951894845301,5.830951894845301,7.0710678118654755,7.810249675906654,7.810249675906654,8.48528137423857,9.219544457292887,9.899494936611665,9.899494936611665,9.219544457292887,8.602325267042627,8.48528137423857,9.219544457292887,8.602325267042627,8.94427190999916,9.219544457292887,11.180339887498949,13.341664064126334,13.341664064126334,14.317821063276353,16.278820596099706,20.615528128088304,21.840329667841555,20.8806130178211
1787403283.2890253,-71,0.0,23.194827009486403,22.20360331117452,22.20360331117452,23.08679276123039,22.02271554554524,21.02379604162864,19.235384061671343,17.72004514666935,15.524174696260024,15.524174696260024,14.317821063276353,14.142135623730951,14.142135623730951,14.035668847618199,13.0,13.0,13.038404810405298,12.041594578792296,11.045361017187261,12.041594578792296,12.165525060596439,12.041594578792296,11.0,11.045361017187261,10.04987562112089,10.0,0.0,0.0,0.0,0.0,0.0,0.0,0.0,0.0,0.0,0.0,0.0,7.211102550927978,6.4031242374328485,6.4031242374328485,6.4031242374328485,7.211102550927978,8.602325267042627,9.433981132056603,10.295630140987,10.816653826391969,11.40175425099138,11.40175425099138,10.63014581273465,10.0,8.602325267042627,8.94427190999916,9.486832980505138,10.198039027185569,11.045361017187261,12.0,14.035668847618199,16.0312195418814,17.029386365926403,18.027756377319946,20.024984394500787,21.095023109728988,22.20360331117452
1787403283.2890253,-71,0.0,19.697715603592208,19.697715603592208,18.788294228055936,18.788294228055936,18.384776310850235,18.027756377319946,16.76305461424021,14.560219778561036,13.601470508735444,13.416407864998739,12.083045973594572,11.40175425099138,10.770329614269007,11.661903789690601,10.816653826391969,10.816653826391969,10.816653826391969,10.816653826391969,10.0,10.0,10.816653826391969,10.816653826391969,10.295630140987,8.94427190999916,8.54400374531753,7.615773105863909,0.0,0.0,0.0,0.0,0.0,0.0,0.0,0.0,0.0,0.0,0.0,6.324555320336759,5.0990195135927845,6.082762530298219,6.0,6.082762530298219,7.0710678118654755,7.0710678118654755,8.06225774829855,9.055385138137417,9.055385138137417,9.0,9.0,9.0,8.0,8.06225774829855,8.54400374531753,8.94427190999916,9.433981132056603,10.0,12.206555615733702,13.601470508735444,15.0,15.811388300841896,17.4928556845359,18.35755975068582,19.235384061671343
1787403283.448697,-69,0.0,28.231188426986208,27.85677655436824,25.632011235952593,23.40939982143925,18.439088914585774,13.0,9.055385138137417,5.830951894845301,5.0,7.211102550927978,9.219544457292887,12.806248474865697,14.422205101855956,15.811388300841896,17.4928556845359,17.88854381999832,17.46424919657298,16.15549442140351,13.92838827718412,10.770329614269007,8.54400374531753,6.324555320336759,2.8284271247461903,2.23606797749979,2.23606797749979,3.1622776601683795,0.0,0.0,0.0,0.0,0.0,0.0,0.0,0.0,0.0,0.0,0.0,4.47213595499958,4.123105625617661,5.0,5.0990195135927845,5.0,4.123105625617661,7.211102550927978,10.295630140987,13.038404810405298,17.204650534085253,19.72308292331602,20.12461179749811,19.697715603592208,18.027756377319946,16.492422502470642,14.317821063276353,13.038404810405298,11.045361017187261,8.06225774829855,5.0,1.4142135623730951,4.242640687119285,8.602325267042627,14.422205101855956,19.72308292331602,23.259406699226016
1787403283.486534,-68,0.0,24.73863375370596,25.0,23.08679276123039,19.924858845171276,16.15549442140351,12.529964086141668,8.48528137423857,4.47213595499958,3.605551275463989,5.830951894845301,7.615773105863909,9.848857801796104,10.770329614269007,12.083045973594572,13.892443989449804,13.892443989449804,13.601470508735444,12.206555615733702,10.63014581273465,8.48528137423857,7.0710678118654755,5.656854249492381,2.8284271247461903,1.0,3.605551275463989,4.47213595499958,0.0,0.0,0.0,0.0,0.0,0.0,0.0,0.0,0.0,0.0,0.0,3.605551275463989,2.8284271247461903,2.8284271247461903,1.4142135623730951,3.1622776601683795,6.082762530298219,7.0710678118654755,9.055385138137417,13.341664064126334,14.560219778561036,14.866068747318506,15.231546211727817,15.231546211727817,13.416407864998739,12.206555615733702,11.313708498984761,10.0,8.06225774829855,5.830951894845301,2.8284271247461903,1.4142135623730951,4.0,8.06225774829855,13.152946437965905,18.24828759089466,21.37755832643195
1787403283.4942896,-69,0.0,31.400636936215164,31.240998703626616,29.068883707497267,25.495097567963924,21.2602916254693,14.422205101855956,9.848857801796104,6.324555320336759,5.385164807134504,7.0710678118654755,10.04987562112089,13.038404810405298,15.033296378372908,15.033296378372908,17.029386365926403,18.24828759089466,19.4164878389476,18.439088914585774,16.278820596099706,12.165525060596439,9.219544457292887,7.280109889280518,3.1622776601683795,2.23606797749979,3.605551275463989,3.605551275463989,0.0,0.0,0.0,0.0,0.0,0.0,0.0,0.0,0.0,0.0,0.0,2.8284271247461903,3.0,3.1622776601683795,3.1622776601683795,2.23606797749979,4.242640687119285,9.433981132056603,13.0,15.524174696260024,19.235384061671343,22.360679774997898,22.20360331117452,20.09975124224178,18.0,17.11724276862369,15.811388300841896,13.416407864998739,11.180339887498949,8.06225774829855,5.830951894845301,2.0,4.47213595499958,10.295630140987,16.64331697709324,22.20360331117452,25.80697580112788
1787403283.5101917,-69,0.0,30.14962686336267,29.154759474226502,27.294688127912362,23.345235059857504,18.681541692269406,13.0,7.810249675906654,5.0990195135927845,5.830951894845301,8.602325267042627,10.816653826391969,12.806248474865697,14.866068747318506,16.97056274847714,18.439088914585774,19.209372712298546,19.4164878389476,18.867962264113206,17.4928556845359,14.7648230602334,11.180339887498949,8.06225774829855,2.8284271247461903,2.0,5.830951894845301,8.06225774829855,0.0,0.0,0.0,0.0,0.0,0.0,0.0,0.0,0.0,0.0,0.0,5.0990195135927845,3.0,1.4142135623730951,2.23606797749979,4.0,7.0,10.04987562112089,13.038404810405298,16.278820596099706,19.235384061671343,21.37755832643195,20.396078054371138,18.681541692269406,17.08800749063506,16.1245154965971,15.620499351813308,14.866068747318506,12.041594578792296,9.219544457292887,5.830951894845301,3.1622776601683795,5.385164807134504,11.045361017187261,17.0,22.02271554554524,26.076809620810597
1787403283.526152,-70,0.0,25.942243542145693,25.495097567963924,23.259406699226016,20.615528128088304,16.15549442140351,11.40175425099138,7.0710678118654755,4.242640687119285,5.0,7.280109889280518,10.770329614269007,12.649110640673518,14.560219778561036,16.278820596099706,17.26267650163207,18.110770276274835,18.027756377319946,17.0,15.0,12.0,10.0,6.0,3.1622776601683795,1.4142135623730951,5.0,7.0710678118654755,0.0,0.0,0.0,0.0,0.0,0.0,0.0,0.0,0.0,0.0,0.0,3.0,2.23606797749979,1.0,1.0,3.605551275463989,6.4031242374328485,9.219544457292887,12.727922061357855,14.866068747318506,17.69180601295413,19.1049731745428,19.1049731745428,17.029386365926403,15.811388300841896,14.7648230602334,13.601470508735444,13.152946437965905,11.045361017187261,9.219544457292887,6.324555320336759,3.1622776601683795,5.830951894845301,9.899494936611665,14.212670403551895,19.4164878389476,22.47220505424423
1787403283.5488,-69,0.0,27.073972741361768,26.1725046566048,24.186773244895647,21.213203435596427,16.492422502470642,11.704699910719626,7.211102550927978,5.0990195135927845,5.830951894845301,7.810249675906654,9.219544457292887,11.313708498984761,13.45362404707371,15.0,16.64331697709324,17.0,17.88854381999832,17.46424919657298,14.7648230602334,12.083045973594572,9.848857801796104,6.708203932499369,3.605551275463989,1.0,4.47213595499958,6.708203932499369,0.0,0.0,0.0,0.0,0.0,0.0,0.0,0.0,0.0,0.0,0.0,4.123105625617661,2.0,1.4142135623730951,1.4142135623730951,3.1622776601683795,6.082762530298219,9.055385138137417,12.0,15.0,17.029386365926403,18.027756377319946,18.110770276274835,17.26267650163207,14.560219778561036,13.416407864998739,13.601470508735444,12.041594578792296,9.899494936611665,7.0710678118654755,5.385164807134504,4.123105625617661,5.385164807134504,10.04987562112089,15.033296378372908,19.0,22.090722034374522
1787403283.575646,-69,0.0,24.596747752497688,24.596747752497688,22.825424421026653,19.72308292331602,15.0,11.313708498984761,6.708203932499369,4.47213595499958,5.830951894845301,7.615773105863909,10.770329614269007,12.083045973594572,14.317821063276353,15.264337522473747,16.64331697709324,17.204650534085253,17.029386365926403,16.278820596099706,14.142135623730951,12.727922061357855,9.899494936611665,6.4031242374328485,3.1622776601683795,1.0,3.605551275463989,5.0,0.0,0.0,0.0,0.0,0.0,0.0,0.0,0.0,0.0,0.0,0.0,5.0,2.8284271247461903,1.0,1.0,3.1622776601683795,5.385164807134504,8.246211251235321,11.180339887498949,13.152946437965905,15.132745950421556,17.26267650163207,17.26267650163207,16.0312195418814,15.0,14.317821063276353,13.0,12.083045973594572,10.295630140987,8.06225774829855,5.0990195135927845,3.1622776601683795,5.0990195135927845,9.219544457292887,13.601470508735444,18.384776310850235,20.615528128088304
1787403283.605419,-69,0.0,29.068883707497267,28.071337695236398,26.019223662515376,22.02271554554524,18.027756377319946,13.152946437965905,8.54400374531753,5.0,5.0990195135927845,6.708203932499369,8.602325267042627,10.295630140987,12.083045973594572,12.649110640673518,14.317821063276353,14.142135623730951,15.033296378372908,15.0,13.152946437965905,12.165525060596439,10.198039027185569,7.0710678118654755,3.0,0.0,3.1622776601683795,5.0990195135927845,0.0,0.0,0.0,0.0,0.0,0.0,0.0,0.0,0.0,0.0,0.0,2.23606797749979,1.0,1.0,2.23606797749979,3.1622776601683795,6.0,8.06225774829855,11.180339887498949,13.341664064126334,15.297058540778355,17.46424919657298,16.492422502470642,14.866068747318506,13.416407864998739,13.601470508735444,12.041594578792296,11.313708498984761,9.219544457292887,7.0710678118654755,4.47213595499958,3.605551275463989,7.615773105863909,12.36931687685298,17.26267650163207,22.20360331117452,25.179356624028344
1787403283.621261,-72,0.0,29.154759474226502,28.160255680657446,25.179356624028344,22.20360331117452,17.46424919657298,13.0,8.602325267042627,4.47213595499958,5.0,6.4031242374328485,8.602325267042627,9.899494936611665,12.041594578792296,12.806248474865697,13.601470508735444,13.892443989449804,14.317821063276353,13.92838827718412,13.601470508735444,11.40175425099138,9.219544457292887,6.324555320336759,3.605551275463989,1.0,3.1622776601683795,5.830951894845301,0.0,0.0,0.0,0.0,0.0,0.0,0.0,0.0,0.0,0.0,0.0,3.1622776601683795,2.0,1.4142135623730951,1.4142135623730951,3.1622776601683795,5.0,8.06225774829855,11.180339887498949,13.341664064126334,15.524174696260024,16.492422502470642,16.76305461424021,15.231546211727817,13.892443989449804,13.038404810405298,12.206555615733702,11.313708498984761,9.219544457292887,6.4031242374328485,4.47213595499958,3.605551275463989,7.280109889280518,12.041594578792296,17.029386365926403,21.0,24.020824298928627
1787403283.732435,-87,0.0,12.041594578792296,12.041594578792296,11.40175425099138,12.206555615733702,11.661903789690601,11.180339887498949,10.770329614269007,9.848857801796104,8.94427190999916,7.615773105863909,6.708203932499369,6.4031242374328485,5.830951894845301,6.324555320336759,7.0710678118654755,8.06225774829855,9.0,9.0,10.0,10.0,9.055385138137417,9.055385138137417,8.246211251235321,7.280109889280518,6.708203932499369,6.708203932499369,0.0,0.0,0.0,0.0,0.0,0.0,0.0,0.0,0.0,0.0,0.0,7.211102550927978,6.4031242374328485,5.656854249492381,5.656854249492381,4.47213595499958,4.123105625617661,3.605551275463989,3.1622776601683795,3.0,3.605551275463989,4.242640687119285,5.0,6.708203932499369,8.06225774829855,8.06225774829855,8.06225774829855,8.06225774829855,8.06225774829855,7.211102550927978,5.830951894845301,4.47213595499958,4.0,4.123105625617661,5.0,6.4031242374328485,7.211102550927978
1787403284.1218452,-70,0.0,29.154759474226502,25.553864678361276,22.360679774997898,18.384776310850235,14.317821063276353,11.045361017187261,9.433981132056603,8.06225774829855,9.219544457292887,12.0,14.035668847618199,14.142135623730951,13.601470508735444,15.652475842498529,18.027756377319946,17.804493814764857,16.278820596099706,15.620499351813308,15.264337522473747,13.416407864998739,9.848857801796104,6.324555320336759,3.0,1.4142135623730951,5.385164807134504,7.615773105863909,0.0,0.0,0.0,0.0,0.0,0.0,0.0,0.0,0.0,0.0,0.0,5.0990195135927845,3.0,2.0,3.1622776601683795,3.1622776601683795,5.385164807134504,8.06225774829855,11.40175425099138,14.142135623730951,17.69180601295413,20.518284528683193,21.93171219946131,22.02271554554524,20.615528128088304,20.0,18.601075237738275,15.264337522473747,12.206555615733702,9.219544457292887,6.324555320336759,7.280109889280518,10.0,14.212670403551895,19.4164878389476,23.021728866442675,26.076809620810597
1787403284.2499268,-69,0.0,24.73863375370596,22.80350850198276,20.248456731316587,16.15549442140351,12.083045973594572,7.810249675906654,5.0990195135927845,5.830951894845301,8.602325267042627,10.0,12.806248474865697,15.0,17.0,18.384776310850235,18.384776310850235,18.973665961010276,18.24828759089466,16.0312195418814,14.0,13.038404810405298,11.180339887498949,7.280109889280518,3.605551275463989,1.0,3.1622776601683795,5.0990195135927845,0.0,0.0,0.0,0.0,0.0,0.0,0.0,0.0,0.0,0.0,0.0,2.23606797749979,1.4142135623730951,1.4142135623730951,1.0,2.23606797749979,4.47213595499958,8.246211251235321,11.045361017187261,13.038404810405298,15.033296378372908,18.027756377319946,19.026297590440446,19.1049731745428,19.235384061671343,17.26267650163207,16.278820596099706,15.132745950421556,13.0,10.04987562112089,6.708203932499369,6.4031242374328485,9.486832980505138,13.038404810405298,17.029386365926403,21.213203435596427,23.53720459187964
1787403284.2696574,-70,0.0,26.30589287593181,24.331050121192877,20.223748416156685,16.0312195418814,12.041594578792296,8.94427190999916,5.830951894845301,7.280109889280518,10.295630140987,13.038404810405298,13.892443989449804,14.317821063276353,15.524174696260024,18.24828759089466,20.09975124224178,21.02379604162864,20.0,18.027756377319946,16.1245154965971,13.341664064126334,10.44030650891055,7.615773105863909,3.1622776601683795,1.0,5.0990195135927845,7.280109889280518,0.0,0.0,0.0,0.0,0.0,0.0,0.0,0.0,0.0,0.0,0.0,3.605551275463989,2.0,1.4142135623730951,1.4142135623730951,3.0,5.0990195135927845,7.615773105863909,10.816653826391969,13.601470508735444,17.204650534085253,20.0,20.0,19.849433241279208,19.1049731745428,18.384776310850235,17.69180601295413,15.556349186104045,13.45362404707371,9.433981132056603,7.0710678118654755,7.615773105863909,9.219544457292887,12.529964086141668,17.08800749063506,20.8806130178211,22.80350850198276
1787403284.2855928,-70,0.0,27.65863337187866,26.248809496813376,23.345235059857504,18.384776310850235,12.206555615733702,9.055385138137417,8.54400374531753,9.219544457292887,10.295630140987,13.0,15.231546211727817,17.0,17.4928556845359,19.209372712298546,20.518284528683193,21.213203435596427,20.518284528683193,18.601075237738275,14.7648230602334,11.704699910719626,9.219544457292887,7.280109889280518,4.123105625617661,1.0,3.605551275463989,6.708203932499369,0.0,0.0,0.0,0.0,0.0,0.0,0.0,0.0,0.0,0.0,0.0,2.0,1.0,1.4142135623730951,1.4142135623730951,2.23606797749979,4.242640687119285,7.211102550927978,10.295630140987,14.317821063276353,17.46424919657298,20.615528128088304,21.540659228538015,22.135943621178654,22.135943621178654,22.135943621178654,20.615528128088304,17.46424919657298,13.601470508735444,10.295630140987,7.810249675906654,8.06225774829855,10.198039027185569,13.416407864998739,18.867962264113206,23.021728866442675,25.80697580112788
1787403284.301625,-70,0.0,26.92582403567252,25.553864678361276,22.825424421026653,18.788294228055936,13.601470508735444,9.0,6.708203932499369,6.708203932499369,8.06225774829855,10.04987562112089,12.041594578792296,14.317821063276353,16.76305461424021,18.027756377319946,19.697715603592208,19.235384061671343,18.35755975068582,15.811388300841896,13.45362404707371,11.313708498984761,7.810249675906654,6.708203932499369,4.0,2.23606797749979,4.123105625617661,7.211102550927978,0.0,0.0,0.0,0.0,0.0,0.0,0.0,0.0,0.0,0.0,0.0,1.0,1.4142135623730951,2.8284271247461903,3.605551275463989,4.123105625617661,5.0990195135927845,7.211102550927978,10.63014581273465,13.45362404707371,16.278820596099706,19.79898987322333,19.849433241279208,18.601075237738275,17.204650534085253,17.804493814764857,17.204650534085253,14.422205101855956,12.206555615733702,9.899494936611665,7.615773105863909,7.280109889280518,10.295630140987,13.601470508735444,17.69180601295413,22.02271554554524,24.20743687382041
1787403284.301625,-71,0.0,23.53720459187964,23.769728648009426,23.08679276123039,21.18962010041709,20.248456731316587,19.313207915827967,17.08800749063506,15.231546211727817,13.601470508735444,12.36931687685298,12.165525060596439,12.041594578792296,12.0,12.0,13.0,13.038404810405298,12.041594578792296,12.0,11.045361017187261,12.041594578792296,12.165525060596439,12.041594578792296,12.0,11.045361017187261,10.04987562112089,10.198039027185569,0.0,0.0,0.0,0.0,0.0,0.0,0.0,0.0,0.0,0.0,0.0,9.433981132056603,8.48528137423857,7.810249675906654,7.615773105863909,8.246211251235321,9.219544457292887,10.198039027185569,10.198039027185569,10.44030650891055,11.40175425099138,12.649110640673518,12.649110640673518,12.649110640673518,12.36931687685298,13.341664064126334,14.142135623730951,14.142135623730951,15.132745950421556,16.0312195418814,17.029386365926403,19.026297590440446,20.024984394500787,21.095023109728988,22.20360331117452,23.194827009486403,23.345235059857504
1787403284.428593,-72,0.0,24.351591323771842,24.041630560342615,23.08679276123039,20.248456731316587,16.1245154965971,11.313708498984761,7.280109889280518,6.082762530298219,7.211102550927978,9.433981132056603,13.416407864998739,17.0,18.35755975068582,18.35755975068582,17.08800749063506,16.278820596099706,17.0,17.0,16.0,13.038404810405298,9.219544457292887,6.324555320336759,3.605551275463989,1.0,2.23606797749979,5.656854249492381,0.0,0.0,0.0,0.0,0.0,0.0,0.0,0.0,0.0,0.0,0.0,5.0990195135927845,4.47213595499958,2.23606797749979,2.8284271247461903,4.47213595499958,5.0,6.4031242374328485,10.295630140987,13.416407864998739,16.1245154965971,16.1245154965971,15.652475842498529,14.560219778561036,15.132745950421556,15.0,14.0,12.0,9.0,6.0,3.1622776601683795,3.605551275463989,7.0,12.36931687685298,18.027756377319946,21.540659228538015,24.166091947189145
1787403285.3348203,-71,0.0,21.840329667841555,21.587033144922902,21.37755832643195,21.213203435596427,19.1049731745428,18.027756377319946,17.0,16.0,14.035668847618199,12.165525060596439,11.045361017187261,10.198039027185569,10.198039027185569,10.44030650891055,10.198039027185569,10.44030650891055,9.486832980505138,8.54400374531753,7.615773105863909,7.615773105863909,8.94427190999916,8.54400374531753,7.615773105863909,7.280109889280518,5.385164807134504,5.0990195135927845,0.0,0.0,0.0,0.0,0.0,0.0,0.0,0.0,0.0,0.0,0.0,7.211102550927978,6.708203932499369,6.324555320336759,6.324555320336759,7.0,7.0,8.0,9.0,10.04987562112089,10.04987562112089,11.045361017187261,10.198039027185569,10.04987562112089,9.0,9.055385138137417,10.198039027185569,10.198039027185569,11.40175425099138,12.36931687685298,12.649110640673518,13.92838827718412,14.866068747318506,17.08800749063506,19.313207915827967,21.18962010041709,21.18962010041709
1787403285.4628098,-70,0.0,32.28002478313795,31.04834939252005,26.248809496813376,20.248456731316587,15.231546211727817,10.63014581273465,8.54400374531753,8.246211251235321,10.0,10.63014581273465,12.806248474865697,13.601470508735444,14.422205101855956,15.652475842498529,15.811388300841896,15.297058540778355,14.142135623730951,13.038404810405298,11.0,8.246211251235321,5.385164807134504,2.23606797749979,1.0,4.123105625617661,6.082762530298219,8.246211251235321,0.0,0.0,0.0,0.0,0.0,0.0,0.0,0.0,0.0,0.0,0.0,1.0,1.0,1.4142135623730951,2.0,2.8284271247461903,5.0,8.06225774829855,11.180339887498949,13.92838827718412,17.08800749063506,19.924858845171276,19.6468827043885,19.235384061671343,18.110770276274835,17.029386365926403,15.0,12.041594578792296,10.04987562112089,8.06225774829855,6.708203932499369,7.211102550927978,10.44030650891055,15.033296378372908,19.026297590440446,23.194827009486403,27.294688127912362
1787403285.653417,-70,0.0,28.178005607210743,27.294688127912362,24.596747752497688,20.615528128088304,16.76305461424021,13.038404810405298,10.198039027185569,9.219544457292887,8.94427190999916,10.44030650891055,11.704699910719626,13.0,14.317821063276353,14.7648230602334,15.264337522473747,14.212670403551895,13.45362404707371,12.206555615733702,10.770329614269007,9.219544457292887,8.0,5.0990195135927845,2.8284271247461903,3.1622776601683795,5.0,6.4031242374328485,0.0,0.0,0.0,0.0,0.0,0.0,0.0,0.0,0.0,0.0,0.0,2.8284271247461903,2.23606797749979,1.4142135623730951,2.23606797749979,3.605551275463989,5.385164807134504,8.246211251235321,11.0,14.035668847618199,18.110770276274835,19.1049731745428,19.4164878389476,17.72004514666935,17.46424919657298,15.652475842498529,14.422205101855956,13.038404810405298,10.816653826391969,8.94427190999916,7.0710678118654755,7.615773105863909,9.219544457292887,14.212670403551895,18.867962264113206,24.186773244895647,26.832815729997478
1787403285.684453,-70,0.0,27.294688127912362,26.832815729997478,23.259406699226016,18.384776310850235,13.92838827718412,10.198039027185569,5.385164807134504,5.0990195135927845,9.055385138137417,12.36931687685298,11.704699910719626,12.649110640673518,15.297058540778355,16.1245154965971,16.0312195418814,15.033296378372908,14.317821063276353,12.649110640673518,11.180339887498949,9.219544457292887,7.0710678118654755,5.0,3.0,2.23606797749979,4.0,5.385164807134504,0.0,0.0,0.0,0.0,0.0,0.0,0.0,0.0,0.0,0.0,0.0,3.1622776601683795,1.4142135623730951,0.0,2.0,4.0,6.324555320336759,8.94427190999916,11.180339887498949,13.892443989449804,16.1245154965971,17.4928556845359,18.027756377319946,17.204650534085253,15.620499351813308,14.142135623730951,13.45362404707371,12.041594578792296,9.219544457292887,7.211102550927978,5.0990195135927845,6.324555320336759,8.602325267042627,13.45362404707371,17.804493814764857,21.633307652783937,24.698178070456937
1787403285.8116915,-70,0.0,23.53720459187964,20.8806130178211,18.973665961010276,16.76305461424021,14.035668847618199,11.704699910719626,9.899494936611665,9.433981132056603,10.44030650891055,13.038404810405298,13.038404810405298,13.038404810405298,14.035668847618199,13.341664064126334,12.083045973594572,10.816653826391969,9.899494936611665,9.899494936611665,8.48528137423857,5.830951894845301,5.0990195135927845,5.0990195135927845,1.4142135623730951,3.605551275463989,5.830951894845301,7.280109889280518,0.0,0.0,0.0,0.0,0.0,0.0,0.0,0.0,0.0,0.0,0.0,6.082762530298219,3.1622776601683795,1.4142135623730951,1.0,1.0,4.123105625617661,7.280109889280518,11.180339887498949,14.142135623730951,17.26267650163207,19.235384061671343,20.09975124224178,20.024984394500787,19.026297590440446,17.26267650163207,15.811388300841896,14.866068747318506,13.601470508735444,11.180339887498949,9.0,8.54400374531753,9.219544457292887,12.206555615733702,15.231546211727817,19.313207915827967,22.135943621178654
1787403285.9069102,-69,0.0,26.92582403567252,26.0,24.166091947189145,20.248456731316587,14.317821063276353,12.041594578792296,11.40175425099138,9.433981132056603,7.211102550927978,9.055385138137417,12.041594578792296,10.770329614269007,12.083045973594572,15.524174696260024,15.811388300841896,14.422205101855956,14.142135623730951,10.0,8.06225774829855,9.433981132056603,8.48528137423857,5.830951894845301,3.1622776601683795,2.0,4.47213595499958,5.385164807134504,0.0,0.0,0.0,0.0,0.0,0.0,0.0,0.0,0.0,0.0,0.0,3.605551275463989,3.1622776601683795,3.0,2.23606797749979,2.23606797749979,3.605551275463989,6.082762530298219,9.0,13.038404810405298,16.0312195418814,17.11724276862369,17.46424919657298,15.811388300841896,15.231546211727817,13.892443989449804,13.601470508735444,12.041594578792296,9.899494936611665,7.810249675906654,5.385164807134504,6.324555320336759,8.48528137423857,12.206555615733702,17.0,21.93171219946131,25.079872407968907
1787403286.0660355,-72,0.0,26.248809496813376,25.0,22.561028345356956,19.235384061671343,16.0,12.36931687685298,10.816653826391969,10.0,11.180339887498949,11.180339887498949,12.529964086141668,13.038404810405298,14.422205101855956,15.620499351813308,15.620499351813308,14.422205101855956,12.529964086141668,11.704699910719626,10.198039027185569,9.055385138137417,7.0,5.0,2.23606797749979,2.23606797749979,4.123105625617661,6.082762530298219,0.0,0.0,0.0,0.0,0.0,0.0,0.0,0.0,0.0,0.0,0.0,4.47213595499958,4.242640687119285,3.605551275463989,2.23606797749979,1.0,2.8284271247461903,6.708203932499369,9.848857801796104,12.649110640673518,15.524174696260024,17.46424919657298,17.26267650163207,17.11724276862369,16.0,15.132745950421556,14.317821063276353,12.649110640673518,11.704699910719626,10.198039027185569,8.0,7.615773105863909,9.899494936611665,13.038404810405298,16.55294535724685,20.615528128088304,22.47220505424423
1787403286.098118,-70,0.0,30.805843601498726,29.410882339705484,27.202941017470888,23.430749027719962,17.69180601295413,13.892443989449804,10.198039027185569,9.486832980505138,11.661903789690601,12.806248474865697,14.212670403551895,15.811388300841896,17.4928556845359,18.788294228055936,18.973665961010276,18.439088914585774,18.110770276274835,15.0,13.152946437965905,11.40175425099138,8.246211251235321,4.123105625617661,1.0,2.8284271247461903,5.830951894845301,7.211102550927978,0.0,0.0,0.0,0.0,0.0,0.0,0.0,0.0,0.0,0.0,0.0,5.0,4.123105625617661,3.0,1.0,1.4142135623730951,4.0,6.324555320336759,10.295630140987,14.7648230602334,17.4928556845359,20.248456731316587,21.400934559032695,20.518284528683193,20.615528128088304,19.4164878389476,18.35755975068582,16.55294535724685,14.317821063276353,11.180339887498949,8.48528137423857,7.615773105863909,10.0,14.866068747318506,21.470910553583888,27.459060435491963,29.410882339705484
1787403286.6554487,-71,0.0,21.93171219946131,21.470910553583888,20.591260281974,19.72308292331602,18.027756377319946,17.204650534085253,15.811388300841896,13.601470508735444,12.206555615733702,11.661903789690601,11.180339887498949,9.848857801796104,9.486832980505138,9.486832980505138,9.219544457292887,8.246211251235321,8.06225774829855,8.06225774829855,7.0,7.0,7.0710678118654755,8.06225774829855,7.0,7.0,6.0,6.0,0.0,0.0,0.0,0.0,0.0,0.0,0.0,0.0,0.0,0.0,0.0,5.0990195135927845,4.0,3.605551275463989,4.242640687119285,5.0,5.830951894845301,7.211102550927978,8.602325267042627,10.0,10.63014581273465,10.63014581273465,10.63014581273465,9.219544457292887,10.0,10.0,10.816653826391969,12.083045973594572,13.0,13.0,14.866068747318506,16.15549442140351,17.08800749063506,18.027756377319946,19.313207915827967,20.248456731316587,21.540659228538015
1787403287.476272,-70,0.0,23.194827009486403,23.345235059857504,22.360679774997898,21.37755832643195,20.396078054371138,19.4164878389476,18.681541692269406,16.492422502470642,14.560219778561036,13.341664064126334,12.165525060596439,12.041594578792296,12.041594578792296,11.045361017187261,11.045361017187261,10.04987562112089,10.04987562112089,9.219544457292887,9.219544457292887,9.486832980505138,9.486832980505138,9.486832980505138,9.486832980505138,9.219544457292887,8.246211251235321,8.246211251235321,0.0,0.0,0.0,0.0,0.0,0.0,0.0,0.0,0.0,0.0,0.0,5.385164807134504,4.47213595499958,5.0,5.385164807134504,6.324555320336759,7.0710678118654755,8.246211251235321,9.219544457292887,10.44030650891055,10.770329614269007,12.083045973594572,11.704699910719626,10.770329614269007,10.770329614269007,10.44030650891055,11.180339887498949,12.041594578792296,13.0,14.0,15.033296378372908,16.0312195418814,18.027756377319946,19.026297590440446,20.024984394500787,22.0,23.021728866442675
1787403287.7938273,-71,0.0,22.20360331117452,22.47220505424423,21.95449840010015,21.095023109728988,20.591260281974,19.235384061671343,17.88854381999832,16.15549442140351,13.92838827718412,12.083045973594572,10.816653826391969,10.63014581273465,10.63014581273465,10.63014581273465,10.63014581273465,10.0,9.433981132056603,9.433981132056603,9.848857801796104,9.848857801796104,11.180339887498949,11.661903789690601,12.206555615733702,11.40175425099138,10.63014581273465,9.899494936611665,0.0,0.0,0.0,0.0,0.0,0.0,0.0,0.0,0.0,0.0,0.0,6.324555320336759,6.082762530298219,5.0,6.082762530298219,7.615773105863909,8.94427190999916,9.848857801796104,10.770329614269007,11.704699910719626,12.649110640673518,12.649110640673518,12.36931687685298,12.36931687685298,12.649110640673518,12.083045973594572,11.180339887498949,10.295630140987,10.816653826391969,12.806248474865697,15.620499351813308,16.278820596099706,17.69180601295413,18.439088914585774,19.849433241279208,20.615528128088304,22.80350850198276
1787403288.0954533,-70,0.0,22.80350850198276,21.840329667841555,21.18962010041709,20.248456731316587,18.384776310850235,16.55294535724685,15.652475842498529,13.416407864998739,13.0,11.40175425099138,11.40175425099138,10.198039027185569,10.04987562112089,11.045361017187261,10.04987562112089,10.04987562112089,10.0,10.04987562112089,10.198039027185569,10.198039027185569,10.198039027185569,10.04987562112089,9.055385138137417,9.055385138137417,8.0,8.0,0.0,0.0,0.0,0.0,0.0,0.0,0.0,0.0,0.0,0.0,0.0,3.605551275463989,3.605551275463989,4.47213595499958,6.082762530298219,7.280109889280518,8.246211251235321,9.486832980505138,10.770329614269007,12.083045973594572,12.529964086141668,13.038404810405298,13.038404810405298,11.661903789690601,10.816653826391969,11.661903789690601,11.180339887498949,12.083045973594572,11.704699910719626,12.36931687685298,13.341664064126334,14.142135623730951,15.132745950421556,17.11724276862369,18.24828759089466,20.396078054371138,21.587033144922902
1787403288.1903882,-71,0.0,23.769728648009426,22.847319317591726,22.360679774997898,21.470910553583888,19.72308292331602,18.027756377319946,15.811388300841896,14.422205101855956,13.038404810405298,11.180339887498949,9.848857801796104,9.486832980505138,9.219544457292887,9.055385138137417,8.06225774829855,8.0,8.06225774829855,8.246211251235321,8.54400374531753,8.54400374531753,9.486832980505138,9.219544457292887,9.219544457292887,8.06225774829855,7.280109889280518,6.324555320336759,0.0,0.0,0.0,0.0,0.0,0.0,0.0,0.0,0.0,0.0,0.0,4.47213595499958,4.242640687119285,5.0,6.324555320336759,7.280109889280518,8.246211251235321,9.486832980505138,10.44030650891055,11.704699910719626,12.083045973594572,13.416407864998739,13.416407864998739,12.529964086141668,12.083045973594572,13.0,13.92838827718412,13.92838827718412,14.866068747318506,15.811388300841896,15.811388300841896,16.76305461424021,17.46424919657298,18.439088914585774,20.396078054371138,21.840329667841555,22.80350850198276
1787403288.301878,-70,0.0,25.079872407968907,23.08679276123039,22.360679774997898,21.587033144922902,19.6468827043885,18.973665961010276,16.15549442140351,13.92838827718412,12.649110640673518,11.40175425099138,10.198039027185569,10.04987562112089,10.0,10.0,10.0,9.0,9.0,9.055385138137417,9.055385138137417,8.06225774829855,8.246211251235321,9.055385138137417,8.0,8.0,7.0710678118654755,6.082762530298219,0.0,0.0,0.0,0.0,0.0,0.0,0.0,0.0,0.0,0.0,0.0,5.0,3.605551275463989,4.123105625617661,5.0990195135927845,6.0,7.0710678118654755,8.0,9.0,10.04987562112089,10.198039027185569,10.44030650891055,10.44030650891055,10.198039027185569,10.04987562112089,10.04987562112089,11.045361017187261,11.0,12.0,13.038404810405298,13.038404810405298,14.142135623730951,16.1245154965971,18.24828759089466,20.223748416156685,21.37755832643195,21.587033144922902
1787403289.662537,-71,0.0,28.30194339616981,26.92582403567252,23.706539182259394,19.697715603592208,14.866068747318506,10.198039027185569,6.324555320336759,5.385164807134504,7.0,9.219544457292887,11.40175425099138,14.317821063276353,15.132745950421556,17.11724276862369,18.027756377319946,17.0,15.132745950421556,14.317821063276353,12.649110640673518,11.704699910719626,9.848857801796104,7.211102550927978,4.242640687119285,1.4142135623730951,3.0,5.0,0.0,0.0,0.0,0.0,0.0,0.0,0.0,0.0,0.0,0.0,0.0,3.1622776601683795,3.605551275463989,4.242640687119285,3.605551275463989,4.0,5.385164807134504,7.0710678118654755,10.816653826391969,13.892443989449804,15.264337522473747,16.1245154965971,17.0,15.231546211727817,14.866068747318506,13.152946437965905,13.0,12.041594578792296,10.0,7.0710678118654755,5.0,5.0,8.602325267042627,14.866068747318506,19.849433241279208,24.20743687382041,26.40075756488817
1787403289.7885118,-35,0.0,12.649110640673518,12.649110640673518,12.649110640673518,13.0,12.083045973594572,13.416407864998739,12.529964086141668,12.529964086141668,12.529964086141668,13.038404810405298,13.038404810405298,13.601470508735444,13.601470508735444,13.601470508735444,14.212670403551895,14.212670403551895,14.212670403551895,15.0,15.0,14.422205101855956,14.422205101855956,13.892443989449804,13.892443989449804,13.416407864998739,13.92838827718412,12.649110640673518,0.0,0.0,0.0,0.0,0.0,0.0,0.0,0.0,0.0,0.0,0.0,11.045361017187261,12.041594578792296,12.0,12.0,12.041594578792296,13.038404810405298,13.038404810405298,13.152946437965905,14.142135623730951,13.152946437965905,13.152946437965905,13.341664064126334,13.152946437965905,12.165525060596439,12.165525060596439,13.038404810405298,13.038404810405298,12.0,12.0,12.041594578792296,12.041594578792296,12.041594578792296,12.165525060596439,12.041594578792296,13.152946437965905,13.152946437965905
1787403290.2114491,-71,0.0,28.442925306655784,26.68332812825267,23.08679276123039,18.027756377319946,13.416407864998739,7.810249675906654,5.0990195135927845,5.656854249492381,8.54400374531753,11.40175425099138,13.341664064126334,14.560219778561036,16.15549442140351,16.55294535724685,17.88854381999832,17.4928556845359,16.64331697709324,15.0,12.727922061357855,10.63014581273465,9.219544457292887,6.4031242374328485,3.605551275463989,1.0,3.605551275463989,5.830951894845301,0.0,0.0,0.0,0.0,0.0,0.0,0.0,0.0,0.0,0.0,0.0,1.0,2.23606797749979,3.605551275463989,4.242640687119285,5.830951894845301,6.082762530298219,8.06225774829855,10.770329614269007,13.416407864998739,15.652475842498529,17.46424919657298,17.88854381999832,17.4928556845359,15.811388300841896,14.866068747318506,13.45362404707371,11.40175425099138,10.0,7.0710678118654755,3.605551275463989,2.8284271247461903,6.324555320336759,11.180339887498949,18.0,23.021728866442675,26.019223662515376
1787403290.99425,-85,0.0,12.0,12.165525060596439,12.36931687685298,12.649110640673518,13.0,13.416407864998739,13.416407864998739,14.317821063276353,14.317821063276353,13.92838827718412,13.0,13.0,13.0,12.083045973594572,12.529964086141668,11.661903789690601,10.0,9.899494936611665,8.602325267042627,8.602325267042627,8.602325267042627,8.94427190999916,9.486832980505138,10.44030650891055,11.704699910719626,12.649110640673518,0.0,0.0,0.0,0.0,0.0,0.0,0.0,0.0,0.0,0.0,0.0,7.0710678118654755,7.0710678118654755,7.280109889280518,7.615773105863909,8.06225774829855,8.602325267042627,9.433981132056603,9.433981132056603,10.295630140987,9.848857801796104,9.848857801796104,8.54400374531753,7.280109889280518,6.324555320336759,5.385164807134504,5.0,4.123105625617661,6.0,8.06225774829855,10.04987562112089,12.041594578792296,13.038404810405298,14.0,15.0,16.0312195418814,16.1245154965971
1787403290.99425,-84,0.0,11.704699910719626,11.704699910719626,12.36931687685298,12.36931687685298,13.341664064126334,13.152946437965905,13.341664064126334,13.152946437965905,13.152946437965905,13.152946437965905,13.152946437965905,13.152946437965905,13.152946437965905,12.165525060596439,12.165525060596439,12.36931687685298,10.44030650891055,10.770329614269007,9.848857801796104,10.295630140987,8.54400374531753,8.94427190999916,8.94427190999916,9.433981132056603,8.602325267042627,8.602325267042627,0.0,0.0,0.0,0.0,0.0,0.0,0.0,0.0,0.0,0.0,0.0,7.280109889280518,8.246211251235321,8.246211251235321,8.246211251235321,9.219544457292887,9.219544457292887,9.219544457292887,10.198039027185569,10.198039027185569,10.44030650891055,9.486832980505138,9.219544457292887,8.246211251235321,7.280109889280518,6.0,6.082762530298219,5.0,7.211102550927978,8.94427190999916,10.770329614269007,12.083045973594572,13.416407864998739,15.264337522473747,15.811388300841896,16.401219466856727,17.029386365926403
1787403291.0625138,-71,0.0,21.93171219946131,22.360679774997898,21.95449840010015,21.095023109728988,20.808652046684813,20.0,18.439088914585774,17.029386365926403,14.212670403551895,12.206555615733702,11.661903789690601,11.180339887498949,10.770329614269007,11.704699910719626,11.704699910719626,11.40175425099138,12.36931687685298,12.36931687685298,11.40175425099138,11.180339887498949,12.36931687685298,12.36931687685298,11.40175425099138,11.704699910719626,10.770329614269007,8.94427190999916,0.0,0.0,0.0,0.0,0.0,0.0,0.0,0.0,0.0,0.0,0.0,9.219544457292887,8.246211251235321,7.615773105863909,7.211102550927978,7.211102550927978,7.810249675906654,8.48528137423857,8.48528137423857,9.219544457292887,10.63014581273465,10.63014581273465,10.63014581273465,9.899494936611665,9.219544457292887,9.219544457292887,10.0,10.816653826391969,11.661903789690601,12.529964086141668,13.0,13.92838827718412,15.811388300841896,16.76305461424021,18.973665961010276,20.248456731316587,20.615528128088304
1787403291.2645068,-69,0.0,25.80697580112788,24.413111231467404,21.95449840010015,18.788294228055936,14.560219778561036,10.04987562112089,6.324555320336759,5.0,6.0,7.280109889280518,8.54400374531753,10.198039027185569,13.152946437965905,14.142135623730951,14.142135623730951,16.0312195418814,15.0,13.038404810405298,12.041594578792296,10.198039027185569,8.54400374531753,5.385164807134504,1.4142135623730951,2.23606797749979,5.0990195135927845,6.0,0.0,0.0,0.0,0.0,0.0,0.0,0.0,0.0,0.0,0.0,0.0,2.23606797749979,1.0,2.23606797749979,3.605551275463989,5.0,6.4031242374328485,8.602325267042627,11.180339887498949,13.92838827718412,16.15549442140351,17.08800749063506,16.76305461424021,16.76305461424021,15.524174696260024,14.035668847618199,13.0,11.045361017187261,9.0,6.0,4.123105625617661,3.1622776601683795,5.830951894845301,9.219544457292887,13.45362404707371,18.384776310850235,22.627416997969522
1787403291.280151,-72,0.0,27.073972741361768,26.1725046566048,23.345235059857504,19.6468827043885,15.811388300841896,11.661903789690601,7.211102550927978,5.0990195135927845,7.810249675906654,9.899494936611665,12.041594578792296,13.45362404707371,15.620499351813308,17.204650534085253,18.027756377319946,18.35755975068582,17.88854381999832,17.46424919657298,17.08800749063506,14.866068747318506,11.40175425099138,7.280109889280518,4.47213595499958,0.0,2.8284271247461903,5.0,0.0,0.0,0.0,0.0,0.0,0.0,0.0,0.0,0.0,0.0,0.0,3.1622776601683795,2.0,0.0,2.23606797749979,4.0,6.082762530298219,9.486832980505138,11.704699910719626,15.231546211727817,17.46424919657298,17.88854381999832,17.88854381999832,17.0,15.811388300841896,14.866068747318506,13.45362404707371,10.63014581273465,8.602325267042627,6.4031242374328485,3.605551275463989,2.23606797749979,5.0990195135927845,10.04987562112089,15.033296378372908,20.024984394500787,23.0
1787403291.363002,-69,0.0,27.730849247724095,27.313000567495326,25.079872407968907,21.18962010041709,16.492422502470642,12.0,8.246211251235321,5.0,5.0990195135927845,7.0710678118654755,9.055385138137417,11.180339887498949,13.152946437965905,15.033296378372908,17.0,18.027756377319946,17.029386365926403,16.1245154965971,14.317821063276353,12.36931687685298,10.44030650891055,6.708203932499369,3.605551275463989,3.1622776601683795,3.605551275463989,5.385164807134504,0.0,0.0,0.0,0.0,0.0,0.0,0.0,0.0,0.0,0.0,0.0,2.23606797749979,2.0,2.8284271247461903,3.0,5.0990195135927845,6.324555320336759,7.211102550927978,9.899494936611665,12.806248474865697,15.0,16.401219466856727,17.204650534085253,15.264337522473747,14.317821063276353,13.92838827718412,13.341664064126334,11.180339887498949,9.219544457292887,6.324555320336759,4.47213595499958,3.1622776601683795,5.830951894845301,10.0,15.0,20.248456731316587,23.323807579381203
1787403291.565393,-69,0.0,28.844410203711913,28.30194339616981,25.059928172283335,21.02379604162864,15.811388300841896,10.04987562112089,5.385164807134504,4.0,6.4031242374328485,9.219544457292887,10.63014581273465,12.041594578792296,13.601470508735444,15.264337522473747,16.1245154965971,17.88854381999832,17.46424919657298,17.08800749063506,15.811388300841896,14.560219778561036,12.36931687685298,9.486832980505138,6.082762530298219,3.605551275463989,4.0,6.082762530298219,0.0,0.0,0.0,0.0,0.0,0.0,0.0,0.0,0.0,0.0,0.0,3.0,1.0,1.0,3.0,5.385164807134504,7.615773105863909,11.180339887498949,13.416407864998739,16.55294535724685,18.384776310850235,19.924858845171276,19.924858845171276,18.027756377319946,15.231546211727817,13.416407864998739,10.816653826391969,9.219544457292887,7.211102550927978,4.47213595499958,2.23606797749979,4.123105625617661,6.708203932499369,11.40175425099138,16.278820596099706,21.93171219946131,25.495097567963924
1787403291.5973923,-71,0.0,28.844410203711913,26.92582403567252,23.706539182259394,19.697715603592208,15.524174696260024,10.04987562112089,5.385164807134504,4.0,6.4031242374328485,8.48528137423857,10.63014581273465,12.041594578792296,13.601470508735444,13.892443989449804,14.7648230602334,16.15549442140351,16.15549442140351,16.76305461424021,15.524174696260024,14.560219778561036,11.40175425099138,9.219544457292887,6.0,3.605551275463989,4.0,5.0990195135927845,0.0,0.0,0.0,0.0,0.0,0.0,0.0,0.0,0.0,0.0,0.0,3.0,1.0,1.0,3.0,5.0990195135927845,8.246211251235321,11.40175425099138,13.601470508735444,16.76305461424021,18.439088914585774,19.4164878389476,18.24828759089466,17.26267650163207,15.524174696260024,13.0,11.180339887498949,9.219544457292887,7.0710678118654755,4.47213595499958,1.0,3.1622776601683795,7.211102550927978,11.40175425099138,17.029386365926403,22.02271554554524,24.839484696748443
1787403291.6131682,-71,0.0,28.42534080710379,27.65863337187866,24.758836806279895,21.2602916254693,16.401219466856727,10.770329614269007,5.0,3.1622776601683795,5.385164807134504,8.06225774829855,8.94427190999916,11.180339887498949,11.704699910719626,13.601470508735444,14.142135623730951,15.132745950421556,16.0312195418814,15.0,15.033296378372908,13.152946437965905,11.180339887498949,8.06225774829855,5.0990195135927845,2.23606797749979,4.47213595499958,5.656854249492381,0.0,0.0,0.0,0.0,0.0,0.0,0.0,0.0,0.0,0.0,0.0,3.605551275463989,1.4142135623730951,1.4142135623730951,3.0,5.0990195135927845,7.280109889280518,9.848857801796104,12.529964086141668,15.652475842498529,17.88854381999832,18.384776310850235,18.384776310850235,16.55294535724685,14.7648230602334,12.529964086141668,10.0,8.48528137423857,6.4031242374328485,3.605551275463989,1.4142135623730951,4.242640687119285,8.602325267042627,13.038404810405298,17.4928556845359,21.633307652783937,24.698178070456937
1787403291.6288228,-71,0.0,30.01666203960727,29.017236257093817,26.1725046566048,21.213203435596427,16.492422502470642,9.848857801796104,5.0,3.605551275463989,6.324555320336759,8.06225774829855,11.045361017187261,12.165525060596439,13.341664064126334,14.560219778561036,16.15549442140351,16.55294535724685,16.1245154965971,16.64331697709324,15.0,12.806248474865697,11.313708498984761,8.48528137423857,5.385164807134504,5.0990195135927845,5.656854249492381,6.708203932499369,0.0,0.0,0.0,0.0,0.0,0.0,0.0,0.0,0.0,0.0,0.0,2.23606797749979,1.0,2.23606797749979,3.605551275463989,5.385164807134504,7.280109889280518,9.486832980505138,12.36931687685298,15.297058540778355,18.439088914585774,18.681541692269406,18.681541692269406,18.681541692269406,16.492422502470642,14.317821063276353,12.041594578792296,9.0,7.0710678118654755,3.1622776601683795,1.4142135623730951,4.0,8.06225774829855,13.152946437965905,18.24828759089466,23.345235059857504,26.30589287593181
1787403291.7243285,-70,0.0,29.966648127543394,29.154759474226502,25.632011235952593,21.840329667841555,16.278820596099706,11.0,6.324555320336759,5.0990195135927845,6.324555320336759,9.433981132056603,10.816653826391969,13.416407864998739,14.866068747318506,17.46424919657298,19.235384061671343,20.223748416156685,21.095023109728988,21.02379604162864,19.0,17.0,14.0,10.0,6.082762530298219,2.23606797749979,2.8284271247461903,5.0,0.0,0.0,0.0,0.0,0.0,0.0,0.0,0.0,0.0,0.0,0.0,5.0,2.8284271247461903,1.4142135623730951,3.1622776601683795,5.385164807134504,6.324555320336759,9.848857801796104,13.416407864998739,15.652475842498529,18.35755975068582,20.591260281974,20.12461179749811,19.697715603592208,18.027756377319946,15.524174696260024,13.341664064126334,11.045361017187261,8.0,5.0,2.0,2.8284271247461903,7.211102550927978,11.661903789690601,17.4928556845359,21.95449840010015,24.596747752497688
1787403291.914206,-70,0.0,28.861739379323623,28.160255680657446,24.351591323771842,19.697715603592208,13.892443989449804,8.602325267042627,3.605551275463989,3.1622776601683795,6.0,9.0,11.0,13.152946437965905,14.560219778561036,15.811388300841896,17.46424919657298,18.35755975068582,18.867962264113206,18.867962264113206,17.204650534085253,15.811388300841896,12.206555615733702,8.06225774829855,4.47213595499958,1.0,3.0,4.123105625617661,0.0,0.0,0.0,0.0,0.0,0.0,0.0,0.0,0.0,0.0,0.0,4.47213595499958,2.23606797749979,1.4142135623730951,3.0,5.0990195135927845,7.615773105863909,10.816653826391969,13.601470508735444,16.401219466856727,20.0,21.400934559032695,20.808652046684813,19.209372712298546,17.804493814764857,16.278820596099706,14.212670403551895,12.206555615733702,8.602325267042627,5.656854249492381,2.23606797749979,2.23606797749979,6.0,11.045361017187261,17.0,21.02379604162864,24.186773244895647
1787403292.5022707,-70,0.0,23.40939982143925,23.769728648009426,22.561028345356956,21.37755832643195,20.396078054371138,19.4164878389476,17.46424919657298,16.76305461424021,15.811388300841896,13.601470508735444,12.36931687685298,10.44030650891055,10.770329614269007,12.083045973594572,12.529964086141668,12.529964086141668,12.206555615733702,12.206555615733702,11.661903789690601,10.816653826391969,11.661903789690601,11.661903789690601,11.180339887498949,11.180339887498949,9.848857801796104,9.848857801796104,0.0,0.0,0.0,0.0,0.0,0.0,0.0,0.0,0.0,0.0,0.0,6.4031242374328485,5.385164807134504,5.0990195135927845,5.0,6.082762530298219,7.0710678118654755,8.246211251235321,7.280109889280518,8.246211251235321,9.219544457292887,9.219544457292887,9.219544457292887,9.219544457292887,9.486832980505138,9.848857801796104,11.180339887498949,12.083045973594572,13.416407864998739,16.1245154965971,17.0,17.88854381999832,18.788294228055936,20.615528128088304,21.02379604162864,22.360679774997898,22.825424421026653
1787403292.8022041,-70,0.0,20.248456731316587,20.615528128088304,19.697715603592208,18.788294228055936,17.88854381999832,17.0,16.1245154965971,14.7648230602334,13.892443989449804,12.529964086141668,12.083045973594572,11.40175425099138,10.198039027185569,10.198039027185569,11.40175425099138,10.44030650891055,10.198039027185569,11.045361017187261,11.045361017187261,11.045361017187261,12.041594578792296,12.041594578792296,11.180339887498949,10.198039027185569,10.198039027185569,8.246211251235321,0.0,0.0,0.0,0.0,0.0,0.0,0.0,0.0,0.0,0.0,0.0,4.0,4.0,5.830951894845301,9.433981132056603,8.06225774829855,7.0710678118654755,8.48528137423857,8.602325267042627,9.899494936611665,9.899494936611665,9.219544457292887,9.219544457292887,9.219544457292887,9.433981132056603,9.433981132056603,10.295630140987,10.295630140987,10.295630140987,12.083045973594572,13.92838827718412,14.866068747318506,14.866068747318506,16.76305461424021,17.72004514666935,17.08800749063506,17.08800749063506
1787403293.1046464,-70,0.0,22.627416997969522,21.93171219946131,21.93171219946131,20.518284528683193,19.849433241279208,19.209372712298546,17.804493814764857,15.811388300841896,14.422205101855956,12.806248474865697,12.727922061357855,12.041594578792296,11.40175425099138,11.40175425099138,10.816653826391969,10.816653826391969,10.816653826391969,10.295630140987,11.180339887498949,11.180339887498949,12.083045973594572,12.083045973594572,11.180339887498949,10.816653826391969,9.433981132056603,9.433981132056603,0.0,0.0,0.0,0.0,0.0,0.0,0.0,0.0,0.0,0.0,0.0,7.0710678118654755,6.0,6.082762530298219,6.324555320336759,6.324555320336759,6.708203932499369,7.211102550927978,7.211102550927978,8.602325267042627,8.602325267042627,9.433981132056603,9.433981132056603,10.0,10.63014581273465,10.63014581273465,12.041594578792296,11.40175425099138,12.206555615733702,14.422205101855956,15.0,16.401219466856727,17.204650534085253,18.601075237738275,20.0,21.400934559032695,21.2602916254693
1787403293.2168133,-71,0.0,21.540659228538015,21.540659228538015,21.18962010041709,19.924858845171276,18.681541692269406,17.46424919657298,15.524174696260024,13.601470508735444,12.649110640673518,11.704699910719626,10.770329614269007,9.848857801796104,10.295630140987,10.816653826391969,10.816653826391969,11.661903789690601,10.816653826391969,10.0,9.899494936611665,11.313708498984761,10.63014581273465,9.219544457292887,9.219544457292887,8.602325267042627,8.602325267042627,8.06225774829855,0.0,0.0,0.0,0.0,0.0,0.0,0.0,0.0,0.0,0.0,0.0,7.211102550927978,5.830951894845301,5.385164807134504,5.0990195135927845,5.0990195135927845,5.0990195135927845,5.0990195135927845,5.0,7.0710678118654755,7.0710678118654755,7.0710678118654755,7.0710678118654755,7.280109889280518,7.280109889280518,7.615773105863909,8.94427190999916,10.0,11.40175425099138,12.041594578792296,13.601470508735444,15.0,15.811388300841896,17.4928556845359,19.72308292331602,20.591260281974,20.591260281974
1787403293.3141382,-71,0.0,21.095023109728988,21.37755832643195,19.4164878389476,19.235384061671343,17.46424919657298,16.76305461424021,16.76305461424021,15.524174696260024,13.341664064126334,12.36931687685298,11.180339887498949,10.04987562112089,10.0,10.0,10.04987562112089,11.045361017187261,12.0,12.041594578792296,11.045361017187261,11.045361017187261,12.041594578792296,11.0,10.04987562112089,9.055385138137417,8.246211251235321,7.280109889280518,0.0,0.0,0.0,0.0,0.0,0.0,0.0,0.0,0.0,0.0,0.0,12.206555615733702,10.0,7.810249675906654,8.06225774829855,8.54400374531753,7.0710678118654755,8.0,7.0,4.123105625617661,5.830951894845301,7.615773105863909,8.06225774829855,7.0710678118654755,7.0710678118654755,7.0710678118654755,8.246211251235321,9.219544457292887,10.198039027185569,11.40175425099138,13.341664064126334,14.317821063276353,15.524174696260024,17.26267650163207,19.4164878389476,20.223748416156685,21.095023109728988
1787403293.5482655,-71,0.0,26.1725046566048,24.20743687382041,22.20360331117452,17.804493814764857,11.661903789690601,6.082762530298219,2.8284271247461903,4.0,5.0990195135927845,8.246211251235321,11.704699910719626,13.601470508735444,12.041594578792296,13.92838827718412,18.788294228055936,20.248456731316587,20.8806130178211,20.248456731316587,16.15549442140351,13.0,11.661903789690601,10.295630140987,6.4031242374328485,3.1622776601683795,3.605551275463989,7.280109889280518,0.0,0.0,0.0,0.0,0.0,0.0,0.0,0.0,0.0,0.0,0.0,5.0,2.8284271247461903,1.4142135623730951,2.0,3.605551275463989,5.0,7.280109889280518,10.04987562112089,13.038404810405298,15.132745950421556,17.11724276862369,18.027756377319946,17.0,16.0,15.132745950421556,14.317821063276353,11.40175425099138,9.219544457292887,7.0,4.47213595499958,4.47213595499958,8.06225774829855,12.083045973594572,17.4928556845359,22.20360331117452,25.0
1787403293.5673356,-71,0.0,25.019992006393608,23.021728866442675,19.026297590440446,14.0,11.180339887498949,8.602325267042627,6.708203932499369,6.324555320336759,8.602325267042627,8.48528137423857,8.06225774829855,10.63014581273465,14.422205101855956,16.1245154965971,17.4928556845359,18.867962264113206,19.697715603592208,19.924858845171276,19.6468827043885,16.492422502470642,12.165525060596439,8.06225774829855,4.0,2.23606797749979,4.242640687119285,5.656854249492381,0.0,0.0,0.0,0.0,0.0,0.0,0.0,0.0,0.0,0.0,0.0,4.123105625617661,2.23606797749979,2.0,2.8284271247461903,4.123105625617661,5.0990195135927845,6.708203932499369,8.602325267042627,11.40175425099138,14.212670403551895,15.620499351813308,16.278820596099706,16.278820596099706,14.866068747318506,13.45362404707371,12.206555615733702,10.816653826391969,9.219544457292887,6.4031242374328485,4.0,5.0,7.211102550927978,12.083045973594572,16.492422502470642,20.396078054371138,23.345235059857504
1787403293.5798562,-71,0.0,28.178005607210743,25.495097567963924,20.615528128088304,15.811388300841896,11.40175425099138,8.0,5.830951894845301,5.0990195135927845,7.615773105863909,8.94427190999916,10.770329614269007,12.649110640673518,14.560219778561036,16.1245154965971,17.029386365926403,18.027756377319946,17.029386365926403,16.278820596099706,16.492422502470642,14.560219778561036,12.36931687685298,8.246211251235321,4.123105625617661,2.23606797749979,4.47213595499958,7.280109889280518,0.0,0.0,0.0,0.0,0.0,0.0,0.0,0.0,0.0,0.0,0.0,2.8284271247461903,2.23606797749979,2.23606797749979,4.47213595499958,5.0,5.385164807134504,7.810249675906654,10.63014581273465,14.142135623730951,17.029386365926403,17.804493814764857,17.204650534085253,16.64331697709324,15.652475842498529,14.317821063276353,13.416407864998739,12.083045973594572,9.486832980505138,6.708203932499369,5.0,5.0,8.602325267042627,13.45362404707371,17.69180601295413,22.02271554554524,23.853720883753127
1787403293.5958848,-71,0.0,31.144823004794873,29.017236257093817,23.021728866442675,18.027756377319946,13.152946437965905,8.94427190999916,5.830951894845301,6.082762530298219,8.602325267042627,11.313708498984761,13.601470508735444,15.264337522473747,17.88854381999832,19.313207915827967,19.6468827043885,20.396078054371138,21.095023109728988,21.0,20.024984394500787,17.029386365926403,14.035668847618199,10.04987562112089,5.0990195135927845,1.0,4.47213595499958,6.708203932499369,0.0,0.0,0.0,0.0,0.0,0.0,0.0,0.0,0.0,0.0,0.0,4.123105625617661,3.0,2.23606797749979,3.1622776601683795,3.605551275463989,5.0,7.0710678118654755,10.198039027185569,13.601470508735444,15.811388300841896,17.46424919657298,18.788294228055936,19.235384061671343,17.204650534085253,15.620499351813308,14.212670403551895,12.727922061357855,10.63014581273465,8.06225774829855,7.0710678118654755,5.830951894845301,10.295630140987,15.231546211727817,19.924858845171276,23.345235059857504,26.1725046566048
1787403293.8327367,-70,0.0,20.09975124224178,21.213203435596427,21.37755832643195,21.37755832643195,19.6468827043885,17.72004514666935,16.492422502470642,15.297058540778355,14.317821063276353,13.341664064126334,12.041594578792296,11.045361017187261,11.045361017187261,12.0,12.041594578792296,11.045361017187261,11.0,10.04987562112089,9.055385138137417,9.0,9.0,10.04987562112089,9.219544457292887,7.280109889280518,7.280109889280518,7.0710678118654755,0.0,0.0,0.0,0.0,0.0,0.0,0.0,0.0,0.0,0.0,0.0,7.211102550927978,7.211102550927978,6.708203932499369,6.324555320336759,7.280109889280518,8.246211251235321,10.198039027185569,10.04987562112089,10.04987562112089,10.198039027185569,9.219544457292887,10.44030650891055,11.40175425099138,10.44030650891055,9.219544457292887,10.198039027185569,11.045361017187261,12.0,14.142135623730951,14.035668847618199,15.033296378372908,15.132745950421556,15.132745950421556,18.027756377319946,21.02379604162864,21.0
1787403293.9436517,-70,0.0,28.653097563788805,26.92582403567252,24.413111231467404,21.400934559032695,17.029386365926403,12.806248474865697,8.94427190999916,7.0710678118654755,7.810249675906654,10.0,12.206555615733702,12.806248474865697,14.212670403551895,16.278820596099706,17.029386365926403,16.401219466856727,16.64331697709324,16.1245154965971,14.317821063276353,11.704699910719626,9.219544457292887,6.082762530298219,3.0,2.0,3.605551275463989,5.0,0.0,0.0,0.0,0.0,0.0,0.0,0.0,0.0,0.0,0.0,0.0,3.1622776601683795,2.0,2.8284271247461903,4.123105625617661,5.0,6.324555320336759,7.211102550927978,9.219544457292887,11.661903789690601,14.7648230602334,16.55294535724685,16.15549442140351,15.524174696260024,15.297058540778355,14.035668847618199,14.0,12.165525060596439,11.180339887498949,9.219544457292887,6.082762530298219,5.0,7.0710678118654755,11.180339887498949,16.76305461424021,21.93171219946131,24.166091947189145
1787403293.9752033,-71,0.0,28.160255680657446,26.248809496813376,23.40939982143925,20.248456731316587,15.652475842498529,11.40175425099138,8.06225774829855,6.0,7.211102550927978,9.219544457292887,12.041594578792296,13.45362404707371,14.866068747318506,16.401219466856727,17.204650534085253,17.4928556845359,17.0,16.15549442140351,13.92838827718412,11.40175425099138,9.219544457292887,6.082762530298219,2.0,1.4142135623730951,4.123105625617661,6.082762530298219,0.0,0.0,0.0,0.0,0.0,0.0,0.0,0.0,0.0,0.0,0.0,3.1622776601683795,1.4142135623730951,1.4142135623730951,2.0,3.605551275463989,5.656854249492381,6.708203932499369,9.486832980505138,12.165525060596439,15.132745950421556,17.11724276862369,18.027756377319946,17.029386365926403,17.11724276862369,15.524174696260024,15.231546211727817,13.416407864998739,12.083045973594572,9.848857801796104,7.280109889280518,5.0990195135927845,7.211102550927978,11.180339887498949,16.0,21.095023109728988,24.331050121192877
1787403293.9911034,-70,0.0,32.69556544854363,31.953090617340916,28.460498941515414,24.041630560342615,18.439088914585774,14.035668847618199,9.219544457292887,7.0710678118654755,9.055385138137417,11.045361017187261,12.165525060596439,14.035668847618199,16.0,18.027756377319946,18.24828759089466,18.439088914585774,18.973665961010276,18.027756377319946,16.55294535724685,13.892443989449804,10.816653826391969,7.0710678118654755,3.605551275463989,2.23606797749979,5.0990195135927845,6.324555320336759,0.0,0.0,0.0,0.0,0.0,0.0,0.0,0.0,0.0,0.0,0.0,3.1622776601683795,2.23606797749979,3.0,4.47213595499958,6.4031242374328485,7.615773105863909,8.0,11.180339887498949,14.866068747318506,17.46424919657298,19.697715603592208,19.235384061671343,18.601075237738275,18.439088914585774,17.029386365926403,16.64331697709324,15.264337522473747,12.529964086141668,10.816653826391969,8.48528137423857,6.082762530298219,8.94427190999916,14.142135623730951,20.0,25.238858928247925,29.5296461204668
1787403294.0070002,-70,0.0,28.442925306655784,27.459060435491963,23.53720459187964,20.8806130178211,17.08800749063506,12.529964086141668,8.48528137423857,5.385164807134504,6.708203932499369,9.219544457292887,10.63014581273465,12.041594578792296,13.601470508735444,14.422205101855956,16.1245154965971,16.55294535724685,15.811388300841896,15.524174696260024,13.341664064126334,11.180339887498949,9.0,6.082762530298219,3.1622776601683795,2.23606797749979,4.47213595499958,5.385164807134504,0.0,0.0,0.0,0.0,0.0,0.0,0.0,0.0,0.0,0.0,0.0,2.23606797749979,1.0,2.0,4.123105625617661,4.47213595499958,6.4031242374328485,8.06225774829855,10.44030650891055,12.165525060596439,15.033296378372908,17.029386365926403,18.0,17.029386365926403,15.297058540778355,14.560219778561036,14.317821063276353,13.416407864998739,11.661903789690601,8.94427190999916,7.280109889280518,5.385164807134504,7.211102550927978,12.36931687685298,17.11724276862369,22.0,24.020824298928627
1787403294.3457005,-68,0.0,27.202941017470888,26.248809496813376,23.769728648009426,20.615528128088304,16.1245154965971,10.63014581273465,5.830951894845301,4.123105625617661,5.830951894845301,8.54400374531753,10.44030650891055,12.649110640673518,14.866068747318506,16.15549442140351,17.46424919657298,18.384776310850235,18.384776310850235,16.55294535724685,14.317821063276353,11.704699910719626,9.486832980505138,5.0990195135927845,3.1622776601683795,2.0,3.605551275463989,4.47213595499958,0.0,0.0,0.0,0.0,0.0,0.0,0.0,0.0,0.0,0.0,0.0,2.0,3.1622776601683795,2.8284271247461903,5.0990195135927845,6.082762530298219,7.0,9.219544457292887,11.180339887498949,14.7648230602334,16.55294535724685,18.384776310850235,21.18962010041709,23.40939982143925,21.02379604162864,15.0,11.313708498984761,12.041594578792296,12.529964086141668,9.219544457292887,3.1622776601683795,2.8284271247461903,6.324555320336759,10.04987562112089,15.0,19.1049731745428,22.360679774997898
1787403294.9595249,-70,0.0,26.019223662515376,25.0,22.02271554554524,18.027756377319946,14.035668847618199,9.219544457292887,5.0,3.0,5.0,8.06225774829855,10.295630140987,12.206555615733702,14.212670403551895,15.556349186104045,17.029386365926403,17.804493814764857,18.027756377319946,18.027756377319946,15.264337522473747,13.892443989449804,11.661903789690601,8.06225774829855,4.47213595499958,0.0,2.8284271247461903,4.242640687119285,0.0,0.0,0.0,0.0,0.0,0.0,0.0,0.0,0.0,0.0,0.0,2.0,2.23606797749979,3.605551275463989,4.47213595499958,5.0990195135927845,7.280109889280518,8.94427190999916,11.40175425099138,14.866068747318506,17.029386365926403,19.849433241279208,21.2602916254693,19.849433241279208,18.384776310850235,17.029386365926403,15.0,13.601470508735444,10.0,7.810249675906654,5.0,4.123105625617661,6.4031242374328485,10.770329614269007,16.492422502470642,20.223748416156685,23.08679276123039
1787403295.05446,-70,0.0,26.40075756488817,24.596747752497688,21.470910553583888,17.4928556845359,12.806248474865697,7.810249675906654,5.0990195135927845,4.242640687119285,7.280109889280518,10.198039027185569,11.40175425099138,13.601470508735444,15.231546211727817,16.1245154965971,17.204650534085253,17.804493814764857,17.804493814764857,16.278820596099706,14.866068747318506,12.806248474865697,10.0,7.0710678118654755,2.8284271247461903,1.0,3.605551275463989,5.656854249492381,0.0,0.0,0.0,0.0,0.0,0.0,0.0,0.0,0.0,0.0,0.0,2.23606797749979,3.1622776601683795,3.0,3.605551275463989,5.0,6.324555320336759,9.0,12.041594578792296,15.033296378372908,18.027756377319946,20.024984394500787,21.02379604162864,20.09975124224178,19.235384061671343,16.492422502470642,15.811388300841896,12.649110640673518,10.44030650891055,7.280109889280518,5.0,5.0,7.0710678118654755,12.165525060596439,17.46424919657298,22.135943621178654,24.698178070456937
1787403295.0717509,-71,0.0,25.96150997149434,23.769728648009426,20.615528128088304,16.278820596099706,12.041594578792296,7.0710678118654755,3.605551275463989,5.0990195135927845,7.810249675906654,9.899494936611665,11.40175425099138,13.038404810405298,14.7648230602334,16.15549442140351,18.027756377319946,18.973665961010276,17.72004514666935,17.46424919657298,16.278820596099706,14.142135623730951,11.180339887498949,7.0710678118654755,4.0,1.0,3.1622776601683795,5.385164807134504,0.0,0.0,0.0,0.0,0.0,0.0,0.0,0.0,0.0,0.0,0.0,3.0,3.1622776601683795,2.8284271247461903,3.1622776601683795,4.123105625617661,5.830951894845301,9.219544457292887,12.206555615733702,15.264337522473747,17.4928556845359,19.72308292331602,19.72308292331602,19.72308292331602,17.88854381999832,16.55294535724685,13.92838827718412,11.704699910719626,9.486832980505138,7.615773105863909,4.242640687119285,4.0,7.810249675906654,12.206555615733702,17.0,21.02379604162864,23.769728648009426
1787403295.0871384,-72,0.0,28.319604517012593,25.495097567963924,22.67156809750927,18.601075237738275,13.892443989449804,8.54400374531753,5.0990195135927845,4.47213595499958,7.0,9.055385138137417,11.045361017187261,13.0,15.132745950421556,17.26267650163207,18.439088914585774,18.681541692269406,18.027756377319946,17.46424919657298,16.55294535724685,15.652475842498529,12.529964086141668,8.06225774829855,4.47213595499958,1.0,3.0,5.0990195135927845,0.0,0.0,0.0,0.0,0.0,0.0,0.0,0.0,0.0,0.0,0.0,3.1622776601683795,3.605551275463989,4.242640687119285,4.123105625617661,4.123105625617661,5.0,8.54400374531753,12.36931687685298,15.297058540778355,17.46424919657298,19.4164878389476,19.4164878389476,19.235384061671343,18.110770276274835,17.029386365926403,15.0,12.041594578792296,9.055385138137417,7.0,4.47213595499958,5.0990195135927845,8.54400374531753,13.892443989449804,18.601075237738275,22.67156809750927,25.495097567963924
1787403295.3057368,-72,0.0,28.0178514522438,25.80697580112788,22.80350850198276,17.69180601295413,12.806248474865697,8.54400374531753,6.324555320336759,7.211102550927978,8.246211251235321,11.180339887498949,12.165525060596439,13.601470508735444,15.231546211727817,16.1245154965971,16.64331697709324,15.620499351813308,14.866068747318506,14.422205101855956,13.416407864998739,11.704699910719626,10.198039027185569,8.0,5.385164807134504,5.0,5.0,7.280109889280518,0.0,0.0,0.0,0.0,0.0,0.0,0.0,0.0,0.0,0.0,0.0,3.1622776601683795,4.242640687119285,5.385164807134504,5.0990195135927845,5.385164807134504,6.4031242374328485,8.06225774829855,11.704699910719626,14.317821063276353,17.46424919657298,18.439088914585774,18.439088914585774,18.24828759089466,17.029386365926403,17.0,15.033296378372908,13.038404810405298,12.041594578792296,9.055385138137417,7.615773105863909,7.211102550927978,10.04987562112089,15.297058540778355,20.248456731316587,24.166091947189145,25.942243542145693
1787403295.8809776,-91,0.0,6.708203932499369,5.830951894845301,5.656854249492381,6.4031242374328485,7.615773105863909,8.54400374531753,8.54400374531753,8.94427190999916,8.602325267042627,7.810249675906654,7.810249675906654,7.615773105863909,8.06225774829855,9.055385138137417,9.219544457292887,9.219544457292887,8.54400374531753,7.615773105863909,7.280109889280518,5.385164807134504,3.0,1.0,0.0,1.4142135623730951,2.23606797749979,2.23606797749979,0.0,0.0,0.0,0.0,0.0,0.0,0.0,0.0,0.0,0.0,0.0,8.54400374531753,9.848857801796104,12.529964086141668,13.892443989449804,15.811388300841896,16.64331697709324,17.029386365926403,17.69180601295413,17.69180601295413,16.401219466856727,15.0,11.661903789690601,9.848857801796104,8.246211251235321,7.0710678118654755,6.082762530298219,6.082762530298219,6.082762530298219,5.830951894845301,7.0710678118654755,7.810249675906654,9.433981132056603,9.848857801796104,10.770329614269007,11.704699910719626,11.704699910719626
1787403296.3265584,-88,0.0,6.082762530298219,5.0990195135927845,5.0990195135927845,5.385164807134504,4.47213595499958,4.47213595499958,4.47213595499958,4.47213595499958,4.123105625617661,3.0,3.1622776601683795,3.605551275463989,3.605551275463989,4.47213595499958,4.123105625617661,5.0990195135927845,5.0,4.0,2.0,2.0,2.0,2.0,1.4142135623730951,2.23606797749979,2.23606797749979,2.23606797749979,0.0,0.0,0.0,0.0,0.0,0.0,0.0,0.0,0.0,0.0,0.0,7.615773105863909,7.0710678118654755,8.0,8.246211251235321,9.486832980505138,10.295630140987,9.433981132056603,9.219544457292887,9.433981132056603,8.94427190999916,8.06225774829855,7.211102550927978,5.830951894845301,4.47213595499958,3.1622776601683795,3.1622776601683795,2.23606797749979,1.0,1.4142135623730951,1.4142135623730951,3.1622776601683795,4.0,4.0,5.0,7.0710678118654755,8.06225774829855
1787403296.9978797,-69,0.0,27.313000567495326,26.0,23.769728648009426,19.924858845171276,16.278820596099706,12.0,9.486832980505138,7.810249675906654,8.94427190999916,10.44030650891055,12.36931687685298,13.601470508735444,15.811388300841896,16.15549442140351,16.55294535724685,16.64331697709324,15.811388300841896,13.45362404707371,11.313708498984761,9.219544457292887,6.4031242374328485,2.8284271247461903,1.4142135623730951,4.123105625617661,6.708203932499369,8.06225774829855,0.0,0.0,0.0,0.0,0.0,0.0,0.0,0.0,0.0,0.0,0.0,2.23606797749979,2.0,2.23606797749979,2.0,2.23606797749979,4.47213595499958,7.0710678118654755,11.045361017187261,14.035668847618199,16.1245154965971,18.24828759089466,19.4164878389476,17.72004514666935,16.55294535724685,15.264337522473747,15.0,13.45362404707371,12.041594578792296,9.899494936611665,7.810249675906654,6.324555320336759,6.324555320336759,9.899494936611665,15.0,20.248456731316587,23.323807579381203
1787403297.4051502,-70,0.0,20.248456731316587,20.248456731316587,20.615528128088304,19.697715603592208,17.88854381999832,17.0,15.264337522473747,13.892443989449804,12.529964086141668,11.180339887498949,10.770329614269007,10.44030650891055,10.44030650891055,10.198039027185569,10.198039027185569,10.198039027185569,10.04987562112089,10.0,9.0,10.04987562112089,10.04987562112089,10.198039027185569,9.219544457292887,8.54400374531753,7.615773105863909,6.708203932499369,0.0,0.0,0.0,0.0,0.0,0.0,0.0,0.0,0.0,0.0,0.0,6.708203932499369,5.830951894845301,5.656854249492381,7.211102550927978,5.830951894845301,5.830951894845301,8.602325267042627,8.94427190999916,8.54400374531753,9.486832980505138,10.295630140987,9.433981132056603,8.602325267042627,9.433981132056603,10.295630140987,9.848857801796104,9.486832980505138,10.44030650891055,11.40175425099138,12.36931687685298,13.341664064126334,13.152946437965905,15.132745950421556,17.26267650163207,19.235384061671343,19.4164878389476
1787403297.8177218,-72,0.0,23.769728648009426,23.259406699226016,21.470910553583888,19.235384061671343,17.88854381999832,17.0,15.264337522473747,13.038404810405298,11.661903789690601,10.295630140987,9.486832980505138,9.219544457292887,8.06225774829855,7.0,7.0710678118654755,6.082762530298219,7.0710678118654755,7.615773105863909,8.06225774829855,8.06225774829855,8.54400374531753,9.486832980505138,9.219544457292887,9.219544457292887,8.246211251235321,7.0710678118654755,0.0,0.0,0.0,0.0,0.0,0.0,0.0,0.0,0.0,0.0,0.0,2.0,1.0,5.0,7.810249675906654,5.656854249492381,5.0,5.830951894845301,7.810249675906654,9.899494936611665,10.63014581273465,10.63014581273465,10.0,10.0,11.661903789690601,11.661903789690601,11.180339887498949,12.083045973594572,11.704699910719626,12.36931687685298,13.341664064126334,14.560219778561036,16.492422502470642,18.681541692269406,20.615528128088304,21.587033144922902,21.840329667841555
1787403298.0391386,-72,0.0,22.090722034374522,22.02271554554524,21.0,20.024984394500787,20.0,18.0,17.029386365926403,15.033296378372908,14.035668847618199,12.0,11.0,10.04987562112089,10.04987562112089,10.04987562112089,9.219544457292887,9.486832980505138,9.486832980505138,9.848857801796104,8.94427190999916,9.433981132056603,9.433981132056603,8.94427190999916,8.94427190999916,8.94427190999916,7.615773105863909,6.708203932499369,0.0,0.0,0.0,0.0,0.0,0.0,0.0,0.0,0.0,0.0,0.0,4.242640687119285,4.47213595499958,5.0990195135927845,6.0,7.280109889280518,8.246211251235321,9.055385138137417,10.04987562112089,11.045361017187261,12.0,13.038404810405298,12.165525060596439,12.041594578792296,12.041594578792296,12.041594578792296,12.041594578792296,12.0,13.038404810405298,13.152946437965905,14.317821063276353,14.317821063276353,15.524174696260024,17.46424919657298,19.4164878389476,21.37755832643195,20.396078054371138
1787403298.1345239,-72,0.0,23.769728648009426,23.769728648009426,23.769728648009426,22.561028345356956,22.360679774997898,21.213203435596427,19.1049731745428,18.110770276274835,17.029386365926403,15.033296378372908,14.142135623730951,14.317821063276353,13.601470508735444,11.180339887498949,11.045361017187261,11.40175425099138,11.180339887498949,10.295630140987,10.0,10.816653826391969,10.295630140987,10.295630140987,10.295630140987,9.848857801796104,8.94427190999916,7.280109889280518,0.0,0.0,0.0,0.0,0.0,0.0,0.0,0.0,0.0,0.0,0.0,7.280109889280518,6.0,6.082762530298219,7.280109889280518,7.280109889280518,8.54400374531753,9.486832980505138,11.180339887498949,13.0,13.038404810405298,14.035668847618199,14.0,13.0,12.041594578792296,12.165525060596439,13.152946437965905,12.165525060596439,12.649110640673518,14.866068747318506,16.76305461424021,18.027756377319946,20.615528128088304,20.615528128088304,21.93171219946131,22.847319317591726,23.40939982143925
1787403298.2291443,-71,0.0,21.095023109728988,21.095023109728988,20.09975124224178,20.09975124224178,19.0,19.026297590440446,17.11724276862369,15.033296378372908,14.035668847618199,13.038404810405298,12.0,11.045361017187261,11.045361017187261,11.045361017187261,11.045361017187261,9.219544457292887,8.246211251235321,8.54400374531753,7.615773105863909,7.615773105863909,7.810249675906654,8.602325267042627,8.06225774829855,8.06225774829855,7.211102550927978,7.211102550927978,0.0,0.0,0.0,0.0,0.0,0.0,0.0,0.0,0.0,0.0,0.0,4.47213595499958,4.47213595499958,4.123105625617661,5.0990195135927845,6.0,8.0,10.0,11.0,11.180339887498949,11.045361017187261,11.045361017187261,11.045361017187261,11.045361017187261,10.04987562112089,10.04987562112089,11.045361017187261,11.0,11.180339887498949,12.649110640673518,14.560219778561036,15.811388300841896,16.492422502470642,17.46424919657298,18.439088914585774,19.235384061671343,20.223748416156685
1787403298.2609348,-72,0.0,27.459060435491963,27.459060435491963,23.53720459187964,20.615528128088304,17.72004514666935,13.416407864998739,9.219544457292887,7.0710678118654755,7.280109889280518,9.433981132056603,10.816653826391969,13.038404810405298,13.0,13.601470508735444,14.317821063276353,13.152946437965905,12.0,11.40175425099138,11.180339887498949,10.0,8.48528137423857,5.830951894845301,4.123105625617661,2.8284271247461903,4.0,5.0990195135927845,0.0,0.0,0.0,0.0,0.0,0.0,0.0,0.0,0.0,0.0,0.0,4.0,3.1622776601683795,2.23606797749979,1.0,2.8284271247461903,5.0,8.06225774829855,11.661903789690601,15.264337522473747,17.4928556845359,18.35755975068582,17.88854381999832,17.08800749063506,16.492422502470642,15.297058540778355,14.035668847618199,12.0,10.04987562112089,8.06225774829855,5.385164807134504,5.830951894845301,9.219544457292887,13.0,18.110770276274835,22.360679774997898,24.73863375370596
1787403298.5293143,-70,0.0,23.021728866442675,23.0,22.0,21.02379604162864,20.024984394500787,20.024984394500787,19.026297590440446,17.029386365926403,16.1245154965971,14.142135623730951,12.041594578792296,11.045361017187261,11.0,11.045361017187261,10.04987562112089,10.04987562112089,10.198039027185569,9.486832980505138,9.486832980505138,9.486832980505138,9.486832980505138,9.486832980505138,9.219544457292887,9.055385138137417,8.06225774829855,7.0,0.0,0.0,0.0,0.0,0.0,0.0,0.0,0.0,0.0,0.0,0.0,7.0710678118654755,7.0710678118654755,5.830951894845301,7.280109889280518,8.246211251235321,9.219544457292887,10.198039027185569,10.198039027185569,11.40175425099138,11.704699910719626,12.083045973594572,11.180339887498949,10.770329614269007,10.44030650891055,10.198039027185569,11.045361017187261,11.0,11.0,12.041594578792296,14.142135623730951,15.297058540778355,16.278820596099706,18.439088914585774,20.396078054371138,21.37755832643195,21.37755832643195
1787403298.6429498,-70,0.0,21.095023109728988,21.095023109728988,20.223748416156685,19.235384061671343,18.24828759089466,17.46424919657298,16.492422502470642,15.524174696260024,14.317821063276353,13.341664064126334,12.165525060596439,11.180339887498949,10.198039027185569,10.04987562112089,10.04987562112089,10.04987562112089,9.055385138137417,9.0,9.055385138137417,9.0,9.0,10.0,9.055385138137417,8.0,7.0710678118654755,7.0710678118654755,0.0,0.0,0.0,0.0,0.0,0.0,0.0,0.0,0.0,0.0,0.0,4.47213595499958,4.242640687119285,4.47213595499958,5.0990195135927845,6.082762530298219,7.280109889280518,8.246211251235321,9.219544457292887,9.486832980505138,9.486832980505138,10.770329614269007,10.770329614269007,9.848857801796104,9.486832980505138,10.198039027185569,10.198039027185569,11.180339887498949,11.045361017187261,11.045361017187261,12.0,13.0,14.035668847618199,15.033296378372908,17.029386365926403,19.026297590440446,20.0
1787403298.9410949,-70,0.0,21.840329667841555,21.840329667841555,22.135943621178654,21.18962010041709,20.248456731316587,18.384776310850235,17.46424919657298,16.55294535724685,15.231546211727817,13.0,12.649110640673518,12.36931687685298,12.165525060596439,13.152946437965905,12.36931687685298,12.165525060596439,12.165525060596439,12.041594578792296,11.045361017187261,10.04987562112089,11.045361017187261,11.180339887498949,10.198039027185569,9.219544457292887,8.246211251235321,8.246211251235321,0.0,0.0,0.0,0.0,0.0,0.0,0.0,0.0,0.0,0.0,0.0,5.830951894845301,7.211102550927978,7.0710678118654755,5.830951894845301,6.708203932499369,7.615773105863909,8.54400374531753,9.848857801796104,10.295630140987,10.295630140987,10.295630140987,10.295630140987,10.295630140987,9.848857801796104,10.44030650891055,11.40175425099138,12.36931687685298,12.36931687685298,13.152946437965905,15.297058540778355,15.297058540778355,16.278820596099706,18.24828759089466,19.235384061671343,20.615528128088304,21.840329667841555
1787403299.7032232,-89,0.0,4.242640687119285,3.605551275463989,2.23606797749979,1.4142135623730951,1.0,1.4142135623730951,1.4142135623730951,1.0,1.0,0.0,1.0,2.0,3.1622776601683795,4.47213595499958,5.385164807134504,5.830951894845301,5.0,5.830951894845301,5.0,4.242640687119285,3.605551275463989,2.8284271247461903,2.8284271247461903,2.8284271247461903,2.8284271247461903,3.605551275463989,0.0,0.0,0.0,0.0,0.0,0.0,0.0,0.0,0.0,0.0,0.0,12.649110640673518,12.36931687685298,13.341664064126334,14.142135623730951,14.035668847618199,15.0,14.0,14.0,13.038404810405298,11.045361017187261,10.0,9.0,7.0,7.0710678118654755,5.0990195135927845,5.385164807134504,5.0,4.242640687119285,3.605551275463989,4.0,3.1622776601683795,3.605551275463989,5.0,5.830951894845301,6.324555320336759,8.246211251235321
1787403300.1782117,-71,0.0,22.825424421026653,23.323807579381203,22.47220505424423,21.633307652783937,20.0,19.209372712298546,17.804493814764857,15.0,13.601470508735444,13.038404810405298,12.083045973594572,10.770329614269007,10.770329614269007,11.704699910719626,10.44030650891055,10.44030650891055,10.44030650891055,9.219544457292887,10.04987562112089,10.04987562112089,10.04987562112089,11.180339887498949,11.180339887498949,10.44030650891055,9.486832980505138,8.94427190999916,0.0,0.0,0.0,0.0,0.0,0.0,0.0,0.0,0.0,0.0,0.0,7.0,6.0,5.385164807134504,6.4031242374328485,6.4031242374328485,7.810249675906654,8.48528137423857,9.219544457292887,9.899494936611665,11.313708498984761,10.63014581273465,10.63014581273465,10.63014581273465,9.899494936611665,10.63014581273465,10.816653826391969,10.816653826391969,11.180339887498949,13.0,13.92838827718412,14.866068747318506,15.811388300841896,17.72004514666935,19.924858845171276,22.135943621178654,22.47220505424423
1787403300.6087706,-90,0.0,16.1245154965971,15.811388300841896,13.45362404707371,12.041594578792296,10.816653826391969,8.94427190999916,8.06225774829855,8.0,6.324555320336759,5.0,4.242640687119285,2.23606797749979,3.0,3.1622776601683795,3.1622776601683795,4.242640687119285,5.0,6.4031242374328485,7.810249675906654,7.211102550927978,6.708203932499369,7.615773105863909,8.06225774829855,9.433981132056603,10.295630140987,11.661903789690601,0.0,0.0,0.0,0.0,0.0,0.0,0.0,0.0,0.0,0.0,0.0,11.40175425099138,13.152946437965905,14.035668847618199,15.0,16.1245154965971,17.26267650163207,18.681541692269406,18.681541692269406,19.697715603592208,19.235384061671343,16.64331697709324,15.811388300841896,14.422205101855956,11.40175425099138,10.63014581273465,9.219544457292887,7.810249675906654,6.708203932499369,5.0,5.385164807134504,6.324555320336759,8.246211251235321,9.219544457292887,11.045361017187261,13.038404810405298,15.033296378372908
1787403300.9901283,-70,0.0,26.92582403567252,22.847319317591726,19.697715603592208,16.15549442140351,11.661903789690601,8.602325267042627,8.0,8.54400374531753,9.433981132056603,11.40175425099138,13.038404810405298,14.7648230602334,18.027756377319946,18.681541692269406,18.24828759089466,18.110770276274835,18.027756377319946,17.029386365926403,16.1245154965971,13.152946437965905,10.04987562112089,6.0,3.605551275463989,2.0,4.242640687119285,7.211102550927978,0.0,0.0,0.0,0.0,0.0,0.0,0.0,0.0,0.0,0.0,0.0,2.23606797749979,2.0,2.0,2.23606797749979,2.0,2.8284271247461903,6.708203932499369,10.295630140987,13.038404810405298,14.422205101855956,17.4928556845359,17.88854381999832,16.55294535724685,14.866068747318506,14.317821063276353,13.341664064126334,12.165525060596439,9.055385138137417,6.324555320336759,5.0,4.47213595499958,8.0,12.165525060596439,16.492422502470642,21.587033144922902,24.041630560342615
1787403301.0060236,-70,0.0,27.018512172212592,26.019223662515376,22.0,18.110770276274835,14.317821063276353,10.770329614269007,7.810249675906654,8.06225774829855,10.04987562112089,12.165525060596439,13.152946437965905,15.033296378372908,17.0,18.110770276274835,18.681541692269406,19.313207915827967,18.788294228055936,18.35755975068582,15.811388300841896,14.212670403551895,10.63014581273465,7.211102550927978,2.23606797749979,1.4142135623730951,4.242640687119285,7.0710678118654755,0.0,0.0,0.0,0.0,0.0,0.0,0.0,0.0,0.0,0.0,0.0,1.4142135623730951,2.0,2.23606797749979,1.4142135623730951,2.23606797749979,4.47213595499958,8.246211251235321,11.40175425099138,15.524174696260024,17.72004514666935,20.615528128088304,21.37755832643195,19.235384061671343,18.110770276274835,17.029386365926403,15.033296378372908,13.038404810405298,11.0,9.055385138137417,7.615773105863909,7.810249675906654,9.486832980505138,13.341664064126334,19.235384061671343,24.08318915758459,27.073972741361768
1787403301.0060236,-70,0.0,25.45584412271571,24.08318915758459,21.2602916254693,17.029386365926403,13.601470508735444,9.486832980505138,7.280109889280518,7.810249675906654,9.433981132056603,12.083045973594572,13.416407864998739,14.7648230602334,15.811388300841896,17.029386365926403,18.439088914585774,19.1049731745428,20.0,18.601075237738275,16.1245154965971,14.317821063276353,10.770329614269007,7.615773105863909,3.605551275463989,0.0,4.47213595499958,6.324555320336759,0.0,0.0,0.0,0.0,0.0,0.0,0.0,0.0,0.0,0.0,0.0,2.23606797749979,2.23606797749979,3.1622776601683795,3.1622776601683795,2.0,4.242640687119285,7.810249675906654,10.63014581273465,14.142135623730951,16.278820596099706,19.1049731745428,19.1049731745428,18.439088914585774,17.204650534085253,15.264337522473747,13.892443989449804,11.661903789690601,9.433981132056603,7.0710678118654755,5.830951894845301,6.0,8.54400374531753,13.416407864998739,18.601075237738275,22.02271554554524,24.20743687382041
1787403301.0377088,-70,0.0,29.68164415931166,27.459060435491963,23.853720883753127,19.4164878389476,16.278820596099706,12.529964086141668,11.0,10.44030650891055,11.180339887498949,13.601470508735444,15.0,16.64331697709324,17.88854381999832,19.313207915827967,19.6468827043885,19.235384061671343,19.1049731745428,17.0,14.035668847618199,11.045361017187261,8.06225774829855,5.0990195135927845,3.1622776601683795,3.605551275463989,5.0,5.830951894845301,0.0,0.0,0.0,0.0,0.0,0.0,0.0,0.0,0.0,0.0,0.0,2.0,2.23606797749979,3.605551275463989,3.1622776601683795,2.23606797749979,4.123105625617661,7.0,9.219544457292887,12.36931687685298,14.560219778561036,16.76305461424021,17.46424919657298,16.1245154965971,16.401219466856727,15.556349186104045,15.0,13.601470508735444,11.40175425099138,9.219544457292887,8.602325267042627,8.06225774829855,10.198039027185569,13.92838827718412,18.788294228055936,23.706539182259394,25.553864678361276
1787403301.0556588,-70,0.0,27.16615541441225,26.1725046566048,23.08679276123039,19.1049731745428,15.0,12.36931687685298,10.0,9.433981132056603,10.44030650891055,12.165525060596439,13.152946437965905,15.297058540778355,16.492422502470642,17.46424919657298,18.35755975068582,18.867962264113206,18.027756377319946,15.620499351813308,14.142135623730951,10.63014581273465,7.810249675906654,4.242640687119285,2.0,3.1622776601683795,4.0,4.123105625617661,0.0,0.0,0.0,0.0,0.0,0.0,0.0,0.0,0.0,0.0,0.0,1.0,2.0,3.1622776601683795,3.605551275463989,3.1622776601683795,4.123105625617661,6.4031242374328485,7.810249675906654,10.816653826391969,12.529964086141668,14.317821063276353,15.652475842498529,16.55294535724685,14.866068747318506,14.142135623730951,13.0,11.045361017187261,10.0,9.055385138137417,7.615773105863909,7.810249675906654,10.295630140987,14.866068747318506,19.6468827043885,22.561028345356956,24.515301344262525
1787403301.0556588,-70,0.0,28.0178514522438,25.80697580112788,22.80350850198276,19.209372712298546,15.556349186104045,11.661903789690601,9.219544457292887,8.54400374531753,10.0,12.041594578792296,13.45362404707371,14.212670403551895,15.811388300841896,17.0,17.46424919657298,17.72004514666935,16.492422502470642,15.132745950421556,12.041594578792296,9.0,6.0,3.0,1.4142135623730951,4.123105625617661,6.324555320336759,7.615773105863909,0.0,0.0,0.0,0.0,0.0,0.0,0.0,0.0,0.0,0.0,0.0,2.23606797749979,1.0,1.4142135623730951,2.0,2.23606797749979,4.0,6.082762530298219,10.198039027185569,13.601470508735444,16.76305461424021,18.027756377319946,18.788294228055936,17.4928556845359,15.811388300841896,15.620499351813308,14.866068747318506,13.45362404707371,12.041594578792296,9.899494936611665,8.06225774829855,8.06225774829855,10.04987562112089,13.601470508735444,18.788294228055936,23.323807579381203,25.238858928247925
1787403301.0556588,-70,0.0,26.92582403567252,25.553864678361276,22.47220505424423,19.4164878389476,15.0,11.40175425099138,8.54400374531753,8.06225774829855,8.94427190999916,10.63014581273465,12.806248474865697,14.422205101855956,16.1245154965971,16.55294535724685,17.08800749063506,17.46424919657298,16.1245154965971,15.033296378372908,12.0,10.0,6.082762530298219,3.0,1.0,3.605551275463989,6.324555320336759,7.280109889280518,0.0,0.0,0.0,0.0,0.0,0.0,0.0,0.0,0.0,0.0,0.0,1.4142135623730951,1.0,1.4142135623730951,1.0,2.23606797749979,4.0,7.280109889280518,10.770329614269007,13.0,14.866068747318506,17.46424919657298,18.35755975068582,17.204650534085253,16.278820596099706,14.866068747318506,14.212670403551895,13.601470508735444,11.40175425099138,9.219544457292887,7.810249675906654,8.246211251235321,10.04987562112089,13.601470508735444,18.788294228055936,23.706539182259394,25.059928172283335
1787403301.6100855,-71,0.0,30.463092423455635,27.730849247724095,24.596747752497688,20.591260281974,15.0,9.219544457292887,6.082762530298219,6.4031242374328485,9.219544457292887,12.165525060596439,14.142135623730951,17.72004514666935,18.788294228055936,19.235384061671343,20.12461179749811,19.72308292331602,18.867962264113206,17.204650534085253,16.278820596099706,15.0,12.206555615733702,9.433981132056603,4.47213595499958,1.0,3.1622776601683795,6.324555320336759,0.0,0.0,0.0,0.0,0.0,0.0,0.0,0.0,0.0,0.0,0.0,4.123105625617661,3.1622776601683795,2.8284271247461903,2.23606797749979,2.23606797749979,5.0,8.06225774829855,12.165525060596439,15.297058540778355,18.24828759089466,21.213203435596427,21.095023109728988,19.235384061671343,17.46424919657298,15.524174696260024,13.601470508735444,11.180339887498949,8.94427190999916,6.324555320336759,4.0,4.47213595499958,8.0,13.341664064126334,18.681541692269406,24.041630560342615,27.202941017470888
1787403301.8329968,-88,0.0,8.602325267042627,8.94427190999916,9.486832980505138,11.40175425099138,12.165525060596439,13.152946437965905,14.142135623730951,14.035668847618199,13.152946437965905,11.40175425099138,9.486832980505138,7.615773105863909,5.830951894845301,3.605551275463989,2.23606797749979,1.4142135623730951,2.23606797749979,3.605551275463989,5.0,5.0990195135927845,7.0710678118654755,8.06225774829855,9.0,11.045361017187261,11.045361017187261,11.045361017187261,0.0,0.0,0.0,0.0,0.0,0.0,0.0,0.0,0.0,0.0,0.0,17.0,16.55294535724685,15.811388300841896,14.560219778561036,13.341664064126334,11.045361017187261,10.0,8.0,6.0,3.1622776601683795,2.8284271247461903,4.123105625617661,5.0990195135927845,7.0710678118654755,9.0,11.0,13.152946437965905,15.297058540778355,16.492422502470642,16.76305461424021,18.027756377319946,18.973665961010276,18.973665961010276,18.681541692269406,18.681541692269406,18.439088914585774
1787403302.4207594,-70,0.0,22.47220505424423,21.633307652783937,21.095023109728988,20.12461179749811,18.384776310850235,17.46424919657298,16.15549442140351,13.92838827718412,13.0,12.083045973594572,10.816653826391969,9.433981132056603,10.816653826391969,10.0,9.219544457292887,8.48528137423857,7.810249675906654,7.211102550927978,8.602325267042627,9.433981132056603,9.219544457292887,9.219544457292887,9.219544457292887,8.48528137423857,8.48528137423857,7.211102550927978,0.0,0.0,0.0,0.0,0.0,0.0,0.0,0.0,0.0,0.0,0.0,5.385164807134504,4.123105625617661,4.123105625617661,4.123105625617661,5.385164807134504,7.615773105863909,7.615773105863909,8.54400374531753,8.54400374531753,8.54400374531753,9.486832980505138,9.486832980505138,8.246211251235321,8.54400374531753,10.295630140987,10.63014581273465,11.313708498984761,12.041594578792296,12.727922061357855,14.142135623730951,15.556349186104045,15.556349186104045,16.278820596099706,18.439088914585774,20.615528128088304,21.400934559032695
1787403302.8325965,-71,0.0,26.248809496813376,25.495097567963924,22.627416997969522,20.518284528683193,20.615528128088304,19.209372712298546,16.401219466856727,15.0,12.806248474865697,11.40175425099138,10.63014581273465,10.63014581273465,11.40175425099138,10.63014581273465,9.219544457292887,10.0,9.433981132056603,9.433981132056603,8.94427190999916,8.94427190999916,9.848857801796104,9.848857801796104,10.295630140987,9.433981132056603,8.602325267042627,7.211102550927978,0.0,0.0,0.0,0.0,0.0,0.0,0.0,0.0,0.0,0.0,0.0,6.0,5.0990195135927845,5.830951894845301,6.4031242374328485,7.0710678118654755,8.48528137423857,9.219544457292887,9.219544457292887,10.0,10.816653826391969,11.661903789690601,10.295630140987,10.0,10.0,11.40175425099138,12.041594578792296,12.727922061357855,12.806248474865697,13.601470508735444,13.601470508735444,14.422205101855956,16.64331697709324,18.35755975068582,19.72308292331602,21.633307652783937,20.248456731316587
1787403303.0375886,-72,0.0,22.825424421026653,23.259406699226016,23.259406699226016,21.540659228538015,20.248456731316587,18.973665961010276,17.72004514666935,15.524174696260024,12.36931687685298,11.40175425099138,11.180339887498949,10.0,10.816653826391969,11.40175425099138,11.313708498984761,10.63014581273465,9.899494936611665,9.219544457292887,8.602325267042627,9.433981132056603,10.295630140987,10.295630140987,10.816653826391969,9.899494936611665,9.219544457292887,7.810249675906654,0.0,0.0,0.0,0.0,0.0,0.0,0.0,0.0,0.0,0.0,0.0,3.605551275463989,3.605551275463989,4.0,4.47213595499958,5.385164807134504,7.280109889280518,8.246211251235321,9.486832980505138,10.44030650891055,11.40175425099138,11.180339887498949,10.04987562112089,10.04987562112089,10.198039027185569,10.44030650891055,10.770329614269007,12.083045973594572,12.529964086141668,13.038404810405298,14.422205101855956,15.811388300841896,16.64331697709324,18.027756377319946,19.72308292331602,21.95449840010015,22.47220505424423
1787403303.148827,-72,0.0,22.847319317591726,22.847319317591726,21.540659228538015,20.615528128088304,19.313207915827967,18.027756377319946,17.08800749063506,15.811388300841896,14.560219778561036,13.0,12.529964086141668,12.206555615733702,12.206555615733702,11.661903789690601,10.816653826391969,10.816653826391969,10.0,10.0,9.899494936611665,10.63014581273465,12.041594578792296,12.041594578792296,12.041594578792296,11.40175425099138,10.816653826391969,10.295630140987,0.0,0.0,0.0,0.0,0.0,0.0,0.0,0.0,0.0,0.0,0.0,6.324555320336759,6.082762530298219,5.0990195135927845,5.830951894845301,7.211102550927978,8.06225774829855,9.848857801796104,11.704699910719626,12.649110640673518,12.649110640673518,13.601470508735444,13.341664064126334,13.601470508735444,12.649110640673518,12.649110640673518,12.649110640673518,12.083045973594572,12.529964086141668,13.892443989449804,15.264337522473747,15.811388300841896,17.804493814764857,18.601075237738275,20.808652046684813,21.633307652783937,22.47220505424423
1787403303.249957,-71,0.0,23.345235059857504,23.430749027719962,22.02271554554524,20.0,18.601075237738275,18.601075237738275,17.204650534085253,15.811388300841896,14.212670403551895,12.806248474865697,12.806248474865697,12.041594578792296,11.313708498984761,11.313708498984761,10.63014581273465,10.63014581273465,10.0,9.433981132056603,8.94427190999916,9.848857801796104,9.848857801796104,9.848857801796104,10.295630140987,8.602325267042627,7.810249675906654,6.4031242374328485,0.0,0.0,0.0,0.0,0.0,0.0,0.0,0.0,0.0,0.0,0.0,6.0,5.0990195135927845,5.385164807134504,5.830951894845301,7.211102550927978,8.602325267042627,10.0,10.0,10.816653826391969,11.180339887498949,12.083045973594572,11.180339887498949,10.295630140987,10.816653826391969,10.816653826391969,11.40175425099138,12.041594578792296,12.041594578792296,13.45362404707371,14.212670403551895,15.0,17.204650534085253,18.601075237738275,20.615528128088304,22.02271554554524,22.67156809750927
1787403303.5614262,-89,0.0,9.219544457292887,7.810249675906654,6.4031242374328485,5.830951894845301,5.385164807134504,4.123105625617661,5.0990195135927845,4.0,4.47213595499958,5.830951894845301,5.656854249492381,6.708203932499369,6.324555320336759,7.280109889280518,8.06225774829855,9.0,8.0,7.0710678118654755,7.0710678118654755,5.0,4.0,5.0990195135927845,6.082762530298219,6.082762530298219,7.0710678118654755,8.06225774829855,0.0,0.0,0.0,0.0,0.0,0.0,0.0,0.0,0.0,0.0,0.0,20.396078054371138,19.4164878389476,19.6468827043885,19.6468827043885,18.439088914585774,17.26267650163207,16.0312195418814,14.0,12.041594578792296,10.44030650891055,9.486832980505138,8.54400374531753,7.615773105863909,5.385164807134504,4.0,2.8284271247461903,4.47213595499958,6.0,7.0710678118654755,8.94427190999916,10.295630140987,11.180339887498949,11.661903789690601,11.661903789690601,11.180339887498949,12.083045973594572
1787403303.6252139,-70,0.0,27.65863337187866,26.68332812825267,23.53720459187964,19.924858845171276,16.15549442140351,12.206555615733702,10.0,8.246211251235321,9.055385138137417,10.44030650891055,12.649110640673518,14.317821063276353,15.297058540778355,17.029386365926403,17.029386365926403,17.26267650163207,16.76305461424021,15.652475842498529,15.264337522473747,13.038404810405298,11.40175425099138,7.810249675906654,4.242640687119285,1.0,2.8284271247461903,5.656854249492381,0.0,0.0,0.0,0.0,0.0,0.0,0.0,0.0,0.0,0.0,0.0,2.0,1.4142135623730951,2.0,2.23606797749979,3.1622776601683795,4.47213595499958,7.810249675906654,10.63014581273465,12.806248474865697,14.422205101855956,16.64331697709324,17.0,17.46424919657298,16.76305461424021,15.524174696260024,14.317821063276353,13.152946437965905,11.045361017187261,9.219544457292887,8.06225774829855,7.810249675906654,10.44030650891055,14.035668847618199,19.026297590440446,22.20360331117452,24.515301344262525
1787403303.6430209,-70,0.0,26.0,25.019992006393608,22.090722034374522,18.110770276274835,14.317821063276353,10.770329614269007,8.48528137423857,8.246211251235321,9.055385138137417,11.180339887498949,12.36931687685298,14.317821063276353,15.132745950421556,16.0,17.11724276862369,16.492422502470642,15.811388300841896,15.652475842498529,14.422205101855956,12.806248474865697,10.0,7.211102550927978,3.605551275463989,1.4142135623730951,4.47213595499958,5.830951894845301,0.0,0.0,0.0,0.0,0.0,0.0,0.0,0.0,0.0,0.0,0.0,3.605551275463989,2.8284271247461903,2.0,2.0,1.0,3.605551275463989,6.708203932499369,9.486832980505138,12.36931687685298,14.317821063276353,16.278820596099706,17.11724276862369,17.029386365926403,17.029386365926403,16.1245154965971,14.317821063276353,13.341664064126334,11.40175425099138,9.219544457292887,7.0,7.211102550927978,9.433981132056603,13.341664064126334,18.110770276274835,21.095023109728988,24.020824298928627
1787403303.657414,-70,0.0,25.298221281347036,23.08679276123039,20.8806130178211,17.72004514666935,14.317821063276353,11.045361017187261,8.06225774829855,8.06225774829855,9.219544457292887,10.04987562112089,12.041594578792296,13.341664064126334,14.560219778561036,16.15549442140351,15.652475842498529,15.264337522473747,15.620499351813308,14.866068747318506,13.601470508735444,12.529964086141668,10.295630140987,7.211102550927978,3.605551275463989,1.0,3.0,6.082762530298219,0.0,0.0,0.0,0.0,0.0,0.0,0.0,0.0,0.0,0.0,0.0,4.242640687119285,3.605551275463989,4.123105625617661,3.0,1.0,4.47213595499958,6.324555320336759,9.055385138137417,11.0,14.035668847618199,15.297058540778355,16.492422502470642,16.492422502470642,15.811388300841896,15.231546211727817,13.892443989449804,12.206555615733702,10.816653826391969,9.433981132056603,7.280109889280518,7.0710678118654755,8.602325267042627,12.206555615733702,17.0,20.615528128088304,22.47220505424423
1787403307.0531085,-87,0.0,14.422205101855956,13.892443989449804,13.0,12.083045973594572,12.083045973594572,10.770329614269007,10.295630140987,10.816653826391969,10.0,9.219544457292887,9.899494936611665,10.0,10.816653826391969,10.816653826391969,10.816653826391969,10.816653826391969,11.40175425099138,10.816653826391969,9.433981132056603,9.433981132056603,9.433981132056603,8.06225774829855,7.615773105863909,8.54400374531753,8.246211251235321,8.246211251235321,0.0,0.0,0.0,0.0,0.0,0.0,0.0,0.0,0.0,0.0,0.0,7.0710678118654755,7.280109889280518,8.94427190999916,9.433981132056603,11.313708498984761,13.45362404707371,14.866068747318506,15.811388300841896,15.811388300841896,15.811388300841896,16.64331697709324,15.264337522473747,14.7648230602334,13.038404810405298,12.206555615733702,10.295630140987,9.433981132056603,9.433981132056603,8.94427190999916,8.54400374531753,9.486832980505138,9.486832980505138,10.44030650891055,10.44030650891055,11.704699910719626,11.704699910719626
1787403308.053753,-71,0.0,23.021728866442675,21.400934559032695,21.2602916254693,20.518284528683193,19.849433241279208,18.439088914585774,16.278820596099706,14.142135623730951,12.727922061357855,12.206555615733702,11.661903789690601,11.180339887498949,10.770329614269007,10.770329614269007,10.770329614269007,10.770329614269007,10.770329614269007,10.44030650891055,11.40175425099138,11.40175425099138,11.40175425099138,10.44030650891055,9.848857801796104,10.295630140987,8.94427190999916,8.94427190999916,0.0,0.0,0.0,0.0,0.0,0.0,0.0,0.0,0.0,0.0,0.0,5.0990195135927845,4.0,4.123105625617661,5.0,5.656854249492381,7.0710678118654755,7.0710678118654755,8.48528137423857,8.48528137423857,9.219544457292887,9.219544457292887,9.219544457292887,9.219544457292887,9.219544457292887,9.219544457292887,10.0,10.816653826391969,11.661903789690601,13.038404810405298,13.416407864998739,15.231546211727817,16.55294535724685,17.46424919657298,18.788294228055936,21.470910553583888,22.825424421026653
1787403308.1644208,-71,0.0,21.470910553583888,21.470910553583888,21.02379604162864,19.697715603592208,19.313207915827967,18.027756377319946,16.492422502470642,14.560219778561036,12.649110640673518,11.704699910719626,9.848857801796104,10.295630140987,10.0,9.219544457292887,9.219544457292887,9.899494936611665,9.899494936611665,9.899494936611665,9.899494936611665,9.899494936611665,9.899494936611665,9.899494936611665,9.219544457292887,8.602325267042627,7.211102550927978,7.211102550927978,0.0,0.0,0.0,0.0,0.0,0.0,0.0,0.0,0.0,0.0,0.0,7.615773105863909,6.324555320336759,5.0990195135927845,6.082762530298219,6.0,6.082762530298219,7.280109889280518,8.246211251235321,9.219544457292887,9.055385138137417,9.055385138137417,9.055385138137417,9.055385138137417,9.219544457292887,9.486832980505138,9.486832980505138,10.295630140987,11.661903789690601,12.206555615733702,12.806248474865697,14.212670403551895,16.401219466856727,17.029386365926403,19.849433241279208,21.400934559032695,21.633307652783937
1787403308.259594,-71,0.0,23.769728648009426,22.847319317591726,21.93171219946131,20.12461179749811,19.235384061671343,18.35755975068582,17.0,14.7648230602334,13.0,11.40175425099138,11.180339887498949,10.04987562112089,10.0,11.0,11.045361017187261,10.04987562112089,11.180339887498949,11.40175425099138,11.40175425099138,11.40175425099138,11.40175425099138,11.40175425099138,11.180339887498949,10.198039027185569,10.198039027185569,9.219544457292887,0.0,0.0,0.0,0.0,0.0,0.0,0.0,0.0,0.0,0.0,0.0,7.0710678118654755,6.082762530298219,5.0,5.385164807134504,5.830951894845301,5.830951894845301,7.211102550927978,7.810249675906654,8.602325267042627,9.433981132056603,8.94427190999916,8.06225774829855,7.211102550927978,7.0710678118654755,7.810249675906654,8.06225774829855,9.848857801796104,10.44030650891055,12.165525060596439,13.152946437965905,14.142135623730951,16.1245154965971,19.235384061671343,21.587033144922902,24.041630560342615,24.698178070456937
1787403308.671883,-88,0.0,8.06225774829855,7.0710678118654755,7.280109889280518,6.324555320336759,5.385164807134504,5.830951894845301,4.47213595499958,4.47213595499958,5.830951894845301,5.830951894845301,6.324555320336759,7.280109889280518,8.0,9.0,9.0,10.04987562112089,9.219544457292887,10.198039027185569,10.198039027185569,8.246211251235321,7.615773105863909,7.0710678118654755,5.0,5.0990195135927845,4.47213595499958,5.656854249492381,0.0,0.0,0.0,0.0,0.0,0.0,0.0,0.0,0.0,0.0,0.0,10.0,11.40175425099138,12.806248474865697,13.038404810405298,14.422205101855956,15.0,15.811388300841896,15.0,14.212670403551895,14.212670403551895,12.806248474865697,11.313708498984761,10.0,9.219544457292887,6.4031242374328485,5.656854249492381,5.385164807134504,7.0,7.0710678118654755,7.615773105863909,9.433981132056603,11.40175425099138,13.45362404707371,14.866068747318506,16.97056274847714,17.69180601295413
1787403308.6945226,-88,0.0,14.560219778561036,13.341664064126334,12.165525060596439,11.045361017187261,10.04987562112089,9.0,8.06225774829855,8.06225774829855,7.0710678118654755,8.06225774829855,8.06225774829855,8.0,9.219544457292887,10.44030650891055,10.770329614269007,10.770329614269007,9.848857801796104,9.848857801796104,8.94427190999916,7.615773105863909,6.324555320336759,5.0990195135927845,5.0,5.0990195135927845,5.385164807134504,6.324555320336759,0.0,0.0,0.0,0.0,0.0,0.0,0.0,0.0,0.0,0.0,0.0,8.06225774829855,10.0,11.0,12.041594578792296,13.038404810405298,14.142135623730951,14.142135623730951,14.142135623730951,12.36931687685298,11.40175425099138,10.770329614269007,9.433981132056603,7.810249675906654,7.211102550927978,6.708203932499369,6.708203932499369,6.708203932499369,5.0,4.242640687119285,4.47213595499958,6.082762530298219,6.082762530298219,7.280109889280518,8.94427190999916,9.433981132056603,9.899494936611665
1787403308.70355,-89,0.0,17.029386365926403,15.620499351813308,14.212670403551895,12.041594578792296,10.63014581273465,9.219544457292887,8.602325267042627,8.602325267042627,7.211102550927978,5.656854249492381,5.656854249492381,5.830951894845301,5.0990195135927845,7.0,8.06225774829855,8.54400374531753,9.848857801796104,9.848857801796104,8.54400374531753,8.602325267042627,8.602325267042627,5.830951894845301,3.605551275463989,2.23606797749979,1.4142135623730951,2.23606797749979,0.0,0.0,0.0,0.0,0.0,0.0,0.0,0.0,0.0,0.0,0.0,14.7648230602334,16.1245154965971,17.204650534085253,18.867962264113206,19.4164878389476,19.4164878389476,20.248456731316587,18.867962264113206,17.4928556845359,16.1245154965971,14.7648230602334,12.529964086141668,10.816653826391969,10.816653826391969,9.433981132056603,9.219544457292887,8.48528137423857,8.602325267042627,8.54400374531753,9.219544457292887,10.0,12.041594578792296,13.341664064126334,14.866068747318506,16.15549442140351,18.027756377319946
1787403309.0047536,-72,0.0,26.90724809414742,24.758836806279895,21.93171219946131,18.439088914585774,13.892443989449804,10.198039027185569,8.54400374531753,9.219544457292887,12.083045973594572,13.92838827718412,14.866068747318506,15.652475842498529,16.64331697709324,17.029386365926403,16.97056274847714,15.620499351813308,14.7648230602334,14.317821063276353,11.704699910719626,10.198039027185569,7.0710678118654755,4.123105625617661,0.0,3.0,6.082762530298219,7.0,0.0,0.0,0.0,0.0,0.0,0.0,0.0,0.0,0.0,0.0,0.0,5.0990195135927845,3.1622776601683795,1.4142135623730951,1.0,3.0,6.082762530298219,9.486832980505138,13.0,16.15549442140351,18.027756377319946,18.973665961010276,19.313207915827967,19.235384061671343,16.64331697709324,13.601470508735444,11.40175425099138,10.63014581273465,9.219544457292887,7.0710678118654755,6.324555320336759,6.082762530298219,8.06225774829855,12.806248474865697,17.804493814764857,21.2602916254693,24.08318915758459
1787403309.295523,-69,0.0,28.30194339616981,26.627053911388696,23.600847442411894,19.209372712298546,14.212670403551895,9.219544457292887,5.385164807134504,3.605551275463989,6.324555320336759,9.219544457292887,10.44030650891055,13.0,14.7648230602334,15.811388300841896,17.029386365926403,17.69180601295413,18.439088914585774,18.601075237738275,16.64331697709324,15.264337522473747,12.529964086141668,9.433981132056603,5.0,2.0,2.23606797749979,4.242640687119285,0.0,0.0,0.0,0.0,0.0,0.0,0.0,0.0,0.0,0.0,0.0,2.23606797749979,1.4142135623730951,1.4142135623730951,2.0,3.605551275463989,6.4031242374328485,9.433981132056603,12.529964086141668,15.652475842498529,18.35755975068582,20.591260281974,20.591260281974,20.12461179749811,17.46424919657298,16.15549442140351,14.560219778561036,11.40175425099138,9.486832980505138,6.708203932499369,5.0,6.0,9.486832980505138,13.416407864998739,19.235384061671343,24.186773244895647,26.076809620810597
1787403309.30633,-69,0.0,26.570660511172846,26.570660511172846,23.769728648009426,20.615528128088304,14.7648230602334,10.0,6.4031242374328485,4.123105625617661,5.656854249492381,8.602325267042627,11.40175425099138,14.212670403551895,15.556349186104045,17.029386365926403,17.204650534085253,18.027756377319946,18.788294228055936,18.973665961010276,18.681541692269406,16.492422502470642,12.649110640673518,9.486832980505138,6.082762530298219,3.0,1.4142135623730951,4.123105625617661,0.0,0.0,0.0,0.0,0.0,0.0,0.0,0.0,0.0,0.0,0.0,2.8284271247461903,1.4142135623730951,1.4142135623730951,1.0,3.605551275463989,5.385164807134504,8.246211251235321,12.165525060596439,15.132745950421556,18.439088914585774,20.615528128088304,20.615528128088304,19.4164878389476,17.26267650163207,16.0312195418814,14.0,11.0,8.0,6.082762530298219,5.0,5.385164807134504,8.0,13.152946437965905,18.439088914585774,23.769728648009426,25.96150997149434
1787403309.4488702,-69,0.0,33.97057550292606,32.55764119219941,27.65863337187866,22.02271554554524,16.401219466856727,10.295630140987,5.0,5.385164807134504,9.055385138137417,12.165525060596439,14.317821063276353,16.1245154965971,19.0,20.09975124224178,21.213203435596427,21.587033144922902,20.8806130178211,20.248456731316587,18.788294228055936,16.1245154965971,12.529964086141668,8.94427190999916,5.385164807134504,1.0,2.23606797749979,4.47213595499958,0.0,0.0,0.0,0.0,0.0,0.0,0.0,0.0,0.0,0.0,0.0,1.4142135623730951,1.0,3.0,4.123105625617661,5.0,6.4031242374328485,8.94427190999916,12.083045973594572,16.55294535724685,18.788294228055936,21.02379604162864,21.540659228538015,19.924858845171276,18.681541692269406,16.278820596099706,15.132745950421556,12.165525060596439,9.219544457292887,6.324555320336759,4.242640687119285,6.082762530298219,10.770329614269007,17.0,22.47220505424423,27.80287754891569,31.89043743820395
1787403309.813093,-71,0.0,22.360679774997898,21.095023109728988,20.591260281974,20.591260281974,20.591260281974,18.867962264113206,16.64331697709324,15.264337522473747,13.892443989449804,11.661903789690601,11.180339887498949,11.180339887498949,12.083045973594572,11.704699910719626,11.40175425099138,10.44030650891055,9.486832980505138,9.219544457292887,9.219544457292887,10.198039027185569,11.180339887498949,11.180339887498949,10.44030650891055,10.198039027185569,10.04987562112089,8.246211251235321,0.0,0.0,0.0,0.0,0.0,0.0,0.0,0.0,0.0,0.0,0.0,6.324555320336759,5.385164807134504,5.0,5.830951894845301,7.615773105863909,8.54400374531753,8.94427190999916,8.94427190999916,10.295630140987,11.661903789690601,13.038404810405298,13.601470508735444,13.601470508735444,13.601470508735444,13.038404810405298,13.038404810405298,13.416407864998739,13.416407864998739,14.7648230602334,15.231546211727817,15.811388300841896,16.76305461424021,17.72004514666935,19.924858845171276,21.540659228538015,22.847319317591726
1787403310.6435852,-70,0.0,25.179356624028344,24.08318915758459,22.02271554554524,20.024984394500787,15.297058540778355,10.816653826391969,10.295630140987,10.0,10.44030650891055,13.0,13.92838827718412,15.524174696260024,16.278820596099706,16.0312195418814,16.0312195418814,17.46424919657298,15.811388300841896,14.7648230602334,13.601470508735444,11.313708498984761,9.219544457292887,5.830951894845301,3.1622776601683795,2.23606797749979,5.0,6.708203932499369,0.0,0.0,0.0,0.0,0.0,0.0,0.0,0.0,0.0,0.0,0.0,5.0,3.605551275463989,3.1622776601683795,2.8284271247461903,5.0,8.602325267042627,10.295630140987,12.649110640673518,14.560219778561036,16.76305461424021,17.46424919657298,17.26267650163207,16.0312195418814,15.0,15.033296378372908,15.132745950421556,13.152946437965905,11.045361017187261,10.0,9.219544457292887,7.810249675906654,9.848857801796104,13.341664064126334,19.235384061671343,23.08679276123039,24.08318915758459
1787403310.6435852,-70,0.0,29.966648127543394,28.231188426986208,24.351591323771842,20.615528128088304,16.0312195418814,12.649110640673518,10.63014581273465,11.40175425099138,14.035668847618199,16.0312195418814,18.027756377319946,19.0,18.110770276274835,18.681541692269406,19.313207915827967,19.235384061671343,18.601075237738275,17.029386365926403,14.866068747318506,13.038404810405298,10.295630140987,6.708203932499369,3.1622776601683795,1.0,3.605551275463989,6.4031242374328485,0.0,0.0,0.0,0.0,0.0,0.0,0.0,0.0,0.0,0.0,0.0,4.47213595499958,2.8284271247461903,2.0,3.605551275463989,4.242640687119285,6.324555320336759,10.04987562112089,13.038404810405298,15.132745950421556,17.11724276862369,17.26267650163207,17.46424919657298,18.027756377319946,17.88854381999832,17.88854381999832,16.1245154965971,13.038404810405298,10.295630140987,8.246211251235321,7.0710678118654755,7.211102550927978,9.219544457292887,13.038404810405298,18.384776310850235,21.540659228538015,24.166091947189145
1787403310.6567376,-71,0.0,25.80697580112788,24.413111231467404,21.633307652783937,18.35755975068582,13.601470508735444,10.04987562112089,9.219544457292887,9.848857801796104,11.180339887498949,14.035668847618199,16.1245154965971,16.278820596099706,16.76305461424021,17.46424919657298,17.0,16.401219466856727,16.278820596099706,14.212670403551895,13.038404810405298,11.180339887498949,9.486832980505138,6.324555320336759,2.0,2.23606797749979,5.385164807134504,6.708203932499369,0.0,0.0,0.0,0.0,0.0,0.0,0.0,0.0,0.0,0.0,0.0,4.123105625617661,1.0,1.0,3.1622776601683795,4.123105625617661,5.0990195135927845,7.615773105863909,10.295630140987,12.083045973594572,14.7648230602334,16.1245154965971,16.64331697709324,16.401219466856727,15.556349186104045,14.866068747318506,13.45362404707371,12.727922061357855,11.313708498984761,8.48528137423857,6.082762530298219,6.708203932499369,10.0,14.142135623730951,18.439088914585774,22.20360331117452,24.20743687382041
1787403310.6567376,-70,0.0,30.066592756745816,28.071337695236398,25.079872407968907,20.223748416156685,16.76305461424021,12.206555615733702,8.94427190999916,10.198039027185569,12.529964086141668,14.422205101855956,15.264337522473747,16.55294535724685,16.76305461424021,17.26267650163207,18.027756377319946,18.027756377319946,17.46424919657298,15.811388300841896,14.7648230602334,13.038404810405298,9.219544457292887,5.656854249492381,2.23606797749979,2.0,5.385164807134504,7.615773105863909,0.0,0.0,0.0,0.0,0.0,0.0,0.0,0.0,0.0,0.0,0.0,4.123105625617661,2.23606797749979,2.8284271247461903,4.242640687119285,6.4031242374328485,7.810249675906654,10.295630140987,13.416407864998739,15.652475842498529,18.384776310850235,19.313207915827967,19.924858845171276,18.24828759089466,17.11724276862369,17.11724276862369,16.0312195418814,14.0,11.045361017187261,9.486832980505138,7.810249675906654,8.94427190999916,12.36931687685298,16.1245154965971,21.02379604162864,25.0,28.0178514522438
1787403310.6722221,-70,0.0,25.709920264364882,23.08679276123039,19.313207915827967,16.15549442140351,13.038404810405298,10.816653826391969,9.0,8.94427190999916,10.63014581273465,12.041594578792296,14.142135623730951,15.0,15.652475842498529,16.15549442140351,16.492422502470642,17.11724276862369,17.029386365926403,16.492422502470642,14.560219778561036,11.704699910719626,8.94427190999916,5.0,1.0,3.1622776601683795,5.385164807134504,6.708203932499369,0.0,0.0,0.0,0.0,0.0,0.0,0.0,0.0,0.0,0.0,0.0,5.0990195135927845,3.605551275463989,3.1622776601683795,2.0,2.8284271247461903,4.242640687119285,7.0710678118654755,9.899494936611665,12.727922061357855,14.866068747318506,15.620499351813308,15.811388300841896,15.811388300841896,14.7648230602334,14.317821063276353,13.0,10.770329614269007,9.848857801796104,8.06225774829855,6.4031242374328485,7.280109889280518,10.04987562112089,13.152946437965905,17.46424919657298,19.6468827043885,21.840329667841555
1787403310.830741,-71,0.0,27.65863337187866,24.758836806279895,22.627416997969522,19.1049731745428,15.0,10.295630140987,7.0,7.211102550927978,8.602325267042627,9.848857801796104,10.770329614269007,11.180339887498949,12.206555615733702,13.45362404707371,14.212670403551895,14.422205101855956,13.892443989449804,13.0,11.180339887498949,10.04987562112089,7.0710678118654755,4.0,1.0,3.0,5.0,7.0,0.0,0.0,0.0,0.0,0.0,0.0,0.0,0.0,0.0,0.0,0.0,3.605551275463989,2.23606797749979,0.0,2.0,4.0,6.082762530298219,8.54400374531753,11.180339887498949,13.892443989449804,16.64331697709324,18.601075237738275,19.209372712298546,18.439088914585774,17.69180601295413,16.401219466856727,15.264337522473747,13.416407864998739,11.180339887498949,9.433981132056603,7.0710678118654755,7.280109889280518,8.0,11.180339887498949,17.029386365926403,22.02271554554524,24.839484696748443
1787403310.830741,-70,0.0,28.635642126552707,25.96150997149434,23.40939982143925,20.8806130178211,16.15549442140351,11.313708498984761,9.486832980505138,8.246211251235321,10.295630140987,12.206555615733702,12.041594578792296,11.313708498984761,12.206555615733702,15.652475842498529,16.15549442140351,15.811388300841896,15.297058540778355,15.132745950421556,12.041594578792296,9.055385138137417,7.280109889280518,5.0990195135927845,1.0,2.0,5.0,5.0990195135927845,0.0,0.0,0.0,0.0,0.0,0.0,0.0,0.0,0.0,0.0,0.0,2.8284271247461903,1.0,1.4142135623730951,3.0,4.47213595499958,6.4031242374328485,8.94427190999916,10.770329614269007,13.601470508735444,15.524174696260024,17.11724276862369,18.110770276274835,17.029386365926403,17.029386365926403,16.1245154965971,13.341664064126334,13.341664064126334,11.40175425099138,7.280109889280518,6.082762530298219,7.810249675906654,8.602325267042627,11.180339887498949,18.027756377319946,21.02379604162864,22.02271554554524
1787403310.830741,-71,0.0,27.65863337187866,26.40075756488817,23.600847442411894,19.4164878389476,15.652475842498529,11.40175425099138,9.055385138137417,8.602325267042627,10.295630140987,11.704699910719626,13.0,14.317821063276353,14.7648230602334,15.811388300841896,16.401219466856727,15.556349186104045,14.866068747318506,13.601470508735444,11.661903789690601,9.848857801796104,6.708203932499369,3.605551275463989,1.0,3.0,6.082762530298219,7.0710678118654755,0.0,0.0,0.0,0.0,0.0,0.0,0.0,0.0,0.0,0.0,0.0,5.0,2.8284271247461903,1.0,1.0,3.0,6.0,8.06225774829855,10.44030650891055,13.92838827718412,16.55294535724685,19.235384061671343,19.72308292331602,19.4164878389476,18.439088914585774,17.029386365926403,15.811388300841896,14.422205101855956,12.529964086141668,10.0,7.810249675906654,6.324555320336759,8.54400374531753,12.206555615733702,16.97056274847714,21.93171219946131,24.758836806279895
1787403310.8467343,-70,0.0,26.248809496813376,25.96150997149434,23.769728648009426,19.235384061671343,15.0,11.40175425099138,9.219544457292887,10.295630140987,10.04987562112089,11.0,13.0,14.035668847618199,15.297058540778355,16.15549442140351,16.55294535724685,16.64331697709324,15.811388300841896,14.212670403551895,12.727922061357855,9.899494936611665,7.0710678118654755,3.605551275463989,0.0,2.8284271247461903,5.830951894845301,6.708203932499369,0.0,0.0,0.0,0.0,0.0,0.0,0.0,0.0,0.0,0.0,0.0,4.0,1.4142135623730951,2.0,2.8284271247461903,4.123105625617661,6.0,8.06225774829855,11.180339887498949,15.297058540778355,19.235384061671343,20.615528128088304,20.8806130178211,18.973665961010276,18.384776310850235,18.867962264113206,17.69180601295413,14.866068747318506,11.313708498984761,8.602325267042627,7.615773105863909,7.0,9.433981132056603,12.806248474865697,17.0,23.259406699226016,25.079872407968907
1787403310.8624132,-70,0.0,27.313000567495326,26.40075756488817,22.360679774997898,17.4928556845359,14.212670403551895,11.40175425099138,9.219544457292887,8.246211251235321,9.433981132056603,10.63014581273465,12.041594578792296,13.038404810405298,14.7648230602334,15.231546211727817,15.811388300841896,16.492422502470642,16.1245154965971,15.033296378372908,13.038404810405298,11.180339887498949,9.219544457292887,5.0990195135927845,2.23606797749979,2.23606797749979,4.0,6.082762530298219,0.0,0.0,0.0,0.0,0.0,0.0,0.0,0.0,0.0,0.0,0.0,3.1622776601683795,1.0,1.4142135623730951,3.0,3.1622776601683795,4.47213595499958,7.0710678118654755,9.433981132056603,13.892443989449804,17.4928556845359,18.788294228055936,18.384776310850235,18.681541692269406,19.4164878389476,17.26267650163207,16.278820596099706,15.132745950421556,12.165525060596439,9.219544457292887,6.708203932499369,6.708203932499369,9.055385138137417,13.152946437965905,18.439088914585774,22.80350850198276,24.041630560342615
1787403310.8624132,-70,0.0,29.206163733020468,27.65863337187866,24.08318915758459,19.849433241279208,14.866068747318506,10.770329614269007,8.246211251235321,7.810249675906654,10.295630140987,11.704699910719626,13.92838827718412,14.7648230602334,15.811388300841896,16.278820596099706,16.278820596099706,16.401219466856727,16.1245154965971,15.231546211727817,13.601470508735444,10.198039027185569,8.246211251235321,4.123105625617661,0.0,3.1622776601683795,6.082762530298219,7.0710678118654755,0.0,0.0,0.0,0.0,0.0,0.0,0.0,0.0,0.0,0.0,0.0,4.47213595499958,2.23606797749979,0.0,2.0,4.123105625617661,5.830951894845301,7.810249675906654,12.041594578792296,16.64331697709324,19.4164878389476,21.400934559032695,22.02271554554524,22.80350850198276,21.095023109728988,18.384776310850235,17.72004514666935,15.297058540778355,13.152946437965905,10.44030650891055,8.06225774829855,7.211102550927978,8.06225774829855,12.649110640673518,17.88854381999832,22.47220505424423,26.076809620810597
1787403310.8624132,-71,0.0,30.4138126514911,27.65863337187866,24.20743687382041,20.808652046684813,15.652475842498529,12.165525060596439,9.486832980505138,9.219544457292887,11.180339887498949,11.704699910719626,12.36931687685298,13.601470508735444,17.0,18.601075237738275,19.1049731745428,18.027756377319946,17.0,16.15549442140351,14.560219778561036,11.40175425099138,8.246211251235321,5.385164807134504,2.23606797749979,2.0,6.0,8.0,0.0,0.0,0.0,0.0,0.0,0.0,0.0,0.0,0.0,0.0,0.0,3.605551275463989,2.23606797749979,1.0,3.0,5.0990195135927845,9.219544457292887,10.44030650891055,12.529964086141668,16.64331697709324,20.248456731316587,22.47220505424423,22.20360331117452,21.2602916254693,19.79898987322333,18.601075237738275,18.35755975068582,15.652475842498529,13.92838827718412,10.770329614269007,7.810249675906654,6.708203932499369,8.06225774829855,12.529964086141668,19.209372712298546,24.041630560342615,26.870057685088806
1787403310.8624132,-71,0.0,30.528675044947494,29.154759474226502,25.059928172283335,19.697715603592208,15.524174696260024,12.0,8.06225774829855,8.54400374531753,11.0,13.038404810405298,15.0,15.033296378372908,15.297058540778355,16.76305461424021,18.384776310850235,19.235384061671343,18.867962264113206,17.204650534085253,14.212670403551895,11.313708498984761,9.899494936611665,5.656854249492381,1.4142135623730951,2.8284271247461903,5.0,6.4031242374328485,0.0,0.0,0.0,0.0,0.0,0.0,0.0,0.0,0.0,0.0,0.0,4.242640687119285,2.23606797749979,1.4142135623730951,3.1622776601683795,5.0,7.280109889280518,10.295630140987,13.038404810405298,16.401219466856727,19.849433241279208,22.67156809750927,23.345235059857504,22.02271554554524,20.808652046684813,19.72308292331602,18.384776310850235,16.15549442140351,13.92838827718412,11.180339887498949,7.810249675906654,6.324555320336759,8.54400374531753,13.601470508735444,19.1049731745428,24.08318915758459,27.018512172212592
1787403310.8783538,-71,0.0,26.019223662515376,25.079872407968907,20.396078054371138,15.811388300841896,13.038404810405298,10.63014581273465,6.708203932499369,8.54400374531753,13.038404810405298,14.7648230602334,14.7648230602334,13.892443989449804,17.46424919657298,18.439088914585774,16.1245154965971,16.278820596099706,15.524174696260024,13.038404810405298,12.36931687685298,10.770329614269007,7.615773105863909,4.123105625617661,1.4142135623730951,3.605551275463989,6.324555320336759,7.280109889280518,0.0,0.0,0.0,0.0,0.0,0.0,0.0,0.0,0.0,0.0,0.0,2.23606797749979,0.0,2.23606797749979,3.605551275463989,4.47213595499958,6.082762530298219,8.06225774829855,10.198039027185569,13.92838827718412,17.08800749063506,19.313207915827967,18.384776310850235,17.88854381999832,17.4928556845359,15.811388300841896,14.212670403551895,12.041594578792296,9.899494936611665,8.602325267042627,5.385164807134504,4.123105625617661,7.0710678118654755,11.180339887498949,16.76305461424021,20.615528128088304,23.345235059857504
1787403311.0734348,-35,0.0,13.92838827718412,13.601470508735444,13.92838827718412,13.92838827718412,13.0,13.0,13.416407864998739,13.416407864998739,13.416407864998739,13.892443989449804,13.892443989449804,13.601470508735444,14.422205101855956,14.422205101855956,14.422205101855956,15.0,14.422205101855956,15.811388300841896,15.264337522473747,15.264337522473747,15.264337522473747,14.7648230602334,14.317821063276353,13.92838827718412,13.92838827718412,13.601470508735444,0.0,0.0,0.0,0.0,0.0,0.0,0.0,0.0,0.0,0.0,0.0,11.180339887498949,12.165525060596439,12.041594578792296,13.0,13.0,13.0,13.038404810405298,14.035668847618199,14.035668847618199,14.142135623730951,13.038404810405298,13.038404810405298,13.038404810405298,13.038404810405298,13.038404810405298,13.038404810405298,12.0,12.0,12.041594578792296,13.152946437965905,12.165525060596439,13.152946437965905,13.152946437965905,12.165525060596439,13.341664064126334,13.341664064126334
1787403311.0994027,-70,0.0,25.495097567963924,24.041630560342615,20.518284528683193,16.97056274847714,13.45362404707371,8.94427190999916,7.0,7.211102550927978,9.433981132056603,10.295630140987,11.661903789690601,12.206555615733702,13.45362404707371,14.212670403551895,15.264337522473747,16.15549442140351,15.811388300841896,14.317821063276353,13.038404810405298,11.045361017187261,8.246211251235321,4.123105625617661,1.0,4.123105625617661,6.082762530298219,6.082762530298219,0.0,0.0,0.0,0.0,0.0,0.0,0.0,0.0,0.0,0.0,0.0,1.0,2.23606797749979,3.1622776601683795,4.123105625617661,6.0,7.280109889280518,7.0,8.602325267042627,11.180339887498949,13.0,15.264337522473747,16.401219466856727,17.69180601295413,18.439088914585774,17.804493814764857,17.4928556845359,16.1245154965971,13.892443989449804,12.041594578792296,10.816653826391969,9.486832980505138,10.0,13.601470508735444,18.867962264113206,23.600847442411894,25.0
1787403312.068597,-87,0.0,10.770329614269007,8.54400374531753,8.54400374531753,7.280109889280518,5.0990195135927845,4.123105625617661,3.1622776601683795,2.0,1.0,2.23606797749979,3.1622776601683795,5.0990195135927845,6.082762530298219,6.082762530298219,7.0710678118654755,7.280109889280518,7.280109889280518,7.0710678118654755,6.082762530298219,6.324555320336759,5.830951894845301,6.4031242374328485,7.0710678118654755,7.211102550927978,8.06225774829855,8.54400374531753,0.0,0.0,0.0,0.0,0.0,0.0,0.0,0.0,0.0,0.0,0.0,16.278820596099706,17.26267650163207,16.492422502470642,16.492422502470642,15.524174696260024,14.560219778561036,12.36931687685298,11.045361017187261,10.0,8.0,6.082762530298219,5.0,5.0990195135927845,3.1622776601683795,2.8284271247461903,2.0,3.605551275463989,5.0,7.615773105863909,8.54400374531753,10.44030650891055,11.180339887498949,10.04987562112089,10.0,9.055385138137417,8.0
1787403312.068597,-89,0.0,9.219544457292887,9.219544457292887,9.219544457292887,9.219544457292887,8.48528137423857,8.48528137423857,7.810249675906654,6.708203932499369,6.324555320336759,6.324555320336759,6.082762530298219,6.0,7.0710678118654755,8.0,8.06225774829855,9.0,9.055385138137417,10.0,10.04987562112089,9.219544457292887,8.54400374531753,8.06225774829855,6.708203932499369,5.830951894845301,5.656854249492381,5.0,0.0,0.0,0.0,0.0,0.0,0.0,0.0,0.0,0.0,0.0,0.0,21.2602916254693,20.518284528683193,19.1049731745428,17.029386365926403,15.0,12.529964086141668,10.770329614269007,9.055385138137417,8.0,7.280109889280518,7.615773105863909,7.615773105863909,6.708203932499369,6.082762530298219,6.0,6.324555320336759,7.211102550927978,8.48528137423857,10.63014581273465,11.661903789690601,12.529964086141668,13.416407864998739,13.892443989449804,14.7648230602334,13.892443989449804,13.892443989449804
1787403312.4644027,-71,0.0,21.93171219946131,21.213203435596427,20.518284528683193,19.1049731745428,18.439088914585774,17.804493814764857,16.401219466856727,15.0,13.601470508735444,12.206555615733702,11.40175425099138,10.63014581273465,10.63014581273465,10.0,10.0,10.0,8.602325267042627,8.602325267042627,8.06225774829855,7.615773105863909,8.06225774829855,8.602325267042627,8.602325267042627,7.810249675906654,7.0710678118654755,5.656854249492381,0.0,0.0,0.0,0.0,0.0,0.0,0.0,0.0,0.0,0.0,0.0,7.0710678118654755,6.082762530298219,5.0,6.324555320336759,5.830951894845301,6.4031242374328485,7.810249675906654,9.219544457292887,10.0,10.0,10.816653826391969,10.816653826391969,10.0,10.0,10.63014581273465,12.041594578792296,12.727922061357855,12.727922061357855,13.45362404707371,14.212670403551895,15.0,15.811388300841896,16.64331697709324,18.027756377319946,20.615528128088304,21.2602916254693
1787403312.5121796,-89,0.0,7.615773105863909,7.615773105863909,7.615773105863909,8.54400374531753,7.615773105863909,7.615773105863909,6.324555320336759,6.082762530298219,5.0990195135927845,5.0,4.123105625617661,4.47213595499958,4.242640687119285,5.0,5.830951894845301,5.830951894845301,6.708203932499369,6.4031242374328485,5.830951894845301,6.708203932499369,5.830951894845301,5.0990195135927845,4.123105625617661,4.0,3.1622776601683795,2.8284271247461903,0.0,0.0,0.0,0.0,0.0,0.0,0.0,0.0,0.0,0.0,0.0,13.892443989449804,13.038404810405298,13.038404810405298,11.661903789690601,10.295630140987,8.94427190999916,8.54400374531753,7.0710678118654755,6.082762530298219,5.385164807134504,5.0,5.0,3.605551275463989,3.605551275463989,3.0,2.8284271247461903,4.123105625617661,6.0,8.0,10.04987562112089,11.045361017187261,12.165525060596439,13.038404810405298,13.152946437965905,12.041594578792296,12.041594578792296
1787403312.5121796,-89,0.0,4.242640687119285,5.0,5.0,5.830951894845301,5.830951894845301,5.830951894845301,5.656854249492381,5.656854249492381,5.830951894845301,6.082762530298219,6.082762530298219,7.0710678118654755,7.0,8.06225774829855,8.06225774829855,9.219544457292887,9.486832980505138,9.219544457292887,8.06225774829855,7.280109889280518,8.246211251235321,8.06225774829855,9.0,11.0,12.165525060596439,13.341664064126334,0.0,0.0,0.0,0.0,0.0,0.0,0.0,0.0,0.0,0.0,0.0,13.416407864998739,14.317821063276353,13.92838827718412,13.0,11.704699910719626,10.44030650891055,8.246211251235321,6.082762530298219,4.123105625617661,4.242640687119285,4.123105625617661,4.123105625617661,4.123105625617661,3.1622776601683795,2.23606797749979,2.0,3.1622776601683795,5.656854249492381,7.810249675906654,10.816653826391969,11.180339887498949,12.529964086141668,12.083045973594572,12.083045973594572,11.180339887498949,11.180339887498949
1787403312.5594926,-70,0.0,27.073972741361768,26.019223662515376,24.0,21.0,16.1245154965971,11.704699910719626,9.219544457292887,8.246211251235321,10.198039027185569,12.36931687685298,13.341664064126334,14.142135623730951,16.0,17.11724276862369,16.278820596099706,15.297058540778355,15.811388300841896,15.652475842498529,13.601470508735444,10.63014581273465,8.48528137423857,5.830951894845301,2.23606797749979,3.1622776601683795,5.830951894845301,7.211102550927978,0.0,0.0,0.0,0.0,0.0,0.0,0.0,0.0,0.0,0.0,0.0,2.0,0.0,1.0,0.0,2.23606797749979,4.242640687119285,6.708203932499369,10.198039027185569,13.152946437965905,15.297058540778355,17.26267650163207,17.11724276862369,16.0,15.132745950421556,15.524174696260024,13.92838827718412,12.529964086141668,9.848857801796104,8.54400374531753,6.0,5.656854249492381,8.94427190999916,12.36931687685298,17.11724276862369,22.090722034374522,24.08318915758459
1787403312.6700625,-71,0.0,26.832815729997478,25.942243542145693,22.825424421026653,18.867962264113206,14.866068747318506,10.816653826391969,9.055385138137417,8.54400374531753,10.0,11.313708498984761,12.727922061357855,13.601470508735444,14.422205101855956,15.652475842498529,16.15549442140351,16.15549442140351,15.524174696260024,13.341664064126334,11.045361017187261,8.0,6.0,2.23606797749979,1.4142135623730951,5.0990195135927845,8.246211251235321,10.198039027185569,0.0,0.0,0.0,0.0,0.0,0.0,0.0,0.0,0.0,0.0,0.0,1.4142135623730951,1.0,2.23606797749979,3.0,4.123105625617661,6.4031242374328485,7.810249675906654,10.816653826391969,13.892443989449804,17.0,18.788294228055936,18.788294228055936,18.027756377319946,16.76305461424021,15.297058540778355,14.142135623730951,12.0,10.0,8.0,5.385164807134504,4.47213595499958,8.06225774829855,12.36931687685298,17.08800749063506,21.93171219946131,25.079872407968907
1787403312.6700625,-71,0.0,28.460498941515414,26.570660511172846,23.40939982143925,20.615528128088304,16.1245154965971,12.041594578792296,8.54400374531753,9.055385138137417,9.848857801796104,11.661903789690601,12.529964086141668,13.0,14.560219778561036,15.297058540778355,16.1245154965971,16.0312195418814,15.033296378372908,13.152946437965905,11.40175425099138,8.54400374531753,5.830951894845301,2.8284271247461903,1.0,5.0,8.06225774829855,9.219544457292887,0.0,0.0,0.0,0.0,0.0,0.0,0.0,0.0,0.0,0.0,0.0,1.4142135623730951,2.0,3.1622776601683795,4.123105625617661,5.0990195135927845,5.830951894845301,8.48528137423857,10.816653826391969,14.7648230602334,17.88854381999832,20.12461179749811,19.697715603592208,18.973665961010276,16.76305461424021,15.297058540778355,14.035668847618199,13.0,10.0,7.0710678118654755,5.830951894845301,6.708203932499369,9.0,14.035668847618199,19.235384061671343,23.53720459187964,25.96150997149434
1787403312.8762093,-71,0.0,22.47220505424423,23.021728866442675,21.400934559032695,20.0,17.804493814764857,17.804493814764857,16.401219466856727,15.0,12.041594578792296,10.0,9.433981132056603,8.94427190999916,8.94427190999916,8.54400374531753,7.0710678118654755,7.0,8.06225774829855,8.0,8.06225774829855,8.246211251235321,9.486832980505138,9.219544457292887,10.04987562112089,9.055385138137417,7.0,6.0,0.0,0.0,0.0,0.0,0.0,0.0,0.0,0.0,0.0,0.0,0.0,6.4031242374328485,5.0,4.0,5.0990195135927845,5.0990195135927845,5.385164807134504,5.0,7.0710678118654755,10.63014581273465,10.816653826391969,10.816653826391969,10.63014581273465,10.63014581273465,10.63014581273465,10.63014581273465,11.313708498984761,11.40175425099138,12.206555615733702,13.601470508735444,15.0,14.7648230602334,16.15549442140351,18.384776310850235,21.470910553583888,22.47220505424423,21.633307652783937
1787403312.8762093,-72,0.0,23.769728648009426,23.259406699226016,22.360679774997898,21.470910553583888,20.12461179749811,18.788294228055936,17.0,16.1245154965971,14.422205101855956,13.038404810405298,11.180339887498949,10.44030650891055,10.198039027185569,11.180339887498949,10.44030650891055,10.198039027185569,10.0,9.0,9.055385138137417,10.04987562112089,9.0,9.0,9.055385138137417,9.055385138137417,8.06225774829855,8.06225774829855,0.0,0.0,0.0,0.0,0.0,0.0,0.0,0.0,0.0,0.0,0.0,7.280109889280518,4.47213595499958,3.605551275463989,4.47213595499958,5.0,5.385164807134504,6.708203932499369,8.94427190999916,10.295630140987,11.661903789690601,13.038404810405298,12.206555615733702,10.816653826391969,11.661903789690601,12.529964086141668,13.0,13.601470508735444,14.317821063276353,14.317821063276353,15.524174696260024,16.76305461424021,18.681541692269406,21.587033144922902,22.561028345356956,23.769728648009426,22.135943621178654
1787403312.8949184,-71,0.0,21.02379604162864,22.090722034374522,22.02271554554524,20.0,20.0,18.0,16.0,14.0,14.0,12.0,11.0,11.0,9.055385138137417,9.055385138137417,9.219544457292887,8.54400374531753,8.54400374531753,8.54400374531753,8.94427190999916,8.602325267042627,9.433981132056603,9.848857801796104,9.848857801796104,8.54400374531753,7.615773105863909,7.615773105863909,0.0,0.0,0.0,0.0,0.0,0.0,0.0,0.0,0.0,0.0,0.0,6.4031242374328485,5.0,3.605551275463989,4.123105625617661,5.0,6.082762530298219,8.06225774829855,10.04987562112089,11.045361017187261,11.045361017187261,11.0,12.041594578792296,12.0,11.045361017187261,11.045361017187261,12.041594578792296,12.165525060596439,13.341664064126334,14.560219778561036,14.866068747318506,16.76305461424021,17.46424919657298,18.439088914585774,20.396078054371138,21.37755832643195,22.20360331117452
1787403312.9864552,-70,0.0,22.47220505424423,22.47220505424423,22.135943621178654,20.8806130178211,19.924858845171276,18.681541692269406,16.492422502470642,15.524174696260024,13.601470508735444,11.704699910719626,10.770329614269007,9.848857801796104,10.295630140987,10.0,9.433981132056603,9.219544457292887,9.219544457292887,9.219544457292887,9.219544457292887,9.219544457292887,10.0,10.0,9.899494936611665,9.899494936611665,10.0,8.602325267042627,0.0,0.0,0.0,0.0,0.0,0.0,0.0,0.0,0.0,0.0,0.0,5.385164807134504,5.385164807134504,5.0,5.0990195135927845,6.324555320336759,7.615773105863909,8.54400374531753,10.770329614269007,11.704699910719626,13.341664064126334,13.152946437965905,14.035668847618199,13.038404810405298,12.165525060596439,12.165525060596439,12.36931687685298,12.649110640673518,13.0,14.317821063276353,15.652475842498529,16.1245154965971,16.1245154965971,18.35755975068582,20.12461179749811,21.02379604162864,21.02379604162864
1787403313.0819683,-71,0.0,28.0,25.179356624028344,20.615528128088304,16.278820596099706,13.341664064126334,10.295630140987,8.06225774829855,9.055385138137417,10.198039027185569,11.40175425099138,13.152946437965905,14.035668847618199,16.0312195418814,17.26267650163207,17.72004514666935,16.55294535724685,16.1245154965971,15.0,13.45362404707371,12.206555615733702,9.433981132056603,6.324555320336759,2.23606797749979,1.0,3.605551275463989,5.830951894845301,0.0,0.0,0.0,0.0,0.0,0.0,0.0,0.0,0.0,0.0,0.0,2.23606797749979,1.0,1.4142135623730951,2.23606797749979,3.0,4.47213595499958,6.4031242374328485,9.219544457292887,12.806248474865697,16.278820596099706,19.209372712298546,19.4164878389476,18.35755975068582,16.55294535724685,15.231546211727817,13.92838827718412,11.40175425099138,9.219544457292887,7.615773105863909,7.810249675906654,8.94427190999916,11.180339887498949,15.132745950421556,20.0,23.021728866442675,25.019992006393608
1787403313.0819683,-71,0.0,21.93171219946131,21.2602916254693,20.0,19.4164878389476,18.601075237738275,18.027756377319946,16.1245154965971,14.7648230602334,13.038404810405298,11.661903789690601,11.40175425099138,10.63014581273465,9.899494936611665,10.63014581273465,9.899494936611665,9.899494936611665,9.219544457292887,8.602325267042627,7.211102550927978,8.06225774829855,8.94427190999916,9.433981132056603,8.602325267042627,8.602325267042627,7.810249675906654,7.0710678118654755,0.0,0.0,0.0,0.0,0.0,0.0,0.0,0.0,0.0,0.0,0.0,7.0710678118654755,6.0,6.0,7.280109889280518,7.615773105863909,7.615773105863909,8.06225774829855,10.295630140987,11.661903789690601,12.083045973594572,13.0,13.0,13.0,12.083045973594572,11.180339887498949,10.816653826391969,11.40175425099138,11.40175425099138,12.806248474865697,14.212670403551895,14.866068747318506,16.278820596099706,17.029386365926403,19.1049731745428,19.79898987322333,21.213203435596427
1787403313.0819683,-72,0.0,22.47220505424423,21.02379604162864,21.02379604162864,20.12461179749811,19.235384061671343,17.88854381999832,16.1245154965971,13.892443989449804,13.601470508735444,10.816653826391969,10.295630140987,9.848857801796104,9.486832980505138,9.219544457292887,9.219544457292887,9.219544457292887,9.219544457292887,8.06225774829855,8.0,8.06225774829855,8.06225774829855,9.0,9.0,8.06225774829855,7.0710678118654755,7.0710678118654755,0.0,0.0,0.0,0.0,0.0,0.0,0.0,0.0,0.0,0.0,0.0,7.0710678118654755,5.0990195135927845,4.47213595499958,4.47213595499958,5.0,6.708203932499369,7.615773105863909,8.94427190999916,10.295630140987,11.40175425099138,12.041594578792296,12.727922061357855,12.727922061357855,11.40175425099138,11.40175425099138,10.816653826391969,10.295630140987,11.180339887498949,13.0,13.0,13.92838827718412,14.866068747318506,17.72004514666935,18.681541692269406,19.924858845171276,20.248456731316587
1787403313.17699,-71,0.0,22.0,21.02379604162864,21.02379604162864,20.024984394500787,19.1049731745428,18.110770276274835,17.26267650163207,15.132745950421556,14.142135623730951,12.041594578792296,11.045361017187261,10.0,9.0,9.055385138137417,9.219544457292887,8.246211251235321,8.54400374531753,7.615773105863909,8.06225774829855,7.211102550927978,8.602325267042627,8.602325267042627,8.602325267042627,8.06225774829855,8.06225774829855,8.06225774829855,0.0,0.0,0.0,0.0,0.0,0.0,0.0,0.0,0.0,0.0,0.0,5.656854249492381,5.0,5.385164807134504,6.082762530298219,6.0,7.0,8.0,10.0,11.045361017187261,11.180339887498949,12.165525060596439,12.165525060596439,12.165525060596439,11.180339887498949,12.041594578792296,12.041594578792296,13.038404810405298,13.038404810405298,14.035668847618199,14.035668847618199,15.033296378372908,17.11724276862369,18.110770276274835,20.09975124224178,21.095023109728988,22.02271554554524
1787403313.272533,-71,0.0,21.540659228538015,21.93171219946131,21.470910553583888,20.591260281974,19.72308292331602,18.867962264113206,17.4928556845359,15.811388300841896,13.601470508735444,12.206555615733702,11.661903789690601,10.770329614269007,10.44030650891055,10.44030650891055,10.44030650891055,10.44030650891055,9.219544457292887,9.055385138137417,9.055385138137417,9.0,9.055385138137417,9.0,10.0,9.055385138137417,9.219544457292887,8.246211251235321,0.0,0.0,0.0,0.0,0.0,0.0,0.0,0.0,0.0,0.0,0.0,5.0990195135927845,5.385164807134504,4.47213595499958,5.656854249492381,6.4031242374328485,7.211102550927978,8.06225774829855,8.94427190999916,9.848857801796104,10.295630140987,11.40175425099138,11.40175425099138,10.0,10.816653826391969,10.295630140987,11.180339887498949,10.770329614269007,11.704699910719626,12.649110640673518,14.560219778561036,14.560219778561036,15.524174696260024,17.46424919657298,19.6468827043885,20.615528128088304,21.840329667841555
1787403313.54285,-35,0.0,13.45362404707371,12.806248474865697,12.806248474865697,12.727922061357855,12.041594578792296,12.727922061357855,12.041594578792296,12.041594578792296,12.806248474865697,12.206555615733702,13.038404810405298,13.038404810405298,13.038404810405298,13.892443989449804,13.892443989449804,13.892443989449804,14.422205101855956,13.892443989449804,13.892443989449804,14.422205101855956,14.422205101855956,13.601470508735444,14.212670403551895,13.45362404707371,12.727922061357855,12.041594578792296,0.0,0.0,0.0,0.0,0.0,0.0,0.0,0.0,0.0,0.0,0.0,11.180339887498949,11.704699910719626,11.40175425099138,12.36931687685298,12.165525060596439,13.152946437965905,13.152946437965905,13.341664064126334,13.152946437965905,13.152946437965905,12.041594578792296,13.152946437965905,12.165525060596439,12.165525060596439,12.36931687685298,12.36931687685298,11.40175425099138,11.40175425099138,11.704699910719626,12.083045973594572,12.083045973594572,12.083045973594572,12.529964086141668,11.661903789690601,13.038404810405298,11.661903789690601
1787403313.6862803,-70,0.0,27.202941017470888,25.0,22.02271554554524,17.69180601295413,13.45362404707371,9.848857801796104,7.0710678118654755,7.810249675906654,9.433981132056603,11.661903789690601,13.038404810405298,14.422205101855956,15.620499351813308,16.97056274847714,17.804493814764857,18.027756377319946,17.88854381999832,17.46424919657298,15.811388300841896,13.601470508735444,11.40175425099138,7.280109889280518,4.47213595499958,2.0,3.1622776601683795,4.123105625617661,0.0,0.0,0.0,0.0,0.0,0.0,0.0,0.0,0.0,0.0,0.0,1.0,1.0,2.23606797749979,2.23606797749979,4.123105625617661,5.0,7.0710678118654755,9.433981132056603,12.529964086141668,15.652475842498529,17.46424919657298,18.384776310850235,17.08800749063506,16.492422502470642,15.297058540778355,14.035668847618199,12.0,10.04987562112089,8.246211251235321,5.830951894845301,5.385164807134504,9.219544457292887,14.866068747318506,19.235384061671343,22.47220505424423,25.238858928247925
1787403314.5113544,-89,0.0,10.04987562112089,9.055385138137417,8.246211251235321,7.615773105863909,6.708203932499369,5.830951894845301,5.385164807134504,4.242640687119285,4.47213595499958,5.0990195135927845,6.082762530298219,5.0,6.4031242374328485,8.48528137423857,8.602325267042627,7.615773105863909,9.848857801796104,9.848857801796104,8.246211251235321,9.0,8.06225774829855,7.0710678118654755,6.0,5.0,4.47213595499958,4.123105625617661,0.0,0.0,0.0,0.0,0.0,0.0,0.0,0.0,0.0,0.0,0.0,20.248456731316587,20.248456731316587,20.0,18.601075237738275,17.804493814764857,15.620499351813308,12.806248474865697,10.63014581273465,8.48528137423857,7.211102550927978,5.0,2.8284271247461903,2.8284271247461903,2.0,3.0,4.123105625617661,5.385164807134504,7.211102550927978,8.48528137423857,9.899494936611665,11.40175425099138,13.038404810405298,13.038404810405298,15.652475842498529,15.652475842498529,15.231546211727817
1787403315.0188487,-71,0.0,22.825424421026653,22.825424421026653,22.360679774997898,21.02379604162864,20.615528128088304,19.313207915827967,18.027756377319946,15.524174696260024,13.601470508735444,12.649110640673518,11.180339887498949,10.816653826391969,10.0,10.0,10.0,9.219544457292887,8.48528137423857,7.810249675906654,8.602325267042627,8.602325267042627,8.602325267042627,8.602325267042627,8.602325267042627,7.810249675906654,7.0710678118654755,6.4031242374328485,0.0,0.0,0.0,0.0,0.0,0.0,0.0,0.0,0.0,0.0,0.0,5.0,4.47213595499958,4.0,4.123105625617661,5.385164807134504,6.324555320336759,7.615773105863909,8.54400374531753,9.486832980505138,10.44030650891055,10.44030650891055,10.44030650891055,10.44030650891055,10.770329614269007,10.770329614269007,11.180339887498949,11.661903789690601,13.038404810405298,14.422205101855956,14.422205101855956,15.0,16.401219466856727,17.804493814764857,19.209372712298546,21.400934559032695,21.633307652783937
1787403315.1301188,-70,0.0,28.844410203711913,28.30194339616981,25.942243542145693,21.93171219946131,17.72004514666935,13.0,11.180339887498949,10.63014581273465,13.0,14.560219778561036,16.76305461424021,17.46424919657298,18.35755975068582,20.248456731316587,20.615528128088304,21.213203435596427,19.849433241279208,18.027756377319946,17.0,15.652475842498529,13.0,9.486832980505138,5.385164807134504,1.0,2.8284271247461903,4.47213595499958,0.0,0.0,0.0,0.0,0.0,0.0,0.0,0.0,0.0,0.0,0.0,1.4142135623730951,1.0,2.23606797749979,3.605551275463989,4.47213595499958,6.0,8.54400374531753,10.295630140987,13.601470508735444,17.204650534085253,20.0,21.2602916254693,20.518284528683193,19.209372712298546,18.867962264113206,17.46424919657298,15.811388300841896,13.0,11.180339887498949,8.602325267042627,5.385164807134504,7.280109889280518,12.041594578792296,17.69180601295413,24.08318915758459,27.80287754891569
1787403315.2410018,-72,0.0,25.0,23.08679276123039,20.615528128088304,17.26267650163207,13.038404810405298,9.486832980505138,7.0710678118654755,8.246211251235321,10.04987562112089,11.180339887498949,13.152946437965905,15.033296378372908,16.0312195418814,17.11724276862369,17.46424919657298,16.76305461424021,16.55294535724685,15.811388300841896,14.866068747318506,13.45362404707371,10.63014581273465,7.0710678118654755,2.8284271247461903,1.0,4.47213595499958,6.708203932499369,0.0,0.0,0.0,0.0,0.0,0.0,0.0,0.0,0.0,0.0,0.0,1.0,0.0,3.0,3.1622776601683795,2.23606797749979,4.123105625617661,7.615773105863909,11.180339887498949,13.601470508735444,16.401219466856727,19.209372712298546,19.849433241279208,18.384776310850235,17.69180601295413,17.804493814764857,16.64331697709324,14.7648230602334,13.038404810405298,10.63014581273465,7.211102550927978,6.0,8.602325267042627,12.806248474865697,17.4928556845359,21.470910553583888,23.259406699226016
1787403315.9403484,-71,0.0,24.596747752497688,23.706539182259394,21.95449840010015,20.591260281974,20.591260281974,20.12461179749811,17.46424919657298,15.652475842498529,13.892443989449804,11.661903789690601,10.295630140987,10.63014581273465,10.63014581273465,10.63014581273465,9.899494936611665,10.0,10.0,9.433981132056603,8.602325267042627,8.94427190999916,8.94427190999916,9.433981132056603,9.219544457292887,9.219544457292887,7.810249675906654,7.0710678118654755,0.0,0.0,0.0,0.0,0.0,0.0,0.0,0.0,0.0,0.0,0.0,5.0,4.47213595499958,3.0,4.47213595499958,6.4031242374328485,7.0710678118654755,7.810249675906654,9.433981132056603,9.433981132056603,10.295630140987,10.770329614269007,10.44030650891055,10.770329614269007,10.295630140987,11.661903789690601,13.038404810405298,12.806248474865697,13.45362404707371,15.556349186104045,17.029386365926403,17.029386365926403,17.69180601295413,19.79898987322333,21.93171219946131,23.345235059857504,23.600847442411894
1787403316.1949658,-90,0.0,7.211102550927978,8.06225774829855,8.06225774829855,7.280109889280518,7.280109889280518,7.0710678118654755,6.082762530298219,5.0,4.47213595499958,5.0,5.385164807134504,6.082762530298219,7.0710678118654755,8.246211251235321,9.055385138137417,10.198039027185569,10.44030650891055,9.486832980505138,7.615773105863909,6.708203932499369,5.830951894845301,5.830951894845301,5.830951894845301,5.830951894845301,5.830951894845301,6.708203932499369,0.0,0.0,0.0,0.0,0.0,0.0,0.0,0.0,0.0,0.0,0.0,23.259406699226016,23.259406699226016,21.93171219946131,21.02379604162864,19.697715603592208,18.384776310850235,15.524174696260024,12.165525060596439,10.04987562112089,9.0,8.06225774829855,6.324555320336759,5.385164807134504,4.47213595499958,4.0,2.8284271247461903,4.123105625617661,6.082762530298219,8.246211251235321,10.44030650891055,11.704699910719626,13.416407864998739,14.7648230602334,15.264337522473747,14.422205101855956,15.264337522473747
1787403316.2573893,-72,0.0,31.064449134018133,29.068883707497267,26.019223662515376,21.02379604162864,17.26267650163207,13.0,9.899494936611665,9.486832980505138,11.045361017187261,13.341664064126334,14.317821063276353,15.132745950421556,17.0,17.029386365926403,17.26267650163207,16.76305461424021,15.652475842498529,14.212670403551895,12.806248474865697,11.661903789690601,9.848857801796104,6.324555320336759,2.0,3.0,5.0,6.4031242374328485,0.0,0.0,0.0,0.0,0.0,0.0,0.0,0.0,0.0,0.0,0.0,3.605551275463989,2.0,3.1622776601683795,4.47213595499958,5.0,7.211102550927978,9.848857801796104,13.92838827718412,16.76305461424021,19.6468827043885,21.587033144922902,20.615528128088304,19.235384061671343,17.0,16.0312195418814,15.297058540778355,13.341664064126334,11.180339887498949,9.0,7.280109889280518,8.48528137423857,11.180339887498949,16.76305461424021,21.37755832643195,26.1725046566048,29.068883707497267
1787403316.3533301,-87,0.0,7.280109889280518,6.708203932499369,7.211102550927978,7.0710678118654755,7.0710678118654755,7.0710678118654755,8.48528137423857,9.219544457292887,9.219544457292887,9.433981132056603,9.848857801796104,9.848857801796104,10.198039027185569,10.198039027185569,9.219544457292887,9.055385138137417,9.055385138137417,8.06225774829855,6.0,5.0,3.1622776601683795,2.0,2.23606797749979,2.8284271247461903,3.605551275463989,4.47213595499958,0.0,0.0,0.0,0.0,0.0,0.0,0.0,0.0,0.0,0.0,0.0,13.892443989449804,14.212670403551895,14.866068747318506,15.620499351813308,14.422205101855956,14.7648230602334,13.92838827718412,11.704699910719626,9.055385138137417,7.0710678118654755,5.0990195135927845,3.605551275463989,2.8284271247461903,2.23606797749979,2.0,2.23606797749979,2.23606797749979,4.123105625617661,7.0,9.0,11.045361017187261,12.165525060596439,13.601470508735444,14.866068747318506,15.231546211727817,14.7648230602334
1787403316.5633016,-72,0.0,22.20360331117452,22.20360331117452,21.400934559032695,20.615528128088304,19.209372712298546,18.439088914585774,16.97056274847714,15.556349186104045,14.142135623730951,12.727922061357855,11.40175425099138,10.816653826391969,10.816653826391969,10.295630140987,10.295630140987,8.94427190999916,8.54400374531753,8.246211251235321,8.246211251235321,8.246211251235321,9.055385138137417,9.219544457292887,8.54400374531753,7.615773105863909,7.280109889280518,6.324555320336759,0.0,0.0,0.0,0.0,0.0,0.0,0.0,0.0,0.0,0.0,0.0,6.4031242374328485,4.47213595499958,3.0,3.605551275463989,5.0,5.0,6.4031242374328485,7.0710678118654755,8.48528137423857,10.63014581273465,10.816653826391969,10.0,10.0,9.219544457292887,9.899494936611665,9.219544457292887,9.433981132056603,10.295630140987,11.661903789690601,13.416407864998739,15.231546211727817,16.15549442140351,17.46424919657298,18.788294228055936,21.470910553583888,21.470910553583888
1787403316.5733347,-71,0.0,31.144823004794873,29.068883707497267,26.40075756488817,22.20360331117452,17.0,13.341664064126334,10.198039027185569,10.63014581273465,11.661903789690601,13.0,15.231546211727817,16.1245154965971,17.204650534085253,18.439088914585774,19.79898987322333,19.209372712298546,18.027756377319946,15.652475842498529,13.601470508735444,11.180339887498949,10.04987562112089,9.486832980505138,6.324555320336759,3.1622776601683795,6.4031242374328485,7.615773105863909,0.0,0.0,0.0,0.0,0.0,0.0,0.0,0.0,0.0,0.0,0.0,1.0,2.23606797749979,4.123105625617661,4.47213595499958,5.0,5.385164807134504,8.06225774829855,11.40175425099138,13.92838827718412,17.46424919657298,19.697715603592208,20.591260281974,19.4164878389476,17.804493814764857,16.97056274847714,15.620499351813308,13.601470508735444,10.816653826391969,9.433981132056603,7.810249675906654,7.280109889280518,8.246211251235321,13.038404810405298,19.4164878389476,24.20743687382041,27.586228448267445
1787403316.5733347,-71,0.0,26.92582403567252,26.248809496813376,22.135943621178654,18.384776310850235,13.892443989449804,11.40175425099138,9.219544457292887,10.198039027185569,11.661903789690601,13.601470508735444,14.422205101855956,16.1245154965971,17.46424919657298,17.72004514666935,18.439088914585774,18.110770276274835,17.0,15.132745950421556,12.36931687685298,8.246211251235321,5.0990195135927845,2.8284271247461903,3.0,6.082762530298219,6.082762530298219,6.708203932499369,0.0,0.0,0.0,0.0,0.0,0.0,0.0,0.0,0.0,0.0,0.0,1.0,2.23606797749979,3.605551275463989,3.605551275463989,2.8284271247461903,3.1622776601683795,6.4031242374328485,9.219544457292887,12.206555615733702,15.264337522473747,17.4928556845359,17.0,16.15549442140351,15.811388300841896,14.317821063276353,13.038404810405298,12.0,10.04987562112089,8.0,6.082762530298219,5.0,7.280109889280518,11.045361017187261,17.11724276862369,21.37755832643195,24.515301344262525
1787403316.9690356,-70,0.0,26.68332812825267,25.495097567963924,23.345235059857504,20.223748416156685,16.0312195418814,13.341664064126334,10.816653826391969,9.433981132056603,10.44030650891055,11.180339887498949,12.165525060596439,13.601470508735444,14.866068747318506,16.55294535724685,17.4928556845359,17.204650534085253,16.401219466856727,14.866068747318506,12.806248474865697,10.0,7.211102550927978,4.47213595499958,1.4142135623730951,2.23606797749979,5.0990195135927845,6.082762530298219,0.0,0.0,0.0,0.0,0.0,0.0,0.0,0.0,0.0,0.0,0.0,3.1622776601683795,1.4142135623730951,2.23606797749979,2.8284271247461903,3.1622776601683795,3.605551275463989,5.830951894845301,8.94427190999916,11.704699910719626,14.560219778561036,15.524174696260024,16.278820596099706,16.0312195418814,15.033296378372908,14.317821063276353,13.92838827718412,12.083045973594572,10.295630140987,8.602325267042627,7.211102550927978,6.082762530298219,6.324555320336759,9.899494936611665,15.264337522473747,20.615528128088304,23.40939982143925
