Timestamp,RSSI,Sub_0,Sub_1,Sub_2,Sub_3,Sub_4,Sub_5,Sub_6,Sub_7,Sub_8,Sub_9,Sub_10,Sub_11,Sub_12,Sub_13,Sub_14,Sub_15,Sub_16,Sub_17,Sub_18,Sub_19,Sub_20,Sub_21,Sub_22,Sub_23,Sub_24,Sub_25,Sub_26,Sub_27,Sub_28,Sub_29,Sub_30,Sub_31,Sub_32,Sub_33,Sub_34,Sub_35,Sub_36,Sub_37,Sub_38,Sub_39,Sub_40,Sub_41,Sub_42,Sub_43,Sub_44,Sub_45,Sub_46,Sub_47,Sub_48,Sub_49,Sub_50,Sub_51,Sub_52,Sub_53,Sub_54,Sub_55,Sub_56,Sub_57,Sub_58,Sub_59,Sub_60,Sub_61,Sub_62,Sub_63
1787403177.0921452,-71,0.0,24.186773244895647,23.08679276123039,23.08679276123039,22.02271554554524,20.024984394500787,18.027756377319946,17.11724276862369,15.132745950421556,12.165525060596439,11.045361017187261,11.0,10.0,10.04987562112089,10.198039027185569,10.198039027185569,9.219544457292887,8.246211251235321,8.246211251235321,8.246211251235321,9.486832980505138,8.54400374531753,8.54400374531753,8.06225774829855,8.0,7.0,7.0710678118654755,0.0,0.0,0.0,0.0,0.0,0.0,0.0,0.0,0.0,0.0,0.0,7.810249675906654,6.4031242374328485,5.830951894845301,5.0990195135927845,5.0,6.082762530298219,8.06225774829855,8.06225774829855,9.0,10.0,11.0,11.0,12.0,12.0,11.0,12.041594578792296,12.165525060596439,13.341664064126334,14.560219778561036,15.524174696260024,15.811388300841896,17.08800749063506,18.027756377319946,18.973665961010276,19.924858845171276,20.8806130178211
1787403177.296311,-71,0.0,22.80350850198276,22.20360331117452,21.095023109728988,19.72308292331602,19.235384061671343,18.384776310850235,16.15549442140351,13.92838827718412,11.704699910719626,9.848857801796104,10.295630140987,9.433981132056603,8.602325267042627,8.602325267042627,7.810249675906654,8.48528137423857,8.48528137423857,7.810249675906654,7.810249675906654,7.211102550927978,7.810249675906654,8.48528137423857,8.48528137423857,7.810249675906654,6.4031242374328485,5.656854249492381,0.0,0.0,0.0,0.0,0.0,0.0,0.0,0.0,0.0,0.0,0.0,8.48528137423857,7.810249675906654,5.830951894845301,3.1622776601683795,3.0,5.0990195135927845,5.385164807134504,4.47213595499958,5.385164807134504,7.615773105863909,8.06225774829855,8.602325267042627,8.602325267042627,8.94427190999916,8.94427190999916,9.219544457292887,9.219544457292887,10.63014581273465,12.041594578792296,12.806248474865697,14.212670403551895,15.620499351813308,17.804493814764857,19.209372712298546,21.2602916254693,22.02271554554524
1787403178.1277297,-70,0.0,23.345235059857504,23.345235059857504,22.20360331117452,21.095023109728988,19.026297590440446,18.0,17.0,14.035668847618199,13.0,12.041594578792296,11.180339887498949,10.44030650891055,9.848857801796104,9.848857801796104,9.848857801796104,8.94427190999916,9.433981132056603,8.602325267042627,8.602325267042627,8.602325267042627,7.810249675906654,8.602325267042627,8.06225774829855,8.06225774829855,7.211102550927978,5.830951894845301,0.0,0.0,0.0,0.0,0.0,0.0,0.0,0.0,0.0,0.0,0.0,5.385164807134504,4.47213595499958,2.8284271247461903,3.1622776601683795,4.0,5.0,6.082762530298219,7.0710678118654755,8.06225774829855,9.055385138137417,10.04987562112089,10.04987562112089,10.04987562112089,11.180339887498949,11.180339887498949,11.180339887498949,12.36931687685298,13.601470508735444,14.866068747318506,15.811388300841896,16.15549442140351,17.08800749063506,18.973665961010276,20.248456731316587,22.135943621178654,21.840329667841555
1787403178.526303,-70,0.0,23.08679276123039,23.40939982143925,22.47220505424423,20.615528128088304,19.697715603592208,18.788294228055936,17.0,14.7648230602334,13.416407864998739,12.529964086141668,10.770329614269007,10.44030650891055,10.198039027185569,9.219544457292887,9.219544457292887,9.055385138137417,8.06225774829855,7.0710678118654755,7.0710678118654755,6.082762530298219,6.082762530298219,9.848857801796104,11.704699910719626,9.219544457292887,7.280109889280518,5.0990195135927845,0.0,0.0,0.0,0.0,0.0,0.0,0.0,0.0,0.0,0.0,0.0,7.0710678118654755,5.0,5.0990195135927845,4.47213595499958,5.0,5.0,5.656854249492381,6.4031242374328485,7.810249675906654,7.810249675906654,8.602325267042627,9.433981132056603,8.94427190999916,8.94427190999916,8.54400374531753,10.44030650891055,11.180339887498949,12.165525060596439,13.038404810405298,14.035668847618199,16.1245154965971,17.11724276862369,18.110770276274835,20.223748416156685,21.37755832643195,22.561028345356956
1787403178.6215875,-71,0.0,24.351591323771842,24.041630560342615,22.80350850198276,21.587033144922902,20.615528128088304,19.235384061671343,18.110770276274835,16.1245154965971,15.132745950421556,14.317821063276353,12.36931687685298,11.40175425099138,10.44030650891055,9.486832980505138,9.848857801796104,9.433981132056603,9.433981132056603,8.602325267042627,7.810249675906654,7.810249675906654,8.48528137423857,8.48528137423857,8.602325267042627,7.211102550927978,6.708203932499369,5.830951894845301,0.0,0.0,0.0,0.0,0.0,0.0,0.0,0.0,0.0,0.0,0.0,7.810249675906654,6.4031242374328485,5.0,5.830951894845301,6.324555320336759,7.0710678118654755,7.0,8.0,9.055385138137417,10.0,10.04987562112089,10.0,10.04987562112089,10.198039027185569,11.40175425099138,11.40175425099138,11.704699910719626,13.0,14.317821063276353,15.652475842498529,17.0,18.35755975068582,20.12461179749811,21.02379604162864,21.93171219946131,22.847319317591726
1787403178.9335778,-71,0.0,22.627416997969522,22.02271554554524,22.02271554554524,20.615528128088304,19.4164878389476,17.4928556845359,16.1245154965971,14.7648230602334,12.529964086141668,10.816653826391969,9.899494936611665,10.0,9.433981132056603,9.433981132056603,11.180339887498949,12.529964086141668,10.770329614269007,10.770329614269007,9.848857801796104,10.770329614269007,9.486832980505138,8.94427190999916,8.06225774829855,7.211102550927978,6.708203932499369,6.324555320336759,0.0,0.0,0.0,0.0,0.0,0.0,0.0,0.0,0.0,0.0,0.0,5.385164807134504,5.385164807134504,6.082762530298219,5.0990195135927845,5.0990195135927845,5.385164807134504,7.211102550927978,7.810249675906654,8.06225774829855,8.94427190999916,9.486832980505138,9.848857801796104,9.433981132056603,9.219544457292887,10.63014581273465,10.63014581273465,11.313708498984761,12.041594578792296,14.212670403551895,14.866068747318506,15.620499351813308,17.204650534085253,18.601075237738275,21.2602916254693,21.93171219946131,21.93171219946131
1787403179.1959922,-35,0.0,13.892443989449804,13.038404810405298,13.038404810405298,13.416407864998739,12.529964086141668,13.416407864998739,12.529964086141668,12.529964086141668,13.416407864998739,12.649110640673518,13.601470508735444,13.601470508735444,13.601470508735444,13.601470508735444,14.317821063276353,14.560219778561036,14.317821063276353,15.524174696260024,14.560219778561036,14.560219778561036,14.866068747318506,14.866068747318506,14.317821063276353,13.416407864998739,13.416407864998739,13.038404810405298,0.0,0.0,0.0,0.0,0.0,0.0,0.0,0.0,0.0,0.0,0.0,12.041594578792296,12.727922061357855,12.806248474865697,13.601470508735444,13.601470508735444,14.422205101855956,13.038404810405298,13.892443989449804,13.892443989449804,13.892443989449804,13.892443989449804,13.892443989449804,13.416407864998739,13.038404810405298,13.038404810405298,13.601470508735444,12.806248474865697,12.806248474865697,12.806248474865697,12.041594578792296,12.727922061357855,12.041594578792296,13.45362404707371,12.806248474865697,13.45362404707371,13.45362404707371
1787403179.3435843,-71,0.0,22.47220505424423,22.47220505424423,21.095023109728988,20.12461179749811,18.788294228055936,18.384776310850235,17.08800749063506,14.866068747318506,11.704699910719626,9.848857801796104,9.433981132056603,9.219544457292887,9.219544457292887,9.219544457292887,8.602325267042627,8.602325267042627,8.06225774829855,8.06225774829855,7.615773105863909,8.54400374531753,8.54400374531753,8.94427190999916,8.94427190999916,8.06225774829855,7.211102550927978,6.708203932499369,0.0,0.0,0.0,0.0,0.0,0.0,0.0,0.0,0.0,0.0,0.0,6.4031242374328485,5.0,3.605551275463989,3.1622776601683795,4.0,5.0990195135927845,5.385164807134504,6.708203932499369,7.615773105863909,8.54400374531753,8.94427190999916,8.94427190999916,8.94427190999916,9.433981132056603,9.433981132056603,10.816653826391969,10.816653826391969,12.206555615733702,13.45362404707371,14.866068747318506,16.278820596099706,16.97056274847714,18.439088914585774,20.518284528683193,21.2602916254693,22.02271554554524
1787403179.379599,-91,0.0,19.313207915827967,18.027756377319946,17.46424919657298,15.297058540778355,14.0,11.045361017187261,10.44030650891055,8.94427190999916,7.810249675906654,5.656854249492381,5.830951894845301,5.0990195135927845,4.47213595499958,4.242640687119285,5.0,6.324555320336759,7.280109889280518,8.246211251235321,8.54400374531753,9.848857801796104,10.295630140987,9.899494936611665,10.63014581273465,11.40175425099138,13.038404810405298,13.416407864998739,0.0,0.0,0.0,0.0,0.0,0.0,0.0,0.0,0.0,0.0,0.0,18.027756377319946,19.235384061671343,18.384776310850235,18.027756377319946,17.72004514666935,17.26267650163207,16.1245154965971,15.033296378372908,14.035668847618199,13.0,10.0,9.055385138137417,8.246211251235321,7.280109889280518,7.211102550927978,7.810249675906654,7.211102550927978,8.54400374531753,9.486832980505138,10.44030650891055,11.40175425099138,12.649110640673518,14.317821063276353,13.892443989449804,13.601470508735444,15.620499351813308
1787403179.4028056,-87,0.0,10.0,10.0,9.219544457292887,8.48528137423857,8.06225774829855,7.615773105863909,6.324555320336759,5.0990195135927845,5.0990195135927845,5.0990195135927845,4.123105625617661,5.0990195135927845,6.0,6.0,7.0710678118654755,7.0710678118654755,8.0,8.0,8.0,8.06225774829855,7.280109889280518,6.324555320336759,5.385164807134504,5.830951894845301,5.0,4.47213595499958,0.0,0.0,0.0,0.0,0.0,0.0,0.0,0.0,0.0,0.0,0.0,16.0312195418814,16.0312195418814,16.1245154965971,15.297058540778355,14.866068747318506,14.317821063276353,13.0,11.661903789690601,10.816653826391969,10.0,8.06225774829855,8.06225774829855,6.324555320336759,6.082762530298219,6.0,6.082762530298219,6.708203932499369,7.810249675906654,8.602325267042627,8.602325267042627,9.219544457292887,10.0,10.816653826391969,10.816653826391969,10.295630140987,10.770329614269007
1787403179.94967,-71,0.0,24.08318915758459,23.08679276123039,23.021728866442675,22.0,22.02271554554524,20.024984394500787,18.110770276274835,16.1245154965971,14.142135623730951,13.152946437965905,12.041594578792296,11.0,10.04987562112089,10.04987562112089,10.04987562112089,9.219544457292887,8.54400374531753,8.94427190999916,8.94427190999916,8.94427190999916,8.94427190999916,8.94427190999916,8.94427190999916,7.615773105863909,6.708203932499369,7.211102550927978,0.0,0.0,0.0,0.0,0.0,0.0,0.0,0.0,0.0,0.0,0.0,5.0,5.0,5.0,5.385164807134504,6.082762530298219,6.082762530298219,7.0710678118654755,8.0,9.055385138137417,10.198039027185569,10.198039027185569,10.198039027185569,10.04987562112089,11.045361017187261,12.041594578792296,12.041594578792296,12.0,13.152946437965905,14.317821063276353,15.297058540778355,16.278820596099706,17.46424919657298,18.681541692269406,19.6468827043885,21.587033144922902,22.360679774997898
1787403180.921574,-88,0.0,10.44030650891055,10.770329614269007,9.486832980505138,9.486832980505138,8.246211251235321,7.0710678118654755,7.0710678118654755,6.082762530298219,5.0,4.0,3.0,3.0,2.23606797749979,2.8284271247461903,4.123105625617661,4.123105625617661,5.0990195135927845,5.0990195135927845,6.0,7.0,7.0,7.0710678118654755,8.06225774829855,7.0710678118654755,7.280109889280518,7.280109889280518,0.0,0.0,0.0,0.0,0.0,0.0,0.0,0.0,0.0,0.0,0.0,8.54400374531753,10.44030650891055,11.40175425099138,12.36931687685298,13.0,14.317821063276353,13.0,11.661903789690601,11.40175425099138,10.63014581273465,9.219544457292887,8.06225774829855,6.708203932499369,5.385164807134504,4.123105625617661,3.0,3.0,2.0,2.23606797749979,3.1622776601683795,3.605551275463989,4.47213595499958,4.47213595499958,5.385164807134504,6.324555320336759,7.280109889280518
1787403181.668657,-35,0.0,13.152946437965905,13.152946437965905,14.142135623730951,13.152946437965905,13.341664064126334,13.341664064126334,13.341664064126334,13.601470508735444,13.601470508735444,12.649110640673518,13.92838827718412,13.92838827718412,13.92838827718412,15.231546211727817,13.92838827718412,15.231546211727817,15.231546211727817,15.231546211727817,15.231546211727817,15.231546211727817,14.866068747318506,14.560219778561036,14.560219778561036,14.317821063276353,14.142135623730951,13.152946437965905,0.0,0.0,0.0,0.0,0.0,0.0,0.0,0.0,0.0,0.0,0.0,12.0,12.041594578792296,12.165525060596439,13.152946437965905,13.341664064126334,13.341664064126334,13.341664064126334,14.560219778561036,13.601470508735444,13.601470508735444,13.92838827718412,13.601470508735444,12.649110640673518,12.36931687685298,13.341664064126334,12.36931687685298,13.341664064126334,12.36931687685298,13.152946437965905,12.041594578792296,13.038404810405298,13.038404810405298,12.041594578792296,13.0,13.0,13.0
1787403181.6738262,-35,0.0,14.560219778561036,12.649110640673518,13.601470508735444,13.601470508735444,13.341664064126334,13.341664064126334,13.341664064126334,13.152946437965905,14.142135623730951,14.142135623730951,14.035668847618199,14.035668847618199,14.035668847618199,14.0,15.0,15.0,15.0,16.0,16.0,16.0312195418814,16.0312195418814,15.033296378372908,15.132745950421556,14.317821063276353,14.317821063276353,13.601470508735444,0.0,0.0,0.0,0.0,0.0,0.0,0.0,0.0,0.0,0.0,0.0,11.661903789690601,11.661903789690601,12.206555615733702,12.806248474865697,12.806248474865697,13.45362404707371,13.45362404707371,14.142135623730951,14.142135623730951,13.45362404707371,14.142135623730951,13.45362404707371,12.727922061357855,12.727922061357855,12.041594578792296,12.806248474865697,12.806248474865697,12.206555615733702,12.206555615733702,13.038404810405298,12.529964086141668,12.529964086141668,13.416407864998739,12.083045973594572,13.416407864998739,13.416407864998739
1787403181.689698,-70,0.0,27.51363298439521,26.248809496813376,23.08679276123039,19.6468827043885,15.132745950421556,11.045361017187261,8.06225774829855,6.708203932499369,8.0,10.198039027185569,12.36931687685298,13.341664064126334,14.142135623730951,15.033296378372908,15.0,15.033296378372908,13.341664064126334,12.649110640673518,11.180339887498949,9.433981132056603,6.4031242374328485,4.242640687119285,2.23606797749979,1.0,3.1622776601683795,3.605551275463989,0.0,0.0,0.0,0.0,0.0,0.0,0.0,0.0,0.0,0.0,0.0,3.1622776601683795,2.23606797749979,3.0,3.1622776601683795,4.123105625617661,6.0,8.246211251235321,10.770329614269007,13.416407864998739,16.55294535724685,17.0,17.4928556845359,17.204650534085253,15.620499351813308,14.866068747318506,15.0,13.038404810405298,10.0,8.48528137423857,5.385164807134504,5.0990195135927845,7.0710678118654755,11.661903789690601,16.55294535724685,20.615528128088304,23.769728648009426
1787403181.7165835,-71,0.0,34.52535300326414,32.38826948140329,28.284271247461902,25.179356624028344,20.0,15.297058540778355,10.0,8.54400374531753,10.0,11.045361017187261,12.041594578792296,13.038404810405298,16.0,18.110770276274835,16.278820596099706,15.524174696260024,15.652475842498529,15.264337522473747,13.038404810405298,12.041594578792296,8.48528137423857,7.0710678118654755,4.242640687119285,1.0,2.23606797749979,2.8284271247461903,0.0,0.0,0.0,0.0,0.0,0.0,0.0,0.0,0.0,0.0,0.0,3.605551275463989,1.0,2.0,2.23606797749979,4.47213595499958,7.280109889280518,9.0,11.045361017187261,15.297058540778355,18.439088914585774,20.8806130178211,21.18962010041709,20.615528128088304,20.12461179749811,20.248456731316587,19.4164878389476,17.029386365926403,14.142135623730951,10.63014581273465,7.615773105863909,5.385164807134504,8.94427190999916,12.649110640673518,18.681541692269406,24.515301344262525,28.442925306655784
1787403181.9908624,-69,0.0,31.400636936215164,30.805843601498726,27.459060435491963,23.194827009486403,18.24828759089466,12.36931687685298,7.211102550927978,6.0,8.54400374531753,9.848857801796104,11.661903789690601,11.661903789690601,12.206555615733702,13.416407864998739,14.866068747318506,16.76305461424021,16.492422502470642,16.278820596099706,14.035668847618199,13.0,11.0,7.0,4.123105625617661,1.4142135623730951,1.0,3.0,0.0,0.0,0.0,0.0,0.0,0.0,0.0,0.0,0.0,0.0,0.0,4.123105625617661,1.0,2.8284271247461903,4.242640687119285,4.47213595499958,5.0990195135927845,7.0710678118654755,9.219544457292887,12.36931687685298,15.524174696260024,16.492422502470642,16.76305461424021,15.231546211727817,13.892443989449804,13.038404810405298,12.206555615733702,9.899494936611665,7.211102550927978,4.242640687119285,3.0,5.0,8.246211251235321,13.038404810405298,18.0,22.02271554554524,26.076809620810597
1787403182.157655,-69,0.0,28.861739379323623,27.892651361962706,25.709920264364882,21.37755832643195,17.11724276862369,13.038404810405298,8.54400374531753,7.211102550927978,7.0710678118654755,9.0,11.0,12.0,14.035668847618199,15.132745950421556,15.297058540778355,15.524174696260024,14.866068747318506,13.416407864998739,10.816653826391969,9.219544457292887,6.4031242374328485,5.0,2.23606797749979,1.4142135623730951,2.23606797749979,2.8284271247461903,0.0,0.0,0.0,0.0,0.0,0.0,0.0,0.0,0.0,0.0,0.0,1.4142135623730951,1.0,2.23606797749979,3.1622776601683795,5.0990195135927845,7.0,9.055385138137417,10.44030650891055,13.601470508735444,16.15549442140351,17.46424919657298,17.88854381999832,17.4928556845359,17.029386365926403,16.278820596099706,14.142135623730951,12.806248474865697,10.0,7.0710678118654755,4.47213595499958,5.830951894845301,8.602325267042627,13.0,18.973665961010276,23.08679276123039,25.96150997149434
1787403182.2153153,-90,0.0,19.026297590440446,18.110770276274835,17.11724276862369,16.278820596099706,15.297058540778355,14.317821063276353,13.601470508735444,14.317821063276353,12.36931687685298,12.36931687685298,12.36931687685298,11.180339887498949,9.055385138137417,9.055385138137417,8.06225774829855,7.280109889280518,6.708203932499369,7.810249675906654,8.48528137423857,8.602325267042627,8.602325267042627,8.06225774829855,7.615773105863909,6.082762530298219,6.082762530298219,6.324555320336759,0.0,0.0,0.0,0.0,0.0,0.0,0.0,0.0,0.0,0.0,0.0,8.94427190999916,9.486832980505138,8.54400374531753,8.246211251235321,8.246211251235321,8.06225774829855,8.0,8.0,7.0710678118654755,7.0710678118654755,7.0710678118654755,6.082762530298219,5.385164807134504,4.47213595499958,3.605551275463989,2.23606797749979,1.4142135623730951,1.0,2.23606797749979,4.0,5.0,7.0710678118654755,10.198039027185569,11.40175425099138,13.341664064126334,15.524174696260024
1787403182.2527986,-91,0.0,18.384776310850235,16.97056274847714,16.278820596099706,15.620499351813308,15.620499351813308,15.0,15.264337522473747,15.264337522473747,13.892443989449804,13.038404810405298,11.661903789690601,11.661903789690601,9.433981132056603,8.06225774829855,5.830951894845301,3.605551275463989,2.23606797749979,0.0,1.4142135623730951,2.8284271247461903,4.242640687119285,4.47213595499958,4.47213595499958,4.47213595499958,5.385164807134504,5.0990195135927845,0.0,0.0,0.0,0.0,0.0,0.0,0.0,0.0,0.0,0.0,0.0,5.0,4.47213595499958,5.0990195135927845,5.0,5.385164807134504,6.708203932499369,7.615773105863909,8.06225774829855,8.602325267042627,7.810249675906654,8.602325267042627,7.810249675906654,8.06225774829855,8.06225774829855,8.602325267042627,8.602325267042627,9.433981132056603,9.433981132056603,9.848857801796104,10.770329614269007,10.198039027185569,10.198039027185569,11.045361017187261,11.0,12.165525060596439,11.180339887498949
1787403182.3164148,-70,0.0,21.93171219946131,20.518284528683193,19.849433241279208,19.849433241279208,17.804493814764857,17.804493814764857,15.620499351813308,13.038404810405298,11.661903789690601,10.63014581273465,9.899494936611665,9.899494936611665,10.63014581273465,10.0,10.295630140987,10.295630140987,10.295630140987,9.433981132056603,8.602325267042627,8.602325267042627,8.94427190999916,8.94427190999916,8.602325267042627,7.810249675906654,8.602325267042627,9.433981132056603,0.0,0.0,0.0,0.0,0.0,0.0,0.0,0.0,0.0,0.0,0.0,5.385164807134504,4.123105625617661,4.123105625617661,4.123105625617661,5.385164807134504,5.830951894845301,6.4031242374328485,7.0710678118654755,7.0710678118654755,8.602325267042627,10.0,8.602325267042627,8.48528137423857,9.899494936611665,9.899494936611665,10.63014581273465,11.40175425099138,12.806248474865697,13.45362404707371,13.45362404707371,14.212670403551895,15.0,16.401219466856727,17.804493814764857,19.209372712298546,20.615528128088304
1787403182.5315325,-69,0.0,25.079872407968907,23.021728866442675,20.024984394500787,17.0,14.142135623730951,11.704699910719626,8.94427190999916,7.810249675906654,9.219544457292887,10.0,9.0,11.0,12.041594578792296,12.041594578792296,13.341664064126334,13.601470508735444,12.529964086141668,11.40175425099138,10.0,8.602325267042627,7.0710678118654755,4.47213595499958,2.0,2.23606797749979,4.242640687119285,5.830951894845301,0.0,0.0,0.0,0.0,0.0,0.0,0.0,0.0,0.0,0.0,0.0,4.242640687119285,3.605551275463989,3.605551275463989,3.0,3.1622776601683795,3.605551275463989,6.4031242374328485,7.615773105863909,10.44030650891055,12.36931687685298,13.341664064126334,13.152946437965905,13.0,12.165525060596439,11.704699910719626,11.180339887498949,9.433981132056603,8.602325267042627,8.06225774829855,5.0990195135927845,5.385164807134504,7.0710678118654755,10.295630140987,13.341664064126334,18.24828759089466,20.615528128088304
1787403182.7257612,-70,0.0,26.248809496813376,25.0,25.0,23.40939982143925,21.02379604162864,20.12461179749811,19.235384061671343,17.4928556845359,14.7648230602334,12.529964086141668,11.704699910719626,11.40175425099138,10.198039027185569,10.04987562112089,10.04987562112089,9.055385138137417,8.0,8.06225774829855,8.246211251235321,8.246211251235321,9.219544457292887,9.219544457292887,9.486832980505138,8.246211251235321,8.246211251235321,7.280109889280518,0.0,0.0,0.0,0.0,0.0,0.0,0.0,0.0,0.0,0.0,0.0,7.280109889280518,6.082762530298219,5.0,4.123105625617661,2.8284271247461903,3.605551275463989,5.830951894845301,5.830951894845301,7.211102550927978,7.211102550927978,7.810249675906654,7.211102550927978,7.615773105863909,9.219544457292887,10.198039027185569,11.180339887498949,12.165525060596439,12.041594578792296,14.0,15.0,17.0,19.026297590440446,21.095023109728988,22.20360331117452,23.194827009486403,24.331050121192877
1787403182.7297697,-70,0.0,34.52535300326414,33.37663853655727,31.144823004794873,26.019223662515376,21.095023109728988,16.76305461424021,13.601470508735444,12.206555615733702,11.704699910719626,13.341664064126334,14.560219778561036,15.231546211727817,17.0,17.204650534085253,17.69180601295413,18.439088914585774,18.027756377319946,16.55294535724685,15.524174696260024,13.152946437965905,11.045361017187261,7.0710678118654755,4.123105625617661,1.0,3.605551275463989,5.385164807134504,0.0,0.0,0.0,0.0,0.0,0.0,0.0,0.0,0.0,0.0,0.0,4.47213595499958,4.242640687119285,4.123105625617661,5.0,5.0990195135927845,6.708203932499369,8.602325267042627,10.63014581273465,13.601470508735444,15.264337522473747,17.0,17.46424919657298,17.46424919657298,17.029386365926403,17.11724276862369,16.278820596099706,14.317821063276353,12.36931687685298,10.198039027185569,8.06225774829855,8.602325267042627,11.180339887498949,16.76305461424021,23.53720459187964,28.442925306655784,31.400636936215164
1787403182.7337756,-70,0.0,30.463092423455635,28.792360097775937,26.248809496813376,21.840329667841555,17.26267650163207,13.038404810405298,10.770329614269007,9.899494936611665,9.848857801796104,11.704699910719626,11.704699910719626,13.416407864998739,13.892443989449804,14.866068747318506,15.620499351813308,14.7648230602334,14.866068747318506,14.317821063276353,13.038404810405298,11.045361017187261,9.055385138137417,6.082762530298219,3.0,1.0,3.1622776601683795,5.0990195135927845,0.0,0.0,0.0,0.0,0.0,0.0,0.0,0.0,0.0,0.0,0.0,4.123105625617661,3.1622776601683795,2.8284271247461903,3.605551275463989,3.605551275463989,5.656854249492381,7.211102550927978,9.848857801796104,11.704699910719626,13.92838827718412,15.524174696260024,16.1245154965971,16.0,15.132745950421556,15.524174696260024,15.231546211727817,14.317821063276353,12.529964086141668,10.770329614269007,8.06225774829855,8.54400374531753,9.899494936611665,14.422205101855956,19.697715603592208,23.769728648009426,26.0
1787403183.033947,-71,0.0,22.561028345356956,21.840329667841555,21.840329667841555,20.8806130178211,19.924858845171276,18.384776310850235,16.55294535724685,14.317821063276353,13.0,11.704699910719626,11.180339887498949,11.045361017187261,10.04987562112089,10.0,10.04987562112089,10.04987562112089,9.219544457292887,9.486832980505138,10.770329614269007,10.770329614269007,10.770329614269007,11.704699910719626,11.40175425099138,10.198039027185569,9.219544457292887,9.219544457292887,0.0,0.0,0.0,0.0,0.0,0.0,0.0,0.0,0.0,0.0,0.0,8.246211251235321,7.280109889280518,5.385164807134504,5.830951894845301,5.0,5.0,5.0,5.830951894845301,6.708203932499369,7.615773105863909,7.615773105863909,7.615773105863909,7.280109889280518,8.06225774829855,9.0,10.0,11.0,12.041594578792296,14.0,15.0,16.0,17.0,18.0,20.024984394500787,21.095023109728988,21.095023109728988
1787403183.1324584,-72,0.0,23.430749027719962,23.600847442411894,22.47220505424423,20.591260281974,18.788294228055936,17.88854381999832,16.55294535724685,13.416407864998739,12.529964086141668,10.816653826391969,9.899494936611665,10.0,10.0,10.0,9.433981132056603,8.94427190999916,8.54400374531753,8.246211251235321,9.055385138137417,9.055385138137417,10.04987562112089,10.198039027185569,9.219544457292887,9.219544457292887,8.246211251235321,8.54400374531753,0.0,0.0,0.0,0.0,0.0,0.0,0.0,0.0,0.0,0.0,0.0,7.0710678118654755,6.4031242374328485,4.47213595499958,4.123105625617661,5.0990195135927845,5.0,5.0990195135927845,6.324555320336759,6.324555320336759,7.615773105863909,8.54400374531753,7.615773105863909,8.06225774829855,8.602325267042627,9.219544457292887,10.63014581273465,11.313708498984761,11.313708498984761,12.727922061357855,13.45362404707371,15.0,16.401219466856727,18.439088914585774,19.849433241279208,21.2602916254693,21.93171219946131
1787403183.242613,-72,0.0,26.90724809414742,25.612496949731394,23.600847442411894,20.248456731316587,16.55294535724685,12.36931687685298,9.055385138137417,8.602325267042627,9.219544457292887,10.295630140987,11.661903789690601,12.206555615733702,13.45362404707371,13.45362404707371,14.422205101855956,13.416407864998739,13.601470508735444,14.142135623730951,13.0,13.038404810405298,11.045361017187261,9.055385138137417,5.0990195135927845,2.23606797749979,1.0,3.0,0.0,0.0,0.0,0.0,0.0,0.0,0.0,0.0,0.0,0.0,0.0,4.242640687119285,3.1622776601683795,4.123105625617661,5.0990195135927845,6.0,7.0,9.219544457292887,11.704699910719626,13.0,15.652475842498529,16.1245154965971,15.811388300841896,16.278820596099706,15.620499351813308,15.264337522473747,14.7648230602334,13.416407864998739,10.816653826391969,7.810249675906654,5.830951894845301,7.0,9.848857801796104,14.212670403551895,19.79898987322333,22.67156809750927,24.758836806279895
1787403183.3065758,-70,0.0,26.248809496813376,26.248809496813376,23.600847442411894,20.248456731316587,15.652475842498529,12.165525060596439,9.219544457292887,8.602325267042627,8.602325267042627,9.848857801796104,11.180339887498949,12.529964086141668,14.422205101855956,15.620499351813308,15.556349186104045,15.0,13.892443989449804,13.0,12.36931687685298,12.165525060596439,10.04987562112089,7.0710678118654755,5.0,1.0,3.0,4.123105625617661,0.0,0.0,0.0,0.0,0.0,0.0,0.0,0.0,0.0,0.0,0.0,5.0,3.0,3.1622776601683795,3.605551275463989,5.0,6.708203932499369,8.94427190999916,11.661903789690601,13.601470508735444,15.620499351813308,17.204650534085253,17.804493814764857,16.97056274847714,15.0,13.892443989449804,13.0,12.36931687685298,10.44030650891055,7.615773105863909,6.4031242374328485,5.0990195135927845,7.615773105863909,12.041594578792296,16.97056274847714,20.518284528683193,23.345235059857504
1787403183.3801243,-85,0.0,14.212670403551895,13.45362404707371,13.45362404707371,12.727922061357855,12.727922061357855,12.727922061357855,12.041594578792296,10.63014581273465,10.63014581273465,10.0,9.433981132056603,9.848857801796104,9.486832980505138,9.486832980505138,9.219544457292887,10.0,10.0,11.0,11.045361017187261,12.0,12.0,12.0,13.038404810405298,13.038404810405298,13.152946437965905,13.152946437965905,0.0,0.0,0.0,0.0,0.0,0.0,0.0,0.0,0.0,0.0,0.0,11.045361017187261,11.180339887498949,12.165525060596439,12.36931687685298,12.36931687685298,13.601470508735444,14.560219778561036,14.866068747318506,14.866068747318506,16.15549442140351,16.55294535724685,16.55294535724685,16.55294535724685,16.55294535724685,16.55294535724685,15.652475842498529,14.317821063276353,13.416407864998739,12.083045973594572,11.704699910719626,10.44030650891055,9.055385138137417,8.0,7.280109889280518,7.615773105863909,7.211102550927978
1787403183.402978,-72,0.0,26.627053911388696,26.076809620810597,23.323807579381203,20.591260281974,17.46424919657298,13.341664064126334,11.0,8.54400374531753,8.602325267042627,9.899494936611665,12.041594578792296,14.212670403551895,15.620499351813308,16.278820596099706,16.278820596099706,15.0,15.264337522473747,14.317821063276353,12.649110640673518,12.36931687685298,10.198039027185569,7.0710678118654755,3.1622776601683795,1.0,2.23606797749979,4.123105625617661,0.0,0.0,0.0,0.0,0.0,0.0,0.0,0.0,0.0,0.0,0.0,3.1622776601683795,2.23606797749979,1.0,2.23606797749979,3.1622776601683795,6.082762530298219,8.06225774829855,10.0,12.041594578792296,14.035668847618199,14.142135623730951,14.317821063276353,13.92838827718412,13.038404810405298,13.45362404707371,13.45362404707371,12.806248474865697,11.40175425099138,8.48528137423857,6.708203932499369,6.082762530298219,8.602325267042627,12.041594578792296,15.811388300841896,20.248456731316587,22.47220505424423
1787403183.4202955,-84,0.0,13.892443989449804,13.038404810405298,13.038404810405298,11.661903789690601,11.180339887498949,9.848857801796104,8.54400374531753,8.246211251235321,7.0,6.082762530298219,6.708203932499369,8.602325267042627,9.433981132056603,10.816653826391969,10.816653826391969,11.661903789690601,11.661903789690601,12.083045973594572,13.0,12.649110640673518,12.649110640673518,11.40175425099138,11.40175425099138,10.44030650891055,10.44030650891055,10.44030650891055,0.0,0.0,0.0,0.0,0.0,0.0,0.0,0.0,0.0,0.0,0.0,10.0,10.0,11.045361017187261,11.045361017187261,11.045361017187261,11.045361017187261,11.045361017187261,11.045361017187261,11.0,11.0,10.04987562112089,9.055385138137417,8.06225774829855,8.06225774829855,7.0710678118654755,6.082762530298219,6.708203932499369,7.211102550927978,8.48528137423857,8.602325267042627,10.816653826391969,10.816653826391969,10.816653826391969,12.206555615733702,12.206555615733702,12.206555615733702
1787403183.5076854,-70,0.0,25.632011235952593,25.632011235952593,23.40939982143925,19.924858845171276,17.26267650163207,14.0,11.704699910719626,10.0,10.0,11.180339887498949,13.416407864998739,13.892443989449804,15.264337522473747,15.811388300841896,15.620499351813308,14.866068747318506,14.422205101855956,13.0,11.40175425099138,9.055385138137417,7.0,4.0,1.4142135623730951,2.23606797749979,5.0990195135927845,6.082762530298219,0.0,0.0,0.0,0.0,0.0,0.0,0.0,0.0,0.0,0.0,0.0,4.123105625617661,2.23606797749979,1.4142135623730951,2.23606797749979,2.8284271247461903,4.47213595499958,6.708203932499369,9.848857801796104,12.083045973594572,14.866068747318506,16.76305461424021,16.278820596099706,14.0,13.341664064126334,12.649110640673518,12.083045973594572,11.180339887498949,8.94427190999916,8.54400374531753,7.0710678118654755,6.324555320336759,7.810249675906654,10.816653826391969,16.55294535724685,20.615528128088304,22.47220505424423
1787403183.6747003,-35,0.0,13.416407864998739,12.529964086141668,13.601470508735444,15.264337522473747,12.529964086141668,12.36931687685298,15.231546211727817,13.601470508735444,12.649110640673518,13.92838827718412,12.649110640673518,12.36931687685298,13.152946437965905,14.142135623730951,14.560219778561036,14.142135623730951,15.297058540778355,15.297058540778355,14.317821063276353,15.297058540778355,14.560219778561036,13.601470508735444,13.92838827718412,14.317821063276353,13.416407864998739,13.416407864998739,0.0,0.0,0.0,0.0,0.0,0.0,0.0,0.0,0.0,0.0,0.0,11.40175425099138,12.041594578792296,11.313708498984761,12.806248474865697,11.40175425099138,12.806248474865697,13.601470508735444,13.601470508735444,13.038404810405298,13.038404810405298,13.601470508735444,12.206555615733702,12.206555615733702,11.180339887498949,13.45362404707371,12.806248474865697,13.601470508735444,11.661903789690601,11.313708498984761,12.041594578792296,12.727922061357855,13.45362404707371,13.038404810405298,13.45362404707371,12.041594578792296,12.206555615733702
1787403183.6826859,-35,0.0,14.142135623730951,13.341664064126334,13.341664064126334,13.152946437965905,13.152946437965905,13.152946437965905,14.142135623730951,14.035668847618199,14.035668847618199,14.0,13.038404810405298,14.035668847618199,14.035668847618199,14.035668847618199,15.132745950421556,15.033296378372908,15.033296378372908,15.033296378372908,15.033296378372908,15.033296378372908,15.0,15.0,15.033296378372908,14.035668847618199,14.142135623730951,14.317821063276353,0.0,0.0,0.0,0.0,0.0,0.0,0.0,0.0,0.0,0.0,0.0,12.083045973594572,12.083045973594572,12.529964086141668,13.892443989449804,13.038404810405298,13.601470508735444,13.601470508735444,13.601470508735444,13.601470508735444,15.0,13.601470508735444,13.601470508735444,13.601470508735444,13.601470508735444,13.601470508735444,13.038404810405298,13.038404810405298,13.038404810405298,12.529964086141668,12.529964086141668,13.416407864998739,13.0,13.0,13.92838827718412,13.601470508735444,12.649110640673518
1787403184.2553966,-71,0.0,23.323807579381203,23.021728866442675,22.20360331117452,21.400934559032695,19.849433241279208,19.1049731745428,16.278820596099706,13.45362404707371,12.206555615733702,11.661903789690601,10.295630140987,9.848857801796104,9.848857801796104,9.848857801796104,8.94427190999916,8.94427190999916,7.615773105863909,6.324555320336759,6.324555320336759,6.082762530298219,7.0,7.0710678118654755,7.0710678118654755,6.082762530298219,5.0990195135927845,5.0990195135927845,0.0,0.0,0.0,0.0,0.0,0.0,0.0,0.0,0.0,0.0,0.0,7.211102550927978,5.830951894845301,4.47213595499958,4.123105625617661,4.0,4.47213595499958,5.0,5.0,6.4031242374328485,7.0710678118654755,7.810249675906654,8.48528137423857,8.48528137423857,9.219544457292887,9.219544457292887,9.433981132056603,10.770329614269007,11.704699910719626,12.649110640673518,13.601470508735444,14.560219778561036,16.492422502470642,18.027756377319946,20.248456731316587,21.540659228538015,21.93171219946131
1787403184.4995844,-89,0.0,15.620499351813308,14.142135623730951,13.45362404707371,12.806248474865697,11.40175425099138,9.433981132056603,7.211102550927978,6.708203932499369,5.385164807134504,5.385164807134504,5.385164807134504,4.0,5.0990195135927845,4.47213595499958,6.324555320336759,6.708203932499369,6.708203932499369,7.211102550927978,7.0710678118654755,7.0710678118654755,6.4031242374328485,6.4031242374328485,6.4031242374328485,6.708203932499369,7.280109889280518,7.615773105863909,0.0,0.0,0.0,0.0,0.0,0.0,0.0,0.0,0.0,0.0,0.0,17.4928556845359,18.027756377319946,18.867962264113206,19.72308292331602,20.248456731316587,20.248456731316587,20.591260281974,18.35755975068582,16.1245154965971,15.264337522473747,13.038404810405298,10.816653826391969,8.602325267042627,6.4031242374328485,4.242640687119285,4.47213595499958,5.0990195135927845,7.0710678118654755,8.54400374531753,10.44030650891055,11.704699910719626,12.649110640673518,13.92838827718412,14.866068747318506,15.811388300841896,16.15549442140351
1787403184.5705526,-70,0.0,26.0,25.079872407968907,21.93171219946131,19.235384061671343,15.0,12.727922061357855,9.848857801796104,9.0,10.198039027185569,10.44030650891055,11.40175425099138,13.341664064126334,14.035668847618199,14.0,14.142135623730951,13.601470508735444,13.416407864998739,12.206555615733702,10.63014581273465,9.433981132056603,8.06225774829855,5.830951894845301,2.23606797749979,1.0,2.8284271247461903,4.123105625617661,0.0,0.0,0.0,0.0,0.0,0.0,0.0,0.0,0.0,0.0,0.0,4.47213595499958,4.123105625617661,4.0,4.0,5.0990195135927845,6.082762530298219,8.54400374531753,11.180339887498949,12.529964086141668,14.422205101855956,17.204650534085253,17.029386365926403,15.556349186104045,15.0,13.892443989449804,13.0,11.704699910719626,10.770329614269007,9.486832980505138,7.211102550927978,7.211102550927978,9.0,12.165525060596439,17.46424919657298,22.135943621178654,23.769728648009426
1787403184.705697,-70,0.0,27.784887978899608,25.942243542145693,23.259406699226016,19.313207915827967,14.560219778561036,11.0,8.94427190999916,9.433981132056603,10.198039027185569,12.041594578792296,12.041594578792296,13.038404810405298,14.317821063276353,14.560219778561036,14.317821063276353,13.601470508735444,14.142135623730951,12.206555615733702,11.180339887498949,9.486832980505138,8.06225774829855,6.082762530298219,3.0,1.4142135623730951,2.23606797749979,4.123105625617661,0.0,0.0,0.0,0.0,0.0,0.0,0.0,0.0,0.0,0.0,0.0,5.0,4.123105625617661,4.0,5.0,6.082762530298219,8.54400374531753,10.770329614269007,12.529964086141668,15.264337522473747,18.027756377319946,20.248456731316587,20.0,19.209372712298546,17.69180601295413,16.278820596099706,15.620499351813308,12.806248474865697,10.0,7.810249675906654,5.385164807134504,5.385164807134504,8.48528137423857,12.806248474865697,17.4928556845359,21.95449840010015,24.698178070456937
1787403184.7139566,-70,0.0,28.653097563788805,28.178005607210743,24.166091947189145,19.313207915827967,15.297058540778355,11.045361017187261,10.0,10.816653826391969,12.36931687685298,13.152946437965905,15.132745950421556,15.524174696260024,16.15549442140351,16.55294535724685,15.264337522473747,14.866068747318506,15.0,13.416407864998739,12.649110640673518,11.180339887498949,9.055385138137417,7.0,4.0,1.0,2.23606797749979,4.123105625617661,0.0,0.0,0.0,0.0,0.0,0.0,0.0,0.0,0.0,0.0,0.0,3.605551275463989,3.1622776601683795,3.0,4.0,5.0,7.280109889280518,10.44030650891055,13.92838827718412,16.15549442140351,18.788294228055936,20.12461179749811,19.72308292331602,18.867962264113206,17.804493814764857,16.278820596099706,14.866068747318506,12.806248474865697,10.0,7.810249675906654,4.47213595499958,5.385164807134504,8.48528137423857,12.806248474865697,18.027756377319946,21.95449840010015,24.186773244895647
1787403184.7179615,-70,0.0,31.32091952673165,29.410882339705484,25.632011235952593,21.02379604162864,16.64331697709324,12.806248474865697,10.198039027185569,9.848857801796104,12.041594578792296,13.45362404707371,14.212670403551895,14.866068747318506,15.811388300841896,17.0,16.76305461424021,16.278820596099706,15.0,14.142135623730951,12.649110640673518,12.083045973594572,10.295630140987,7.615773105863909,4.47213595499958,1.0,2.23606797749979,4.242640687119285,0.0,0.0,0.0,0.0,0.0,0.0,0.0,0.0,0.0,0.0,0.0,5.0,4.0,4.123105625617661,5.385164807134504,6.324555320336759,8.54400374531753,10.44030650891055,13.341664064126334,16.492422502470642,19.4164878389476,22.360679774997898,22.360679774997898,21.213203435596427,19.1049731745428,18.0,15.132745950421556,13.341664064126334,10.44030650891055,8.06225774829855,5.385164807134504,5.385164807134504,8.0,13.341664064126334,19.6468827043885,25.0,26.92582403567252
1787403184.7905703,-70,0.0,27.65863337187866,26.476404589747453,23.345235059857504,20.09975124224178,16.0,12.36931687685298,10.816653826391969,9.433981132056603,9.486832980505138,10.198039027185569,11.40175425099138,11.704699910719626,13.416407864998739,14.7648230602334,15.0,14.866068747318506,14.212670403551895,13.892443989449804,12.649110640673518,11.40175425099138,10.198039027185569,8.246211251235321,5.0990195135927845,2.0,1.0,3.1622776601683795,0.0,0.0,0.0,0.0,0.0,0.0,0.0,0.0,0.0,0.0,0.0,4.123105625617661,4.47213595499958,5.0,5.0,5.830951894845301,7.615773105863909,9.486832980505138,11.180339887498949,13.152946437965905,15.033296378372908,16.0,16.0312195418814,15.297058540778355,14.866068747318506,14.317821063276353,12.529964086141668,11.661903789690601,9.433981132056603,7.615773105863909,6.082762530298219,5.830951894845301,8.602325267042627,13.416407864998739,17.46424919657298,21.18962010041709,24.041630560342615
1787403184.8971038,-70,0.0,28.653097563788805,28.653097563788805,25.059928172283335,21.93171219946131,17.46424919657298,14.035668847618199,10.44030650891055,9.219544457292887,9.848857801796104,12.36931687685298,13.92838827718412,14.7648230602334,15.811388300841896,16.401219466856727,16.278820596099706,17.029386365926403,17.204650534085253,16.1245154965971,13.92838827718412,12.165525060596439,10.0,8.0,5.0,2.0,1.4142135623730951,2.8284271247461903,0.0,0.0,0.0,0.0,0.0,0.0,0.0,0.0,0.0,0.0,0.0,2.0,3.1622776601683795,3.1622776601683795,2.23606797749979,4.123105625617661,6.0,8.06225774829855,10.198039027185569,12.165525060596439,14.317821063276353,15.811388300841896,16.76305461424021,17.46424919657298,16.64331697709324,15.620499351813308,14.866068747318506,13.45362404707371,11.40175425099138,9.848857801796104,8.06225774829855,8.06225774829855,11.313708498984761,15.620499351813308,20.0,24.413111231467404,26.076809620810597
1787403184.9004297,-70,0.0,24.73863375370596,23.769728648009426,21.840329667841555,18.973665961010276,14.317821063276353,10.63014581273465,8.54400374531753,8.0,9.219544457292887,11.40175425099138,12.36931687685298,14.317821063276353,16.1245154965971,16.0,15.033296378372908,15.297058540778355,15.811388300841896,14.317821063276353,13.038404810405298,10.816653826391969,8.602325267042627,6.4031242374328485,4.242640687119285,1.4142135623730951,1.4142135623730951,2.8284271247461903,0.0,0.0,0.0,0.0,0.0,0.0,0.0,0.0,0.0,0.0,0.0,3.0,1.4142135623730951,2.0,3.1622776601683795,3.605551275463989,5.0,6.4031242374328485,8.06225774829855,11.180339887498949,13.416407864998739,15.231546211727817,14.866068747318506,15.524174696260024,15.132745950421556,15.033296378372908,14.035668847618199,12.041594578792296,10.0,7.0710678118654755,6.4031242374328485,6.708203932499369,10.04987562112089,15.0,20.09975124224178,23.194827009486403,24.186773244895647
1787403184.932031,-70,0.0,28.460498941515414,26.570660511172846,24.698178070456937,20.615528128088304,16.1245154965971,11.313708498984761,9.486832980505138,10.04987562112089,11.704699910719626,13.416407864998739,14.317821063276353,15.231546211727817,15.524174696260024,17.26267650163207,17.029386365926403,16.0312195418814,15.297058540778355,14.866068747318506,13.0,10.295630140987,7.810249675906654,6.4031242374328485,3.605551275463989,1.0,2.0,4.123105625617661,0.0,0.0,0.0,0.0,0.0,0.0,0.0,0.0,0.0,0.0,0.0,1.0,0.0,0.0,1.0,1.4142135623730951,4.242640687119285,6.4031242374328485,10.0,12.206555615733702,14.422205101855956,16.1245154965971,17.0,16.15549442140351,15.524174696260024,15.297058540778355,15.132745950421556,13.038404810405298,11.045361017187261,8.246211251235321,7.211102550927978,6.708203932499369,9.0,13.152946437965905,18.439088914585774,21.840329667841555,25.0
1787403185.011645,-89,0.0,13.341664064126334,12.165525060596439,11.180339887498949,10.04987562112089,9.055385138137417,8.0,7.0,6.0,6.0,6.0,7.0,6.082762530298219,8.0,9.055385138137417,10.198039027185569,10.44030650891055,10.44030650891055,11.704699910719626,11.40175425099138,9.219544457292887,9.486832980505138,8.54400374531753,7.615773105863909,7.211102550927978,6.708203932499369,7.211102550927978,0.0,0.0,0.0,0.0,0.0,0.0,0.0,0.0,0.0,0.0,0.0,15.033296378372908,14.142135623730951,14.317821063276353,14.866068747318506,15.231546211727817,15.264337522473747,15.264337522473747,13.892443989449804,13.038404810405298,11.661903789690601,11.661903789690601,9.433981132056603,8.94427190999916,7.615773105863909,6.324555320336759,6.324555320336759,6.324555320336759,7.0710678118654755,7.280109889280518,8.246211251235321,10.198039027185569,11.40175425099138,12.36931687685298,14.560219778561036,15.524174696260024,16.76305461424021
1787403186.2056475,-70,0.0,31.25699921617557,30.066592756745816,26.019223662515376,22.02271554554524,17.0,11.180339887498949,7.211102550927978,5.0990195135927845,5.385164807134504,6.708203932499369,8.94427190999916,10.770329614269007,12.36931687685298,15.297058540778355,17.11724276862369,19.026297590440446,20.024984394500787,18.0,16.0,14.035668847618199,12.0,9.0,6.082762530298219,2.8284271247461903,2.23606797749979,3.605551275463989,0.0,0.0,0.0,0.0,0.0,0.0,0.0,0.0,0.0,0.0,0.0,2.23606797749979,1.0,1.4142135623730951,2.23606797749979,4.0,5.0990195135927845,7.615773105863909,10.295630140987,13.038404810405298,16.64331697709324,18.027756377319946,18.601075237738275,17.029386365926403,15.556349186104045,14.212670403551895,12.529964086141668,10.770329614269007,8.246211251235321,6.324555320336759,2.23606797749979,3.1622776601683795,7.280109889280518,13.341664064126334,18.439088914585774,24.331050121192877,27.459060435491963
1787403186.2139115,-71,0.0,29.017236257093817,27.018512172212592,24.0,20.024984394500787,16.1245154965971,10.44030650891055,5.656854249492381,5.0,6.4031242374328485,7.810249675906654,9.899494936611665,11.40175425099138,13.038404810405298,15.652475842498529,17.46424919657298,18.384776310850235,18.027756377319946,17.72004514666935,16.76305461424021,14.866068747318506,12.649110640673518,9.848857801796104,5.830951894845301,2.8284271247461903,2.23606797749979,4.123105625617661,0.0,0.0,0.0,0.0,0.0,0.0,0.0,0.0,0.0,0.0,0.0,3.605551275463989,1.4142135623730951,0.0,2.0,4.123105625617661,6.708203932499369,9.219544457292887,12.041594578792296,14.142135623730951,16.97056274847714,18.384776310850235,19.1049731745428,17.804493814764857,16.64331697709324,16.1245154965971,15.231546211727817,12.649110640673518,10.198039027185569,8.06225774829855,3.1622776601683795,2.23606797749979,6.082762530298219,12.36931687685298,18.439088914585774,23.345235059857504,26.1725046566048
1787403186.3081963,-69,0.0,29.410882339705484,27.459060435491963,24.698178070456937,21.470910553583888,16.15549442140351,11.180339887498949,8.246211251235321,7.810249675906654,8.94427190999916,10.198039027185569,11.180339887498949,12.36931687685298,14.866068747318506,16.15549442140351,17.88854381999832,18.35755975068582,18.027756377319946,16.401219466856727,14.212670403551895,12.041594578792296,9.899494936611665,6.4031242374328485,3.605551275463989,1.0,2.23606797749979,4.47213595499958,0.0,0.0,0.0,0.0,0.0,0.0,0.0,0.0,0.0,0.0,0.0,3.1622776601683795,1.0,1.4142135623730951,2.0,4.123105625617661,6.324555320336759,8.06225774829855,10.816653826391969,12.806248474865697,14.212670403551895,15.556349186104045,16.278820596099706,14.422205101855956,13.416407864998739,12.649110640673518,12.165525060596439,11.0,8.0,6.082762530298219,3.605551275463989,4.123105625617661,8.48528137423857,12.806248474865697,17.804493814764857,22.80350850198276,26.40075756488817
1787403186.555007,-71,0.0,26.30589287593181,25.317977802344327,23.53720459187964,19.924858845171276,15.231546211727817,10.63014581273465,6.708203932499369,6.082762530298219,8.06225774829855,9.219544457292887,11.40175425099138,12.206555615733702,13.892443989449804,15.652475842498529,16.15549442140351,15.524174696260024,15.297058540778355,14.035668847618199,13.0,11.045361017187261,8.06225774829855,5.0,2.0,1.0,4.123105625617661,5.0990195135927845,0.0,0.0,0.0,0.0,0.0,0.0,0.0,0.0,0.0,0.0,0.0,2.0,1.0,1.0,2.8284271247461903,4.47213595499958,6.708203932499369,9.486832980505138,11.180339887498949,13.038404810405298,15.0,16.0312195418814,16.1245154965971,16.278820596099706,15.811388300841896,14.317821063276353,13.892443989449804,13.601470508735444,11.661903789690601,8.94427190999916,6.082762530298219,4.47213595499958,7.280109889280518,12.041594578792296,16.0,21.02379604162864,24.020824298928627
1787403186.9565294,-87,0.0,16.278820596099706,16.278820596099706,15.297058540778355,13.341664064126334,12.649110640673518,12.083045973594572,10.816653826391969,9.899494936611665,8.602325267042627,7.615773105863909,7.0710678118654755,7.0,6.082762530298219,5.0990195135927845,3.1622776601683795,3.605551275463989,4.123105625617661,5.0990195135927845,7.0,8.0,8.06225774829855,9.055385138137417,9.055385138137417,10.04987562112089,10.04987562112089,10.04987562112089,0.0,0.0,0.0,0.0,0.0,0.0,0.0,0.0,0.0,0.0,0.0,9.219544457292887,9.848857801796104,9.219544457292887,10.04987562112089,11.045361017187261,12.165525060596439,13.341664064126334,13.601470508735444,13.0,12.529964086141668,10.816653826391969,9.433981132056603,9.433981132056603,8.06225774829855,6.324555320336759,5.0990195135927845,5.0990195135927845,4.47213595499958,5.656854249492381,6.4031242374328485,7.211102550927978,6.708203932499369,6.4031242374328485,5.656854249492381,5.656854249492381,5.830951894845301
1787403186.9565294,-86,0.0,14.560219778561036,14.560219778561036,14.317821063276353,14.142135623730951,12.041594578792296,11.0,9.219544457292887,8.54400374531753,6.708203932499369,5.656854249492381,5.385164807134504,5.0990195135927845,4.123105625617661,5.385164807134504,5.0,5.385164807134504,6.082762530298219,7.0,9.0,9.055385138137417,10.0,9.055385138137417,9.055385138137417,8.54400374531753,8.54400374531753,8.06225774829855,0.0,0.0,0.0,0.0,0.0,0.0,0.0,0.0,0.0,0.0,0.0,10.04987562112089,10.44030650891055,10.770329614269007,11.661903789690601,12.041594578792296,12.806248474865697,13.601470508735444,13.892443989449804,13.038404810405298,13.892443989449804,13.038404810405298,11.661903789690601,10.0,8.602325267042627,8.06225774829855,8.06225774829855,7.280109889280518,8.06225774829855,8.06225774829855,9.0,10.198039027185569,10.198039027185569,10.44030650891055,10.44030650891055,11.40175425099138,12.36931687685298
1787403187.0627725,-88,0.0,15.652475842498529,14.7648230602334,13.038404810405298,11.40175425099138,9.219544457292887,7.211102550927978,5.0,3.1622776601683795,1.0,0.0,2.23606797749979,3.605551275463989,5.656854249492381,7.810249675906654,8.48528137423857,9.219544457292887,10.0,10.0,10.0,10.0,8.602325267042627,8.602325267042627,8.06225774829855,8.06225774829855,8.54400374531753,8.54400374531753,0.0,0.0,0.0,0.0,0.0,0.0,0.0,0.0,0.0,0.0,0.0,13.892443989449804,13.45362404707371,14.422205101855956,14.866068747318506,16.278820596099706,18.027756377319946,18.0,17.029386365926403,16.1245154965971,14.142135623730951,12.041594578792296,10.04987562112089,8.0,6.082762530298219,5.0990195135927845,3.0,1.0,1.0,3.0,5.0990195135927845,7.615773105863909,10.295630140987,12.529964086141668,14.7648230602334,16.64331697709324,17.204650534085253
1787403187.5367076,-70,0.0,23.40939982143925,23.08679276123039,20.8806130178211,17.72004514666935,14.317821063276353,10.0,7.280109889280518,5.656854249492381,6.082762530298219,7.0,9.055385138137417,10.0,11.045361017187261,13.152946437965905,13.341664064126334,13.601470508735444,15.231546211727817,14.7648230602334,13.038404810405298,12.206555615733702,10.295630140987,8.06225774829855,5.385164807134504,2.23606797749979,1.0,2.23606797749979,0.0,0.0,0.0,0.0,0.0,0.0,0.0,0.0,0.0,0.0,0.0,2.23606797749979,1.4142135623730951,3.605551275463989,3.605551275463989,4.123105625617661,5.385164807134504,6.324555320336759,7.615773105863909,9.219544457292887,10.63014581273465,12.727922061357855,13.45362404707371,14.212670403551895,14.422205101855956,13.416407864998739,13.0,11.704699910719626,10.44030650891055,8.54400374531753,5.830951894845301,3.1622776601683795,3.605551275463989,8.602325267042627,13.416407864998739,17.46424919657298,19.697715603592208
1787403187.7432585,-70,0.0,21.095023109728988,22.02271554554524,21.02379604162864,19.0,18.0,17.029386365926403,15.033296378372908,13.038404810405298,12.0,10.04987562112089,10.04987562112089,10.198039027185569,10.44030650891055,10.770329614269007,10.770329614269007,9.848857801796104,10.295630140987,10.295630140987,10.295630140987,10.816653826391969,10.295630140987,11.180339887498949,10.770329614269007,9.848857801796104,9.848857801796104,9.848857801796104,0.0,0.0,0.0,0.0,0.0,0.0,0.0,0.0,0.0,0.0,0.0,5.656854249492381,5.656854249492381,4.47213595499958,4.47213595499958,5.385164807134504,6.082762530298219,7.0710678118654755,7.0710678118654755,8.06225774829855,8.06225774829855,8.06225774829855,8.06225774829855,9.0,9.055385138137417,10.198039027185569,10.198039027185569,11.40175425099138,12.36931687685298,13.601470508735444,15.811388300841896,16.76305461424021,16.76305461424021,17.46424919657298,18.681541692269406,20.396078054371138,21.37755832643195
1787403187.848432,-70,0.0,34.539832078341085,31.953090617340916,26.92582403567252,22.847319317591726,17.72004514666935,13.0,7.615773105863909,5.656854249492381,7.280109889280518,11.0,12.0,12.0,15.132745950421556,17.26267650163207,19.924858845171276,21.02379604162864,21.095023109728988,20.808652046684813,19.209372712298546,17.029386365926403,14.866068747318506,11.313708498984761,7.0710678118654755,3.605551275463989,1.4142135623730951,2.23606797749979,0.0,0.0,0.0,0.0,0.0,0.0,0.0,0.0,0.0,0.0,0.0,3.605551275463989,1.4142135623730951,0.0,2.23606797749979,4.123105625617661,5.0,7.280109889280518,9.486832980505138,12.529964086141668,13.892443989449804,15.811388300841896,15.620499351813308,14.212670403551895,14.7648230602334,13.92838827718412,14.560219778561036,14.317821063276353,12.165525060596439,9.219544457292887,6.708203932499369,5.385164807134504,7.280109889280518,11.40175425099138,17.029386365926403,24.698178070456937,26.832815729997478
1787403188.0539725,-70,0.0,21.213203435596427,20.223748416156685,20.223748416156685,20.396078054371138,19.4164878389476,18.681541692269406,17.72004514666935,14.866068747318506,13.601470508735444,12.36931687685298,11.180339887498949,10.0,11.045361017187261,11.045361017187261,11.045361017187261,11.180339887498949,11.180339887498949,11.180339887498949,11.180339887498949,11.180339887498949,11.180339887498949,11.045361017187261,10.0,9.0,9.055385138137417,8.06225774829855,0.0,0.0,0.0,0.0,0.0,0.0,0.0,0.0,0.0,0.0,0.0,8.54400374531753,7.615773105863909,6.708203932499369,6.4031242374328485,6.4031242374328485,6.4031242374328485,6.4031242374328485,7.211102550927978,7.211102550927978,7.211102550927978,8.06225774829855,8.94427190999916,8.54400374531753,8.246211251235321,9.219544457292887,10.198039027185569,12.041594578792296,12.041594578792296,13.038404810405298,14.0,15.0,16.0,18.027756377319946,19.026297590440446,20.024984394500787,21.095023109728988
1787403188.0750775,-70,0.0,30.870698080866262,28.653097563788805,25.942243542145693,20.591260281974,14.422205101855956,9.433981132056603,7.0,8.54400374531753,11.180339887498949,12.206555615733702,12.041594578792296,13.45362404707371,17.029386365926403,18.601075237738275,18.867962264113206,18.788294228055936,18.973665961010276,18.439088914585774,16.492422502470642,14.317821063276353,11.045361017187261,7.0710678118654755,3.1622776601683795,0.0,3.0,4.123105625617661,0.0,0.0,0.0,0.0,0.0,0.0,0.0,0.0,0.0,0.0,0.0,4.47213595499958,2.8284271247461903,2.23606797749979,3.605551275463989,5.830951894845301,7.211102550927978,9.219544457292887,10.63014581273465,13.038404810405298,14.7648230602334,15.231546211727817,15.811388300841896,15.297058540778355,15.033296378372908,14.035668847618199,13.341664064126334,12.649110640673518,10.44030650891055,8.246211251235321,6.082762530298219,5.0,8.0,13.341664064126334,18.973665961010276,23.769728648009426,27.313000567495326
1787403188.1561568,-71,0.0,24.413111231467404,23.600847442411894,22.80350850198276,22.67156809750927,21.213203435596427,19.79898987322333,19.1049731745428,16.278820596099706,14.866068747318506,13.45362404707371,12.806248474865697,12.206555615733702,11.661903789690601,11.180339887498949,10.770329614269007,10.770329614269007,10.44030650891055,10.44030650891055,10.44030650891055,11.180339887498949,11.180339887498949,11.40175425099138,10.770329614269007,9.848857801796104,8.54400374531753,7.615773105863909,0.0,0.0,0.0,0.0,0.0,0.0,0.0,0.0,0.0,0.0,0.0,11.180339887498949,10.198039027185569,9.219544457292887,8.06225774829855,8.06225774829855,7.0,7.0710678118654755,6.708203932499369,7.211102550927978,8.06225774829855,8.602325267042627,8.602325267042627,8.48528137423857,9.219544457292887,10.0,10.816653826391969,11.661903789690601,12.529964086141668,13.416407864998739,14.317821063276353,15.231546211727817,17.46424919657298,19.697715603592208,22.360679774997898,22.825424421026653,23.323807579381203
1787403188.1858256,-72,0.0,26.1725046566048,25.079872407968907,23.021728866442675,19.0,15.297058540778355,11.180339887498949,9.219544457292887,8.246211251235321,8.0,9.055385138137417,12.165525060596439,14.035668847618199,16.0312195418814,17.11724276862369,18.24828759089466,18.681541692269406,17.08800749063506,16.15549442140351,14.317821063276353,12.529964086141668,9.433981132056603,5.830951894845301,2.8284271247461903,1.0,3.605551275463989,5.830951894845301,0.0,0.0,0.0,0.0,0.0,0.0,0.0,0.0,0.0,0.0,0.0,3.1622776601683795,2.23606797749979,2.8284271247461903,4.242640687119285,5.656854249492381,7.810249675906654,8.94427190999916,10.44030650891055,11.180339887498949,13.038404810405298,14.0,14.035668847618199,13.341664064126334,13.92838827718412,14.7648230602334,13.892443989449804,12.206555615733702,10.0,7.810249675906654,5.0990195135927845,5.0,7.615773105863909,12.36931687685298,16.278820596099706,20.396078054371138,23.345235059857504
1787403188.411683,-70,0.0,25.495097567963924,24.331050121192877,22.20360331117452,18.24828759089466,14.317821063276353,10.04987562112089,8.246211251235321,6.4031242374328485,5.0,8.06225774829855,10.770329614269007,10.04987562112089,10.198039027185569,12.041594578792296,15.132745950421556,16.492422502470642,17.72004514666935,15.811388300841896,13.92838827718412,13.416407864998739,13.0,8.246211251235321,6.082762530298219,4.242640687119285,4.0,6.708203932499369,0.0,0.0,0.0,0.0,0.0,0.0,0.0,0.0,0.0,0.0,0.0,3.1622776601683795,2.23606797749979,2.0,3.1622776601683795,5.385164807134504,6.324555320336759,8.06225774829855,9.055385138137417,12.0,14.035668847618199,15.132745950421556,15.524174696260024,14.866068747318506,15.231546211727817,14.422205101855956,13.45362404707371,12.041594578792296,10.63014581273465,8.48528137423857,6.4031242374328485,4.0,5.656854249492381,8.94427190999916,14.866068747318506,18.681541692269406,22.561028345356956
1787403188.4660177,-69,0.0,27.202941017470888,25.612496949731394,23.430749027719962,19.849433241279208,16.278820596099706,11.661903789690601,8.246211251235321,5.385164807134504,6.4031242374328485,8.06225774829855,9.848857801796104,11.661903789690601,13.601470508735444,15.620499351813308,17.029386365926403,18.384776310850235,18.384776310850235,18.439088914585774,17.804493814764857,15.0,12.806248474865697,9.219544457292887,5.656854249492381,2.23606797749979,1.0,3.1622776601683795,0.0,0.0,0.0,0.0,0.0,0.0,0.0,0.0,0.0,0.0,0.0,3.605551275463989,1.4142135623730951,1.0,2.23606797749979,4.242640687119285,6.4031242374328485,8.602325267042627,10.816653826391969,12.083045973594572,13.0,14.866068747318506,15.524174696260024,15.132745950421556,15.0,15.033296378372908,14.317821063276353,12.649110640673518,10.770329614269007,8.54400374531753,6.082762530298219,4.123105625617661,5.0990195135927845,9.486832980505138,14.317821063276353,19.235384061671343,21.95449840010015
1787403188.4708157,-71,0.0,25.238858928247925,24.413111231467404,22.20360331117452,18.601075237738275,14.866068747318506,10.816653826391969,7.280109889280518,5.385164807134504,5.830951894845301,7.280109889280518,8.54400374531753,11.180339887498949,13.892443989449804,15.811388300841896,17.204650534085253,18.439088914585774,17.69180601295413,18.384776310850235,16.97056274847714,15.556349186104045,12.727922061357855,10.63014581273465,6.4031242374328485,3.1622776601683795,1.4142135623730951,3.1622776601683795,0.0,0.0,0.0,0.0,0.0,0.0,0.0,0.0,0.0,0.0,0.0,3.0,2.0,1.0,2.8284271247461903,5.656854249492381,7.810249675906654,9.433981132056603,12.083045973594572,13.92838827718412,14.560219778561036,16.278820596099706,16.1245154965971,17.029386365926403,17.029386365926403,16.1245154965971,14.317821063276353,13.601470508735444,12.649110640673518,10.44030650891055,7.0710678118654755,4.47213595499958,5.0990195135927845,9.219544457292887,13.92838827718412,18.788294228055936,21.470910553583888
1787403188.504456,-71,0.0,29.274562336608895,26.30589287593181,24.331050121192877,20.396078054371138,16.76305461424021,12.083045973594572,8.48528137423857,5.0990195135927845,4.47213595499958,6.4031242374328485,10.0,12.206555615733702,13.892443989449804,15.652475842498529,17.46424919657298,18.384776310850235,18.973665961010276,19.6468827043885,17.46424919657298,15.297058540778355,13.341664064126334,10.44030650891055,6.324555320336759,2.23606797749979,2.23606797749979,4.0,0.0,0.0,0.0,0.0,0.0,0.0,0.0,0.0,0.0,0.0,0.0,2.8284271247461903,0.0,2.23606797749979,3.605551275463989,5.830951894845301,8.54400374531753,10.198039027185569,13.038404810405298,15.0,16.0312195418814,18.110770276274835,18.24828759089466,17.72004514666935,17.46424919657298,17.0,16.1245154965971,14.422205101855956,13.601470508735444,10.816653826391969,7.280109889280518,5.385164807134504,7.211102550927978,11.40175425099138,16.0312195418814,21.02379604162864,24.08318915758459
1787403188.7675574,-69,0.0,32.01562118716424,31.016124838541646,29.068883707497267,24.186773244895647,19.4164878389476,15.231546211727817,10.63014581273465,7.280109889280518,8.246211251235321,10.770329614269007,12.529964086141668,14.317821063276353,16.55294535724685,18.384776310850235,19.924858845171276,19.6468827043885,19.4164878389476,17.26267650163207,14.035668847618199,11.0,9.0,6.0,2.0,1.0,4.0,6.082762530298219,0.0,0.0,0.0,0.0,0.0,0.0,0.0,0.0,0.0,0.0,0.0,5.0990195135927845,3.1622776601683795,4.0,6.082762530298219,8.06225774829855,11.180339887498949,13.038404810405298,15.0,17.029386365926403,19.1049731745428,20.396078054371138,20.615528128088304,20.248456731316587,19.697715603592208,18.867962264113206,17.029386365926403,14.866068747318506,12.041594578792296,10.63014581273465,7.211102550927978,4.123105625617661,6.708203932499369,12.36931687685298,18.110770276274835,23.08679276123039,27.16615541441225
1787403188.791067,-71,0.0,26.40075756488817,24.839484696748443,22.627416997969522,19.849433241279208,16.401219466856727,13.416407864998739,9.219544457292887,7.280109889280518,8.48528137423857,10.0,11.661903789690601,13.416407864998739,15.264337522473747,15.811388300841896,16.401219466856727,16.401219466856727,16.278820596099706,15.556349186104045,13.45362404707371,10.63014581273465,8.602325267042627,6.4031242374328485,2.8284271247461903,0.0,2.23606797749979,4.47213595499958,0.0,0.0,0.0,0.0,0.0,0.0,0.0,0.0,0.0,0.0,0.0,4.123105625617661,2.23606797749979,1.4142135623730951,3.605551275463989,5.830951894845301,7.810249675906654,9.899494936611665,12.041594578792296,13.601470508735444,15.264337522473747,15.652475842498529,16.15549442140351,14.560219778561036,14.142135623730951,13.038404810405298,12.041594578792296,11.40175425099138,9.848857801796104,7.615773105863909,4.123105625617661,2.23606797749979,5.385164807134504,9.433981132056603,13.601470508735444,18.601075237738275,22.20360331117452
1787403188.80108,-71,0.0,27.586228448267445,26.90724809414742,24.20743687382041,21.400934559032695,17.204650534085253,13.0,10.04987562112089,7.280109889280518,7.810249675906654,8.602325267042627,10.295630140987,12.083045973594572,14.317821063276353,15.652475842498529,16.1245154965971,15.811388300841896,15.620499351813308,13.45362404707371,11.313708498984761,10.0,8.602325267042627,5.830951894845301,3.1622776601683795,1.0,2.8284271247461903,4.242640687119285,0.0,0.0,0.0,0.0,0.0,0.0,0.0,0.0,0.0,0.0,0.0,2.8284271247461903,1.0,3.1622776601683795,5.0990195135927845,6.324555320336759,8.54400374531753,10.295630140987,12.206555615733702,14.212670403551895,15.556349186104045,16.278820596099706,15.620499351813308,16.1245154965971,15.231546211727817,13.601470508735444,12.165525060596439,10.0,9.055385138137417,7.0,5.0990195135927845,3.1622776601683795,6.708203932499369,10.63014581273465,14.212670403551895,19.1049731745428,21.213203435596427
1787403188.8271568,-71,0.0,24.166091947189145,23.259406699226016,21.470910553583888,18.867962264113206,15.811388300841896,12.041594578792296,9.486832980505138,8.246211251235321,8.602325267042627,9.899494936611665,11.313708498984761,12.727922061357855,14.866068747318506,15.620499351813308,15.620499351813308,16.401219466856727,15.264337522473747,14.7648230602334,13.416407864998739,11.180339887498949,8.94427190999916,5.830951894845301,3.1622776601683795,0.0,3.1622776601683795,5.0990195135927845,0.0,0.0,0.0,0.0,0.0,0.0,0.0,0.0,0.0,0.0,0.0,4.123105625617661,3.1622776601683795,2.0,4.47213595499958,5.830951894845301,8.06225774829855,10.295630140987,11.180339887498949,13.0,14.560219778561036,15.297058540778355,14.035668847618199,14.035668847618199,13.152946437965905,12.649110640673518,11.180339887498949,10.295630140987,8.602325267042627,6.4031242374328485,3.605551275463989,1.4142135623730951,5.0990195135927845,9.486832980505138,13.0,17.08800749063506,20.615528128088304
1787403189.6187277,-87,0.0,9.055385138137417,9.0,9.055385138137417,8.246211251235321,7.615773105863909,7.211102550927978,6.4031242374328485,5.830951894845301,6.324555320336759,6.0,7.0710678118654755,8.06225774829855,8.06225774829855,8.06225774829855,7.0710678118654755,7.280109889280518,7.211102550927978,7.810249675906654,7.810249675906654,8.602325267042627,8.602325267042627,7.810249675906654,7.810249675906654,7.211102550927978,6.708203932499369,7.0710678118654755,0.0,0.0,0.0,0.0,0.0,0.0,0.0,0.0,0.0,0.0,0.0,12.649110640673518,12.36931687685298,13.341664064126334,14.142135623730951,14.035668847618199,15.0,14.0,15.033296378372908,14.0,13.038404810405298,11.045361017187261,10.198039027185569,7.615773105863909,5.830951894845301,5.0,5.0,4.0,5.0990195135927845,6.0,6.0,6.082762530298219,6.0,7.280109889280518,8.246211251235321,9.486832980505138,10.295630140987
1787403189.6244824,-87,0.0,15.297058540778355,14.142135623730951,13.038404810405298,12.165525060596439,10.44030650891055,9.433981132056603,9.219544457292887,9.219544457292887,7.615773105863909,7.0710678118654755,8.06225774829855,8.0,7.0,7.0,7.0710678118654755,8.246211251235321,10.198039027185569,10.198039027185569,11.180339887498949,10.04987562112089,10.0,11.0,11.045361017187261,12.165525060596439,12.36931687685298,12.36931687685298,0.0,0.0,0.0,0.0,0.0,0.0,0.0,0.0,0.0,0.0,0.0,13.601470508735444,13.038404810405298,13.601470508735444,13.601470508735444,13.601470508735444,13.601470508735444,13.601470508735444,14.212670403551895,12.806248474865697,10.816653826391969,9.433981132056603,7.615773105863909,6.324555320336759,6.0,5.0990195135927845,5.830951894845301,6.4031242374328485,7.211102550927978,8.94427190999916,10.770329614269007,10.44030650891055,12.649110640673518,13.601470508735444,15.811388300841896,16.76305461424021,17.08800749063506
1787403190.240596,-86,0.0,9.0,10.04987562112089,10.198039027185569,10.198039027185569,10.44030650891055,10.295630140987,9.219544457292887,8.48528137423857,8.06225774829855,8.54400374531753,7.280109889280518,7.0710678118654755,7.280109889280518,6.708203932499369,5.830951894845301,5.656854249492381,5.830951894845301,6.708203932499369,6.324555320336759,7.0710678118654755,7.0710678118654755,7.0710678118654755,8.06225774829855,9.219544457292887,9.219544457292887,9.219544457292887,0.0,0.0,0.0,0.0,0.0,0.0,0.0,0.0,0.0,0.0,0.0,19.4164878389476,19.4164878389476,18.439088914585774,18.439088914585774,17.72004514666935,16.76305461424021,17.46424919657298,16.55294535724685,15.652475842498529,13.416407864998739,11.661903789690601,10.816653826391969,8.94427190999916,8.06225774829855,5.385164807134504,5.385164807134504,5.0990195135927845,4.0,4.0,5.0990195135927845,6.324555320336759,7.280109889280518,8.246211251235321,10.198039027185569,10.198039027185569,10.04987562112089
1787403190.2466078,-87,0.0,15.264337522473747,14.317821063276353,13.0,11.704699910719626,10.44030650891055,10.44030650891055,8.246211251235321,8.06225774829855,7.0710678118654755,7.0710678118654755,6.082762530298219,6.082762530298219,6.082762530298219,6.0,5.0,6.082762530298219,6.324555320336759,6.708203932499369,7.211102550927978,8.06225774829855,9.433981132056603,9.433981132056603,10.0,10.63014581273465,10.63014581273465,10.63014581273465,0.0,0.0,0.0,0.0,0.0,0.0,0.0,0.0,0.0,0.0,0.0,11.40175425099138,12.041594578792296,12.806248474865697,14.212670403551895,14.212670403551895,15.0,14.422205101855956,12.529964086141668,11.704699910719626,11.180339887498949,11.180339887498949,9.433981132056603,7.211102550927978,6.4031242374328485,5.0,4.242640687119285,5.385164807134504,6.082762530298219,6.0,7.0710678118654755,8.54400374531753,8.54400374531753,8.54400374531753,8.54400374531753,8.54400374531753,7.615773105863909
1787403190.5066118,-70,0.0,24.08318915758459,24.020824298928627,24.0,22.02271554554524,21.02379604162864,20.09975124224178,18.110770276274835,16.1245154965971,15.033296378372908,14.0,13.0,13.038404810405298,12.165525060596439,13.341664064126334,12.36931687685298,12.36931687685298,13.341664064126334,12.36931687685298,12.649110640673518,12.36931687685298,12.165525060596439,12.165525060596439,11.045361017187261,10.04987562112089,9.055385138137417,8.06225774829855,0.0,0.0,0.0,0.0,0.0,0.0,0.0,0.0,0.0,0.0,0.0,7.615773105863909,6.708203932499369,6.4031242374328485,5.656854249492381,5.656854249492381,5.830951894845301,6.324555320336759,6.324555320336759,7.0710678118654755,8.06225774829855,9.219544457292887,8.246211251235321,8.06225774829855,8.06225774829855,9.055385138137417,10.0,11.045361017187261,11.180339887498949,12.165525060596439,13.152946437965905,15.297058540778355,16.278820596099706,18.439088914585774,19.4164878389476,20.615528128088304,21.587033144922902
1787403190.5226448,-69,0.0,32.984845004941285,32.7566787083184,29.614185789921695,26.68332812825267,21.37755832643195,17.11724276862369,12.165525060596439,8.602325267042627,7.211102550927978,7.0710678118654755,11.0,14.0,15.132745950421556,18.681541692269406,19.6468827043885,19.6468827043885,20.8806130178211,19.924858845171276,17.08800749063506,13.416407864998739,11.704699910719626,9.219544457292887,6.082762530298219,5.0,8.0,8.06225774829855,0.0,0.0,0.0,0.0,0.0,0.0,0.0,0.0,0.0,0.0,0.0,4.242640687119285,2.23606797749979,2.0,4.47213595499958,6.708203932499369,8.94427190999916,10.44030650891055,12.041594578792296,14.0,17.029386365926403,19.1049731745428,19.235384061671343,18.439088914585774,18.384776310850235,18.35755975068582,18.027756377319946,15.0,11.40175425099138,7.810249675906654,6.708203932499369,5.0990195135927845,6.4031242374328485,10.770329614269007,16.76305461424021,22.80350850198276,26.248809496813376
1787403190.9267247,-86,0.0,12.165525060596439,12.36931687685298,11.704699910719626,11.704699910719626,10.295630140987,9.433981132056603,7.810249675906654,5.830951894845301,5.0990195135927845,4.123105625617661,4.47213595499958,5.0,5.830951894845301,5.830951894845301,4.47213595499958,4.47213595499958,5.0,5.656854249492381,5.656854249492381,5.0,5.656854249492381,5.830951894845301,7.615773105863909,8.54400374531753,10.44030650891055,10.198039027185569,0.0,0.0,0.0,0.0,0.0,0.0,0.0,0.0,0.0,0.0,0.0,12.529964086141668,12.529964086141668,13.416407864998739,14.317821063276353,14.317821063276353,15.231546211727817,15.231546211727817,14.317821063276353,14.317821063276353,13.416407864998739,12.083045973594572,10.0,7.810249675906654,5.830951894845301,4.0,5.0,5.656854249492381,7.615773105863909,9.219544457292887,11.180339887498949,11.045361017187261,12.165525060596439,11.045361017187261,11.180339887498949,11.180339887498949,11.180339887498949
1787403190.931697,-87,0.0,15.524174696260024,16.492422502470642,15.297058540778355,15.297058540778355,13.038404810405298,12.0,11.40175425099138,10.770329614269007,9.433981132056603,9.219544457292887,7.810249675906654,7.810249675906654,7.810249675906654,7.211102550927978,6.708203932499369,6.082762530298219,7.0,7.0710678118654755,7.280109889280518,8.246211251235321,8.06225774829855,8.06225774829855,8.0,9.055385138137417,10.04987562112089,10.198039027185569,0.0,0.0,0.0,0.0,0.0,0.0,0.0,0.0,0.0,0.0,0.0,14.317821063276353,14.317821063276353,15.264337522473747,15.811388300841896,15.0,15.556349186104045,15.620499351813308,15.0,14.422205101855956,12.529964086141668,12.083045973594572,9.848857801796104,8.94427190999916,7.810249675906654,6.4031242374328485,6.324555320336759,7.0,8.06225774829855,9.055385138137417,11.180339887498949,12.165525060596439,13.038404810405298,14.035668847618199,15.0,15.0,16.0312195418814
1787403190.931697,-88,0.0,8.06225774829855,8.602325267042627,9.433981132056603,10.0,10.816653826391969,10.295630140987,10.44030650891055,9.219544457292887,9.055385138137417,9.0,9.055385138137417,8.06225774829855,7.0,5.0,5.0990195135927845,5.385164807134504,5.830951894845301,6.4031242374328485,6.4031242374328485,6.4031242374328485,7.810249675906654,8.602325267042627,9.433981132056603,9.433981132056603,9.433981132056603,10.295630140987,0.0,0.0,0.0,0.0,0.0,0.0,0.0,0.0,0.0,0.0,0.0,8.602325267042627,9.219544457292887,9.433981132056603,9.848857801796104,10.770329614269007,10.44030650891055,11.40175425099138,11.180339887498949,12.165525060596439,10.198039027185569,9.486832980505138,8.54400374531753,7.615773105863909,6.708203932499369,6.4031242374328485,7.0710678118654755,7.211102550927978,8.06225774829855,9.848857801796104,8.94427190999916,8.94427190999916,10.816653826391969,10.816653826391969,11.40175425099138,11.40175425099138,10.63014581273465
1787403191.4201198,-71,0.0,24.08318915758459,23.430749027719962,22.80350850198276,20.808652046684813,20.248456731316587,18.867962264113206,17.0,15.652475842498529,14.422205101855956,13.601470508735444,12.041594578792296,11.313708498984761,11.313708498984761,12.041594578792296,12.727922061357855,12.041594578792296,12.041594578792296,11.313708498984761,10.63014581273465,10.63014581273465,9.899494936611665,9.899494936611665,9.219544457292887,8.48528137423857,7.810249675906654,7.0710678118654755,0.0,0.0,0.0,0.0,0.0,0.0,0.0,0.0,0.0,0.0,0.0,7.615773105863909,7.615773105863909,6.324555320336759,6.082762530298219,6.0,6.082762530298219,6.082762530298219,7.280109889280518,7.280109889280518,7.615773105863909,8.54400374531753,8.94427190999916,8.94427190999916,9.433981132056603,9.433981132056603,10.0,11.40175425099138,11.313708498984761,12.041594578792296,12.806248474865697,13.601470508735444,15.811388300841896,17.204650534085253,19.209372712298546,21.2602916254693,22.67156809750927
1787403191.5960646,-72,0.0,30.14962686336267,29.154759474226502,26.1725046566048,23.194827009486403,19.4164878389476,14.866068747318506,10.816653826391969,7.810249675906654,7.280109889280518,8.0,10.0,12.041594578792296,14.035668847618199,15.132745950421556,17.46424919657298,17.72004514666935,18.027756377319946,17.08800749063506,15.231546211727817,12.529964086141668,10.295630140987,6.708203932499369,4.123105625617661,2.23606797749979,2.0,4.123105625617661,0.0,0.0,0.0,0.0,0.0,0.0,0.0,0.0,0.0,0.0,0.0,3.0,2.23606797749979,2.23606797749979,3.0,4.0,5.0990195135927845,6.324555320336759,7.810249675906654,9.219544457292887,10.816653826391969,12.083045973594572,13.601470508735444,14.142135623730951,14.0,14.035668847618199,13.152946437965905,12.36931687685298,10.44030650891055,8.246211251235321,6.0,5.0,6.324555320336759,11.045361017187261,16.0,21.02379604162864,25.079872407968907
1787403192.1096044,-89,0.0,10.44030650891055,11.40175425099138,11.180339887498949,11.045361017187261,11.045361017187261,11.180339887498949,9.486832980505138,8.94427190999916,8.602325267042627,7.0710678118654755,6.708203932499369,5.0990195135927845,3.605551275463989,5.0990195135927845,7.0,10.04987562112089,11.180339887498949,12.36931687685298,13.601470508735444,14.317821063276353,12.36931687685298,10.44030650891055,9.486832980505138,8.54400374531753,6.4031242374328485,5.656854249492381,0.0,0.0,0.0,0.0,0.0,0.0,0.0,0.0,0.0,0.0,0.0,8.06225774829855,9.0,9.0,9.0,8.0,8.0,8.0,7.0710678118654755,6.082762530298219,4.47213595499958,2.23606797749979,1.0,2.8284271247461903,4.47213595499958,6.324555320336759,8.246211251235321,9.055385138137417,10.0,10.0,10.0,9.0,8.06225774829855,7.0710678118654755,6.082762530298219,5.0990195135927845,4.123105625617661
1787403192.180468,-89,0.0,13.038404810405298,13.0,12.0,12.041594578792296,11.045361017187261,10.04987562112089,8.246211251235321,7.211102550927978,6.4031242374328485,7.280109889280518,8.06225774829855,8.0,8.246211251235321,9.486832980505138,8.54400374531753,7.280109889280518,6.082762530298219,6.0,5.0,5.0,5.0990195135927845,5.0990195135927845,6.082762530298219,7.0710678118654755,8.06225774829855,9.055385138137417,0.0,0.0,0.0,0.0,0.0,0.0,0.0,0.0,0.0,0.0,0.0,7.615773105863909,7.615773105863909,8.246211251235321,9.0,10.04987562112089,11.180339887498949,11.40175425099138,12.165525060596439,11.40175425099138,10.44030650891055,11.180339887498949,11.045361017187261,9.0,8.06225774829855,7.615773105863909,6.708203932499369,5.656854249492381,5.830951894845301,7.280109889280518,8.06225774829855,9.055385138137417,10.198039027185569,11.180339887498949,12.165525060596439,14.142135623730951,15.132745950421556
1787403192.1920946,-90,0.0,15.811388300841896,15.811388300841896,15.811388300841896,15.0,14.212670403551895,13.45362404707371,12.041594578792296,10.63014581273465,9.433981132056603,9.486832980505138,10.04987562112089,10.04987562112089,10.198039027185569,9.486832980505138,7.280109889280518,7.0710678118654755,7.0710678118654755,6.0,5.0990195135927845,4.47213595499958,5.0,5.656854249492381,5.656854249492381,5.830951894845301,5.830951894845301,6.324555320336759,0.0,0.0,0.0,0.0,0.0,0.0,0.0,0.0,0.0,0.0,0.0,8.48528137423857,7.810249675906654,9.433981132056603,9.486832980505138,11.180339887498949,12.041594578792296,13.038404810405298,12.649110640673518,12.649110640673518,12.649110640673518,12.649110640673518,11.40175425099138,10.04987562112089,9.055385138137417,7.0710678118654755,6.708203932499369,7.810249675906654,7.810249675906654,8.06225774829855,9.848857801796104,10.770329614269007,10.770329614269007,12.083045973594572,12.529964086141668,12.529964086141668,13.038404810405298
1787403192.196518,-88,0.0,14.7648230602334,13.892443989449804,13.892443989449804,13.038404810405298,12.206555615733702,11.40175425099138,9.219544457292887,8.94427190999916,8.06225774829855,8.246211251235321,8.06225774829855,7.810249675906654,9.219544457292887,10.0,9.433981132056603,7.211102550927978,7.211102550927978,6.4031242374328485,6.4031242374328485,6.4031242374328485,5.656854249492381,5.656854249492381,5.0,6.4031242374328485,7.211102550927978,7.211102550927978,0.0,0.0,0.0,0.0,0.0,0.0,0.0,0.0,0.0,0.0,0.0,22.090722034374522,19.235384061671343,17.46424919657298,17.08800749063506,15.652475842498529,15.264337522473747,15.264337522473747,15.811388300841896,15.0,14.212670403551895,13.601470508735444,12.206555615733702,10.295630140987,8.54400374531753,6.082762530298219,5.0990195135927845,5.0,5.385164807134504,7.0710678118654755,9.0,11.180339887498949,12.36931687685298,12.36931687685298,13.341664064126334,13.601470508735444,12.649110640673518
1787403192.2038887,-89,0.0,16.1245154965971,15.264337522473747,14.422205101855956,13.601470508735444,12.041594578792296,10.63014581273465,10.63014581273465,10.0,8.54400374531753,9.055385138137417,8.06225774829855,8.54400374531753,9.433981132056603,10.295630140987,10.0,9.899494936611665,9.219544457292887,8.48528137423857,7.211102550927978,7.280109889280518,8.246211251235321,8.246211251235321,9.219544457292887,10.44030650891055,12.36931687685298,13.341664064126334,0.0,0.0,0.0,0.0,0.0,0.0,0.0,0.0,0.0,0.0,0.0,12.806248474865697,12.806248474865697,12.727922061357855,12.206555615733702,13.0,14.317821063276353,15.132745950421556,15.0,16.0,15.033296378372908,14.0,13.0,12.165525060596439,9.486832980505138,7.211102550927978,5.656854249492381,5.0990195135927845,5.385164807134504,8.48528137423857,9.899494936611665,12.041594578792296,13.45362404707371,14.212670403551895,14.866068747318506,16.278820596099706,17.029386365926403
1787403192.3544488,-70,0.0,19.72308292331602,20.591260281974,20.12461179749811,19.697715603592208,19.313207915827967,18.973665961010276,16.76305461424021,14.560219778561036,12.649110640673518,11.180339887498949,10.816653826391969,11.40175425099138,11.313708498984761,12.041594578792296,12.806248474865697,12.806248474865697,12.041594578792296,11.313708498984761,12.041594578792296,12.041594578792296,11.40175425099138,12.206555615733702,12.206555615733702,10.816653826391969,9.433981132056603,8.94427190999916,0.0,0.0,0.0,0.0,0.0,0.0,0.0,0.0,0.0,0.0,0.0,8.54400374531753,7.280109889280518,7.0710678118654755,7.0710678118654755,8.06225774829855,8.0,8.0,8.0,9.0,10.0,10.0,9.0,9.0,9.055385138137417,9.055385138137417,9.219544457292887,8.94427190999916,9.848857801796104,10.295630140987,11.661903789690601,12.206555615733702,13.601470508735444,15.0,16.64331697709324,18.027756377319946,18.027756377319946
1787403192.9799836,-72,0.0,24.839484696748443,25.612496949731394,25.0,23.853720883753127,22.47220505424423,21.95449840010015,19.697715603592208,17.46424919657298,16.55294535724685,14.317821063276353,12.529964086141668,12.206555615733702,12.806248474865697,13.45362404707371,12.727922061357855,12.041594578792296,12.806248474865697,13.45362404707371,13.45362404707371,14.142135623730951,14.142135623730951,12.727922061357855,12.041594578792296,10.816653826391969,9.433981132056603,8.94427190999916,0.0,0.0,0.0,0.0,0.0,0.0,0.0,0.0,0.0,0.0,0.0,9.486832980505138,8.246211251235321,8.06225774829855,8.0,9.055385138137417,9.055385138137417,9.219544457292887,10.198039027185569,11.180339887498949,11.180339887498949,11.180339887498949,11.180339887498949,11.40175425099138,11.40175425099138,11.704699910719626,11.180339887498949,10.816653826391969,12.206555615733702,13.601470508735444,12.806248474865697,13.45362404707371,15.556349186104045,17.69180601295413,19.849433241279208,21.2602916254693,22.02271554554524
1787403193.0635502,-70,0.0,25.612496949731394,25.612496949731394,25.495097567963924,24.041630560342615,22.627416997969522,21.2602916254693,19.209372712298546,16.401219466856727,14.212670403551895,12.727922061357855,11.40175425099138,11.661903789690601,11.180339887498949,11.704699910719626,11.704699910719626,11.704699910719626,12.36931687685298,12.36931687685298,12.36931687685298,11.704699910719626,11.704699910719626,11.704699910719626,12.083045973594572,11.180339887498949,9.433981132056603,8.602325267042627,0.0,0.0,0.0,0.0,0.0,0.0,0.0,0.0,0.0,0.0,0.0,9.219544457292887,8.06225774829855,8.0,8.06225774829855,8.246211251235321,8.54400374531753,8.94427190999916,10.295630140987,11.180339887498949,11.180339887498949,12.083045973594572,12.083045973594572,11.180339887498949,10.816653826391969,10.63014581273465,11.313708498984761,11.313708498984761,12.727922061357855,13.601470508735444,14.422205101855956,15.264337522473747,16.64331697709324,17.4928556845359,20.12461179749811,22.825424421026653,23.853720883753127
1787403193.1710587,-70,0.0,21.95449840010015,21.633307652783937,20.808652046684813,20.808652046684813,19.209372712298546,17.804493814764857,16.278820596099706,14.866068747318506,12.806248474865697,11.40175425099138,10.295630140987,9.848857801796104,9.486832980505138,10.44030650891055,10.198039027185569,10.198039027185569,10.04987562112089,10.04987562112089,10.04987562112089,10.198039027185569,10.198039027185569,10.198039027185569,10.198039027185569,9.486832980505138,8.54400374531753,7.280109889280518,0.0,0.0,0.0,0.0,0.0,0.0,0.0,0.0,0.0,0.0,0.0,6.0,5.0990195135927845,5.385164807134504,5.830951894845301,5.830951894845301,6.4031242374328485,7.0710678118654755,7.810249675906654,8.48528137423857,9.219544457292887,9.219544457292887,9.219544457292887,9.219544457292887,9.433981132056603,9.433981132056603,10.295630140987,11.180339887498949,12.083045973594572,13.0,13.92838827718412,14.866068747318506,16.15549442140351,17.08800749063506,18.973665961010276,20.248456731316587,20.615528128088304
1787403193.8517158,-71,0.0,27.65863337187866,26.90724809414742,25.495097567963924,21.93171219946131,18.384776310850235,13.601470508735444,8.94427190999916,6.0,5.0,6.708203932499369,8.06225774829855,10.816653826391969,13.45362404707371,14.866068747318506,17.029386365926403,17.204650534085253,18.027756377319946,17.4928556845359,16.1245154965971,13.892443989449804,11.661903789690601,8.602325267042627,5.0,2.0,3.1622776601683795,5.0,0.0,0.0,0.0,0.0,0.0,0.0,0.0,0.0,0.0,0.0,0.0,3.0,1.0,1.0,2.23606797749979,4.0,5.0990195135927845,7.280109889280518,9.848857801796104,12.529964086141668,15.264337522473747,16.1245154965971,15.811388300841896,14.212670403551895,13.45362404707371,13.038404810405298,12.083045973594572,10.770329614269007,8.54400374531753,6.708203932499369,5.0,4.0,6.708203932499369,11.40175425099138,16.401219466856727,21.2602916254693,23.345235059857504
1787403194.7451973,-87,0.0,21.213203435596427,20.518284528683193,18.439088914585774,16.401219466856727,13.601470508735444,12.083045973594572,9.486832980505138,8.06225774829855,7.0,6.082762530298219,7.280109889280518,7.615773105863909,8.246211251235321,8.246211251235321,8.246211251235321,10.0,10.04987562112089,11.045361017187261,12.041594578792296,11.045361017187261,11.045361017187261,10.04987562112089,10.04987562112089,10.198039027185569,10.44030650891055,9.848857801796104,0.0,0.0,0.0,0.0,0.0,0.0,0.0,0.0,0.0,0.0,0.0,11.045361017187261,11.045361017187261,12.165525060596439,12.649110640673518,14.317821063276353,15.264337522473747,15.811388300841896,16.401219466856727,16.401219466856727,15.0,13.038404810405298,13.038404810405298,10.295630140987,7.615773105863909,6.0,5.385164807134504,5.0,5.830951894845301,6.708203932499369,7.615773105863909,8.94427190999916,8.94427190999916,10.816653826391969,10.0,10.63014581273465,10.63014581273465
1787403195.4579062,-87,0.0,18.384776310850235,15.811388300841896,13.601470508735444,10.198039027185569,8.06225774829855,6.082762530298219,3.1622776601683795,2.23606797749979,2.23606797749979,3.0,2.0,3.605551275463989,4.47213595499958,6.324555320336759,6.324555320336759,8.246211251235321,9.219544457292887,9.055385138137417,9.055385138137417,8.06225774829855,7.280109889280518,6.324555320336759,4.47213595499958,5.0,5.656854249492381,4.242640687119285,0.0,0.0,0.0,0.0,0.0,0.0,0.0,0.0,0.0,0.0,0.0,9.433981132056603,10.63014581273465,13.601470508735444,13.892443989449804,15.231546211727817,16.76305461424021,15.811388300841896,13.601470508735444,13.341664064126334,11.180339887498949,8.06225774829855,5.0,4.123105625617661,2.23606797749979,2.23606797749979,2.23606797749979,2.8284271247461903,4.47213595499958,6.708203932499369,8.54400374531753,10.770329614269007,12.083045973594572,13.92838827718412,14.866068747318506,16.76305461424021,18.439088914585774
1787403195.4579062,-88,0.0,10.295630140987,8.94427190999916,7.211102550927978,6.4031242374328485,5.0,3.605551275463989,2.23606797749979,1.0,1.4142135623730951,1.0,1.0,1.4142135623730951,3.605551275463989,4.47213595499958,5.385164807134504,6.708203932499369,7.280109889280518,7.280109889280518,7.0710678118654755,7.0,7.0710678118654755,6.324555320336759,5.830951894845301,5.0,5.656854249492381,4.242640687119285,0.0,0.0,0.0,0.0,0.0,0.0,0.0,0.0,0.0,0.0,0.0,15.132745950421556,16.278820596099706,15.297058540778355,15.524174696260024,14.866068747318506,15.231546211727817,13.416407864998739,12.529964086141668,10.816653826391969,10.295630140987,7.615773105863909,6.324555320336759,5.0990195135927845,4.47213595499958,4.0,3.1622776601683795,3.605551275463989,3.605551275463989,4.47213595499958,6.324555320336759,7.615773105863909,8.54400374531753,10.770329614269007,11.704699910719626,12.649110640673518,13.601470508735444
1787403196.042026,-86,0.0,13.892443989449804,13.416407864998739,14.317821063276353,13.416407864998739,14.317821063276353,14.866068747318506,14.317821063276353,14.7648230602334,14.317821063276353,14.317821063276353,13.038404810405298,12.206555615733702,10.816653826391969,9.219544457292887,7.0710678118654755,5.0,3.605551275463989,3.1622776601683795,1.0,1.4142135623730951,1.4142135623730951,2.23606797749979,2.8284271247461903,3.605551275463989,4.242640687119285,5.0,0.0,0.0,0.0,0.0,0.0,0.0,0.0,0.0,0.0,0.0,0.0,7.810249675906654,7.211102550927978,6.708203932499369,6.324555320336759,6.0,6.082762530298219,6.708203932499369,7.211102550927978,6.4031242374328485,6.4031242374328485,8.06225774829855,7.211102550927978,8.06225774829855,8.06225774829855,8.06225774829855,7.615773105863909,8.06225774829855,8.06225774829855,8.06225774829855,8.06225774829855,8.94427190999916,8.602325267042627,9.219544457292887,9.899494936611665,10.0,10.295630140987
1787403196.042026,-88,0.0,10.816653826391969,10.63014581273465,11.40175425099138,11.40175425099138,12.041594578792296,11.313708498984761,10.63014581273465,9.848857801796104,8.54400374531753,8.06225774829855,8.06225774829855,9.486832980505138,8.54400374531753,8.54400374531753,6.708203932499369,5.0990195135927845,2.0,2.23606797749979,2.0,4.123105625617661,6.324555320336759,6.324555320336759,6.708203932499369,7.280109889280518,7.280109889280518,8.06225774829855,0.0,0.0,0.0,0.0,0.0,0.0,0.0,0.0,0.0,0.0,0.0,9.848857801796104,8.246211251235321,6.0,5.0,5.656854249492381,6.082762530298219,8.0,9.055385138137417,9.486832980505138,10.816653826391969,10.816653826391969,9.433981132056603,8.602325267042627,7.810249675906654,7.280109889280518,6.0,6.082762530298219,7.211102550927978,7.810249675906654,9.433981132056603,10.295630140987,12.529964086141668,12.529964086141668,12.529964086141668,12.529964086141668,12.529964086141668
1787403196.1704192,-69,0.0,27.313000567495326,25.079872407968907,23.259406699226016,19.235384061671343,15.0,12.806248474865697,11.704699910719626,11.045361017187261,11.045361017187261,12.165525060596439,12.0,13.038404810405298,14.142135623730951,13.341664064126334,13.601470508735444,14.317821063276353,13.416407864998739,10.816653826391969,9.219544457292887,8.06225774829855,5.385164807134504,3.1622776601683795,1.0,3.1622776601683795,5.0,6.082762530298219,0.0,0.0,0.0,0.0,0.0,0.0,0.0,0.0,0.0,0.0,0.0,5.0990195135927845,3.605551275463989,2.8284271247461903,2.8284271247461903,4.123105625617661,6.082762530298219,8.246211251235321,12.36931687685298,16.76305461424021,18.973665961010276,19.924858845171276,19.313207915827967,17.46424919657298,16.1245154965971,14.212670403551895,12.727922061357855,10.63014581273465,8.48528137423857,6.708203932499369,7.0710678118654755,8.54400374531753,11.180339887498949,14.7648230602334,20.12461179749811,23.706539182259394,25.942243542145693
1787403196.1764288,-69,0.0,25.0,23.0,21.02379604162864,19.026297590440446,16.1245154965971,12.083045973594572,9.899494936611665,10.0,9.848857801796104,10.770329614269007,11.180339887498949,12.206555615733702,13.601470508735444,14.212670403551895,14.866068747318506,15.0,13.892443989449804,10.770329614269007,8.06225774829855,7.0710678118654755,5.0990195135927845,3.0,2.0,3.605551275463989,6.4031242374328485,7.211102550927978,0.0,0.0,0.0,0.0,0.0,0.0,0.0,0.0,0.0,0.0,0.0,3.605551275463989,2.23606797749979,1.0,2.23606797749979,3.605551275463989,6.708203932499369,9.848857801796104,13.038404810405298,15.811388300841896,17.4928556845359,18.35755975068582,18.601075237738275,17.029386365926403,16.278820596099706,13.601470508735444,11.661903789690601,8.94427190999916,8.06225774829855,7.810249675906654,6.708203932499369,8.06225774829855,11.0,15.132745950421556,19.235384061671343,22.561028345356956,24.73863375370596
1787403196.1804354,-69,0.0,33.06055050963308,30.14962686336267,27.16615541441225,22.561028345356956,18.027756377319946,13.892443989449804,11.313708498984761,11.661903789690601,13.0,14.317821063276353,14.142135623730951,15.297058540778355,16.76305461424021,17.46424919657298,18.35755975068582,17.804493814764857,16.278820596099706,14.422205101855956,9.433981132056603,5.385164807134504,4.123105625617661,3.1622776601683795,1.4142135623730951,2.23606797749979,5.385164807134504,6.708203932499369,0.0,0.0,0.0,0.0,0.0,0.0,0.0,0.0,0.0,0.0,0.0,4.47213595499958,4.123105625617661,3.0,3.605551275463989,4.242640687119285,6.4031242374328485,10.0,14.212670403551895,17.804493814764857,18.601075237738275,20.615528128088304,20.615528128088304,18.601075237738275,17.4928556845359,16.15549442140351,14.317821063276353,12.36931687685298,9.219544457292887,6.708203932499369,6.4031242374328485,8.54400374531753,11.180339887498949,15.033296378372908,20.223748416156685,26.1725046566048,28.071337695236398
1787403196.584711,-72,0.0,29.410882339705484,28.460498941515414,24.351591323771842,19.924858845171276,16.492422502470642,13.152946437965905,7.0710678118654755,5.0,7.0710678118654755,9.055385138137417,10.04987562112089,11.045361017187261,13.152946437965905,16.278820596099706,17.72004514666935,18.027756377319946,17.08800749063506,15.811388300841896,13.0,10.63014581273465,9.219544457292887,5.385164807134504,2.0,0.0,1.4142135623730951,2.8284271247461903,0.0,0.0,0.0,0.0,0.0,0.0,0.0,0.0,0.0,0.0,0.0,5.385164807134504,3.605551275463989,3.0,4.0,5.0,7.0,10.198039027185569,13.92838827718412,16.55294535724685,18.027756377319946,17.72004514666935,17.08800749063506,15.231546211727817,13.892443989449804,12.806248474865697,12.041594578792296,9.899494936611665,7.0710678118654755,5.830951894845301,5.0990195135927845,5.656854249492381,8.602325267042627,13.038404810405298,19.235384061671343,23.259406699226016,26.40075756488817
1787403197.0845246,-71,0.0,28.160255680657446,27.073972741361768,25.019992006393608,21.02379604162864,17.11724276862369,12.649110640673518,9.219544457292887,9.055385138137417,10.198039027185569,13.601470508735444,14.317821063276353,15.033296378372908,17.029386365926403,19.0,19.1049731745428,19.235384061671343,18.439088914585774,16.492422502470642,13.92838827718412,11.180339887498949,8.06225774829855,4.47213595499958,2.0,2.23606797749979,5.0,6.4031242374328485,0.0,0.0,0.0,0.0,0.0,0.0,0.0,0.0,0.0,0.0,0.0,5.656854249492381,2.8284271247461903,2.0,3.1622776601683795,4.123105625617661,5.0,8.06225774829855,11.045361017187261,15.033296378372908,17.029386365926403,17.11724276862369,16.278820596099706,14.866068747318506,15.652475842498529,15.811388300841896,15.620499351813308,12.727922061357855,10.816653826391969,8.06225774829855,5.656854249492381,3.1622776601683795,4.242640687119285,10.44030650891055,17.26267650163207,23.345235059857504,25.179356624028344
1787403197.090275,-71,0.0,26.40075756488817,25.238858928247925,23.323807579381203,19.235384061671343,14.866068747318506,11.045361017187261,8.54400374531753,8.602325267042627,9.848857801796104,11.40175425099138,13.601470508735444,15.231546211727817,16.55294535724685,17.0,18.027756377319946,17.804493814764857,17.69180601295413,15.556349186104045,13.45362404707371,10.816653826391969,9.433981132056603,5.830951894845301,2.23606797749979,1.0,3.1622776601683795,5.0990195135927845,0.0,0.0,0.0,0.0,0.0,0.0,0.0,0.0,0.0,0.0,0.0,3.0,2.23606797749979,2.0,2.8284271247461903,3.0,5.830951894845301,8.06225774829855,9.433981132056603,11.40175425099138,14.866068747318506,16.97056274847714,17.69180601295413,15.811388300841896,13.892443989449804,13.416407864998739,12.083045973594572,10.198039027185569,9.0,6.082762530298219,2.8284271247461903,4.123105625617661,6.4031242374328485,10.63014581273465,16.401219466856727,21.400934559032695,23.600847442411894
1787403197.1959429,-70,0.0,29.068883707497267,28.071337695236398,25.079872407968907,21.213203435596427,17.46424919657298,13.0,10.63014581273465,10.295630140987,9.486832980505138,10.198039027185569,12.165525060596439,13.341664064126334,14.560219778561036,15.811388300841896,16.55294535724685,16.1245154965971,15.811388300841896,13.601470508735444,10.63014581273465,8.48528137423857,5.656854249492381,2.8284271247461903,1.0,3.0,5.0,5.0,0.0,0.0,0.0,0.0,0.0,0.0,0.0,0.0,0.0,0.0,0.0,1.4142135623730951,1.0,2.8284271247461903,2.8284271247461903,3.1622776601683795,4.123105625617661,5.0,8.602325267042627,11.661903789690601,14.7648230602334,16.55294535724685,17.08800749063506,16.492422502470642,16.0312195418814,16.0312195418814,16.1245154965971,14.317821063276353,12.36931687685298,9.486832980505138,7.0710678118654755,5.830951894845301,8.06225774829855,12.36931687685298,17.11724276862369,21.0,24.020824298928627
1787403197.2116244,-71,0.0,33.24154027718932,31.827660925679098,28.319604517012593,24.20743687382041,19.4164878389476,15.231546211727817,12.041594578792296,10.44030650891055,11.40175425099138,12.806248474865697,14.212670403551895,15.811388300841896,17.4928556845359,19.235384061671343,19.697715603592208,19.313207915827967,17.72004514666935,15.524174696260024,13.152946437965905,10.04987562112089,7.0,4.0,2.23606797749979,3.605551275463989,5.656854249492381,7.0710678118654755,0.0,0.0,0.0,0.0,0.0,0.0,0.0,0.0,0.0,0.0,0.0,2.23606797749979,3.0,4.123105625617661,4.0,2.8284271247461903,4.123105625617661,6.082762530298219,11.180339887498949,15.652475842498529,17.88854381999832,19.235384061671343,18.867962264113206,18.601075237738275,17.804493814764857,17.4928556845359,18.35755975068582,17.46424919657298,13.92838827718412,10.770329614269007,8.94427190999916,6.708203932499369,9.219544457292887,13.038404810405298,19.209372712298546,24.08318915758459,28.319604517012593
1787403197.242894,-70,0.0,32.14031735997639,30.14962686336267,27.294688127912362,22.360679774997898,18.681541692269406,14.317821063276353,11.313708498984761,9.848857801796104,10.04987562112089,12.0,13.0,15.132745950421556,17.72004514666935,18.973665961010276,18.788294228055936,18.35755975068582,18.027756377319946,15.0,12.806248474865697,9.219544457292887,7.0710678118654755,3.605551275463989,2.23606797749979,4.123105625617661,6.0,7.0,0.0,0.0,0.0,0.0,0.0,0.0,0.0,0.0,0.0,0.0,0.0,1.0,1.0,2.0,2.23606797749979,3.0,3.1622776601683795,5.830951894845301,10.295630140987,13.038404810405298,15.811388300841896,18.027756377319946,18.35755975068582,18.439088914585774,19.026297590440446,18.110770276274835,18.439088914585774,18.681541692269406,14.866068747318506,10.770329614269007,8.246211251235321,5.0990195135927845,6.4031242374328485,11.40175425099138,17.11724276862369,23.0,26.019223662515376
1787403197.2746108,-70,0.0,30.610455730027933,29.206163733020468,26.248809496813376,21.2602916254693,17.69180601295413,13.038404810405298,10.198039027185569,9.055385138137417,9.848857801796104,10.816653826391969,11.661903789690601,13.892443989449804,15.652475842498529,17.08800749063506,18.681541692269406,18.24828759089466,17.11724276862369,15.0,13.038404810405298,10.04987562112089,7.280109889280518,4.0,1.0,3.605551275463989,5.830951894845301,7.211102550927978,0.0,0.0,0.0,0.0,0.0,0.0,0.0,0.0,0.0,0.0,0.0,3.1622776601683795,1.0,3.1622776601683795,3.1622776601683795,2.0,2.23606797749979,6.082762530298219,10.295630140987,13.038404810405298,15.811388300841896,18.867962264113206,20.248456731316587,18.439088914585774,17.804493814764857,18.35755975068582,18.027756377319946,15.811388300841896,14.866068747318506,13.416407864998739,10.0,7.211102550927978,7.0,12.083045973594572,18.35755975068582,23.021728866442675,27.202941017470888
1787403197.2904341,-73,0.0,28.160255680657446,27.294688127912362,24.515301344262525,21.587033144922902,17.72004514666935,13.416407864998739,10.63014581273465,8.06225774829855,8.06225774829855,10.04987562112089,12.165525060596439,13.152946437965905,15.033296378372908,16.0312195418814,17.0,16.0312195418814,15.132745950421556,14.317821063276353,12.649110640673518,9.848857801796104,7.211102550927978,5.0,1.4142135623730951,1.0,3.1622776601683795,5.0,0.0,0.0,0.0,0.0,0.0,0.0,0.0,0.0,0.0,0.0,0.0,2.23606797749979,2.23606797749979,3.1622776601683795,3.0,4.123105625617661,3.605551275463989,5.830951894845301,8.54400374531753,11.40175425099138,13.152946437965905,15.132745950421556,15.033296378372908,15.033296378372908,15.297058540778355,14.866068747318506,14.317821063276353,13.892443989449804,11.661903789690601,9.433981132056603,6.708203932499369,4.0,5.830951894845301,10.198039027185569,15.033296378372908,20.0,24.0
1787403197.3690217,-71,0.0,20.248456731316587,20.248456731316587,20.248456731316587,19.72308292331602,17.88854381999832,16.55294535724685,15.231546211727817,13.92838827718412,11.704699910719626,10.44030650891055,8.94427190999916,8.06225774829855,7.810249675906654,7.810249675906654,7.0710678118654755,7.0710678118654755,7.0710678118654755,6.4031242374328485,5.0,5.385164807134504,5.385164807134504,5.385164807134504,5.385164807134504,5.385164807134504,5.0990195135927845,4.123105625617661,0.0,0.0,0.0,0.0,0.0,0.0,0.0,0.0,0.0,0.0,0.0,5.830951894845301,5.385164807134504,5.0,4.123105625617661,5.385164807134504,5.385164807134504,5.830951894845301,7.211102550927978,8.94427190999916,9.486832980505138,10.44030650891055,10.770329614269007,9.848857801796104,9.848857801796104,10.295630140987,11.661903789690601,10.816653826391969,10.816653826391969,13.038404810405298,13.601470508735444,13.601470508735444,14.212670403551895,15.620499351813308,17.69180601295413,19.209372712298546,19.209372712298546
1787403197.3851457,-71,0.0,27.65863337187866,25.709920264364882,23.08679276123039,19.313207915827967,15.231546211727817,10.63014581273465,9.486832980505138,10.0,12.165525060596439,13.341664064126334,14.142135623730951,16.0,17.26267650163207,17.72004514666935,17.08800749063506,17.0,16.401219466856727,14.866068747318506,12.206555615733702,9.848857801796104,8.246211251235321,7.0710678118654755,3.0,1.4142135623730951,3.605551275463989,5.0,0.0,0.0,0.0,0.0,0.0,0.0,0.0,0.0,0.0,0.0,0.0,4.0,3.0,3.1622776601683795,3.1622776601683795,3.1622776601683795,5.385164807134504,8.94427190999916,12.529964086141668,15.264337522473747,18.601075237738275,21.400934559032695,21.400934559032695,19.4164878389476,18.35755975068582,17.46424919657298,17.08800749063506,14.866068747318506,13.0,11.661903789690601,10.63014581273465,10.770329614269007,13.038404810405298,18.0,21.02379604162864,24.186773244895647,27.16615541441225
1787403197.4292448,-71,0.0,29.68164415931166,27.459060435491963,24.186773244895647,20.615528128088304,15.811388300841896,13.152946437965905,10.04987562112089,9.848857801796104,10.0,11.313708498984761,12.727922061357855,13.45362404707371,14.422205101855956,14.7648230602334,15.231546211727817,15.811388300841896,15.297058540778355,13.038404810405298,12.041594578792296,10.198039027185569,8.54400374531753,5.830951894845301,2.8284271247461903,1.0,4.47213595499958,4.47213595499958,0.0,0.0,0.0,0.0,0.0,0.0,0.0,0.0,0.0,0.0,0.0,3.1622776601683795,1.0,0.0,1.0,2.23606797749979,3.605551275463989,4.47213595499958,6.324555320336759,10.198039027185569,12.041594578792296,14.0,15.033296378372908,15.132745950421556,15.524174696260024,15.231546211727817,14.7648230602334,12.529964086141668,10.295630140987,9.486832980505138,8.06225774829855,7.280109889280518,9.219544457292887,14.212670403551895,18.601075237738275,21.633307652783937,23.853720883753127
1787403197.982699,-70,0.0,23.600847442411894,22.80350850198276,22.02271554554524,21.93171219946131,19.79898987322333,17.69180601295413,15.620499351813308,14.212670403551895,13.45362404707371,12.041594578792296,10.0,9.433981132056603,9.486832980505138,9.486832980505138,9.486832980505138,10.44030650891055,10.44030650891055,10.198039027185569,10.198039027185569,10.198039027185569,10.198039027185569,10.44030650891055,10.44030650891055,9.848857801796104,8.94427190999916,8.94427190999916,0.0,0.0,0.0,0.0,0.0,0.0,0.0,0.0,0.0,0.0,0.0,5.0990195135927845,5.385164807134504,4.47213595499958,5.0,6.4031242374328485,7.211102550927978,7.810249675906654,8.602325267042627,10.0,10.63014581273465,11.313708498984761,11.313708498984761,11.313708498984761,10.63014581273465,11.40175425099138,11.40175425099138,12.206555615733702,12.529964086141668,13.416407864998739,14.7648230602334,15.652475842498529,17.46424919657298,18.788294228055936,21.02379604162864,22.360679774997898,22.825424421026653
1787403198.0832891,-71,0.0,21.93171219946131,21.93171219946131,21.2602916254693,20.0,19.4164878389476,18.867962264113206,17.4928556845359,15.264337522473747,15.0,12.806248474865697,12.041594578792296,10.63014581273465,10.0,11.313708498984761,11.40175425099138,10.63014581273465,9.899494936611665,9.219544457292887,7.810249675906654,9.433981132056603,10.295630140987,9.848857801796104,9.433981132056603,9.433981132056603,8.06225774829855,7.211102550927978,0.0,0.0,0.0,0.0,0.0,0.0,0.0,0.0,0.0,0.0,0.0,6.082762530298219,6.0,6.324555320336759,6.708203932499369,8.06225774829855,8.602325267042627,8.602325267042627,9.433981132056603,10.0,11.40175425099138,11.40175425099138,10.816653826391969,11.180339887498949,11.180339887498949,11.180339887498949,11.661903789690601,12.206555615733702,12.806248474865697,15.0,14.866068747318506,15.556349186104045,17.69180601295413,18.439088914585774,20.615528128088304,22.02271554554524,21.93171219946131
1787403198.1789365,-71,0.0,24.351591323771842,24.351591323771842,23.40939982143925,21.540659228538015,19.697715603592208,18.788294228055936,17.0,14.7648230602334,13.416407864998739,13.0,11.704699910719626,11.180339887498949,10.04987562112089,10.04987562112089,11.0,10.0,10.04987562112089,9.055385138137417,9.219544457292887,9.486832980505138,10.44030650891055,10.44030650891055,10.198039027185569,10.198039027185569,8.06225774829855,8.06225774829855,0.0,0.0,0.0,0.0,0.0,0.0,0.0,0.0,0.0,0.0,0.0,7.0,6.0,5.385164807134504,5.830951894845301,6.4031242374328485,7.0710678118654755,7.0710678118654755,8.48528137423857,9.219544457292887,9.899494936611665,10.63014581273465,10.63014581273465,9.899494936611665,10.0,10.816653826391969,10.295630140987,10.295630140987,10.770329614269007,11.40175425099138,12.165525060596439,14.142135623730951,16.0312195418814,19.1049731745428,21.213203435596427,23.345235059857504,23.769728648009426
1787403198.2594862,-69,0.0,19.924858845171276,18.973665961010276,16.76305461424021,14.560219778561036,12.165525060596439,9.0,6.708203932499369,7.810249675906654,9.219544457292887,8.48528137423857,9.219544457292887,11.180339887498949,12.083045973594572,11.704699910719626,11.704699910719626,11.0,10.44030650891055,8.54400374531753,8.06225774829855,9.433981132056603,7.211102550927978,4.123105625617661,4.242640687119285,3.605551275463989,4.0,4.123105625617661,0.0,0.0,0.0,0.0,0.0,0.0,0.0,0.0,0.0,0.0,0.0,2.23606797749979,1.4142135623730951,2.23606797749979,3.1622776601683795,3.0,5.0,7.280109889280518,8.94427190999916,10.816653826391969,13.038404810405298,13.601470508735444,13.601470508735444,12.041594578792296,11.661903789690601,9.848857801796104,8.246211251235321,7.0710678118654755,7.0710678118654755,5.0990195135927845,2.8284271247461903,5.0990195135927845,8.246211251235321,11.180339887498949,15.132745950421556,17.26267650163207,18.439088914585774
1787403199.0121024,-70,0.0,27.85677655436824,26.92582403567252,23.769728648009426,19.697715603592208,15.264337522473747,11.313708498984761,8.54400374531753,8.06225774829855,8.94427190999916,10.295630140987,12.083045973594572,13.341664064126334,14.142135623730951,16.0,16.0312195418814,16.278820596099706,15.811388300841896,14.317821063276353,12.529964086141668,10.0,8.48528137423857,5.656854249492381,1.4142135623730951,1.4142135623730951,2.8284271247461903,5.0,0.0,0.0,0.0,0.0,0.0,0.0,0.0,0.0,0.0,0.0,0.0,4.123105625617661,3.605551275463989,2.23606797749979,3.0,4.123105625617661,6.082762530298219,8.54400374531753,9.848857801796104,12.206555615733702,15.811388300841896,17.204650534085253,17.804493814764857,16.278820596099706,15.811388300841896,15.652475842498529,16.15549442140351,14.866068747318506,13.92838827718412,11.661903789690601,9.899494936611665,9.486832980505138,12.041594578792296,16.1245154965971,19.6468827043885,24.351591323771842,26.570660511172846
1787403199.1415489,-90,0.0,16.64331697709324,17.204650534085253,17.204650534085253,17.204650534085253,18.027756377319946,18.027756377319946,18.027756377319946,18.027756377319946,18.601075237738275,17.204650534085253,16.401219466856727,15.811388300841896,14.212670403551895,12.806248474865697,11.40175425099138,9.219544457292887,7.0710678118654755,5.656854249492381,5.0,2.23606797749979,2.0,1.0,2.23606797749979,3.1622776601683795,3.1622776601683795,4.123105625617661,0.0,0.0,0.0,0.0,0.0,0.0,0.0,0.0,0.0,0.0,0.0,6.708203932499369,7.615773105863909,7.0710678118654755,7.0,7.0710678118654755,7.615773105863909,7.211102550927978,8.48528137423857,9.219544457292887,10.0,10.295630140987,10.295630140987,9.848857801796104,9.848857801796104,9.848857801796104,9.848857801796104,8.06225774829855,8.06225774829855,7.211102550927978,7.810249675906654,7.810249675906654,8.06225774829855,7.615773105863909,7.280109889280518,7.280109889280518,7.280109889280518
1787403199.5278492,-72,0.0,24.413111231467404,23.600847442411894,22.02271554554524,18.439088914585774,13.45362404707371,9.848857801796104,8.0,8.06225774829855,9.219544457292887,11.40175425099138,12.806248474865697,14.866068747318506,16.97056274847714,18.439088914585774,18.601075237738275,17.4928556845359,15.652475842498529,13.92838827718412,12.36931687685298,10.198039027185569,7.0710678118654755,4.123105625617661,1.4142135623730951,2.23606797749979,6.082762530298219,7.615773105863909,0.0,0.0,0.0,0.0,0.0,0.0,0.0,0.0,0.0,0.0,0.0,5.0990195135927845,4.0,2.0,2.23606797749979,4.242640687119285,6.4031242374328485,8.48528137423857,11.313708498984761,13.45362404707371,15.620499351813308,17.029386365926403,17.804493814764857,18.027756377319946,17.0,15.231546211727817,13.92838827718412,11.40175425099138,9.486832980505138,8.06225774829855,5.830951894845301,7.0710678118654755,8.246211251235321,12.083045973594572,17.4928556845359,20.248456731316587,22.47220505424423
1787403199.5471442,-72,0.0,26.1725046566048,25.179356624028344,23.08679276123039,20.024984394500787,16.0312195418814,11.704699910719626,9.219544457292887,8.54400374531753,9.0,11.0,12.0,14.035668847618199,16.1245154965971,16.278820596099706,16.492422502470642,16.76305461424021,15.231546211727817,13.892443989449804,12.041594578792296,9.899494936611665,7.0710678118654755,3.605551275463989,1.0,2.23606797749979,4.242640687119285,5.830951894845301,0.0,0.0,0.0,0.0,0.0,0.0,0.0,0.0,0.0,0.0,0.0,4.47213595499958,3.1622776601683795,3.1622776601683795,4.47213595499958,5.385164807134504,7.280109889280518,10.44030650891055,13.341664064126334,15.297058540778355,17.26267650163207,18.24828759089466,18.110770276274835,17.029386365926403,16.0312195418814,15.132745950421556,14.317821063276353,12.36931687685298,11.180339887498949,9.0,6.324555320336759,7.0710678118654755,9.848857801796104,14.317821063276353,18.110770276274835,22.20360331117452,24.186773244895647
1787403199.5656743,-72,0.0,28.442925306655784,27.65863337187866,25.0,21.18962010041709,17.46424919657298,12.806248474865697,10.295630140987,9.055385138137417,9.219544457292887,10.770329614269007,12.649110640673518,14.317821063276353,16.278820596099706,18.027756377319946,18.0,17.11724276862369,16.278820596099706,13.601470508735444,11.180339887498949,10.0,7.810249675906654,5.0,2.23606797749979,2.23606797749979,4.47213595499958,6.708203932499369,0.0,0.0,0.0,0.0,0.0,0.0,0.0,0.0,0.0,0.0,0.0,5.0990195135927845,4.0,2.23606797749979,2.8284271247461903,5.0,7.0710678118654755,9.899494936611665,12.806248474865697,15.811388300841896,16.64331697709324,17.4928556845359,17.4928556845359,16.55294535724685,15.811388300841896,14.317821063276353,12.041594578792296,11.0,9.0,6.324555320336759,5.656854249492381,7.0710678118654755,11.045361017187261,15.132745950421556,19.4164878389476,23.53720459187964,25.709920264364882
1787403199.8517003,-71,0.0,26.076809620810597,25.079872407968907,23.08679276123039,20.223748416156685,16.492422502470642,12.083045973594572,8.602325267042627,8.06225774829855,8.06225774829855,9.055385138137417,10.04987562112089,12.041594578792296,13.0,15.132745950421556,15.297058540778355,15.524174696260024,15.811388300841896,14.317821063276353,11.661903789690601,10.0,7.211102550927978,4.47213595499958,2.0,3.1622776601683795,5.0990195135927845,6.324555320336759,0.0,0.0,0.0,0.0,0.0,0.0,0.0,0.0,0.0,0.0,0.0,6.324555320336759,4.123105625617661,3.0,3.605551275463989,4.242640687119285,6.4031242374328485,8.602325267042627,11.661903789690601,13.892443989449804,16.1245154965971,17.0,16.55294535724685,16.15549442140351,15.524174696260024,14.142135623730951,13.0,12.165525060596439,11.180339887498949,8.06225774829855,6.082762530298219,5.656854249492381,7.280109889280518,12.0,16.0312195418814,20.09975124224178,22.20360331117452
1787403200.0334175,-88,0.0,14.560219778561036,13.92838827718412,13.0,12.083045973594572,12.529964086141668,12.206555615733702,11.661903789690601,10.0,9.899494936611665,9.219544457292887,9.433981132056603,8.54400374531753,10.198039027185569,10.0,11.045361017187261,12.165525060596439,14.317821063276353,15.132745950421556,14.142135623730951,14.142135623730951,13.038404810405298,12.0,11.0,10.04987562112089,8.0,7.0,0.0,0.0,0.0,0.0,0.0,0.0,0.0,0.0,0.0,0.0,0.0,11.0,10.0,10.04987562112089,9.055385138137417,8.06225774829855,7.0710678118654755,7.280109889280518,6.082762530298219,6.082762530298219,5.0990195135927845,5.385164807134504,5.656854249492381,6.4031242374328485,7.211102550927978,8.94427190999916,8.94427190999916,10.295630140987,10.816653826391969,10.63014581273465,9.219544457292887,9.899494936611665,7.810249675906654,7.0710678118654755,5.0,4.242640687119285,2.8284271247461903
1787403200.1824687,-87,0.0,18.027756377319946,16.64331697709324,15.264337522473747,14.422205101855956,13.892443989449804,12.529964086141668,12.083045973594572,12.649110640673518,12.36931687685298,11.045361017187261,11.0,12.165525060596439,12.649110640673518,13.0,14.7648230602334,14.7648230602334,15.652475842498529,15.652475842498529,15.231546211727817,15.811388300841896,13.92838827718412,12.649110640673518,11.704699910719626,9.486832980505138,8.94427190999916,8.06225774829855,0.0,0.0,0.0,0.0,0.0,0.0,0.0,0.0,0.0,0.0,0.0,12.041594578792296,10.63014581273465,10.63014581273465,9.899494936611665,9.219544457292887,8.602325267042627,7.211102550927978,7.211102550927978,6.4031242374328485,5.656854249492381,6.4031242374328485,7.280109889280518,7.280109889280518,9.0,10.0,11.0,12.0,13.0,12.041594578792296,11.045361017187261,10.0,10.04987562112089,10.04987562112089,9.219544457292887,9.486832980505138,8.94427190999916
1787403202.548629,-88,0.0,16.55294535724685,17.0,16.64331697709324,16.64331697709324,15.811388300841896,16.401219466856727,16.401219466856727,15.620499351813308,14.212670403551895,14.212670403551895,12.206555615733702,11.661903789690601,10.816653826391969,9.848857801796104,8.06225774829855,7.615773105863909,6.324555320336759,4.0,3.0,2.23606797749979,1.4142135623730951,2.0,2.23606797749979,2.23606797749979,3.605551275463989,3.605551275463989,0.0,0.0,0.0,0.0,0.0,0.0,0.0,0.0,0.0,0.0,0.0,12.529964086141668,11.661903789690601,9.433981132056603,8.48528137423857,8.48528137423857,7.211102550927978,8.06225774829855,8.94427190999916,9.848857801796104,9.848857801796104,11.40175425099138,12.083045973594572,13.0,13.0,13.92838827718412,12.649110640673518,13.0,12.083045973594572,12.083045973594572,10.816653826391969,10.0,10.63014581273465,10.63014581273465,10.816653826391969,11.661903789690601,12.529964086141668
1787403203.1059701,-70,0.0,21.400934559032695,21.400934559032695,21.2602916254693,20.518284528683193,18.384776310850235,16.97056274847714,16.278820596099706,14.866068747318506,14.142135623730951,12.041594578792296,11.40175425099138,10.816653826391969,10.816653826391969,10.816653826391969,10.295630140987,10.295630140987,10.295630140987,9.848857801796104,9.848857801796104,9.486832980505138,9.848857801796104,9.848857801796104,9.433981132056603,9.433981132056603,8.602325267042627,8.06225774829855,0.0,0.0,0.0,0.0,0.0,0.0,0.0,0.0,0.0,0.0,0.0,6.082762530298219,5.0990195135927845,5.385164807134504,5.0,5.0,6.4031242374328485,7.0710678118654755,7.810249675906654,8.48528137423857,8.48528137423857,9.219544457292887,9.219544457292887,10.0,10.0,10.816653826391969,11.661903789690601,11.661903789690601,12.529964086141668,13.892443989449804,13.892443989449804,14.7648230602334,15.652475842498529,17.4928556845359,18.867962264113206,20.248456731316587,20.248456731316587
1787403203.21035,-71,0.0,24.20743687382041,24.20743687382041,23.600847442411894,22.47220505424423,21.470910553583888,20.12461179749811,18.788294228055936,16.55294535724685,14.317821063276353,13.416407864998739,11.661903789690601,10.816653826391969,10.63014581273465,10.63014581273465,9.899494936611665,9.899494936611665,9.219544457292887,8.602325267042627,8.602325267042627,8.602325267042627,8.94427190999916,8.94427190999916,9.433981132056603,8.602325267042627,8.06225774829855,7.211102550927978,0.0,0.0,0.0,0.0,0.0,0.0,0.0,0.0,0.0,0.0,0.0,8.06225774829855,5.830951894845301,5.830951894845301,5.385164807134504,6.082762530298219,6.0,6.324555320336759,6.324555320336759,7.615773105863909,7.615773105863909,7.280109889280518,7.280109889280518,7.615773105863909,9.433981132056603,10.0,10.63014581273465,11.313708498984761,11.313708498984761,12.727922061357855,14.142135623730951,15.556349186104045,17.029386365926403,18.439088914585774,19.849433241279208,20.518284528683193,21.93171219946131
1787403203.2612991,-86,0.0,7.810249675906654,9.219544457292887,10.0,10.816653826391969,10.816653826391969,12.529964086141668,11.180339887498949,11.180339887498949,11.180339887498949,9.848857801796104,9.486832980505138,8.06225774829855,8.0,8.246211251235321,8.06225774829855,9.433981132056603,10.63014581273465,11.313708498984761,12.041594578792296,12.041594578792296,12.041594578792296,11.313708498984761,10.63014581273465,9.219544457292887,8.48528137423857,7.810249675906654,0.0,0.0,0.0,0.0,0.0,0.0,0.0,0.0,0.0,0.0,0.0,10.198039027185569,9.486832980505138,8.06225774829855,8.06225774829855,7.211102550927978,5.830951894845301,5.0,5.0,3.605551275463989,2.23606797749979,2.0,2.8284271247461903,4.123105625617661,5.385164807134504,6.708203932499369,7.211102550927978,8.06225774829855,9.433981132056603,10.63014581273465,9.899494936611665,9.219544457292887,7.810249675906654,7.211102550927978,6.4031242374328485,5.830951894845301,4.47213595499958
1787403203.3713174,-69,0.0,27.16615541441225,26.1725046566048,23.345235059857504,19.4164878389476,14.560219778561036,10.295630140987,7.211102550927978,7.0,9.848857801796104,12.529964086141668,13.892443989449804,15.652475842498529,18.384776310850235,18.973665961010276,19.924858845171276,20.396078054371138,19.235384061671343,18.027756377319946,16.0,14.0,11.0,8.0,4.123105625617661,2.23606797749979,2.8284271247461903,4.242640687119285,0.0,0.0,0.0,0.0,0.0,0.0,0.0,0.0,0.0,0.0,0.0,3.605551275463989,1.4142135623730951,1.0,2.23606797749979,3.605551275463989,5.0,7.0710678118654755,8.602325267042627,10.295630140987,11.180339887498949,13.0,12.649110640673518,12.041594578792296,12.0,12.041594578792296,11.180339887498949,10.44030650891055,8.246211251235321,7.0710678118654755,5.0990195135927845,5.0,8.246211251235321,12.041594578792296,17.0,21.02379604162864,24.020824298928627
1787403203.3713174,-70,0.0,24.698178070456937,23.769728648009426,21.93171219946131,17.88854381999832,13.038404810405298,9.219544457292887,6.324555320336759,6.708203932499369,9.219544457292887,12.041594578792296,13.45362404707371,14.142135623730951,15.620499351813308,16.401219466856727,17.4928556845359,17.46424919657298,17.72004514666935,16.492422502470642,14.142135623730951,12.041594578792296,10.04987562112089,8.06225774829855,4.123105625617661,1.4142135623730951,1.4142135623730951,3.605551275463989,0.0,0.0,0.0,0.0,0.0,0.0,0.0,0.0,0.0,0.0,0.0,3.0,1.0,1.0,1.0,2.23606797749979,3.605551275463989,5.656854249492381,7.0710678118654755,9.219544457292887,10.0,11.661903789690601,12.529964086141668,12.083045973594572,11.40175425099138,11.180339887498949,10.198039027185569,8.06225774829855,7.0710678118654755,5.0990195135927845,4.242640687119285,5.385164807134504,8.0,11.180339887498949,16.492422502470642,19.924858845171276,21.18962010041709
1787403203.563454,-35,0.0,14.142135623730951,13.45362404707371,14.212670403551895,13.45362404707371,14.142135623730951,13.45362404707371,13.45362404707371,13.45362404707371,13.45362404707371,13.601470508735444,13.601470508735444,14.422205101855956,14.422205101855956,15.264337522473747,13.892443989449804,15.264337522473747,14.7648230602334,15.264337522473747,15.811388300841896,15.264337522473747,15.264337522473747,15.0,15.0,14.866068747318506,14.142135623730951,13.45362404707371,0.0,0.0,0.0,0.0,0.0,0.0,0.0,0.0,0.0,0.0,0.0,11.661903789690601,12.529964086141668,13.0,14.560219778561036,12.36931687685298,13.601470508735444,13.341664064126334,13.601470508735444,13.341664064126334,14.317821063276353,14.142135623730951,13.341664064126334,13.601470508735444,13.341664064126334,13.601470508735444,12.649110640673518,13.601470508735444,12.649110640673518,13.0,12.529964086141668,12.529964086141668,12.529964086141668,13.038404810405298,13.038404810405298,13.038404810405298,13.038404810405298
1787403203.7352123,-71,0.0,32.2490309931942,30.528675044947494,27.459060435491963,23.600847442411894,19.1049731745428,15.0,12.36931687685298,12.165525060596439,13.0,15.264337522473747,16.1245154965971,16.55294535724685,18.027756377319946,18.681541692269406,18.24828759089466,18.027756377319946,17.029386365926403,15.297058540778355,13.92838827718412,12.083045973594572,10.295630140987,6.708203932499369,3.1622776601683795,1.0,4.47213595499958,5.830951894845301,0.0,0.0,0.0,0.0,0.0,0.0,0.0,0.0,0.0,0.0,0.0,4.123105625617661,2.23606797749979,2.0,3.0,4.123105625617661,6.324555320336759,7.615773105863909,9.433981132056603,12.206555615733702,13.45362404707371,16.278820596099706,17.204650534085253,16.55294535724685,15.811388300841896,15.524174696260024,14.142135623730951,13.152946437965905,11.045361017187261,8.54400374531753,7.0710678118654755,7.0710678118654755,10.44030650891055,15.652475842498529,21.470910553583888,26.419689627245813,30.4138126514911
1787403203.759093,-70,0.0,28.231188426986208,27.313000567495326,24.166091947189145,19.697715603592208,16.1245154965971,12.727922061357855,10.295630140987,10.04987562112089,11.40175425099138,13.0,13.601470508735444,14.317821063276353,15.132745950421556,16.0,17.029386365926403,17.26267650163207,15.811388300841896,14.317821063276353,12.529964086141668,10.0,7.810249675906654,5.0,2.0,1.0,3.605551275463989,5.385164807134504,0.0,0.0,0.0,0.0,0.0,0.0,0.0,0.0,0.0,0.0,0.0,4.47213595499958,1.4142135623730951,3.1622776601683795,4.123105625617661,3.0,3.0,5.0,8.06225774829855,11.40175425099138,12.806248474865697,12.727922061357855,14.212670403551895,15.264337522473747,13.92838827718412,12.165525060596439,12.36931687685298,11.40175425099138,10.44030650891055,7.615773105863909,6.4031242374328485,7.0710678118654755,10.198039027185569,15.811388300841896,21.18962010041709,24.698178070456937,25.079872407968907
1787403203.7668457,-71,0.0,33.734255586866,31.78049716414141,27.65863337187866,23.345235059857504,19.026297590440446,15.297058540778355,13.038404810405298,13.038404810405298,14.560219778561036,16.278820596099706,17.46424919657298,18.027756377319946,18.788294228055936,20.248456731316587,20.615528128088304,21.213203435596427,19.849433241279208,17.204650534085253,16.1245154965971,13.0,9.219544457292887,5.385164807134504,2.23606797749979,3.1622776601683795,6.082762530298219,9.0,0.0,0.0,0.0,0.0,0.0,0.0,0.0,0.0,0.0,0.0,0.0,5.385164807134504,2.23606797749979,1.0,3.605551275463989,5.385164807134504,6.4031242374328485,9.433981132056603,10.44030650891055,12.041594578792296,13.038404810405298,14.035668847618199,17.029386365926403,19.235384061671343,19.924858845171276,18.35755975068582,15.811388300841896,13.038404810405298,11.661903789690601,10.44030650891055,9.055385138137417,10.0,13.038404810405298,18.973665961010276,25.709920264364882,30.59411708155671,34.713109915419565
1787403203.7946014,-70,0.0,28.178005607210743,25.942243542145693,22.825424421026653,20.12461179749811,15.811388300841896,12.041594578792296,9.219544457292887,10.0,10.816653826391969,11.704699910719626,13.0,13.892443989449804,14.422205101855956,15.620499351813308,15.620499351813308,15.264337522473747,14.7648230602334,13.0,11.180339887498949,9.0,7.0710678118654755,4.123105625617661,1.0,2.0,5.0,6.0,0.0,0.0,0.0,0.0,0.0,0.0,0.0,0.0,0.0,0.0,0.0,5.0,2.8284271247461903,1.0,2.23606797749979,3.1622776601683795,5.0990195135927845,7.0710678118654755,9.0,11.045361017187261,12.165525060596439,14.317821063276353,14.866068747318506,15.231546211727817,14.7648230602334,15.0,13.45362404707371,13.45362404707371,11.40175425099138,8.94427190999916,7.0710678118654755,7.615773105863909,10.63014581273465,14.212670403551895,18.867962264113206,24.186773244895647,26.419689627245813
1787403204.0431483,-73,0.0,28.635642126552707,27.730849247724095,25.079872407968907,21.540659228538015,16.76305461424021,12.165525060596439,9.055385138137417,7.211102550927978,6.708203932499369,9.219544457292887,10.198039027185569,11.40175425099138,13.0,14.317821063276353,15.264337522473747,15.0,14.212670403551895,12.041594578792296,10.816653826391969,9.848857801796104,8.54400374531753,5.385164807134504,2.23606797749979,0.0,2.0,3.1622776601683795,0.0,0.0,0.0,0.0,0.0,0.0,0.0,0.0,0.0,0.0,0.0,3.605551275463989,2.8284271247461903,1.4142135623730951,1.0,2.23606797749979,4.47213595499958,6.324555320336759,9.055385138137417,11.045361017187261,14.0,15.0,15.033296378372908,14.317821063276353,13.92838827718412,13.416407864998739,13.038404810405298,12.206555615733702,10.0,8.06225774829855,7.280109889280518,6.324555320336759,9.219544457292887,13.038404810405298,18.35755975068582,22.360679774997898,25.495097567963924
1787403204.0509002,-73,0.0,28.0,27.0,25.019992006393608,21.095023109728988,17.26267650163207,12.649110640673518,9.219544457292887,7.615773105863909,8.0,9.219544457292887,10.44030650891055,11.40175425099138,14.142135623730951,15.0,15.033296378372908,15.297058540778355,14.560219778561036,13.92838827718412,12.083045973594572,10.816653826391969,8.602325267042627,6.4031242374328485,3.605551275463989,1.0,1.4142135623730951,3.605551275463989,0.0,0.0,0.0,0.0,0.0,0.0,0.0,0.0,0.0,0.0,0.0,3.1622776601683795,2.0,0.0,1.4142135623730951,2.8284271247461903,3.605551275463989,5.0,7.615773105863909,10.770329614269007,12.649110640673518,13.341664064126334,13.152946437965905,13.038404810405298,13.038404810405298,12.165525060596439,11.40175425099138,10.770329614269007,9.486832980505138,7.280109889280518,5.0990195135927845,5.656854249492381,7.615773105863909,12.36931687685298,17.11724276862369,22.02271554554524,25.079872407968907
1787403204.0785513,-73,0.0,29.546573405388315,26.92582403567252,24.698178070456937,21.18962010041709,16.492422502470642,12.041594578792296,8.06225774829855,5.656854249492381,7.0710678118654755,9.0,10.0,12.041594578792296,13.152946437965905,14.560219778561036,15.231546211727817,15.652475842498529,14.422205101855956,12.806248474865697,11.313708498984761,10.0,7.211102550927978,5.0,1.4142135623730951,1.4142135623730951,3.1622776601683795,4.123105625617661,0.0,0.0,0.0,0.0,0.0,0.0,0.0,0.0,0.0,0.0,0.0,5.0,3.605551275463989,1.4142135623730951,1.0,3.1622776601683795,5.0990195135927845,7.0,10.0,13.0,14.0,15.033296378372908,15.132745950421556,15.297058540778355,15.811388300841896,14.7648230602334,14.422205101855956,12.806248474865697,11.40175425099138,8.602325267042627,6.324555320336759,6.082762530298219,8.602325267042627,13.038404810405298,17.88854381999832,22.847319317591726,26.40075756488817
1787403204.1030777,-73,0.0,31.575306807693888,30.265491900843113,27.16615541441225,24.186773244895647,19.026297590440446,14.142135623730951,9.848857801796104,8.06225774829855,8.0,10.04987562112089,12.165525060596439,14.035668847618199,15.033296378372908,16.1245154965971,16.492422502470642,17.08800749063506,17.0,15.264337522473747,13.45362404707371,12.041594578792296,10.0,7.211102550927978,4.242640687119285,1.4142135623730951,2.0,4.123105625617661,0.0,0.0,0.0,0.0,0.0,0.0,0.0,0.0,0.0,0.0,0.0,3.1622776601683795,2.23606797749979,1.0,1.4142135623730951,2.8284271247461903,4.242640687119285,6.708203932499369,9.486832980505138,11.704699910719626,13.341664064126334,15.297058540778355,15.132745950421556,15.033296378372908,15.033296378372908,14.560219778561036,13.92838827718412,12.529964086141668,10.295630140987,8.54400374531753,6.0,6.4031242374328485,9.433981132056603,14.866068747318506,20.396078054371138,25.495097567963924,28.442925306655784
1787403204.350875,-71,0.0,27.459060435491963,26.30589287593181,24.186773244895647,20.09975124224178,16.0312195418814,11.180339887498949,8.602325267042627,7.615773105863909,8.0,10.04987562112089,12.041594578792296,13.0,14.142135623730951,16.492422502470642,17.08800749063506,17.46424919657298,16.64331697709324,15.620499351813308,14.142135623730951,12.806248474865697,10.0,7.211102550927978,3.605551275463989,1.0,2.23606797749979,4.123105625617661,0.0,0.0,0.0,0.0,0.0,0.0,0.0,0.0,0.0,0.0,0.0,6.4031242374328485,5.0,3.1622776601683795,3.0,4.123105625617661,6.708203932499369,8.94427190999916,10.770329614269007,13.601470508735444,15.811388300841896,17.08800749063506,16.76305461424021,15.297058540778355,14.035668847618199,12.041594578792296,11.180339887498949,10.198039027185569,8.246211251235321,7.0710678118654755,6.082762530298219,7.810249675906654,10.295630140987,14.866068747318506,19.6468827043885,23.345235059857504,25.317977802344327
1787403204.364606,-70,0.0,27.16615541441225,26.076809620810597,22.090722034374522,18.027756377319946,13.038404810405298,9.486832980505138,7.0710678118654755,8.54400374531753,10.0,12.165525060596439,13.341664064126334,14.035668847618199,14.035668847618199,16.1245154965971,17.46424919657298,18.027756377319946,17.88854381999832,16.64331697709324,14.422205101855956,12.806248474865697,11.313708498984761,7.810249675906654,5.0,2.0,3.1622776601683795,4.0,0.0,0.0,0.0,0.0,0.0,0.0,0.0,0.0,0.0,0.0,0.0,6.324555320336759,5.385164807134504,3.605551275463989,2.23606797749979,3.0,4.123105625617661,7.0710678118654755,10.198039027185569,13.341664064126334,15.524174696260024,16.76305461424021,17.72004514666935,16.278820596099706,14.035668847618199,13.038404810405298,11.180339887498949,10.198039027185569,8.246211251235321,7.0710678118654755,6.324555320336759,7.0710678118654755,9.848857801796104,14.317821063276353,18.24828759089466,22.20360331117452,23.194827009486403
1787403204.3841343,-70,0.0,26.076809620810597,25.019992006393608,21.0,18.027756377319946,13.341664064126334,8.94427190999916,6.4031242374328485,6.324555320336759,7.0710678118654755,8.94427190999916,10.295630140987,11.180339887498949,14.035668847618199,16.492422502470642,16.15549442140351,15.264337522473747,16.401219466856727,16.278820596099706,14.212670403551895,12.206555615733702,11.661903789690601,8.06225774829855,4.242640687119285,2.0,3.605551275463989,5.0990195135927845,0.0,0.0,0.0,0.0,0.0,0.0,0.0,0.0,0.0,0.0,0.0,6.708203932499369,5.385164807134504,3.605551275463989,3.0,4.47213595499958,6.708203932499369,7.615773105863909,10.770329614269007,13.038404810405298,14.866068747318506,17.029386365926403,17.029386365926403,15.620499351813308,14.212670403551895,12.529964086141668,11.704699910719626,9.486832980505138,8.246211251235321,7.280109889280518,6.4031242374328485,7.615773105863909,11.180339887498949,13.038404810405298,17.029386365926403,21.095023109728988,23.194827009486403
1787403204.3991773,-70,0.0,28.284271247461902,27.586228448267445,24.041630560342615,19.849433241279208,15.811388300841896,12.083045973594572,10.0,8.94427190999916,10.63014581273465,11.313708498984761,12.727922061357855,14.212670403551895,15.264337522473747,16.15549442140351,16.76305461424021,17.46424919657298,17.029386365926403,16.0312195418814,15.132745950421556,12.36931687685298,10.44030650891055,7.615773105863909,4.123105625617661,1.0,1.4142135623730951,3.605551275463989,0.0,0.0,0.0,0.0,0.0,0.0,0.0,0.0,0.0,0.0,0.0,6.324555320336759,4.47213595499958,2.23606797749979,3.1622776601683795,4.0,6.0,7.0,10.04987562112089,13.152946437965905,16.1245154965971,18.110770276274835,18.110770276274835,15.524174696260024,14.866068747318506,14.317821063276353,13.416407864998739,11.661903789690601,9.433981132056603,6.708203932499369,6.0,7.615773105863909,10.816653826391969,14.212670403551895,20.518284528683193,24.041630560342615,24.758836806279895
1787403204.4151301,-70,0.0,28.284271247461902,27.586228448267445,24.758836806279895,20.518284528683193,15.620499351813308,11.661903789690601,8.06225774829855,6.708203932499369,8.602325267042627,11.180339887498949,11.180339887498949,11.661903789690601,14.212670403551895,15.556349186104045,17.029386365926403,18.027756377319946,17.0,16.15549442140351,13.601470508735444,11.40175425099138,9.055385138137417,6.0,3.0,1.0,3.1622776601683795,5.0990195135927845,0.0,0.0,0.0,0.0,0.0,0.0,0.0,0.0,0.0,0.0,0.0,4.0,3.1622776601683795,3.1622776601683795,3.0,2.23606797749979,6.082762530298219,10.44030650891055,11.40175425099138,12.36931687685298,15.297058540778355,18.439088914585774,18.681541692269406,15.811388300841896,13.416407864998739,13.601470508735444,13.45362404707371,12.041594578792296,10.63014581273465,8.602325267042627,7.615773105863909,7.0,9.848857801796104,14.422205101855956,19.209372712298546,23.345235059857504,26.1725046566048
1787403204.9842446,-85,0.0,14.317821063276353,13.0,12.649110640673518,11.704699910719626,9.848857801796104,8.54400374531753,8.246211251235321,6.082762530298219,5.0,5.0990195135927845,5.0990195135927845,4.123105625617661,4.47213595499958,5.385164807134504,6.324555320336759,5.385164807134504,6.082762530298219,7.0,7.0,7.0,7.0710678118654755,6.324555320336759,6.324555320336759,5.830951894845301,6.4031242374328485,5.656854249492381,0.0,0.0,0.0,0.0,0.0,0.0,0.0,0.0,0.0,0.0,0.0,8.06225774829855,9.219544457292887,11.40175425099138,13.038404810405298,14.7648230602334,16.15549442140351,18.027756377319946,17.72004514666935,17.72004514666935,16.492422502470642,14.317821063276353,12.36931687685298,9.219544457292887,8.246211251235321,5.385164807134504,4.123105625617661,3.1622776601683795,3.1622776601683795,4.123105625617661,4.123105625617661,6.082762530298219,9.055385138137417,10.198039027185569,12.165525060596439,14.142135623730951,16.1245154965971
1787403205.0505624,-70,0.0,23.345235059857504,22.67156809750927,23.430749027719962,22.80350850198276,21.633307652783937,20.248456731316587,18.35755975068582,16.1245154965971,14.422205101855956,13.601470508735444,11.40175425099138,10.63014581273465,10.63014581273465,10.63014581273465,11.40175425099138,11.40175425099138,10.816653826391969,10.816653826391969,9.433981132056603,9.433981132056603,9.433981132056603,8.94427190999916,8.06225774829855,7.211102550927978,6.708203932499369,5.830951894845301,0.0,0.0,0.0,0.0,0.0,0.0,0.0,0.0,0.0,0.0,0.0,6.4031242374328485,5.0,3.605551275463989,3.1622776601683795,4.0,5.0990195135927845,6.082762530298219,7.280109889280518,8.246211251235321,8.246211251235321,9.219544457292887,8.06225774829855,7.280109889280518,7.615773105863909,8.06225774829855,8.602325267042627,10.63014581273465,11.313708498984761,12.727922061357855,13.45362404707371,14.142135623730951,16.278820596099706,17.69180601295413,19.79898987322333,21.213203435596427,22.627416997969522
1787403205.247542,-70,0.0,25.179356624028344,24.08318915758459,22.090722034374522,19.026297590440446,14.560219778561036,13.038404810405298,12.727922061357855,9.848857801796104,10.0,10.44030650891055,10.770329614269007,13.0,14.866068747318506,16.76305461424021,17.72004514666935,19.4164878389476,18.439088914585774,16.278820596099706,14.0,10.04987562112089,7.0710678118654755,3.1622776601683795,0.0,3.0,4.0,3.605551275463989,0.0,0.0,0.0,0.0,0.0,0.0,0.0,0.0,0.0,0.0,0.0,4.47213595499958,1.4142135623730951,1.0,2.0,4.123105625617661,6.708203932499369,9.219544457292887,12.727922061357855,14.866068747318506,15.620499351813308,16.278820596099706,17.204650534085253,16.55294535724685,16.492422502470642,16.1245154965971,14.142135623730951,12.041594578792296,11.045361017187261,7.0,5.656854249492381,8.06225774829855,10.44030650891055,13.0,16.0312195418814,19.026297590440446,22.090722034374522
1787403205.6615784,-69,0.0,22.847319317591726,24.166091947189145,25.059928172283335,24.186773244895647,23.853720883753127,23.021728866442675,20.808652046684813,18.601075237738275,17.204650534085253,17.204650534085253,15.811388300841896,13.892443989449804,13.892443989449804,13.416407864998739,13.0,12.083045973594572,12.649110640673518,12.649110640673518,11.704699910719626,11.40175425099138,10.198039027185569,10.198039027185569,9.219544457292887,9.219544457292887,8.246211251235321,8.246211251235321,0.0,0.0,0.0,0.0,0.0,0.0,0.0,0.0,0.0,0.0,0.0,6.324555320336759,5.0990195135927845,4.0,4.0,5.0990195135927845,5.385164807134504,5.830951894845301,6.708203932499369,8.06225774829855,8.94427190999916,9.848857801796104,8.94427190999916,8.602325267042627,8.602325267042627,9.219544457292887,10.63014581273465,10.816653826391969,11.661903789690601,12.529964086141668,13.892443989449804,13.892443989449804,15.652475842498529,17.08800749063506,18.973665961010276,21.540659228538015,22.847319317591726
1787403206.2782485,-91,0.0,10.04987562112089,9.0,9.055385138137417,9.055385138137417,8.06225774829855,7.0710678118654755,6.082762530298219,5.0990195135927845,5.0990195135927845,5.0,4.0,3.0,2.8284271247461903,3.605551275463989,5.0,5.0,4.47213595499958,5.385164807134504,7.0,7.0,7.0710678118654755,6.082762530298219,4.123105625617661,3.605551275463989,4.242640687119285,3.605551275463989,0.0,0.0,0.0,0.0,0.0,0.0,0.0,0.0,0.0,0.0,0.0,14.866068747318506,14.317821063276353,13.038404810405298,11.0,9.219544457292887,7.615773105863909,7.0710678118654755,8.06225774829855,7.280109889280518,6.082762530298219,5.385164807134504,5.830951894845301,5.830951894845301,5.0,5.830951894845301,6.708203932499369,7.615773105863909,8.54400374531753,9.219544457292887,9.848857801796104,11.180339887498949,12.529964086141668,13.892443989449804,13.892443989449804,13.892443989449804,14.422205101855956
1787403206.2887242,-90,0.0,14.866068747318506,13.45362404707371,11.313708498984761,9.899494936611665,9.219544457292887,7.0710678118654755,5.0,3.605551275463989,2.23606797749979,2.23606797749979,2.0,3.0,5.0990195135927845,5.0990195135927845,5.0990195135927845,5.0990195135927845,5.385164807134504,5.0990195135927845,4.47213595499958,4.47213595499958,3.605551275463989,2.8284271247461903,3.605551275463989,2.8284271247461903,2.23606797749979,2.23606797749979,0.0,0.0,0.0,0.0,0.0,0.0,0.0,0.0,0.0,0.0,0.0,20.12461179749811,19.697715603592208,18.027756377319946,15.524174696260024,12.041594578792296,10.198039027185569,8.94427190999916,9.899494936611665,10.816653826391969,9.433981132056603,8.94427190999916,8.06225774829855,7.211102550927978,6.4031242374328485,5.385164807134504,6.0,7.280109889280518,9.433981132056603,10.0,12.041594578792296,12.041594578792296,12.727922061357855,13.45362404707371,14.866068747318506,14.212670403551895,14.212670403551895
1787403206.6864614,-68,0.0,21.93171219946131,21.93171219946131,21.213203435596427,20.518284528683193,20.518284528683193,18.439088914585774,17.029386365926403,15.620499351813308,14.212670403551895,12.727922061357855,12.041594578792296,11.40175425099138,10.816653826391969,11.661903789690601,11.661903789690601,11.661903789690601,11.180339887498949,11.180339887498949,11.180339887498949,11.180339887498949,11.180339887498949,10.295630140987,10.295630140987,9.433981132056603,8.06225774829855,7.211102550927978,0.0,0.0,0.0,0.0,0.0,0.0,0.0,0.0,0.0,0.0,0.0,3.1622776601683795,3.1622776601683795,3.605551275463989,4.242640687119285,5.656854249492381,7.0710678118654755,7.0710678118654755,7.810249675906654,8.48528137423857,8.602325267042627,8.602325267042627,8.602325267042627,8.48528137423857,9.219544457292887,10.0,11.40175425099138,11.40175425099138,12.806248474865697,13.601470508735444,14.212670403551895,15.0,15.811388300841896,17.204650534085253,18.601075237738275,20.0,21.400934559032695
1787403206.7017782,-67,0.0,34.48187929913333,33.61547262794322,32.2490309931942,27.784887978899608,22.20360331117452,17.029386365926403,12.806248474865697,8.54400374531753,8.0,8.54400374531753,9.433981132056603,12.206555615733702,14.422205101855956,17.204650534085253,18.35755975068582,19.697715603592208,20.248456731316587,19.6468827043885,17.46424919657298,15.297058540778355,13.601470508735444,9.486832980505138,6.324555320336759,2.8284271247461903,3.1622776601683795,4.242640687119285,0.0,0.0,0.0,0.0,0.0,0.0,0.0,0.0,0.0,0.0,0.0,5.0,3.605551275463989,2.23606797749979,1.0,2.23606797749979,3.0,5.830951894845301,8.602325267042627,12.806248474865697,16.278820596099706,16.97056274847714,16.278820596099706,17.0,17.72004514666935,17.46424919657298,16.492422502470642,15.132745950421556,14.0,12.0,7.280109889280518,5.0,7.0,12.165525060596439,18.973665961010276,25.079872407968907,28.635642126552707
1787403206.7271414,-67,0.0,29.732137494637012,30.4138126514911,27.586228448267445,22.627416997969522,19.849433241279208,15.811388300841896,9.848857801796104,7.0,6.324555320336759,6.4031242374328485,7.615773105863909,10.0,12.806248474865697,15.0,15.620499351813308,16.97056274847714,17.029386365926403,16.401219466856727,14.422205101855956,12.806248474865697,11.40175425099138,9.219544457292887,7.0710678118654755,3.1622776601683795,4.242640687119285,6.4031242374328485,0.0,0.0,0.0,0.0,0.0,0.0,0.0,0.0,0.0,0.0,0.0,3.605551275463989,3.0,3.1622776601683795,2.8284271247461903,1.4142135623730951,3.1622776601683795,5.830951894845301,8.94427190999916,11.180339887498949,14.7648230602334,16.1245154965971,16.401219466856727,16.278820596099706,15.811388300841896,15.652475842498529,15.811388300841896,15.297058540778355,13.152946437965905,11.40175425099138,7.615773105863909,4.242640687119285,6.082762530298219,9.848857801796104,14.422205101855956,18.439088914585774,21.93171219946131
1787403206.7486284,-67,0.0,26.0,25.019992006393608,23.0,19.0,16.1245154965971,13.341664064126334,9.486832980505138,7.0710678118654755,6.324555320336759,8.06225774829855,9.055385138137417,10.0,11.0,13.038404810405298,14.142135623730951,15.297058540778355,14.560219778561036,13.92838827718412,12.083045973594572,11.180339887498949,8.94427190999916,6.324555320336759,4.0,2.23606797749979,3.0,5.0990195135927845,0.0,0.0,0.0,0.0,0.0,0.0,0.0,0.0,0.0,0.0,0.0,2.23606797749979,1.4142135623730951,1.4142135623730951,1.4142135623730951,1.0,2.23606797749979,5.0,6.708203932499369,9.486832980505138,11.40175425099138,12.36931687685298,12.041594578792296,13.038404810405298,13.152946437965905,13.601470508735444,13.416407864998739,12.529964086141668,11.180339887498949,9.433981132056603,6.708203932499369,5.0,5.656854249492381,8.54400374531753,13.341664064126334,17.11724276862369,19.026297590440446
1787403206.7486284,-67,0.0,25.317977802344327,25.317977802344327,23.345235059857504,20.396078054371138,17.46424919657298,13.0,9.433981132056603,6.4031242374328485,6.0,7.280109889280518,8.54400374531753,10.44030650891055,11.40175425099138,13.152946437965905,14.142135623730951,15.033296378372908,15.0,15.132745950421556,13.152946437965905,11.180339887498949,9.055385138137417,6.0,4.123105625617661,2.23606797749979,3.1622776601683795,5.0,0.0,0.0,0.0,0.0,0.0,0.0,0.0,0.0,0.0,0.0,0.0,5.0,4.123105625617661,2.8284271247461903,1.4142135623730951,2.23606797749979,2.8284271247461903,4.47213595499958,7.615773105863909,11.180339887498949,13.416407864998739,13.92838827718412,14.560219778561036,15.132745950421556,15.033296378372908,15.033296378372908,15.297058540778355,14.560219778561036,12.649110640673518,10.198039027185569,7.0,5.385164807134504,5.830951894845301,9.055385138137417,14.035668847618199,18.110770276274835,21.095023109728988
1787403206.7846138,-68,0.0,26.419689627245813,26.076809620810597,24.698178070456937,20.808652046684813,17.029386365926403,12.727922061357855,8.06225774829855,6.082762530298219,5.385164807134504,5.656854249492381,8.602325267042627,10.63014581273465,12.041594578792296,12.727922061357855,14.866068747318506,16.401219466856727,15.811388300841896,15.264337522473747,13.892443989449804,11.661903789690601,10.295630140987,7.211102550927978,4.242640687119285,1.4142135623730951,2.0,4.123105625617661,0.0,0.0,0.0,0.0,0.0,0.0,0.0,0.0,0.0,0.0,0.0,2.23606797749979,1.4142135623730951,2.23606797749979,3.1622776601683795,4.123105625617661,4.47213595499958,6.4031242374328485,8.48528137423857,10.0,13.038404810405298,15.264337522473747,14.7648230602334,13.92838827718412,13.341664064126334,12.041594578792296,12.0,10.04987562112089,9.219544457292887,7.0710678118654755,4.0,3.605551275463989,5.0,8.246211251235321,13.0,16.55294535724685,20.12461179749811
1787403207.397461,-69,0.0,24.20743687382041,23.430749027719962,22.67156809750927,22.67156809750927,21.213203435596427,19.849433241279208,19.209372712298546,18.027756377319946,16.64331697709324,15.0,13.45362404707371,12.727922061357855,12.806248474865697,13.601470508735444,14.212670403551895,12.806248474865697,12.206555615733702,11.661903789690601,10.816653826391969,12.206555615733702,12.806248474865697,11.40175425099138,12.041594578792296,12.041594578792296,10.63014581273465,9.219544457292887,0.0,0.0,0.0,0.0,0.0,0.0,0.0,0.0,0.0,0.0,0.0,6.082762530298219,6.324555320336759,6.708203932499369,7.211102550927978,7.810249675906654,7.810249675906654,9.219544457292887,10.63014581273465,11.40175425099138,12.206555615733702,13.038404810405298,12.206555615733702,10.816653826391969,10.63014581273465,11.313708498984761,12.041594578792296,12.727922061357855,13.45362404707371,12.806248474865697,14.212670403551895,15.620499351813308,17.204650534085253,18.027756377319946,20.248456731316587,21.095023109728988,21.633307652783937
1787403207.8265111,-68,0.0,27.85677655436824,25.632011235952593,22.847319317591726,19.697715603592208,14.7648230602334,10.63014581273465,6.708203932499369,6.082762530298219,7.211102550927978,9.899494936611665,11.313708498984761,12.041594578792296,13.038404810405298,14.7648230602334,16.15549442140351,16.76305461424021,17.26267650163207,17.11724276862369,15.0,13.0,11.0,8.0,4.123105625617661,1.0,3.605551275463989,5.385164807134504,0.0,0.0,0.0,0.0,0.0,0.0,0.0,0.0,0.0,0.0,0.0,4.0,1.0,4.242640687119285,4.47213595499958,5.385164807134504,6.4031242374328485,8.94427190999916,12.529964086141668,15.0,15.811388300841896,18.601075237738275,18.867962264113206,17.0,16.55294535724685,15.811388300841896,14.560219778561036,11.40175425099138,9.486832980505138,8.06225774829855,6.4031242374328485,7.280109889280518,9.055385138137417,13.341664064126334,17.72004514666935,22.135943621178654,24.698178070456937
1787403207.9324608,-69,0.0,26.019223662515376,25.019992006393608,22.02271554554524,19.026297590440446,15.132745950421556,10.44030650891055,6.4031242374328485,6.082762530298219,7.280109889280518,8.94427190999916,9.848857801796104,10.770329614269007,13.341664064126334,15.132745950421556,16.0312195418814,17.11724276862369,17.26267650163207,16.492422502470642,14.866068747318506,12.649110640673518,10.44030650891055,8.246211251235321,4.0,2.8284271247461903,4.123105625617661,5.830951894845301,0.0,0.0,0.0,0.0,0.0,0.0,0.0,0.0,0.0,0.0,0.0,5.830951894845301,3.605551275463989,2.23606797749979,3.0,4.123105625617661,5.0990195135927845,7.280109889280518,10.198039027185569,12.649110640673518,14.866068747318506,16.492422502470642,17.26267650163207,17.11724276862369,17.029386365926403,16.0312195418814,14.142135623730951,12.165525060596439,10.198039027185569,8.0,6.708203932499369,6.4031242374328485,9.219544457292887,13.038404810405298,17.0,21.02379604162864,23.021728866442675
1787403207.9482765,-69,0.0,28.600699292150182,27.202941017470888,24.20743687382041,20.615528128088304,15.556349186104045,11.661903789690601,8.06225774829855,6.324555320336759,8.48528137423857,9.433981132056603,10.816653826391969,11.40175425099138,12.727922061357855,14.422205101855956,16.1245154965971,17.46424919657298,16.76305461424021,16.278820596099706,15.132745950421556,13.152946437965905,11.045361017187261,7.0710678118654755,3.1622776601683795,1.0,3.1622776601683795,5.385164807134504,0.0,0.0,0.0,0.0,0.0,0.0,0.0,0.0,0.0,0.0,0.0,5.0,5.0,3.1622776601683795,2.8284271247461903,5.0990195135927845,6.324555320336759,9.486832980505138,13.0,15.652475842498529,17.0,17.4928556845359,18.027756377319946,16.278820596099706,16.278820596099706,16.401219466856727,15.0,13.038404810405298,11.661903789690601,9.219544457292887,7.211102550927978,7.0710678118654755,9.486832980505138,13.416407864998739,17.4928556845359,21.633307652783937,24.413111231467404
1787403207.9799044,-69,0.0,25.96150997149434,25.0,23.08679276123039,20.248456731316587,16.1245154965971,12.041594578792296,8.94427190999916,7.0710678118654755,8.246211251235321,9.848857801796104,11.180339887498949,11.704699910719626,13.341664064126334,15.033296378372908,16.0312195418814,17.26267650163207,17.46424919657298,16.76305461424021,14.866068747318506,13.0,11.180339887498949,7.615773105863909,4.47213595499958,2.0,2.0,3.1622776601683795,0.0,0.0,0.0,0.0,0.0,0.0,0.0,0.0,0.0,0.0,0.0,3.1622776601683795,2.0,1.0,2.23606797749979,3.0,4.0,5.385164807134504,7.810249675906654,11.40175425099138,13.601470508735444,15.0,15.556349186104045,15.620499351813308,15.811388300841896,14.7648230602334,12.649110640673518,11.40175425099138,8.54400374531753,7.211102550927978,6.4031242374328485,7.0710678118654755,10.04987562112089,14.142135623730951,17.46424919657298,21.840329667841555,24.041630560342615
1787403207.9939382,-69,0.0,28.0178514522438,26.40075756488817,24.20743687382041,20.615528128088304,15.556349186104045,12.206555615733702,8.54400374531753,7.0710678118654755,7.211102550927978,9.899494936611665,11.40175425099138,12.727922061357855,14.422205101855956,15.652475842498529,17.08800749063506,18.439088914585774,18.110770276274835,18.027756377319946,17.0,15.033296378372908,12.041594578792296,9.0,6.082762530298219,2.23606797749979,2.23606797749979,3.605551275463989,0.0,0.0,0.0,0.0,0.0,0.0,0.0,0.0,0.0,0.0,0.0,4.123105625617661,3.1622776601683795,2.23606797749979,2.23606797749979,3.0,5.0990195135927845,7.280109889280518,9.848857801796104,13.0,15.231546211727817,16.55294535724685,16.1245154965971,15.811388300841896,15.620499351813308,14.142135623730951,13.45362404707371,11.40175425099138,9.899494936611665,8.602325267042627,7.280109889280518,8.06225774829855,10.770329614269007,14.7648230602334,19.4164878389476,23.600847442411894,25.238858928247925
1787403208.0153973,-67,0.0,28.319604517012593,26.90724809414742,24.08318915758459,19.209372712298546,15.811388300841896,12.083045973594572,8.0,5.0,5.830951894845301,7.211102550927978,9.433981132056603,10.0,12.041594578792296,15.0,14.7648230602334,16.55294535724685,17.88854381999832,17.46424919657298,16.76305461424021,15.297058540778355,12.165525060596439,8.06225774829855,5.0990195135927845,3.1622776601683795,1.4142135623730951,2.0,0.0,0.0,0.0,0.0,0.0,0.0,0.0,0.0,0.0,0.0,0.0,4.47213595499958,2.0,2.23606797749979,2.23606797749979,4.123105625617661,6.324555320336759,9.055385138137417,11.0,13.152946437965905,14.317821063276353,15.524174696260024,15.811388300841896,15.231546211727817,15.652475842498529,14.422205101855956,12.806248474865697,11.40175425099138,10.295630140987,9.486832980505138,8.06225774829855,8.246211251235321,10.0,14.212670403551895,18.439088914585774,21.213203435596427,22.627416997969522
1787403208.1078844,-69,0.0,25.495097567963924,24.515301344262525,22.561028345356956,18.439088914585774,15.132745950421556,11.0,6.324555320336759,3.605551275463989,5.0990195135927845,6.324555320336759,8.54400374531753,11.40175425099138,13.152946437965905,15.0,16.0312195418814,18.110770276274835,18.439088914585774,17.46424919657298,15.811388300841896,13.601470508735444,10.770329614269007,8.246211251235321,5.0,3.605551275463989,4.123105625617661,5.0,0.0,0.0,0.0,0.0,0.0,0.0,0.0,0.0,0.0,0.0,0.0,5.0990195135927845,4.123105625617661,3.0,2.23606797749979,3.1622776601683795,5.0990195135927845,7.0710678118654755,10.04987562112089,13.038404810405298,14.142135623730951,16.1245154965971,17.26267650163207,17.46424919657298,16.76305461424021,15.811388300841896,15.231546211727817,13.416407864998739,10.770329614269007,8.246211251235321,7.0,5.830951894845301,8.602325267042627,11.704699910719626,16.492422502470642,20.615528128088304,22.80350850198276
1787403208.1462932,-69,0.0,29.832867780352597,28.635642126552707,25.317977802344327,22.20360331117452,18.110770276274835,13.038404810405298,8.54400374531753,6.4031242374328485,7.280109889280518,9.0,10.0,13.0,16.1245154965971,17.26267650163207,18.681541692269406,20.248456731316587,21.02379604162864,19.72308292331602,18.35755975068582,15.652475842498529,13.892443989449804,11.180339887498949,6.708203932499369,3.0,3.0,4.47213595499958,0.0,0.0,0.0,0.0,0.0,0.0,0.0,0.0,0.0,0.0,0.0,5.656854249492381,5.0,3.605551275463989,2.23606797749979,1.0,4.0,7.0,10.198039027185569,12.165525060596439,14.142135623730951,16.278820596099706,16.492422502470642,17.08800749063506,17.0,15.264337522473747,15.0,13.45362404707371,10.63014581273465,8.602325267042627,6.708203932499369,5.385164807134504,8.602325267042627,13.0,17.72004514666935,21.840329667841555,25.0
1787403208.171757,-69,0.0,25.0,24.041630560342615,21.18962010041709,18.384776310850235,15.231546211727817,10.816653826391969,7.211102550927978,6.0,6.708203932499369,7.810249675906654,9.219544457292887,11.40175425099138,13.892443989449804,15.231546211727817,15.524174696260024,17.26267650163207,18.027756377319946,17.029386365926403,16.0312195418814,14.0,11.045361017187261,8.06225774829855,4.123105625617661,1.0,4.242640687119285,6.4031242374328485,0.0,0.0,0.0,0.0,0.0,0.0,0.0,0.0,0.0,0.0,0.0,5.830951894845301,4.47213595499958,2.23606797749979,2.23606797749979,3.1622776601683795,5.830951894845301,8.06225774829855,10.295630140987,12.529964086141668,13.892443989449804,15.652475842498529,16.15549442140351,15.524174696260024,15.297058540778355,14.035668847618199,14.0,12.0,11.045361017187261,8.0,6.324555320336759,5.0,7.0710678118654755,10.04987562112089,15.524174696260024,19.924858845171276,22.135943621178654
1787403208.1855218,-69,0.0,26.1725046566048,26.076809620810597,24.08318915758459,20.024984394500787,17.0,12.165525060596439,8.06225774829855,6.708203932499369,7.0710678118654755,9.055385138137417,11.045361017187261,13.038404810405298,14.0,16.1245154965971,18.24828759089466,19.6468827043885,20.8806130178211,19.313207915827967,17.46424919657298,15.652475842498529,12.083045973594572,8.94427190999916,6.324555320336759,2.0,2.23606797749979,4.47213595499958,0.0,0.0,0.0,0.0,0.0,0.0,0.0,0.0,0.0,0.0,0.0,4.47213595499958,3.1622776601683795,1.0,1.0,2.23606797749979,4.123105625617661,7.0710678118654755,10.04987562112089,12.041594578792296,14.035668847618199,15.033296378372908,15.0,15.132745950421556,14.317821063276353,13.601470508735444,13.0,12.083045973594572,10.295630140987,7.615773105863909,5.0,5.0,7.615773105863909,12.36931687685298,16.1245154965971,20.09975124224178,22.20360331117452
1787403208.2064242,-69,0.0,25.709920264364882,24.73863375370596,22.80350850198276,18.681541692269406,14.317821063276353,11.045361017187261,6.708203932499369,6.324555320336759,7.0710678118654755,7.280109889280518,8.06225774829855,9.0,10.0,12.0,14.035668847618199,15.297058540778355,15.811388300841896,17.46424919657298,17.08800749063506,13.601470508735444,10.44030650891055,6.082762530298219,2.0,1.4142135623730951,5.0,6.708203932499369,0.0,0.0,0.0,0.0,0.0,0.0,0.0,0.0,0.0,0.0,0.0,5.0,3.0,1.0,1.4142135623730951,3.0,6.0,7.0,10.04987562112089,12.041594578792296,13.341664064126334,14.560219778561036,15.524174696260024,14.866068747318506,13.416407864998739,12.806248474865697,12.041594578792296,11.313708498984761,10.0,8.48528137423857,5.830951894845301,4.0,5.656854249492381,9.433981132056603,13.92838827718412,18.973665961010276,21.18962010041709
1787403208.2169387,-69,0.0,27.784887978899608,26.92582403567252,24.698178070456937,21.633307652783937,16.401219466856727,12.041594578792296,7.615773105863909,6.082762530298219,7.810249675906654,8.602325267042627,11.40175425099138,13.45362404707371,15.620499351813308,17.204650534085253,18.867962264113206,20.591260281974,21.02379604162864,20.615528128088304,19.313207915827967,16.76305461424021,13.92838827718412,10.770329614269007,5.830951894845301,3.1622776601683795,2.8284271247461903,5.0990195135927845,0.0,0.0,0.0,0.0,0.0,0.0,0.0,0.0,0.0,0.0,0.0,5.0990195135927845,4.123105625617661,2.0,1.0,2.23606797749979,4.47213595499958,7.211102550927978,10.295630140987,11.661903789690601,13.892443989449804,14.7648230602334,15.231546211727817,13.601470508735444,13.152946437965905,12.0,12.165525060596439,11.40175425099138,9.486832980505138,7.280109889280518,5.0,3.605551275463989,6.0,10.44030650891055,16.15549442140351,21.02379604162864,23.259406699226016
1787403208.2465136,-69,0.0,25.612496949731394,24.20743687382041,22.67156809750927,18.384776310850235,14.212670403551895,10.295630140987,7.280109889280518,5.385164807134504,6.708203932499369,8.246211251235321,11.40175425099138,13.0,14.422205101855956,15.811388300841896,17.204650534085253,17.804493814764857,18.439088914585774,19.1049731745428,17.804493814764857,17.029386365926403,14.866068747318506,12.041594578792296,7.211102550927978,3.1622776601683795,1.0,3.605551275463989,0.0,0.0,0.0,0.0,0.0,0.0,0.0,0.0,0.0,0.0,0.0,4.123105625617661,3.0,2.23606797749979,1.4142135623730951,2.8284271247461903,4.47213595499958,7.615773105863909,9.848857801796104,12.083045973594572,14.317821063276353,16.15549442140351,15.811388300841896,15.524174696260024,13.152946437965905,12.0,12.0,10.04987562112089,8.246211251235321,6.324555320336759,3.1622776601683795,2.0,5.385164807134504,10.295630140987,15.264337522473747,18.867962264113206,22.47220505424423
1787403208.2683873,-70,0.0,30.4138126514911,28.653097563788805,26.92582403567252,23.323807579381203,18.601075237738275,14.212670403551895,11.180339887498949,9.0,9.848857801796104,11.40175425099138,11.40175425099138,14.422205101855956,17.0,18.788294228055936,20.248456731316587,21.840329667841555,23.53720459187964,22.20360331117452,19.026297590440446,16.0312195418814,14.035668847618199,10.04987562112089,6.082762530298219,1.4142135623730951,3.605551275463989,6.708203932499369,0.0,0.0,0.0,0.0,0.0,0.0,0.0,0.0,0.0,0.0,0.0,5.0990195135927845,3.0,1.0,2.23606797749979,5.0990195135927845,7.0710678118654755,8.54400374531753,10.816653826391969,14.422205101855956,17.4928556845359,18.35755975068582,17.204650534085253,16.278820596099706,13.45362404707371,13.038404810405298,12.649110640673518,11.40175425099138,10.198039027185569,8.54400374531753,7.0710678118654755,7.280109889280518,9.055385138137417,12.649110640673518,17.46424919657298,22.360679774997898,24.596747752497688
1787403208.280156,-70,0.0,31.016124838541646,30.675723300355934,27.85677655436824,22.847319317591726,19.235384061671343,13.601470508735444,7.810249675906654,5.0,6.4031242374328485,8.48528137423857,11.40175425099138,13.45362404707371,15.811388300841896,18.027756377319946,19.72308292331602,21.95449840010015,22.360679774997898,20.615528128088304,18.027756377319946,16.76305461424021,13.92838827718412,11.180339887498949,5.830951894845301,1.4142135623730951,3.0,6.0,0.0,0.0,0.0,0.0,0.0,0.0,0.0,0.0,0.0,0.0,0.0,4.123105625617661,1.0,1.0,1.4142135623730951,3.605551275463989,5.0,7.810249675906654,12.083045973594572,13.601470508735444,16.76305461424021,19.313207915827967,19.6468827043885,18.110770276274835,17.029386365926403,16.0312195418814,15.033296378372908,14.0,12.041594578792296,9.055385138137417,7.0710678118654755,6.4031242374328485,8.54400374531753,12.0,16.1245154965971,20.396078054371138,24.515301344262525
1787403208.304251,-70,0.0,23.706539182259394,23.706539182259394,21.470910553583888,18.867962264113206,15.0,11.40175425099138,7.211102550927978,6.0,7.615773105863909,9.433981132056603,10.0,11.40175425099138,13.038404810405298,15.652475842498529,17.08800749063506,17.46424919657298,18.24828759089466,17.11724276862369,15.033296378372908,13.0,10.0,7.0710678118654755,4.47213595499958,3.1622776601683795,3.605551275463989,5.656854249492381,0.0,0.0,0.0,0.0,0.0,0.0,0.0,0.0,0.0,0.0,0.0,3.605551275463989,2.8284271247461903,2.23606797749979,1.0,2.0,3.0,5.385164807134504,7.615773105863909,9.848857801796104,10.770329614269007,12.529964086141668,13.038404810405298,11.313708498984761,10.816653826391969,9.848857801796104,10.198039027185569,10.198039027185569,11.180339887498949,10.198039027185569,7.211102550927978,7.0710678118654755,8.06225774829855,8.94427190999916,13.416407864998739,17.46424919657298,20.591260281974
1787403208.3400056,-70,0.0,23.345235059857504,22.627416997969522,21.2602916254693,19.209372712298546,15.264337522473747,11.704699910719626,8.0,5.830951894845301,6.708203932499369,9.219544457292887,11.40175425099138,13.0,14.317821063276353,16.1245154965971,18.027756377319946,18.601075237738275,18.439088914585774,17.69180601295413,15.556349186104045,14.142135623730951,10.63014581273465,6.4031242374328485,3.1622776601683795,2.8284271247461903,4.123105625617661,6.708203932499369,0.0,0.0,0.0,0.0,0.0,0.0,0.0,0.0,0.0,0.0,0.0,2.0,1.0,0.0,1.4142135623730951,2.23606797749979,3.0,4.47213595499958,7.211102550927978,9.433981132056603,11.40175425099138,12.806248474865697,14.142135623730951,12.206555615733702,12.083045973594572,12.36931687685298,12.165525060596439,11.045361017187261,10.04987562112089,8.06225774829855,5.0990195135927845,2.8284271247461903,3.1622776601683795,7.810249675906654,12.727922061357855,16.97056274847714,19.79898987322333
1787403208.4052668,-70,0.0,31.240998703626616,29.832867780352597,25.495097567963924,21.2602916254693,17.204650534085253,13.0,9.0,8.06225774829855,9.219544457292887,8.602325267042627,10.295630140987,13.038404810405298,15.0,16.278820596099706,18.439088914585774,19.4164878389476,18.027756377319946,17.4928556845359,15.652475842498529,13.0,10.44030650891055,5.0990195135927845,1.4142135623730951,3.605551275463989,5.830951894845301,6.082762530298219,0.0,0.0,0.0,0.0,0.0,0.0,0.0,0.0,0.0,0.0,0.0,3.605551275463989,2.23606797749979,1.0,3.1622776601683795,4.47213595499958,7.211102550927978,8.602325267042627,11.313708498984761,14.212670403551895,17.204650534085253,18.027756377319946,18.867962264113206,18.35755975068582,18.788294228055936,17.46424919657298,15.524174696260024,12.36931687685298,10.44030650891055,7.615773105863909,5.0,4.123105625617661,8.94427190999916,13.892443989449804,19.72308292331602,23.600847442411894,25.612496949731394
1787403208.4242332,-70,0.0,30.066592756745816,28.160255680657446,25.317977802344327,20.396078054371138,15.524174696260024,10.816653826391969,7.211102550927978,6.082762530298219,8.602325267042627,10.63014581273465,12.206555615733702,13.892443989449804,15.231546211727817,16.76305461424021,18.439088914585774,19.1049731745428,18.0,16.1245154965971,14.317821063276353,12.36931687685298,10.04987562112089,7.0,2.0,2.23606797749979,6.708203932499369,8.94427190999916,0.0,0.0,0.0,0.0,0.0,0.0,0.0,0.0,0.0,0.0,0.0,5.0,4.0,2.0,1.4142135623730951,3.0,7.0710678118654755,10.0,13.0,16.0,18.0,20.0,21.02379604162864,20.223748416156685,19.4164878389476,17.72004514666935,15.811388300841896,13.0,11.180339887498949,9.219544457292887,7.0710678118654755,5.656854249492381,7.280109889280518,12.165525060596439,19.026297590440446,22.0,25.0
1787403209.3486464,-69,0.0,26.90724809414742,26.1725046566048,23.345235059857504,19.1049731745428,15.0,11.180339887498949,8.06225774829855,7.615773105863909,8.602325267042627,10.63014581273465,12.206555615733702,12.806248474865697,14.212670403551895,16.278820596099706,17.804493814764857,17.4928556845359,17.88854381999832,16.55294535724685,14.866068747318506,13.601470508735444,11.40175425099138,8.246211251235321,5.0990195135927845,2.8284271247461903,3.1622776601683795,4.242640687119285,0.0,0.0,0.0,0.0,0.0,0.0,0.0,0.0,0.0,0.0,0.0,1.4142135623730951,1.0,1.4142135623730951,1.0,1.4142135623730951,3.1622776601683795,5.0,7.280109889280518,9.848857801796104,11.180339887498949,13.038404810405298,12.806248474865697,14.142135623730951,14.212670403551895,13.038404810405298,12.529964086141668,13.038404810405298,12.206555615733702,9.219544457292887,6.4031242374328485,6.082762530298219,8.54400374531753,12.806248474865697,16.97056274847714,21.2602916254693,24.08318915758459
1787403209.699577,-70,0.0,27.202941017470888,25.495097567963924,23.430749027719962,19.849433241279208,14.866068747318506,10.295630140987,8.06225774829855,6.708203932499369,8.48528137423857,10.0,12.206555615733702,13.45362404707371,14.866068747318506,16.401219466856727,16.64331697709324,17.0,17.46424919657298,15.524174696260024,14.142135623730951,13.0,11.0,8.0,3.0,3.0,4.242640687119285,5.385164807134504,0.0,0.0,0.0,0.0,0.0,0.0,0.0,0.0,0.0,0.0,0.0,2.23606797749979,1.0,2.0,3.0,4.123105625617661,5.830951894845301,7.810249675906654,10.63014581273465,12.806248474865697,15.264337522473747,16.64331697709324,17.0,17.46424919657298,16.76305461424021,16.492422502470642,15.297058540778355,13.152946437965905,10.198039027185569,7.280109889280518,6.4031242374328485,6.324555320336759,9.055385138137417,13.601470508735444,17.46424919657298,22.360679774997898,24.596747752497688
1787403210.015074,-70,0.0,24.758836806279895,24.758836806279895,21.93171219946131,18.439088914585774,14.422205101855956,11.704699910719626,9.0,9.486832980505138,10.0,12.041594578792296,12.727922061357855,12.806248474865697,13.892443989449804,15.231546211727817,16.76305461424021,17.26267650163207,16.0312195418814,15.033296378372908,13.341664064126334,11.704699910719626,8.54400374531753,5.385164807134504,2.23606797749979,2.23606797749979,5.385164807134504,6.708203932499369,0.0,0.0,0.0,0.0,0.0,0.0,0.0,0.0,0.0,0.0,0.0,4.0,3.0,1.4142135623730951,0.0,3.0,6.082762530298219,8.246211251235321,11.40175425099138,14.560219778561036,16.76305461424021,18.973665961010276,18.788294228055936,18.867962264113206,18.439088914585774,18.384776310850235,17.69180601295413,16.401219466856727,13.601470508735444,12.727922061357855,10.816653826391969,10.198039027185569,11.180339887498949,13.92838827718412,18.027756377319946,19.849433241279208,21.93171219946131
1787403210.0390162,-70,0.0,23.40939982143925,22.847319317591726,20.615528128088304,17.0,13.601470508735444,10.0,9.486832980505138,9.055385138137417,10.44030650891055,12.083045973594572,13.0,13.0,14.317821063276353,16.1245154965971,16.0312195418814,15.297058540778355,15.524174696260024,14.317821063276353,12.529964086141668,10.816653826391969,7.810249675906654,3.605551275463989,1.0,2.8284271247461903,5.656854249492381,7.0710678118654755,0.0,0.0,0.0,0.0,0.0,0.0,0.0,0.0,0.0,0.0,0.0,7.0710678118654755,3.605551275463989,1.0,0.0,1.4142135623730951,3.605551275463989,6.4031242374328485,10.0,12.727922061357855,14.866068747318506,17.029386365926403,17.204650534085253,17.4928556845359,16.55294535724685,17.08800749063506,16.492422502470642,14.317821063276353,13.341664064126334,11.704699910719626,10.0,9.433981132056603,10.44030650891055,13.0,16.278820596099706,19.6468827043885,21.840329667841555
1787403210.0498073,-70,0.0,24.839484696748443,24.20743687382041,20.808652046684813,17.4928556845359,15.231546211727817,12.165525060596439,11.045361017187261,10.295630140987,11.313708498984761,12.806248474865697,13.45362404707371,14.866068747318506,15.0,16.64331697709324,17.0,16.15549442140351,16.492422502470642,16.1245154965971,14.035668847618199,12.0,9.0,5.0,2.0,1.4142135623730951,4.123105625617661,6.324555320336759,0.0,0.0,0.0,0.0,0.0,0.0,0.0,0.0,0.0,0.0,0.0,4.242640687119285,2.8284271247461903,2.23606797749979,1.0,2.23606797749979,4.0,8.06225774829855,10.04987562112089,11.40175425099138,14.317821063276353,16.55294535724685,17.0,16.64331697709324,17.029386365926403,15.556349186104045,15.620499351813308,14.212670403551895,12.806248474865697,10.63014581273465,8.602325267042627,8.246211251235321,9.219544457292887,11.661903789690601,16.278820596099706,19.79898987322333,22.627416997969522
1787403210.0595782,-88,0.0,11.180339887498949,12.529964086141668,11.661903789690601,10.816653826391969,9.433981132056603,7.810249675906654,5.0,4.47213595499958,3.1622776601683795,2.23606797749979,3.1622776601683795,4.0,4.0,5.0990195135927845,5.385164807134504,5.385164807134504,5.830951894845301,5.830951894845301,4.47213595499958,4.47213595499958,4.123105625617661,4.0,5.0,5.0990195135927845,5.385164807134504,6.324555320336759,0.0,0.0,0.0,0.0,0.0,0.0,0.0,0.0,0.0,0.0,0.0,17.804493814764857,17.804493814764857,17.029386365926403,17.804493814764857,17.029386365926403,16.278820596099706,15.620499351813308,15.620499351813308,14.212670403551895,13.601470508735444,11.40175425099138,11.180339887498949,8.94427190999916,7.280109889280518,7.0,5.385164807134504,5.0,5.656854249492381,5.830951894845301,7.280109889280518,8.06225774829855,9.0,9.0,10.0,10.0,10.0
1787403210.0691774,-70,0.0,27.730849247724095,25.495097567963924,23.259406699226016,20.248456731316587,16.492422502470642,13.0,9.486832980505138,8.48528137423857,10.295630140987,12.083045973594572,13.416407864998739,16.1245154965971,17.0,17.204650534085253,17.029386365926403,16.97056274847714,17.029386365926403,16.401219466856727,14.422205101855956,11.661903789690601,8.94427190999916,6.4031242374328485,3.605551275463989,2.23606797749979,4.0,6.0,0.0,0.0,0.0,0.0,0.0,0.0,0.0,0.0,0.0,0.0,0.0,2.0,0.0,2.23606797749979,3.1622776601683795,4.242640687119285,5.385164807134504,8.06225774829855,10.0,12.041594578792296,15.297058540778355,17.46424919657298,18.027756377319946,17.46424919657298,16.1245154965971,16.64331697709324,16.401219466856727,14.866068747318506,12.041594578792296,10.63014581273465,7.615773105863909,7.280109889280518,10.63014581273465,14.212670403551895,18.027756377319946,21.095023109728988,23.323807579381203
1787403210.0807276,-71,0.0,25.942243542145693,24.186773244895647,22.47220505424423,19.4164878389476,15.620499351813308,11.40175425099138,8.54400374531753,8.06225774829855,8.94427190999916,10.295630140987,12.529964086141668,13.0,14.866068747318506,15.524174696260024,16.278820596099706,16.0312195418814,16.0,15.033296378372908,14.317821063276353,11.704699910719626,9.486832980505138,6.324555320336759,2.0,1.4142135623730951,4.242640687119285,5.656854249492381,0.0,0.0,0.0,0.0,0.0,0.0,0.0,0.0,0.0,0.0,0.0,3.0,1.0,1.4142135623730951,2.23606797749979,4.0,6.082762530298219,8.54400374531753,11.180339887498949,13.416407864998739,15.264337522473747,16.64331697709324,17.029386365926403,16.97056274847714,16.401219466856727,15.264337522473747,14.317821063276353,13.0,11.180339887498949,9.433981132056603,7.810249675906654,8.246211251235321,10.04987562112089,13.92838827718412,17.88854381999832,21.95449840010015,23.323807579381203
1787403210.1087778,-70,0.0,26.248809496813376,27.018512172212592,23.600847442411894,20.248456731316587,16.1245154965971,12.649110640673518,10.0,8.94427190999916,9.899494936611665,10.63014581273465,12.806248474865697,14.142135623730951,16.401219466856727,16.64331697709324,17.46424919657298,18.027756377319946,18.439088914585774,17.11724276862369,16.0,13.038404810405298,10.04987562112089,7.0710678118654755,3.1622776601683795,1.0,3.1622776601683795,5.385164807134504,0.0,0.0,0.0,0.0,0.0,0.0,0.0,0.0,0.0,0.0,0.0,3.1622776601683795,2.23606797749979,0.0,1.4142135623730951,3.1622776601683795,5.0990195135927845,8.0,12.0,15.033296378372908,18.110770276274835,20.223748416156685,20.223748416156685,20.615528128088304,19.313207915827967,18.384776310850235,17.0,14.7648230602334,12.529964086141668,10.770329614269007,9.055385138137417,8.54400374531753,11.40175425099138,15.556349186104045,19.209372712298546,21.400934559032695,22.47220505424423
1787403210.1311035,-70,0.0,24.186773244895647,24.186773244895647,23.021728866442675,19.1049731745428,15.297058540778355,11.180339887498949,8.48528137423857,7.280109889280518,9.0,10.04987562112089,11.180339887498949,13.0,14.142135623730951,15.524174696260024,15.811388300841896,16.55294535724685,16.64331697709324,16.401219466856727,14.866068747318506,12.041594578792296,10.0,6.4031242374328485,2.23606797749979,1.0,2.8284271247461903,5.0,0.0,0.0,0.0,0.0,0.0,0.0,0.0,0.0,0.0,0.0,0.0,5.0,3.1622776601683795,2.8284271247461903,3.605551275463989,4.123105625617661,6.0,7.615773105863909,11.661903789690601,13.892443989449804,16.1245154965971,18.35755975068582,18.788294228055936,19.313207915827967,18.681541692269406,18.439088914585774,17.11724276862369,14.035668847618199,12.165525060596439,10.44030650891055,8.94427190999916,9.219544457292887,11.704699910719626,15.132745950421556,19.0,22.02271554554524,24.020824298928627
1787403210.1371238,-69,0.0,25.553864678361276,24.698178070456937,23.853720883753127,20.0,17.029386365926403,13.45362404707371,10.770329614269007,10.04987562112089,10.198039027185569,10.44030650891055,11.704699910719626,13.0,14.560219778561036,14.142135623730951,14.0,15.132745950421556,15.297058540778355,14.866068747318506,13.416407864998739,10.295630140987,8.06225774829855,4.47213595499958,2.23606797749979,1.4142135623730951,4.242640687119285,5.0,0.0,0.0,0.0,0.0,0.0,0.0,0.0,0.0,0.0,0.0,0.0,1.4142135623730951,0.0,2.23606797749979,2.23606797749979,2.23606797749979,4.0,7.280109889280518,9.848857801796104,13.038404810405298,16.64331697709324,18.027756377319946,18.601075237738275,18.439088914585774,17.804493814764857,16.64331697709324,16.1245154965971,14.317821063276353,12.083045973594572,10.295630140987,8.48528137423857,8.246211251235321,9.055385138137417,12.649110640673518,17.88854381999832,20.591260281974,22.825424421026653
1787403210.270199,-69,0.0,27.313000567495326,25.495097567963924,23.259406699226016,20.615528128088304,17.72004514666935,13.152946437965905,9.055385138137417,7.810249675906654,8.94427190999916,10.44030650891055,12.649110640673518,14.317821063276353,16.1245154965971,18.027756377319946,18.439088914585774,19.79898987322333,19.1049731745428,18.439088914585774,16.401219466856727,14.422205101855956,10.816653826391969,7.810249675906654,3.605551275463989,2.23606797749979,5.0990195135927845,7.0,0.0,0.0,0.0,0.0,0.0,0.0,0.0,0.0,0.0,0.0,0.0,5.0,3.1622776601683795,1.4142135623730951,1.4142135623730951,3.1622776601683795,6.0,8.0,12.0,15.033296378372908,18.110770276274835,21.095023109728988,22.20360331117452,21.37755832643195,19.924858845171276,19.697715603592208,19.235384061671343,17.0,13.0,11.40175425099138,9.219544457292887,7.280109889280518,9.219544457292887,12.206555615733702,16.1245154965971,20.12461179749811,22.847319317591726
1787403210.3796418,-69,0.0,26.40075756488817,25.612496949731394,23.430749027719962,20.615528128088304,16.97056274847714,13.038404810405298,10.44030650891055,8.0,8.54400374531753,8.94427190999916,10.816653826391969,12.206555615733702,13.892443989449804,15.231546211727817,15.524174696260024,17.11724276862369,17.029386365926403,16.0,14.035668847618199,11.0,9.0,7.0,3.1622776601683795,3.0,6.324555320336759,8.06225774829855,0.0,0.0,0.0,0.0,0.0,0.0,0.0,0.0,0.0,0.0,0.0,4.47213595499958,3.605551275463989,1.4142135623730951,0.0,2.0,4.123105625617661,7.280109889280518,9.486832980505138,13.0,16.55294535724685,19.235384061671343,20.248456731316587,19.209372712298546,18.384776310850235,18.439088914585774,16.64331697709324,15.652475842498529,13.416407864998739,10.295630140987,8.48528137423857,6.708203932499369,8.06225774829855,11.180339887498949,15.811388300841896,19.209372712298546,21.93171219946131
1787403210.4111667,-69,0.0,24.698178070456937,25.079872407968907,24.166091947189145,21.470910553583888,17.0,12.206555615733702,8.48528137423857,7.280109889280518,9.055385138137417,9.486832980505138,9.486832980505138,10.198039027185569,12.165525060596439,14.035668847618199,15.0,16.1245154965971,15.297058540778355,13.601470508735444,12.649110640673518,9.848857801796104,7.615773105863909,5.0990195135927845,3.1622776601683795,3.1622776601683795,5.0990195135927845,7.615773105863909,0.0,0.0,0.0,0.0,0.0,0.0,0.0,0.0,0.0,0.0,0.0,3.605551275463989,2.8284271247461903,1.0,1.0,2.0,4.123105625617661,6.708203932499369,9.433981132056603,12.206555615733702,16.401219466856727,18.439088914585774,18.384776310850235,17.804493814764857,18.867962264113206,17.88854381999832,17.08800749063506,15.524174696260024,13.341664064126334,11.704699910719626,8.06225774829855,7.211102550927978,7.0710678118654755,10.198039027185569,14.866068747318506,18.788294228055936,20.12461179749811
1787403210.4273212,-69,0.0,25.298221281347036,25.298221281347036,25.0,21.587033144922902,18.439088914585774,15.132745950421556,11.045361017187261,8.06225774829855,7.810249675906654,8.94427190999916,11.180339887498949,13.038404810405298,14.212670403551895,15.556349186104045,15.556349186104045,15.620499351813308,15.811388300841896,16.1245154965971,14.317821063276353,12.083045973594572,10.295630140987,6.4031242374328485,3.605551275463989,2.23606797749979,3.1622776601683795,6.082762530298219,0.0,0.0,0.0,0.0,0.0,0.0,0.0,0.0,0.0,0.0,0.0,2.23606797749979,1.4142135623730951,0.0,1.0,2.8284271247461903,5.0,8.06225774829855,10.770329614269007,13.601470508735444,16.492422502470642,18.24828759089466,19.235384061671343,19.0,18.110770276274835,18.439088914585774,17.08800749063506,15.231546211727817,13.0,11.40175425099138,9.055385138137417,8.246211251235321,8.48528137423857,11.180339887498949,15.811388300841896,19.924858845171276,22.561028345356956
1787403210.4520373,-69,0.0,24.331050121192877,24.515301344262525,23.53720459187964,21.587033144922902,18.681541692269406,13.92838827718412,11.40175425099138,9.433981132056603,9.219544457292887,9.055385138137417,10.0,11.0,12.041594578792296,14.317821063276353,16.492422502470642,17.08800749063506,16.55294535724685,16.1245154965971,15.264337522473747,12.206555615733702,9.433981132056603,7.615773105863909,4.0,2.8284271247461903,4.0,6.082762530298219,0.0,0.0,0.0,0.0,0.0,0.0,0.0,0.0,0.0,0.0,0.0,2.23606797749979,0.0,1.0,1.4142135623730951,3.0,4.47213595499958,6.4031242374328485,9.219544457292887,12.806248474865697,15.0,16.64331697709324,17.0,17.08800749063506,16.492422502470642,16.278820596099706,16.0312195418814,14.0,12.0,10.04987562112089,7.280109889280518,6.4031242374328485,8.246211251235321,11.0,16.278820596099706,20.396078054371138,22.360679774997898
1787403210.4768677,-68,0.0,25.553864678361276,24.186773244895647,22.825424421026653,20.591260281974,16.55294535724685,13.0,9.219544457292887,6.082762530298219,6.4031242374328485,7.280109889280518,9.219544457292887,10.44030650891055,12.649110640673518,13.601470508735444,15.231546211727817,15.652475842498529,15.264337522473747,13.601470508735444,12.806248474865697,10.63014581273465,8.602325267042627,5.830951894845301,3.1622776601683795,1.4142135623730951,4.123105625617661,5.385164807134504,0.0,0.0,0.0,0.0,0.0,0.0,0.0,0.0,0.0,0.0,0.0,2.8284271247461903,2.23606797749979,1.0,2.0,4.0,6.082762530298219,8.54400374531753,12.083045973594572,15.231546211727817,17.46424919657298,18.788294228055936,18.35755975068582,17.204650534085253,17.029386365926403,16.278820596099706,14.866068747318506,14.212670403551895,12.206555615733702,9.219544457292887,7.211102550927978,6.082762530298219,6.708203932499369,10.63014581273465,15.0,18.867962264113206,21.633307652783937
1787403211.777869,-71,0.0,27.313000567495326,27.313000567495326,25.079872407968907,21.470910553583888,18.027756377319946,12.041594578792296,7.615773105863909,7.615773105863909,10.0,11.313708498984761,12.806248474865697,14.422205101855956,16.1245154965971,17.46424919657298,19.313207915827967,20.248456731316587,20.8806130178211,20.615528128088304,18.24828759089466,15.132745950421556,13.038404810405298,9.055385138137417,4.47213595499958,2.23606797749979,5.385164807134504,7.0710678118654755,0.0,0.0,0.0,0.0,0.0,0.0,0.0,0.0,0.0,0.0,0.0,2.0,2.23606797749979,3.1622776601683795,4.0,3.605551275463989,3.0,5.830951894845301,10.0,12.806248474865697,14.212670403551895,14.866068747318506,14.866068747318506,15.0,13.892443989449804,14.866068747318506,14.142135623730951,13.038404810405298,11.0,10.0,8.06225774829855,6.708203932499369,7.615773105863909,11.045361017187261,15.524174696260024,18.973665961010276,23.40939982143925
1787403211.7977118,-71,0.0,25.019992006393608,25.0,23.0,19.026297590440446,16.1245154965971,12.36931687685298,7.615773105863909,5.0,5.0,7.280109889280518,8.94427190999916,10.770329614269007,13.152946437965905,16.0312195418814,17.029386365926403,18.0,19.1049731745428,17.26267650163207,16.278820596099706,13.341664064126334,10.198039027185569,7.280109889280518,3.1622776601683795,1.0,3.605551275463989,6.324555320336759,0.0,0.0,0.0,0.0,0.0,0.0,0.0,0.0,0.0,0.0,0.0,2.0,1.0,2.0,3.0,3.1622776601683795,4.47213595499958,6.4031242374328485,8.06225774829855,11.704699910719626,13.92838827718412,15.811388300841896,15.524174696260024,15.132745950421556,15.0,13.152946437965905,12.649110640673518,13.0,11.180339887498949,9.848857801796104,8.246211251235321,7.0,7.0710678118654755,9.848857801796104,14.560219778561036,18.24828759089466,22.090722034374522
1787403212.7306907,-69,0.0,21.2602916254693,21.93171219946131,21.213203435596427,20.518284528683193,19.1049731745428,17.029386365926403,16.401219466856727,15.0,13.45362404707371,12.727922061357855,12.041594578792296,11.40175425099138,10.816653826391969,10.816653826391969,11.661903789690601,11.180339887498949,11.180339887498949,11.180339887498949,11.180339887498949,11.180339887498949,12.083045973594572,11.180339887498949,11.661903789690601,10.816653826391969,10.816653826391969,10.0,0.0,0.0,0.0,0.0,0.0,0.0,0.0,0.0,0.0,0.0,0.0,6.082762530298219,5.0,4.123105625617661,4.123105625617661,4.47213595499958,5.656854249492381,5.656854249492381,7.0710678118654755,7.810249675906654,7.810249675906654,8.48528137423857,8.48528137423857,7.810249675906654,8.602325267042627,10.0,10.816653826391969,12.206555615733702,13.038404810405298,13.892443989449804,14.422205101855956,15.264337522473747,15.811388300841896,16.64331697709324,18.027756377319946,20.0,20.808652046684813
1787403212.8762462,-70,0.0,27.16615541441225,27.16615541441225,24.186773244895647,20.396078054371138,16.76305461424021,13.416407864998739,10.63014581273465,9.219544457292887,10.04987562112089,11.180339887498949,13.152946437965905,14.035668847618199,15.0,16.1245154965971,17.46424919657298,18.973665961010276,19.697715603592208,18.788294228055936,17.0,15.264337522473747,11.661903789690601,7.615773105863909,5.0,3.605551275463989,5.0990195135927845,7.280109889280518,0.0,0.0,0.0,0.0,0.0,0.0,0.0,0.0,0.0,0.0,0.0,5.656854249492381,3.605551275463989,1.0,1.0,2.0,4.123105625617661,7.211102550927978,10.0,13.601470508735444,17.204650534085253,18.027756377319946,16.55294535724685,15.297058540778355,15.0,13.038404810405298,13.152946437965905,13.152946437965905,11.180339887498949,9.055385138137417,7.0710678118654755,5.656854249492381,7.280109889280518,12.165525060596439,17.029386365926403,21.0,23.0
1787403212.9124155,-69,0.0,31.827660925679098,29.698484809834994,27.586228448267445,23.430749027719962,18.601075237738275,14.317821063276353,11.045361017187261,8.54400374531753,9.899494936611665,12.041594578792296,12.727922061357855,14.866068747318506,17.204650534085253,18.35755975068582,19.313207915827967,19.924858845171276,20.396078054371138,20.09975124224178,18.027756377319946,15.0,12.041594578792296,8.06225774829855,4.47213595499958,4.0,6.4031242374328485,9.219544457292887,0.0,0.0,0.0,0.0,0.0,0.0,0.0,0.0,0.0,0.0,0.0,4.47213595499958,4.0,1.4142135623730951,2.8284271247461903,4.242640687119285,5.830951894845301,6.082762530298219,9.219544457292887,12.165525060596439,15.297058540778355,17.72004514666935,18.384776310850235,18.35755975068582,19.4164878389476,17.69180601295413,17.029386365926403,16.278820596099706,14.142135623730951,11.313708498984761,8.602325267042627,8.06225774829855,9.219544457292887,13.416407864998739,19.4164878389476,24.20743687382041,26.248809496813376
1787403212.9241958,-70,0.0,26.40075756488817,25.612496949731394,23.430749027719962,22.20360331117452,19.697715603592208,14.142135623730951,8.54400374531753,9.219544457292887,12.041594578792296,12.206555615733702,10.816653826391969,10.63014581273465,13.45362404707371,15.811388300841896,17.88854381999832,18.027756377319946,17.46424919657298,16.0312195418814,15.0,13.0,10.0,6.082762530298219,2.8284271247461903,3.1622776601683795,6.4031242374328485,7.0710678118654755,0.0,0.0,0.0,0.0,0.0,0.0,0.0,0.0,0.0,0.0,0.0,4.123105625617661,2.0,1.0,2.0,2.23606797749979,3.605551275463989,5.385164807134504,8.54400374531753,11.40175425099138,13.152946437965905,14.142135623730951,14.0,15.297058540778355,15.231546211727817,13.892443989449804,13.038404810405298,11.313708498984761,11.40175425099138,11.40175425099138,9.219544457292887,8.06225774829855,9.486832980505138,12.206555615733702,15.556349186104045,20.615528128088304,22.80350850198276
1787403213.0337436,-70,0.0,22.090722034374522,22.02271554554524,21.02379604162864,20.0,19.026297590440446,18.0,16.0,15.033296378372908,14.0,13.038404810405298,12.165525060596439,11.180339887498949,11.180339887498949,12.36931687685298,12.36931687685298,11.704699910719626,13.0,12.649110640673518,12.649110640673518,12.649110640673518,12.649110640673518,13.152946437965905,13.038404810405298,13.038404810405298,12.041594578792296,11.0,0.0,0.0,0.0,0.0,0.0,0.0,0.0,0.0,0.0,0.0,0.0,7.0710678118654755,6.4031242374328485,5.830951894845301,5.385164807134504,6.324555320336759,7.280109889280518,8.06225774829855,8.06225774829855,8.06225774829855,9.219544457292887,9.219544457292887,8.54400374531753,8.54400374531753,9.219544457292887,9.055385138137417,9.055385138137417,10.04987562112089,11.180339887498949,12.165525060596439,12.36931687685298,14.317821063276353,15.524174696260024,16.76305461424021,18.439088914585774,20.396078054371138,20.615528128088304
1787403213.257047,-69,0.0,20.808652046684813,20.808652046684813,20.248456731316587,19.72308292331602,18.788294228055936,17.46424919657298,16.15549442140351,13.92838827718412,13.0,11.180339887498949,10.295630140987,9.433981132056603,9.219544457292887,9.899494936611665,10.63014581273465,11.40175425099138,11.40175425099138,10.816653826391969,11.40175425099138,11.661903789690601,11.661903789690601,11.40175425099138,11.313708498984761,10.63014581273465,9.219544457292887,9.219544457292887,0.0,0.0,0.0,0.0,0.0,0.0,0.0,0.0,0.0,0.0,0.0,7.280109889280518,6.082762530298219,6.082762530298219,6.0,7.0710678118654755,8.246211251235321,8.246211251235321,8.246211251235321,8.246211251235321,9.219544457292887,9.219544457292887,9.219544457292887,9.219544457292887,8.246211251235321,8.54400374531753,9.433981132056603,10.295630140987,11.661903789690601,12.206555615733702,12.806248474865697,14.212670403551895,14.866068747318506,16.278820596099706,17.804493814764857,19.209372712298546,20.615528128088304
1787403213.2753768,-71,0.0,26.0,23.769728648009426,21.18962010041709,17.72004514666935,14.317821063276353,10.0,7.280109889280518,5.656854249492381,7.280109889280518,9.055385138137417,11.045361017187261,12.165525060596439,13.341664064126334,15.811388300841896,16.55294535724685,17.4928556845359,17.204650534085253,17.029386365926403,15.620499351813308,14.212670403551895,11.313708498984761,8.48528137423857,5.0,2.0,3.1622776601683795,5.0,0.0,0.0,0.0,0.0,0.0,0.0,0.0,0.0,0.0,0.0,0.0,5.385164807134504,3.605551275463989,2.23606797749979,0.0,2.23606797749979,4.47213595499958,6.082762530298219,9.0,11.0,13.038404810405298,13.152946437965905,13.341664064126334,13.0,13.416407864998739,13.601470508735444,12.041594578792296,12.041594578792296,10.63014581273465,9.219544457292887,6.708203932499369,6.082762530298219,7.810249675906654,11.40175425099138,16.1245154965971,19.235384061671343,21.02379604162864
1787403214.3916316,-89,0.0,13.0,13.038404810405298,11.045361017187261,10.04987562112089,8.0,7.0,6.0,5.0,4.0,3.0,2.0,2.23606797749979,2.0,3.0,3.1622776601683795,3.1622776601683795,3.1622776601683795,3.1622776601683795,4.0,3.0,3.1622776601683795,3.1622776601683795,3.0,3.0,3.0,3.0,0.0,0.0,0.0,0.0,0.0,0.0,0.0,0.0,0.0,0.0,0.0,16.492422502470642,16.278820596099706,16.1245154965971,17.11724276862369,17.029386365926403,16.0,16.0312195418814,15.033296378372908,13.152946437965905,11.40175425099138,9.486832980505138,7.615773105863909,5.830951894845301,4.242640687119285,3.605551275463989,4.242640687119285,3.605551275463989,4.123105625617661,6.0,8.0,10.0,12.041594578792296,13.152946437965905,15.297058540778355,16.278820596099706,17.26267650163207
1787403214.4295273,-71,0.0,29.274562336608895,28.160255680657446,25.079872407968907,21.02379604162864,17.0,12.165525060596439,8.06225774829855,5.830951894845301,6.0,8.246211251235321,11.40175425099138,13.341664064126334,15.297058540778355,17.11724276862369,19.026297590440446,19.0,18.027756377319946,16.278820596099706,14.317821063276353,12.36931687685298,9.219544457292887,7.0710678118654755,4.0,2.23606797749979,4.47213595499958,5.0,0.0,0.0,0.0,0.0,0.0,0.0,0.0,0.0,0.0,0.0,0.0,1.0,2.8284271247461903,3.605551275463989,3.605551275463989,4.123105625617661,4.123105625617661,5.0,7.615773105863909,10.198039027185569,12.165525060596439,14.142135623730951,14.142135623730951,14.0,13.038404810405298,12.36931687685298,10.770329614269007,9.848857801796104,8.54400374531753,6.324555320336759,5.0990195135927845,5.656854249492381,8.54400374531753,13.341664064126334,18.24828759089466,22.20360331117452,25.317977802344327
1787403214.4392853,-71,0.0,28.600699292150182,27.202941017470888,25.238858928247925,21.095023109728988,16.1245154965971,11.704699910719626,7.0,5.830951894845301,5.830951894845301,8.246211251235321,10.04987562112089,12.165525060596439,14.560219778561036,16.76305461424021,17.08800749063506,17.46424919657298,17.88854381999832,16.1245154965971,14.422205101855956,11.40175425099138,9.219544457292887,5.656854249492381,2.8284271247461903,0.0,3.605551275463989,4.242640687119285,0.0,0.0,0.0,0.0,0.0,0.0,0.0,0.0,0.0,0.0,0.0,1.4142135623730951,5.0990195135927845,5.0990195135927845,4.0,4.47213595499958,6.082762530298219,7.0710678118654755,5.656854249492381,6.082762530298219,11.704699910719626,14.866068747318506,15.652475842498529,15.264337522473747,14.212670403551895,12.727922061357855,10.63014581273465,10.0,9.219544457292887,7.0710678118654755,5.385164807134504,6.324555320336759,9.433981132056603,13.45362404707371,18.439088914585774,22.02271554554524,24.20743687382041
1787403214.4557936,-70,0.0,32.14031735997639,32.2490309931942,29.274562336608895,24.331050121192877,18.439088914585774,13.601470508735444,8.06225774829855,4.47213595499958,5.385164807134504,9.219544457292887,11.313708498984761,13.45362404707371,15.0,18.027756377319946,20.591260281974,21.02379604162864,20.615528128088304,18.973665961010276,16.76305461424021,13.341664064126334,11.180339887498949,8.246211251235321,4.0,0.0,3.1622776601683795,6.082762530298219,0.0,0.0,0.0,0.0,0.0,0.0,0.0,0.0,0.0,0.0,0.0,1.0,2.23606797749979,2.8284271247461903,4.123105625617661,5.0990195135927845,5.830951894845301,7.211102550927978,9.848857801796104,12.36931687685298,15.524174696260024,18.681541692269406,18.439088914585774,18.24828759089466,16.0312195418814,14.0,13.038404810405298,11.180339887498949,9.055385138137417,8.0,6.708203932499369,7.810249675906654,10.44030650891055,15.033296378372908,22.0,27.018512172212592,30.01666203960727
1787403214.8018637,-69,0.0,26.0,25.079872407968907,22.47220505424423,19.924858845171276,16.492422502470642,12.0,9.486832980505138,8.48528137423857,8.54400374531753,10.198039027185569,12.041594578792296,13.152946437965905,14.317821063276353,15.524174696260024,15.811388300841896,16.15549442140351,15.652475842498529,14.422205101855956,12.806248474865697,10.63014581273465,9.219544457292887,6.4031242374328485,2.8284271247461903,1.0,2.23606797749979,4.47213595499958,0.0,0.0,0.0,0.0,0.0,0.0,0.0,0.0,0.0,0.0,0.0,2.23606797749979,1.4142135623730951,3.0,4.123105625617661,3.605551275463989,2.8284271247461903,5.0990195135927845,9.0,11.180339887498949,14.866068747318506,16.55294535724685,17.46424919657298,15.652475842498529,15.264337522473747,13.45362404707371,12.727922061357855,11.40175425099138,10.816653826391969,8.602325267042627,5.656854249492381,4.0,5.830951894845301,9.219544457292887,14.7648230602334,18.788294228055936,21.93171219946131
1787403214.850523,-69,0.0,26.019223662515376,25.079872407968907,24.08318915758459,21.095023109728988,17.26267650163207,12.649110640673518,8.602325267042627,6.708203932499369,7.0710678118654755,9.486832980505138,10.770329614269007,12.649110640673518,13.92838827718412,15.811388300841896,16.492422502470642,16.1245154965971,16.1245154965971,14.035668847618199,11.045361017187261,9.055385138137417,7.0710678118654755,5.0,2.23606797749979,2.23606797749979,4.242640687119285,5.0,0.0,0.0,0.0,0.0,0.0,0.0,0.0,0.0,0.0,0.0,0.0,3.1622776601683795,2.0,0.0,1.4142135623730951,4.242640687119285,7.615773105863909,8.54400374531753,11.704699910719626,16.492422502470642,18.439088914585774,19.235384061671343,20.223748416156685,19.026297590440446,17.029386365926403,16.1245154965971,15.524174696260024,12.649110640673518,10.770329614269007,9.486832980505138,7.0,4.47213595499958,5.385164807134504,9.219544457292887,14.035668847618199,19.0,22.0
1787403215.053074,-70,0.0,25.0,24.20743687382041,22.02271554554524,18.384776310850235,15.0,12.083045973594572,10.198039027185569,10.198039027185569,11.180339887498949,11.661903789690601,13.038404810405298,13.892443989449804,15.264337522473747,16.1245154965971,16.15549442140351,14.560219778561036,13.341664064126334,11.40175425099138,10.04987562112089,9.055385138137417,7.0710678118654755,3.1622776601683795,0.0,3.0,5.385164807134504,6.4031242374328485,0.0,0.0,0.0,0.0,0.0,0.0,0.0,0.0,0.0,0.0,0.0,6.082762530298219,5.0,6.082762530298219,6.082762530298219,4.0,2.0,3.0,5.0,8.246211251235321,11.180339887498949,14.212670403551895,16.278820596099706,17.029386365926403,17.204650534085253,17.0,16.15549442140351,14.866068747318506,12.649110640673518,11.704699910719626,9.433981132056603,7.810249675906654,8.06225774829855,10.198039027185569,14.317821063276353,18.35755975068582,21.095023109728988
1787403216.0432515,-71,0.0,30.528675044947494,30.528675044947494,28.844410203711913,25.0,20.615528128088304,16.278820596099706,10.770329614269007,9.055385138137417,10.295630140987,12.806248474865697,12.041594578792296,12.806248474865697,16.64331697709324,18.867962264113206,19.235384061671343,19.313207915827967,18.439088914585774,17.26267650163207,16.0,14.035668847618199,11.045361017187261,7.0710678118654755,3.1622776601683795,1.0,2.0,3.1622776601683795,0.0,0.0,0.0,0.0,0.0,0.0,0.0,0.0,0.0,0.0,0.0,7.615773105863909,3.605551275463989,2.0,3.1622776601683795,4.0,7.0710678118654755,10.44030650891055,13.416407864998739,15.811388300841896,18.867962264113206,19.235384061671343,20.248456731316587,20.518284528683193,18.601075237738275,15.264337522473747,14.422205101855956,13.416407864998739,11.40175425099138,10.770329614269007,8.602325267042627,7.211102550927978,9.055385138137417,12.165525060596439,16.76305461424021,21.93171219946131,24.186773244895647
1787403216.0584955,-70,0.0,25.632011235952593,25.079872407968907,23.769728648009426,20.8806130178211,16.278820596099706,13.0,10.770329614269007,9.899494936611665,10.295630140987,12.36931687685298,12.165525060596439,13.341664064126334,14.866068747318506,16.15549442140351,17.0,17.4928556845359,16.401219466856727,14.142135623730951,12.806248474865697,10.816653826391969,9.848857801796104,6.708203932499369,3.605551275463989,1.0,3.1622776601683795,5.0990195135927845,0.0,0.0,0.0,0.0,0.0,0.0,0.0,0.0,0.0,0.0,0.0,4.123105625617661,3.1622776601683795,1.4142135623730951,2.23606797749979,3.1622776601683795,4.123105625617661,5.385164807134504,8.246211251235321,11.40175425099138,13.341664064126334,16.492422502470642,16.278820596099706,15.033296378372908,14.035668847618199,13.341664064126334,13.0,13.038404810405298,10.816653826391969,8.06225774829855,5.385164807134504,4.0,5.656854249492381,10.0,14.7648230602334,18.788294228055936,20.615528128088304
1787403216.0791087,-70,0.0,26.627053911388696,24.698178070456937,23.706539182259394,21.02379604162864,17.08800749063506,13.152946437965905,10.198039027185569,8.602325267042627,8.94427190999916,10.44030650891055,10.44030650891055,10.770329614269007,12.083045973594572,13.892443989449804,15.0,15.556349186104045,15.0,13.892443989449804,13.0,10.770329614269007,8.54400374531753,6.082762530298219,2.23606797749979,1.4142135623730951,3.1622776601683795,4.123105625617661,0.0,0.0,0.0,0.0,0.0,0.0,0.0,0.0,0.0,0.0,0.0,4.242640687119285,2.8284271247461903,2.0,2.8284271247461903,3.605551275463989,5.830951894845301,7.280109889280518,9.055385138137417,10.04987562112089,13.038404810405298,16.0,17.029386365926403,16.278820596099706,14.560219778561036,13.92838827718412,13.416407864998739,12.041594578792296,10.63014581273465,8.48528137423857,7.211102550927978,6.0,8.06225774829855,10.63014581273465,14.212670403551895,17.804493814764857,20.615528128088304
1787403216.0986443,-70,0.0,24.020824298928627,23.194827009486403,22.20360331117452,20.09975124224178,18.0,12.165525060596439,7.211102550927978,7.280109889280518,9.055385138137417,10.198039027185569,10.198039027185569,12.36931687685298,12.36931687685298,13.038404810405298,12.0,11.045361017187261,11.40175425099138,12.649110640673518,13.0,11.180339887498949,8.06225774829855,5.830951894845301,2.0,2.0,3.0,3.0,0.0,0.0,0.0,0.0,0.0,0.0,0.0,0.0,0.0,0.0,0.0,3.1622776601683795,0.0,2.23606797749979,1.4142135623730951,6.324555320336759,4.0,3.605551275463989,7.615773105863909,11.180339887498949,15.0,17.0,15.0,14.035668847618199,14.142135623730951,13.341664064126334,11.704699910719626,9.848857801796104,9.433981132056603,8.94427190999916,7.0710678118654755,5.0990195135927845,5.830951894845301,8.06225774829855,11.704699910719626,16.15549442140351,19.313207915827967
1787403216.2590697,-71,0.0,26.019223662515376,25.019992006393608,21.095023109728988,17.11724276862369,13.152946437965905,9.848857801796104,7.810249675906654,9.055385138137417,11.180339887498949,13.601470508735444,13.601470508735444,13.341664064126334,14.142135623730951,16.0,16.0312195418814,16.1245154965971,14.560219778561036,12.529964086141668,11.40175425099138,10.0,7.0710678118654755,5.0,3.1622776601683795,1.0,2.23606797749979,5.385164807134504,0.0,0.0,0.0,0.0,0.0,0.0,0.0,0.0,0.0,0.0,0.0,5.385164807134504,4.123105625617661,2.23606797749979,3.1622776601683795,4.123105625617661,6.324555320336759,9.486832980505138,11.704699910719626,14.560219778561036,17.46424919657298,18.681541692269406,18.439088914585774,18.110770276274835,16.0312195418814,15.0,13.038404810405298,12.165525060596439,9.055385138137417,7.0710678118654755,6.708203932499369,7.211102550927978,10.44030650891055,13.341664064126334,18.24828759089466,22.090722034374522,24.020824298928627
1787403216.287476,-71,0.0,27.202941017470888,27.202941017470888,25.0,21.18962010041709,16.15549442140351,12.206555615733702,7.810249675906654,5.0990195135927845,7.615773105863909,10.295630140987,11.180339887498949,13.92838827718412,14.317821063276353,15.132745950421556,16.0312195418814,16.0,15.132745950421556,14.560219778561036,12.649110640673518,10.44030650891055,8.06225774829855,5.0,2.8284271247461903,0.0,2.23606797749979,4.47213595499958,0.0,0.0,0.0,0.0,0.0,0.0,0.0,0.0,0.0,0.0,0.0,5.0990195135927845,4.123105625617661,2.8284271247461903,3.605551275463989,5.830951894845301,7.211102550927978,9.433981132056603,13.038404810405298,15.264337522473747,18.027756377319946,18.027756377319946,17.204650534085253,15.620499351813308,14.212670403551895,15.0,13.601470508735444,12.206555615733702,9.219544457292887,7.810249675906654,7.280109889280518,8.0,11.180339887498949,15.297058540778355,18.681541692269406,23.08679276123039,26.248809496813376
1787403216.3352478,-72,0.0,25.553864678361276,24.186773244895647,21.95449840010015,18.867962264113206,14.212670403551895,10.0,7.0710678118654755,6.708203932499369,9.219544457292887,12.041594578792296,12.806248474865697,13.45362404707371,14.212670403551895,15.0,14.422205101855956,13.92838827718412,14.317821063276353,14.142135623730951,13.0,11.180339887498949,8.54400374531753,6.082762530298219,3.1622776601683795,1.0,3.605551275463989,5.830951894845301,0.0,0.0,0.0,0.0,0.0,0.0,0.0,0.0,0.0,0.0,0.0,7.0710678118654755,5.0990195135927845,4.47213595499958,5.0,6.4031242374328485,8.06225774829855,10.770329614269007,13.92838827718412,14.866068747318506,17.08800749063506,18.384776310850235,17.46424919657298,14.7648230602334,13.038404810405298,10.816653826391969,10.63014581273465,9.219544457292887,7.810249675906654,6.708203932499369,7.0,9.219544457292887,11.704699910719626,14.317821063276353,18.35755975068582,21.95449840010015,24.186773244895647
1787403217.328556,-70,0.0,21.2602916254693,21.2602916254693,20.518284528683193,20.518284528683193,19.1049731745428,18.439088914585774,16.401219466856727,15.0,13.601470508735444,12.806248474865697,11.313708498984761,11.40175425099138,10.816653826391969,10.295630140987,10.295630140987,11.180339887498949,11.180339887498949,11.180339887498949,11.180339887498949,11.180339887498949,10.295630140987,10.816653826391969,10.816653826391969,10.0,10.0,8.602325267042627,0.0,0.0,0.0,0.0,0.0,0.0,0.0,0.0,0.0,0.0,0.0,7.0710678118654755,6.082762530298219,5.385164807134504,5.830951894845301,7.211102550927978,7.810249675906654,8.602325267042627,9.219544457292887,10.0,10.0,10.816653826391969,10.0,9.219544457292887,8.48528137423857,9.219544457292887,10.63014581273465,11.661903789690601,11.661903789690601,13.038404810405298,14.422205101855956,15.264337522473747,15.811388300841896,16.64331697709324,18.027756377319946,19.4164878389476,20.0
1787403217.6470273,-69,0.0,19.313207915827967,19.313207915827967,19.313207915827967,18.384776310850235,18.384776310850235,16.55294535724685,15.652475842498529,13.416407864998739,12.529964086141668,12.529964086141668,10.44030650891055,10.198039027185569,9.219544457292887,9.219544457292887,9.055385138137417,10.04987562112089,11.045361017187261,10.0,10.0,10.0,10.0,10.04987562112089,9.055385138137417,8.246211251235321,7.0710678118654755,7.0710678118654755,0.0,0.0,0.0,0.0,0.0,0.0,0.0,0.0,0.0,0.0,0.0,6.4031242374328485,5.830951894845301,5.385164807134504,6.324555320336759,7.615773105863909,8.54400374531753,9.486832980505138,10.44030650891055,11.704699910719626,12.083045973594572,11.180339887498949,10.295630140987,9.848857801796104,10.44030650891055,11.40175425099138,11.180339887498949,12.165525060596439,12.165525060596439,14.142135623730951,16.1245154965971,16.1245154965971,17.11724276862369,17.46424919657298,17.72004514666935,17.72004514666935,19.924858845171276
1787403217.6470273,-70,0.0,19.72308292331602,20.591260281974,20.591260281974,19.72308292331602,18.35755975068582,17.88854381999832,16.55294535724685,15.652475842498529,14.317821063276353,13.0,12.083045973594572,10.295630140987,10.0,10.0,9.219544457292887,9.899494936611665,9.219544457292887,9.219544457292887,8.602325267042627,9.219544457292887,9.899494936611665,9.219544457292887,9.219544457292887,9.219544457292887,7.810249675906654,7.810249675906654,0.0,0.0,0.0,0.0,0.0,0.0,0.0,0.0,0.0,0.0,0.0,7.280109889280518,6.324555320336759,6.324555320336759,7.615773105863909,8.06225774829855,8.602325267042627,9.433981132056603,9.848857801796104,9.848857801796104,9.848857801796104,10.770329614269007,10.295630140987,10.295630140987,10.816653826391969,10.63014581273465,12.041594578792296,12.727922061357855,14.142135623730951,16.278820596099706,17.029386365926403,18.439088914585774,18.601075237738275,18.601075237738275,19.209372712298546,20.0,20.0
1787403217.6776888,-69,0.0,26.40075756488817,25.079872407968907,21.93171219946131,18.788294228055936,15.264337522473747,12.041594578792296,8.94427190999916,7.0710678118654755,8.06225774829855,10.0,11.313708498984761,13.45362404707371,14.422205101855956,16.55294535724685,17.08800749063506,17.46424919657298,18.24828759089466,17.11724276862369,14.142135623730951,11.045361017187261,8.06225774829855,5.0,2.0,0.0,1.4142135623730951,3.605551275463989,0.0,0.0,0.0,0.0,0.0,0.0,0.0,0.0,0.0,0.0,0.0,5.0,3.1622776601683795,2.23606797749979,0.0,1.4142135623730951,4.242640687119285,6.708203932499369,10.816653826391969,13.601470508735444,15.811388300841896,17.204650534085253,17.0,16.15549442140351,14.560219778561036,14.317821063276353,14.035668847618199,13.0,11.0,8.246211251235321,6.4031242374328485,7.280109889280518,9.055385138137417,13.601470508735444,17.46424919657298,21.93171219946131,24.166091947189145
1787403217.6912007,-69,0.0,28.0178514522438,27.073972741361768,24.08318915758459,20.09975124224178,16.1245154965971,11.40175425099138,8.602325267042627,5.385164807134504,7.280109889280518,9.486832980505138,10.44030650891055,12.36931687685298,13.341664064126334,15.132745950421556,16.0,17.029386365926403,17.11724276862369,15.297058540778355,13.341664064126334,11.40175425099138,9.486832980505138,5.830951894845301,2.8284271247461903,1.4142135623730951,2.0,2.8284271247461903,0.0,0.0,0.0,0.0,0.0,0.0,0.0,0.0,0.0,0.0,0.0,4.123105625617661,2.23606797749979,1.0,1.4142135623730951,3.605551275463989,5.830951894845301,8.94427190999916,11.180339887498949,13.92838827718412,16.76305461424021,18.681541692269406,18.439088914585774,18.027756377319946,18.0,18.110770276274835,16.278820596099706,14.142135623730951,12.041594578792296,10.0,8.54400374531753,9.219544457292887,11.704699910719626,16.1245154965971,20.0,23.08679276123039,25.079872407968907
1787403217.743748,-70,0.0,21.400934559032695,21.400934559032695,20.615528128088304,19.849433241279208,18.439088914585774,17.69180601295413,16.97056274847714,15.556349186104045,14.142135623730951,13.45362404707371,12.041594578792296,11.40175425099138,11.661903789690601,11.180339887498949,11.180339887498949,11.180339887498949,11.661903789690601,11.180339887498949,11.180339887498949,10.770329614269007,10.295630140987,10.295630140987,10.295630140987,9.433981132056603,9.433981132056603,8.602325267042627,0.0,0.0,0.0,0.0,0.0,0.0,0.0,0.0,0.0,0.0,0.0,7.0,6.082762530298219,6.082762530298219,5.385164807134504,5.830951894845301,7.0710678118654755,7.0710678118654755,8.48528137423857,8.48528137423857,9.219544457292887,9.219544457292887,8.602325267042627,8.602325267042627,8.48528137423857,9.219544457292887,9.433981132056603,11.180339887498949,12.083045973594572,13.416407864998739,14.317821063276353,14.7648230602334,16.1245154965971,17.4928556845359,18.35755975068582,19.72308292331602,20.248456731316587
1787403217.9258409,-69,0.0,27.294688127912362,26.30589287593181,24.186773244895647,21.095023109728988,17.029386365926403,12.041594578792296,8.54400374531753,7.0710678118654755,7.280109889280518,9.0,11.045361017187261,11.045361017187261,13.038404810405298,15.033296378372908,17.0,16.1245154965971,16.278820596099706,14.560219778561036,12.083045973594572,10.295630140987,8.06225774829855,5.830951894845301,2.23606797749979,1.4142135623730951,2.23606797749979,3.1622776601683795,0.0,0.0,0.0,0.0,0.0,0.0,0.0,0.0,0.0,0.0,0.0,2.23606797749979,1.0,1.0,3.0,3.605551275463989,5.656854249492381,6.4031242374328485,9.848857801796104,12.649110640673518,14.317821063276353,16.278820596099706,17.11724276862369,16.0312195418814,15.524174696260024,15.231546211727817,14.317821063276353,12.083045973594572,11.180339887498949,8.54400374531753,6.0,6.4031242374328485,9.486832980505138,14.035668847618199,19.1049731745428,23.194827009486403,25.019992006393608
1787403218.052922,-69,0.0,21.400934559032695,21.400934559032695,21.400934559032695,20.808652046684813,19.72308292331602,18.35755975068582,17.0,15.652475842498529,13.416407864998739,12.529964086141668,11.180339887498949,10.295630140987,10.816653826391969,11.40175425099138,10.63014581273465,9.899494936611665,10.0,10.0,9.219544457292887,9.219544457292887,8.48528137423857,8.48528137423857,8.48528137423857,7.0710678118654755,7.810249675906654,8.06225774829855,0.0,0.0,0.0,0.0,0.0,0.0,0.0,0.0,0.0,0.0,0.0,6.082762530298219,5.0,5.0990195135927845,6.324555320336759,6.708203932499369,6.708203932499369,8.06225774829855,8.94427190999916,9.848857801796104,10.44030650891055,10.44030650891055,10.44030650891055,9.486832980505138,9.848857801796104,9.848857801796104,10.295630140987,11.40175425099138,12.041594578792296,12.727922061357855,14.142135623730951,14.866068747318506,15.556349186104045,16.278820596099706,19.1049731745428,19.849433241279208,19.849433241279208
1787403218.8866787,-71,0.0,24.596747752497688,23.259406699226016,20.615528128088304,16.15549442140351,12.649110640673518,8.06225774829855,5.0990195135927845,4.47213595499958,6.0,7.0710678118654755,10.04987562112089,13.038404810405298,15.132745950421556,17.46424919657298,18.681541692269406,19.924858845171276,19.313207915827967,19.313207915827967,17.88854381999832,15.652475842498529,12.529964086141668,8.94427190999916,6.324555320336759,2.0,3.1622776601683795,6.4031242374328485,0.0,0.0,0.0,0.0,0.0,0.0,0.0,0.0,0.0,0.0,0.0,2.0,1.4142135623730951,2.0,2.23606797749979,2.23606797749979,3.0,5.830951894845301,8.602325267042627,12.041594578792296,14.142135623730951,14.866068747318506,17.029386365926403,17.204650534085253,17.4928556845359,16.1245154965971,15.652475842498529,14.317821063276353,12.083045973594572,9.433981132056603,6.4031242374328485,5.0,8.06225774829855,12.041594578792296,16.401219466856727,20.591260281974,23.706539182259394
1787403219.28781,-68,0.0,21.2602916254693,20.615528128088304,20.0,20.0,19.209372712298546,16.401219466856727,14.422205101855956,13.038404810405298,12.041594578792296,10.63014581273465,10.0,10.63014581273465,10.0,10.295630140987,12.083045973594572,12.083045973594572,12.083045973594572,9.848857801796104,9.848857801796104,11.180339887498949,11.180339887498949,12.529964086141668,11.661903789690601,10.63014581273465,10.0,9.433981132056603,0.0,0.0,0.0,0.0,0.0,0.0,0.0,0.0,0.0,0.0,0.0,3.605551275463989,5.656854249492381,6.4031242374328485,6.4031242374328485,5.656854249492381,5.0,6.708203932499369,9.433981132056603,10.63014581273465,10.63014581273465,10.63014581273465,11.40175425099138,12.206555615733702,11.40175425099138,11.313708498984761,10.63014581273465,11.40175425099138,12.206555615733702,14.212670403551895,15.0,15.0,16.401219466856727,18.601075237738275,20.615528128088304,19.849433241279208,19.1049731745428
1787403220.1075587,-69,0.0,27.202941017470888,26.570660511172846,24.698178070456937,20.615528128088304,16.55294535724685,12.206555615733702,8.06225774829855,7.0,8.94427190999916,10.0,12.806248474865697,14.422205101855956,14.7648230602334,16.15549442140351,17.72004514666935,18.24828759089466,18.110770276274835,18.027756377319946,17.0,14.0,11.0,8.0,4.0,1.0,3.1622776601683795,5.385164807134504,0.0,0.0,0.0,0.0,0.0,0.0,0.0,0.0,0.0,0.0,0.0,2.8284271247461903,2.23606797749979,2.0,2.23606797749979,3.605551275463989,5.0,8.602325267042627,11.661903789690601,15.231546211727817,17.46424919657298,19.313207915827967,19.313207915827967,18.681541692269406,17.26267650163207,16.0312195418814,14.0,12.0,9.0,7.0710678118654755,5.0,7.0710678118654755,10.04987562112089,13.341664064126334,17.46424919657298,21.587033144922902,24.041630560342615
1787403220.123566,-69,0.0,33.28663395418648,30.528675044947494,27.294688127912362,22.847319317591726,18.027756377319946,12.36931687685298,8.06225774829855,7.0710678118654755,9.486832980505138,12.165525060596439,14.142135623730951,15.524174696260024,17.08800749063506,19.235384061671343,21.095023109728988,22.47220505424423,21.400934559032695,19.849433241279208,18.439088914585774,15.811388300841896,13.601470508735444,9.219544457292887,4.47213595499958,2.23606797749979,4.123105625617661,6.708203932499369,0.0,0.0,0.0,0.0,0.0,0.0,0.0,0.0,0.0,0.0,0.0,3.1622776601683795,3.1622776601683795,2.23606797749979,2.23606797749979,5.0,8.06225774829855,11.40175425099138,14.866068747318506,18.027756377319946,20.615528128088304,21.540659228538015,21.93171219946131,21.470910553583888,20.248456731316587,17.204650534085253,15.0,13.601470508735444,11.40175425099138,8.06225774829855,6.0,7.211102550927978,10.0,14.422205101855956,20.248456731316587,24.698178070456937,26.92582403567252
1787403220.249709,-69,0.0,30.364452901377952,28.460498941515414,24.698178070456937,21.540659228538015,17.0,12.041594578792296,8.54400374531753,8.06225774829855,10.295630140987,13.038404810405298,13.038404810405298,14.7648230602334,17.46424919657298,19.6468827043885,20.396078054371138,21.095023109728988,21.02379604162864,20.024984394500787,18.0,15.0,11.0,7.0,3.0,2.23606797749979,5.0,5.385164807134504,0.0,0.0,0.0,0.0,0.0,0.0,0.0,0.0,0.0,0.0,0.0,3.0,2.23606797749979,0.0,2.23606797749979,5.0,7.211102550927978,10.295630140987,13.038404810405298,15.811388300841896,18.867962264113206,20.591260281974,20.12461179749811,19.697715603592208,18.027756377319946,15.297058540778355,14.035668847618199,12.041594578792296,8.246211251235321,5.385164807134504,5.0,6.082762530298219,9.055385138137417,13.341664064126334,18.973665961010276,25.0,27.202941017470888
1787403220.5177617,-68,0.0,23.853720883753127,22.47220505424423,20.248456731316587,18.027756377319946,13.416407864998739,9.486832980505138,6.0,4.242640687119285,6.0,8.06225774829855,11.045361017187261,13.038404810405298,14.0,16.0312195418814,18.110770276274835,19.235384061671343,18.439088914585774,17.46424919657298,14.866068747318506,12.649110640673518,9.486832980505138,6.082762530298219,3.1622776601683795,2.23606797749979,4.242640687119285,6.4031242374328485,0.0,0.0,0.0,0.0,0.0,0.0,0.0,0.0,0.0,0.0,0.0,2.0,1.4142135623730951,1.0,2.0,4.47213595499958,7.211102550927978,9.219544457292887,12.727922061357855,15.556349186104045,17.69180601295413,19.1049731745428,19.79898987322333,18.384776310850235,17.029386365926403,15.620499351813308,13.601470508735444,11.661903789690601,9.433981132056603,6.4031242374328485,4.47213595499958,5.385164807134504,8.48528137423857,13.038404810405298,17.4928556845359,21.095023109728988,22.47220505424423
1787403220.582373,-69,0.0,26.076809620810597,23.021728866442675,21.02379604162864,18.24828759089466,14.317821063276353,8.06225774829855,4.123105625617661,3.1622776601683795,4.123105625617661,7.280109889280518,11.180339887498949,13.341664064126334,14.866068747318506,16.15549442140351,17.08800749063506,18.439088914585774,19.1049731745428,18.027756377319946,16.1245154965971,13.601470508735444,11.180339887498949,9.055385138137417,6.324555320336759,3.605551275463989,2.8284271247461903,4.123105625617661,0.0,0.0,0.0,0.0,0.0,0.0,0.0,0.0,0.0,0.0,0.0,4.123105625617661,3.0,1.0,1.0,3.0,6.0,9.055385138137417,11.180339887498949,13.152946437965905,15.297058540778355,17.46424919657298,17.46424919657298,16.76305461424021,14.866068747318506,13.416407864998739,11.661903789690601,9.433981132056603,6.4031242374328485,4.47213595499958,2.23606797749979,4.123105625617661,8.06225774829855,12.041594578792296,17.029386365926403,20.0,22.0
1787403220.61977,-69,0.0,20.518284528683193,21.213203435596427,20.518284528683193,20.518284528683193,19.1049731745428,17.804493814764857,16.401219466856727,15.0,12.806248474865697,11.40175425099138,11.313708498984761,11.40175425099138,10.816653826391969,10.295630140987,11.180339887498949,11.180339887498949,11.180339887498949,11.180339887498949,11.180339887498949,11.180339887498949,11.180339887498949,11.180339887498949,11.661903789690601,10.816653826391969,10.816653826391969,10.0,0.0,0.0,0.0,0.0,0.0,0.0,0.0,0.0,0.0,0.0,0.0,5.0990195135927845,5.0990195135927845,5.385164807134504,5.830951894845301,6.708203932499369,7.211102550927978,8.602325267042627,8.602325267042627,9.433981132056603,9.433981132056603,10.295630140987,9.848857801796104,10.295630140987,9.433981132056603,10.0,10.63014581273465,11.40175425099138,11.40175425099138,12.727922061357855,14.866068747318506,16.278820596099706,16.278820596099706,15.620499351813308,17.804493814764857,18.439088914585774,18.384776310850235
1787403220.6237783,-69,0.0,17.69180601295413,19.1049731745428,18.384776310850235,18.439088914585774,18.439088914585774,17.029386365926403,15.811388300841896,14.422205101855956,13.601470508735444,11.40175425099138,10.63014581273465,9.899494936611665,10.63014581273465,11.40175425099138,11.40175425099138,10.816653826391969,9.433981132056603,9.433981132056603,10.295630140987,9.848857801796104,10.295630140987,10.816653826391969,10.816653826391969,10.63014581273465,9.899494936611665,9.899494936611665,0.0,0.0,0.0,0.0,0.0,0.0,0.0,0.0,0.0,0.0,0.0,6.0,6.0,5.0990195135927845,5.385164807134504,5.830951894845301,6.4031242374328485,7.211102550927978,7.211102550927978,8.06225774829855,7.615773105863909,8.54400374531753,8.94427190999916,8.94427190999916,9.433981132056603,9.433981132056603,9.433981132056603,9.219544457292887,9.899494936611665,11.313708498984761,11.313708498984761,12.041594578792296,13.45362404707371,14.212670403551895,16.278820596099706,17.69180601295413,17.69180601295413
1787403221.212043,-69,0.0,23.53720459187964,23.769728648009426,20.8806130178211,17.08800749063506,12.083045973594572,7.810249675906654,5.0990195135927845,5.0,7.211102550927978,8.94427190999916,11.661903789690601,13.45362404707371,14.212670403551895,16.64331697709324,17.0,17.08800749063506,17.72004514666935,17.46424919657298,15.132745950421556,13.038404810405298,10.0,7.0,4.0,1.0,3.1622776601683795,4.123105625617661,0.0,0.0,0.0,0.0,0.0,0.0,0.0,0.0,0.0,0.0,0.0,3.605551275463989,2.8284271247461903,2.0,2.0,4.123105625617661,6.082762530298219,8.246211251235321,11.180339887498949,14.142135623730951,16.278820596099706,17.26267650163207,18.110770276274835,17.11724276862369,17.029386365926403,16.0,14.035668847618199,13.0,11.0,8.246211251235321,7.0710678118654755,7.615773105863909,9.055385138137417,13.152946437965905,17.72004514666935,21.840329667841555,22.80350850198276
1787403221.2933335,-70,0.0,24.596747752497688,23.706539182259394,21.95449840010015,17.204650534085253,13.45362404707371,8.602325267042627,6.082762530298219,5.385164807134504,7.0710678118654755,9.433981132056603,11.661903789690601,14.212670403551895,15.620499351813308,17.69180601295413,18.384776310850235,19.209372712298546,18.601075237738275,17.4928556845359,16.55294535724685,14.317821063276353,12.083045973594572,8.94427190999916,5.830951894845301,1.4142135623730951,2.0,4.0,0.0,0.0,0.0,0.0,0.0,0.0,0.0,0.0,0.0,0.0,0.0,2.23606797749979,1.0,0.0,1.4142135623730951,3.605551275463989,5.830951894845301,7.280109889280518,10.44030650891055,12.649110640673518,14.866068747318506,15.524174696260024,15.524174696260024,15.524174696260024,14.142135623730951,13.0,12.0,10.0,8.0,5.0990195135927845,5.0,6.082762530298219,8.06225774829855,11.40175425099138,16.15549442140351,19.697715603592208,21.02379604162864
1787403221.3144226,-69,0.0,23.430749027719962,22.80350850198276,22.02271554554524,19.1049731745428,14.7648230602334,8.246211251235321,4.242640687119285,7.0,9.0,9.055385138137417,11.180339887498949,12.529964086141668,15.0,15.264337522473747,17.4928556845359,18.601075237738275,18.439088914585774,18.439088914585774,17.204650534085253,12.806248474865697,8.48528137423857,7.0710678118654755,5.0,1.0,2.23606797749979,5.830951894845301,0.0,0.0,0.0,0.0,0.0,0.0,0.0,0.0,0.0,0.0,0.0,2.8284271247461903,2.23606797749979,1.0,2.23606797749979,4.242640687119285,6.4031242374328485,9.433981132056603,12.206555615733702,14.212670403551895,15.620499351813308,16.401219466856727,17.204650534085253,16.1245154965971,15.231546211727817,14.866068747318506,13.601470508735444,11.40175425099138,9.219544457292887,6.708203932499369,5.0,4.123105625617661,6.324555320336759,10.0,15.620499351813308,19.1049731745428,20.518284528683193
1787403221.3363025,-69,0.0,21.95449840010015,21.633307652783937,20.808652046684813,17.4928556845359,12.649110640673518,8.0,5.0990195135927845,1.4142135623730951,5.0,8.06225774829855,8.246211251235321,9.219544457292887,11.045361017187261,15.033296378372908,18.027756377319946,17.0,17.029386365926403,18.24828759089466,17.46424919657298,13.601470508735444,9.848857801796104,6.708203932499369,3.1622776601683795,1.0,2.8284271247461903,6.4031242374328485,0.0,0.0,0.0,0.0,0.0,0.0,0.0,0.0,0.0,0.0,0.0,2.23606797749979,1.0,1.0,2.23606797749979,4.242640687119285,7.0710678118654755,9.219544457292887,12.041594578792296,13.45362404707371,14.866068747318506,16.401219466856727,16.401219466856727,15.811388300841896,15.264337522473747,13.892443989449804,12.529964086141668,11.180339887498949,9.433981132056603,7.0710678118654755,5.385164807134504,5.0,8.06225774829855,12.041594578792296,15.620499351813308,18.601075237738275,21.095023109728988
1787403221.6430845,-87,0.0,14.866068747318506,14.866068747318506,14.212670403551895,13.45362404707371,12.041594578792296,12.806248474865697,10.63014581273465,9.899494936611665,8.48528137423857,7.810249675906654,8.06225774829855,7.280109889280518,7.0710678118654755,8.06225774829855,7.280109889280518,8.54400374531753,8.94427190999916,9.848857801796104,8.94427190999916,7.211102550927978,6.4031242374328485,5.0,3.605551275463989,3.605551275463989,2.23606797749979,1.4142135623730951,0.0,0.0,0.0,0.0,0.0,0.0,0.0,0.0,0.0,0.0,0.0,19.0,19.0,18.027756377319946,18.027756377319946,17.029386365926403,16.0312195418814,15.132745950421556,14.317821063276353,12.36931687685298,11.40175425099138,10.44030650891055,8.246211251235321,6.082762530298219,6.082762530298219,5.0,4.47213595499958,5.0,5.830951894845301,6.324555320336759,7.0710678118654755,8.0,9.055385138137417,11.40175425099138,12.649110640673518,15.231546211727817,16.55294535724685
1787403222.3548758,-71,0.0,21.095023109728988,21.095023109728988,21.095023109728988,19.72308292331602,18.788294228055936,17.46424919657298,15.231546211727817,13.92838827718412,11.704699910719626,10.770329614269007,8.94427190999916,8.602325267042627,8.48528137423857,9.219544457292887,9.219544457292887,9.219544457292887,9.219544457292887,10.0,9.433981132056603,9.433981132056603,10.295630140987,10.0,10.63014581273465,9.899494936611665,8.48528137423857,7.810249675906654,0.0,0.0,0.0,0.0,0.0,0.0,0.0,0.0,0.0,0.0,0.0,5.830951894845301,4.47213595499958,4.0,4.123105625617661,4.47213595499958,5.385164807134504,6.324555320336759,7.615773105863909,7.615773105863909,7.280109889280518,7.280109889280518,7.280109889280518,7.615773105863909,8.602325267042627,9.219544457292887,9.899494936611665,11.313708498984761,12.041594578792296,13.45362404707371,14.142135623730951,15.556349186104045,15.556349186104045,16.97056274847714,19.1049731745428,19.849433241279208,19.849433241279208
1787403222.763549,-69,0.0,23.769728648009426,23.53720459187964,22.360679774997898,21.213203435596427,20.09975124224178,20.09975124224178,18.027756377319946,16.0312195418814,15.132745950421556,13.152946437965905,12.36931687685298,12.36931687685298,12.649110640673518,12.649110640673518,13.0,12.649110640673518,12.649110640673518,13.0,11.704699910719626,11.704699910719626,11.704699910719626,12.649110640673518,12.36931687685298,11.180339887498949,10.198039027185569,10.198039027185569,0.0,0.0,0.0,0.0,0.0,0.0,0.0,0.0,0.0,0.0,0.0,6.324555320336759,6.324555320336759,6.082762530298219,7.0,8.0,8.06225774829855,9.219544457292887,9.219544457292887,10.198039027185569,10.04987562112089,10.04987562112089,10.04987562112089,11.180339887498949,12.36931687685298,12.36931687685298,12.649110640673518,13.601470508735444,14.866068747318506,14.866068747318506,15.811388300841896,15.811388300841896,17.08800749063506,18.384776310850235,20.248456731316587,21.18962010041709,22.47220505424423
1787403222.9014268,-88,0.0,13.601470508735444,12.649110640673518,11.704699910719626,11.180339887498949,10.0,9.219544457292887,9.219544457292887,9.219544457292887,9.219544457292887,9.219544457292887,9.219544457292887,9.433981132056603,9.848857801796104,10.770329614269007,10.44030650891055,10.198039027185569,9.219544457292887,9.055385138137417,8.0,7.0710678118654755,5.0990195135927845,4.0,2.0,1.0,0.0,1.0,0.0,0.0,0.0,0.0,0.0,0.0,0.0,0.0,0.0,0.0,0.0,12.529964086141668,13.038404810405298,13.601470508735444,13.601470508735444,14.212670403551895,14.866068747318506,14.142135623730951,13.45362404707371,12.206555615733702,10.295630140987,8.94427190999916,7.280109889280518,6.082762530298219,5.0990195135927845,5.0,4.0,4.123105625617661,5.830951894845301,5.656854249492381,7.810249675906654,9.433981132056603,11.180339887498949,13.0,14.866068747318506,16.76305461424021,17.46424919657298
1787403222.9198508,-87,0.0,14.142135623730951,12.36931687685298,11.704699910719626,11.180339887498949,10.816653826391969,10.63014581273465,11.313708498984761,9.899494936611665,9.899494936611665,10.63014581273465,10.295630140987,10.770329614269007,10.198039027185569,10.0,10.198039027185569,9.486832980505138,8.94427190999916,8.602325267042627,7.810249675906654,6.4031242374328485,5.656854249492381,4.242640687119285,2.8284271247461903,2.23606797749979,2.0,2.23606797749979,0.0,0.0,0.0,0.0,0.0,0.0,0.0,0.0,0.0,0.0,0.0,9.433981132056603,11.40175425099138,12.727922061357855,13.45362404707371,15.0,16.64331697709324,15.264337522473747,13.892443989449804,14.317821063276353,12.36931687685298,10.198039027185569,8.06225774829855,6.082762530298219,5.0990195135927845,4.123105625617661,4.123105625617661,3.0,4.47213595499958,5.656854249492381,7.211102550927978,9.848857801796104,12.649110640673518,14.560219778561036,17.46424919657298,19.4164878389476,21.37755832643195
1787403222.9198508,-87,0.0,12.206555615733702,11.40175425099138,9.899494936611665,8.602325267042627,7.615773105863909,7.280109889280518,7.0,7.0,7.0,8.0,8.06225774829855,8.246211251235321,8.54400374531753,8.94427190999916,8.06225774829855,8.602325267042627,7.810249675906654,7.810249675906654,5.830951894845301,4.47213595499958,3.1622776601683795,2.0,1.4142135623730951,1.0,2.0,3.1622776601683795,0.0,0.0,0.0,0.0,0.0,0.0,0.0,0.0,0.0,0.0,0.0,12.727922061357855,12.727922061357855,13.45362404707371,13.45362404707371,12.727922061357855,12.727922061357855,11.40175425099138,10.816653826391969,9.848857801796104,8.54400374531753,7.280109889280518,7.0,6.082762530298219,5.385164807134504,5.0,5.0,4.47213595499958,4.123105625617661,5.0,5.385164807134504,7.211102550927978,8.602325267042627,10.63014581273465,12.727922061357855,14.142135623730951,14.866068747318506
1787403222.9198508,-87,0.0,16.401219466856727,15.0,13.038404810405298,12.083045973594572,10.44030650891055,9.055385138137417,9.0,9.055385138137417,9.055385138137417,10.0,11.0,11.180339887498949,11.704699910719626,11.180339887498949,11.661903789690601,10.816653826391969,10.0,9.219544457292887,7.810249675906654,6.4031242374328485,5.0,2.8284271247461903,3.1622776601683795,3.0,4.123105625617661,6.082762530298219,0.0,0.0,0.0,0.0,0.0,0.0,0.0,0.0,0.0,0.0,0.0,17.204650534085253,16.64331697709324,16.64331697709324,17.0,16.55294535724685,16.15549442140351,16.15549442140351,14.560219778561036,13.341664064126334,11.180339887498949,10.04987562112089,8.06225774829855,7.0710678118654755,6.324555320336759,5.830951894845301,6.708203932499369,7.211102550927978,6.708203932499369,7.280109889280518,8.06225774829855,10.04987562112089,11.180339887498949,13.601470508735444,14.866068747318506,15.231546211727817,16.55294535724685
1787403222.9198508,-87,0.0,12.041594578792296,11.313708498984761,9.219544457292887,8.06225774829855,7.615773105863909,7.0710678118654755,7.0710678118654755,6.0,6.0,6.0,6.082762530298219,5.385164807134504,5.830951894845301,6.4031242374328485,7.810249675906654,7.211102550927978,7.615773105863909,7.280109889280518,6.324555320336759,6.082762530298219,5.0,5.0990195135927845,4.123105625617661,4.47213595499958,3.605551275463989,3.605551275463989,0.0,0.0,0.0,0.0,0.0,0.0,0.0,0.0,0.0,0.0,0.0,15.231546211727817,15.231546211727817,14.866068747318506,13.341664064126334,13.152946437965905,12.041594578792296,10.0,9.219544457292887,8.54400374531753,7.211102550927978,7.0710678118654755,5.830951894845301,5.830951894845301,5.0990195135927845,5.0990195135927845,4.123105625617661,3.605551275463989,3.605551275463989,5.0990195135927845,6.0,8.246211251235321,9.848857801796104,11.661903789690601,13.601470508735444,15.0,15.620499351813308
1787403223.9373708,-71,0.0,29.068883707497267,27.294688127912362,25.059928172283335,20.591260281974,16.64331697709324,12.806248474865697,8.602325267042627,6.082762530298219,6.324555320336759,8.06225774829855,10.295630140987,12.083045973594572,13.92838827718412,16.76305461424021,18.681541692269406,18.24828759089466,18.110770276274835,17.029386365926403,16.0,14.035668847618199,11.0,8.0,4.123105625617661,2.23606797749979,3.605551275463989,5.656854249492381,0.0,0.0,0.0,0.0,0.0,0.0,0.0,0.0,0.0,0.0,0.0,2.8284271247461903,1.0,1.0,0.0,2.23606797749979,5.830951894845301,8.602325267042627,11.40175425099138,14.866068747318506,16.97056274847714,19.79898987322333,19.849433241279208,19.4164878389476,19.235384061671343,18.384776310850235,17.08800749063506,15.811388300841896,13.601470508735444,11.180339887498949,8.48528137423857,8.54400374531753,11.045361017187261,15.524174696260024,19.313207915827967,23.259406699226016,25.942243542145693
1787403224.1971498,-85,0.0,11.180339887498949,12.083045973594572,11.180339887498949,11.180339887498949,9.848857801796104,8.94427190999916,8.54400374531753,6.708203932499369,6.4031242374328485,5.656854249492381,5.0,4.47213595499958,3.605551275463989,4.123105625617661,5.0990195135927845,6.082762530298219,7.0,9.055385138137417,8.0,8.06225774829855,7.0,7.0,6.0,5.0,4.0,4.123105625617661,0.0,0.0,0.0,0.0,0.0,0.0,0.0,0.0,0.0,0.0,0.0,8.06225774829855,9.486832980505138,11.40175425099138,13.341664064126334,14.317821063276353,16.1245154965971,16.1245154965971,17.26267650163207,17.26267650163207,17.26267650163207,16.1245154965971,15.132745950421556,13.152946437965905,13.038404810405298,10.0,9.055385138137417,7.0710678118654755,6.0,4.123105625617661,4.0,4.0,5.385164807134504,5.656854249492381,7.810249675906654,10.0,11.661903789690601
1787403224.2129755,-87,0.0,17.11724276862369,17.11724276862369,16.1245154965971,15.297058540778355,15.297058540778355,13.341664064126334,11.180339887498949,10.04987562112089,9.055385138137417,8.06225774829855,8.0,8.0,8.0,8.0,8.06225774829855,9.219544457292887,10.770329614269007,11.180339887498949,10.295630140987,10.0,10.0,9.219544457292887,7.0710678118654755,6.4031242374328485,5.0,3.1622776601683795,0.0,0.0,0.0,0.0,0.0,0.0,0.0,0.0,0.0,0.0,0.0,8.94427190999916,8.94427190999916,11.180339887498949,13.0,15.231546211727817,16.15549442140351,19.313207915827967,20.248456731316587,21.18962010041709,20.615528128088304,20.248456731316587,17.08800749063506,15.811388300841896,13.601470508735444,11.40175425099138,9.219544457292887,8.06225774829855,7.0710678118654755,6.324555320336759,5.385164807134504,6.708203932499369,7.810249675906654,10.295630140987,12.529964086141668,13.92838827718412,16.76305461424021
1787403225.9204183,-71,0.0,29.832867780352597,27.65863337187866,25.495097567963924,21.93171219946131,18.439088914585774,15.652475842498529,13.152946437965905,11.180339887498949,12.529964086141668,13.038404810405298,13.038404810405298,13.416407864998739,16.15549442140351,18.027756377319946,18.027756377319946,17.46424919657298,16.1245154965971,14.0,12.165525060596439,11.40175425099138,9.486832980505138,6.324555320336759,2.0,2.8284271247461903,5.0,7.0710678118654755,0.0,0.0,0.0,0.0,0.0,0.0,0.0,0.0,0.0,0.0,0.0,3.1622776601683795,1.0,1.0,2.23606797749979,4.0,5.0,8.06225774829855,11.40175425099138,14.866068747318506,17.46424919657298,19.235384061671343,18.867962264113206,16.401219466856727,15.556349186104045,16.278820596099706,15.0,12.806248474865697,10.0,8.602325267042627,7.0710678118654755,6.082762530298219,9.055385138137417,13.0,19.235384061671343,24.698178070456937,27.459060435491963
1787403225.9834952,-71,0.0,28.42534080710379,26.90724809414742,23.345235059857504,20.518284528683193,16.401219466856727,12.529964086141668,9.0,8.94427190999916,10.0,11.313708498984761,12.041594578792296,13.892443989449804,17.46424919657298,19.924858845171276,19.6468827043885,20.396078054371138,20.09975124224178,18.0,17.26267650163207,15.524174696260024,13.341664064126334,9.219544457292887,5.0990195135927845,2.23606797749979,2.8284271247461903,5.0,0.0,0.0,0.0,0.0,0.0,0.0,0.0,0.0,0.0,0.0,0.0,4.123105625617661,2.23606797749979,1.4142135623730951,2.8284271247461903,4.47213595499958,6.082762530298219,8.0,10.04987562112089,13.341664064126334,15.524174696260024,17.72004514666935,17.46424919657298,17.0,15.811388300841896,15.620499351813308,15.556349186104045,14.212670403551895,11.40175425099138,9.899494936611665,9.433981132056603,9.219544457292887,11.045361017187261,14.866068747318506,19.235384061671343,22.47220505424423,24.413111231467404
1787403226.012956,-72,0.0,28.30194339616981,26.076809620810597,22.47220505424423,19.235384061671343,14.866068747318506,12.165525060596439,9.219544457292887,8.602325267042627,10.63014581273465,12.206555615733702,12.806248474865697,14.142135623730951,15.620499351813308,18.027756377319946,19.72308292331602,20.12461179749811,19.313207915827967,18.681541692269406,17.26267650163207,15.132745950421556,13.038404810405298,10.198039027185569,5.385164807134504,3.1622776601683795,5.0,6.4031242374328485,0.0,0.0,0.0,0.0,0.0,0.0,0.0,0.0,0.0,0.0,0.0,3.1622776601683795,1.4142135623730951,1.0,2.0,3.605551275463989,5.0,7.280109889280518,10.0,12.041594578792296,14.0,16.0,17.11724276862369,16.492422502470642,15.231546211727817,15.264337522473747,14.212670403551895,12.806248474865697,11.40175425099138,10.295630140987,8.246211251235321,8.06225774829855,9.848857801796104,13.601470508735444,18.384776310850235,22.67156809750927,26.40075756488817
1787403226.6900868,-72,0.0,25.0,23.600847442411894,21.400934559032695,17.804493814764857,14.142135623730951,11.40175425099138,8.54400374531753,8.06225774829855,9.486832980505138,11.704699910719626,12.649110640673518,13.341664064126334,15.132745950421556,17.029386365926403,18.0,18.027756377319946,17.11724276862369,15.297058540778355,13.601470508735444,10.44030650891055,8.246211251235321,6.0,3.605551275463989,4.0,7.280109889280518,9.486832980505138,0.0,0.0,0.0,0.0,0.0,0.0,0.0,0.0,0.0,0.0,0.0,4.123105625617661,2.23606797749979,1.4142135623730951,2.0,3.0,6.082762530298219,9.0,11.045361017187261,14.035668847618199,16.1245154965971,17.26267650163207,18.439088914585774,17.08800749063506,16.55294535724685,15.264337522473747,15.0,13.45362404707371,11.313708498984761,9.899494936611665,8.94427190999916,9.055385138137417,11.180339887498949,14.317821063276353,17.4928556845359,20.808652046684813,22.80350850198276
1787403226.7255518,-72,0.0,24.758836806279895,22.627416997969522,20.518284528683193,17.029386365926403,14.212670403551895,10.295630140987,8.06225774829855,7.280109889280518,9.219544457292887,10.63014581273465,12.041594578792296,13.601470508735444,15.264337522473747,16.55294535724685,17.46424919657298,18.027756377319946,16.492422502470642,15.297058540778355,13.038404810405298,11.0,8.0,4.123105625617661,2.23606797749979,3.605551275463989,7.211102550927978,8.602325267042627,0.0,0.0,0.0,0.0,0.0,0.0,0.0,0.0,0.0,0.0,0.0,5.0,3.0,2.23606797749979,2.23606797749979,4.123105625617661,6.082762530298219,9.219544457292887,12.165525060596439,14.317821063276353,15.811388300841896,17.08800749063506,17.08800749063506,16.55294535724685,16.1245154965971,15.0,14.142135623730951,13.45362404707371,11.313708498984761,9.219544457292887,8.06225774829855,8.246211251235321,10.198039027185569,13.416407864998739,17.204650534085253,19.849433241279208,22.67156809750927
1787403226.7532418,-71,0.0,21.37755832643195,21.213203435596427,20.09975124224178,20.024984394500787,19.026297590440446,17.0,16.0,15.033296378372908,13.038404810405298,11.0,11.0,11.0,10.198039027185569,9.055385138137417,9.055385138137417,10.198039027185569,10.198039027185569,10.198039027185569,9.219544457292887,9.219544457292887,10.198039027185569,9.219544457292887,9.055385138137417,10.04987562112089,9.055385138137417,7.0710678118654755,0.0,0.0,0.0,0.0,0.0,0.0,0.0,0.0,0.0,0.0,0.0,7.280109889280518,7.0710678118654755,6.082762530298219,5.385164807134504,5.385164807134504,6.708203932499369,8.06225774829855,10.295630140987,12.083045973594572,10.770329614269007,9.486832980505138,10.770329614269007,8.94427190999916,8.54400374531753,11.704699910719626,14.422205101855956,15.0,13.0,15.231546211727817,16.401219466856727,16.278820596099706,16.64331697709324,18.788294228055936,20.248456731316587,20.248456731316587,22.47220505424423
1787403226.769227,-87,0.0,18.601075237738275,18.601075237738275,17.204650534085253,15.811388300841896,12.806248474865697,10.0,7.211102550927978,4.47213595499958,3.1622776601683795,2.0,2.0,3.0,4.123105625617661,6.082762530298219,9.486832980505138,11.40175425099138,12.649110640673518,12.649110640673518,13.601470508735444,13.92838827718412,13.0,11.704699910719626,9.848857801796104,8.06225774829855,7.211102550927978,6.4031242374328485,0.0,0.0,0.0,0.0,0.0,0.0,0.0,0.0,0.0,0.0,0.0,12.041594578792296,11.0,10.198039027185569,10.770329614269007,12.041594578792296,13.601470508735444,15.652475842498529,17.46424919657298,18.027756377319946,16.492422502470642,17.46424919657298,17.26267650163207,15.132745950421556,13.038404810405298,10.0,8.06225774829855,5.0990195135927845,4.123105625617661,4.47213595499958,4.47213595499958,5.385164807134504,7.280109889280518,9.219544457292887,11.40175425099138,13.341664064126334,14.317821063276353
1787403227.9885643,-70,0.0,21.095023109728988,21.02379604162864,20.09975124224178,20.223748416156685,20.396078054371138,19.1049731745428,17.029386365926403,15.132745950421556,14.142135623730951,11.045361017187261,9.219544457292887,10.770329614269007,10.770329614269007,9.848857801796104,10.295630140987,10.0,9.219544457292887,9.219544457292887,10.0,10.0,10.0,9.899494936611665,10.0,9.899494936611665,9.219544457292887,8.06225774829855,0.0,0.0,0.0,0.0,0.0,0.0,0.0,0.0,0.0,0.0,0.0,6.082762530298219,4.123105625617661,3.605551275463989,4.47213595499958,5.0990195135927845,5.385164807134504,6.324555320336759,8.06225774829855,8.0,7.0710678118654755,7.615773105863909,9.486832980505138,11.180339887498949,12.041594578792296,12.0,13.038404810405298,14.142135623730951,14.142135623730951,14.142135623730951,13.152946437965905,14.142135623730951,18.24828759089466,20.396078054371138,21.37755832643195,22.02271554554524,22.0
1787403228.018107,-88,0.0,15.524174696260024,15.297058540778355,14.317821063276353,12.36931687685298,10.04987562112089,9.055385138137417,7.0,6.324555320336759,6.4031242374328485,5.656854249492381,5.0,7.615773105863909,8.54400374531753,7.615773105863909,7.615773105863909,8.54400374531753,9.219544457292887,8.54400374531753,6.708203932499369,7.615773105863909,5.830951894845301,6.4031242374328485,6.4031242374328485,6.4031242374328485,7.0710678118654755,6.4031242374328485,0.0,0.0,0.0,0.0,0.0,0.0,0.0,0.0,0.0,0.0,0.0,10.295630140987,9.433981132056603,8.94427190999916,9.219544457292887,9.055385138137417,10.198039027185569,13.0,14.422205101855956,14.422205101855956,14.422205101855956,14.7648230602334,14.317821063276353,12.649110640673518,11.045361017187261,9.055385138137417,8.54400374531753,7.810249675906654,7.615773105863909,9.219544457292887,9.055385138137417,10.04987562112089,11.0,11.0,12.0,13.0,13.0
1787403228.1807172,-88,0.0,8.06225774829855,8.06225774829855,7.0710678118654755,7.0,6.082762530298219,6.0,6.0,6.0,6.0,7.0,8.0,8.0,8.0,9.055385138137417,9.055385138137417,8.246211251235321,8.246211251235321,9.486832980505138,8.54400374531753,7.615773105863909,7.280109889280518,6.708203932499369,6.324555320336759,5.385164807134504,5.385164807134504,4.47213595499958,0.0,0.0,0.0,0.0,0.0,0.0,0.0,0.0,0.0,0.0,0.0,15.811388300841896,17.204650534085253,17.4928556845359,17.0,17.88854381999832,17.46424919657298,16.15549442140351,14.317821063276353,12.083045973594572,9.848857801796104,8.246211251235321,6.082762530298219,5.0990195135927845,4.47213595499958,4.242640687119285,5.0,7.0710678118654755,7.810249675906654,9.433981132056603,10.295630140987,11.704699910719626,11.40175425099138,13.152946437965905,14.142135623730951,15.033296378372908,15.0
1787403228.2032466,-70,0.0,22.135943621178654,23.08679276123039,22.47220505424423,21.02379604162864,20.12461179749811,18.788294228055936,17.4928556845359,15.811388300841896,13.892443989449804,13.038404810405298,12.529964086141668,11.180339887498949,10.770329614269007,10.44030650891055,10.198039027185569,10.198039027185569,10.04987562112089,10.04987562112089,10.0,10.0,11.0,11.045361017187261,11.180339887498949,10.198039027185569,9.486832980505138,8.54400374531753,0.0,0.0,0.0,0.0,0.0,0.0,0.0,0.0,0.0,0.0,0.0,7.211102550927978,7.211102550927978,7.0710678118654755,7.810249675906654,8.602325267042627,9.433981132056603,9.433981132056603,10.816653826391969,12.206555615733702,13.038404810405298,12.806248474865697,12.806248474865697,12.041594578792296,12.041594578792296,12.206555615733702,11.661903789690601,12.083045973594572,12.083045973594572,12.649110640673518,13.601470508735444,15.524174696260024,16.278820596099706,18.439088914585774,19.6468827043885,20.8806130178211,20.615528128088304
1787403228.4968722,-70,0.0,30.265491900843113,28.160255680657446,24.020824298928627,20.024984394500787,16.0312195418814,11.704699910719626,9.219544457292887,9.848857801796104,11.180339887498949,13.038404810405298,14.035668847618199,14.317821063276353,14.866068747318506,16.1245154965971,16.401219466856727,16.278820596099706,16.64331697709324,15.652475842498529,13.92838827718412,12.649110640673518,10.198039027185569,7.0710678118654755,4.0,0.0,3.1622776601683795,4.47213595499958,0.0,0.0,0.0,0.0,0.0,0.0,0.0,0.0,0.0,0.0,0.0,4.123105625617661,2.0,1.0,1.0,2.23606797749979,5.0,7.810249675906654,10.816653826391969,13.416407864998739,16.1245154965971,18.788294228055936,19.697715603592208,19.313207915827967,17.72004514666935,16.278820596099706,15.033296378372908,13.038404810405298,12.36931687685298,10.770329614269007,10.0,10.63014581273465,13.416407864998739,16.76305461424021,21.37755832643195,25.495097567963924,28.442925306655784
1787403228.5987725,-71,0.0,34.20526275297414,33.24154027718932,29.832867780352597,24.331050121192877,18.110770276274835,13.038404810405298,9.848857801796104,9.899494936611665,11.40175425099138,12.165525060596439,12.36931687685298,12.649110640673518,14.866068747318506,17.0,17.204650534085253,17.69180601295413,17.69180601295413,15.811388300841896,14.317821063276353,13.0,9.848857801796104,6.324555320336759,3.1622776601683795,1.0,4.123105625617661,6.324555320336759,0.0,0.0,0.0,0.0,0.0,0.0,0.0,0.0,0.0,0.0,0.0,2.23606797749979,1.0,2.23606797749979,3.605551275463989,6.4031242374328485,7.810249675906654,9.848857801796104,12.36931687685298,15.132745950421556,19.235384061671343,21.213203435596427,21.02379604162864,21.02379604162864,20.223748416156685,18.681541692269406,15.811388300841896,13.92838827718412,10.770329614269007,8.246211251235321,7.0,8.06225774829855,12.041594578792296,17.4928556845359,22.360679774997898,27.313000567495326,30.083217912982647
1787403228.6241267,-70,0.0,28.160255680657446,29.068883707497267,26.019223662515376,21.02379604162864,15.033296378372908,10.04987562112089,7.280109889280518,6.708203932499369,10.198039027185569,13.0,13.601470508735444,14.035668847618199,16.0312195418814,18.110770276274835,18.439088914585774,18.027756377319946,16.55294535724685,15.264337522473747,12.806248474865697,10.63014581273465,7.810249675906654,5.0,1.0,3.1622776601683795,6.4031242374328485,7.810249675906654,0.0,0.0,0.0,0.0,0.0,0.0,0.0,0.0,0.0,0.0,0.0,1.0,1.4142135623730951,2.23606797749979,3.605551275463989,4.47213595499958,6.324555320336759,8.54400374531753,11.180339887498949,15.033296378372908,19.1049731745428,21.0,21.02379604162864,19.235384061671343,18.439088914585774,18.384776310850235,17.88854381999832,16.1245154965971,12.529964086141668,8.246211251235321,8.246211251235321,8.48528137423857,11.661903789690601,14.317821063276353,18.681541692269406,23.194827009486403,25.079872407968907
1787403228.728991,-87,0.0,7.211102550927978,7.211102550927978,6.708203932499369,7.280109889280518,8.06225774829855,7.0,7.0710678118654755,7.280109889280518,7.0710678118654755,7.0,8.0,7.0710678118654755,7.615773105863909,8.94427190999916,9.433981132056603,10.295630140987,10.295630140987,9.848857801796104,9.486832980505138,8.246211251235321,8.246211251235321,8.06225774829855,7.0710678118654755,7.0710678118654755,7.0710678118654755,7.0710678118654755,0.0,0.0,0.0,0.0,0.0,0.0,0.0,0.0,0.0,0.0,0.0,23.0,23.021728866442675,21.095023109728988,21.213203435596427,20.223748416156685,18.24828759089466,16.278820596099706,15.297058540778355,12.36931687685298,10.44030650891055,8.54400374531753,6.324555320336759,4.47213595499958,4.47213595499958,4.47213595499958,5.0,5.830951894845301,6.082762530298219,7.0710678118654755,8.06225774829855,10.0,12.041594578792296,13.152946437965905,14.317821063276353,16.76305461424021,18.027756377319946
1787403229.2216752,-70,0.0,29.274562336608895,28.284271247461902,26.476404589747453,22.561028345356956,18.681541692269406,15.652475842498529,12.041594578792296,11.661903789690601,12.649110640673518,13.341664064126334,14.317821063276353,15.811388300841896,17.08800749063506,18.788294228055936,19.72308292331602,19.4164878389476,18.439088914585774,15.556349186104045,14.212670403551895,11.40175425099138,9.219544457292887,6.4031242374328485,4.0,4.242640687119285,6.708203932499369,8.94427190999916,0.0,0.0,0.0,0.0,0.0,0.0,0.0,0.0,0.0,0.0,0.0,2.23606797749979,1.0,2.23606797749979,3.605551275463989,4.47213595499958,6.082762530298219,8.06225774829855,10.770329614269007,13.892443989449804,16.64331697709324,18.439088914585774,19.1049731745428,20.0,19.72308292331602,18.788294228055936,18.027756377319946,16.76305461424021,13.601470508735444,12.083045973594572,10.0,9.433981132056603,11.40175425099138,15.033296378372908,19.026297590440446,23.08679276123039,25.179356624028344
1787403229.233433,-71,0.0,25.80697580112788,25.80697580112788,24.20743687382041,20.615528128088304,16.278820596099706,13.038404810405298,10.44030650891055,10.04987562112089,10.770329614269007,11.180339887498949,12.083045973594572,13.0,13.601470508735444,15.297058540778355,16.0312195418814,16.0312195418814,15.132745950421556,13.341664064126334,11.704699910719626,9.486832980505138,7.0710678118654755,5.0,3.605551275463989,5.0,7.280109889280518,9.219544457292887,0.0,0.0,0.0,0.0,0.0,0.0,0.0,0.0,0.0,0.0,0.0,2.23606797749979,1.0,1.0,2.23606797749979,3.605551275463989,5.385164807134504,7.0710678118654755,10.0,13.152946437965905,15.524174696260024,16.76305461424021,17.46424919657298,18.027756377319946,17.69180601295413,17.69180601295413,17.029386365926403,15.811388300841896,14.422205101855956,11.40175425099138,9.219544457292887,8.246211251235321,9.055385138137417,12.083045973594572,16.1245154965971,20.248456731316587,23.021728866442675
1787403229.3162227,-69,0.0,28.0178514522438,26.076809620810597,23.323807579381203,19.235384061671343,15.811388300841896,12.041594578792296,10.770329614269007,9.899494936611665,11.661903789690601,12.529964086141668,13.892443989449804,13.601470508735444,15.556349186104045,16.401219466856727,16.64331697709324,16.15549442140351,15.524174696260024,15.132745950421556,13.0,11.045361017187261,9.055385138137417,6.082762530298219,3.0,2.23606797749979,5.656854249492381,7.810249675906654,0.0,0.0,0.0,0.0,0.0,0.0,0.0,0.0,0.0,0.0,0.0,3.1622776601683795,1.0,1.4142135623730951,1.4142135623730951,2.23606797749979,4.47213595499958,7.0,10.198039027185569,13.0,16.278820596099706,19.026297590440446,20.09975124224178,19.4164878389476,18.681541692269406,17.72004514666935,17.08800749063506,14.317821063276353,12.083045973594572,10.44030650891055,9.055385138137417,9.219544457292887,10.295630140987,13.45362404707371,17.804493814764857,22.20360331117452,24.413111231467404
1787403229.7588704,-71,0.0,26.92582403567252,25.96150997149434,22.80350850198276,18.681541692269406,14.866068747318506,10.816653826391969,7.810249675906654,7.0710678118654755,8.246211251235321,8.94427190999916,9.848857801796104,13.0,13.92838827718412,15.524174696260024,17.11724276862369,18.027756377319946,17.029386365926403,16.278820596099706,14.866068747318506,12.083045973594572,9.848857801796104,7.615773105863909,4.0,2.23606797749979,3.605551275463989,6.4031242374328485,0.0,0.0,0.0,0.0,0.0,0.0,0.0,0.0,0.0,0.0,0.0,6.708203932499369,4.47213595499958,3.1622776601683795,2.23606797749979,2.23606797749979,3.1622776601683795,5.830951894845301,10.0,13.038404810405298,17.204650534085253,19.209372712298546,19.209372712298546,18.867962264113206,17.88854381999832,17.08800749063506,16.76305461424021,15.524174696260024,13.341664064126334,11.40175425099138,8.94427190999916,8.602325267042627,9.219544457292887,12.0,17.26267650163207,22.360679774997898,24.331050121192877
1787403229.9585006,-70,0.0,28.635642126552707,28.635642126552707,26.68332812825267,22.80350850198276,18.24828759089466,13.038404810405298,9.219544457292887,7.810249675906654,7.615773105863909,8.06225774829855,10.198039027185569,12.36931687685298,14.560219778561036,17.08800749063506,17.46424919657298,17.0,17.4928556845359,17.204650534085253,15.0,12.806248474865697,10.0,6.708203932499369,4.0,4.242640687119285,6.082762530298219,8.06225774829855,0.0,0.0,0.0,0.0,0.0,0.0,0.0,0.0,0.0,0.0,0.0,4.123105625617661,2.23606797749979,1.0,0.0,1.0,4.123105625617661,7.0710678118654755,11.0,15.0,17.0,20.0,21.0,21.095023109728988,20.396078054371138,18.973665961010276,17.08800749063506,15.231546211727817,13.416407864998739,10.770329614269007,8.0,7.211102550927978,9.848857801796104,15.132745950421556,20.09975124224178,24.186773244895647,26.1725046566048
1787403229.9833934,-70,0.0,26.570660511172846,25.632011235952593,24.351591323771842,22.47220505424423,17.08800749063506,12.165525060596439,9.055385138137417,5.830951894845301,5.0,6.324555320336759,8.246211251235321,10.198039027185569,12.36931687685298,13.92838827718412,15.231546211727817,16.55294535724685,16.1245154965971,14.422205101855956,12.806248474865697,10.63014581273465,7.810249675906654,5.0,3.1622776601683795,2.23606797749979,4.0,5.0,0.0,0.0,0.0,0.0,0.0,0.0,0.0,0.0,0.0,0.0,0.0,2.23606797749979,1.4142135623730951,1.4142135623730951,1.0,2.23606797749979,5.385164807134504,8.54400374531753,12.36931687685298,14.866068747318506,17.72004514666935,19.924858845171276,20.8806130178211,20.248456731316587,19.697715603592208,18.35755975068582,17.4928556845359,15.264337522473747,11.661903789690601,8.94427190999916,7.0,6.708203932499369,8.602325267042627,13.0,17.72004514666935,20.8806130178211,23.08679276123039
1787403230.0056908,-69,0.0,24.413111231467404,22.80350850198276,20.518284528683193,18.439088914585774,15.0,10.816653826391969,7.615773105863909,6.082762530298219,6.4031242374328485,8.06225774829855,10.295630140987,11.661903789690601,12.206555615733702,14.212670403551895,15.556349186104045,15.620499351813308,16.401219466856727,15.811388300841896,13.892443989449804,11.661903789690601,10.0,7.0710678118654755,4.47213595499958,3.1622776601683795,5.0,5.830951894845301,0.0,0.0,0.0,0.0,0.0,0.0,0.0,0.0,0.0,0.0,0.0,4.242640687119285,4.123105625617661,2.0,0.0,1.0,3.0,5.656854249492381,11.661903789690601,15.264337522473747,17.204650534085253,19.4164878389476,20.0,19.209372712298546,18.384776310850235,16.401219466856727,14.422205101855956,13.038404810405298,10.816653826391969,8.48528137423857,6.708203932499369,6.324555320336759,9.219544457292887,12.041594578792296,17.804493814764857,21.400934559032695,22.20360331117452
1787403230.0214376,-69,0.0,29.0,26.870057685088806,24.758836806279895,21.93171219946131,17.69180601295413,13.038404810405298,9.848857801796104,8.06225774829855,6.708203932499369,8.602325267042627,10.0,13.45362404707371,16.64331697709324,18.027756377319946,20.248456731316587,20.591260281974,20.248456731316587,19.924858845171276,18.027756377319946,14.866068747318506,11.704699910719626,9.848857801796104,6.4031242374328485,3.605551275463989,4.47213595499958,5.656854249492381,0.0,0.0,0.0,0.0,0.0,0.0,0.0,0.0,0.0,0.0,0.0,4.242640687119285,3.1622776601683795,2.0,1.0,1.0,4.47213595499958,8.06225774829855,11.661903789690601,14.422205101855956,18.027756377319946,20.248456731316587,21.400934559032695,19.849433241279208,19.1049731745428,17.804493814764857,17.204650534085253,15.264337522473747,12.206555615733702,9.219544457292887,6.708203932499369,7.280109889280518,10.0,14.142135623730951,18.439088914585774,23.430749027719962,27.018512172212592
1787403230.0432174,-70,0.0,26.627053911388696,26.627053911388696,23.853720883753127,20.0,16.64331697709324,13.0,9.055385138137417,6.324555320336759,5.656854249492381,6.4031242374328485,8.602325267042627,10.63014581273465,12.727922061357855,14.866068747318506,16.401219466856727,17.204650534085253,16.1245154965971,15.652475842498529,15.231546211727817,12.649110640673518,10.44030650891055,7.280109889280518,4.123105625617661,0.0,3.0,4.0,0.0,0.0,0.0,0.0,0.0,0.0,0.0,0.0,0.0,0.0,0.0,2.0,1.0,1.0,1.4142135623730951,3.0,4.123105625617661,6.708203932499369,10.295630140987,13.416407864998739,17.88854381999832,19.235384061671343,19.72308292331602,20.248456731316587,19.209372712298546,18.384776310850235,16.278820596099706,13.45362404707371,11.313708498984761,9.219544457292887,7.280109889280518,7.280109889280518,10.0,13.45362404707371,18.601075237738275,23.853720883753127,26.419689627245813
1787403230.0786576,-70,0.0,26.832815729997478,25.942243542145693,23.706539182259394,20.591260281974,16.64331697709324,13.45362404707371,10.295630140987,9.219544457292887,9.055385138137417,10.198039027185569,11.40175425099138,12.36931687685298,14.035668847618199,15.033296378372908,15.297058540778355,15.811388300841896,15.652475842498529,13.892443989449804,12.206555615733702,10.0,7.810249675906654,5.0,2.23606797749979,1.0,3.605551275463989,5.830951894845301,0.0,0.0,0.0,0.0,0.0,0.0,0.0,0.0,0.0,0.0,0.0,5.830951894845301,4.47213595499958,2.23606797749979,2.23606797749979,2.8284271247461903,5.830951894845301,10.0,13.45362404707371,16.97056274847714,19.79898987322333,22.627416997969522,22.67156809750927,22.80350850198276,20.808652046684813,19.72308292331602,19.235384061671343,17.88854381999832,14.317821063276353,11.661903789690601,9.899494936611665,8.94427190999916,11.0,15.524174696260024,18.384776310850235,23.259406699226016,25.942243542145693
1787403230.1322355,-70,0.0,20.0,20.0,20.0,19.026297590440446,18.0,18.027756377319946,16.0312195418814,15.132745950421556,13.152946437965905,12.041594578792296,11.0,10.04987562112089,10.198039027185569,10.198039027185569,10.198039027185569,9.486832980505138,9.486832980505138,8.94427190999916,8.94427190999916,8.94427190999916,9.433981132056603,9.433981132056603,8.94427190999916,8.54400374531753,8.54400374531753,7.615773105863909,0.0,0.0,0.0,0.0,0.0,0.0,0.0,0.0,0.0,0.0,0.0,2.0,3.0,6.082762530298219,8.06225774829855,9.219544457292887,9.055385138137417,9.055385138137417,10.04987562112089,11.045361017187261,12.165525060596439,12.36931687685298,12.36931687685298,12.165525060596439,12.165525060596439,12.041594578792296,14.035668847618199,14.035668847618199,14.035668847618199,15.033296378372908,15.0,16.0312195418814,16.1245154965971,17.11724276862369,19.1049731745428,21.02379604162864,21.0
1787403230.5805628,-88,0.0,9.055385138137417,10.04987562112089,11.045361017187261,12.041594578792296,12.0,12.041594578792296,12.165525060596439,11.40175425099138,10.44030650891055,9.848857801796104,9.433981132056603,8.602325267042627,7.810249675906654,7.0710678118654755,6.4031242374328485,6.708203932499369,5.385164807134504,5.385164807134504,5.0990195135927845,5.0,5.0,5.0990195135927845,6.324555320336759,6.708203932499369,6.708203932499369,7.615773105863909,0.0,0.0,0.0,0.0,0.0,0.0,0.0,0.0,0.0,0.0,0.0,7.615773105863909,8.06225774829855,8.246211251235321,9.433981132056603,11.313708498984761,13.892443989449804,14.317821063276353,15.652475842498529,17.46424919657298,18.384776310850235,18.027756377319946,16.15549442140351,14.317821063276353,12.206555615733702,9.219544457292887,9.433981132056603,8.54400374531753,8.0,7.211102550927978,7.810249675906654,7.810249675906654,7.810249675906654,8.602325267042627,9.219544457292887,9.219544457292887,9.219544457292887
1787403231.363302,-70,0.0,25.80697580112788,24.413111231467404,21.400934559032695,17.804493814764857,14.142135623730951,10.816653826391969,7.0710678118654755,6.324555320336759,7.810249675906654,8.48528137423857,9.899494936611665,11.40175425099138,12.529964086141668,13.0,13.601470508735444,14.142135623730951,14.0,13.152946437965905,11.704699910719626,10.770329614269007,8.94427190999916,6.708203932499369,4.123105625617661,1.4142135623730951,2.23606797749979,5.0,0.0,0.0,0.0,0.0,0.0,0.0,0.0,0.0,0.0,0.0,0.0,2.8284271247461903,1.4142135623730951,1.0,0.0,1.4142135623730951,3.605551275463989,5.656854249492381,9.219544457292887,12.806248474865697,15.811388300841896,18.027756377319946,18.601075237738275,18.439088914585774,17.69180601295413,17.029386365926403,15.811388300841896,14.422205101855956,11.661903789690601,10.0,7.810249675906654,7.280109889280518,9.055385138137417,12.083045973594572,16.1245154965971,21.095023109728988,23.021728866442675
1787403231.7732062,-70,0.0,26.076809620810597,25.019992006393608,24.020824298928627,21.0,18.027756377319946,14.317821063276353,12.529964086141668,11.313708498984761,10.816653826391969,11.180339887498949,13.0,16.64331697709324,19.849433241279208,17.204650534085253,14.212670403551895,14.212670403551895,13.892443989449804,12.649110640673518,11.40175425099138,8.06225774829855,6.082762530298219,4.123105625617661,2.8284271247461903,2.23606797749979,4.242640687119285,5.656854249492381,0.0,0.0,0.0,0.0,0.0,0.0,0.0,0.0,0.0,0.0,0.0,3.1622776601683795,2.23606797749979,0.0,1.0,3.1622776601683795,4.47213595499958,7.211102550927978,10.0,12.206555615733702,14.212670403551895,15.556349186104045,17.029386365926403,17.204650534085253,17.0,15.811388300841896,15.297058540778355,14.142135623730951,13.341664064126334,11.40175425099138,9.433981132056603,9.219544457292887,11.704699910719626,14.142135623730951,19.0,22.0,23.0
1787403231.788449,-72,0.0,31.016124838541646,30.083217912982647,27.51363298439521,24.351591323771842,21.587033144922902,18.110770276274835,15.132745950421556,13.92838827718412,14.422205101855956,14.866068747318506,14.866068747318506,15.620499351813308,16.64331697709324,17.0,17.08800749063506,15.524174696260024,14.142135623730951,12.0,10.04987562112089,8.246211251235321,5.0990195135927845,2.0,2.0,4.123105625617661,6.324555320336759,8.54400374531753,0.0,0.0,0.0,0.0,0.0,0.0,0.0,0.0,0.0,0.0,0.0,5.385164807134504,2.8284271247461903,1.0,1.0,2.23606797749979,4.47213595499958,7.211102550927978,10.63014581273465,14.142135623730951,16.97056274847714,18.439088914585774,18.601075237738275,18.35755975068582,18.027756377319946,18.24828759089466,17.029386365926403,16.0,15.033296378372908,14.0,11.180339887498949,10.295630140987,12.041594578792296,15.652475842498529,20.248456731316587,24.041630560342615,27.202941017470888
1787403231.8755229,-70,0.0,28.42534080710379,27.65863337187866,24.839484696748443,22.67156809750927,18.439088914585774,15.264337522473747,11.40175425099138,10.04987562112089,10.770329614269007,11.180339887498949,12.529964086141668,13.92838827718412,15.524174696260024,17.11724276862369,17.029386365926403,17.0,15.132745950421556,14.317821063276353,13.0,10.816653826391969,8.48528137423857,5.656854249492381,1.4142135623730951,2.23606797749979,5.0,7.211102550927978,0.0,0.0,0.0,0.0,0.0,0.0,0.0,0.0,0.0,0.0,0.0,6.4031242374328485,3.605551275463989,2.23606797749979,3.0,4.0,6.0,9.219544457292887,12.36931687685298,15.811388300841896,18.973665961010276,20.8806130178211,20.248456731316587,19.235384061671343,18.601075237738275,19.1049731745428,19.1049731745428,17.804493814764857,14.866068747318506,12.041594578792296,9.433981132056603,9.219544457292887,10.198039027185569,13.892443989449804,18.601075237738275,22.67156809750927,24.758836806279895
1787403231.9134464,-72,0.0,25.079872407968907,24.166091947189145,21.93171219946131,19.697715603592208,16.76305461424021,14.142135623730951,11.045361017187261,9.486832980505138,8.602325267042627,9.899494936611665,10.63014581273465,12.041594578792296,13.038404810405298,13.416407864998739,12.529964086141668,12.083045973594572,10.44030650891055,8.06225774829855,7.0710678118654755,6.324555320336759,4.123105625617661,1.4142135623730951,1.0,3.605551275463989,5.656854249492381,6.4031242374328485,0.0,0.0,0.0,0.0,0.0,0.0,0.0,0.0,0.0,0.0,0.0,2.23606797749979,1.0,2.23606797749979,1.4142135623730951,1.0,3.1622776601683795,5.385164807134504,8.246211251235321,11.704699910719626,14.866068747318506,15.811388300841896,15.524174696260024,16.1245154965971,16.0312195418814,16.278820596099706,15.524174696260024,14.866068747318506,13.92838827718412,11.704699910719626,10.04987562112089,8.246211251235321,9.219544457292887,12.529964086141668,16.15549442140351,19.313207915827967,21.18962010041709
1787403232.3897715,-71,0.0,19.209372712298546,20.808652046684813,20.808652046684813,18.867962264113206,17.4928556845359,16.55294535724685,15.652475842498529,13.416407864998739,12.083045973594572,11.180339887498949,10.816653826391969,9.899494936611665,9.219544457292887,8.48528137423857,8.48528137423857,9.219544457292887,8.48528137423857,8.602325267042627,7.211102550927978,7.211102550927978,8.06225774829855,7.810249675906654,7.810249675906654,6.4031242374328485,5.656854249492381,5.0,0.0,0.0,0.0,0.0,0.0,0.0,0.0,0.0,0.0,0.0,0.0,4.242640687119285,3.1622776601683795,2.0,2.8284271247461903,3.605551275463989,5.0,6.4031242374328485,7.0710678118654755,7.810249675906654,8.602325267042627,9.433981132056603,9.433981132056603,10.0,9.219544457292887,9.899494936611665,10.63014581273465,11.313708498984761,12.727922061357855,14.866068747318506,15.556349186104045,16.278820596099706,15.556349186104045,16.97056274847714,19.1049731745428,19.1049731745428,17.69180601295413
1787403232.8015697,-70,0.0,21.840329667841555,20.8806130178211,19.313207915827967,17.46424919657298,17.46424919657298,19.313207915827967,18.788294228055936,16.1245154965971,13.038404810405298,10.770329614269007,12.165525060596439,14.142135623730951,11.045361017187261,8.0,7.0,7.0,7.0,6.324555320336759,6.324555320336759,6.082762530298219,7.280109889280518,9.848857801796104,10.198039027185569,9.055385138137417,9.055385138137417,8.06225774829855,0.0,0.0,0.0,0.0,0.0,0.0,0.0,0.0,0.0,0.0,0.0,5.0,4.123105625617661,4.242640687119285,5.830951894845301,6.324555320336759,7.615773105863909,8.54400374531753,9.848857801796104,10.295630140987,10.816653826391969,11.40175425099138,10.816653826391969,10.816653826391969,10.295630140987,11.180339887498949,12.083045973594572,13.0,13.92838827718412,13.92838827718412,14.866068747318506,15.811388300841896,16.76305461424021,16.76305461424021,17.72004514666935,18.681541692269406,19.924858845171276
1787403233.0031385,-70,0.0,21.02379604162864,20.615528128088304,20.615528128088304,19.697715603592208,18.384776310850235,18.027756377319946,16.76305461424021,14.560219778561036,13.601470508735444,11.704699910719626,10.770329614269007,9.848857801796104,8.94427190999916,9.433981132056603,8.602325267042627,7.810249675906654,7.810249675906654,7.810249675906654,7.211102550927978,7.211102550927978,8.602325267042627,8.602325267042627,9.219544457292887,7.810249675906654,7.0710678118654755,5.656854249492381,0.0,0.0,0.0,0.0,0.0,0.0,0.0,0.0,0.0,0.0,0.0,4.123105625617661,5.0990195135927845,5.830951894845301,7.810249675906654,9.219544457292887,9.219544457292887,10.63014581273465,11.40175425099138,13.038404810405298,14.7648230602334,14.317821063276353,15.231546211727817,14.317821063276353,14.317821063276353,15.231546211727817,15.231546211727817,15.652475842498529,16.55294535724685,17.88854381999832,17.88854381999832,17.88854381999832,18.788294228055936,18.788294228055936,18.788294228055936,20.12461179749811,19.697715603592208
1787403233.1108115,-70,0.0,20.8806130178211,21.18962010041709,20.8806130178211,19.924858845171276,20.248456731316587,19.697715603592208,17.46424919657298,16.55294535724685,15.231546211727817,13.92838827718412,12.649110640673518,11.704699910719626,11.40175425099138,11.40175425099138,10.198039027185569,10.198039027185569,9.055385138137417,9.055385138137417,8.0,8.06225774829855,9.055385138137417,10.04987562112089,9.0,9.0,8.0,8.0,0.0,0.0,0.0,0.0,0.0,0.0,0.0,0.0,0.0,0.0,0.0,4.47213595499958,3.605551275463989,4.47213595499958,6.082762530298219,7.0710678118654755,8.06225774829855,10.04987562112089,11.180339887498949,12.649110640673518,13.601470508735444,13.92838827718412,13.0,13.0,13.92838827718412,13.92838827718412,14.560219778561036,15.524174696260024,15.811388300841896,16.76305461424021,17.08800749063506,18.027756377319946,18.027756377319946,18.681541692269406,19.6468827043885,19.924858845171276,19.924858845171276
1787403233.137692,-70,0.0,25.553864678361276,25.059928172283335,23.323807579381203,20.808652046684813,17.029386365926403,11.661903789690601,10.04987562112089,9.219544457292887,10.816653826391969,12.806248474865697,12.806248474865697,14.212670403551895,14.866068747318506,15.811388300841896,15.264337522473747,14.7648230602334,13.341664064126334,12.0,10.0,10.04987562112089,8.246211251235321,5.385164807134504,2.23606797749979,2.8284271247461903,4.47213595499958,5.0,0.0,0.0,0.0,0.0,0.0,0.0,0.0,0.0,0.0,0.0,0.0,1.0,3.0,4.123105625617661,2.8284271247461903,3.1622776601683795,4.47213595499958,9.219544457292887,12.206555615733702,15.811388300841896,19.209372712298546,22.80350850198276,23.430749027719962,22.20360331117452,21.95449840010015,22.360679774997898,22.825424421026653,19.235384061671343,14.7648230602334,11.40175425099138,10.63014581273465,9.486832980505138,11.045361017187261,14.866068747318506,17.88854381999832,20.591260281974,22.360679774997898
1787403233.137692,-87,0.0,9.219544457292887,10.0,9.433981132056603,10.295630140987,9.486832980505138,10.44030650891055,9.219544457292887,9.219544457292887,8.246211251235321,7.280109889280518,6.708203932499369,6.4031242374328485,5.656854249492381,6.4031242374328485,8.06225774829855,7.615773105863909,8.06225774829855,8.06225774829855,7.211102550927978,6.708203932499369,7.211102550927978,5.830951894845301,4.47213595499958,2.23606797749979,2.0,1.4142135623730951,0.0,0.0,0.0,0.0,0.0,0.0,0.0,0.0,0.0,0.0,0.0,18.681541692269406,18.681541692269406,18.681541692269406,19.924858845171276,19.924858845171276,18.973665961010276,18.027756377319946,16.15549442140351,15.231546211727817,13.0,10.295630140987,7.810249675906654,7.0710678118654755,6.708203932499369,5.385164807134504,4.47213595499958,5.0,5.0,5.0990195135927845,7.0,9.219544457292887,10.770329614269007,12.529964086141668,14.422205101855956,15.811388300841896,16.401219466856727
1787403233.171285,-70,0.0,26.1725046566048,26.1725046566048,24.041630560342615,20.518284528683193,17.204650534085253,14.317821063276353,12.165525060596439,10.198039027185569,10.816653826391969,12.041594578792296,13.45362404707371,14.866068747318506,15.0,15.264337522473747,14.317821063276353,13.601470508735444,13.152946437965905,12.041594578792296,10.44030650891055,9.848857801796104,8.06225774829855,5.830951894845301,2.8284271247461903,1.0,4.123105625617661,5.385164807134504,0.0,0.0,0.0,0.0,0.0,0.0,0.0,0.0,0.0,0.0,0.0,2.0,3.1622776601683795,4.123105625617661,4.0,3.605551275463989,4.123105625617661,7.0710678118654755,10.44030650891055,14.866068747318506,18.384776310850235,20.615528128088304,21.02379604162864,21.95449840010015,21.400934559032695,19.849433241279208,18.384776310850235,16.278820596099706,13.45362404707371,11.40175425099138,8.94427190999916,8.0,9.848857801796104,13.601470508735444,17.69180601295413,21.213203435596427,21.93171219946131
1787403233.175293,-87,0.0,12.165525060596439,11.40175425099138,10.44030650891055,9.848857801796104,7.615773105863909,8.06225774829855,7.211102550927978,6.708203932499369,5.0,5.385164807134504,5.0990195135927845,7.0710678118654755,7.0710678118654755,8.06225774829855,8.06225774829855,9.055385138137417,9.055385138137417,10.0,10.04987562112089,10.0,8.0,8.06225774829855,7.280109889280518,7.280109889280518,6.324555320336759,6.708203932499369,0.0,0.0,0.0,0.0,0.0,0.0,0.0,0.0,0.0,0.0,0.0,13.416407864998739,14.317821063276353,15.231546211727817,15.811388300841896,15.524174696260024,15.524174696260024,15.524174696260024,13.152946437965905,12.165525060596439,10.04987562112089,8.0,6.324555320336759,5.385164807134504,4.123105625617661,3.605551275463989,2.23606797749979,1.0,2.23606797749979,4.242640687119285,5.830951894845301,8.06225774829855,10.44030650891055,12.649110640673518,14.560219778561036,15.524174696260024,17.46424919657298
1787403233.1909955,-70,0.0,25.495097567963924,24.515301344262525,21.587033144922902,18.110770276274835,14.142135623730951,11.180339887498949,9.219544457292887,7.615773105863909,11.40175425099138,13.601470508735444,14.560219778561036,17.11724276862369,19.1049731745428,19.924858845171276,19.235384061671343,17.4928556845359,15.620499351813308,17.029386365926403,17.204650534085253,12.529964086141668,8.54400374531753,7.615773105863909,4.123105625617661,2.23606797749979,5.830951894845301,6.324555320336759,0.0,0.0,0.0,0.0,0.0,0.0,0.0,0.0,0.0,0.0,0.0,1.4142135623730951,2.23606797749979,3.605551275463989,2.8284271247461903,1.0,3.1622776601683795,6.0,9.0,14.0,17.0,19.0,20.024984394500787,20.223748416156685,19.4164878389476,18.681541692269406,18.027756377319946,15.811388300841896,13.341664064126334,11.045361017187261,9.219544457292887,9.219544457292887,10.816653826391969,13.92838827718412,17.72004514666935,20.396078054371138,22.360679774997898
1787403233.2116423,-70,0.0,17.029386365926403,17.0,16.0312195418814,13.038404810405298,10.198039027185569,7.615773105863909,6.4031242374328485,7.280109889280518,8.0,8.0,9.055385138137417,11.045361017187261,15.132745950421556,15.811388300841896,14.317821063276353,10.816653826391969,12.041594578792296,12.041594578792296,9.899494936611665,8.94427190999916,7.615773105863909,4.47213595499958,1.4142135623730951,1.0,3.0,5.0,0.0,0.0,0.0,0.0,0.0,0.0,0.0,0.0,0.0,0.0,0.0,3.1622776601683795,2.0,1.0,1.0,2.23606797749979,2.23606797749979,5.0990195135927845,8.0,10.198039027185569,13.601470508735444,14.142135623730951,15.033296378372908,14.142135623730951,12.36931687685298,10.198039027185569,9.055385138137417,10.04987562112089,10.0,7.0,4.47213595499958,5.830951894845301,8.06225774829855,10.04987562112089,12.0,14.0,16.0
1787403233.228399,-70,0.0,23.345235059857504,23.345235059857504,22.67156809750927,19.209372712298546,15.811388300841896,13.0,11.045361017187261,10.770329614269007,12.041594578792296,13.892443989449804,13.892443989449804,13.416407864998739,13.892443989449804,15.620499351813308,14.212670403551895,13.416407864998739,13.341664064126334,12.041594578792296,12.083045973594572,11.704699910719626,8.54400374531753,4.123105625617661,2.23606797749979,2.0,4.242640687119285,5.0,0.0,0.0,0.0,0.0,0.0,0.0,0.0,0.0,0.0,0.0,0.0,5.0990195135927845,4.123105625617661,3.1622776601683795,3.605551275463989,3.605551275463989,4.123105625617661,6.324555320336759,9.486832980505138,13.601470508735444,15.811388300841896,18.027756377319946,18.788294228055936,18.35755975068582,18.867962264113206,19.209372712298546,17.69180601295413,16.278820596099706,13.45362404707371,10.816653826391969,8.246211251235321,8.06225774829855,8.94427190999916,12.041594578792296,16.97056274847714,20.518284528683193,21.2602916254693
1787403233.2443569,-70,0.0,24.0,24.020824298928627,22.02271554554524,20.09975124224178,16.492422502470642,12.529964086141668,10.63014581273465,9.486832980505138,10.0,11.180339887498949,13.152946437965905,13.038404810405298,14.0,16.0312195418814,16.1245154965971,15.524174696260024,14.7648230602334,13.601470508735444,12.727922061357855,11.40175425099138,8.06225774829855,5.830951894845301,2.23606797749979,1.0,4.242640687119285,5.656854249492381,0.0,0.0,0.0,0.0,0.0,0.0,0.0,0.0,0.0,0.0,0.0,2.23606797749979,2.0,2.8284271247461903,3.1622776601683795,4.123105625617661,5.0,7.211102550927978,9.848857801796104,13.416407864998739,17.0,19.235384061671343,19.697715603592208,18.973665961010276,18.439088914585774,18.110770276274835,17.11724276862369,15.132745950421556,13.341664064126334,11.704699910719626,8.602325267042627,8.06225774829855,10.198039027185569,13.038404810405298,16.0,19.026297590440446,22.090722034374522
1787403233.2620418,-71,0.0,18.110770276274835,17.029386365926403,17.0,17.0,16.0,16.0312195418814,16.1245154965971,14.142135623730951,12.165525060596439,11.045361017187261,10.04987562112089,10.04987562112089,10.04987562112089,9.055385138137417,8.0,8.06225774829855,7.0710678118654755,6.324555320336759,5.385164807134504,5.830951894845301,6.708203932499369,7.615773105863909,7.615773105863909,5.830951894845301,5.385164807134504,4.123105625617661,0.0,0.0,0.0,0.0,0.0,0.0,0.0,0.0,0.0,0.0,0.0,6.0,4.123105625617661,2.8284271247461903,3.1622776601683795,4.47213595499958,5.385164807134504,7.0710678118654755,8.06225774829855,9.219544457292887,9.486832980505138,9.219544457292887,9.219544457292887,10.198039027185569,9.219544457292887,10.198039027185569,12.041594578792296,12.041594578792296,12.041594578792296,12.041594578792296,13.0,13.0,13.0,14.035668847618199,16.0312195418814,16.1245154965971,17.029386365926403
