Timestamp,RSSI,Sub_0,Sub_1,Sub_2,Sub_3,Sub_4,Sub_5,Sub_6,Sub_7,Sub_8,Sub_9,Sub_10,Sub_11,Sub_12,Sub_13,Sub_14,Sub_15,Sub_16,Sub_17,Sub_18,Sub_19,Sub_20,Sub_21,Sub_22,Sub_23,Sub_24,Sub_25,Sub_26,Sub_27,Sub_28,Sub_29,Sub_30,Sub_31,Sub_32,Sub_33,Sub_34,Sub_35,Sub_36,Sub_37,Sub_38,Sub_39,Sub_40,Sub_41,Sub_42,Sub_43,Sub_44,Sub_45,Sub_46,Sub_47,Sub_48,Sub_49,Sub_50,Sub_51,Sub_52,Sub_53,Sub_54,Sub_55,Sub_56,Sub_57,Sub_58,Sub_59,Sub_60,Sub_61,Sub_62,Sub_63
1787404042.0732088,-68,0.0,30.083217912982647,29.410882339705484,26.248809496813376,21.540659228538015,16.55294535724685,12.206555615733702,7.810249675906654,6.0,7.211102550927978,8.48528137423857,10.0,11.40175425099138,13.45362404707371,14.866068747318506,15.620499351813308,16.401219466856727,16.64331697709324,15.264337522473747,13.416407864998739,11.180339887498949,8.94427190999916,6.324555320336759,3.1622776601683795,1.0,2.8284271247461903,3.605551275463989,0.0,0.0,0.0,0.0,0.0,0.0,0.0,0.0,0.0,0.0,0.0,2.23606797749979,1.0,2.8284271247461903,4.242640687119285,5.385164807134504,6.324555320336759,9.219544457292887,11.045361017187261,13.038404810405298,14.142135623730951,15.297058540778355,14.560219778561036,15.231546211727817,14.7648230602334,14.422205101855956,13.45362404707371,11.313708498984761,9.219544457292887,5.830951894845301,3.0,4.47213595499958,8.0,12.041594578792296,18.24828759089466,23.345235059857504,26.30589287593181
1787404042.7052517,-86,0.0,6.324555320336759,7.0710678118654755,9.0,11.045361017187261,12.165525060596439,14.317821063276353,15.524174696260024,15.524174696260024,14.560219778561036,14.560219778561036,13.601470508735444,10.44030650891055,8.54400374531753,6.708203932499369,4.47213595499958,2.8284271247461903,1.0,1.0,2.23606797749979,3.1622776601683795,2.23606797749979,2.23606797749979,1.0,0.0,1.0,2.23606797749979,0.0,0.0,0.0,0.0,0.0,0.0,0.0,0.0,0.0,0.0,0.0,22.47220505424423,21.540659228538015,21.18962010041709,19.313207915827967,17.08800749063506,14.866068747318506,12.36931687685298,8.06225774829855,6.082762530298219,5.656854249492381,5.385164807134504,7.0,10.0,11.0,12.0,12.041594578792296,12.36931687685298,12.649110640673518,13.892443989449804,15.264337522473747,14.866068747318506,14.142135623730951,14.866068747318506,14.866068747318506,14.212670403551895,13.45362404707371
1787404042.804394,-69,0.0,23.600847442411894,22.20360331117452,21.633307652783937,20.248456731316587,18.867962264113206,17.4928556845359,16.1245154965971,14.7648230602334,13.416407864998739,13.038404810405298,11.40175425099138,10.63014581273465,10.63014581273465,10.63014581273465,9.899494936611665,9.219544457292887,9.219544457292887,9.219544457292887,9.219544457292887,9.433981132056603,9.433981132056603,9.219544457292887,9.219544457292887,8.48528137423857,7.810249675906654,6.4031242374328485,0.0,0.0,0.0,0.0,0.0,0.0,0.0,0.0,0.0,0.0,0.0,7.0,6.0,6.082762530298219,6.082762530298219,6.324555320336759,6.708203932499369,7.615773105863909,7.615773105863909,8.54400374531753,8.54400374531753,7.615773105863909,8.06225774829855,8.602325267042627,7.810249675906654,8.48528137423857,10.0,11.40175425099138,12.806248474865697,13.601470508735444,15.0,15.620499351813308,17.029386365926403,18.439088914585774,19.849433241279208,21.93171219946131,22.627416997969522
1787404043.2001715,-70,0.0,21.18962010041709,20.8806130178211,21.37755832643195,20.396078054371138,19.4164878389476,18.439088914585774,17.26267650163207,16.278820596099706,14.317821063276353,13.152946437965905,11.40175425099138,10.770329614269007,9.848857801796104,9.848857801796104,9.848857801796104,9.848857801796104,10.295630140987,10.0,10.0,10.0,9.219544457292887,9.219544457292887,9.433981132056603,9.433981132056603,7.810249675906654,7.810249675906654,0.0,0.0,0.0,0.0,0.0,0.0,0.0,0.0,0.0,0.0,0.0,6.324555320336759,4.123105625617661,4.123105625617661,5.0990195135927845,7.0,8.0,8.0,8.06225774829855,9.0,9.055385138137417,9.055385138137417,9.055385138137417,8.0,8.06225774829855,8.246211251235321,8.54400374531753,8.94427190999916,10.295630140987,13.416407864998739,14.317821063276353,15.652475842498529,17.0,18.35755975068582,19.235384061671343,21.02379604162864,21.93171219946131
1787404043.4165075,-69,0.0,28.071337695236398,27.073972741361768,24.186773244895647,21.213203435596427,16.278820596099706,11.704699910719626,7.211102550927978,4.123105625617661,5.656854249492381,8.602325267042627,10.0,11.40175425099138,12.806248474865697,14.142135623730951,14.866068747318506,15.0,15.811388300841896,15.264337522473747,13.892443989449804,11.180339887498949,9.433981132056603,6.4031242374328485,4.242640687119285,2.0,3.1622776601683795,4.123105625617661,0.0,0.0,0.0,0.0,0.0,0.0,0.0,0.0,0.0,0.0,0.0,2.23606797749979,1.0,2.0,4.0,5.0,7.0710678118654755,9.219544457292887,11.40175425099138,13.601470508735444,15.811388300841896,17.08800749063506,16.55294535724685,16.1245154965971,15.811388300841896,14.866068747318506,14.212670403551895,12.806248474865697,10.0,7.0710678118654755,4.47213595499958,3.605551275463989,6.324555320336759,11.180339887498949,16.1245154965971,21.02379604162864,24.0
1787404043.4265268,-69,0.0,31.240998703626616,29.832867780352597,27.80287754891569,23.600847442411894,18.35755975068582,12.649110640673518,8.06225774829855,5.656854249492381,7.280109889280518,8.0,10.04987562112089,12.041594578792296,14.0,15.033296378372908,16.278820596099706,17.46424919657298,17.46424919657298,15.811388300841896,13.92838827718412,11.704699910719626,10.770329614269007,7.615773105863909,4.47213595499958,2.0,2.0,2.8284271247461903,0.0,0.0,0.0,0.0,0.0,0.0,0.0,0.0,0.0,0.0,0.0,2.23606797749979,1.4142135623730951,1.0,2.8284271247461903,4.242640687119285,6.4031242374328485,8.602325267042627,11.180339887498949,13.92838827718412,16.15549442140351,16.76305461424021,16.492422502470642,16.1245154965971,15.033296378372908,14.035668847618199,13.152946437965905,12.36931687685298,10.44030650891055,6.324555320336759,3.0,2.0,5.830951894845301,10.63014581273465,17.69180601295413,23.345235059857504,26.1725046566048
1787404043.643306,-70,0.0,32.449961479175904,30.23243291566195,27.459060435491963,23.021728866442675,18.439088914585774,13.45362404707371,7.615773105863909,5.0990195135927845,6.708203932499369,9.219544457292887,11.180339887498949,13.341664064126334,14.560219778561036,15.231546211727817,17.0,17.204650534085253,17.804493814764857,16.97056274847714,15.556349186104045,14.142135623730951,11.313708498984761,7.0710678118654755,4.242640687119285,1.4142135623730951,2.0,4.123105625617661,0.0,0.0,0.0,0.0,0.0,0.0,0.0,0.0,0.0,0.0,0.0,4.0,2.0,1.4142135623730951,3.605551275463989,5.656854249492381,7.810249675906654,10.295630140987,13.416407864998739,16.55294535724685,17.46424919657298,18.384776310850235,16.492422502470642,16.1245154965971,16.0,16.1245154965971,15.297058540778355,13.601470508735444,11.704699910719626,8.06225774829855,5.385164807134504,4.47213595499958,8.06225774829855,14.560219778561036,20.615528128088304,25.495097567963924,28.653097563788805
1787404043.7128153,-70,0.0,23.53720459187964,23.345235059857504,22.20360331117452,21.213203435596427,20.09975124224178,19.1049731745428,18.027756377319946,16.0312195418814,15.033296378372908,14.142135623730951,12.165525060596439,11.180339887498949,11.180339887498949,10.44030650891055,10.44030650891055,11.40175425099138,11.704699910719626,10.770329614269007,10.295630140987,10.295630140987,10.770329614269007,11.704699910719626,10.44030650891055,9.486832980505138,8.54400374531753,8.94427190999916,0.0,0.0,0.0,0.0,0.0,0.0,0.0,0.0,0.0,0.0,0.0,8.54400374531753,8.246211251235321,8.06225774829855,9.055385138137417,9.055385138137417,9.055385138137417,10.04987562112089,10.04987562112089,10.04987562112089,10.04987562112089,9.055385138137417,9.0,9.055385138137417,9.219544457292887,10.44030650891055,10.44030650891055,11.704699910719626,13.92838827718412,14.317821063276353,15.231546211727817,15.231546211727817,17.46424919657298,18.384776310850235,20.615528128088304,21.540659228538015,22.47220505424423
1787404043.823955,-70,0.0,20.396078054371138,20.396078054371138,20.223748416156685,19.235384061671343,18.110770276274835,16.0312195418814,15.033296378372908,14.0,13.038404810405298,11.045361017187261,11.045361017187261,11.180339887498949,10.198039027185569,9.219544457292887,9.486832980505138,9.848857801796104,8.54400374531753,8.94427190999916,8.94427190999916,8.94427190999916,8.94427190999916,8.54400374531753,8.54400374531753,7.280109889280518,7.280109889280518,6.324555320336759,0.0,0.0,0.0,0.0,0.0,0.0,0.0,0.0,0.0,0.0,0.0,6.324555320336759,5.385164807134504,6.082762530298219,7.0710678118654755,7.0710678118654755,8.06225774829855,8.06225774829855,9.055385138137417,9.219544457292887,9.219544457292887,9.055385138137417,9.055385138137417,8.06225774829855,9.055385138137417,8.0,8.06225774829855,9.486832980505138,11.180339887498949,11.180339887498949,11.180339887498949,12.083045973594572,14.317821063276353,16.15549442140351,18.027756377319946,18.973665961010276,20.8806130178211
1787404043.8683367,-35,0.0,14.212670403551895,13.45362404707371,13.45362404707371,13.601470508735444,12.806248474865697,12.806248474865697,12.206555615733702,13.038404810405298,13.038404810405298,12.529964086141668,12.529964086141668,13.416407864998739,13.0,14.317821063276353,13.92838827718412,14.317821063276353,13.92838827718412,15.231546211727817,15.231546211727817,14.317821063276353,15.652475842498529,13.892443989449804,13.892443989449804,14.422205101855956,13.601470508735444,13.45362404707371,0.0,0.0,0.0,0.0,0.0,0.0,0.0,0.0,0.0,0.0,0.0,11.40175425099138,12.206555615733702,13.038404810405298,12.529964086141668,13.416407864998739,13.416407864998739,14.317821063276353,14.317821063276353,14.317821063276353,14.317821063276353,13.0,13.92838827718412,13.0,13.0,13.0,13.416407864998739,12.529964086141668,12.529964086141668,13.038404810405298,13.038404810405298,12.206555615733702,12.806248474865697,12.727922061357855,12.041594578792296,13.45362404707371,12.806248474865697
1787404044.016771,-70,0.0,21.400934559032695,21.400934559032695,20.0,19.209372712298546,17.69180601295413,16.97056274847714,15.556349186104045,13.45362404707371,12.041594578792296,11.313708498984761,9.219544457292887,8.602325267042627,8.94427190999916,8.54400374531753,9.486832980505138,9.486832980505138,9.486832980505138,9.219544457292887,9.219544457292887,9.486832980505138,9.486832980505138,9.486832980505138,8.54400374531753,8.54400374531753,7.615773105863909,7.615773105863909,0.0,0.0,0.0,0.0,0.0,0.0,0.0,0.0,0.0,0.0,0.0,7.280109889280518,6.708203932499369,5.830951894845301,7.211102550927978,7.810249675906654,7.810249675906654,8.48528137423857,9.219544457292887,9.219544457292887,9.219544457292887,9.219544457292887,9.219544457292887,8.48528137423857,7.810249675906654,8.06225774829855,9.848857801796104,10.770329614269007,11.704699910719626,12.649110640673518,13.92838827718412,14.866068747318506,15.811388300841896,17.08800749063506,18.384776310850235,19.697715603592208,21.02379604162864
1787404044.5826168,-71,0.0,27.586228448267445,26.1725046566048,24.08318915758459,20.615528128088304,16.64331697709324,12.083045973594572,8.06225774829855,5.830951894845301,6.324555320336759,8.06225774829855,9.055385138137417,11.180339887498949,12.36931687685298,13.601470508735444,15.231546211727817,16.55294535724685,17.0,16.1245154965971,14.7648230602334,12.529964086141668,10.295630140987,7.211102550927978,4.242640687119285,1.0,2.0,4.0,0.0,0.0,0.0,0.0,0.0,0.0,0.0,0.0,0.0,0.0,0.0,3.605551275463989,1.4142135623730951,1.0,2.23606797749979,4.242640687119285,6.708203932499369,9.486832980505138,12.36931687685298,14.317821063276353,15.297058540778355,16.278820596099706,16.0312195418814,16.0,15.132745950421556,14.317821063276353,13.601470508735444,12.083045973594572,10.295630140987,7.615773105863909,4.123105625617661,2.0,6.4031242374328485,11.40175425099138,15.620499351813308,19.849433241279208,24.08318915758459
1787404046.0429344,-68,0.0,31.622776601683793,30.675723300355934,28.792360097775937,25.079872407968907,20.591260281974,15.0,8.602325267042627,6.0,5.830951894845301,7.211102550927978,9.848857801796104,11.180339887498949,13.038404810405298,14.422205101855956,15.620499351813308,15.556349186104045,15.620499351813308,15.811388300841896,14.7648230602334,12.529964086141668,10.770329614269007,8.54400374531753,5.385164807134504,2.0,2.23606797749979,4.242640687119285,0.0,0.0,0.0,0.0,0.0,0.0,0.0,0.0,0.0,0.0,0.0,3.1622776601683795,2.23606797749979,3.0,5.0,7.0710678118654755,8.602325267042627,10.44030650891055,13.152946437965905,15.033296378372908,16.0312195418814,17.0,17.26267650163207,18.027756377319946,17.46424919657298,17.0,17.4928556845359,15.264337522473747,12.206555615733702,8.602325267042627,5.385164807134504,3.605551275463989,7.0,13.038404810405298,19.1049731745428,24.515301344262525,28.160255680657446
1787404046.371268,-68,0.0,28.284271247461902,27.586228448267445,24.041630560342615,20.518284528683193,16.401219466856727,11.180339887498949,6.082762530298219,4.242640687119285,6.082762530298219,8.06225774829855,10.04987562112089,12.0,13.152946437965905,14.866068747318506,16.15549442140351,17.0,16.1245154965971,15.264337522473747,14.422205101855956,12.206555615733702,8.602325267042627,5.830951894845301,2.23606797749979,0.0,2.8284271247461903,4.242640687119285,0.0,0.0,0.0,0.0,0.0,0.0,0.0,0.0,0.0,0.0,0.0,3.1622776601683795,1.0,1.4142135623730951,2.8284271247461903,5.830951894845301,8.94427190999916,11.180339887498949,13.416407864998739,16.55294535724685,17.88854381999832,19.235384061671343,18.788294228055936,17.72004514666935,16.278820596099706,16.0312195418814,15.0,14.035668847618199,11.0,8.06225774829855,5.0,5.0990195135927845,8.06225774829855,13.601470508735444,19.209372712298546,22.67156809750927,25.495097567963924
1787404046.5293758,-82,0.0,12.0,14.035668847618199,16.0312195418814,18.027756377319946,20.0,21.0,22.0,22.02271554554524,21.02379604162864,19.026297590440446,17.029386365926403,14.0,12.041594578792296,10.198039027185569,8.54400374531753,7.810249675906654,8.06225774829855,8.54400374531753,9.219544457292887,11.180339887498949,11.045361017187261,12.041594578792296,12.165525060596439,13.152946437965905,12.36931687685298,12.36931687685298,0.0,0.0,0.0,0.0,0.0,0.0,0.0,0.0,0.0,0.0,0.0,3.1622776601683795,3.1622776601683795,3.1622776601683795,3.0,3.0,4.123105625617661,4.123105625617661,4.47213595499958,5.830951894845301,6.708203932499369,8.06225774829855,9.433981132056603,8.94427190999916,10.295630140987,9.848857801796104,9.848857801796104,8.94427190999916,7.211102550927978,5.0,2.8284271247461903,2.0,1.4142135623730951,2.0,2.0,3.1622776601683795,3.1622776601683795
1787404046.5293758,-68,0.0,28.442925306655784,27.459060435491963,24.515301344262525,20.615528128088304,15.811388300841896,12.083045973594572,8.48528137423857,6.0,7.211102550927978,9.219544457292887,10.63014581273465,12.727922061357855,13.45362404707371,15.0,15.264337522473747,15.231546211727817,14.866068747318506,13.601470508735444,12.36931687685298,11.180339887498949,9.219544457292887,6.324555320336759,2.8284271247461903,1.0,3.1622776601683795,4.123105625617661,0.0,0.0,0.0,0.0,0.0,0.0,0.0,0.0,0.0,0.0,0.0,6.0,4.123105625617661,2.8284271247461903,4.0,6.082762530298219,7.0710678118654755,10.198039027185569,12.165525060596439,14.035668847618199,15.033296378372908,16.0,17.029386365926403,16.278820596099706,15.524174696260024,15.231546211727817,13.892443989449804,13.038404810405298,10.816653826391969,7.615773105863909,4.0,3.605551275463989,7.0710678118654755,12.041594578792296,17.11724276862369,21.213203435596427,24.331050121192877
1787404046.550243,-68,0.0,26.476404589747453,25.317977802344327,23.345235059857504,20.223748416156685,16.0,12.165525060596439,7.211102550927978,5.385164807134504,7.0710678118654755,8.54400374531753,9.848857801796104,10.770329614269007,12.649110640673518,13.341664064126334,14.142135623730951,15.033296378372908,15.0,14.035668847618199,13.038404810405298,11.045361017187261,8.06225774829855,5.0990195135927845,2.0,1.0,3.1622776601683795,4.47213595499958,0.0,0.0,0.0,0.0,0.0,0.0,0.0,0.0,0.0,0.0,0.0,4.47213595499958,3.1622776601683795,3.1622776601683795,3.605551275463989,5.385164807134504,7.280109889280518,10.770329614269007,13.0,14.866068747318506,17.08800749063506,17.46424919657298,17.4928556845359,17.204650534085253,16.278820596099706,16.278820596099706,15.0,12.206555615733702,10.0,7.810249675906654,4.47213595499958,4.242640687119285,6.708203932499369,11.180339887498949,16.1245154965971,21.37755832643195,24.515301344262525
1787404046.5686977,-68,0.0,29.614185789921695,28.284271247461902,25.179356624028344,21.095023109728988,17.0,13.152946437965905,8.94427190999916,6.4031242374328485,7.0,8.246211251235321,10.770329614269007,12.649110640673518,14.317821063276353,15.297058540778355,15.033296378372908,16.0,16.0312195418814,15.033296378372908,14.142135623730951,12.165525060596439,9.055385138137417,7.0710678118654755,4.123105625617661,1.0,2.23606797749979,3.605551275463989,0.0,0.0,0.0,0.0,0.0,0.0,0.0,0.0,0.0,0.0,0.0,4.242640687119285,2.8284271247461903,1.0,2.0,4.0,7.0710678118654755,9.055385138137417,11.180339887498949,13.341664064126334,15.524174696260024,15.811388300841896,16.55294535724685,15.264337522473747,15.0,13.45362404707371,12.806248474865697,10.816653826391969,8.602325267042627,5.656854249492381,3.1622776601683795,3.605551275463989,7.280109889280518,12.165525060596439,17.11724276862369,22.561028345356956,24.73863375370596
1787404046.576002,-68,0.0,29.732137494637012,29.0,26.90724809414742,23.430749027719962,18.027756377319946,13.0,9.055385138137417,6.708203932499369,7.615773105863909,9.219544457292887,11.180339887498949,13.152946437965905,14.317821063276353,15.811388300841896,17.08800749063506,17.46424919657298,17.4928556845359,16.64331697709324,14.422205101855956,11.661903789690601,9.433981132056603,6.708203932499369,4.123105625617661,1.4142135623730951,3.1622776601683795,4.47213595499958,0.0,0.0,0.0,0.0,0.0,0.0,0.0,0.0,0.0,0.0,0.0,6.324555320336759,2.8284271247461903,2.23606797749979,4.242640687119285,5.656854249492381,7.211102550927978,10.0,13.601470508735444,16.64331697709324,17.4928556845359,18.35755975068582,17.88854381999832,18.027756377319946,17.46424919657298,16.1245154965971,16.0,14.0,11.0,7.0,4.123105625617661,4.0,7.211102550927978,12.041594578792296,18.384776310850235,23.345235059857504,25.45584412271571
1787404046.7296946,-68,0.0,29.427877939124322,28.442925306655784,25.495097567963924,21.587033144922902,18.027756377319946,12.529964086141668,8.48528137423857,6.082762530298219,6.324555320336759,8.06225774829855,10.0,12.206555615733702,13.892443989449804,15.652475842498529,17.08800749063506,18.027756377319946,18.681541692269406,17.46424919657298,16.278820596099706,14.317821063276353,11.180339887498949,8.246211251235321,4.123105625617661,1.0,2.23606797749979,4.123105625617661,0.0,0.0,0.0,0.0,0.0,0.0,0.0,0.0,0.0,0.0,0.0,5.0,3.605551275463989,0.0,2.23606797749979,4.0,7.0,9.055385138137417,12.165525060596439,14.317821063276353,16.492422502470642,17.72004514666935,18.027756377319946,17.46424919657298,17.0,15.811388300841896,15.620499351813308,13.45362404707371,9.899494936611665,6.4031242374328485,3.0,4.47213595499958,8.06225774829855,13.038404810405298,19.1049731745428,23.194827009486403,26.30589287593181
1787404046.7347429,-68,0.0,31.622776601683793,29.732137494637012,26.92582403567252,22.847319317591726,17.88854381999832,12.806248474865697,8.602325267042627,6.0,6.4031242374328485,9.219544457292887,10.816653826391969,12.206555615733702,14.866068747318506,16.97056274847714,18.439088914585774,18.601075237738275,18.867962264113206,17.4928556845359,16.1245154965971,13.892443989449804,11.180339887498949,8.602325267042627,4.242640687119285,1.4142135623730951,3.1622776601683795,5.0990195135927845,0.0,0.0,0.0,0.0,0.0,0.0,0.0,0.0,0.0,0.0,0.0,4.242640687119285,3.1622776601683795,2.23606797749979,4.123105625617661,6.0,9.055385138137417,11.180339887498949,14.317821063276353,16.278820596099706,18.24828759089466,20.396078054371138,20.615528128088304,20.248456731316587,19.697715603592208,18.35755975068582,18.027756377319946,15.811388300841896,12.206555615733702,8.06225774829855,5.0990195135927845,3.605551275463989,8.0,13.152946437965905,19.6468827043885,24.73863375370596,27.892651361962706
1787404046.7347429,-68,0.0,33.015148038438355,31.016124838541646,28.0,24.020824298928627,19.1049731745428,13.341664064126334,9.433981132056603,6.708203932499369,7.0710678118654755,8.54400374531753,10.295630140987,12.083045973594572,13.92838827718412,15.524174696260024,17.26267650163207,18.110770276274835,18.027756377319946,17.0,16.0312195418814,14.035668847618199,11.045361017187261,8.06225774829855,4.0,0.0,3.0,5.0,0.0,0.0,0.0,0.0,0.0,0.0,0.0,0.0,0.0,0.0,0.0,3.605551275463989,2.8284271247461903,0.0,3.1622776601683795,6.082762530298219,9.0,11.180339887498949,14.317821063276353,16.492422502470642,18.027756377319946,20.248456731316587,20.615528128088304,19.72308292331602,19.4164878389476,17.804493814764857,16.97056274847714,14.866068747318506,11.313708498984761,8.602325267042627,5.0990195135927845,5.0,8.54400374531753,14.142135623730951,20.09975124224178,25.079872407968907,29.017236257093817
1787404046.7347429,-68,0.0,27.459060435491963,27.459060435491963,25.553864678361276,21.470910553583888,17.46424919657298,12.36931687685298,8.0,5.830951894845301,5.385164807134504,7.0710678118654755,9.055385138137417,10.198039027185569,12.36931687685298,13.601470508735444,14.866068747318506,15.231546211727817,15.652475842498529,14.7648230602334,13.892443989449804,12.206555615733702,10.0,6.4031242374328485,3.605551275463989,0.0,3.1622776601683795,4.47213595499958,0.0,0.0,0.0,0.0,0.0,0.0,0.0,0.0,0.0,0.0,0.0,3.1622776601683795,1.4142135623730951,1.0,2.23606797749979,5.0,6.4031242374328485,8.48528137423857,9.899494936611665,12.806248474865697,15.811388300841896,16.64331697709324,17.4928556845359,16.55294535724685,15.811388300841896,15.524174696260024,14.317821063276353,12.165525060596439,10.04987562112089,7.280109889280518,4.242640687119285,4.123105625617661,8.48528137423857,12.806248474865697,18.027756377319946,22.20360331117452,24.413111231467404
1787404047.1884396,-82,0.0,10.44030650891055,11.40175425099138,11.180339887498949,11.045361017187261,12.041594578792296,12.165525060596439,12.649110640673518,12.083045973594572,11.661903789690601,12.206555615733702,10.63014581273465,10.0,8.602325267042627,6.708203932499369,5.0990195135927845,4.123105625617661,3.605551275463989,5.0990195135927845,6.082762530298219,7.280109889280518,7.615773105863909,7.211102550927978,6.4031242374328485,6.4031242374328485,5.830951894845301,5.385164807134504,0.0,0.0,0.0,0.0,0.0,0.0,0.0,0.0,0.0,0.0,0.0,2.8284271247461903,2.23606797749979,3.0,4.0,4.0,3.0,3.0,2.23606797749979,3.605551275463989,4.242640687119285,5.656854249492381,6.4031242374328485,7.0710678118654755,8.602325267042627,9.848857801796104,11.180339887498949,13.0,13.601470508735444,13.601470508735444,12.649110640673518,11.704699910719626,9.848857801796104,8.94427190999916,7.810249675906654,6.4031242374328485,5.385164807134504
1787404047.241884,-83,0.0,17.0,17.08800749063506,16.492422502470642,17.11724276862369,17.029386365926403,17.26267650163207,17.72004514666935,17.88854381999832,17.4928556845359,17.204650534085253,16.401219466856727,14.212670403551895,12.206555615733702,9.848857801796104,7.0710678118654755,5.385164807134504,5.830951894845301,7.280109889280518,9.055385138137417,10.44030650891055,10.770329614269007,10.816653826391969,10.63014581273465,11.40175425099138,10.816653826391969,10.295630140987,0.0,0.0,0.0,0.0,0.0,0.0,0.0,0.0,0.0,0.0,0.0,7.615773105863909,6.708203932499369,6.708203932499369,5.830951894845301,5.0,4.242640687119285,4.47213595499958,4.0,5.0,6.0,7.0,8.06225774829855,10.44030650891055,11.704699910719626,13.416407864998739,16.1245154965971,16.64331697709324,18.027756377319946,18.027756377319946,18.35755975068582,17.0,15.231546211727817,13.92838827718412,13.341664064126334,12.041594578792296,12.041594578792296
1787404047.4053535,-69,0.0,21.470910553583888,20.591260281974,20.591260281974,19.72308292331602,18.027756377319946,17.204650534085253,15.620499351813308,14.212670403551895,12.206555615733702,10.816653826391969,10.295630140987,9.848857801796104,10.198039027185569,10.198039027185569,10.198039027185569,10.198039027185569,10.04987562112089,10.04987562112089,10.04987562112089,10.04987562112089,10.198039027185569,10.198039027185569,10.44030650891055,9.486832980505138,9.486832980505138,8.54400374531753,0.0,0.0,0.0,0.0,0.0,0.0,0.0,0.0,0.0,0.0,0.0,8.602325267042627,8.602325267042627,7.810249675906654,7.0710678118654755,7.810249675906654,7.810249675906654,8.602325267042627,9.433981132056603,10.0,10.0,10.0,10.0,10.0,10.295630140987,10.770329614269007,11.704699910719626,13.0,13.601470508735444,14.317821063276353,14.560219778561036,14.866068747318506,14.866068747318506,16.76305461424021,17.72004514666935,19.924858845171276,20.248456731316587
1787404047.4093592,-70,0.0,23.08679276123039,23.194827009486403,22.20360331117452,21.37755832643195,20.396078054371138,18.439088914585774,16.492422502470642,14.560219778561036,13.601470508735444,11.40175425099138,11.180339887498949,11.0,11.045361017187261,10.04987562112089,10.198039027185569,11.180339887498949,11.180339887498949,11.180339887498949,11.40175425099138,12.36931687685298,12.165525060596439,12.041594578792296,11.0,10.0,10.0,10.0,0.0,0.0,0.0,0.0,0.0,0.0,0.0,0.0,0.0,0.0,0.0,9.848857801796104,8.94427190999916,8.54400374531753,9.219544457292887,9.219544457292887,9.055385138137417,10.04987562112089,10.04987562112089,11.180339887498949,12.165525060596439,12.36931687685298,11.180339887498949,11.180339887498949,11.045361017187261,11.0,12.0,13.0,14.035668847618199,15.033296378372908,16.0312195418814,16.0312195418814,17.029386365926403,18.027756377319946,19.1049731745428,21.095023109728988,22.02271554554524
1787404047.4139712,-70,0.0,21.18962010041709,20.8806130178211,20.615528128088304,19.6468827043885,18.439088914585774,17.26267650163207,16.1245154965971,14.142135623730951,13.152946437965905,11.180339887498949,9.486832980505138,9.848857801796104,9.848857801796104,10.295630140987,10.816653826391969,10.0,10.63014581273465,10.63014581273465,10.63014581273465,11.40175425099138,10.816653826391969,10.816653826391969,11.180339887498949,9.848857801796104,8.94427190999916,8.94427190999916,0.0,0.0,0.0,0.0,0.0,0.0,0.0,0.0,0.0,0.0,0.0,9.055385138137417,9.0,8.0,9.055385138137417,9.055385138137417,10.198039027185569,10.198039027185569,10.198039027185569,11.180339887498949,11.045361017187261,12.041594578792296,11.045361017187261,11.180339887498949,11.180339887498949,11.40175425099138,11.704699910719626,12.083045973594572,13.0,14.317821063276353,15.231546211727817,15.231546211727817,16.55294535724685,17.0,18.788294228055936,20.12461179749811,20.615528128088304
1787404047.5954442,-83,0.0,13.152946437965905,12.36931687685298,12.36931687685298,10.770329614269007,11.180339887498949,10.816653826391969,11.661903789690601,11.661903789690601,12.529964086141668,11.180339887498949,11.180339887498949,10.295630140987,10.770329614269007,8.94427190999916,8.94427190999916,7.211102550927978,7.0710678118654755,5.830951894845301,6.708203932499369,7.280109889280518,8.246211251235321,8.246211251235321,9.486832980505138,9.486832980505138,9.848857801796104,10.295630140987,0.0,0.0,0.0,0.0,0.0,0.0,0.0,0.0,0.0,0.0,0.0,7.0710678118654755,7.280109889280518,8.06225774829855,8.0,8.246211251235321,10.198039027185569,10.44030650891055,11.40175425099138,11.704699910719626,12.649110640673518,13.0,12.083045973594572,11.180339887498949,10.770329614269007,8.602325267042627,7.810249675906654,5.830951894845301,7.0,8.06225774829855,9.055385138137417,11.045361017187261,13.038404810405298,14.035668847618199,16.0,17.029386365926403,18.027756377319946
1787404048.1214566,-70,0.0,22.135943621178654,22.135943621178654,20.8806130178211,19.6468827043885,18.681541692269406,17.46424919657298,15.297058540778355,13.152946437965905,11.40175425099138,10.44030650891055,9.848857801796104,8.602325267042627,9.219544457292887,9.899494936611665,10.63014581273465,11.40175425099138,12.041594578792296,10.63014581273465,11.40175425099138,11.40175425099138,12.041594578792296,12.041594578792296,12.041594578792296,10.63014581273465,9.219544457292887,9.219544457292887,0.0,0.0,0.0,0.0,0.0,0.0,0.0,0.0,0.0,0.0,0.0,7.280109889280518,7.0710678118654755,7.0,8.06225774829855,8.06225774829855,8.06225774829855,9.055385138137417,9.055385138137417,8.06225774829855,8.246211251235321,8.06225774829855,9.219544457292887,10.44030650891055,10.770329614269007,11.180339887498949,11.180339887498949,12.529964086141668,13.038404810405298,14.7648230602334,15.652475842498529,16.1245154965971,17.0,18.35755975068582,19.235384061671343,21.02379604162864,21.93171219946131
1787404048.581468,-82,0.0,9.433981132056603,11.661903789690601,15.264337522473747,16.64331697709324,17.204650534085253,15.264337522473747,13.0,11.704699910719626,10.44030650891055,11.045361017187261,10.04987562112089,9.433981132056603,10.63014581273465,10.770329614269007,11.180339887498949,13.152946437965905,13.038404810405298,12.165525060596439,12.649110640673518,10.770329614269007,8.94427190999916,6.708203932499369,4.123105625617661,3.1622776601683795,1.0,4.47213595499958,0.0,0.0,0.0,0.0,0.0,0.0,0.0,0.0,0.0,0.0,0.0,7.0710678118654755,6.4031242374328485,4.242640687119285,3.605551275463989,2.0,2.23606797749979,3.605551275463989,5.385164807134504,6.708203932499369,9.433981132056603,12.806248474865697,16.278820596099706,18.601075237738275,19.4164878389476,20.12461179749811,20.8806130178211,20.615528128088304,19.235384061671343,17.26267650163207,15.524174696260024,12.649110640673518,9.486832980505138,8.54400374531753,8.246211251235321,6.082762530298219,5.385164807134504
1787404048.581468,-82,0.0,9.848857801796104,11.180339887498949,12.083045973594572,12.083045973594572,12.083045973594572,13.0,12.649110640673518,11.40175425099138,10.04987562112089,8.06225774829855,6.708203932499369,7.0710678118654755,6.324555320336759,9.055385138137417,10.0,10.198039027185569,10.198039027185569,10.44030650891055,9.486832980505138,8.246211251235321,7.280109889280518,6.082762530298219,5.0990195135927845,4.0,3.0,3.1622776601683795,0.0,0.0,0.0,0.0,0.0,0.0,0.0,0.0,0.0,0.0,0.0,4.242640687119285,2.8284271247461903,2.23606797749979,1.0,1.4142135623730951,2.23606797749979,3.605551275463989,5.656854249492381,7.810249675906654,9.433981132056603,11.180339887498949,13.0,14.560219778561036,15.524174696260024,17.26267650163207,16.1245154965971,16.1245154965971,16.0312195418814,14.035668847618199,13.038404810405298,11.045361017187261,9.055385138137417,7.0710678118654755,5.0990195135927845,4.123105625617661,2.23606797749979
1787404048.8336802,-71,0.0,22.135943621178654,21.18962010041709,20.615528128088304,19.697715603592208,17.88854381999832,17.4928556845359,16.64331697709324,14.422205101855956,12.529964086141668,10.295630140987,9.848857801796104,8.54400374531753,9.219544457292887,9.055385138137417,10.04987562112089,10.04987562112089,9.0,9.055385138137417,9.055385138137417,10.04987562112089,10.04987562112089,10.0,9.0,8.0,7.0,7.0710678118654755,0.0,0.0,0.0,0.0,0.0,0.0,0.0,0.0,0.0,0.0,0.0,8.06225774829855,7.211102550927978,7.810249675906654,7.0710678118654755,7.810249675906654,7.810249675906654,8.602325267042627,8.602325267042627,9.219544457292887,9.219544457292887,9.219544457292887,9.219544457292887,8.602325267042627,8.94427190999916,8.94427190999916,9.486832980505138,10.44030650891055,11.180339887498949,13.152946437965905,13.152946437965905,14.142135623730951,15.132745950421556,16.1245154965971,18.24828759089466,19.4164878389476,20.396078054371138
1787404048.875562,-69,0.0,31.622776601683793,30.083217912982647,26.92582403567252,22.360679774997898,16.1245154965971,10.0,4.123105625617661,4.47213595499958,8.06225774829855,11.0,13.038404810405298,15.132745950421556,17.46424919657298,18.973665961010276,20.615528128088304,21.02379604162864,21.470910553583888,20.591260281974,18.35755975068582,16.1245154965971,12.529964086141668,8.94427190999916,4.47213595499958,1.0,3.0,5.0990195135927845,0.0,0.0,0.0,0.0,0.0,0.0,0.0,0.0,0.0,0.0,0.0,3.1622776601683795,1.4142135623730951,3.0,4.0,5.0990195135927845,7.615773105863909,11.180339887498949,14.317821063276353,19.313207915827967,21.18962010041709,21.540659228538015,20.12461179749811,18.788294228055936,16.64331697709324,16.97056274847714,16.401219466856727,15.0,12.041594578792296,7.810249675906654,4.123105625617661,4.123105625617661,9.055385138137417,15.297058540778355,21.587033144922902,25.96150997149434,28.861739379323623
1787404048.8813174,-70,0.0,29.614185789921695,27.294688127912362,24.08318915758459,20.024984394500787,14.035668847618199,8.246211251235321,3.605551275463989,3.605551275463989,7.211102550927978,9.848857801796104,11.180339887498949,13.038404810405298,14.212670403551895,16.97056274847714,18.439088914585774,19.209372712298546,20.0,19.4164878389476,17.804493814764857,15.620499351813308,12.806248474865697,9.899494936611665,5.656854249492381,1.4142135623730951,2.23606797749979,3.605551275463989,0.0,0.0,0.0,0.0,0.0,0.0,0.0,0.0,0.0,0.0,0.0,3.1622776601683795,1.0,2.23606797749979,4.242640687119285,6.4031242374328485,9.219544457292887,12.806248474865697,14.212670403551895,16.401219466856727,18.867962264113206,19.235384061671343,17.46424919657298,16.15549442140351,16.15549442140351,15.811388300841896,14.142135623730951,11.180339887498949,8.06225774829855,5.0990195135927845,1.4142135623730951,3.605551275463989,7.615773105863909,13.92838827718412,18.973665961010276,24.041630560342615,27.202941017470888
1787404048.9132109,-70,0.0,27.459060435491963,26.68332812825267,23.769728648009426,18.973665961010276,13.416407864998739,8.602325267042627,4.47213595499958,4.242640687119285,7.280109889280518,9.219544457292887,11.180339887498949,13.341664064126334,14.866068747318506,15.652475842498529,17.0,18.027756377319946,17.804493814764857,17.029386365926403,15.620499351813308,14.212670403551895,11.40175425099138,8.06225774829855,4.47213595499958,1.0,1.4142135623730951,3.605551275463989,0.0,0.0,0.0,0.0,0.0,0.0,0.0,0.0,0.0,0.0,0.0,2.23606797749979,1.0,2.23606797749979,4.123105625617661,6.324555320336759,8.06225774829855,10.816653826391969,14.422205101855956,16.64331697709324,18.027756377319946,18.027756377319946,17.804493814764857,17.029386365926403,16.278820596099706,15.0,13.892443989449804,12.083045973594572,9.848857801796104,5.830951894845301,2.8284271247461903,3.1622776601683795,7.0710678118654755,12.0,18.027756377319946,22.090722034374522,25.079872407968907
1787404048.9269857,-69,0.0,24.020824298928627,23.0,20.09975124224178,16.278820596099706,12.041594578792296,7.280109889280518,2.23606797749979,2.0,4.123105625617661,7.280109889280518,12.727922061357855,14.866068747318506,13.45362404707371,13.601470508735444,13.892443989449804,14.7648230602334,16.15549442140351,15.524174696260024,15.297058540778355,13.341664064126334,8.94427190999916,5.830951894845301,3.1622776601683795,4.123105625617661,5.385164807134504,4.123105625617661,0.0,0.0,0.0,0.0,0.0,0.0,0.0,0.0,0.0,0.0,0.0,2.23606797749979,1.0,2.23606797749979,4.123105625617661,5.0990195135927845,7.615773105863909,9.848857801796104,12.529964086141668,14.7648230602334,16.1245154965971,16.64331697709324,15.811388300841896,14.212670403551895,13.45362404707371,12.806248474865697,11.661903789690601,11.180339887498949,8.06225774829855,5.0,2.23606797749979,2.8284271247461903,6.082762530298219,10.198039027185569,15.132745950421556,20.09975124224178,22.090722034374522
1787404048.9374304,-71,0.0,21.02379604162864,21.02379604162864,20.248456731316587,18.973665961010276,17.72004514666935,17.72004514666935,16.492422502470642,14.317821063276353,13.341664064126334,11.180339887498949,10.44030650891055,8.94427190999916,7.810249675906654,8.48528137423857,8.48528137423857,8.48528137423857,8.48528137423857,8.602325267042627,9.433981132056603,9.433981132056603,9.219544457292887,9.899494936611665,9.219544457292887,9.219544457292887,8.48528137423857,7.0710678118654755,0.0,0.0,0.0,0.0,0.0,0.0,0.0,0.0,0.0,0.0,0.0,6.324555320336759,6.324555320336759,6.082762530298219,7.0,8.06225774829855,8.06225774829855,8.06225774829855,9.219544457292887,10.198039027185569,10.04987562112089,10.04987562112089,9.055385138137417,9.219544457292887,9.219544457292887,9.486832980505138,10.295630140987,11.661903789690601,13.038404810405298,13.892443989449804,14.422205101855956,15.264337522473747,16.1245154965971,17.0,18.867962264113206,20.248456731316587,20.591260281974
1787404049.0395858,-71,0.0,22.47220505424423,21.633307652783937,20.808652046684813,20.0,18.439088914585774,17.69180601295413,15.556349186104045,13.45362404707371,11.313708498984761,9.219544457292887,8.602325267042627,8.06225774829855,7.615773105863909,8.246211251235321,8.06225774829855,9.055385138137417,9.0,10.0,10.0,10.0,11.045361017187261,10.198039027185569,9.219544457292887,8.54400374531753,7.615773105863909,7.280109889280518,0.0,0.0,0.0,0.0,0.0,0.0,0.0,0.0,0.0,0.0,0.0,6.0,5.0990195135927845,5.385164807134504,5.385164807134504,5.830951894845301,5.830951894845301,7.211102550927978,7.211102550927978,7.211102550927978,7.810249675906654,7.810249675906654,7.810249675906654,7.810249675906654,7.810249675906654,8.602325267042627,9.433981132056603,9.848857801796104,12.083045973594572,12.083045973594572,13.416407864998739,14.317821063276353,15.231546211727817,16.15549442140351,18.027756377319946,19.313207915827967,20.615528128088304
1787404049.992216,-71,0.0,26.92582403567252,27.202941017470888,25.298221281347036,21.540659228538015,17.88854381999832,12.806248474865697,8.602325267042627,5.0990195135927845,4.47213595499958,6.4031242374328485,8.602325267042627,10.816653826391969,12.806248474865697,14.212670403551895,14.866068747318506,15.556349186104045,15.556349186104045,14.866068747318506,14.212670403551895,12.806248474865697,10.816653826391969,8.602325267042627,5.0,2.23606797749979,1.0,3.605551275463989,0.0,0.0,0.0,0.0,0.0,0.0,0.0,0.0,0.0,0.0,0.0,3.1622776601683795,1.4142135623730951,2.23606797749979,3.605551275463989,5.0990195135927845,7.0,9.055385138137417,11.180339887498949,13.341664064126334,15.524174696260024,15.811388300841896,16.15549442140351,15.652475842498529,15.811388300841896,14.866068747318506,14.142135623730951,12.806248474865697,11.40175425099138,8.48528137423857,5.0,2.0,5.0990195135927845,9.0,14.142135623730951,19.235384061671343,22.360679774997898
1787404050.2924867,-68,0.0,27.730849247724095,27.313000567495326,25.079872407968907,21.540659228538015,18.027756377319946,13.341664064126334,9.0,5.0990195135927845,3.1622776601683795,5.0990195135927845,7.280109889280518,9.219544457292887,11.045361017187261,12.041594578792296,14.0,15.0,15.033296378372908,14.142135623730951,13.341664064126334,12.36931687685298,10.198039027185569,8.246211251235321,4.123105625617661,1.0,1.4142135623730951,2.8284271247461903,0.0,0.0,0.0,0.0,0.0,0.0,0.0,0.0,0.0,0.0,0.0,1.0,2.23606797749979,3.0,4.123105625617661,5.0990195135927845,6.324555320336759,8.06225774829855,10.0,11.40175425099138,12.727922061357855,13.45362404707371,13.038404810405298,13.416407864998739,13.92838827718412,13.341664064126334,12.165525060596439,11.045361017187261,9.219544457292887,7.280109889280518,5.0,4.123105625617661,7.0710678118654755,12.206555615733702,17.4928556845359,21.470910553583888,24.166091947189145
1787404050.3113663,-81,0.0,24.186773244895647,21.95449840010015,20.248456731316587,17.029386365926403,15.620499351813308,13.601470508735444,10.770329614269007,9.0,9.219544457292887,9.486832980505138,9.219544457292887,7.0,4.47213595499958,3.605551275463989,5.0990195135927845,7.615773105863909,8.54400374531753,9.486832980505138,8.246211251235321,9.0,12.041594578792296,13.038404810405298,13.0,13.038404810405298,12.041594578792296,12.36931687685298,0.0,0.0,0.0,0.0,0.0,0.0,0.0,0.0,0.0,0.0,0.0,8.06225774829855,5.830951894845301,2.8284271247461903,1.4142135623730951,2.23606797749979,2.8284271247461903,3.1622776601683795,3.0,1.4142135623730951,2.8284271247461903,5.0,7.211102550927978,8.602325267042627,11.40175425099138,13.45362404707371,17.029386365926403,18.439088914585774,19.209372712298546,19.849433241279208,19.1049731745428,16.97056274847714,11.313708498984761,5.385164807134504,2.23606797749979,7.211102550927978,14.142135623730951
1787404050.4818807,-69,0.0,24.08318915758459,23.345235059857504,23.345235059857504,23.345235059857504,21.2602916254693,20.615528128088304,18.601075237738275,16.64331697709324,14.422205101855956,12.806248474865697,12.041594578792296,10.63014581273465,10.0,10.0,9.433981132056603,9.433981132056603,9.848857801796104,9.848857801796104,9.486832980505138,9.219544457292887,9.219544457292887,9.219544457292887,8.246211251235321,8.246211251235321,7.280109889280518,7.280109889280518,0.0,0.0,0.0,0.0,0.0,0.0,0.0,0.0,0.0,0.0,0.0,6.708203932499369,5.385164807134504,5.0990195135927845,5.0,5.0990195135927845,6.082762530298219,6.324555320336759,6.324555320336759,6.324555320336759,7.615773105863909,8.06225774829855,8.602325267042627,7.810249675906654,7.810249675906654,8.48528137423857,10.63014581273465,12.206555615733702,13.601470508735444,13.601470508735444,15.0,15.620499351813308,16.401219466856727,18.601075237738275,20.0,20.615528128088304,22.02271554554524
1787404050.488022,-70,0.0,22.67156809750927,22.80350850198276,22.20360331117452,21.633307652783937,20.591260281974,20.12461179749811,17.88854381999832,16.15549442140351,14.317821063276353,13.416407864998739,12.529964086141668,10.816653826391969,10.0,8.602325267042627,8.602325267042627,7.810249675906654,7.0710678118654755,7.810249675906654,9.219544457292887,9.219544457292887,9.433981132056603,7.810249675906654,7.0710678118654755,7.211102550927978,6.708203932499369,6.4031242374328485,0.0,0.0,0.0,0.0,0.0,0.0,0.0,0.0,0.0,0.0,0.0,7.615773105863909,6.708203932499369,6.082762530298219,6.082762530298219,6.0,7.0710678118654755,7.0710678118654755,7.280109889280518,7.280109889280518,8.54400374531753,8.54400374531753,7.615773105863909,8.06225774829855,8.94427190999916,9.433981132056603,10.0,11.313708498984761,12.041594578792296,13.45362404707371,14.142135623730951,14.866068747318506,16.278820596099706,17.69180601295413,19.1049731745428,20.518284528683193,20.518284528683193
1787404050.488022,-70,0.0,22.20360331117452,22.20360331117452,21.37755832643195,20.615528128088304,19.924858845171276,18.973665961010276,17.08800749063506,15.652475842498529,14.317821063276353,13.0,11.704699910719626,10.770329614269007,9.486832980505138,9.219544457292887,9.219544457292887,9.055385138137417,9.055385138137417,8.0,7.0,7.0710678118654755,7.0710678118654755,7.0,7.0,7.0,7.0,6.082762530298219,0.0,0.0,0.0,0.0,0.0,0.0,0.0,0.0,0.0,0.0,0.0,7.280109889280518,6.324555320336759,5.830951894845301,5.830951894845301,5.830951894845301,5.656854249492381,6.4031242374328485,6.4031242374328485,7.211102550927978,7.211102550927978,7.615773105863909,8.06225774829855,7.615773105863909,8.54400374531753,9.219544457292887,10.04987562112089,10.04987562112089,11.045361017187261,12.041594578792296,14.0,14.0,15.0,17.0,18.0,19.026297590440446,20.09975124224178
1787404050.5832007,-68,0.0,29.546573405388315,28.231188426986208,25.632011235952593,22.135943621178654,18.439088914585774,14.0,10.44030650891055,7.810249675906654,8.94427190999916,10.198039027185569,12.165525060596439,13.152946437965905,13.341664064126334,14.560219778561036,14.560219778561036,14.317821063276353,13.892443989449804,12.806248474865697,11.313708498984761,10.0,7.810249675906654,5.0,2.8284271247461903,1.0,2.0,3.1622776601683795,0.0,0.0,0.0,0.0,0.0,0.0,0.0,0.0,0.0,0.0,0.0,3.0,2.0,1.4142135623730951,1.4142135623730951,3.1622776601683795,5.0,7.280109889280518,9.848857801796104,12.083045973594572,14.317821063276353,16.1245154965971,15.811388300841896,16.278820596099706,15.620499351813308,15.811388300841896,15.652475842498529,14.317821063276353,10.770329614269007,8.06225774829855,5.656854249492381,4.0,7.0710678118654755,11.661903789690601,17.0,22.360679774997898,25.942243542145693
1787404051.888768,-68,0.0,29.732137494637012,28.319604517012593,26.870057685088806,23.345235059857504,18.601075237738275,13.416407864998739,10.198039027185569,6.324555320336759,5.830951894845301,8.06225774829855,9.055385138137417,10.198039027185569,12.36931687685298,14.866068747318506,15.231546211727817,16.55294535724685,17.88854381999832,17.88854381999832,17.69180601295413,16.64331697709324,11.40175425099138,7.211102550927978,4.47213595499958,2.0,2.23606797749979,4.47213595499958,0.0,0.0,0.0,0.0,0.0,0.0,0.0,0.0,0.0,0.0,0.0,3.605551275463989,1.4142135623730951,0.0,2.23606797749979,5.385164807134504,7.280109889280518,10.198039027185569,14.142135623730951,16.1245154965971,18.110770276274835,19.1049731745428,19.026297590440446,19.026297590440446,18.24828759089466,17.46424919657298,15.811388300841896,14.317821063276353,13.416407864998739,10.295630140987,5.385164807134504,2.8284271247461903,6.082762530298219,11.180339887498949,16.1245154965971,21.095023109728988,25.0
1787404051.9134698,-69,0.0,26.870057685088806,26.1725046566048,23.345235059857504,19.849433241279208,15.811388300841896,11.180339887498949,7.0710678118654755,4.47213595499958,5.830951894845301,7.280109889280518,9.219544457292887,10.44030650891055,12.649110640673518,13.92838827718412,14.7648230602334,15.264337522473747,15.0,14.866068747318506,13.45362404707371,12.041594578792296,9.899494936611665,7.211102550927978,4.47213595499958,2.23606797749979,3.0,4.123105625617661,0.0,0.0,0.0,0.0,0.0,0.0,0.0,0.0,0.0,0.0,0.0,3.1622776601683795,1.0,1.0,2.23606797749979,4.242640687119285,7.211102550927978,9.433981132056603,11.661903789690601,14.7648230602334,16.1245154965971,17.88854381999832,18.027756377319946,17.46424919657298,17.11724276862369,17.0,16.0312195418814,14.035668847618199,12.041594578792296,9.055385138137417,6.324555320336759,4.123105625617661,6.708203932499369,11.40175425099138,17.029386365926403,20.518284528683193,23.345235059857504
1787404052.345783,-69,0.0,26.248809496813376,27.018512172212592,25.612496949731394,20.0,15.264337522473747,10.770329614269007,7.0710678118654755,4.242640687119285,7.0710678118654755,10.0,10.04987562112089,11.0,12.36931687685298,13.92838827718412,14.317821063276353,15.652475842498529,16.55294535724685,16.1245154965971,14.212670403551895,12.041594578792296,9.899494936611665,7.0710678118654755,3.605551275463989,1.4142135623730951,2.0,2.23606797749979,0.0,0.0,0.0,0.0,0.0,0.0,0.0,0.0,0.0,0.0,0.0,2.23606797749979,2.0,2.23606797749979,3.605551275463989,4.0,5.830951894845301,8.602325267042627,9.899494936611665,11.40175425099138,13.601470508735444,15.264337522473747,16.55294535724685,16.76305461424021,17.26267650163207,17.029386365926403,16.0312195418814,13.152946437965905,11.045361017187261,9.055385138137417,6.4031242374328485,6.0,9.433981132056603,13.601470508735444,19.209372712298546,22.627416997969522,23.430749027719962
1787404053.1461692,-70,0.0,23.08679276123039,22.090722034374522,22.20360331117452,21.213203435596427,20.396078054371138,18.681541692269406,16.76305461424021,15.811388300841896,13.601470508735444,12.36931687685298,11.180339887498949,10.198039027185569,10.04987562112089,10.0,9.0,9.055385138137417,10.04987562112089,9.219544457292887,9.219544457292887,10.198039027185569,10.44030650891055,11.180339887498949,10.198039027185569,9.055385138137417,8.06225774829855,8.06225774829855,0.0,0.0,0.0,0.0,0.0,0.0,0.0,0.0,0.0,0.0,0.0,7.810249675906654,7.810249675906654,8.06225774829855,8.06225774829855,8.54400374531753,8.54400374531753,9.486832980505138,9.486832980505138,10.44030650891055,10.44030650891055,10.44030650891055,10.44030650891055,10.198039027185569,10.198039027185569,11.045361017187261,12.041594578792296,12.0,14.0,15.0,15.0,16.0,17.0,18.027756377319946,19.026297590440446,21.0,21.0
1787404053.2526364,-71,0.0,28.442925306655784,27.294688127912362,25.179356624028344,22.090722034374522,18.0,13.152946437965905,8.06225774829855,5.830951894845301,6.082762530298219,8.94427190999916,10.295630140987,11.180339887498949,11.704699910719626,13.341664064126334,15.297058540778355,15.132745950421556,15.0,15.033296378372908,14.142135623730951,13.152946437965905,11.180339887498949,8.06225774829855,4.123105625617661,1.4142135623730951,1.4142135623730951,3.0,0.0,0.0,0.0,0.0,0.0,0.0,0.0,0.0,0.0,0.0,0.0,3.0,2.23606797749979,2.0,2.23606797749979,4.0,6.082762530298219,8.246211251235321,10.770329614269007,12.529964086141668,13.892443989449804,15.811388300841896,16.401219466856727,16.278820596099706,16.278820596099706,16.401219466856727,15.264337522473747,13.038404810405298,10.295630140987,7.810249675906654,4.47213595499958,3.605551275463989,8.06225774829855,13.92838827718412,18.681541692269406,22.561028345356956,26.68332812825267
1787404053.4788046,-80,0.0,10.816653826391969,14.866068747318506,16.97056274847714,20.518284528683193,24.758836806279895,27.586228448267445,27.018512172212592,24.413111231467404,19.4164878389476,16.64331697709324,12.806248474865697,9.433981132056603,9.0,10.770329614269007,10.770329614269007,9.848857801796104,8.94427190999916,8.94427190999916,9.433981132056603,8.602325267042627,7.0710678118654755,5.830951894845301,5.830951894845301,6.082762530298219,5.385164807134504,5.0,0.0,0.0,0.0,0.0,0.0,0.0,0.0,0.0,0.0,0.0,0.0,9.219544457292887,9.219544457292887,10.295630140987,12.206555615733702,12.806248474865697,9.899494936611665,6.4031242374328485,2.8284271247461903,2.8284271247461903,5.0,7.211102550927978,8.602325267042627,10.0,9.433981132056603,6.708203932499369,6.082762530298219,4.123105625617661,3.605551275463989,4.123105625617661,4.47213595499958,6.4031242374328485,7.810249675906654,8.48528137423857,9.219544457292887,8.54400374531753,8.0
1787404053.5505698,-70,0.0,21.02379604162864,21.095023109728988,21.213203435596427,20.223748416156685,20.396078054371138,19.6468827043885,17.72004514666935,15.811388300841896,13.601470508735444,12.36931687685298,11.180339887498949,10.04987562112089,10.0,10.0,9.055385138137417,9.055385138137417,8.06225774829855,8.246211251235321,8.54400374531753,8.94427190999916,9.486832980505138,9.486832980505138,9.219544457292887,9.219544457292887,8.246211251235321,8.246211251235321,0.0,0.0,0.0,0.0,0.0,0.0,0.0,0.0,0.0,0.0,0.0,7.810249675906654,7.810249675906654,7.211102550927978,5.830951894845301,7.0710678118654755,8.602325267042627,8.94427190999916,8.94427190999916,10.295630140987,10.295630140987,8.94427190999916,8.94427190999916,9.486832980505138,9.486832980505138,10.198039027185569,11.045361017187261,12.041594578792296,13.038404810405298,14.0,14.0,16.0312195418814,17.0,18.0,19.026297590440446,19.026297590440446,18.027756377319946
1787404053.6519785,-70,0.0,22.20360331117452,22.02271554554524,21.02379604162864,22.0,21.02379604162864,20.024984394500787,18.110770276274835,16.278820596099706,14.142135623730951,13.038404810405298,12.0,10.0,9.055385138137417,8.246211251235321,9.219544457292887,9.219544457292887,8.94427190999916,9.433981132056603,8.06225774829855,8.94427190999916,8.94427190999916,10.44030650891055,11.40175425099138,9.848857801796104,8.94427190999916,8.602325267042627,0.0,0.0,0.0,0.0,0.0,0.0,0.0,0.0,0.0,0.0,0.0,6.4031242374328485,6.4031242374328485,6.4031242374328485,7.211102550927978,7.615773105863909,7.280109889280518,8.246211251235321,9.486832980505138,9.486832980505138,9.486832980505138,8.54400374531753,7.280109889280518,8.06225774829855,9.0,9.055385138137417,10.04987562112089,11.180339887498949,12.165525060596439,13.152946437965905,15.033296378372908,16.0312195418814,17.029386365926403,17.029386365926403,18.110770276274835,21.213203435596427,21.095023109728988
1787404053.854379,-70,0.0,21.540659228538015,20.615528128088304,20.248456731316587,18.973665961010276,18.681541692269406,17.26267650163207,16.1245154965971,16.1245154965971,14.0,14.560219778561036,15.297058540778355,13.038404810405298,11.40175425099138,10.44030650891055,10.44030650891055,9.848857801796104,8.94427190999916,9.433981132056603,9.433981132056603,9.433981132056603,9.433981132056603,8.94427190999916,8.94427190999916,8.54400374531753,7.615773105863909,7.615773105863909,0.0,0.0,0.0,0.0,0.0,0.0,0.0,0.0,0.0,0.0,0.0,7.280109889280518,7.0710678118654755,6.0,6.082762530298219,7.280109889280518,6.324555320336759,7.615773105863909,10.44030650891055,11.40175425099138,10.198039027185569,9.219544457292887,9.219544457292887,9.486832980505138,9.848857801796104,10.295630140987,10.816653826391969,11.661903789690601,12.529964086141668,13.892443989449804,13.892443989449804,15.811388300841896,16.64331697709324,17.4928556845359,18.867962264113206,19.72308292331602,20.591260281974
1787404053.9550312,-69,0.0,20.615528128088304,21.2602916254693,20.518284528683193,20.518284528683193,18.384776310850235,17.69180601295413,16.401219466856727,15.0,12.806248474865697,12.041594578792296,10.63014581273465,9.433981132056603,10.295630140987,9.848857801796104,8.54400374531753,8.54400374531753,9.219544457292887,9.219544457292887,9.055385138137417,9.219544457292887,9.219544457292887,9.219544457292887,8.54400374531753,7.280109889280518,7.0710678118654755,7.0710678118654755,0.0,0.0,0.0,0.0,0.0,0.0,0.0,0.0,0.0,0.0,0.0,7.280109889280518,7.0,7.0710678118654755,7.280109889280518,7.280109889280518,7.615773105863909,8.54400374531753,9.486832980505138,9.486832980505138,9.486832980505138,9.486832980505138,9.486832980505138,8.94427190999916,8.94427190999916,8.602325267042627,10.63014581273465,11.313708498984761,12.727922061357855,13.45362404707371,14.142135623730951,14.212670403551895,16.401219466856727,20.518284528683193,18.384776310850235,15.811388300841896,18.027756377319946
1787404053.9709327,-68,0.0,31.04834939252005,30.805843601498726,27.892651361962706,24.041630560342615,18.384776310850235,13.038404810405298,7.810249675906654,4.0,6.708203932499369,9.219544457292887,11.40175425099138,13.0,15.264337522473747,17.029386365926403,16.97056274847714,17.69180601295413,18.439088914585774,19.209372712298546,17.804493814764857,15.0,12.806248474865697,8.48528137423857,4.242640687119285,0.0,3.1622776601683795,4.47213595499958,0.0,0.0,0.0,0.0,0.0,0.0,0.0,0.0,0.0,0.0,0.0,3.605551275463989,2.23606797749979,1.0,3.1622776601683795,6.324555320336759,9.486832980505138,12.083045973594572,15.231546211727817,18.027756377319946,20.248456731316587,21.540659228538015,21.02379604162864,19.235384061671343,18.35755975068582,18.601075237738275,17.69180601295413,15.556349186104045,11.313708498984761,7.810249675906654,4.47213595499958,3.605551275463989,8.06225774829855,12.041594578792296,19.235384061671343,24.331050121192877,27.459060435491963
1787404054.3628032,-82,0.0,5.0,3.605551275463989,2.0,3.605551275463989,5.385164807134504,7.0710678118654755,8.06225774829855,9.055385138137417,9.055385138137417,8.06225774829855,6.082762530298219,5.385164807134504,4.242640687119285,4.123105625617661,7.0710678118654755,10.44030650891055,13.92838827718412,17.88854381999832,20.591260281974,24.186773244895647,26.076809620810597,26.627053911388696,27.80287754891569,27.65863337187866,27.586228448267445,26.1725046566048,0.0,0.0,0.0,0.0,0.0,0.0,0.0,0.0,0.0,0.0,0.0,1.4142135623730951,3.1622776601683795,4.0,6.0,8.0,11.0,13.0,14.035668847618199,15.132745950421556,16.492422502470642,16.76305461424021,15.811388300841896,15.231546211727817,13.892443989449804,10.816653826391969,8.48528137423857,6.082762530298219,5.830951894845301,8.06225774829855,11.704699910719626,15.297058540778355,17.11724276862369,19.026297590440446,21.0,22.0,22.02271554554524
1787404054.4104471,-81,0.0,12.649110640673518,12.529964086141668,13.601470508735444,16.55294535724685,17.46424919657298,15.231546211727817,13.416407864998739,11.40175425099138,11.313708498984761,13.038404810405298,11.661903789690601,9.433981132056603,5.0,2.8284271247461903,6.324555320336759,8.06225774829855,9.219544457292887,9.219544457292887,10.44030650891055,12.529964086141668,14.317821063276353,14.866068747318506,14.7648230602334,14.212670403551895,12.727922061357855,11.40175425099138,0.0,0.0,0.0,0.0,0.0,0.0,0.0,0.0,0.0,0.0,0.0,4.47213595499958,2.23606797749979,3.1622776601683795,5.0990195135927845,7.615773105863909,8.602325267042627,10.0,13.038404810405298,15.811388300841896,19.1049731745428,19.209372712298546,18.027756377319946,16.64331697709324,12.529964086141668,9.899494936611665,9.433981132056603,6.708203932499369,5.0,7.0710678118654755,9.848857801796104,11.313708498984761,13.892443989449804,17.0,17.0,14.422205101855956,13.038404810405298
1787404054.4813774,-81,0.0,18.24828759089466,21.18962010041709,22.360679774997898,21.93171219946131,20.8806130178211,19.4164878389476,18.027756377319946,18.027756377319946,18.24828759089466,16.492422502470642,13.341664064126334,9.055385138137417,5.0990195135927845,4.123105625617661,6.708203932499369,10.0,11.40175425099138,12.041594578792296,12.041594578792296,10.63014581273465,9.219544457292887,8.602325267042627,8.94427190999916,8.54400374531753,8.246211251235321,7.280109889280518,0.0,0.0,0.0,0.0,0.0,0.0,0.0,0.0,0.0,0.0,0.0,2.23606797749979,3.1622776601683795,5.385164807134504,6.324555320336759,8.246211251235321,10.04987562112089,14.035668847618199,16.278820596099706,17.46424919657298,18.439088914585774,17.26267650163207,14.142135623730951,10.198039027185569,7.280109889280518,5.385164807134504,2.8284271247461903,1.0,4.0,7.0710678118654755,9.055385138137417,12.041594578792296,12.041594578792296,12.165525060596439,12.083045973594572,12.806248474865697,13.45362404707371
1787404054.7373056,-82,0.0,25.632011235952593,26.248809496813376,25.0,22.135943621178654,18.788294228055936,17.029386365926403,15.264337522473747,15.132745950421556,15.132745950421556,16.76305461424021,16.15549442140351,13.0,8.54400374531753,5.385164807134504,1.0,2.23606797749979,3.605551275463989,4.47213595499958,6.708203932499369,9.433981132056603,9.848857801796104,10.44030650891055,9.219544457292887,8.0,7.0710678118654755,6.708203932499369,0.0,0.0,0.0,0.0,0.0,0.0,0.0,0.0,0.0,0.0,0.0,4.47213595499958,5.0,5.0990195135927845,5.0,3.0,3.605551275463989,8.48528137423857,12.041594578792296,14.212670403551895,14.866068747318506,14.866068747318506,14.212670403551895,12.206555615733702,11.40175425099138,11.313708498984761,7.211102550927978,4.0,4.123105625617661,8.246211251235321,11.704699910719626,13.892443989449804,14.866068747318506,14.212670403551895,11.704699910719626,12.649110640673518,14.866068747318506
1787404054.868229,-81,0.0,24.166091947189145,25.495097567963924,25.079872407968907,22.47220505424423,19.6468827043885,19.026297590440446,21.213203435596427,19.6468827043885,17.08800749063506,16.15549442140351,16.15549442140351,13.601470508735444,8.0,4.47213595499958,3.0,6.324555320336759,5.830951894845301,5.830951894845301,6.708203932499369,6.324555320336759,6.708203932499369,8.06225774829855,7.280109889280518,5.385164807134504,4.123105625617661,6.082762530298219,0.0,0.0,0.0,0.0,0.0,0.0,0.0,0.0,0.0,0.0,0.0,21.02379604162864,13.038404810405298,5.0,2.0,5.0990195135927845,4.242640687119285,9.848857801796104,11.661903789690601,13.038404810405298,15.264337522473747,15.652475842498529,17.0,15.652475842498529,13.0,8.54400374531753,2.23606797749979,2.23606797749979,6.324555320336759,12.165525060596439,15.132745950421556,15.0,14.560219778561036,13.601470508735444,11.661903789690601,13.152946437965905,17.029386365926403
1787404054.874443,-81,0.0,20.615528128088304,22.67156809750927,23.430749027719962,21.2602916254693,19.1049731745428,18.35755975068582,22.135943621178654,22.80350850198276,21.587033144922902,17.26267650163207,14.317821063276353,12.083045973594572,7.810249675906654,4.47213595499958,3.605551275463989,6.082762530298219,7.0710678118654755,5.0990195135927845,3.0,4.123105625617661,5.0,4.123105625617661,2.23606797749979,3.1622776601683795,3.1622776601683795,3.0,0.0,0.0,0.0,0.0,0.0,0.0,0.0,0.0,0.0,0.0,0.0,17.11724276862369,9.486832980505138,4.47213595499958,5.0990195135927845,2.0,4.47213595499958,8.246211251235321,11.045361017187261,12.0,14.035668847618199,14.035668847618199,14.035668847618199,13.0,11.045361017187261,6.082762530298219,1.4142135623730951,4.123105625617661,10.198039027185569,14.866068747318506,17.08800749063506,16.55294535724685,14.212670403551895,10.816653826391969,9.055385138137417,10.770329614269007,14.142135623730951
1787404054.901441,-68,0.0,25.96150997149434,25.0,22.80350850198276,19.4164878389476,15.033296378372908,11.045361017187261,8.602325267042627,9.433981132056603,10.04987562112089,9.219544457292887,11.045361017187261,12.165525060596439,13.152946437965905,14.035668847618199,15.033296378372908,14.142135623730951,14.317821063276353,13.601470508735444,12.649110640673518,11.180339887498949,8.94427190999916,6.708203932499369,3.1622776601683795,0.0,1.4142135623730951,2.8284271247461903,0.0,0.0,0.0,0.0,0.0,0.0,0.0,0.0,0.0,0.0,0.0,3.605551275463989,1.4142135623730951,1.4142135623730951,3.605551275463989,4.123105625617661,7.0710678118654755,8.54400374531753,10.295630140987,11.661903789690601,13.892443989449804,15.264337522473747,15.0,14.142135623730951,14.422205101855956,15.231546211727817,13.92838827718412,13.0,10.770329614269007,7.615773105863909,5.0,3.1622776601683795,5.830951894845301,10.770329614269007,15.811388300841896,19.924858845171276,22.135943621178654
1787404054.9208443,-69,0.0,29.427877939124322,27.459060435491963,24.515301344262525,20.615528128088304,16.76305461424021,11.661903789690601,7.810249675906654,5.0,6.4031242374328485,8.48528137423857,9.899494936611665,11.313708498984761,12.206555615733702,13.892443989449804,14.7648230602334,13.92838827718412,14.560219778561036,14.317821063276353,13.152946437965905,11.045361017187261,9.0,7.0,3.0,0.0,2.23606797749979,4.0,0.0,0.0,0.0,0.0,0.0,0.0,0.0,0.0,0.0,0.0,0.0,1.4142135623730951,0.0,3.1622776601683795,5.385164807134504,5.385164807134504,7.0710678118654755,10.04987562112089,12.041594578792296,13.038404810405298,15.033296378372908,17.029386365926403,17.11724276862369,17.46424919657298,16.15549442140351,15.811388300841896,16.401219466856727,15.0,12.041594578792296,8.602325267042627,6.082762530298219,5.0,8.246211251235321,13.0,18.027756377319946,23.194827009486403,25.317977802344327
1787404054.9268582,-69,0.0,27.294688127912362,26.30589287593181,23.194827009486403,20.024984394500787,16.0312195418814,11.40175425099138,7.211102550927978,5.0990195135927845,6.708203932499369,9.433981132056603,10.816653826391969,11.661903789690601,12.083045973594572,13.0,13.601470508735444,14.317821063276353,14.035668847618199,13.0,12.041594578792296,11.045361017187261,9.055385138137417,6.082762530298219,3.0,0.0,2.23606797749979,3.605551275463989,0.0,0.0,0.0,0.0,0.0,0.0,0.0,0.0,0.0,0.0,0.0,1.4142135623730951,1.0,2.0,4.0,6.0,8.06225774829855,10.44030650891055,13.0,15.231546211727817,16.55294535724685,18.35755975068582,18.027756377319946,17.029386365926403,16.278820596099706,16.401219466856727,16.64331697709324,14.7648230602334,12.529964086141668,9.433981132056603,6.4031242374328485,4.0,6.4031242374328485,11.180339887498949,16.76305461424021,21.587033144922902,23.53720459187964
1787404055.806763,-81,0.0,18.439088914585774,22.02271554554524,26.076809620810597,29.154759474226502,30.675723300355934,29.732137494637012,28.231188426986208,24.596747752497688,18.601075237738275,13.45362404707371,9.433981132056603,6.324555320336759,6.082762530298219,6.4031242374328485,7.280109889280518,4.123105625617661,1.4142135623730951,2.0,2.8284271247461903,5.0990195135927845,5.656854249492381,7.211102550927978,7.810249675906654,7.0710678118654755,5.656854249492381,2.8284271247461903,0.0,0.0,0.0,0.0,0.0,0.0,0.0,0.0,0.0,0.0,0.0,5.385164807134504,7.0710678118654755,8.0,8.0,7.280109889280518,5.385164807134504,3.0,2.23606797749979,2.23606797749979,2.8284271247461903,3.605551275463989,2.23606797749979,2.0,1.0,3.1622776601683795,6.324555320336759,8.54400374531753,8.246211251235321,8.06225774829855,7.0,5.0990195135927845,4.242640687119285,5.0990195135927845,6.0,9.486832980505138,13.892443989449804
1787404056.3142793,-68,0.0,27.16615541441225,26.076809620810597,24.08318915758459,21.213203435596427,16.278820596099706,11.40175425099138,6.708203932499369,4.123105625617661,4.47213595499958,5.656854249492381,8.48528137423857,9.219544457292887,10.816653826391969,12.529964086141668,14.317821063276353,15.811388300841896,15.524174696260024,15.297058540778355,14.142135623730951,13.152946437965905,11.180339887498949,9.219544457292887,5.385164807134504,1.4142135623730951,2.23606797749979,4.0,0.0,0.0,0.0,0.0,0.0,0.0,0.0,0.0,0.0,0.0,0.0,2.0,1.4142135623730951,2.23606797749979,4.47213595499958,5.385164807134504,7.280109889280518,9.055385138137417,12.041594578792296,14.0,16.0312195418814,17.11724276862369,17.26267650163207,15.811388300841896,15.231546211727817,14.7648230602334,14.422205101855956,13.038404810405298,10.816653826391969,7.615773105863909,6.0,5.656854249492381,8.54400374531753,13.038404810405298,18.0,22.02271554554524,25.079872407968907
1787404056.6173038,-69,0.0,20.248456731316587,20.808652046684813,20.808652046684813,19.209372712298546,18.439088914585774,17.69180601295413,16.97056274847714,15.556349186104045,13.45362404707371,10.63014581273465,9.219544457292887,8.602325267042627,8.94427190999916,8.54400374531753,9.219544457292887,9.219544457292887,9.219544457292887,9.055385138137417,10.04987562112089,10.04987562112089,10.04987562112089,10.198039027185569,9.486832980505138,8.54400374531753,7.615773105863909,7.615773105863909,0.0,0.0,0.0,0.0,0.0,0.0,0.0,0.0,0.0,0.0,0.0,5.0,5.0990195135927845,5.385164807134504,5.830951894845301,6.4031242374328485,6.4031242374328485,7.0710678118654755,7.810249675906654,8.48528137423857,8.48528137423857,8.48528137423857,9.219544457292887,9.219544457292887,9.433981132056603,10.295630140987,11.180339887498949,11.180339887498949,12.529964086141668,13.416407864998739,14.7648230602334,16.1245154965971,17.0,17.88854381999832,19.235384061671343,19.235384061671343,19.235384061671343
1787404057.1859624,-36,0.0,12.529964086141668,12.529964086141668,12.529964086141668,12.083045973594572,13.0,12.083045973594572,12.649110640673518,12.649110640673518,12.649110640673518,12.36931687685298,12.36931687685298,13.341664064126334,13.152946437965905,13.152946437965905,14.142135623730951,14.142135623730951,14.317821063276353,14.317821063276353,14.317821063276353,14.317821063276353,14.560219778561036,14.560219778561036,13.92838827718412,13.0,13.416407864998739,12.529964086141668,0.0,0.0,0.0,0.0,0.0,0.0,0.0,0.0,0.0,0.0,0.0,11.40175425099138,11.40175425099138,12.041594578792296,12.727922061357855,12.041594578792296,12.041594578792296,12.806248474865697,12.206555615733702,12.806248474865697,12.806248474865697,12.206555615733702,12.206555615733702,12.206555615733702,12.206555615733702,12.041594578792296,12.041594578792296,11.313708498984761,11.313708498984761,11.313708498984761,12.041594578792296,12.041594578792296,12.041594578792296,12.206555615733702,12.206555615733702,12.206555615733702,12.206555615733702
1787404058.1550817,-70,0.0,22.561028345356956,22.561028345356956,22.561028345356956,21.37755832643195,21.213203435596427,20.09975124224178,19.026297590440446,18.027756377319946,16.0312195418814,14.0,13.038404810405298,12.165525060596439,11.40175425099138,11.40175425099138,11.40175425099138,10.44030650891055,10.44030650891055,9.848857801796104,9.848857801796104,9.848857801796104,9.848857801796104,10.770329614269007,10.44030650891055,9.219544457292887,8.246211251235321,7.280109889280518,0.0,0.0,0.0,0.0,0.0,0.0,0.0,0.0,0.0,0.0,0.0,7.211102550927978,5.830951894845301,6.324555320336759,6.082762530298219,7.0,8.0,9.0,10.0,10.0,10.04987562112089,10.04987562112089,10.04987562112089,10.0,10.04987562112089,11.180339887498949,11.40175425099138,12.36931687685298,12.649110640673518,14.866068747318506,15.811388300841896,17.08800749063506,18.027756377319946,18.973665961010276,19.924858845171276,21.840329667841555,21.587033144922902
1787404058.600634,-71,0.0,28.160255680657446,26.248809496813376,23.769728648009426,20.396078054371138,16.1245154965971,11.0,6.324555320336759,4.47213595499958,5.0990195135927845,8.06225774829855,10.0,10.816653826391969,12.529964086141668,13.416407864998739,13.92838827718412,13.601470508735444,13.341664064126334,13.038404810405298,12.0,11.0,9.0,7.0710678118654755,4.123105625617661,1.0,2.0,3.0,0.0,0.0,0.0,0.0,0.0,0.0,0.0,0.0,0.0,0.0,0.0,1.4142135623730951,1.4142135623730951,3.0,4.123105625617661,5.830951894845301,7.810249675906654,9.899494936611665,13.45362404707371,15.620499351813308,16.401219466856727,17.204650534085253,16.64331697709324,16.55294535724685,16.15549442140351,15.524174696260024,15.297058540778355,14.142135623730951,11.180339887498949,8.246211251235321,5.385164807134504,4.0,7.0710678118654755,11.661903789690601,16.55294535724685,21.540659228538015,24.698178070456937
1787404058.664718,-70,0.0,21.2602916254693,22.67156809750927,21.93171219946131,21.213203435596427,20.518284528683193,19.209372712298546,17.804493814764857,15.811388300841896,14.212670403551895,12.041594578792296,12.041594578792296,11.40175425099138,10.816653826391969,10.295630140987,10.295630140987,11.180339887498949,10.770329614269007,10.770329614269007,10.44030650891055,11.704699910719626,11.704699910719626,11.180339887498949,10.816653826391969,9.433981132056603,8.602325267042627,7.211102550927978,0.0,0.0,0.0,0.0,0.0,0.0,0.0,0.0,0.0,0.0,0.0,7.0710678118654755,7.0710678118654755,6.324555320336759,6.708203932499369,7.211102550927978,7.211102550927978,7.211102550927978,9.433981132056603,10.295630140987,10.295630140987,10.295630140987,9.433981132056603,10.0,10.0,10.63014581273465,11.40175425099138,12.206555615733702,13.038404810405298,14.422205101855956,15.811388300841896,17.204650534085253,17.204650534085253,18.867962264113206,20.248456731316587,21.400934559032695,22.02271554554524
1787404058.7605903,-70,0.0,22.360679774997898,21.93171219946131,21.540659228538015,20.248456731316587,20.248456731316587,18.973665961010276,17.08800749063506,15.811388300841896,13.601470508735444,12.649110640673518,10.770329614269007,10.295630140987,9.433981132056603,10.0,10.0,9.899494936611665,9.899494936611665,10.0,9.433981132056603,10.295630140987,10.816653826391969,11.40175425099138,10.63014581273465,9.899494936611665,9.219544457292887,7.810249675906654,0.0,0.0,0.0,0.0,0.0,0.0,0.0,0.0,0.0,0.0,0.0,6.324555320336759,6.082762530298219,7.0,6.082762530298219,7.0710678118654755,7.280109889280518,7.280109889280518,8.246211251235321,9.219544457292887,9.219544457292887,10.198039027185569,10.44030650891055,9.486832980505138,9.848857801796104,9.433981132056603,10.816653826391969,12.206555615733702,13.601470508735444,15.0,16.401219466856727,17.204650534085253,17.204650534085253,18.027756377319946,19.72308292331602,21.95449840010015,21.470910553583888
1787404058.8899746,-71,0.0,29.274562336608895,27.16615541441225,25.019992006393608,21.0,17.029386365926403,12.36931687685298,8.06225774829855,6.324555320336759,7.280109889280518,8.94427190999916,10.816653826391969,11.661903789690601,13.0,14.560219778561036,15.524174696260024,16.278820596099706,15.033296378372908,15.0,14.035668847618199,13.038404810405298,11.045361017187261,8.06225774829855,4.123105625617661,2.23606797749979,1.4142135623730951,3.0,0.0,0.0,0.0,0.0,0.0,0.0,0.0,0.0,0.0,0.0,0.0,2.23606797749979,1.0,1.4142135623730951,3.0,5.0990195135927845,7.280109889280518,9.848857801796104,12.529964086141668,13.892443989449804,15.0,15.620499351813308,15.556349186104045,14.866068747318506,15.264337522473747,14.7648230602334,14.866068747318506,13.601470508735444,10.44030650891055,7.615773105863909,5.0,3.1622776601683795,7.211102550927978,12.649110640673518,18.439088914585774,22.561028345356956,25.495097567963924
1787404058.9782114,-70,0.0,22.135943621178654,22.135943621178654,21.540659228538015,20.615528128088304,19.697715603592208,18.788294228055936,17.0,14.7648230602334,13.892443989449804,12.083045973594572,10.770329614269007,9.486832980505138,9.219544457292887,9.055385138137417,9.055385138137417,9.0,9.055385138137417,9.219544457292887,9.219544457292887,9.219544457292887,9.219544457292887,9.219544457292887,9.055385138137417,8.06225774829855,8.06225774829855,7.0710678118654755,0.0,0.0,0.0,0.0,0.0,0.0,0.0,0.0,0.0,0.0,0.0,6.324555320336759,5.830951894845301,5.0,5.656854249492381,6.4031242374328485,7.211102550927978,7.211102550927978,7.211102550927978,8.602325267042627,8.602325267042627,8.602325267042627,8.06225774829855,8.54400374531753,9.219544457292887,10.198039027185569,11.045361017187261,12.041594578792296,14.142135623730951,15.132745950421556,16.1245154965971,16.278820596099706,17.26267650163207,18.24828759089466,20.396078054371138,21.587033144922902,21.587033144922902
1787404059.2217166,-69,0.0,27.459060435491963,25.317977802344327,22.20360331117452,18.24828759089466,15.033296378372908,10.0,5.385164807134504,4.123105625617661,5.830951894845301,7.810249675906654,9.219544457292887,10.0,11.661903789690601,13.416407864998739,13.92838827718412,14.317821063276353,15.132745950421556,15.033296378372908,14.035668847618199,12.041594578792296,11.045361017187261,8.06225774829855,4.47213595499958,2.23606797749979,2.8284271247461903,4.47213595499958,0.0,0.0,0.0,0.0,0.0,0.0,0.0,0.0,0.0,0.0,0.0,3.605551275463989,3.0,3.1622776601683795,3.605551275463989,5.385164807134504,6.324555320336759,8.94427190999916,11.661903789690601,15.264337522473747,16.1245154965971,16.64331697709324,16.401219466856727,15.556349186104045,15.0,15.264337522473747,14.7648230602334,13.416407864998739,10.816653826391969,7.810249675906654,5.0,4.47213595499958,8.06225774829855,12.649110640673518,16.492422502470642,21.37755832643195,23.53720459187964
1787404059.4722195,-67,0.0,20.615528128088304,19.4164878389476,17.204650534085253,14.866068747318506,10.63014581273465,7.211102550927978,4.47213595499958,2.23606797749979,4.123105625617661,7.0710678118654755,9.055385138137417,9.055385138137417,9.219544457292887,10.770329614269007,11.180339887498949,12.206555615733702,13.601470508735444,12.806248474865697,11.40175425099138,10.63014581273465,8.602325267042627,6.4031242374328485,1.4142135623730951,10.198039027185569,5.0,2.23606797749979,0.0,0.0,0.0,0.0,0.0,0.0,0.0,0.0,0.0,0.0,0.0,2.0,1.0,1.0,2.23606797749979,4.123105625617661,6.082762530298219,8.06225774829855,10.0,11.0,13.0,13.038404810405298,13.152946437965905,13.341664064126334,13.601470508735444,13.0,12.083045973594572,11.180339887498949,8.94427190999916,6.708203932499369,4.123105625617661,3.1622776601683795,7.0710678118654755,10.198039027185569,13.92838827718412,16.55294535724685,18.788294228055936
1787404059.5042746,-68,0.0,30.066592756745816,28.160255680657446,26.1725046566048,22.360679774997898,17.46424919657298,11.704699910719626,7.810249675906654,5.0990195135927845,6.708203932499369,9.219544457292887,10.63014581273465,12.041594578792296,13.601470508735444,14.7648230602334,15.652475842498529,17.08800749063506,16.76305461424021,16.492422502470642,15.524174696260024,13.341664064126334,11.40175425099138,8.54400374531753,4.47213595499958,2.23606797749979,2.23606797749979,3.1622776601683795,0.0,0.0,0.0,0.0,0.0,0.0,0.0,0.0,0.0,0.0,0.0,4.242640687119285,2.23606797749979,1.4142135623730951,2.0,4.123105625617661,6.324555320336759,9.486832980505138,11.704699910719626,14.317821063276353,16.55294535724685,17.0,16.64331697709324,17.029386365926403,16.97056274847714,15.620499351813308,15.811388300841896,14.422205101855956,10.816653826391969,7.810249675906654,5.0,3.605551275463989,7.0710678118654755,12.041594578792296,19.0,24.0,27.0
1787404059.520089,-67,0.0,28.460498941515414,26.248809496813376,24.351591323771842,21.840329667841555,16.492422502470642,11.180339887498949,8.0,3.605551275463989,5.0,8.246211251235321,9.486832980505138,8.54400374531753,8.246211251235321,11.045361017187261,14.0,16.0312195418814,16.1245154965971,16.0312195418814,15.033296378372908,11.045361017187261,9.0,7.0710678118654755,4.123105625617661,1.4142135623730951,2.23606797749979,4.47213595499958,0.0,0.0,0.0,0.0,0.0,0.0,0.0,0.0,0.0,0.0,0.0,2.23606797749979,1.0,2.23606797749979,4.123105625617661,5.385164807134504,8.06225774829855,10.816653826391969,13.038404810405298,15.811388300841896,17.204650534085253,17.804493814764857,17.69180601295413,17.029386365926403,16.64331697709324,15.652475842498529,15.231546211727817,13.92838827718412,10.770329614269007,8.94427190999916,5.656854249492381,5.0990195135927845,7.810249675906654,12.529964086141668,18.384776310850235,22.47220505424423,25.632011235952593
1787404059.719914,-72,0.0,31.953090617340916,31.016124838541646,27.85677655436824,23.08679276123039,18.681541692269406,14.142135623730951,10.04987562112089,5.830951894845301,5.0990195135927845,7.0710678118654755,9.219544457292887,11.180339887498949,12.041594578792296,13.0,14.142135623730951,15.132745950421556,14.560219778561036,14.866068747318506,14.317821063276353,12.083045973594572,9.848857801796104,7.615773105863909,4.123105625617661,0.0,3.1622776601683795,5.385164807134504,0.0,0.0,0.0,0.0,0.0,0.0,0.0,0.0,0.0,0.0,0.0,2.23606797749979,0.0,3.1622776601683795,5.0990195135927845,6.0,7.280109889280518,10.295630140987,13.892443989449804,15.811388300841896,17.804493814764857,17.69180601295413,17.69180601295413,18.027756377319946,18.35755975068582,17.88854381999832,17.08800749063506,15.811388300841896,12.649110640673518,9.433981132056603,5.830951894845301,5.385164807134504,10.0,15.264337522473747,21.470910553583888,26.40075756488817,30.083217912982647
1787404059.8996427,-68,0.0,32.0624390837628,31.016124838541646,28.0,23.021728866442675,19.026297590440446,14.142135623730951,8.94427190999916,5.385164807134504,6.324555320336759,8.602325267042627,10.816653826391969,12.529964086141668,14.317821063276353,15.811388300841896,17.46424919657298,19.235384061671343,19.1049731745428,19.026297590440446,18.0,16.0,14.0,10.0,6.0,2.0,1.0,3.0,0.0,0.0,0.0,0.0,0.0,0.0,0.0,0.0,0.0,0.0,0.0,2.23606797749979,1.0,1.4142135623730951,3.1622776601683795,5.0,7.280109889280518,9.848857801796104,12.529964086141668,14.7648230602334,17.0,18.867962264113206,19.209372712298546,19.1049731745428,18.439088914585774,17.204650534085253,16.64331697709324,14.7648230602334,11.661903789690601,8.602325267042627,5.385164807134504,5.830951894845301,10.295630140987,15.811388300841896,21.587033144922902,26.30589287593181,29.274562336608895
1787404060.692249,-69,0.0,32.55764119219941,30.4138126514911,27.586228448267445,23.345235059857504,18.439088914585774,13.038404810405298,7.280109889280518,4.47213595499958,6.324555320336759,9.0,11.045361017187261,13.152946437965905,14.317821063276353,15.524174696260024,16.15549442140351,17.88854381999832,18.027756377319946,17.204650534085253,15.620499351813308,13.45362404707371,11.313708498984761,8.48528137423857,4.242640687119285,1.0,2.23606797749979,3.605551275463989,0.0,0.0,0.0,0.0,0.0,0.0,0.0,0.0,0.0,0.0,0.0,2.23606797749979,1.0,2.8284271247461903,4.242640687119285,5.830951894845301,7.810249675906654,11.40175425099138,14.422205101855956,16.64331697709324,17.4928556845359,18.867962264113206,18.788294228055936,18.973665961010276,17.26267650163207,17.029386365926403,16.0,16.0,13.0,10.04987562112089,5.830951894845301,6.082762530298219,9.219544457292887,14.7648230602334,20.808652046684813,26.40075756488817,29.068883707497267
1787404060.9139478,-69,0.0,28.160255680657446,27.16615541441225,25.179356624028344,22.360679774997898,17.46424919657298,13.0,7.211102550927978,5.0990195135927845,5.0,7.211102550927978,8.602325267042627,10.0,11.313708498984761,12.806248474865697,13.601470508735444,13.892443989449804,13.92838827718412,14.560219778561036,13.341664064126334,12.165525060596439,10.198039027185569,7.280109889280518,4.123105625617661,1.4142135623730951,2.0,3.1622776601683795,0.0,0.0,0.0,0.0,0.0,0.0,0.0,0.0,0.0,0.0,0.0,1.4142135623730951,1.0,2.8284271247461903,3.605551275463989,5.385164807134504,8.06225774829855,10.0,13.038404810405298,15.132745950421556,16.492422502470642,17.72004514666935,18.027756377319946,17.0,16.64331697709324,15.811388300841896,15.620499351813308,13.45362404707371,10.63014581273465,7.211102550927978,5.0990195135927845,5.0,7.615773105863909,12.165525060596439,18.027756377319946,22.0,25.079872407968907
1787404061.6633606,-71,0.0,27.586228448267445,26.1725046566048,22.627416997969522,19.849433241279208,15.0,11.180339887498949,7.0710678118654755,4.242640687119285,5.0990195135927845,7.0710678118654755,9.055385138137417,11.045361017187261,13.341664064126334,14.560219778561036,15.811388300841896,16.15549442140351,15.652475842498529,16.1245154965971,15.264337522473747,13.892443989449804,11.661903789690601,8.06225774829855,4.47213595499958,2.23606797749979,0.0,2.23606797749979,0.0,0.0,0.0,0.0,0.0,0.0,0.0,0.0,0.0,0.0,0.0,3.1622776601683795,1.0,1.4142135623730951,2.8284271247461903,5.0,6.708203932499369,9.486832980505138,11.40175425099138,13.152946437965905,15.132745950421556,16.0312195418814,17.0,17.029386365926403,17.11724276862369,16.278820596099706,15.524174696260024,13.601470508735444,11.40175425099138,8.246211251235321,5.0,3.1622776601683795,6.324555320336759,11.180339887498949,15.811388300841896,21.400934559032695,24.839484696748443
1787404062.1526663,-69,0.0,29.154759474226502,27.784887978899608,25.059928172283335,21.470910553583888,16.55294535724685,10.44030650891055,5.0,2.23606797749979,4.47213595499958,7.810249675906654,10.816653826391969,11.180339887498949,12.649110640673518,13.601470508735444,15.297058540778355,16.1245154965971,16.0,16.0312195418814,15.132745950421556,13.152946437965905,11.045361017187261,8.0,5.0,2.23606797749979,2.23606797749979,3.605551275463989,0.0,0.0,0.0,0.0,0.0,0.0,0.0,0.0,0.0,0.0,0.0,3.1622776601683795,1.4142135623730951,1.4142135623730951,3.605551275463989,6.4031242374328485,8.48528137423857,10.63014581273465,12.806248474865697,15.811388300841896,17.204650534085253,18.867962264113206,18.35755975068582,17.46424919657298,15.811388300841896,15.524174696260024,15.297058540778355,13.152946437965905,10.04987562112089,7.280109889280518,4.242640687119285,5.0990195135927845,9.219544457292887,14.212670403551895,20.0,23.853720883753127,26.419689627245813
1787404062.180877,-72,0.0,27.784887978899608,27.294688127912362,25.059928172283335,21.02379604162864,16.15549442140351,11.40175425099138,7.0,4.242640687119285,6.0,7.280109889280518,9.486832980505138,11.40175425099138,13.152946437965905,14.035668847618199,14.035668847618199,14.142135623730951,14.317821063276353,14.866068747318506,14.317821063276353,12.083045973594572,11.180339887498949,7.615773105863909,4.123105625617661,1.0,2.0,3.1622776601683795,0.0,0.0,0.0,0.0,0.0,0.0,0.0,0.0,0.0,0.0,0.0,2.23606797749979,0.0,2.0,4.0,6.324555320336759,7.615773105863909,10.0,12.806248474865697,14.142135623730951,15.556349186104045,16.278820596099706,16.401219466856727,16.1245154965971,15.231546211727817,14.866068747318506,13.341664064126334,11.180339887498949,9.219544457292887,6.708203932499369,4.242640687119285,5.0990195135927845,9.219544457292887,13.45362404707371,19.4164878389476,23.323807579381203,25.553864678361276
1787404062.263077,-69,0.0,29.068883707497267,27.65863337187866,25.612496949731394,21.400934559032695,16.64331697709324,11.704699910719626,7.0710678118654755,3.605551275463989,5.0,7.280109889280518,9.486832980505138,10.198039027185569,12.165525060596439,14.035668847618199,14.0,15.132745950421556,15.297058540778355,14.560219778561036,13.601470508735444,11.704699910719626,9.486832980505138,6.082762530298219,3.0,1.0,2.23606797749979,3.605551275463989,0.0,0.0,0.0,0.0,0.0,0.0,0.0,0.0,0.0,0.0,0.0,2.23606797749979,1.4142135623730951,2.23606797749979,4.242640687119285,7.211102550927978,9.433981132056603,12.529964086141668,14.7648230602334,16.55294535724685,18.788294228055936,19.313207915827967,18.973665961010276,17.46424919657298,17.11724276862369,16.0,15.033296378372908,14.142135623730951,11.045361017187261,8.0,4.47213595499958,4.123105625617661,7.211102550927978,12.806248474865697,17.69180601295413,22.627416997969522,26.1725046566048
1787404062.279002,-71,0.0,27.294688127912362,26.30589287593181,24.331050121192877,20.396078054371138,16.76305461424021,11.180339887498949,6.4031242374328485,4.0,5.0,7.615773105863909,8.94427190999916,10.295630140987,12.206555615733702,12.806248474865697,13.45362404707371,13.45362404707371,13.601470508735444,13.038404810405298,11.661903789690601,10.816653826391969,8.06225774829855,5.0,2.23606797749979,1.4142135623730951,3.605551275463989,4.47213595499958,0.0,0.0,0.0,0.0,0.0,0.0,0.0,0.0,0.0,0.0,0.0,2.23606797749979,0.0,2.0,4.0,7.0,9.055385138137417,12.165525060596439,14.317821063276353,16.492422502470642,17.72004514666935,18.027756377319946,17.08800749063506,16.55294535724685,15.811388300841896,15.620499351813308,14.142135623730951,12.727922061357855,10.63014581273465,7.810249675906654,4.123105625617661,4.242640687119285,8.246211251235321,13.0,18.0,22.02271554554524,25.179356624028344
1787404062.5660775,-83,0.0,7.810249675906654,9.219544457292887,9.899494936611665,10.0,8.06225774829855,6.082762530298219,5.830951894845301,6.708203932499369,7.0,8.246211251235321,7.280109889280518,4.0,2.8284271247461903,4.47213595499958,6.082762530298219,8.06225774829855,9.486832980505138,9.848857801796104,9.433981132056603,7.810249675906654,5.830951894845301,4.0,3.605551275463989,4.0,5.0990195135927845,6.082762530298219,0.0,0.0,0.0,0.0,0.0,0.0,0.0,0.0,0.0,0.0,0.0,9.219544457292887,10.816653826391969,11.180339887498949,9.219544457292887,9.0,10.0,10.0,10.04987562112089,9.219544457292887,7.280109889280518,6.082762530298219,9.219544457292887,12.727922061357855,14.866068747318506,16.97056274847714,19.1049731745428,21.2602916254693,23.430749027719962,26.1725046566048,29.0,29.0,23.345235059857504,17.029386365926403,14.422205101855956,13.0,12.041594578792296
1787404063.0731282,-83,0.0,11.704699910719626,12.083045973594572,11.180339887498949,10.816653826391969,10.63014581273465,10.0,8.94427190999916,9.219544457292887,8.0,8.54400374531753,9.219544457292887,10.0,10.770329614269007,12.36931687685298,13.152946437965905,14.035668847618199,14.035668847618199,13.038404810405298,11.045361017187261,9.055385138137417,7.0710678118654755,4.123105625617661,2.23606797749979,1.0,3.0,5.0990195135927845,0.0,0.0,0.0,0.0,0.0,0.0,0.0,0.0,0.0,0.0,0.0,12.727922061357855,10.63014581273465,9.899494936611665,9.219544457292887,7.810249675906654,6.4031242374328485,5.830951894845301,5.385164807134504,6.082762530298219,5.0990195135927845,5.385164807134504,4.47213595499958,5.656854249492381,6.708203932499369,7.0710678118654755,9.055385138137417,12.041594578792296,14.035668847618199,14.0,13.0,12.0,11.0,9.0,7.0710678118654755,5.0990195135927845,3.0
1787404063.1688652,-71,0.0,21.840329667841555,20.8806130178211,19.6468827043885,19.4164878389476,19.235384061671343,18.110770276274835,16.0312195418814,14.0,12.041594578792296,10.04987562112089,9.219544457292887,8.246211251235321,8.54400374531753,7.615773105863909,7.211102550927978,7.810249675906654,8.48528137423857,9.219544457292887,8.602325267042627,10.0,9.899494936611665,9.899494936611665,9.219544457292887,9.219544457292887,8.48528137423857,8.48528137423857,0.0,0.0,0.0,0.0,0.0,0.0,0.0,0.0,0.0,0.0,0.0,6.324555320336759,5.385164807134504,6.082762530298219,7.0,7.0710678118654755,7.0710678118654755,8.06225774829855,9.055385138137417,9.055385138137417,9.0,9.0,9.0,9.055385138137417,8.246211251235321,9.486832980505138,10.770329614269007,12.083045973594572,12.083045973594572,13.0,14.317821063276353,15.231546211727817,16.15549442140351,17.46424919657298,18.788294228055936,19.697715603592208,20.248456731316587
1787404063.2010455,-86,0.0,17.4928556845359,17.204650534085253,16.64331697709324,16.401219466856727,15.620499351813308,15.620499351813308,15.620499351813308,14.142135623730951,14.142135623730951,12.041594578792296,9.899494936611665,9.219544457292887,7.810249675906654,5.656854249492381,2.23606797749979,1.4142135623730951,2.0,4.123105625617661,5.0990195135927845,4.123105625617661,4.47213595499958,5.385164807134504,6.082762530298219,5.0990195135927845,5.0990195135927845,6.324555320336759,0.0,0.0,0.0,0.0,0.0,0.0,0.0,0.0,0.0,0.0,0.0,10.63014581273465,11.40175425099138,11.40175425099138,11.661903789690601,12.083045973594572,12.649110640673518,13.601470508735444,14.560219778561036,14.560219778561036,14.560219778561036,15.524174696260024,14.560219778561036,14.317821063276353,14.317821063276353,15.0,14.866068747318506,15.0,15.264337522473747,16.55294535724685,18.027756377319946,18.681541692269406,18.439088914585774,19.4164878389476,20.223748416156685,19.1049731745428,19.1049731745428
1787404063.483996,-69,0.0,28.0178514522438,26.627053911388696,24.186773244895647,20.591260281974,16.55294535724685,11.40175425099138,7.0,4.242640687119285,5.0,6.324555320336759,8.54400374531753,10.198039027185569,11.0,13.038404810405298,13.341664064126334,14.560219778561036,14.866068747318506,15.231546211727817,14.317821063276353,13.416407864998739,11.180339887498949,7.615773105863909,4.47213595499958,2.23606797749979,1.0,1.4142135623730951,0.0,0.0,0.0,0.0,0.0,0.0,0.0,0.0,0.0,0.0,0.0,3.1622776601683795,1.4142135623730951,1.4142135623730951,3.0,4.47213595499958,5.656854249492381,7.810249675906654,11.40175425099138,13.601470508735444,15.264337522473747,16.1245154965971,16.55294535724685,15.811388300841896,15.297058540778355,15.132745950421556,14.035668847618199,13.0,10.0,7.0710678118654755,5.0,4.0,7.211102550927978,12.727922061357855,17.029386365926403,21.400934559032695,23.600847442411894
1787404063.500271,-73,0.0,25.079872407968907,24.186773244895647,22.20360331117452,18.24828759089466,14.560219778561036,9.848857801796104,5.0,3.1622776601683795,5.830951894845301,7.615773105863909,8.94427190999916,10.816653826391969,11.40175425099138,12.727922061357855,12.806248474865697,13.892443989449804,14.317821063276353,16.15549442140351,16.15549442140351,14.317821063276353,11.180339887498949,8.94427190999916,5.830951894845301,2.8284271247461903,1.4142135623730951,3.1622776601683795,0.0,0.0,0.0,0.0,0.0,0.0,0.0,0.0,0.0,0.0,0.0,3.1622776601683795,1.4142135623730951,1.0,2.0,4.123105625617661,6.708203932499369,9.848857801796104,12.083045973594572,14.7648230602334,16.1245154965971,17.0,17.204650534085253,17.804493814764857,17.69180601295413,17.029386365926403,16.401219466856727,14.422205101855956,12.206555615733702,9.219544457292887,5.0,3.1622776601683795,6.708203932499369,11.180339887498949,16.0312195418814,20.0,23.0
1787404063.6782384,-70,0.0,19.72308292331602,18.867962264113206,18.867962264113206,18.867962264113206,18.027756377319946,17.204650534085253,15.620499351813308,14.212670403551895,13.45362404707371,12.041594578792296,10.63014581273465,9.433981132056603,8.94427190999916,8.54400374531753,8.54400374531753,8.54400374531753,9.219544457292887,9.219544457292887,9.219544457292887,8.246211251235321,9.219544457292887,9.219544457292887,8.246211251235321,7.280109889280518,7.280109889280518,7.280109889280518,0.0,0.0,0.0,0.0,0.0,0.0,0.0,0.0,0.0,0.0,0.0,8.54400374531753,7.615773105863909,7.211102550927978,7.810249675906654,7.810249675906654,8.48528137423857,9.219544457292887,9.219544457292887,9.899494936611665,9.899494936611665,11.313708498984761,10.63014581273465,10.0,10.0,9.433981132056603,10.295630140987,11.661903789690601,12.083045973594572,13.416407864998739,14.317821063276353,15.652475842498529,16.55294535724685,17.46424919657298,18.788294228055936,19.235384061671343,19.72308292331602
1787404063.7739375,-70,0.0,22.20360331117452,21.633307652783937,21.633307652783937,20.591260281974,19.235384061671343,18.788294228055936,17.46424919657298,16.15549442140351,14.866068747318506,13.0,11.180339887498949,10.295630140987,10.0,9.219544457292887,9.899494936611665,9.899494936611665,9.899494936611665,9.219544457292887,9.219544457292887,10.0,10.63014581273465,9.899494936611665,9.219544457292887,8.48528137423857,7.810249675906654,7.810249675906654,0.0,0.0,0.0,0.0,0.0,0.0,0.0,0.0,0.0,0.0,0.0,9.055385138137417,8.0,8.06225774829855,7.280109889280518,8.54400374531753,8.94427190999916,9.848857801796104,10.770329614269007,10.770329614269007,10.770329614269007,10.770329614269007,10.770329614269007,11.180339887498949,11.661903789690601,12.206555615733702,12.806248474865697,14.212670403551895,14.212670403551895,15.0,16.401219466856727,16.401219466856727,17.804493814764857,19.209372712298546,21.400934559032695,22.20360331117452,22.20360331117452
1787404063.869031,-81,0.0,11.180339887498949,7.0710678118654755,3.1622776601683795,0.0,5.385164807134504,6.324555320336759,6.708203932499369,6.708203932499369,7.0710678118654755,10.0,9.219544457292887,5.830951894845301,5.385164807134504,5.0,5.385164807134504,6.708203932499369,8.246211251235321,7.0,3.0,4.242640687119285,6.4031242374328485,5.0,4.47213595499958,4.123105625617661,3.1622776601683795,4.123105625617661,0.0,0.0,0.0,0.0,0.0,0.0,0.0,0.0,0.0,0.0,0.0,14.212670403551895,14.866068747318506,13.341664064126334,12.806248474865697,16.15549442140351,18.681541692269406,20.8806130178211,17.08800749063506,12.649110640673518,13.152946437965905,13.341664064126334,11.180339887498949,9.055385138137417,7.211102550927978,7.810249675906654,7.810249675906654,6.708203932499369,7.0710678118654755,8.602325267042627,12.041594578792296,14.422205101855956,15.0,15.620499351813308,14.212670403551895,12.529964086141668,13.0
1787404063.8850503,-70,0.0,23.345235059857504,23.345235059857504,22.20360331117452,22.090722034374522,21.02379604162864,20.0,19.0,16.0312195418814,14.035668847618199,13.0,11.180339887498949,10.198039027185569,10.44030650891055,10.770329614269007,11.180339887498949,11.180339887498949,11.661903789690601,11.661903789690601,11.40175425099138,11.661903789690601,12.529964086141668,12.529964086141668,12.083045973594572,11.704699910719626,10.770329614269007,10.770329614269007,0.0,0.0,0.0,0.0,0.0,0.0,0.0,0.0,0.0,0.0,0.0,8.54400374531753,8.246211251235321,8.06225774829855,9.0,9.055385138137417,10.04987562112089,11.0,12.041594578792296,12.041594578792296,12.041594578792296,12.041594578792296,12.0,12.041594578792296,12.041594578792296,13.152946437965905,14.317821063276353,14.560219778561036,15.811388300841896,16.76305461424021,16.76305461424021,17.72004514666935,18.439088914585774,20.396078054371138,20.615528128088304,21.587033144922902,22.360679774997898
1787404063.9011767,-83,0.0,9.055385138137417,7.280109889280518,5.830951894845301,5.0,4.123105625617661,5.0,5.385164807134504,5.385164807134504,4.47213595499958,5.0990195135927845,4.123105625617661,5.0990195135927845,5.385164807134504,5.385164807134504,5.385164807134504,6.324555320336759,6.324555320336759,7.0710678118654755,7.0710678118654755,7.615773105863909,8.48528137423857,8.602325267042627,10.295630140987,10.295630140987,10.770329614269007,10.770329614269007,0.0,0.0,0.0,0.0,0.0,0.0,0.0,0.0,0.0,0.0,0.0,14.7648230602334,16.1245154965971,17.4928556845359,19.4164878389476,20.808652046684813,21.633307652783937,21.095023109728988,20.248456731316587,18.35755975068582,16.64331697709324,14.7648230602334,12.083045973594572,9.486832980505138,7.280109889280518,5.830951894845301,5.830951894845301,6.4031242374328485,7.211102550927978,10.295630140987,12.529964086141668,15.652475842498529,16.55294535724685,18.384776310850235,19.697715603592208,20.248456731316587,20.248456731316587
1787404063.9011767,-85,0.0,7.280109889280518,6.0,5.0990195135927845,5.0,5.830951894845301,7.615773105863909,8.246211251235321,8.06225774829855,9.055385138137417,9.055385138137417,9.0,9.055385138137417,9.055385138137417,8.06225774829855,7.280109889280518,6.324555320336759,5.830951894845301,5.0,5.0,5.656854249492381,4.47213595499958,5.0990195135927845,6.082762530298219,7.0710678118654755,8.0,9.0,0.0,0.0,0.0,0.0,0.0,0.0,0.0,0.0,0.0,0.0,0.0,10.44030650891055,11.40175425099138,12.165525060596439,14.142135623730951,15.132745950421556,16.0312195418814,17.0,17.029386365926403,17.029386365926403,16.1245154965971,15.132745950421556,14.142135623730951,12.041594578792296,10.0,9.219544457292887,8.06225774829855,9.219544457292887,10.295630140987,13.0,14.560219778561036,16.492422502470642,17.46424919657298,18.439088914585774,18.439088914585774,19.4164878389476,18.439088914585774
1787404063.9926913,-69,0.0,16.278820596099706,16.278820596099706,16.97056274847714,16.278820596099706,14.866068747318506,13.601470508735444,12.529964086141668,10.770329614269007,9.848857801796104,8.06225774829855,7.615773105863909,6.4031242374328485,7.211102550927978,6.324555320336759,7.280109889280518,8.246211251235321,6.082762530298219,4.123105625617661,8.06225774829855,13.601470508735444,16.278820596099706,12.806248474865697,7.810249675906654,8.94427190999916,10.816653826391969,7.0710678118654755,0.0,0.0,0.0,0.0,0.0,0.0,0.0,0.0,0.0,0.0,0.0,5.0,5.0,5.0,5.0,5.830951894845301,6.4031242374328485,7.211102550927978,7.810249675906654,7.810249675906654,7.810249675906654,7.810249675906654,6.4031242374328485,7.0710678118654755,7.211102550927978,8.06225774829855,8.06225774829855,8.94427190999916,8.94427190999916,10.295630140987,11.180339887498949,12.083045973594572,13.416407864998739,14.7648230602334,15.264337522473747,17.204650534085253,16.401219466856727
1787404064.1060054,-82,0.0,19.235384061671343,21.095023109728988,20.248456731316587,18.027756377319946,17.204650534085253,16.401219466856727,13.45362404707371,12.727922061357855,11.313708498984761,10.63014581273465,11.40175425099138,12.083045973594572,10.44030650891055,8.06225774829855,5.385164807134504,6.324555320336759,9.219544457292887,11.180339887498949,11.661903789690601,11.661903789690601,9.848857801796104,9.848857801796104,8.54400374531753,8.06225774829855,7.211102550927978,5.656854249492381,0.0,0.0,0.0,0.0,0.0,0.0,0.0,0.0,0.0,0.0,0.0,12.649110640673518,13.416407864998739,14.422205101855956,15.620499351813308,15.620499351813308,13.601470508735444,10.816653826391969,9.219544457292887,7.211102550927978,5.656854249492381,5.0990195135927845,4.47213595499958,4.242640687119285,5.385164807134504,7.280109889280518,10.04987562112089,12.0,10.04987562112089,9.055385138137417,7.280109889280518,4.47213595499958,3.0,5.830951894845301,8.94427190999916,13.892443989449804,17.4928556845359
1787404064.1377938,-81,0.0,21.02379604162864,20.248456731316587,20.248456731316587,20.248456731316587,18.973665961010276,17.72004514666935,16.492422502470642,15.524174696260024,13.601470508735444,13.341664064126334,13.152946437965905,9.055385138137417,5.0990195135927845,3.1622776601683795,3.605551275463989,6.324555320336759,9.219544457292887,11.045361017187261,13.038404810405298,15.132745950421556,16.278820596099706,16.1245154965971,14.0,13.038404810405298,10.44030650891055,8.06225774829855,0.0,0.0,0.0,0.0,0.0,0.0,0.0,0.0,0.0,0.0,0.0,14.142135623730951,13.038404810405298,14.866068747318506,16.492422502470642,15.297058540778355,12.36931687685298,10.44030650891055,8.54400374531753,4.123105625617661,2.23606797749979,4.0,4.0,4.123105625617661,7.0710678118654755,10.816653826391969,12.529964086141668,13.038404810405298,14.212670403551895,13.45362404707371,10.0,7.810249675906654,4.123105625617661,4.47213595499958,8.0,12.041594578792296,15.033296378372908
1787404064.1857443,-81,0.0,15.297058540778355,14.317821063276353,15.811388300841896,16.76305461424021,16.492422502470642,17.46424919657298,17.46424919657298,14.560219778561036,12.649110640673518,12.36931687685298,11.40175425099138,9.219544457292887,7.280109889280518,4.47213595499958,3.0,5.830951894845301,9.219544457292887,12.165525060596439,14.142135623730951,14.317821063276353,14.560219778561036,12.165525060596439,11.0,9.055385138137417,7.0710678118654755,5.0,0.0,0.0,0.0,0.0,0.0,0.0,0.0,0.0,0.0,0.0,0.0,11.180339887498949,11.704699910719626,13.0,13.416407864998739,13.892443989449804,13.416407864998739,11.180339887498949,8.94427190999916,5.830951894845301,4.242640687119285,2.23606797749979,2.23606797749979,4.123105625617661,6.324555320336759,8.06225774829855,9.055385138137417,10.0,9.219544457292887,8.246211251235321,8.246211251235321,5.0990195135927845,1.4142135623730951,2.23606797749979,5.656854249492381,8.94427190999916,10.770329614269007
1787404064.2018228,-81,0.0,14.035668847618199,16.0,18.0,20.024984394500787,21.095023109728988,20.024984394500787,19.1049731745428,18.110770276274835,16.0312195418814,13.038404810405298,12.041594578792296,10.04987562112089,7.0,4.123105625617661,3.1622776601683795,5.830951894845301,7.211102550927978,10.295630140987,13.416407864998739,15.231546211727817,16.55294535724685,16.1245154965971,14.317821063276353,11.704699910719626,8.246211251235321,6.324555320336759,0.0,0.0,0.0,0.0,0.0,0.0,0.0,0.0,0.0,0.0,0.0,13.038404810405298,12.206555615733702,13.45362404707371,14.866068747318506,14.212670403551895,12.806248474865697,10.63014581273465,7.810249675906654,6.4031242374328485,3.1622776601683795,2.8284271247461903,3.605551275463989,4.123105625617661,7.0,9.219544457292887,10.198039027185569,11.0,10.04987562112089,9.0,6.0,3.1622776601683795,1.0,2.0,6.0,9.055385138137417,11.0
1787404064.2018228,-82,0.0,16.15549442140351,17.08800749063506,17.08800749063506,16.76305461424021,17.72004514666935,16.76305461424021,15.524174696260024,15.297058540778355,14.317821063276353,12.36931687685298,10.198039027185569,8.06225774829855,7.0710678118654755,3.1622776601683795,2.23606797749979,5.830951894845301,10.44030650891055,12.041594578792296,14.0,15.033296378372908,16.0312195418814,16.0312195418814,16.0312195418814,14.035668847618199,10.0,8.06225774829855,0.0,0.0,0.0,0.0,0.0,0.0,0.0,0.0,0.0,0.0,0.0,14.035668847618199,12.165525060596439,13.601470508735444,15.231546211727817,14.317821063276353,12.529964086141668,9.848857801796104,7.615773105863909,5.385164807134504,3.605551275463989,3.1622776601683795,5.0,5.656854249492381,5.830951894845301,8.94427190999916,11.180339887498949,12.529964086141668,11.661903789690601,10.816653826391969,9.219544457292887,7.0710678118654755,3.605551275463989,3.0,5.0990195135927845,8.94427190999916,12.529964086141668
1787404064.2176695,-82,0.0,17.88854381999832,17.4928556845359,17.4928556845359,18.35755975068582,18.35755975068582,17.4928556845359,17.0,15.652475842498529,13.892443989449804,13.038404810405298,11.40175425099138,10.0,7.211102550927978,4.123105625617661,1.0,6.4031242374328485,10.63014581273465,13.45362404707371,15.556349186104045,17.029386365926403,15.811388300841896,15.0,13.601470508735444,10.816653826391969,7.280109889280518,5.0,0.0,0.0,0.0,0.0,0.0,0.0,0.0,0.0,0.0,0.0,0.0,13.341664064126334,13.152946437965905,14.0,15.0,15.033296378372908,14.0,12.0,9.0,7.0,5.0990195135927845,4.242640687119285,5.0990195135927845,6.0,6.082762530298219,7.615773105863909,10.816653826391969,11.661903789690601,11.180339887498949,8.54400374531753,7.280109889280518,4.123105625617661,1.4142135623730951,2.8284271247461903,5.830951894845301,9.433981132056603,11.40175425099138
1787404064.2176695,-82,0.0,15.524174696260024,13.92838827718412,15.524174696260024,18.439088914585774,18.439088914585774,16.492422502470642,15.297058540778355,13.341664064126334,12.649110640673518,11.704699910719626,9.219544457292887,7.0710678118654755,5.0990195135927845,2.0,1.4142135623730951,5.385164807134504,9.486832980505138,11.704699910719626,14.560219778561036,15.297058540778355,15.297058540778355,15.132745950421556,14.0,11.0,9.0,8.06225774829855,0.0,0.0,0.0,0.0,0.0,0.0,0.0,0.0,0.0,0.0,0.0,13.601470508735444,13.152946437965905,14.035668847618199,15.033296378372908,15.0,13.152946437965905,11.40175425099138,9.219544457292887,7.0,4.47213595499958,3.605551275463989,3.1622776601683795,4.0,5.0990195135927845,7.280109889280518,9.848857801796104,10.295630140987,9.848857801796104,9.219544457292887,7.0710678118654755,2.23606797749979,2.23606797749979,3.605551275463989,5.0990195135927845,8.246211251235321,10.770329614269007
1787404064.2176695,-81,0.0,18.027756377319946,17.46424919657298,18.027756377319946,18.973665961010276,18.973665961010276,19.6468827043885,18.439088914585774,16.76305461424021,16.15549442140351,14.866068747318506,11.704699910719626,8.94427190999916,6.708203932499369,4.123105625617661,2.23606797749979,8.06225774829855,11.661903789690601,13.416407864998739,16.15549442140351,18.384776310850235,18.973665961010276,18.681541692269406,18.24828759089466,16.0312195418814,13.0,10.04987562112089,0.0,0.0,0.0,0.0,0.0,0.0,0.0,0.0,0.0,0.0,0.0,14.866068747318506,15.297058540778355,17.11724276862369,18.110770276274835,17.029386365926403,16.0312195418814,14.035668847618199,11.0,8.246211251235321,6.708203932499369,5.656854249492381,5.385164807134504,6.082762530298219,7.0710678118654755,8.54400374531753,11.661903789690601,13.416407864998739,12.083045973594572,10.770329614269007,8.246211251235321,5.0,1.0,3.0,5.0990195135927845,8.246211251235321,11.704699910719626
1787404064.405855,-70,0.0,20.615528128088304,20.8806130178211,19.6468827043885,18.681541692269406,18.027756377319946,17.46424919657298,15.652475842498529,14.317821063276353,13.0,10.770329614269007,9.219544457292887,9.219544457292887,9.055385138137417,9.0,8.0,8.0,8.06225774829855,8.246211251235321,9.219544457292887,10.198039027185569,10.198039027185569,10.04987562112089,10.0,9.0,9.0,8.0,0.0,0.0,0.0,0.0,0.0,0.0,0.0,0.0,0.0,0.0,0.0,6.708203932499369,6.708203932499369,6.324555320336759,7.280109889280518,8.246211251235321,8.246211251235321,8.246211251235321,9.219544457292887,9.219544457292887,9.219544457292887,9.219544457292887,10.198039027185569,10.198039027185569,11.180339887498949,12.165525060596439,13.038404810405298,13.0,14.0,14.035668847618199,15.033296378372908,16.0312195418814,17.0,18.027756377319946,20.09975124224178,21.095023109728988,22.090722034374522
1787404064.6023004,-69,0.0,27.892651361962706,27.892651361962706,25.0,21.840329667841555,17.46424919657298,11.661903789690601,6.4031242374328485,3.0,5.385164807134504,7.280109889280518,10.198039027185569,11.40175425099138,12.649110640673518,14.317821063276353,15.652475842498529,16.1245154965971,15.811388300841896,15.0,13.45362404707371,12.041594578792296,9.219544457292887,6.4031242374328485,2.8284271247461903,0.0,2.23606797749979,3.605551275463989,0.0,0.0,0.0,0.0,0.0,0.0,0.0,0.0,0.0,0.0,0.0,2.23606797749979,0.0,2.0,4.0,6.082762530298219,7.0710678118654755,9.848857801796104,13.416407864998739,15.231546211727817,17.46424919657298,18.384776310850235,17.88854381999832,17.4928556845359,16.401219466856727,16.278820596099706,15.556349186104045,13.45362404707371,10.63014581273465,7.0710678118654755,3.605551275463989,2.23606797749979,6.082762530298219,11.0,16.1245154965971,21.37755832643195,24.515301344262525
1787404064.7195387,-69,0.0,26.570660511172846,25.632011235952593,23.40939982143925,19.6468827043885,15.132745950421556,10.0,7.615773105863909,5.0,6.0,8.54400374531753,10.816653826391969,11.661903789690601,12.083045973594572,14.317821063276353,15.811388300841896,16.76305461424021,16.278820596099706,15.132745950421556,14.142135623730951,13.038404810405298,10.04987562112089,7.0,4.0,1.4142135623730951,2.23606797749979,3.605551275463989,0.0,0.0,0.0,0.0,0.0,0.0,0.0,0.0,0.0,0.0,0.0,3.1622776601683795,2.0,1.0,2.8284271247461903,4.47213595499958,6.708203932499369,9.486832980505138,12.649110640673518,14.866068747318506,15.811388300841896,16.76305461424021,17.72004514666935,16.278820596099706,15.033296378372908,14.035668847618199,14.142135623730951,12.165525060596439,10.198039027185569,7.0710678118654755,3.0,2.0,6.4031242374328485,10.816653826391969,17.4928556845359,21.470910553583888,25.059928172283335
1787404064.8189533,-71,0.0,25.96150997149434,24.041630560342615,21.840329667841555,19.4164878389476,15.132745950421556,10.04987562112089,7.211102550927978,5.0990195135927845,6.324555320336759,8.602325267042627,10.0,11.661903789690601,13.0,14.866068747318506,15.524174696260024,16.278820596099706,16.1245154965971,15.033296378372908,14.0,12.0,10.0,7.0,4.0,1.0,1.0,2.23606797749979,0.0,0.0,0.0,0.0,0.0,0.0,0.0,0.0,0.0,0.0,0.0,2.8284271247461903,1.4142135623730951,1.4142135623730951,2.23606797749979,3.605551275463989,6.4031242374328485,9.219544457292887,12.727922061357855,14.866068747318506,17.029386365926403,17.029386365926403,17.804493814764857,17.204650534085253,17.0,15.231546211727817,14.560219778561036,13.341664064126334,11.40175425099138,7.615773105863909,3.605551275463989,3.605551275463989,7.211102550927978,12.083045973594572,16.76305461424021,20.8806130178211,23.769728648009426
1787404065.0379732,-72,0.0,27.202941017470888,26.248809496813376,24.351591323771842,21.540659228538015,17.0,12.041594578792296,7.211102550927978,5.0990195135927845,5.830951894845301,8.246211251235321,10.198039027185569,11.704699910719626,13.0,14.7648230602334,14.7648230602334,15.811388300841896,15.0,14.866068747318506,14.212670403551895,12.806248474865697,10.63014581273465,7.810249675906654,5.0,2.23606797749979,1.4142135623730951,2.23606797749979,0.0,0.0,0.0,0.0,0.0,0.0,0.0,0.0,0.0,0.0,0.0,2.8284271247461903,1.4142135623730951,0.0,2.0,4.0,7.0710678118654755,9.219544457292887,11.40175425099138,14.560219778561036,15.811388300841896,16.76305461424021,16.15549442140351,16.1245154965971,15.811388300841896,15.620499351813308,14.142135623730951,12.806248474865697,10.63014581273465,7.810249675906654,3.605551275463989,2.23606797749979,7.0,11.180339887498949,16.492422502470642,21.587033144922902,25.0
1787404065.121182,-69,0.0,31.622776601683793,31.064449134018133,29.410882339705484,24.20743687382041,18.384776310850235,13.892443989449804,9.219544457292887,7.280109889280518,8.06225774829855,11.40175425099138,13.152946437965905,14.317821063276353,15.524174696260024,16.76305461424021,17.46424919657298,17.88854381999832,17.204650534085253,16.401219466856727,14.866068747318506,12.727922061357855,10.0,7.211102550927978,3.1622776601683795,2.23606797749979,3.605551275463989,5.0,0.0,0.0,0.0,0.0,0.0,0.0,0.0,0.0,0.0,0.0,0.0,1.0,1.4142135623730951,3.0,4.0,5.830951894845301,7.810249675906654,10.816653826391969,14.7648230602334,17.46424919657298,19.313207915827967,19.924858845171276,20.396078054371138,19.1049731745428,19.0,19.1049731745428,18.439088914585774,16.492422502470642,13.341664064126334,10.04987562112089,6.082762530298219,4.47213595499958,8.06225774829855,13.0,19.235384061671343,25.553864678361276,28.0178514522438
1787404065.1243715,-69,0.0,27.586228448267445,26.90724809414742,24.758836806279895,20.518284528683193,17.204650534085253,13.0,8.06225774829855,5.830951894845301,7.280109889280518,9.055385138137417,10.0,12.0,13.038404810405298,13.152946437965905,14.317821063276353,13.92838827718412,13.416407864998739,13.038404810405298,11.661903789690601,10.0,9.219544457292887,6.4031242374328485,3.605551275463989,2.23606797749979,2.23606797749979,4.0,0.0,0.0,0.0,0.0,0.0,0.0,0.0,0.0,0.0,0.0,0.0,3.0,2.23606797749979,2.0,3.605551275463989,5.656854249492381,6.4031242374328485,8.94427190999916,10.770329614269007,13.92838827718412,15.524174696260024,16.492422502470642,17.11724276862369,16.0,16.1245154965971,14.317821063276353,13.601470508735444,12.36931687685298,10.198039027185569,8.06225774829855,5.0990195135927845,4.123105625617661,8.54400374531753,12.529964086141668,18.027756377319946,23.021728866442675,25.80697580112788
1787404065.3262875,-69,0.0,25.709920264364882,25.709920264364882,23.769728648009426,20.8806130178211,16.15549442140351,11.661903789690601,7.211102550927978,4.123105625617661,6.4031242374328485,7.615773105863909,8.94427190999916,10.295630140987,12.206555615733702,13.601470508735444,13.45362404707371,14.866068747318506,15.0,14.422205101855956,13.892443989449804,12.529964086141668,10.295630140987,7.810249675906654,4.242640687119285,2.0,2.23606797749979,4.0,0.0,0.0,0.0,0.0,0.0,0.0,0.0,0.0,0.0,0.0,0.0,3.0,1.4142135623730951,2.23606797749979,3.1622776601683795,6.082762530298219,8.246211251235321,10.44030650891055,12.649110640673518,14.866068747318506,17.08800749063506,17.46424919657298,17.88854381999832,17.4928556845359,17.204650534085253,17.029386365926403,15.556349186104045,13.45362404707371,10.63014581273465,7.0710678118654755,3.605551275463989,2.8284271247461903,7.0710678118654755,12.041594578792296,17.11724276862369,21.37755832643195,23.53720459187964
1787404065.3895378,-68,0.0,25.079872407968907,26.019223662515376,24.020824298928627,21.02379604162864,16.0312195418814,11.180339887498949,6.708203932499369,4.123105625617661,5.830951894845301,7.0710678118654755,9.219544457292887,9.899494936611665,11.40175425099138,13.038404810405298,14.7648230602334,15.652475842498529,16.15549442140351,15.524174696260024,14.560219778561036,12.36931687685298,11.40175425099138,8.54400374531753,5.385164807134504,2.23606797749979,2.23606797749979,3.1622776601683795,0.0,0.0,0.0,0.0,0.0,0.0,0.0,0.0,0.0,0.0,0.0,2.8284271247461903,1.4142135623730951,0.0,2.0,5.0990195135927845,6.324555320336759,8.94427190999916,11.661903789690601,15.264337522473747,16.64331697709324,18.027756377319946,17.804493814764857,17.69180601295413,16.97056274847714,16.401219466856727,15.811388300841896,13.892443989449804,11.661903789690601,8.602325267042627,5.0,3.1622776601683795,6.708203932499369,11.40175425099138,16.1245154965971,21.095023109728988,24.08318915758459
1787404065.563532,-68,0.0,27.294688127912362,26.832815729997478,25.495097567963924,21.95449840010015,15.811388300841896,9.899494936611665,5.385164807134504,4.242640687119285,7.0710678118654755,9.0,12.0,14.035668847618199,16.278820596099706,17.72004514666935,18.973665961010276,19.697715603592208,21.02379604162864,19.235384061671343,17.0,14.7648230602334,12.529964086141668,9.486832980505138,5.0990195135927845,2.0,1.4142135623730951,2.8284271247461903,0.0,0.0,0.0,0.0,0.0,0.0,0.0,0.0,0.0,0.0,0.0,3.605551275463989,1.4142135623730951,1.0,4.0,6.0,8.06225774829855,11.180339887498949,13.341664064126334,16.278820596099706,19.235384061671343,20.223748416156685,21.37755832643195,20.396078054371138,18.681541692269406,17.08800749063506,15.652475842498529,13.892443989449804,11.180339887498949,8.54400374531753,5.0,3.605551275463989,7.0,12.36931687685298,18.027756377319946,23.769728648009426,27.313000567495326
1787404065.659162,-81,0.0,13.0,13.038404810405298,13.152946437965905,14.560219778561036,16.492422502470642,18.24828759089466,17.26267650163207,13.152946437965905,11.0,10.44030650891055,8.94427190999916,6.4031242374328485,8.06225774829855,8.0,10.0,13.0,14.0,15.033296378372908,17.11724276862369,18.110770276274835,18.439088914585774,17.72004514666935,15.811388300841896,13.0,9.219544457292887,7.211102550927978,0.0,0.0,0.0,0.0,0.0,0.0,0.0,0.0,0.0,0.0,0.0,5.0,3.605551275463989,4.47213595499958,7.615773105863909,8.54400374531753,6.708203932499369,6.4031242374328485,7.810249675906654,5.830951894845301,2.8284271247461903,2.0,6.082762530298219,10.04987562112089,15.0,19.026297590440446,20.09975124224178,20.223748416156685,19.6468827043885,17.08800749063506,13.92838827718412,8.54400374531753,5.0990195135927845,6.4031242374328485,8.246211251235321,9.055385138137417,10.198039027185569
1787404066.3457983,-70,0.0,21.18962010041709,20.8806130178211,20.8806130178211,19.6468827043885,19.235384061671343,18.24828759089466,16.1245154965971,14.035668847618199,13.038404810405298,12.165525060596439,11.40175425099138,9.486832980505138,8.54400374531753,8.94427190999916,9.433981132056603,8.602325267042627,8.602325267042627,8.48528137423857,8.48528137423857,8.48528137423857,9.219544457292887,9.219544457292887,9.219544457292887,8.48528137423857,7.810249675906654,7.810249675906654,0.0,0.0,0.0,0.0,0.0,0.0,0.0,0.0,0.0,0.0,0.0,5.385164807134504,5.0990195135927845,5.0990195135927845,6.0,6.082762530298219,7.0710678118654755,7.0710678118654755,8.06225774829855,9.055385138137417,9.055385138137417,9.0,9.055385138137417,8.246211251235321,9.219544457292887,9.486832980505138,10.770329614269007,11.180339887498949,12.083045973594572,14.317821063276353,14.7648230602334,14.7648230602334,15.652475842498529,16.55294535724685,18.788294228055936,20.615528128088304,20.615528128088304
1787404066.6587229,-68,0.0,27.892651361962706,26.92582403567252,25.0,21.18962010041709,16.55294535724685,11.40175425099138,7.211102550927978,5.0990195135927845,6.4031242374328485,8.54400374531753,9.486832980505138,11.180339887498949,11.661903789690601,12.206555615733702,13.45362404707371,14.142135623730951,14.212670403551895,13.038404810405298,12.529964086141668,10.295630140987,7.615773105863909,5.0990195135927845,2.0,2.0,4.123105625617661,5.385164807134504,0.0,0.0,0.0,0.0,0.0,0.0,0.0,0.0,0.0,0.0,0.0,2.23606797749979,3.0,3.605551275463989,3.605551275463989,5.0990195135927845,7.0710678118654755,9.486832980505138,12.649110640673518,15.231546211727817,17.46424919657298,18.788294228055936,18.35755975068582,17.204650534085253,17.69180601295413,16.97056274847714,16.278820596099706,14.866068747318506,12.041594578792296,9.219544457292887,5.830951894845301,3.605551275463989,7.280109889280518,12.0,18.027756377319946,22.20360331117452,25.317977802344327
1787404066.8895128,-72,0.0,27.073972741361768,25.079872407968907,23.021728866442675,20.0,16.278820596099706,12.083045973594572,7.810249675906654,6.0,7.810249675906654,9.219544457292887,10.63014581273465,11.313708498984761,11.40175425099138,12.529964086141668,13.0,12.36931687685298,13.152946437965905,12.0,12.041594578792296,10.198039027185569,8.06225774829855,6.082762530298219,3.1622776601683795,1.0,3.0,5.0990195135927845,0.0,0.0,0.0,0.0,0.0,0.0,0.0,0.0,0.0,0.0,0.0,2.0,1.0,2.23606797749979,4.0,6.0,8.06225774829855,11.180339887498949,13.601470508735444,16.15549442140351,17.46424919657298,17.88854381999832,17.4928556845359,17.804493814764857,17.69180601295413,17.029386365926403,15.811388300841896,15.264337522473747,12.206555615733702,9.219544457292887,5.830951894845301,4.47213595499958,6.708203932499369,11.40175425099138,16.278820596099706,21.213203435596427,23.08679276123039
1787404067.0718262,-88,0.0,15.811388300841896,16.492422502470642,16.492422502470642,15.297058540778355,15.132745950421556,16.0312195418814,16.0312195418814,16.0,15.033296378372908,15.0,14.0,12.0,12.041594578792296,12.165525060596439,10.198039027185569,9.219544457292887,8.54400374531753,8.94427190999916,8.06225774829855,8.06225774829855,8.94427190999916,8.94427190999916,8.06225774829855,8.602325267042627,8.06225774829855,8.06225774829855,0.0,0.0,0.0,0.0,0.0,0.0,0.0,0.0,0.0,0.0,0.0,5.0990195135927845,6.324555320336759,6.708203932499369,7.211102550927978,8.602325267042627,9.219544457292887,9.899494936611665,10.63014581273465,9.219544457292887,9.219544457292887,9.219544457292887,10.63014581273465,10.63014581273465,10.63014581273465,9.899494936611665,8.48528137423857,7.810249675906654,7.211102550927978,7.280109889280518,7.0710678118654755,7.0710678118654755,8.246211251235321,9.848857801796104,11.180339887498949,12.083045973594572,13.416407864998739
1787404067.2078557,-71,0.0,24.351591323771842,23.08679276123039,22.135943621178654,19.924858845171276,16.278820596099706,13.038404810405298,9.219544457292887,6.4031242374328485,6.708203932499369,8.06225774829855,9.055385138137417,11.045361017187261,12.165525060596439,13.341664064126334,13.601470508735444,13.92838827718412,13.416407864998739,12.206555615733702,11.40175425099138,10.0,7.810249675906654,5.656854249492381,2.23606797749979,1.0,3.1622776601683795,2.8284271247461903,0.0,0.0,0.0,0.0,0.0,0.0,0.0,0.0,0.0,0.0,0.0,3.0,1.0,1.0,3.1622776601683795,5.385164807134504,6.324555320336759,8.06225774829855,10.04987562112089,12.165525060596439,14.317821063276353,14.560219778561036,14.317821063276353,15.264337522473747,15.0,14.142135623730951,13.45362404707371,12.206555615733702,10.816653826391969,9.219544457292887,7.211102550927978,5.0,7.0710678118654755,11.661903789690601,16.55294535724685,19.313207915827967,21.540659228538015
1787404067.2279747,-69,0.0,27.784887978899608,26.92582403567252,24.698178070456937,21.633307652783937,17.69180601295413,13.601470508735444,9.848857801796104,7.0710678118654755,7.211102550927978,8.48528137423857,10.0,11.661903789690601,13.601470508735444,14.212670403551895,15.556349186104045,15.620499351813308,15.811388300841896,15.264337522473747,13.892443989449804,12.083045973594572,8.94427190999916,5.830951894845301,3.605551275463989,0.0,2.23606797749979,4.47213595499958,0.0,0.0,0.0,0.0,0.0,0.0,0.0,0.0,0.0,0.0,0.0,2.23606797749979,1.0,2.0,4.123105625617661,5.385164807134504,6.4031242374328485,7.810249675906654,10.0,13.038404810405298,14.7648230602334,15.652475842498529,15.811388300841896,15.297058540778355,15.033296378372908,15.132745950421556,14.317821063276353,13.341664064126334,11.180339887498949,8.06225774829855,4.0,4.47213595499958,8.0,12.649110640673518,17.0,21.95449840010015,24.186773244895647
1787404067.4498458,-69,0.0,26.476404589747453,25.495097567963924,24.331050121192877,21.095023109728988,17.029386365926403,13.152946437965905,8.94427190999916,6.4031242374328485,6.082762530298219,7.0710678118654755,8.246211251235321,10.198039027185569,12.165525060596439,14.0,16.0312195418814,16.1245154965971,17.11724276862369,16.492422502470642,16.492422502470642,14.560219778561036,12.165525060596439,9.055385138137417,6.0,4.123105625617661,1.4142135623730951,2.23606797749979,0.0,0.0,0.0,0.0,0.0,0.0,0.0,0.0,0.0,0.0,0.0,2.8284271247461903,1.0,1.0,1.0,3.1622776601683795,6.0,8.246211251235321,11.704699910719626,13.416407864998739,14.317821063276353,16.15549442140351,16.55294535724685,15.264337522473747,14.212670403551895,12.727922061357855,12.806248474865697,10.816653826391969,8.94427190999916,5.830951894845301,2.8284271247461903,2.23606797749979,6.0,10.04987562112089,15.132745950421556,19.235384061671343,22.20360331117452
1787404067.520691,-71,0.0,26.90724809414742,26.90724809414742,24.839484696748443,22.02271554554524,18.027756377319946,13.416407864998739,9.219544457292887,5.385164807134504,5.830951894845301,7.280109889280518,8.246211251235321,10.198039027185569,11.704699910719626,13.0,13.416407864998739,14.422205101855956,15.0,15.0,14.212670403551895,13.45362404707371,10.63014581273465,8.48528137423857,5.656854249492381,2.8284271247461903,0.0,2.0,0.0,0.0,0.0,0.0,0.0,0.0,0.0,0.0,0.0,0.0,0.0,3.0,1.0,1.0,2.23606797749979,5.0,7.0710678118654755,9.219544457292887,12.806248474865697,15.0,16.64331697709324,17.0,16.55294535724685,16.15549442140351,15.811388300841896,15.297058540778355,14.142135623730951,12.041594578792296,10.04987562112089,7.0710678118654755,4.47213595499958,4.0,7.211102550927978,11.313708498984761,16.97056274847714,20.518284528683193,23.345235059857504
1787404068.1799445,-79,0.0,16.278820596099706,16.278820596099706,16.492422502470642,16.492422502470642,15.524174696260024,13.92838827718412,11.704699910719626,9.848857801796104,7.211102550927978,5.0,3.1622776601683795,2.23606797749979,2.8284271247461903,3.1622776601683795,3.0,3.0,2.0,1.0,1.0,1.4142135623730951,2.23606797749979,3.605551275463989,3.605551275463989,4.242640687119285,5.0,5.0,0.0,0.0,0.0,0.0,0.0,0.0,0.0,0.0,0.0,0.0,0.0,6.708203932499369,6.324555320336759,5.830951894845301,4.47213595499958,4.242640687119285,3.0,3.605551275463989,5.385164807134504,8.94427190999916,11.704699910719626,14.317821063276353,15.652475842498529,17.0,18.35755975068582,18.027756377319946,17.804493814764857,17.029386365926403,16.278820596099706,14.866068747318506,12.727922061357855,10.63014581273465,9.219544457292887,8.06225774829855,6.708203932499369,6.708203932499369,5.385164807134504
1787404068.1819737,-70,0.0,21.540659228538015,21.18962010041709,21.18962010041709,19.924858845171276,18.681541692269406,18.439088914585774,16.1245154965971,14.142135623730951,12.165525060596439,10.198039027185569,8.54400374531753,8.94427190999916,8.602325267042627,9.219544457292887,9.219544457292887,9.219544457292887,9.219544457292887,10.0,10.816653826391969,10.816653826391969,10.63014581273465,9.899494936611665,9.219544457292887,9.219544457292887,7.810249675906654,7.810249675906654,0.0,0.0,0.0,0.0,0.0,0.0,0.0,0.0,0.0,0.0,0.0,6.4031242374328485,5.830951894845301,6.082762530298219,6.0,6.0,7.0710678118654755,8.06225774829855,8.0,8.0,9.0,9.0,9.055385138137417,8.06225774829855,9.219544457292887,9.486832980505138,9.848857801796104,11.180339887498949,12.529964086141668,13.416407864998739,14.7648230602334,14.7648230602334,16.1245154965971,18.35755975068582,18.788294228055936,19.697715603592208,21.02379604162864
1787404068.2292356,-80,0.0,9.848857801796104,12.649110640673518,14.560219778561036,14.866068747318506,13.601470508735444,13.341664064126334,12.649110640673518,11.704699910719626,12.649110640673518,12.649110640673518,10.770329614269007,9.848857801796104,8.246211251235321,7.0710678118654755,5.0,3.0,3.1622776601683795,1.4142135623730951,1.0,2.0,3.605551275463989,4.47213595499958,5.0990195135927845,5.385164807134504,6.708203932499369,7.810249675906654,0.0,0.0,0.0,0.0,0.0,0.0,0.0,0.0,0.0,0.0,0.0,13.341664064126334,14.317821063276353,14.317821063276353,14.317821063276353,14.142135623730951,15.524174696260024,15.524174696260024,14.560219778561036,13.92838827718412,13.416407864998739,14.7648230602334,14.422205101855956,13.601470508735444,12.041594578792296,12.041594578792296,11.40175425099138,9.848857801796104,9.219544457292887,9.219544457292887,9.848857801796104,10.770329614269007,10.295630140987,9.219544457292887,7.280109889280518,7.280109889280518,7.810249675906654
1787404068.2292356,-81,0.0,13.038404810405298,16.278820596099706,16.492422502470642,15.132745950421556,17.029386365926403,17.029386365926403,17.11724276862369,15.132745950421556,13.038404810405298,11.0,11.045361017187261,10.44030650891055,8.06225774829855,7.0,6.324555320336759,4.47213595499958,3.0,2.23606797749979,3.0,4.0,2.0,3.0,5.0990195135927845,6.0,6.082762530298219,7.615773105863909,0.0,0.0,0.0,0.0,0.0,0.0,0.0,0.0,0.0,0.0,0.0,15.132745950421556,16.76305461424021,20.248456731316587,19.924858845171276,20.248456731316587,19.313207915827967,18.384776310850235,17.08800749063506,16.76305461424021,16.278820596099706,16.0312195418814,16.278820596099706,14.142135623730951,13.341664064126334,13.601470508735444,14.866068747318506,13.416407864998739,11.661903789690601,11.40175425099138,12.206555615733702,11.661903789690601,13.038404810405298,12.083045973594572,8.246211251235321,6.324555320336759,8.602325267042627
1787404068.27673,-78,0.0,12.206555615733702,12.041594578792296,13.0,13.341664064126334,14.0,14.317821063276353,13.601470508735444,12.083045973594572,10.816653826391969,8.602325267042627,5.0,2.8284271247461903,2.0,2.0,3.1622776601683795,5.0,5.0990195135927845,5.0,4.123105625617661,5.385164807134504,5.0,5.830951894845301,5.385164807134504,5.0990195135927845,5.0990195135927845,4.123105625617661,0.0,0.0,0.0,0.0,0.0,0.0,0.0,0.0,0.0,0.0,0.0,11.704699910719626,12.36931687685298,10.04987562112089,7.0710678118654755,3.1622776601683795,1.0,2.23606797749979,7.280109889280518,11.704699910719626,14.866068747318506,17.88854381999832,20.591260281974,24.698178070456937,27.459060435491963,28.600699292150182,28.319604517012593,26.1725046566048,24.839484696748443,22.80350850198276,19.209372712298546,14.212670403551895,7.211102550927978,3.605551275463989,8.06225774829855,12.041594578792296,11.045361017187261
1787404068.3479679,-72,0.0,25.298221281347036,23.08679276123039,20.8806130178211,18.681541692269406,15.297058540778355,11.0,6.324555320336759,4.47213595499958,4.123105625617661,5.830951894845301,7.211102550927978,8.94427190999916,10.44030650891055,12.36931687685298,14.142135623730951,15.0,16.0,16.0312195418814,16.1245154965971,14.035668847618199,11.0,8.06225774829855,4.123105625617661,1.4142135623730951,2.23606797749979,3.605551275463989,0.0,0.0,0.0,0.0,0.0,0.0,0.0,0.0,0.0,0.0,0.0,2.0,1.4142135623730951,2.0,4.123105625617661,5.830951894845301,8.06225774829855,10.816653826391969,12.806248474865697,14.866068747318506,16.97056274847714,18.384776310850235,18.439088914585774,17.204650534085253,16.64331697709324,15.652475842498529,14.866068747318506,12.649110640673518,10.44030650891055,8.54400374531753,5.0,3.0,5.656854249492381,9.433981132056603,14.317821063276353,18.384776310850235,21.540659228538015
1787404068.4068835,-78,0.0,13.038404810405298,13.038404810405298,12.36931687685298,12.529964086141668,11.40175425099138,9.219544457292887,8.48528137423857,7.810249675906654,6.708203932499369,4.123105625617661,2.0,1.0,2.0,2.8284271247461903,4.123105625617661,5.0,6.324555320336759,7.615773105863909,6.708203932499369,5.830951894845301,6.708203932499369,6.708203932499369,6.324555320336759,6.324555320336759,5.385164807134504,5.0990195135927845,0.0,0.0,0.0,0.0,0.0,0.0,0.0,0.0,0.0,0.0,0.0,12.165525060596439,13.152946437965905,12.649110640673518,9.848857801796104,5.830951894845301,3.1622776601683795,3.605551275463989,6.4031242374328485,9.433981132056603,13.038404810405298,17.204650534085253,20.615528128088304,24.041630560342615,25.495097567963924,26.40075756488817,27.459060435491963,26.92582403567252,25.942243542145693,21.470910553583888,17.46424919657298,12.083045973594572,6.324555320336759,1.4142135623730951,5.385164807134504,10.295630140987,13.0
1787404068.5447447,-73,0.0,26.1725046566048,25.179356624028344,23.345235059857504,20.615528128088304,16.76305461424021,11.661903789690601,7.810249675906654,6.0,6.4031242374328485,7.211102550927978,9.433981132056603,10.0,12.041594578792296,14.142135623730951,15.620499351813308,15.811388300841896,16.1245154965971,15.652475842498529,14.317821063276353,13.416407864998739,11.180339887498949,7.615773105863909,4.123105625617661,2.0,2.0,3.605551275463989,0.0,0.0,0.0,0.0,0.0,0.0,0.0,0.0,0.0,0.0,0.0,3.1622776601683795,1.0,1.4142135623730951,3.605551275463989,5.0990195135927845,7.0,8.246211251235321,10.770329614269007,13.0,15.231546211727817,16.1245154965971,15.811388300841896,15.620499351813308,15.556349186104045,14.866068747318506,13.601470508735444,12.529964086141668,10.295630140987,7.211102550927978,4.242640687119285,2.8284271247461903,7.0710678118654755,11.0,16.0,20.09975124224178,23.08679276123039
1787404068.7343824,-69,0.0,27.459060435491963,26.92582403567252,25.80697580112788,22.02271554554524,16.97056274847714,10.816653826391969,6.082762530298219,4.242640687119285,5.0990195135927845,7.0710678118654755,8.06225774829855,9.055385138137417,10.198039027185569,12.649110640673518,13.92838827718412,15.231546211727817,14.7648230602334,15.264337522473747,14.422205101855956,12.206555615733702,9.433981132056603,6.708203932499369,3.605551275463989,1.0,2.0,3.1622776601683795,0.0,0.0,0.0,0.0,0.0,0.0,0.0,0.0,0.0,0.0,0.0,2.23606797749979,0.0,2.23606797749979,4.47213595499958,6.324555320336759,8.06225774829855,11.0,13.038404810405298,15.132745950421556,18.110770276274835,19.1049731745428,19.235384061671343,17.72004514666935,16.15549442140351,15.652475842498529,13.892443989449804,12.206555615733702,10.816653826391969,8.06225774829855,3.1622776601683795,2.23606797749979,6.082762530298219,11.704699910719626,16.55294535724685,21.02379604162864,24.186773244895647
1787404068.8106525,-71,0.0,22.847319317591726,23.259406699226016,22.847319317591726,22.847319317591726,20.615528128088304,19.72308292331602,18.601075237738275,15.0,13.601470508735444,11.40175425099138,10.295630140987,10.44030650891055,10.198039027185569,11.180339887498949,11.045361017187261,11.045361017187261,10.0,10.0,10.0,11.045361017187261,11.045361017187261,11.045361017187261,10.198039027185569,9.486832980505138,8.246211251235321,8.246211251235321,0.0,0.0,0.0,0.0,0.0,0.0,0.0,0.0,0.0,0.0,0.0,10.0,9.219544457292887,8.48528137423857,7.810249675906654,8.06225774829855,8.06225774829855,8.94427190999916,9.848857801796104,10.295630140987,11.661903789690601,10.816653826391969,10.0,10.295630140987,10.770329614269007,11.704699910719626,11.704699910719626,13.0,13.0,14.866068747318506,15.524174696260024,16.492422502470642,17.46424919657298,18.439088914585774,18.24828759089466,19.1049731745428,21.37755832643195
1787404068.8289986,-73,0.0,27.073972741361768,26.1725046566048,24.186773244895647,20.396078054371138,15.811388300841896,10.295630140987,5.656854249492381,4.123105625617661,5.830951894845301,7.615773105863909,9.486832980505138,11.180339887498949,12.206555615733702,14.212670403551895,15.620499351813308,16.278820596099706,15.556349186104045,15.620499351813308,14.212670403551895,12.806248474865697,9.899494936611665,7.0710678118654755,3.605551275463989,0.0,1.4142135623730951,3.1622776601683795,0.0,0.0,0.0,0.0,0.0,0.0,0.0,0.0,0.0,0.0,0.0,2.23606797749979,2.0,3.1622776601683795,5.385164807134504,7.615773105863909,8.94427190999916,11.180339887498949,13.892443989449804,16.64331697709324,17.204650534085253,17.804493814764857,17.69180601295413,16.278820596099706,16.401219466856727,15.264337522473747,14.7648230602334,13.0,10.770329614269007,7.615773105863909,4.242640687119285,2.8284271247461903,6.082762530298219,10.04987562112089,15.0,19.0,24.0
1787404068.9403167,-69,0.0,31.016124838541646,32.89376840679705,29.732137494637012,24.166091947189145,16.64331697709324,12.041594578792296,8.94427190999916,6.082762530298219,7.810249675906654,7.615773105863909,7.280109889280518,10.44030650891055,16.55294535724685,20.808652046684813,19.849433241279208,20.518284528683193,19.849433241279208,17.029386365926403,14.866068747318506,12.727922061357855,11.40175425099138,8.602325267042627,5.656854249492381,2.23606797749979,2.23606797749979,4.123105625617661,0.0,0.0,0.0,0.0,0.0,0.0,0.0,0.0,0.0,0.0,0.0,2.0,0.0,2.0,4.0,6.0,8.06225774829855,10.44030650891055,13.0,15.231546211727817,17.46424919657298,19.235384061671343,18.867962264113206,18.439088914585774,17.69180601295413,17.029386365926403,15.620499351813308,12.806248474865697,10.63014581273465,7.211102550927978,5.0990195135927845,3.605551275463989,6.0,13.152946437965905,22.20360331117452,27.459060435491963,29.614185789921695
1787404068.9561508,-69,0.0,27.313000567495326,26.92582403567252,24.698178070456937,20.8806130178211,16.278820596099706,11.0,6.708203932499369,4.47213595499958,5.385164807134504,7.615773105863909,8.94427190999916,10.44030650891055,12.165525060596439,14.142135623730951,15.033296378372908,16.0312195418814,17.029386365926403,16.0,15.033296378372908,13.038404810405298,11.045361017187261,8.06225774829855,4.123105625617661,1.4142135623730951,1.4142135623730951,2.23606797749979,0.0,0.0,0.0,0.0,0.0,0.0,0.0,0.0,0.0,0.0,0.0,3.1622776601683795,1.0,1.4142135623730951,3.605551275463989,5.656854249492381,7.211102550927978,10.295630140987,12.083045973594572,13.92838827718412,16.15549442140351,17.08800749063506,16.76305461424021,15.297058540778355,15.033296378372908,15.0,14.035668847618199,12.165525060596439,10.198039027185569,7.0710678118654755,3.0,2.8284271247461903,7.211102550927978,12.529964086141668,17.88854381999832,22.360679774997898,24.596747752497688
1787404069.0057619,-71,0.0,20.615528128088304,21.2602916254693,20.518284528683193,19.79898987322333,19.1049731745428,17.804493814764857,15.811388300841896,13.892443989449804,11.661903789690601,10.0,8.48528137423857,7.211102550927978,6.708203932499369,8.54400374531753,8.246211251235321,8.246211251235321,8.06225774829855,8.06225774829855,8.0,9.0,9.0,9.055385138137417,8.246211251235321,6.324555320336759,4.47213595499958,4.123105625617661,0.0,0.0,0.0,0.0,0.0,0.0,0.0,0.0,0.0,0.0,0.0,8.94427190999916,7.615773105863909,7.280109889280518,6.082762530298219,6.0,6.0,7.0710678118654755,7.280109889280518,8.246211251235321,8.246211251235321,8.54400374531753,8.54400374531753,8.94427190999916,8.602325267042627,9.899494936611665,9.899494936611665,10.63014581273465,11.40175425099138,13.45362404707371,14.212670403551895,15.0,16.401219466856727,17.204650534085253,18.601075237738275,20.615528128088304,20.615528128088304
1787404069.1000881,-80,0.0,3.1622776601683795,5.830951894845301,8.94427190999916,12.529964086141668,15.264337522473747,15.264337522473747,13.601470508735444,11.40175425099138,8.06225774829855,4.47213595499958,3.0,4.47213595499958,5.0,4.47213595499958,3.605551275463989,3.605551275463989,2.8284271247461903,2.23606797749979,3.1622776601683795,4.47213595499958,4.123105625617661,6.082762530298219,7.0710678118654755,7.0710678118654755,6.082762530298219,6.0,0.0,0.0,0.0,0.0,0.0,0.0,0.0,0.0,0.0,0.0,0.0,9.219544457292887,8.94427190999916,6.4031242374328485,6.708203932499369,10.44030650891055,10.198039027185569,7.0,4.123105625617661,2.23606797749979,3.1622776601683795,3.1622776601683795,3.0,3.605551275463989,5.0990195135927845,8.246211251235321,12.083045973594572,16.1245154965971,18.027756377319946,18.867962264113206,19.72308292331602,17.88854381999832,15.811388300841896,13.152946437965905,10.0,8.06225774829855,9.0
1787404069.621745,-69,0.0,30.364452901377952,27.202941017470888,25.298221281347036,21.540659228538015,15.264337522473747,10.63014581273465,6.082762530298219,5.0,5.0990195135927845,7.0710678118654755,11.180339887498949,13.601470508735444,13.416407864998739,15.264337522473747,15.811388300841896,16.278820596099706,17.804493814764857,18.867962264113206,17.204650534085253,13.45362404707371,9.899494936611665,7.0710678118654755,5.830951894845301,3.1622776601683795,2.23606797749979,3.1622776601683795,0.0,0.0,0.0,0.0,0.0,0.0,0.0,0.0,0.0,0.0,0.0,3.0,1.0,2.23606797749979,3.605551275463989,5.0,7.0710678118654755,9.219544457292887,12.649110640673518,15.231546211727817,15.811388300841896,16.15549442140351,17.4928556845359,16.401219466856727,16.278820596099706,15.620499351813308,15.0,13.892443989449804,12.206555615733702,7.810249675906654,3.605551275463989,2.8284271247461903,7.0710678118654755,12.041594578792296,18.24828759089466,23.53720459187964,26.68332812825267
1787404069.7600763,-83,0.0,14.142135623730951,15.033296378372908,15.033296378372908,15.033296378372908,16.1245154965971,15.297058540778355,14.317821063276353,12.36931687685298,12.649110640673518,11.704699910719626,9.848857801796104,8.54400374531753,7.280109889280518,7.0710678118654755,8.06225774829855,9.055385138137417,10.0,10.0,10.04987562112089,10.44030650891055,10.44030650891055,9.219544457292887,9.0,9.219544457292887,8.246211251235321,6.082762530298219,0.0,0.0,0.0,0.0,0.0,0.0,0.0,0.0,0.0,0.0,0.0,7.280109889280518,10.04987562112089,12.649110640673518,12.041594578792296,8.54400374531753,6.0,8.94427190999916,8.94427190999916,10.04987562112089,15.297058540778355,17.46424919657298,20.248456731316587,19.72308292331602,14.422205101855956,12.529964086141668,13.892443989449804,10.44030650891055,5.385164807134504,5.830951894845301,5.385164807134504,10.04987562112089,13.0,12.36931687685298,13.416407864998739,15.652475842498529,14.866068747318506
1787404070.1450102,-73,0.0,28.0178514522438,27.80287754891569,25.612496949731394,19.849433241279208,15.556349186104045,11.40175425099138,6.324555320336759,3.1622776601683795,4.47213595499958,6.082762530298219,8.246211251235321,10.44030650891055,13.0,15.652475842498529,16.1245154965971,17.4928556845359,18.601075237738275,18.439088914585774,17.029386365926403,15.620499351813308,12.806248474865697,8.602325267042627,5.0,1.4142135623730951,1.0,3.605551275463989,0.0,0.0,0.0,0.0,0.0,0.0,0.0,0.0,0.0,0.0,0.0,1.0,2.23606797749979,3.0,4.123105625617661,4.47213595499958,6.4031242374328485,8.94427190999916,10.770329614269007,12.649110640673518,13.601470508735444,14.317821063276353,15.132745950421556,15.033296378372908,14.317821063276353,14.560219778561036,13.92838827718412,13.0,10.770329614269007,8.246211251235321,5.0,3.605551275463989,7.0710678118654755,11.704699910719626,16.55294535724685,21.470910553583888,25.059928172283335
1787404070.4632149,-72,0.0,28.600699292150182,27.80287754891569,25.612496949731394,21.2602916254693,17.69180601295413,12.206555615733702,8.54400374531753,5.0990195135927845,5.656854249492381,6.708203932499369,8.06225774829855,10.295630140987,12.806248474865697,14.866068747318506,15.556349186104045,17.029386365926403,17.204650534085253,16.64331697709324,15.264337522473747,13.892443989449804,10.816653826391969,7.211102550927978,5.0,1.4142135623730951,2.23606797749979,3.1622776601683795,0.0,0.0,0.0,0.0,0.0,0.0,0.0,0.0,0.0,0.0,0.0,2.23606797749979,1.0,1.0,2.0,4.47213595499958,6.4031242374328485,8.48528137423857,10.0,13.038404810405298,14.422205101855956,14.7648230602334,14.866068747318506,15.297058540778355,15.033296378372908,15.033296378372908,14.142135623730951,13.152946437965905,11.045361017187261,8.0,5.0990195135927845,4.123105625617661,7.280109889280518,12.529964086141668,17.4928556845359,21.633307652783937,25.238858928247925
1787404070.7772987,-71,0.0,26.1725046566048,25.179356624028344,22.20360331117452,18.439088914585774,14.866068747318506,10.770329614269007,5.656854249492381,3.0,5.0,7.211102550927978,8.602325267042627,10.816653826391969,12.806248474865697,14.142135623730951,14.866068747318506,15.620499351813308,16.401219466856727,15.811388300841896,15.264337522473747,13.038404810405298,10.0,7.0710678118654755,3.605551275463989,1.0,3.0,4.123105625617661,0.0,0.0,0.0,0.0,0.0,0.0,0.0,0.0,0.0,0.0,0.0,2.8284271247461903,1.0,2.0,4.0,6.082762530298219,8.246211251235321,10.770329614269007,13.0,15.652475842498529,16.55294535724685,17.0,16.64331697709324,16.401219466856727,16.97056274847714,16.278820596099706,15.0,13.601470508735444,10.816653826391969,8.602325267042627,5.656854249492381,2.23606797749979,7.0710678118654755,12.041594578792296,17.029386365926403,22.02271554554524,24.0
1787404071.1588893,-69,0.0,28.844410203711913,27.459060435491963,24.698178070456937,20.591260281974,14.317821063276353,10.198039027185569,6.324555320336759,4.47213595499958,6.082762530298219,8.54400374531753,10.770329614269007,11.704699910719626,13.341664064126334,15.132745950421556,16.0312195418814,17.0,17.029386365926403,16.1245154965971,15.297058540778355,14.317821063276353,12.041594578792296,9.0,6.0,2.0,1.0,2.23606797749979,0.0,0.0,0.0,0.0,0.0,0.0,0.0,0.0,0.0,0.0,0.0,4.123105625617661,1.4142135623730951,2.23606797749979,2.8284271247461903,4.47213595499958,6.708203932499369,8.54400374531753,10.44030650891055,14.317821063276353,17.46424919657298,18.24828759089466,19.1049731745428,19.0,18.027756377319946,18.110770276274835,17.11724276862369,15.297058540778355,12.165525060596439,9.055385138137417,5.385164807134504,4.123105625617661,7.211102550927978,12.727922061357855,17.69180601295413,22.67156809750927,26.248809496813376
1787404071.1588893,-69,0.0,28.861739379323623,27.65863337187866,24.515301344262525,19.235384061671343,15.033296378372908,10.04987562112089,5.385164807134504,4.0,6.4031242374328485,7.0710678118654755,8.48528137423857,10.0,12.206555615733702,13.416407864998739,15.231546211727817,17.08800749063506,16.76305461424021,15.297058540778355,14.142135623730951,12.165525060596439,10.198039027185569,8.246211251235321,5.385164807134504,1.4142135623730951,1.4142135623730951,3.1622776601683795,0.0,0.0,0.0,0.0,0.0,0.0,0.0,0.0,0.0,0.0,0.0,2.0,1.0,1.4142135623730951,2.23606797749979,4.47213595499958,7.0710678118654755,9.899494936611665,12.041594578792296,15.620499351813308,17.029386365926403,19.209372712298546,19.4164878389476,19.72308292331602,17.88854381999832,17.08800749063506,16.492422502470642,14.560219778561036,11.40175425099138,8.94427190999916,5.0,4.123105625617661,7.0710678118654755,12.529964086141668,18.384776310850235,23.08679276123039,25.298221281347036
1787404071.1588893,-69,0.0,26.68332812825267,25.0,21.840329667841555,18.027756377319946,14.317821063276353,9.433981132056603,5.0,3.605551275463989,5.385164807134504,7.280109889280518,9.486832980505138,10.770329614269007,12.529964086141668,13.892443989449804,15.0,14.866068747318506,14.866068747318506,14.866068747318506,13.45362404707371,11.40175425099138,9.219544457292887,7.0710678118654755,4.242640687119285,1.4142135623730951,1.0,2.23606797749979,0.0,0.0,0.0,0.0,0.0,0.0,0.0,0.0,0.0,0.0,0.0,2.8284271247461903,1.0,2.0,4.0,5.0990195135927845,7.280109889280518,9.486832980505138,12.083045973594572,14.317821063276353,15.652475842498529,17.4928556845359,18.027756377319946,17.204650534085253,17.029386365926403,15.556349186104045,15.620499351813308,14.212670403551895,10.63014581273465,8.48528137423857,4.47213595499958,3.605551275463989,7.280109889280518,11.045361017187261,17.029386365926403,21.213203435596427,24.186773244895647
1787404071.1795697,-69,0.0,27.892651361962706,25.709920264364882,22.561028345356956,19.235384061671343,15.033296378372908,10.04987562112089,5.830951894845301,4.0,6.708203932499369,8.602325267042627,10.0,11.661903789690601,13.416407864998739,14.317821063276353,15.231546211727817,15.524174696260024,15.297058540778355,15.132745950421556,14.035668847618199,12.041594578792296,10.04987562112089,7.0710678118654755,4.0,2.0,0.0,2.0,0.0,0.0,0.0,0.0,0.0,0.0,0.0,0.0,0.0,0.0,0.0,2.23606797749979,1.0,1.4142135623730951,2.8284271247461903,4.242640687119285,6.4031242374328485,8.602325267042627,10.816653826391969,13.038404810405298,16.1245154965971,17.0,17.46424919657298,18.027756377319946,17.72004514666935,16.492422502470642,16.1245154965971,14.035668847618199,12.041594578792296,8.06225774829855,4.47213595499958,3.0,6.4031242374328485,11.661903789690601,16.55294535724685,21.93171219946131,24.698178070456937
1787404071.2802117,-80,0.0,15.132745950421556,15.811388300841896,17.4928556845359,19.1049731745428,18.601075237738275,16.15549442140351,15.297058540778355,13.0,12.041594578792296,10.198039027185569,9.219544457292887,7.280109889280518,3.1622776601683795,2.23606797749979,5.656854249492381,8.602325267042627,9.433981132056603,10.295630140987,9.848857801796104,9.486832980505138,9.0,8.246211251235321,6.708203932499369,6.4031242374328485,4.47213595499958,4.0,0.0,0.0,0.0,0.0,0.0,0.0,0.0,0.0,0.0,0.0,0.0,13.601470508735444,13.152946437965905,14.035668847618199,15.033296378372908,13.038404810405298,9.219544457292887,5.830951894845301,3.605551275463989,3.1622776601683795,4.242640687119285,5.830951894845301,10.295630140987,13.416407864998739,17.46424919657298,20.12461179749811,19.72308292331602,17.804493814764857,14.866068747318506,12.083045973594572,11.0,11.180339887498949,14.142135623730951,18.027756377319946,18.027756377319946,16.278820596099706,17.204650534085253
1787404071.3150702,-79,0.0,12.529964086141668,15.556349186104045,17.804493814764857,17.88854381999832,18.110770276274835,18.24828759089466,16.15549442140351,14.422205101855956,12.041594578792296,12.206555615733702,10.770329614269007,7.0710678118654755,3.0,1.0,3.605551275463989,5.830951894845301,8.06225774829855,10.63014581273465,12.041594578792296,12.206555615733702,10.295630140987,8.54400374531753,7.0710678118654755,6.0,5.0990195135927845,5.0990195135927845,0.0,0.0,0.0,0.0,0.0,0.0,0.0,0.0,0.0,0.0,0.0,12.165525060596439,13.0,13.892443989449804,14.422205101855956,13.45362404707371,11.40175425099138,8.54400374531753,7.0710678118654755,5.385164807134504,4.47213595499958,5.830951894845301,9.486832980505138,14.560219778561036,17.08800749063506,18.788294228055936,18.867962264113206,17.029386365926403,14.866068747318506,12.529964086141668,12.0,13.0,15.811388300841896,16.401219466856727,17.804493814764857,17.204650534085253,15.264337522473747
1787404071.5706196,-81,0.0,8.06225774829855,6.324555320336759,7.211102550927978,8.0,11.704699910719626,15.264337522473747,17.69180601295413,18.867962264113206,17.46424919657298,17.08800749063506,15.297058540778355,13.038404810405298,9.055385138137417,4.0,2.0,2.23606797749979,5.0990195135927845,7.0710678118654755,7.0710678118654755,8.246211251235321,7.615773105863909,9.219544457292887,9.219544457292887,5.656854249492381,3.1622776601683795,3.0,0.0,0.0,0.0,0.0,0.0,0.0,0.0,0.0,0.0,0.0,0.0,24.186773244895647,23.769728648009426,22.47220505424423,21.02379604162864,18.788294228055936,15.264337522473747,11.40175425099138,8.06225774829855,5.0,5.0,7.810249675906654,10.63014581273465,15.0,18.601075237738275,18.867962264113206,17.88854381999832,14.317821063276353,11.0,8.54400374531753,9.433981132056603,11.180339887498949,14.0,17.0,19.026297590440446,18.110770276274835,14.560219778561036
1787404071.6002793,-68,0.0,27.202941017470888,25.80697580112788,23.021728866442675,19.72308292331602,15.231546211727817,10.44030650891055,6.0,4.242640687119285,5.0,7.280109889280518,8.246211251235321,10.198039027185569,11.045361017187261,13.038404810405298,14.0,15.033296378372908,15.132745950421556,14.142135623730951,13.341664064126334,12.36931687685298,10.198039027185569,7.0710678118654755,4.123105625617661,1.0,2.0,4.123105625617661,0.0,0.0,0.0,0.0,0.0,0.0,0.0,0.0,0.0,0.0,0.0,1.0,1.4142135623730951,2.23606797749979,3.1622776601683795,5.656854249492381,7.211102550927978,8.54400374531753,11.40175425099138,13.341664064126334,15.297058540778355,16.1245154965971,17.029386365926403,16.0,16.0312195418814,15.297058540778355,15.524174696260024,13.601470508735444,10.770329614269007,7.280109889280518,3.1622776601683795,4.0,7.615773105863909,11.40175425099138,16.278820596099706,21.213203435596427,24.08318915758459
1787404071.8900945,-69,0.0,27.586228448267445,26.870057685088806,25.495097567963924,21.2602916254693,17.204650534085253,12.083045973594572,8.06225774829855,5.0,5.385164807134504,7.0710678118654755,9.0,11.0,12.041594578792296,14.142135623730951,14.142135623730951,14.317821063276353,14.560219778561036,13.0,12.529964086141668,10.295630140987,9.433981132056603,6.4031242374328485,4.242640687119285,2.0,2.23606797749979,3.1622776601683795,0.0,0.0,0.0,0.0,0.0,0.0,0.0,0.0,0.0,0.0,0.0,2.23606797749979,1.0,2.23606797749979,3.605551275463989,5.0,6.708203932499369,8.246211251235321,10.198039027185569,12.041594578792296,14.0,16.0312195418814,16.1245154965971,16.278820596099706,15.811388300841896,15.231546211727817,14.317821063276353,12.529964086141668,10.295630140987,6.708203932499369,4.0,3.1622776601683795,6.708203932499369,11.661903789690601,17.204650534085253,22.80350850198276,25.612496949731394
1787404071.8900945,-69,0.0,27.073972741361768,26.076809620810597,24.020824298928627,20.0,16.1245154965971,11.40175425099138,6.4031242374328485,5.0990195135927845,6.708203932499369,9.219544457292887,11.313708498984761,12.041594578792296,13.601470508735444,15.264337522473747,14.7648230602334,15.231546211727817,15.811388300841896,14.560219778561036,13.341664064126334,11.180339887498949,9.055385138137417,7.0710678118654755,4.0,2.23606797749979,1.0,2.23606797749979,0.0,0.0,0.0,0.0,0.0,0.0,0.0,0.0,0.0,0.0,0.0,2.23606797749979,1.0,1.0,3.1622776601683795,4.47213595499958,6.708203932499369,8.602325267042627,10.63014581273465,12.727922061357855,14.866068747318506,15.620499351813308,16.401219466856727,17.0,16.55294535724685,15.811388300841896,15.524174696260024,13.341664064126334,11.40175425099138,8.54400374531753,4.47213595499958,2.0,5.830951894845301,10.44030650891055,16.492422502470642,21.587033144922902,24.331050121192877
1787404071.8900945,-69,0.0,26.92582403567252,26.570660511172846,23.08679276123039,19.6468827043885,16.1245154965971,11.045361017187261,6.708203932499369,5.0990195135927845,7.280109889280518,8.94427190999916,10.295630140987,12.083045973594572,13.92838827718412,14.866068747318506,15.524174696260024,15.297058540778355,15.132745950421556,15.0,13.0,11.045361017187261,9.055385138137417,7.0,4.0,1.4142135623730951,1.4142135623730951,3.1622776601683795,0.0,0.0,0.0,0.0,0.0,0.0,0.0,0.0,0.0,0.0,0.0,2.0,0.0,1.4142135623730951,3.605551275463989,4.242640687119285,6.4031242374328485,8.602325267042627,10.816653826391969,13.416407864998739,15.231546211727817,16.15549442140351,16.76305461424021,17.46424919657298,17.11724276862369,16.0312195418814,16.0,14.035668847618199,12.041594578792296,9.0,4.123105625617661,2.0,6.4031242374328485,10.816653826391969,16.1245154965971,21.470910553583888,24.166091947189145
1787404071.9536064,-69,0.0,27.80287754891569,27.018512172212592,24.08318915758459,20.518284528683193,15.620499351813308,10.816653826391969,6.082762530298219,5.656854249492381,7.280109889280518,8.06225774829855,10.0,11.0,13.038404810405298,14.317821063276353,14.560219778561036,16.15549442140351,16.55294535724685,15.652475842498529,13.892443989449804,12.206555615733702,10.0,7.211102550927978,4.47213595499958,1.4142135623730951,1.0,2.23606797749979,0.0,0.0,0.0,0.0,0.0,0.0,0.0,0.0,0.0,0.0,0.0,4.242640687119285,2.0,2.0,3.605551275463989,4.242640687119285,6.324555320336759,10.04987562112089,12.041594578792296,14.0,16.0312195418814,17.11724276862369,17.26267650163207,17.46424919657298,17.72004514666935,18.384776310850235,17.0,15.264337522473747,13.038404810405298,9.848857801796104,6.082762530298219,3.605551275463989,6.082762530298219,10.770329614269007,17.0,21.95449840010015,24.698178070456937
1787404072.0456545,-67,0.0,22.20360331117452,23.345235059857504,21.587033144922902,17.26267650163207,12.041594578792296,7.615773105863909,2.0,3.0,4.0,6.324555320336759,12.206555615733702,12.806248474865697,12.727922061357855,12.806248474865697,10.63014581273465,10.63014581273465,12.529964086141668,12.649110640673518,11.180339887498949,8.48528137423857,7.0710678118654755,6.0,2.0,2.23606797749979,2.8284271247461903,3.1622776601683795,0.0,0.0,0.0,0.0,0.0,0.0,0.0,0.0,0.0,0.0,0.0,2.8284271247461903,2.0,1.4142135623730951,1.4142135623730951,3.605551275463989,6.708203932499369,8.94427190999916,10.0,11.40175425099138,12.806248474865697,14.212670403551895,13.45362404707371,13.45362404707371,13.038404810405298,11.661903789690601,13.038404810405298,10.816653826391969,7.615773105863909,5.830951894845301,4.47213595499958,5.0990195135927845,5.385164807134504,7.615773105863909,13.038404810405298,16.1245154965971,19.1049731745428
1787404073.218584,-70,0.0,22.825424421026653,22.825424421026653,21.95449840010015,21.095023109728988,20.248456731316587,19.4164878389476,17.204650534085253,15.811388300841896,13.038404810405298,11.661903789690601,11.180339887498949,10.770329614269007,10.770329614269007,10.44030650891055,10.44030650891055,10.44030650891055,9.219544457292887,9.055385138137417,9.055385138137417,9.055385138137417,9.055385138137417,9.055385138137417,8.06225774829855,7.0710678118654755,7.0710678118654755,6.082762530298219,0.0,0.0,0.0,0.0,0.0,0.0,0.0,0.0,0.0,0.0,0.0,6.324555320336759,5.385164807134504,5.385164807134504,5.0,5.656854249492381,5.830951894845301,6.708203932499369,7.615773105863909,8.06225774829855,8.602325267042627,9.433981132056603,8.94427190999916,9.848857801796104,9.486832980505138,10.44030650891055,11.40175425099138,12.165525060596439,13.341664064126334,14.560219778561036,16.492422502470642,17.46424919657298,18.24828759089466,19.4164878389476,20.615528128088304,21.840329667841555,23.08679276123039
1787404073.5192327,-68,0.0,26.832815729997478,25.495097567963924,23.259406699226016,19.697715603592208,14.560219778561036,10.04987562112089,6.324555320336759,4.123105625617661,5.385164807134504,7.615773105863909,9.486832980505138,11.704699910719626,13.341664064126334,14.142135623730951,15.033296378372908,16.0,16.0312195418814,16.1245154965971,15.132745950421556,13.152946437965905,10.04987562112089,8.0,4.0,1.0,1.4142135623730951,2.23606797749979,0.0,0.0,0.0,0.0,0.0,0.0,0.0,0.0,0.0,0.0,0.0,1.4142135623730951,1.0,2.0,3.1622776601683795,4.47213595499958,7.0710678118654755,9.433981132056603,12.083045973594572,14.866068747318506,17.46424919657298,18.384776310850235,18.681541692269406,18.24828759089466,18.110770276274835,18.027756377319946,17.0,15.033296378372908,12.041594578792296,9.0,6.082762530298219,3.605551275463989,5.830951894845301,10.63014581273465,16.401219466856727,20.808652046684813,23.323807579381203
1787404073.6742666,-71,0.0,27.294688127912362,25.059928172283335,23.259406699226016,19.697715603592208,15.811388300841896,11.045361017187261,7.280109889280518,5.0,5.0,7.0710678118654755,9.219544457292887,11.180339887498949,13.038404810405298,14.0,15.033296378372908,15.033296378372908,15.132745950421556,15.297058540778355,14.560219778561036,12.649110640673518,10.44030650891055,7.280109889280518,4.123105625617661,1.4142135623730951,1.0,2.0,0.0,0.0,0.0,0.0,0.0,0.0,0.0,0.0,0.0,0.0,0.0,2.8284271247461903,2.23606797749979,0.0,2.23606797749979,3.605551275463989,5.830951894845301,8.94427190999916,11.704699910719626,13.92838827718412,15.811388300841896,15.811388300841896,16.492422502470642,16.278820596099706,16.0312195418814,16.0312195418814,15.132745950421556,13.152946437965905,11.180339887498949,8.06225774829855,4.123105625617661,2.0,5.656854249492381,11.40175425099138,15.811388300841896,20.248456731316587,23.853720883753127
1787404073.7572372,-70,0.0,18.027756377319946,19.72308292331602,21.400934559032695,22.80350850198276,21.095023109728988,19.313207915827967,16.76305461424021,13.92838827718412,11.704699910719626,9.486832980505138,7.211102550927978,7.0710678118654755,7.810249675906654,10.0,10.63014581273465,10.295630140987,10.198039027185569,10.198039027185569,8.06225774829855,8.06225774829855,8.246211251235321,10.44030650891055,10.770329614269007,8.94427190999916,8.54400374531753,7.280109889280518,0.0,0.0,0.0,0.0,0.0,0.0,0.0,0.0,0.0,0.0,0.0,7.0710678118654755,7.0710678118654755,6.0,6.082762530298219,7.280109889280518,7.280109889280518,8.54400374531753,9.486832980505138,9.486832980505138,10.44030650891055,10.44030650891055,10.770329614269007,9.848857801796104,9.848857801796104,10.295630140987,11.661903789690601,11.661903789690601,12.206555615733702,12.806248474865697,14.212670403551895,15.620499351813308,16.278820596099706,16.278820596099706,16.97056274847714,18.384776310850235,19.79898987322333
1787404073.819569,-70,0.0,21.02379604162864,20.09975124224178,19.026297590440446,18.027756377319946,18.0,17.11724276862369,15.132745950421556,13.038404810405298,12.041594578792296,11.045361017187261,10.04987562112089,9.219544457292887,9.219544457292887,10.198039027185569,10.198039027185569,10.44030650891055,10.44030650891055,10.44030650891055,9.486832980505138,9.486832980505138,10.198039027185569,10.198039027185569,9.055385138137417,9.055385138137417,8.06225774829855,7.0710678118654755,0.0,0.0,0.0,0.0,0.0,0.0,0.0,0.0,0.0,0.0,0.0,7.280109889280518,7.0710678118654755,7.0,7.0710678118654755,7.0710678118654755,7.0710678118654755,8.06225774829855,9.055385138137417,10.04987562112089,10.04987562112089,10.04987562112089,10.04987562112089,10.198039027185569,10.198039027185569,11.180339887498949,11.40175425099138,11.40175425099138,12.649110640673518,13.92838827718412,14.866068747318506,15.811388300841896,16.15549442140351,18.027756377319946,19.924858845171276,20.8806130178211,20.615528128088304
1787404073.9197998,-70,0.0,21.95449840010015,21.95449840010015,21.095023109728988,20.248456731316587,19.4164878389476,17.804493814764857,16.401219466856727,14.212670403551895,12.806248474865697,11.40175425099138,10.295630140987,9.848857801796104,10.770329614269007,10.44030650891055,10.44030650891055,10.198039027185569,10.04987562112089,9.055385138137417,10.0,10.0,10.04987562112089,10.198039027185569,10.198039027185569,9.219544457292887,8.246211251235321,7.280109889280518,0.0,0.0,0.0,0.0,0.0,0.0,0.0,0.0,0.0,0.0,0.0,7.280109889280518,7.280109889280518,6.708203932499369,6.4031242374328485,6.4031242374328485,7.0710678118654755,7.810249675906654,9.219544457292887,9.219544457292887,9.899494936611665,9.219544457292887,9.899494936611665,9.219544457292887,9.433981132056603,10.295630140987,10.770329614269007,11.704699910719626,12.649110640673518,13.92838827718412,15.231546211727817,16.15549442140351,17.08800749063506,18.384776310850235,19.697715603592208,21.02379604162864,21.93171219946131
1787404073.9483588,-72,0.0,26.419689627245813,25.553864678361276,22.47220505424423,19.4164878389476,15.620499351813308,10.63014581273465,6.708203932499369,4.123105625617661,5.385164807134504,8.246211251235321,9.219544457292887,11.40175425099138,13.0,14.317821063276353,16.1245154965971,15.811388300841896,15.811388300841896,16.401219466856727,15.620499351813308,14.212670403551895,12.041594578792296,9.219544457292887,5.0,2.23606797749979,1.0,2.23606797749979,0.0,0.0,0.0,0.0,0.0,0.0,0.0,0.0,0.0,0.0,0.0,3.1622776601683795,2.0,1.0,2.23606797749979,5.0,6.0,9.055385138137417,11.40175425099138,14.317821063276353,15.524174696260024,16.492422502470642,17.08800749063506,15.652475842498529,15.264337522473747,15.0,14.212670403551895,12.727922061357855,11.313708498984761,7.810249675906654,4.47213595499958,2.23606797749979,6.082762530298219,10.44030650891055,15.811388300841896,20.615528128088304,24.166091947189145
1787404074.0236323,-70,0.0,23.706539182259394,23.706539182259394,23.259406699226016,22.847319317591726,21.540659228538015,19.924858845171276,18.681541692269406,16.492422502470642,15.524174696260024,13.601470508735444,11.704699910719626,11.180339887498949,11.661903789690601,11.661903789690601,11.661903789690601,10.816653826391969,10.816653826391969,10.0,10.63014581273465,10.63014581273465,10.0,10.0,10.0,9.433981132056603,8.602325267042627,7.810249675906654,0.0,0.0,0.0,0.0,0.0,0.0,0.0,0.0,0.0,0.0,0.0,9.219544457292887,8.06225774829855,7.0,7.0,7.0710678118654755,7.280109889280518,8.54400374531753,9.848857801796104,10.770329614269007,11.704699910719626,11.704699910719626,11.704699910719626,10.770329614269007,11.180339887498949,12.083045973594572,12.529964086141668,13.892443989449804,14.422205101855956,14.422205101855956,15.811388300841896,16.401219466856727,17.029386365926403,18.439088914585774,20.808652046684813,22.20360331117452,23.021728866442675
1787404074.0236323,-84,0.0,13.0,15.033296378372908,16.0312195418814,15.0,14.035668847618199,14.142135623730951,13.152946437965905,10.44030650891055,8.54400374531753,7.280109889280518,8.06225774829855,8.06225774829855,7.0710678118654755,7.0710678118654755,7.0710678118654755,7.0710678118654755,8.06225774829855,10.04987562112089,11.045361017187261,12.041594578792296,12.165525060596439,12.36931687685298,11.180339887498949,11.045361017187261,10.04987562112089,11.0,0.0,0.0,0.0,0.0,0.0,0.0,0.0,0.0,0.0,0.0,0.0,1.4142135623730951,2.23606797749979,3.605551275463989,4.47213595499958,4.242640687119285,4.47213595499958,5.385164807134504,5.385164807134504,5.0,5.0,5.385164807134504,7.0,8.06225774829855,7.280109889280518,7.211102550927978,8.48528137423857,10.63014581273465,11.40175425099138,11.661903789690601,11.661903789690601,11.40175425099138,9.899494936611665,9.433981132056603,10.44030650891055,12.36931687685298,14.142135623730951
1787404074.0395525,-84,0.0,18.681541692269406,18.681541692269406,19.6468827043885,19.4164878389476,19.4164878389476,18.439088914585774,17.26267650163207,16.278820596099706,15.297058540778355,13.341664064126334,12.36931687685298,10.770329614269007,10.295630140987,10.0,10.63014581273465,11.313708498984761,12.041594578792296,12.206555615733702,13.038404810405298,13.892443989449804,14.7648230602334,14.7648230602334,14.7648230602334,14.7648230602334,13.892443989449804,13.892443989449804,0.0,0.0,0.0,0.0,0.0,0.0,0.0,0.0,0.0,0.0,0.0,5.385164807134504,5.385164807134504,6.324555320336759,6.082762530298219,7.0710678118654755,7.0710678118654755,7.0,7.0710678118654755,8.06225774829855,8.54400374531753,8.06225774829855,9.219544457292887,9.219544457292887,9.433981132056603,11.180339887498949,11.180339887498949,12.083045973594572,13.0,13.0,12.083045973594572,13.038404810405298,14.212670403551895,14.142135623730951,14.212670403551895,14.422205101855956,14.7648230602334
1787404074.0552802,-72,0.0,26.076809620810597,23.853720883753127,21.633307652783937,18.601075237738275,14.866068747318506,9.219544457292887,4.123105625617661,3.605551275463989,5.0990195135927845,7.0,9.0,11.045361017187261,13.152946437965905,15.297058540778355,16.492422502470642,16.76305461424021,16.15549442140351,16.55294535724685,15.652475842498529,13.892443989449804,11.180339887498949,7.615773105863909,4.47213595499958,1.0,1.4142135623730951,3.605551275463989,0.0,0.0,0.0,0.0,0.0,0.0,0.0,0.0,0.0,0.0,0.0,2.8284271247461903,1.4142135623730951,1.4142135623730951,2.8284271247461903,5.385164807134504,7.0,10.198039027185569,12.36931687685298,14.317821063276353,17.26267650163207,18.439088914585774,18.681541692269406,18.973665961010276,18.384776310850235,16.55294535724685,16.1245154965971,13.892443989449804,10.816653826391969,8.06225774829855,5.0990195135927845,2.8284271247461903,6.082762530298219,11.40175425099138,16.15549442140351,21.93171219946131,24.596747752497688
1787404074.7356567,-69,0.0,26.476404589747453,25.495097567963924,22.20360331117452,19.026297590440446,15.0,10.04987562112089,5.0,4.0,5.830951894845301,7.810249675906654,8.48528137423857,9.899494936611665,11.40175425099138,13.038404810405298,14.422205101855956,14.7648230602334,13.0,11.704699910719626,12.36931687685298,11.40175425099138,9.219544457292887,6.324555320336759,4.47213595499958,2.0,2.23606797749979,4.123105625617661,0.0,0.0,0.0,0.0,0.0,0.0,0.0,0.0,0.0,0.0,0.0,0.0,2.0,3.0,4.123105625617661,5.385164807134504,8.06225774829855,10.816653826391969,11.40175425099138,12.727922061357855,15.556349186104045,17.029386365926403,16.278820596099706,15.620499351813308,15.264337522473747,14.317821063276353,14.866068747318506,13.92838827718412,12.083045973594572,9.433981132056603,5.656854249492381,3.0,5.656854249492381,9.848857801796104,15.524174696260024,18.681541692269406,21.18962010041709
1787404074.9105756,-69,0.0,31.240998703626616,29.068883707497267,26.40075756488817,22.47220505424423,17.46424919657298,12.36931687685298,7.280109889280518,6.324555320336759,8.246211251235321,10.770329614269007,12.649110640673518,15.811388300841896,17.08800749063506,18.681541692269406,19.4164878389476,18.110770276274835,18.027756377319946,17.26267650163207,16.278820596099706,14.560219778561036,12.36931687685298,9.219544457292887,6.082762530298219,2.23606797749979,2.23606797749979,4.242640687119285,0.0,0.0,0.0,0.0,0.0,0.0,0.0,0.0,0.0,0.0,0.0,3.0,1.0,2.8284271247461903,4.242640687119285,7.211102550927978,9.486832980505138,11.40175425099138,14.317821063276353,16.278820596099706,18.439088914585774,19.4164878389476,21.213203435596427,21.02379604162864,20.09975124224178,18.439088914585774,18.439088914585774,16.76305461424021,13.92838827718412,9.486832980505138,5.0,2.23606797749979,5.830951894845301,12.206555615733702,20.0,26.248809496813376,27.586228448267445
1787404075.0695987,-69,0.0,31.622776601683793,31.32091952673165,28.160255680657446,24.73863375370596,19.235384061671343,14.0,8.54400374531753,5.830951894845301,6.324555320336759,9.433981132056603,10.816653826391969,12.529964086141668,13.92838827718412,14.560219778561036,16.278820596099706,17.11724276862369,17.029386365926403,16.0312195418814,16.1245154965971,14.142135623730951,12.165525060596439,9.055385138137417,6.082762530298219,3.1622776601683795,0.0,2.0,0.0,0.0,0.0,0.0,0.0,0.0,0.0,0.0,0.0,0.0,0.0,3.0,1.4142135623730951,1.4142135623730951,2.23606797749979,3.1622776601683795,3.605551275463989,7.211102550927978,10.63014581273465,13.45362404707371,16.278820596099706,18.601075237738275,19.72308292331602,21.540659228538015,19.924858845171276,17.26267650163207,16.1245154965971,15.132745950421556,12.165525060596439,8.246211251235321,4.242640687119285,3.1622776601683795,7.810249675906654,14.317821063276353,20.615528128088304,25.632011235952593,29.410882339705484
1787404075.0893264,-68,0.0,29.5296461204668,29.5296461204668,26.832815729997478,23.259406699226016,18.027756377319946,13.152946437965905,8.06225774829855,5.0,6.0,7.280109889280518,8.54400374531753,10.44030650891055,12.36931687685298,14.142135623730951,15.033296378372908,15.033296378372908,15.132745950421556,14.560219778561036,13.0,12.083045973594572,9.848857801796104,6.708203932499369,4.47213595499958,1.4142135623730951,2.0,3.1622776601683795,0.0,0.0,0.0,0.0,0.0,0.0,0.0,0.0,0.0,0.0,0.0,1.0,1.4142135623730951,1.0,2.23606797749979,5.0990195135927845,6.708203932499369,7.0710678118654755,8.602325267042627,12.206555615733702,16.1245154965971,17.88854381999832,17.46424919657298,18.384776310850235,18.973665961010276,18.24828759089466,17.029386365926403,15.033296378372908,11.180339887498949,7.615773105863909,5.656854249492381,5.0990195135927845,8.48528137423857,12.806248474865697,18.867962264113206,23.853720883753127,26.92582403567252
1787404075.093332,-68,0.0,30.805843601498726,31.04834939252005,28.160255680657446,23.08679276123039,17.88854381999832,11.40175425099138,6.708203932499369,4.123105625617661,6.324555320336759,9.219544457292887,11.180339887498949,12.649110640673518,13.92838827718412,15.231546211727817,15.652475842498529,15.811388300841896,15.620499351813308,14.142135623730951,13.038404810405298,11.661903789690601,10.0,7.810249675906654,5.0,2.23606797749979,0.0,2.23606797749979,0.0,0.0,0.0,0.0,0.0,0.0,0.0,0.0,0.0,0.0,0.0,3.605551275463989,0.0,2.8284271247461903,5.0,7.0710678118654755,9.055385138137417,10.198039027185569,13.0,17.0,20.248456731316587,21.095023109728988,21.633307652783937,21.2602916254693,21.213203435596427,19.849433241279208,17.204650534085253,15.620499351813308,14.212670403551895,9.433981132056603,4.0,4.47213595499958,8.06225774829855,13.038404810405298,19.235384061671343,24.515301344262525,27.459060435491963
1787404075.097337,-69,0.0,27.586228448267445,26.1725046566048,24.08318915758459,19.849433241279208,15.0,10.295630140987,5.0,3.605551275463989,6.082762530298219,8.246211251235321,9.486832980505138,11.180339887498949,12.041594578792296,14.0,14.142135623730951,15.297058540778355,15.811388300841896,15.231546211727817,14.317821063276353,13.416407864998739,11.180339887498949,8.94427190999916,5.385164807134504,3.0,1.0,2.23606797749979,0.0,0.0,0.0,0.0,0.0,0.0,0.0,0.0,0.0,0.0,0.0,2.8284271247461903,1.4142135623730951,1.0,1.4142135623730951,3.605551275463989,5.385164807134504,8.246211251235321,11.180339887498949,14.142135623730951,16.1245154965971,18.110770276274835,19.026297590440446,19.0,18.027756377319946,17.26267650163207,16.492422502470642,14.317821063276353,12.165525060596439,9.055385138137417,5.0990195135927845,4.123105625617661,6.708203932499369,12.206555615733702,17.029386365926403,21.93171219946131,24.758836806279895
1787404075.1008203,-68,0.0,31.38470965295043,30.463092423455635,28.635642126552707,23.259406699226016,18.35755975068582,13.601470508735444,7.810249675906654,5.0,5.0,7.280109889280518,9.486832980505138,10.770329614269007,12.083045973594572,13.038404810405298,14.866068747318506,15.620499351813308,16.401219466856727,16.64331697709324,14.7648230602334,13.416407864998739,11.704699910719626,8.94427190999916,5.830951894845301,2.8284271247461903,1.0,3.1622776601683795,0.0,0.0,0.0,0.0,0.0,0.0,0.0,0.0,0.0,0.0,0.0,3.605551275463989,2.0,1.4142135623730951,2.23606797749979,3.605551275463989,5.0990195135927845,8.0,11.045361017187261,15.0,17.0,19.1049731745428,19.235384061671343,18.681541692269406,18.681541692269406,17.08800749063506,16.55294535724685,14.7648230602334,12.083045973594572,8.54400374531753,5.0990195135927845,5.385164807134504,9.055385138137417,14.560219778561036,20.248456731316587,24.698178070456937,26.92582403567252
1787404075.2601118,-69,0.0,25.942243542145693,25.495097567963924,23.259406699226016,19.697715603592208,16.15549442140351,11.40175425099138,6.0,2.8284271247461903,3.1622776601683795,6.4031242374328485,8.602325267042627,9.433981132056603,11.180339887498949,13.0,13.92838827718412,13.601470508735444,14.317821063276353,14.035668847618199,14.0,12.0,10.0,8.06225774829855,5.0990195135927845,2.23606797749979,1.4142135623730951,2.23606797749979,0.0,0.0,0.0,0.0,0.0,0.0,0.0,0.0,0.0,0.0,0.0,3.1622776601683795,1.4142135623730951,1.0,2.23606797749979,4.242640687119285,6.4031242374328485,8.94427190999916,10.770329614269007,13.0,15.231546211727817,17.08800749063506,17.08800749063506,15.524174696260024,15.132745950421556,14.035668847618199,14.0,12.0,10.0,7.0710678118654755,3.605551275463989,4.47213595499958,7.810249675906654,12.206555615733702,17.4928556845359,21.95449840010015,23.706539182259394
1787404075.2759776,-69,0.0,27.018512172212592,26.40075756488817,23.600847442411894,20.248456731316587,16.1245154965971,10.770329614269007,6.0,3.605551275463989,6.082762530298219,8.54400374531753,11.180339887498949,12.083045973594572,13.601470508735444,14.317821063276353,15.132745950421556,16.0312195418814,16.0,16.0312195418814,15.033296378372908,14.142135623730951,12.165525060596439,9.0,6.082762530298219,3.1622776601683795,2.0,2.23606797749979,0.0,0.0,0.0,0.0,0.0,0.0,0.0,0.0,0.0,0.0,0.0,3.1622776601683795,2.0,1.0,3.1622776601683795,5.385164807134504,7.280109889280518,9.219544457292887,11.180339887498949,14.142135623730951,16.1245154965971,18.24828759089466,18.110770276274835,18.0,17.11724276862369,16.278820596099706,15.524174696260024,13.92838827718412,11.704699910719626,8.246211251235321,5.0990195135927845,3.0,6.4031242374328485,11.313708498984761,16.278820596099706,20.615528128088304,22.67156809750927
1787404075.4366999,-82,0.0,22.47220505424423,22.20360331117452,22.360679774997898,18.384776310850235,12.083045973594572,8.54400374531753,6.324555320336759,7.810249675906654,8.94427190999916,9.055385138137417,9.055385138137417,9.219544457292887,9.219544457292887,8.06225774829855,6.324555320336759,11.40175425099138,16.64331697709324,15.620499351813308,11.313708498984761,10.295630140987,17.26267650163207,22.0,20.09975124224178,16.278820596099706,13.341664064126334,10.44030650891055,0.0,0.0,0.0,0.0,0.0,0.0,0.0,0.0,0.0,0.0,0.0,13.038404810405298,10.295630140987,5.830951894845301,3.605551275463989,5.385164807134504,8.06225774829855,9.219544457292887,8.0,10.198039027185569,11.40175425099138,13.038404810405298,14.142135623730951,12.206555615733702,11.180339887498949,11.661903789690601,11.661903789690601,12.806248474865697,13.45362404707371,12.041594578792296,13.45362404707371,11.40175425099138,10.816653826391969,10.816653826391969,8.246211251235321,8.602325267042627,13.038404810405298
1787404075.497855,-72,0.0,26.832815729997478,26.832815729997478,24.596747752497688,21.95449840010015,18.027756377319946,12.727922061357855,8.94427190999916,7.0710678118654755,6.708203932499369,8.48528137423857,10.0,11.40175425099138,12.727922061357855,13.45362404707371,14.212670403551895,14.422205101855956,13.416407864998739,13.92838827718412,13.601470508735444,12.36931687685298,10.198039027185569,7.0710678118654755,4.123105625617661,2.0,1.4142135623730951,4.0,0.0,0.0,0.0,0.0,0.0,0.0,0.0,0.0,0.0,0.0,0.0,1.0,1.0,2.23606797749979,3.1622776601683795,4.123105625617661,6.4031242374328485,8.602325267042627,10.816653826391969,13.892443989449804,15.652475842498529,16.15549442140351,16.76305461424021,17.26267650163207,17.029386365926403,16.0312195418814,15.033296378372908,13.152946437965905,11.045361017187261,9.0,5.830951894845301,5.385164807134504,8.06225774829855,12.649110640673518,17.88854381999832,21.470910553583888,24.186773244895647
1787404075.497855,-79,0.0,11.045361017187261,13.038404810405298,14.142135623730951,14.560219778561036,13.416407864998739,11.40175425099138,10.0,11.180339887498949,11.704699910719626,11.180339887498949,10.04987562112089,10.198039027185569,8.94427190999916,7.810249675906654,7.211102550927978,6.708203932499369,7.615773105863909,9.219544457292887,11.045361017187261,13.038404810405298,14.142135623730951,14.866068747318506,15.652475842498529,13.892443989449804,11.661903789690601,10.770329614269007,0.0,0.0,0.0,0.0,0.0,0.0,0.0,0.0,0.0,0.0,0.0,5.385164807134504,4.47213595499958,3.605551275463989,3.605551275463989,5.0,12.206555615733702,15.556349186104045,11.704699910719626,12.165525060596439,13.0,17.0,23.08679276123039,27.202941017470888,24.186773244895647,17.72004514666935,12.165525060596439,11.0,10.04987562112089,10.0,10.04987562112089,8.54400374531753,6.4031242374328485,5.656854249492381,5.0,3.1622776601683795,3.1622776601683795
1787404075.6881871,-68,0.0,27.892651361962706,26.68332812825267,24.515301344262525,21.37755832643195,17.029386365926403,12.041594578792296,6.708203932499369,4.123105625617661,5.830951894845301,9.219544457292887,11.40175425099138,12.041594578792296,13.45362404707371,14.212670403551895,15.811388300841896,16.1245154965971,16.55294535724685,16.15549442140351,14.560219778561036,13.601470508735444,11.40175425099138,8.54400374531753,5.385164807134504,2.23606797749979,1.0,3.1622776601683795,0.0,0.0,0.0,0.0,0.0,0.0,0.0,0.0,0.0,0.0,0.0,3.0,2.0,1.0,2.23606797749979,4.47213595499958,7.211102550927978,9.899494936611665,14.422205101855956,16.64331697709324,19.4164878389476,20.248456731316587,21.095023109728988,20.12461179749811,19.313207915827967,17.46424919657298,15.297058540778355,14.317821063276353,11.40175425099138,8.06225774829855,4.242640687119285,3.1622776601683795,7.211102550927978,12.083045973594572,17.08800749063506,22.135943621178654,24.351591323771842
1787404075.6881871,-68,0.0,30.23243291566195,30.23243291566195,26.92582403567252,23.706539182259394,19.697715603592208,12.36931687685298,7.0710678118654755,4.47213595499958,6.082762530298219,8.94427190999916,10.295630140987,12.083045973594572,13.601470508735444,14.560219778561036,16.278820596099706,17.029386365926403,17.029386365926403,16.278820596099706,15.297058540778355,13.601470508735444,11.40175425099138,8.246211251235321,5.0990195135927845,1.4142135623730951,2.0,4.0,0.0,0.0,0.0,0.0,0.0,0.0,0.0,0.0,0.0,0.0,0.0,3.1622776601683795,1.0,1.0,2.23606797749979,5.0,8.06225774829855,11.180339887498949,15.231546211727817,17.46424919657298,19.235384061671343,21.470910553583888,22.847319317591726,21.93171219946131,19.313207915827967,18.439088914585774,19.1049731745428,17.029386365926403,13.038404810405298,8.06225774829855,5.385164807134504,4.123105625617661,7.211102550927978,12.041594578792296,18.601075237738275,23.600847442411894,25.80697580112788
1787404075.6881871,-68,0.0,26.076809620810597,26.076809620810597,24.698178070456937,20.591260281974,16.55294535724685,12.36931687685298,8.0,5.0,5.0,7.280109889280518,8.246211251235321,10.198039027185569,11.180339887498949,12.041594578792296,13.038404810405298,14.142135623730951,14.142135623730951,13.341664064126334,12.649110640673518,10.770329614269007,8.94427190999916,6.708203932499369,3.605551275463989,1.4142135623730951,2.23606797749979,3.0,0.0,0.0,0.0,0.0,0.0,0.0,0.0,0.0,0.0,0.0,0.0,2.23606797749979,1.4142135623730951,1.0,2.23606797749979,3.605551275463989,5.656854249492381,8.602325267042627,10.816653826391969,12.529964086141668,14.7648230602334,16.55294535724685,16.15549442140351,15.811388300841896,15.524174696260024,15.132745950421556,13.038404810405298,12.0,10.0,7.0710678118654755,3.605551275463989,3.0,6.4031242374328485,10.63014581273465,15.620499351813308,20.0,22.20360331117452
1787404075.895381,-89,0.0,24.20743687382041,20.518284528683193,16.278820596099706,12.206555615733702,9.848857801796104,8.06225774829855,7.0,6.082762530298219,6.082762530298219,5.0990195135927845,5.0,6.082762530298219,7.280109889280518,7.280109889280518,8.06225774829855,8.0,8.246211251235321,9.486832980505138,10.44030650891055,11.40175425099138,12.36931687685298,13.152946437965905,13.038404810405298,14.0,14.035668847618199,15.297058540778355,0.0,0.0,0.0,0.0,0.0,0.0,0.0,0.0,0.0,0.0,0.0,18.027756377319946,16.0,14.035668847618199,11.180339887498949,7.615773105863909,5.0,3.605551275463989,4.123105625617661,5.0,7.0710678118654755,7.810249675906654,9.219544457292887,9.899494936611665,9.219544457292887,10.816653826391969,13.92838827718412,16.15549442140351,18.027756377319946,18.681541692269406,19.4164878389476,20.09975124224178,20.0,20.223748416156685,20.615528128088304,20.615528128088304,21.095023109728988
1787404076.1703594,-72,0.0,27.313000567495326,26.0,23.259406699226016,20.591260281974,16.401219466856727,10.63014581273465,7.280109889280518,5.830951894845301,6.708203932499369,8.246211251235321,9.486832980505138,11.661903789690601,12.806248474865697,14.212670403551895,14.866068747318506,16.278820596099706,15.811388300841896,16.64331697709324,15.264337522473747,13.416407864998739,11.180339887498949,8.06225774829855,5.385164807134504,2.0,1.0,2.8284271247461903,0.0,0.0,0.0,0.0,0.0,0.0,0.0,0.0,0.0,0.0,0.0,3.605551275463989,1.4142135623730951,0.0,2.23606797749979,4.123105625617661,6.0,9.0,11.045361017187261,14.142135623730951,15.297058540778355,16.492422502470642,16.76305461424021,16.55294535724685,16.1245154965971,15.811388300841896,14.866068747318506,14.142135623730951,12.727922061357855,9.219544457292887,5.830951894845301,3.1622776601683795,7.0710678118654755,12.041594578792296,17.26267650163207,22.561028345356956,25.96150997149434
1787404076.2445052,-68,0.0,30.0,28.600699292150182,25.80697580112788,21.633307652783937,17.0,11.704699910719626,8.06225774829855,5.656854249492381,7.0710678118654755,9.055385138137417,10.04987562112089,11.0,13.152946437965905,14.560219778561036,14.866068747318506,15.652475842498529,16.1245154965971,15.0,14.212670403551895,12.041594578792296,9.899494936611665,7.0710678118654755,3.605551275463989,0.0,2.23606797749979,4.47213595499958,0.0,0.0,0.0,0.0,0.0,0.0,0.0,0.0,0.0,0.0,0.0,3.1622776601683795,1.0,1.0,4.0,5.385164807134504,7.211102550927978,9.219544457292887,12.041594578792296,14.142135623730951,16.401219466856727,18.027756377319946,18.027756377319946,17.88854381999832,16.15549442140351,15.524174696260024,14.317821063276353,13.152946437965905,10.198039027185569,7.615773105863909,5.0,5.0990195135927845,8.602325267042627,14.142135623730951,21.2602916254693,25.612496949731394,27.80287754891569
1787404076.2602925,-69,0.0,32.89376840679705,31.953090617340916,28.792360097775937,24.041630560342615,19.235384061671343,13.0,7.615773105863909,5.0990195135927845,7.280109889280518,9.848857801796104,11.180339887498949,13.0,14.560219778561036,16.278820596099706,17.029386365926403,18.027756377319946,18.110770276274835,17.46424919657298,15.524174696260024,13.601470508735444,11.40175425099138,9.219544457292887,5.0990195135927845,0.0,3.1622776601683795,4.123105625617661,0.0,0.0,0.0,0.0,0.0,0.0,0.0,0.0,0.0,0.0,0.0,3.1622776601683795,1.0,2.0,4.0,6.082762530298219,8.06225774829855,10.0,12.806248474865697,14.866068747318506,16.97056274847714,19.1049731745428,19.209372712298546,19.4164878389476,18.35755975068582,17.46424919657298,15.811388300841896,13.601470508735444,10.44030650891055,8.06225774829855,6.4031242374328485,6.324555320336759,10.63014581273465,16.1245154965971,22.825424421026653,28.635642126552707,31.38470965295043
1787404076.2602925,-68,0.0,29.068883707497267,28.319604517012593,25.45584412271571,21.213203435596427,17.029386365926403,11.661903789690601,7.0710678118654755,5.0,6.082762530298219,7.0,9.0,11.045361017187261,13.152946437965905,13.341664064126334,14.866068747318506,16.15549442140351,15.652475842498529,15.264337522473747,14.422205101855956,12.206555615733702,10.0,7.211102550927978,3.605551275463989,1.0,3.0,4.123105625617661,0.0,0.0,0.0,0.0,0.0,0.0,0.0,0.0,0.0,0.0,0.0,2.8284271247461903,1.0,1.0,2.8284271247461903,5.0,6.708203932499369,8.246211251235321,10.04987562112089,13.038404810405298,16.0,18.027756377319946,18.110770276274835,18.110770276274835,16.278820596099706,14.560219778561036,13.601470508735444,11.704699910719626,9.848857801796104,7.280109889280518,5.0,4.47213595499958,8.246211251235321,13.416407864998739,18.601075237738275,23.600847442411894,28.0178514522438
1787404076.2602925,-69,0.0,28.0,26.019223662515376,24.08318915758459,20.09975124224178,15.297058540778355,10.295630140987,5.830951894845301,5.385164807134504,7.0710678118654755,8.602325267042627,9.433981132056603,11.40175425099138,12.727922061357855,14.212670403551895,15.811388300841896,16.1245154965971,15.652475842498529,15.231546211727817,14.866068747318506,12.649110640673518,10.44030650891055,7.615773105863909,4.47213595499958,1.0,1.4142135623730951,2.8284271247461903,0.0,0.0,0.0,0.0,0.0,0.0,0.0,0.0,0.0,0.0,0.0,3.0,1.4142135623730951,2.23606797749979,3.0,4.123105625617661,6.708203932499369,8.06225774829855,9.219544457292887,12.041594578792296,14.212670403551895,16.278820596099706,16.278820596099706,14.866068747318506,13.601470508735444,13.892443989449804,13.0,11.704699910719626,8.54400374531753,4.123105625617661,2.23606797749979,4.242640687119285,8.54400374531753,13.152946437965905,18.110770276274835,23.021728866442675,25.079872407968907
1787404077.6574545,-69,0.0,29.832867780352597,29.614185789921695,26.476404589747453,21.213203435596427,17.029386365926403,12.165525060596439,7.211102550927978,4.123105625617661,6.4031242374328485,10.0,11.40175425099138,10.63014581273465,11.661903789690601,14.7648230602334,16.15549442140351,18.973665961010276,20.615528128088304,20.396078054371138,19.4164878389476,15.524174696260024,12.649110640673518,10.44030650891055,6.082762530298219,2.0,1.0,4.123105625617661,0.0,0.0,0.0,0.0,0.0,0.0,0.0,0.0,0.0,0.0,0.0,2.23606797749979,1.4142135623730951,3.0,3.605551275463989,6.4031242374328485,9.219544457292887,12.041594578792296,13.45362404707371,15.0,16.64331697709324,18.35755975068582,19.697715603592208,18.973665961010276,19.6468827043885,18.439088914585774,18.24828759089466,16.1245154965971,13.152946437965905,10.198039027185569,5.830951894845301,4.0,7.0710678118654755,11.661903789690601,17.88854381999832,23.769728648009426,27.85677655436824
1787404077.8289156,-68,0.0,25.942243542145693,23.706539182259394,21.93171219946131,19.313207915827967,13.92838827718412,9.055385138137417,5.0990195135927845,2.23606797749979,4.47213595499958,8.06225774829855,9.433981132056603,9.486832980505138,11.045361017187261,12.0,14.035668847618199,15.033296378372908,16.1245154965971,16.278820596099706,15.297058540778355,13.341664064126334,11.180339887498949,8.06225774829855,5.0,2.23606797749979,2.23606797749979,3.605551275463989,0.0,0.0,0.0,0.0,0.0,0.0,0.0,0.0,0.0,0.0,0.0,2.0,1.0,0.0,2.8284271247461903,5.656854249492381,7.810249675906654,9.433981132056603,11.661903789690601,13.892443989449804,15.652475842498529,17.46424919657298,17.46424919657298,17.72004514666935,17.46424919657298,17.26267650163207,16.1245154965971,14.035668847618199,11.180339887498949,9.219544457292887,5.830951894845301,4.123105625617661,6.708203932499369,11.313708498984761,17.804493814764857,22.80350850198276,24.413111231467404
1787404077.9366562,-69,0.0,27.018512172212592,26.0,23.021728866442675,20.024984394500787,15.132745950421556,10.44030650891055,6.4031242374328485,4.123105625617661,5.0,7.0710678118654755,8.48528137423857,10.0,11.180339887498949,13.0,14.560219778561036,16.278820596099706,16.1245154965971,16.0312195418814,15.033296378372908,13.0,11.045361017187261,8.06225774829855,4.123105625617661,1.4142135623730951,2.23606797749979,3.1622776601683795,0.0,0.0,0.0,0.0,0.0,0.0,0.0,0.0,0.0,0.0,0.0,2.8284271247461903,1.0,2.0,4.0,6.082762530298219,7.0710678118654755,9.219544457292887,11.704699910719626,13.0,14.317821063276353,16.1245154965971,17.204650534085253,17.029386365926403,16.278820596099706,16.401219466856727,15.264337522473747,14.7648230602334,12.529964086141668,10.0,5.830951894845301,4.123105625617661,7.211102550927978,11.704699910719626,16.492422502470642,21.213203435596427,24.186773244895647
1787404078.016617,-68,0.0,30.805843601498726,28.844410203711913,26.076809620810597,21.633307652783937,17.4928556845359,12.649110640673518,7.0710678118654755,5.0,5.0,7.280109889280518,8.0,9.486832980505138,12.36931687685298,14.317821063276353,15.620499351813308,15.556349186104045,15.620499351813308,16.278820596099706,15.556349186104045,14.142135623730951,10.63014581273465,7.810249675906654,6.4031242374328485,1.4142135623730951,2.8284271247461903,4.123105625617661,0.0,0.0,0.0,0.0,0.0,0.0,0.0,0.0,0.0,0.0,0.0,4.123105625617661,2.23606797749979,1.0,2.0,5.0,9.433981132056603,11.180339887498949,13.0,15.264337522473747,17.029386365926403,18.384776310850235,18.439088914585774,17.804493814764857,17.204650534085253,17.0,16.15549442140351,15.297058540778355,14.317821063276353,10.44030650891055,6.4031242374328485,5.385164807134504,7.615773105863909,13.45362404707371,19.849433241279208,25.238858928247925,28.30194339616981
1787404078.032465,-69,0.0,27.202941017470888,25.80697580112788,23.600847442411894,20.248456731316587,15.652475842498529,11.40175425099138,7.0,5.0,5.385164807134504,7.0710678118654755,8.06225774829855,10.198039027185569,11.40175425099138,13.0,14.7648230602334,15.811388300841896,16.401219466856727,16.401219466856727,14.866068747318506,13.45362404707371,11.40175425099138,8.94427190999916,5.385164807134504,3.0,2.0,3.1622776601683795,0.0,0.0,0.0,0.0,0.0,0.0,0.0,0.0,0.0,0.0,0.0,4.47213595499958,2.23606797749979,1.0,2.23606797749979,4.47213595499958,6.708203932499369,8.602325267042627,10.0,12.041594578792296,13.45362404707371,15.0,15.264337522473747,15.231546211727817,14.866068747318506,14.317821063276353,14.142135623730951,13.0,12.041594578792296,9.0,6.324555320336759,3.605551275463989,5.830951894845301,9.899494936611665,15.620499351813308,20.615528128088304,24.20743687382041
1787404078.530463,-70,0.0,23.323807579381203,22.47220505424423,21.633307652783937,20.808652046684813,20.0,18.439088914585774,17.029386365926403,14.866068747318506,13.45362404707371,12.041594578792296,11.40175425099138,10.295630140987,9.486832980505138,9.486832980505138,8.54400374531753,8.246211251235321,9.055385138137417,10.198039027185569,9.219544457292887,10.04987562112089,10.04987562112089,10.04987562112089,9.219544457292887,8.246211251235321,8.06225774829855,8.06225774829855,0.0,0.0,0.0,0.0,0.0,0.0,0.0,0.0,0.0,0.0,0.0,9.0,8.0,7.0710678118654755,6.324555320336759,6.324555320336759,6.708203932499369,7.211102550927978,7.211102550927978,7.211102550927978,7.810249675906654,7.810249675906654,8.48528137423857,8.48528137423857,8.602325267042627,9.433981132056603,10.295630140987,11.180339887498949,13.0,13.92838827718412,15.231546211727817,16.15549442140351,17.46424919657298,18.384776310850235,20.615528128088304,21.93171219946131,22.360679774997898
1787404078.6369627,-70,0.0,22.02271554554524,22.02271554554524,21.0,19.026297590440446,18.110770276274835,17.11724276862369,16.1245154965971,14.142135623730951,13.038404810405298,11.0,10.04987562112089,10.198039027185569,9.486832980505138,8.94427190999916,8.94427190999916,9.433981132056603,10.0,10.0,9.219544457292887,8.602325267042627,10.0,10.0,9.433981132056603,8.602325267042627,7.810249675906654,7.810249675906654,0.0,0.0,0.0,0.0,0.0,0.0,0.0,0.0,0.0,0.0,0.0,7.211102550927978,7.211102550927978,6.4031242374328485,6.4031242374328485,6.4031242374328485,6.4031242374328485,7.211102550927978,6.708203932499369,7.615773105863909,7.615773105863909,8.54400374531753,8.54400374531753,8.54400374531753,8.06225774829855,9.0,11.045361017187261,12.041594578792296,13.152946437965905,14.317821063276353,15.132745950421556,17.11724276862369,17.26267650163207,18.24828759089466,19.235384061671343,20.09975124224178,20.0
1787404078.8330386,-70,0.0,22.47220505424423,21.95449840010015,21.95449840010015,20.591260281974,18.788294228055936,18.384776310850235,16.76305461424021,14.560219778561036,12.36931687685298,10.770329614269007,10.295630140987,8.06225774829855,7.810249675906654,8.48528137423857,9.433981132056603,9.433981132056603,9.433981132056603,8.94427190999916,8.06225774829855,8.602325267042627,9.433981132056603,9.433981132056603,9.433981132056603,7.810249675906654,7.211102550927978,7.211102550927978,0.0,0.0,0.0,0.0,0.0,0.0,0.0,0.0,0.0,0.0,0.0,7.280109889280518,7.280109889280518,7.0710678118654755,6.082762530298219,6.0,6.082762530298219,6.082762530298219,7.0710678118654755,7.280109889280518,8.246211251235321,8.54400374531753,8.94427190999916,9.433981132056603,9.433981132056603,9.219544457292887,10.63014581273465,11.313708498984761,12.041594578792296,14.212670403551895,16.401219466856727,17.029386365926403,19.1049731745428,21.213203435596427,22.02271554554524,22.02271554554524,21.2602916254693
1787404078.9387512,-70,0.0,23.853720883753127,23.853720883753127,23.853720883753127,22.20360331117452,21.400934559032695,19.849433241279208,17.69180601295413,16.278820596099706,13.45362404707371,12.041594578792296,10.816653826391969,10.295630140987,9.848857801796104,10.44030650891055,10.44030650891055,10.198039027185569,10.198039027185569,10.04987562112089,10.04987562112089,9.055385138137417,10.04987562112089,10.04987562112089,9.219544457292887,8.246211251235321,8.06225774829855,8.06225774829855,0.0,0.0,0.0,0.0,0.0,0.0,0.0,0.0,0.0,0.0,0.0,9.219544457292887,8.54400374531753,8.54400374531753,8.06225774829855,8.06225774829855,8.602325267042627,8.602325267042627,9.219544457292887,9.219544457292887,10.0,9.899494936611665,10.63014581273465,10.63014581273465,10.816653826391969,11.661903789690601,12.083045973594572,13.0,15.231546211727817,17.08800749063506,17.46424919657298,18.384776310850235,19.697715603592208,20.615528128088304,22.360679774997898,22.825424421026653,22.825424421026653
1787404079.371492,-83,0.0,18.027756377319946,16.64331697709324,14.7648230602334,13.0,10.44030650891055,9.055385138137417,8.06225774829855,7.615773105863909,7.211102550927978,7.810249675906654,8.602325267042627,8.94427190999916,9.848857801796104,10.770329614269007,10.770329614269007,10.770329614269007,10.44030650891055,9.219544457292887,9.219544457292887,8.246211251235321,7.280109889280518,6.082762530298219,5.0,5.0990195135927845,5.0990195135927845,5.385164807134504,0.0,0.0,0.0,0.0,0.0,0.0,0.0,0.0,0.0,0.0,0.0,18.384776310850235,16.97056274847714,15.620499351813308,15.264337522473747,14.7648230602334,14.866068747318506,15.811388300841896,18.439088914585774,19.4164878389476,20.615528128088304,21.840329667841555,21.840329667841555,22.135943621178654,21.18962010041709,19.313207915827967,17.08800749063506,14.560219778561036,12.36931687685298,10.0,9.486832980505138,10.816653826391969,12.727922061357855,15.0,18.027756377319946,20.248456731316587,22.47220505424423
1787404079.7618637,-70,0.0,21.18962010041709,21.18962010041709,20.248456731316587,19.697715603592208,18.788294228055936,17.88854381999832,15.652475842498529,13.892443989449804,11.180339887498949,9.848857801796104,8.54400374531753,8.246211251235321,8.06225774829855,9.0,9.0,9.0,8.06225774829855,8.246211251235321,8.246211251235321,8.246211251235321,9.219544457292887,9.0,9.0,8.06225774829855,7.0710678118654755,7.0710678118654755,0.0,0.0,0.0,0.0,0.0,0.0,0.0,0.0,0.0,0.0,0.0,6.324555320336759,5.385164807134504,5.385164807134504,5.0,5.0,5.0,6.4031242374328485,7.211102550927978,7.211102550927978,7.810249675906654,7.211102550927978,6.708203932499369,7.280109889280518,8.246211251235321,8.246211251235321,10.04987562112089,11.045361017187261,12.041594578792296,13.038404810405298,14.142135623730951,15.132745950421556,16.1245154965971,17.11724276862369,18.24828759089466,19.4164878389476,20.396078054371138
1787404079.7618637,-70,0.0,20.615528128088304,20.615528128088304,19.697715603592208,20.12461179749811,19.235384061671343,17.4928556845359,15.811388300841896,13.601470508735444,13.038404810405298,11.661903789690601,9.848857801796104,10.198039027185569,10.04987562112089,10.04987562112089,10.04987562112089,10.04987562112089,10.0,10.04987562112089,10.04987562112089,10.04987562112089,11.0,11.0,11.045361017187261,10.04987562112089,9.055385138137417,9.055385138137417,0.0,0.0,0.0,0.0,0.0,0.0,0.0,0.0,0.0,0.0,0.0,6.708203932499369,5.385164807134504,5.0,6.4031242374328485,6.4031242374328485,6.708203932499369,7.615773105863909,8.06225774829855,8.602325267042627,8.602325267042627,8.602325267042627,8.06225774829855,8.54400374531753,9.219544457292887,10.198039027185569,11.180339887498949,12.165525060596439,14.142135623730951,15.297058540778355,16.278820596099706,16.278820596099706,17.46424919657298,18.439088914585774,19.6468827043885,20.8806130178211,20.8806130178211
1787404080.1586795,-70,0.0,24.041630560342615,23.08679276123039,22.80350850198276,20.615528128088304,20.223748416156685,19.235384061671343,18.110770276274835,16.0312195418814,14.035668847618199,12.041594578792296,11.40175425099138,10.770329614269007,11.180339887498949,10.295630140987,10.295630140987,10.295630140987,10.816653826391969,10.0,10.0,10.0,9.899494936611665,10.0,9.433981132056603,8.94427190999916,7.211102550927978,7.211102550927978,0.0,0.0,0.0,0.0,0.0,0.0,0.0,0.0,0.0,0.0,0.0,7.810249675906654,7.211102550927978,6.324555320336759,6.082762530298219,6.0,7.0,8.06225774829855,9.055385138137417,10.0,10.0,10.0,10.0,10.198039027185569,10.770329614269007,11.180339887498949,12.529964086141668,13.416407864998739,14.317821063276353,15.231546211727817,17.08800749063506,18.384776310850235,18.788294228055936,18.788294228055936,19.697715603592208,21.93171219946131,22.47220505424423
1787404081.2045205,-72,0.0,27.313000567495326,26.0,23.40939982143925,19.924858845171276,15.524174696260024,10.04987562112089,5.0990195135927845,3.1622776601683795,5.830951894845301,7.810249675906654,8.602325267042627,8.94427190999916,10.770329614269007,12.36931687685298,13.152946437965905,14.035668847618199,15.0,14.035668847618199,13.152946437965905,11.40175425099138,9.219544457292887,6.324555320336759,2.23606797749979,1.4142135623730951,2.0,3.1622776601683795,0.0,0.0,0.0,0.0,0.0,0.0,0.0,0.0,0.0,0.0,0.0,2.0,0.0,2.0,4.123105625617661,5.385164807134504,7.810249675906654,9.899494936611665,12.041594578792296,15.0,15.811388300841896,16.64331697709324,17.0,17.46424919657298,18.027756377319946,17.46424919657298,16.492422502470642,14.317821063276353,12.36931687685298,8.94427190999916,5.656854249492381,5.0990195135927845,7.810249675906654,12.206555615733702,17.4928556845359,21.95449840010015,25.059928172283335
1787404082.7088256,-36,0.0,13.0,13.601470508735444,13.601470508735444,13.601470508735444,13.0,13.416407864998739,13.0,12.529964086141668,13.416407864998739,13.416407864998739,13.892443989449804,13.601470508735444,13.892443989449804,14.422205101855956,14.422205101855956,14.422205101855956,14.422205101855956,15.811388300841896,15.264337522473747,15.264337522473747,14.7648230602334,14.7648230602334,14.317821063276353,13.0,13.92838827718412,13.601470508735444,0.0,0.0,0.0,0.0,0.0,0.0,0.0,0.0,0.0,0.0,0.0,12.165525060596439,12.041594578792296,12.041594578792296,13.0,13.0,13.038404810405298,14.035668847618199,13.038404810405298,13.152946437965905,13.038404810405298,13.152946437965905,13.152946437965905,13.038404810405298,13.038404810405298,13.038404810405298,13.038404810405298,12.0,12.0,12.041594578792296,12.041594578792296,12.041594578792296,13.152946437965905,13.152946437965905,12.165525060596439,13.341664064126334,13.152946437965905
1787404082.726719,-36,0.0,13.341664064126334,12.649110640673518,14.317821063276353,12.083045973594572,13.92838827718412,14.317821063276353,14.866068747318506,13.892443989449804,16.55294535724685,14.7648230602334,14.422205101855956,13.892443989449804,15.811388300841896,13.601470508735444,14.422205101855956,15.264337522473747,15.264337522473747,16.1245154965971,16.1245154965971,16.1245154965971,15.652475842498529,14.7648230602334,15.231546211727817,13.92838827718412,13.601470508735444,14.560219778561036,0.0,0.0,0.0,0.0,0.0,0.0,0.0,0.0,0.0,0.0,0.0,12.165525060596439,13.038404810405298,13.038404810405298,14.0,14.0,15.0,15.033296378372908,15.132745950421556,14.142135623730951,14.035668847618199,13.038404810405298,15.297058540778355,13.038404810405298,13.0,15.033296378372908,13.038404810405298,15.132745950421556,13.038404810405298,14.0,13.0,13.0,13.341664064126334,14.142135623730951,14.560219778561036,12.36931687685298,13.038404810405298
1787404082.726719,-36,0.0,12.806248474865697,12.041594578792296,12.041594578792296,12.806248474865697,11.40175425099138,12.206555615733702,12.206555615733702,13.038404810405298,12.529964086141668,12.529964086141668,13.416407864998739,13.0,13.0,13.0,13.0,13.92838827718412,13.92838827718412,14.317821063276353,14.317821063276353,14.317821063276353,13.416407864998739,13.892443989449804,13.892443989449804,13.038404810405298,12.806248474865697,12.041594578792296,0.0,0.0,0.0,0.0,0.0,0.0,0.0,0.0,0.0,0.0,0.0,10.63014581273465,10.816653826391969,11.661903789690601,11.661903789690601,12.529964086141668,12.083045973594572,12.083045973594572,13.0,12.649110640673518,13.0,11.704699910719626,12.083045973594572,11.704699910719626,12.083045973594572,12.083045973594572,12.083045973594572,11.180339887498949,11.180339887498949,11.661903789690601,12.206555615733702,11.40175425099138,12.206555615733702,12.041594578792296,12.041594578792296,12.041594578792296,12.041594578792296
1787404082.8410804,-70,0.0,22.02271554554524,21.400934559032695,20.808652046684813,20.248456731316587,19.72308292331602,17.88854381999832,16.55294535724685,14.317821063276353,12.083045973594572,10.295630140987,10.0,9.899494936611665,9.219544457292887,10.0,9.433981132056603,10.816653826391969,10.816653826391969,10.295630140987,11.180339887498949,11.180339887498949,11.661903789690601,11.661903789690601,10.816653826391969,10.816653826391969,10.816653826391969,10.816653826391969,0.0,0.0,0.0,0.0,0.0,0.0,0.0,0.0,0.0,0.0,0.0,8.06225774829855,8.0,8.0,7.0710678118654755,7.280109889280518,8.246211251235321,8.54400374531753,9.486832980505138,8.246211251235321,8.246211251235321,8.246211251235321,8.54400374531753,7.615773105863909,8.06225774829855,8.602325267042627,9.219544457292887,9.899494936611665,11.313708498984761,12.041594578792296,12.806248474865697,13.45362404707371,14.866068747318506,16.278820596099706,18.439088914585774,19.79898987322333,20.518284528683193
1787404082.8410804,-70,0.0,18.601075237738275,20.808652046684813,21.095023109728988,20.591260281974,19.235384061671343,18.384776310850235,17.08800749063506,14.560219778561036,13.038404810405298,10.04987562112089,8.94427190999916,8.48528137423857,9.433981132056603,9.433981132056603,10.295630140987,9.848857801796104,8.54400374531753,8.06225774829855,8.602325267042627,10.295630140987,10.295630140987,9.848857801796104,9.433981132056603,9.219544457292887,8.602325267042627,6.708203932499369,0.0,0.0,0.0,0.0,0.0,0.0,0.0,0.0,0.0,0.0,0.0,11.661903789690601,9.848857801796104,7.280109889280518,8.246211251235321,8.246211251235321,7.280109889280518,6.082762530298219,7.0710678118654755,9.055385138137417,9.0,9.0,8.0,7.0,7.0710678118654755,7.0710678118654755,7.280109889280518,11.180339887498949,12.529964086141668,12.206555615733702,10.816653826391969,12.206555615733702,13.45362404707371,15.556349186104045,16.278820596099706,18.027756377319946,19.72308292331602
1787404082.8530643,-71,0.0,24.08318915758459,22.67156809750927,22.627416997969522,21.93171219946131,20.615528128088304,18.867962264113206,17.0,13.892443989449804,13.038404810405298,12.206555615733702,9.899494936611665,9.219544457292887,10.0,10.0,10.295630140987,11.180339887498949,11.180339887498949,12.083045973594572,11.704699910719626,10.770329614269007,10.770329614269007,11.180339887498949,11.661903789690601,10.816653826391969,10.295630140987,10.295630140987,0.0,0.0,0.0,0.0,0.0,0.0,0.0,0.0,0.0,0.0,0.0,10.04987562112089,9.055385138137417,7.0710678118654755,7.280109889280518,8.246211251235321,8.246211251235321,8.54400374531753,8.54400374531753,9.848857801796104,8.94427190999916,8.94427190999916,8.94427190999916,9.433981132056603,9.219544457292887,9.899494936611665,10.63014581273465,11.40175425099138,12.041594578792296,12.806248474865697,13.601470508735444,15.0,16.401219466856727,17.204650534085253,18.601075237738275,20.615528128088304,22.02271554554524
1787404083.3534586,-69,0.0,29.832867780352597,28.635642126552707,25.709920264364882,22.135943621178654,17.46424919657298,13.038404810405298,7.810249675906654,6.0,5.830951894845301,7.810249675906654,9.219544457292887,10.63014581273465,12.206555615733702,14.422205101855956,14.7648230602334,14.317821063276353,14.866068747318506,14.317821063276353,13.152946437965905,12.041594578792296,10.0,8.0,5.0,2.0,1.0,2.8284271247461903,0.0,0.0,0.0,0.0,0.0,0.0,0.0,0.0,0.0,0.0,0.0,2.23606797749979,1.0,2.0,2.8284271247461903,4.47213595499958,6.324555320336759,8.06225774829855,10.04987562112089,13.152946437965905,15.524174696260024,16.15549442140351,16.55294535724685,16.1245154965971,15.811388300841896,15.620499351813308,14.866068747318506,13.45362404707371,11.313708498984761,7.810249675906654,4.47213595499958,3.605551275463989,7.280109889280518,12.041594578792296,18.0,23.021728866442675,25.179356624028344
1787404083.452685,-70,0.0,21.587033144922902,21.587033144922902,21.840329667841555,20.8806130178211,20.248456731316587,19.697715603592208,17.88854381999832,15.652475842498529,13.416407864998739,12.083045973594572,10.44030650891055,10.198039027185569,10.04987562112089,10.0,9.0,9.055385138137417,9.055385138137417,9.219544457292887,9.219544457292887,9.219544457292887,10.44030650891055,10.198039027185569,9.219544457292887,9.219544457292887,9.486832980505138,8.54400374531753,0.0,0.0,0.0,0.0,0.0,0.0,0.0,0.0,0.0,0.0,0.0,6.324555320336759,5.385164807134504,5.830951894845301,5.830951894845301,5.656854249492381,6.4031242374328485,6.4031242374328485,7.810249675906654,8.06225774829855,8.602325267042627,8.602325267042627,8.06225774829855,8.94427190999916,8.94427190999916,9.486832980505138,10.198039027185569,11.180339887498949,12.165525060596439,13.038404810405298,15.132745950421556,16.1245154965971,16.1245154965971,18.110770276274835,19.235384061671343,20.396078054371138,21.587033144922902
1787404083.452685,-69,0.0,26.92582403567252,24.73863375370596,21.587033144922902,19.6468827043885,16.15549442140351,10.0,5.385164807134504,4.47213595499958,6.4031242374328485,6.324555320336759,7.280109889280518,9.433981132056603,10.816653826391969,12.806248474865697,14.866068747318506,15.620499351813308,16.64331697709324,15.264337522473747,15.264337522473747,14.422205101855956,13.601470508735444,10.0,5.656854249492381,2.8284271247461903,1.4142135623730951,1.4142135623730951,0.0,0.0,0.0,0.0,0.0,0.0,0.0,0.0,0.0,0.0,0.0,3.1622776601683795,1.0,2.0,2.23606797749979,4.123105625617661,5.0,7.0710678118654755,10.198039027185569,12.36931687685298,13.92838827718412,13.416407864998739,14.317821063276353,15.231546211727817,15.264337522473747,14.212670403551895,14.142135623730951,12.206555615733702,10.295630140987,8.06225774829855,5.656854249492381,3.0,5.385164807134504,11.045361017187261,16.0312195418814,20.396078054371138,23.769728648009426
1787404083.488215,-70,0.0,27.65863337187866,26.248809496813376,23.430749027719962,20.615528128088304,16.64331697709324,11.704699910719626,8.0,5.0,6.082762530298219,8.06225774829855,9.055385138137417,10.0,12.165525060596439,14.560219778561036,15.811388300841896,16.55294535724685,17.88854381999832,17.4928556845359,16.64331697709324,15.0,13.038404810405298,9.433981132056603,5.830951894845301,3.1622776601683795,1.0,2.23606797749979,0.0,0.0,0.0,0.0,0.0,0.0,0.0,0.0,0.0,0.0,0.0,2.23606797749979,1.4142135623730951,1.0,2.23606797749979,4.242640687119285,6.4031242374328485,8.602325267042627,9.848857801796104,11.704699910719626,13.601470508735444,15.524174696260024,16.278820596099706,16.0312195418814,15.033296378372908,15.297058540778355,14.560219778561036,13.601470508735444,11.40175425099138,8.246211251235321,5.0,3.1622776601683795,6.324555320336759,10.816653826391969,17.029386365926403,21.213203435596427,24.758836806279895
1787404083.4999096,-70,0.0,25.96150997149434,25.96150997149434,23.08679276123039,20.248456731316587,15.231546211727817,10.816653826391969,7.211102550927978,5.0990195135927845,5.656854249492381,7.615773105863909,8.94427190999916,10.295630140987,11.40175425099138,13.45362404707371,15.620499351813308,16.401219466856727,16.64331697709324,16.64331697709324,15.652475842498529,13.416407864998739,11.661903789690601,9.433981132056603,6.4031242374328485,2.23606797749979,1.0,3.0,0.0,0.0,0.0,0.0,0.0,0.0,0.0,0.0,0.0,0.0,0.0,3.605551275463989,1.4142135623730951,1.0,3.1622776601683795,5.0990195135927845,6.082762530298219,8.0,10.04987562112089,12.36931687685298,14.560219778561036,15.811388300841896,16.15549442140351,15.264337522473747,15.0,14.866068747318506,14.866068747318506,13.45362404707371,11.40175425099138,8.48528137423857,5.0,3.1622776601683795,6.082762530298219,11.045361017187261,17.26267650163207,21.37755832643195,23.53720459187964
1787404083.5273929,-69,0.0,28.071337695236398,27.16615541441225,24.186773244895647,21.37755832643195,17.46424919657298,12.083045973594572,7.810249675906654,5.0990195135927845,5.830951894845301,7.0710678118654755,8.48528137423857,9.219544457292887,10.816653826391969,13.416407864998739,15.231546211727817,14.866068747318506,15.524174696260024,15.297058540778355,15.132745950421556,13.152946437965905,11.180339887498949,8.246211251235321,5.0990195135927845,2.0,1.0,3.0,0.0,0.0,0.0,0.0,0.0,0.0,0.0,0.0,0.0,0.0,0.0,2.23606797749979,1.4142135623730951,2.23606797749979,3.605551275463989,5.385164807134504,7.0710678118654755,8.0,10.198039027185569,11.40175425099138,13.601470508735444,15.231546211727817,15.264337522473747,15.0,14.866068747318506,14.212670403551895,13.601470508735444,13.038404810405298,10.816653826391969,8.06225774829855,5.0,3.605551275463989,6.324555320336759,12.041594578792296,17.0,22.0,24.020824298928627
1787404083.5471413,-70,0.0,26.68332812825267,25.709920264364882,24.041630560342615,20.8806130178211,16.55294535724685,11.40175425099138,6.708203932499369,4.47213595499958,6.4031242374328485,7.615773105863909,9.486832980505138,9.848857801796104,10.816653826391969,12.041594578792296,13.45362404707371,13.601470508735444,14.7648230602334,14.317821063276353,14.317821063276353,12.083045973594572,10.770329614269007,8.06225774829855,4.47213595499958,1.4142135623730951,2.0,4.0,0.0,0.0,0.0,0.0,0.0,0.0,0.0,0.0,0.0,0.0,0.0,2.23606797749979,1.0,2.23606797749979,4.123105625617661,6.082762530298219,9.055385138137417,10.0,12.041594578792296,13.341664064126334,15.524174696260024,16.76305461424021,16.55294535724685,16.1245154965971,15.811388300841896,14.866068747318506,14.866068747318506,13.601470508735444,11.40175425099138,9.219544457292887,5.830951894845301,3.1622776601683795,6.324555320336759,11.045361017187261,16.0312195418814,21.213203435596427,23.345235059857504
1787404083.6153054,-70,0.0,27.586228448267445,26.248809496813376,24.20743687382041,20.808652046684813,16.1245154965971,11.40175425099138,7.0710678118654755,5.656854249492381,6.082762530298219,8.0,10.04987562112089,11.0,12.041594578792296,14.317821063276353,14.560219778561036,16.15549442140351,16.1245154965971,16.64331697709324,15.811388300841896,15.0,12.206555615733702,9.433981132056603,5.830951894845301,2.23606797749979,1.0,3.1622776601683795,0.0,0.0,0.0,0.0,0.0,0.0,0.0,0.0,0.0,0.0,0.0,1.4142135623730951,1.0,2.0,3.1622776601683795,4.242640687119285,5.830951894845301,8.06225774829855,10.770329614269007,13.341664064126334,15.297058540778355,16.278820596099706,16.1245154965971,16.0,15.297058540778355,15.524174696260024,14.866068747318506,14.317821063276353,12.083045973594572,8.94427190999916,5.0990195135927845,2.8284271247461903,5.385164807134504,10.816653826391969,16.401219466856727,21.2602916254693,24.758836806279895
1787404083.7529736,-70,0.0,22.561028345356956,21.840329667841555,21.840329667841555,20.8806130178211,20.248456731316587,19.313207915827967,17.08800749063506,15.231546211727817,13.416407864998739,12.083045973594572,11.704699910719626,10.44030650891055,9.219544457292887,9.055385138137417,9.0,9.0,9.055385138137417,9.219544457292887,9.219544457292887,10.44030650891055,10.44030650891055,10.44030650891055,10.198039027185569,10.198039027185569,9.219544457292887,9.486832980505138,0.0,0.0,0.0,0.0,0.0,0.0,0.0,0.0,0.0,0.0,0.0,7.615773105863909,7.211102550927978,7.0710678118654755,7.810249675906654,7.211102550927978,7.211102550927978,8.06225774829855,8.06225774829855,8.06225774829855,8.602325267042627,8.94427190999916,8.54400374531753,8.246211251235321,9.219544457292887,10.04987562112089,11.045361017187261,12.0,13.0,15.0,16.0,17.029386365926403,18.027756377319946,19.026297590440446,21.095023109728988,22.20360331117452,22.20360331117452
1787404083.8611183,-70,0.0,21.2602916254693,21.2602916254693,21.2602916254693,20.615528128088304,19.209372712298546,18.027756377319946,17.4928556845359,15.652475842498529,13.892443989449804,12.206555615733702,11.40175425099138,9.219544457292887,8.48528137423857,8.48528137423857,7.810249675906654,8.602325267042627,8.06225774829855,8.54400374531753,8.54400374531753,8.54400374531753,8.54400374531753,8.54400374531753,8.94427190999916,8.06225774829855,8.06225774829855,7.615773105863909,0.0,0.0,0.0,0.0,0.0,0.0,0.0,0.0,0.0,0.0,0.0,8.06225774829855,7.0,7.0,7.0710678118654755,7.0710678118654755,7.0710678118654755,7.280109889280518,7.280109889280518,7.615773105863909,7.615773105863909,7.615773105863909,8.06225774829855,8.602325267042627,7.810249675906654,8.48528137423857,10.63014581273465,12.206555615733702,12.806248474865697,14.212670403551895,15.0,16.401219466856727,17.204650534085253,19.209372712298546,20.0,21.2602916254693,21.93171219946131
1787404083.9581227,-70,0.0,22.20360331117452,22.47220505424423,21.95449840010015,20.591260281974,20.591260281974,18.788294228055936,17.46424919657298,16.15549442140351,13.92838827718412,12.083045973594572,10.770329614269007,10.295630140987,9.433981132056603,9.219544457292887,9.219544457292887,8.48528137423857,7.810249675906654,8.602325267042627,8.06225774829855,8.54400374531753,8.94427190999916,8.06225774829855,8.602325267042627,8.06225774829855,7.211102550927978,7.211102550927978,0.0,0.0,0.0,0.0,0.0,0.0,0.0,0.0,0.0,0.0,0.0,8.94427190999916,7.615773105863909,7.615773105863909,7.280109889280518,7.0710678118654755,8.06225774829855,8.0,8.0,8.06225774829855,8.06225774829855,8.06225774829855,7.280109889280518,7.615773105863909,8.06225774829855,9.433981132056603,10.0,12.041594578792296,13.45362404707371,13.45362404707371,14.866068747318506,16.278820596099706,17.69180601295413,18.439088914585774,20.615528128088304,21.400934559032695,22.02271554554524
1787404084.054517,-70,0.0,22.360679774997898,21.470910553583888,21.02379604162864,19.697715603592208,19.313207915827967,18.027756377319946,16.492422502470642,14.560219778561036,12.36931687685298,11.704699910719626,10.295630140987,9.433981132056603,8.602325267042627,9.219544457292887,9.219544457292887,9.219544457292887,9.219544457292887,9.219544457292887,9.219544457292887,9.219544457292887,9.219544457292887,9.899494936611665,9.219544457292887,8.48528137423857,7.810249675906654,7.0710678118654755,0.0,0.0,0.0,0.0,0.0,0.0,0.0,0.0,0.0,0.0,0.0,8.246211251235321,7.280109889280518,8.246211251235321,7.0710678118654755,7.0710678118654755,7.0,8.0,8.06225774829855,8.06225774829855,8.246211251235321,8.246211251235321,8.54400374531753,8.54400374531753,8.94427190999916,9.433981132056603,10.816653826391969,11.40175425099138,12.806248474865697,14.212670403551895,15.0,15.620499351813308,17.029386365926403,17.804493814764857,20.0,21.400934559032695,21.633307652783937
1787404084.1632714,-69,0.0,28.635642126552707,27.892651361962706,25.0,20.8806130178211,16.15549442140351,10.816653826391969,7.211102550927978,5.0990195135927845,6.4031242374328485,8.602325267042627,10.63014581273465,11.313708498984761,12.806248474865697,13.892443989449804,14.317821063276353,15.811388300841896,15.524174696260024,15.297058540778355,14.142135623730951,13.038404810405298,10.04987562112089,8.06225774829855,4.123105625617661,1.4142135623730951,2.23606797749979,4.0,0.0,0.0,0.0,0.0,0.0,0.0,0.0,0.0,0.0,0.0,0.0,3.0,1.4142135623730951,2.23606797749979,3.605551275463989,5.830951894845301,7.280109889280518,9.219544457292887,12.041594578792296,14.0,16.0312195418814,17.26267650163207,18.681541692269406,18.384776310850235,17.88854381999832,18.867962264113206,18.601075237738275,16.401219466856727,14.422205101855956,11.180339887498949,7.280109889280518,5.830951894845301,7.280109889280518,12.0,18.110770276274835,23.345235059857504,26.476404589747453
1787404084.780432,-69,0.0,29.614185789921695,29.427877939124322,27.459060435491963,23.53720459187964,18.973665961010276,14.317821063276353,10.0,5.385164807134504,4.47213595499958,5.830951894845301,7.211102550927978,8.48528137423857,11.40175425099138,13.038404810405298,14.422205101855956,16.1245154965971,17.0,16.55294535724685,14.7648230602334,12.529964086141668,10.295630140987,7.211102550927978,4.242640687119285,1.0,2.0,4.0,0.0,0.0,0.0,0.0,0.0,0.0,0.0,0.0,0.0,0.0,0.0,2.8284271247461903,0.0,1.4142135623730951,3.1622776601683795,6.082762530298219,9.0,11.0,13.0,14.035668847618199,15.297058540778355,16.492422502470642,17.08800749063506,17.0,17.804493814764857,17.69180601295413,16.278820596099706,14.142135623730951,11.313708498984761,9.219544457292887,5.830951894845301,3.605551275463989,7.280109889280518,12.0,17.11724276862369,22.20360331117452,25.317977802344327
1787404084.815825,-69,0.0,26.476404589747453,25.317977802344327,24.331050121192877,20.396078054371138,16.492422502470642,12.649110640673518,7.211102550927978,4.123105625617661,4.242640687119285,5.830951894845301,8.06225774829855,9.433981132056603,11.313708498984761,12.806248474865697,15.0,15.264337522473747,16.1245154965971,16.1245154965971,13.892443989449804,12.529964086141668,10.295630140987,8.602325267042627,5.0,3.0,3.605551275463989,4.123105625617661,0.0,0.0,0.0,0.0,0.0,0.0,0.0,0.0,0.0,0.0,0.0,3.605551275463989,2.23606797749979,1.4142135623730951,3.0,5.0990195135927845,7.280109889280518,9.486832980505138,11.704699910719626,13.92838827718412,15.231546211727817,15.652475842498529,16.64331697709324,17.029386365926403,16.97056274847714,16.401219466856727,15.811388300841896,13.601470508735444,12.206555615733702,9.219544457292887,5.830951894845301,4.47213595499958,6.324555320336759,11.0,16.0312195418814,21.095023109728988,24.08318915758459
1787404084.844604,-69,0.0,26.019223662515376,25.019992006393608,22.02271554554524,20.09975124224178,16.1245154965971,12.36931687685298,7.615773105863909,4.47213595499958,4.242640687119285,6.4031242374328485,7.810249675906654,9.899494936611665,10.63014581273465,12.806248474865697,14.422205101855956,14.7648230602334,15.652475842498529,15.652475842498529,14.7648230602334,12.529964086141668,10.295630140987,8.06225774829855,5.0,2.0,3.605551275463989,5.830951894845301,0.0,0.0,0.0,0.0,0.0,0.0,0.0,0.0,0.0,0.0,0.0,3.1622776601683795,2.23606797749979,1.4142135623730951,3.1622776601683795,5.385164807134504,8.06225774829855,10.295630140987,13.038404810405298,15.0,16.401219466856727,17.029386365926403,17.69180601295413,17.029386365926403,17.204650534085253,17.4928556845359,16.55294535724685,15.231546211727817,13.0,10.295630140987,5.656854249492381,4.123105625617661,6.708203932499369,11.180339887498949,17.029386365926403,22.02271554554524,25.019992006393608
1787404084.8770206,-69,0.0,27.202941017470888,25.96150997149434,23.769728648009426,20.396078054371138,17.26267650163207,13.038404810405298,9.055385138137417,5.0,4.0,6.082762530298219,8.246211251235321,9.219544457292887,11.180339887498949,13.038404810405298,14.0,15.033296378372908,16.1245154965971,16.1245154965971,15.297058540778355,13.341664064126334,11.045361017187261,8.0,5.0,2.23606797749979,2.23606797749979,3.605551275463989,0.0,0.0,0.0,0.0,0.0,0.0,0.0,0.0,0.0,0.0,0.0,4.0,2.23606797749979,0.0,1.4142135623730951,3.605551275463989,6.4031242374328485,8.48528137423857,10.63014581273465,12.727922061357855,14.866068747318506,15.0,14.422205101855956,14.7648230602334,14.866068747318506,14.560219778561036,14.317821063276353,12.165525060596439,10.04987562112089,7.0710678118654755,3.605551275463989,2.8284271247461903,6.708203932499369,11.704699910719626,16.76305461424021,20.8806130178211,24.041630560342615
1787404085.0184991,-82,0.0,5.656854249492381,4.47213595499958,5.0990195135927845,5.0990195135927845,6.708203932499369,8.602325267042627,10.63014581273465,12.727922061357855,14.142135623730951,14.866068747318506,15.556349186104045,16.278820596099706,16.97056274847714,16.97056274847714,16.97056274847714,16.278820596099706,15.556349186104045,15.556349186104045,14.142135623730951,14.142135623730951,12.727922061357855,12.041594578792296,10.63014581273465,10.0,8.602325267042627,8.06225774829855,0.0,0.0,0.0,0.0,0.0,0.0,0.0,0.0,0.0,0.0,0.0,15.620499351813308,15.620499351813308,16.401219466856727,16.401219466856727,16.64331697709324,15.811388300841896,15.264337522473747,15.264337522473747,13.892443989449804,12.529964086141668,11.180339887498949,10.295630140987,8.602325267042627,7.810249675906654,7.810249675906654,7.0710678118654755,7.810249675906654,7.810249675906654,7.810249675906654,8.48528137423857,8.48528137423857,9.219544457292887,10.0,10.816653826391969,11.661903789690601,12.083045973594572
1787404085.0825846,-69,0.0,24.758836806279895,24.08318915758459,22.67156809750927,19.849433241279208,15.811388300841896,12.083045973594572,7.0710678118654755,4.47213595499958,4.47213595499958,6.082762530298219,8.0,10.04987562112089,11.40175425099138,12.649110640673518,13.92838827718412,15.652475842498529,16.1245154965971,16.1245154965971,16.1245154965971,13.892443989449804,12.529964086141668,9.486832980505138,6.0,3.605551275463989,4.0,5.0990195135927845,0.0,0.0,0.0,0.0,0.0,0.0,0.0,0.0,0.0,0.0,0.0,3.0,1.4142135623730951,2.0,3.605551275463989,5.0,8.06225774829855,10.295630140987,12.083045973594572,14.317821063276353,15.231546211727817,16.76305461424021,16.492422502470642,16.1245154965971,16.0312195418814,16.1245154965971,15.524174696260024,14.560219778561036,11.704699910719626,9.219544457292887,5.0,2.23606797749979,5.830951894845301,10.63014581273465,15.556349186104045,19.1049731745428,21.93171219946131
1787404085.1936412,-81,0.0,4.47213595499958,3.605551275463989,2.23606797749979,1.0,2.8284271247461903,4.47213595499958,6.4031242374328485,7.810249675906654,7.810249675906654,7.0710678118654755,6.4031242374328485,4.47213595499958,2.0,3.0,6.324555320336759,9.219544457292887,13.601470508735444,15.811388300841896,15.811388300841896,15.524174696260024,15.297058540778355,11.704699910719626,8.602325267042627,7.810249675906654,7.810249675906654,7.0710678118654755,0.0,0.0,0.0,0.0,0.0,0.0,0.0,0.0,0.0,0.0,0.0,19.1049731745428,20.024984394500787,22.090722034374522,23.08679276123039,21.095023109728988,18.110770276274835,13.038404810405298,8.0,3.0,3.1622776601683795,7.280109889280518,8.246211251235321,9.0,8.246211251235321,8.06225774829855,9.219544457292887,12.041594578792296,14.212670403551895,14.422205101855956,13.0,11.045361017187261,12.36931687685298,13.416407864998739,13.601470508735444,12.727922061357855,10.0
1787404085.3852634,-69,0.0,26.832815729997478,25.942243542145693,24.186773244895647,21.633307652783937,17.804493814764857,12.806248474865697,8.54400374531753,6.082762530298219,7.0710678118654755,9.433981132056603,11.180339887498949,11.661903789690601,12.206555615733702,14.212670403551895,15.620499351813308,16.97056274847714,17.029386365926403,16.401219466856727,15.811388300841896,13.892443989449804,11.661903789690601,8.602325267042627,5.0,2.23606797749979,0.0,1.4142135623730951,0.0,0.0,0.0,0.0,0.0,0.0,0.0,0.0,0.0,0.0,0.0,2.23606797749979,1.0,1.0,3.1622776601683795,4.242640687119285,5.830951894845301,8.246211251235321,10.198039027185569,12.041594578792296,14.0,16.0,16.0312195418814,15.524174696260024,16.15549442140351,15.652475842498529,15.264337522473747,14.422205101855956,12.206555615733702,8.602325267042627,5.385164807134504,2.23606797749979,5.0990195135927845,10.770329614269007,16.55294535724685,21.02379604162864,23.706539182259394
1787404085.455077,-69,0.0,29.154759474226502,27.459060435491963,26.627053911388696,23.430749027719962,19.1049731745428,12.806248474865697,6.708203932499369,4.242640687119285,6.324555320336759,8.06225774829855,10.04987562112089,10.198039027185569,11.704699910719626,13.416407864998739,15.620499351813308,16.97056274847714,18.384776310850235,17.69180601295413,16.278820596099706,14.866068747318506,12.727922061357855,9.219544457292887,4.242640687119285,1.0,1.4142135623730951,2.8284271247461903,0.0,0.0,0.0,0.0,0.0,0.0,0.0,0.0,0.0,0.0,0.0,1.0,0.0,2.23606797749979,4.242640687119285,6.4031242374328485,8.06225774829855,10.770329614269007,13.601470508735444,16.492422502470642,18.439088914585774,19.4164878389476,20.09975124224178,19.0,18.24828759089466,17.46424919657298,17.08800749063506,16.15549442140351,13.0,9.486832980505138,5.0990195135927845,3.605551275463989,8.246211251235321,13.0,17.88854381999832,22.47220505424423,25.80697580112788
1787404085.605758,-69,0.0,28.160255680657446,27.16615541441225,25.179356624028344,21.37755832643195,16.76305461424021,12.529964086141668,8.48528137423857,5.0990195135927845,5.0,6.4031242374328485,8.48528137423857,8.602325267042627,10.295630140987,12.083045973594572,13.0,14.560219778561036,15.524174696260024,15.297058540778355,14.317821063276353,12.36931687685298,10.198039027185569,7.0710678118654755,3.0,1.0,2.23606797749979,3.605551275463989,0.0,0.0,0.0,0.0,0.0,0.0,0.0,0.0,0.0,0.0,0.0,1.0,1.4142135623730951,2.8284271247461903,4.47213595499958,5.385164807134504,8.06225774829855,10.0,11.045361017187261,12.165525060596439,14.560219778561036,15.811388300841896,16.55294535724685,16.64331697709324,17.029386365926403,15.556349186104045,15.620499351813308,14.212670403551895,12.041594578792296,9.219544457292887,5.830951894845301,3.1622776601683795,6.324555320336759,11.045361017187261,16.0,21.0,23.021728866442675
1787404085.9066415,-70,0.0,21.02379604162864,21.02379604162864,21.095023109728988,20.223748416156685,19.4164878389476,17.72004514666935,15.811388300841896,14.866068747318506,13.0,10.770329614269007,9.486832980505138,8.06225774829855,8.06225774829855,8.0,8.06225774829855,8.246211251235321,8.54400374531753,8.54400374531753,8.94427190999916,9.848857801796104,10.295630140987,8.94427190999916,8.54400374531753,7.280109889280518,6.324555320336759,6.708203932499369,0.0,0.0,0.0,0.0,0.0,0.0,0.0,0.0,0.0,0.0,0.0,7.211102550927978,6.4031242374328485,7.0710678118654755,7.0710678118654755,6.4031242374328485,6.4031242374328485,7.211102550927978,8.06225774829855,8.06225774829855,8.06225774829855,8.06225774829855,7.615773105863909,7.280109889280518,8.06225774829855,9.0,10.0,11.0,12.041594578792296,13.038404810405298,14.035668847618199,15.033296378372908,16.0312195418814,17.029386365926403,18.027756377319946,20.024984394500787,21.0
1787404086.2385674,-82,0.0,5.0,7.615773105863909,11.045361017187261,13.0,11.045361017187261,10.770329614269007,11.180339887498949,11.661903789690601,10.295630140987,7.211102550927978,4.47213595499958,3.0,2.8284271247461903,5.0990195135927845,8.06225774829855,11.180339887498949,14.560219778561036,17.08800749063506,19.697715603592208,22.47220505424423,23.08679276123039,24.041630560342615,23.08679276123039,19.6468827043885,17.26267650163207,15.297058540778355,0.0,0.0,0.0,0.0,0.0,0.0,0.0,0.0,0.0,0.0,0.0,10.295630140987,10.63014581273465,12.041594578792296,10.63014581273465,9.219544457292887,7.0710678118654755,6.708203932499369,4.123105625617661,5.0990195135927845,6.082762530298219,6.4031242374328485,10.0,14.422205101855956,17.029386365926403,16.97056274847714,15.556349186104045,14.142135623730951,9.899494936611665,6.4031242374328485,3.605551275463989,2.23606797749979,4.123105625617661,4.242640687119285,3.605551275463989,2.23606797749979,1.4142135623730951
1787404086.3099325,-69,0.0,29.154759474226502,28.635642126552707,25.942243542145693,22.825424421026653,18.027756377319946,12.727922061357855,8.06225774829855,5.0,5.656854249492381,7.211102550927978,8.06225774829855,9.433981132056603,10.63014581273465,12.041594578792296,12.806248474865697,13.892443989449804,14.317821063276353,13.92838827718412,13.601470508735444,12.36931687685298,11.180339887498949,8.246211251235321,6.082762530298219,3.1622776601683795,1.4142135623730951,1.4142135623730951,0.0,0.0,0.0,0.0,0.0,0.0,0.0,0.0,0.0,0.0,0.0,2.8284271247461903,1.0,1.4142135623730951,3.605551275463989,5.385164807134504,7.280109889280518,9.055385138137417,12.041594578792296,14.035668847618199,15.0,16.0312195418814,16.1245154965971,16.492422502470642,15.811388300841896,14.7648230602334,14.422205101855956,12.206555615733702,10.0,7.211102550927978,4.123105625617661,3.605551275463989,7.0710678118654755,12.36931687685298,17.72004514666935,22.135943621178654,25.632011235952593
1787404086.3503673,-84,0.0,9.219544457292887,9.219544457292887,10.0,10.295630140987,11.180339887498949,11.704699910719626,10.770329614269007,8.54400374531753,8.54400374531753,6.708203932499369,5.0,4.123105625617661,5.0990195135927845,7.211102550927978,10.0,11.313708498984761,14.142135623730951,16.278820596099706,18.439088914585774,19.849433241279208,20.518284528683193,19.79898987322333,19.79898987322333,19.1049731745428,18.439088914585774,17.204650534085253,0.0,0.0,0.0,0.0,0.0,0.0,0.0,0.0,0.0,0.0,0.0,7.810249675906654,6.4031242374328485,5.830951894845301,5.385164807134504,4.123105625617661,3.0,1.4142135623730951,2.23606797749979,4.242640687119285,5.830951894845301,8.54400374531753,10.44030650891055,12.36931687685298,13.341664064126334,13.341664064126334,13.341664064126334,12.165525060596439,10.04987562112089,9.0,7.0710678118654755,5.0990195135927845,4.123105625617661,2.23606797749979,1.4142135623730951,1.4142135623730951,0.0
1787404086.4137943,-81,0.0,6.708203932499369,9.219544457292887,13.601470508735444,14.866068747318506,15.652475842498529,15.231546211727817,14.866068747318506,13.601470508735444,11.704699910719626,9.219544457292887,6.082762530298219,4.242640687119285,4.0,6.708203932499369,9.433981132056603,11.661903789690601,14.422205101855956,17.204650534085253,19.1049731745428,20.518284528683193,21.93171219946131,23.345235059857504,23.430749027719962,21.400934559032695,17.4928556845359,14.7648230602334,0.0,0.0,0.0,0.0,0.0,0.0,0.0,0.0,0.0,0.0,0.0,10.198039027185569,6.0,6.4031242374328485,5.0,3.0,2.0,0.0,4.123105625617661,5.0990195135927845,5.0990195135927845,6.082762530298219,9.0,12.165525060596439,14.560219778561036,15.297058540778355,15.132745950421556,13.152946437965905,10.770329614269007,9.433981132056603,7.810249675906654,5.656854249492381,5.0,4.242640687119285,6.4031242374328485,6.708203932499369,5.656854249492381
1787404086.6209397,-69,0.0,29.154759474226502,28.844410203711913,27.202941017470888,24.20743687382041,19.1049731745428,14.212670403551895,9.486832980505138,6.082762530298219,5.656854249492381,6.708203932499369,8.54400374531753,10.770329614269007,11.180339887498949,11.661903789690601,12.806248474865697,12.727922061357855,12.041594578792296,12.206555615733702,11.180339887498949,9.848857801796104,8.54400374531753,6.082762530298219,4.0,2.8284271247461903,3.0,3.1622776601683795,0.0,0.0,0.0,0.0,0.0,0.0,0.0,0.0,0.0,0.0,0.0,2.23606797749979,1.0,2.0,3.605551275463989,6.4031242374328485,7.810249675906654,8.94427190999916,10.770329614269007,11.704699910719626,14.560219778561036,16.278820596099706,16.0312195418814,16.0312195418814,15.297058540778355,14.560219778561036,13.92838827718412,13.416407864998739,11.180339887498949,7.615773105863909,5.0,3.605551275463989,6.082762530298219,10.770329614269007,16.55294535724685,21.470910553583888,24.186773244895647
1787404086.6484246,-71,0.0,29.068883707497267,28.178005607210743,25.059928172283335,22.47220505424423,18.027756377319946,12.727922061357855,8.06225774829855,5.0990195135927845,5.0,7.280109889280518,8.246211251235321,9.486832980505138,9.848857801796104,10.816653826391969,11.40175425099138,11.313708498984761,12.206555615733702,11.180339887498949,10.770329614269007,9.486832980505138,8.246211251235321,5.0990195135927845,3.0,1.4142135623730951,2.23606797749979,2.8284271247461903,0.0,0.0,0.0,0.0,0.0,0.0,0.0,0.0,0.0,0.0,0.0,2.0,0.0,2.23606797749979,3.605551275463989,6.4031242374328485,8.06225774829855,9.848857801796104,12.649110640673518,14.317821063276353,15.297058540778355,17.11724276862369,16.0312195418814,16.0312195418814,16.492422502470642,15.811388300841896,14.317821063276353,13.416407864998739,12.529964086141668,9.848857801796104,6.082762530298219,3.605551275463989,6.082762530298219,11.40175425099138,17.08800749063506,21.540659228538015,25.495097567963924
1787404086.936511,-69,0.0,28.0178514522438,26.627053911388696,25.0,22.20360331117452,18.601075237738275,12.806248474865697,7.810249675906654,3.0,3.1622776601683795,4.123105625617661,6.324555320336759,8.246211251235321,10.44030650891055,12.083045973594572,13.038404810405298,13.038404810405298,13.038404810405298,12.206555615733702,11.40175425099138,9.899494936611665,7.810249675906654,5.0,2.23606797749979,1.4142135623730951,2.23606797749979,3.1622776601683795,0.0,0.0,0.0,0.0,0.0,0.0,0.0,0.0,0.0,0.0,0.0,2.23606797749979,1.0,3.1622776601683795,4.47213595499958,5.0,6.4031242374328485,8.54400374531753,10.770329614269007,13.416407864998739,14.317821063276353,13.92838827718412,15.297058540778355,15.033296378372908,15.033296378372908,16.278820596099706,15.524174696260024,13.0,12.083045973594572,9.848857801796104,6.082762530298219,2.8284271247461903,4.123105625617661,9.486832980505138,14.866068747318506,20.12461179749811,24.698178070456937
1787404086.9708767,-69,0.0,28.178005607210743,27.784887978899608,25.238858928247925,22.20360331117452,18.439088914585774,12.806248474865697,8.06225774829855,4.123105625617661,4.47213595499958,6.082762530298219,8.0,9.055385138137417,11.045361017187261,12.165525060596439,13.601470508735444,13.92838827718412,14.317821063276353,13.416407864998739,12.529964086141668,10.295630140987,8.06225774829855,5.830951894845301,3.1622776601683795,1.4142135623730951,1.4142135623730951,2.8284271247461903,0.0,0.0,0.0,0.0,0.0,0.0,0.0,0.0,0.0,0.0,0.0,3.1622776601683795,1.4142135623730951,3.1622776601683795,4.47213595499958,5.385164807134504,7.615773105863909,9.219544457292887,11.0,13.038404810405298,15.132745950421556,16.278820596099706,16.76305461424021,16.55294535724685,16.1245154965971,16.401219466856727,16.97056274847714,15.556349186104045,13.45362404707371,11.313708498984761,6.4031242374328485,2.0,5.0990195135927845,10.44030650891055,16.15549442140351,21.02379604162864,24.596747752497688
1787404086.9843948,-69,0.0,34.9857113690718,34.132096331752024,31.906112267087632,27.202941017470888,22.02271554554524,16.97056274847714,10.816653826391969,6.082762530298219,6.4031242374328485,8.246211251235321,10.198039027185569,12.165525060596439,14.142135623730951,15.524174696260024,17.46424919657298,17.0,16.1245154965971,15.264337522473747,14.422205101855956,12.806248474865697,11.40175425099138,8.06225774829855,4.47213595499958,2.0,2.23606797749979,3.1622776601683795,0.0,0.0,0.0,0.0,0.0,0.0,0.0,0.0,0.0,0.0,0.0,3.0,1.0,3.605551275463989,5.656854249492381,7.211102550927978,7.615773105863909,9.219544457292887,11.180339887498949,15.132745950421556,18.110770276274835,20.024984394500787,20.024984394500787,20.223748416156685,19.924858845171276,18.35755975068582,19.4164878389476,19.849433241279208,17.029386365926403,12.041594578792296,6.4031242374328485,3.0,7.0,13.152946437965905,19.313207915827967,25.495097567963924,30.01666203960727
1787404087.850081,-69,0.0,20.248456731316587,20.808652046684813,20.808652046684813,20.0,19.209372712298546,17.69180601295413,16.278820596099706,14.142135623730951,12.041594578792296,11.313708498984761,10.63014581273465,10.0,9.433981132056603,8.94427190999916,8.06225774829855,7.615773105863909,8.54400374531753,8.246211251235321,8.246211251235321,9.219544457292887,9.219544457292887,9.219544457292887,8.246211251235321,7.280109889280518,7.280109889280518,7.0710678118654755,0.0,0.0,0.0,0.0,0.0,0.0,0.0,0.0,0.0,0.0,0.0,6.082762530298219,6.082762530298219,5.385164807134504,7.211102550927978,7.211102550927978,7.211102550927978,6.4031242374328485,7.211102550927978,7.810249675906654,7.810249675906654,7.810249675906654,7.0710678118654755,7.810249675906654,8.602325267042627,9.433981132056603,9.433981132056603,10.295630140987,11.180339887498949,13.0,13.92838827718412,13.92838827718412,15.811388300841896,17.08800749063506,18.788294228055936,19.697715603592208,21.02379604162864
1787404087.950054,-69,0.0,27.784887978899608,26.92582403567252,25.553864678361276,21.633307652783937,16.401219466856727,10.63014581273465,5.830951894845301,3.1622776601683795,4.123105625617661,6.082762530298219,8.06225774829855,9.055385138137417,11.045361017187261,13.341664064126334,14.866068747318506,15.231546211727817,16.55294535724685,16.55294535724685,15.652475842498529,14.317821063276353,12.649110640673518,10.198039027185569,6.0,3.1622776601683795,3.605551275463989,4.123105625617661,0.0,0.0,0.0,0.0,0.0,0.0,0.0,0.0,0.0,0.0,0.0,3.1622776601683795,2.0,2.23606797749979,5.0,7.0,9.0,11.045361017187261,13.152946437965905,14.317821063276353,15.297058540778355,16.492422502470642,17.08800749063506,15.652475842498529,15.811388300841896,15.620499351813308,15.556349186104045,14.142135623730951,11.313708498984761,8.48528137423857,5.0,1.4142135623730951,5.0990195135927845,11.40175425099138,17.46424919657298,21.93171219946131,24.166091947189145
1787404088.1562698,-70,0.0,22.0,22.0,22.02271554554524,21.095023109728988,20.223748416156685,19.235384061671343,17.26267650163207,15.297058540778355,13.341664064126334,12.165525060596439,11.045361017187261,10.04987562112089,10.198039027185569,11.180339887498949,11.180339887498949,10.198039027185569,10.44030650891055,10.44030650891055,10.770329614269007,11.180339887498949,11.704699910719626,11.704699910719626,11.40175425099138,10.44030650891055,9.219544457292887,9.219544457292887,0.0,0.0,0.0,0.0,0.0,0.0,0.0,0.0,0.0,0.0,0.0,8.48528137423857,7.810249675906654,7.211102550927978,8.06225774829855,7.615773105863909,8.94427190999916,8.94427190999916,8.94427190999916,8.54400374531753,9.486832980505138,9.848857801796104,9.486832980505138,9.219544457292887,9.219544457292887,9.055385138137417,10.0,11.045361017187261,12.041594578792296,13.152946437965905,14.142135623730951,15.132745950421556,16.1245154965971,17.11724276862369,18.110770276274835,20.09975124224178,20.09975124224178
1787404088.6177967,-68,0.0,27.85677655436824,27.51363298439521,24.041630560342615,20.615528128088304,17.11724276862369,12.041594578792296,7.0710678118654755,4.47213595499958,7.0710678118654755,9.486832980505138,10.44030650891055,10.198039027185569,11.045361017187261,13.0,13.0,13.038404810405298,13.152946437965905,12.36931687685298,12.36931687685298,11.180339887498949,9.433981132056603,7.615773105863909,5.385164807134504,4.123105625617661,1.0,2.23606797749979,0.0,0.0,0.0,0.0,0.0,0.0,0.0,0.0,0.0,0.0,0.0,2.23606797749979,0.0,1.4142135623730951,2.0,4.0,6.0,8.246211251235321,10.770329614269007,12.529964086141668,14.7648230602334,15.811388300841896,15.620499351813308,14.866068747318506,14.422205101855956,13.416407864998739,13.92838827718412,13.601470508735444,12.165525060596439,9.219544457292887,5.385164807134504,3.0,6.4031242374328485,11.180339887498949,16.15549442140351,19.924858845171276,22.561028345356956
1787404088.6518736,-69,0.0,29.732137494637012,29.0,25.495097567963924,22.67156809750927,18.439088914585774,13.038404810405298,8.246211251235321,5.0990195135927845,5.0,7.0710678118654755,8.06225774829855,10.04987562112089,11.045361017187261,13.341664064126334,13.92838827718412,14.317821063276353,14.7648230602334,14.422205101855956,15.0,13.601470508735444,11.40175425099138,8.602325267042627,5.385164807134504,2.0,1.0,2.0,0.0,0.0,0.0,0.0,0.0,0.0,0.0,0.0,0.0,0.0,0.0,2.23606797749979,1.4142135623730951,1.4142135623730951,2.23606797749979,4.242640687119285,5.830951894845301,8.54400374531753,10.44030650891055,12.36931687685298,14.317821063276353,15.297058540778355,15.132745950421556,16.0312195418814,15.297058540778355,14.560219778561036,13.92838827718412,13.0,11.180339887498949,8.94427190999916,5.385164807134504,2.8284271247461903,5.385164807134504,11.661903789690601,17.804493814764857,22.02271554554524,24.839484696748443
1787404088.8051977,-69,0.0,27.459060435491963,25.317977802344327,23.194827009486403,20.09975124224178,16.0312195418814,11.045361017187261,6.082762530298219,3.605551275463989,3.1622776601683795,5.656854249492381,9.219544457292887,9.899494936611665,11.40175425099138,13.601470508735444,14.422205101855956,14.7648230602334,15.652475842498529,15.231546211727817,13.92838827718412,11.704699910719626,10.44030650891055,6.708203932499369,4.242640687119285,2.23606797749979,2.23606797749979,4.123105625617661,0.0,0.0,0.0,0.0,0.0,0.0,0.0,0.0,0.0,0.0,0.0,3.605551275463989,2.23606797749979,2.23606797749979,4.242640687119285,6.4031242374328485,7.810249675906654,9.219544457292887,11.313708498984761,13.45362404707371,14.212670403551895,15.620499351813308,16.64331697709324,15.652475842498529,15.231546211727817,13.92838827718412,12.36931687685298,12.165525060596439,10.198039027185569,7.280109889280518,3.605551275463989,3.1622776601683795,6.708203932499369,10.770329614269007,14.866068747318506,20.8806130178211,24.041630560342615
1787404088.8367941,-69,0.0,28.071337695236398,26.076809620810597,23.021728866442675,19.026297590440446,15.297058540778355,11.704699910719626,7.211102550927978,4.123105625617661,5.385164807134504,6.4031242374328485,7.211102550927978,10.816653826391969,13.601470508735444,15.0,14.422205101855956,14.422205101855956,14.422205101855956,13.892443989449804,11.661903789690601,11.180339887498949,10.770329614269007,8.94427190999916,5.830951894845301,3.605551275463989,2.0,2.23606797749979,0.0,0.0,0.0,0.0,0.0,0.0,0.0,0.0,0.0,0.0,0.0,3.605551275463989,2.8284271247461903,1.0,2.0,4.123105625617661,6.324555320336759,8.54400374531753,10.770329614269007,13.416407864998739,14.7648230602334,15.264337522473747,15.0,14.866068747318506,14.866068747318506,13.601470508735444,13.038404810405298,12.083045973594572,9.848857801796104,7.615773105863909,3.605551275463989,1.0,5.0990195135927845,11.045361017187261,16.0312195418814,20.0,24.0
1787404088.8679888,-69,0.0,29.410882339705484,27.80287754891569,24.839484696748443,20.615528128088304,16.278820596099706,12.041594578792296,7.211102550927978,3.0,3.0,5.0990195135927845,7.0710678118654755,9.055385138137417,11.0,13.038404810405298,14.142135623730951,15.297058540778355,15.524174696260024,14.560219778561036,13.601470508735444,12.649110640673518,10.44030650891055,8.06225774829855,5.0,2.23606797749979,2.0,3.605551275463989,0.0,0.0,0.0,0.0,0.0,0.0,0.0,0.0,0.0,0.0,0.0,1.4142135623730951,0.0,2.23606797749979,4.123105625617661,6.082762530298219,7.0710678118654755,10.0,12.0,13.0,15.033296378372908,16.1245154965971,15.297058540778355,14.560219778561036,13.92838827718412,14.317821063276353,13.038404810405298,11.40175425099138,10.0,7.211102550927978,4.123105625617661,2.23606797749979,6.324555320336759,11.180339887498949,16.55294535724685,21.470910553583888,25.059928172283335
1787404088.9630127,-67,0.0,20.223748416156685,19.4164878389476,17.46424919657298,15.297058540778355,12.36931687685298,8.54400374531753,5.385164807134504,2.8284271247461903,2.23606797749979,4.242640687119285,5.830951894845301,7.211102550927978,7.810249675906654,8.602325267042627,8.54400374531753,7.280109889280518,8.246211251235321,8.06225774829855,7.0710678118654755,7.0710678118654755,8.06225774829855,8.0,6.324555320336759,4.47213595499958,7.0710678118654755,12.041594578792296,0.0,0.0,0.0,0.0,0.0,0.0,0.0,0.0,0.0,0.0,0.0,1.0,1.0,2.23606797749979,2.8284271247461903,4.242640687119285,5.656854249492381,6.4031242374328485,8.06225774829855,9.486832980505138,10.44030650891055,10.198039027185569,10.0,10.04987562112089,9.219544457292887,8.94427190999916,9.433981132056603,8.602325267042627,7.810249675906654,5.830951894845301,4.123105625617661,2.8284271247461903,5.0990195135927845,8.0,13.038404810405298,16.1245154965971,17.11724276862369
1787404088.9630127,-67,0.0,24.08318915758459,23.021728866442675,21.02379604162864,17.029386365926403,14.0,10.04987562112089,7.0710678118654755,3.605551275463989,3.1622776601683795,5.830951894845301,8.54400374531753,7.280109889280518,6.0,8.06225774829855,12.36931687685298,14.317821063276353,13.416407864998739,10.816653826391969,10.63014581273465,10.0,10.770329614269007,11.180339887498949,9.899494936611665,9.055385138137417,3.605551275463989,10.198039027185569,0.0,0.0,0.0,0.0,0.0,0.0,0.0,0.0,0.0,0.0,0.0,1.0,1.4142135623730951,2.0,3.0,4.123105625617661,6.324555320336759,7.615773105863909,8.602325267042627,10.63014581273465,12.041594578792296,13.601470508735444,13.416407864998739,13.341664064126334,13.038404810405298,13.038404810405298,11.180339887498949,10.44030650891055,8.54400374531753,7.280109889280518,4.0,2.23606797749979,5.0,9.0,14.035668847618199,19.235384061671343,21.213203435596427
1787404088.9630127,-70,0.0,22.360679774997898,22.847319317591726,21.540659228538015,20.615528128088304,20.248456731316587,18.027756377319946,16.76305461424021,15.524174696260024,13.601470508735444,12.649110640673518,12.083045973594572,11.180339887498949,10.816653826391969,10.816653826391969,10.816653826391969,10.0,10.63014581273465,11.313708498984761,11.313708498984761,11.313708498984761,11.313708498984761,11.40175425099138,11.40175425099138,10.0,10.0,9.433981132056603,0.0,0.0,0.0,0.0,0.0,0.0,0.0,0.0,0.0,0.0,0.0,7.0710678118654755,7.0710678118654755,7.0,7.0,7.0710678118654755,8.06225774829855,8.06225774829855,8.06225774829855,8.06225774829855,8.246211251235321,8.246211251235321,8.246211251235321,8.54400374531753,8.94427190999916,9.433981132056603,10.816653826391969,11.40175425099138,12.206555615733702,12.806248474865697,14.212670403551895,15.620499351813308,17.029386365926403,17.804493814764857,20.0,22.20360331117452,21.633307652783937
1787404088.9788861,-70,0.0,24.0,24.0,22.02271554554524,21.095023109728988,20.024984394500787,18.110770276274835,17.11724276862369,15.297058540778355,13.152946437965905,13.038404810405298,12.0,11.045361017187261,11.180339887498949,11.180339887498949,10.44030650891055,10.44030650891055,10.770329614269007,11.704699910719626,10.770329614269007,11.180339887498949,11.180339887498949,11.180339887498949,10.770329614269007,10.770329614269007,9.486832980505138,9.486832980505138,0.0,0.0,0.0,0.0,0.0,0.0,0.0,0.0,0.0,0.0,0.0,5.656854249492381,5.656854249492381,6.4031242374328485,7.211102550927978,7.211102550927978,7.211102550927978,7.211102550927978,8.06225774829855,7.615773105863909,8.06225774829855,8.246211251235321,7.280109889280518,7.0710678118654755,8.0,9.0,10.04987562112089,11.180339887498949,12.36931687685298,14.317821063276353,14.317821063276353,14.142135623730951,16.278820596099706,18.439088914585774,19.4164878389476,21.37755832643195,22.20360331117452
1787404088.9965677,-70,0.0,21.93171219946131,22.627416997969522,21.93171219946131,21.2602916254693,20.615528128088304,19.209372712298546,17.804493814764857,15.0,14.212670403551895,13.45362404707371,12.727922061357855,11.313708498984761,10.63014581273465,10.816653826391969,10.295630140987,10.295630140987,10.770329614269007,10.770329614269007,10.44030650891055,10.44030650891055,10.770329614269007,10.770329614269007,11.180339887498949,11.180339887498949,10.295630140987,9.848857801796104,0.0,0.0,0.0,0.0,0.0,0.0,0.0,0.0,0.0,0.0,0.0,8.0,8.06225774829855,7.0710678118654755,7.280109889280518,7.615773105863909,7.615773105863909,6.708203932499369,6.708203932499369,7.615773105863909,8.54400374531753,8.54400374531753,8.06225774829855,8.602325267042627,9.219544457292887,10.63014581273465,11.313708498984761,11.40175425099138,12.206555615733702,13.038404810405298,15.264337522473747,16.64331697709324,16.64331697709324,17.4928556845359,20.248456731316587,22.20360331117452,22.80350850198276
1787404089.010587,-69,0.0,29.068883707497267,28.178005607210743,26.076809620810597,21.633307652783937,17.029386365926403,12.806248474865697,8.94427190999916,5.0990195135927845,5.830951894845301,8.246211251235321,10.198039027185569,11.40175425099138,12.649110640673518,13.601470508735444,14.866068747318506,16.15549442140351,15.652475842498529,15.264337522473747,13.601470508735444,11.40175425099138,11.40175425099138,8.602325267042627,5.0,2.8284271247461903,1.0,2.8284271247461903,0.0,0.0,0.0,0.0,0.0,0.0,0.0,0.0,0.0,0.0,0.0,2.23606797749979,0.0,3.1622776601683795,4.123105625617661,5.0,6.0,7.0710678118654755,9.219544457292887,11.40175425099138,13.0,14.317821063276353,14.7648230602334,15.0,14.866068747318506,14.866068747318506,15.0,13.601470508735444,10.816653826391969,7.810249675906654,5.0,1.0,4.123105625617661,9.848857801796104,15.811388300841896,21.18962010041709,24.698178070456937
1787404089.0266702,-70,0.0,36.40054944640259,34.713109915419565,31.400636936215164,27.294688127912362,21.095023109728988,14.0,7.280109889280518,3.605551275463989,5.385164807134504,8.48528137423857,11.313708498984761,13.45362404707371,15.620499351813308,17.204650534085253,17.88854381999832,18.027756377319946,18.681541692269406,18.439088914585774,16.278820596099706,15.297058540778355,12.36931687685298,8.54400374531753,4.47213595499958,1.0,3.1622776601683795,6.082762530298219,0.0,0.0,0.0,0.0,0.0,0.0,0.0,0.0,0.0,0.0,0.0,2.23606797749979,1.4142135623730951,2.23606797749979,4.47213595499958,6.708203932499369,9.433981132056603,11.40175425099138,14.142135623730951,16.278820596099706,17.804493814764857,19.4164878389476,19.72308292331602,19.235384061671343,18.384776310850235,18.681541692269406,19.235384061671343,16.1245154965971,13.038404810405298,9.219544457292887,4.47213595499958,2.0,5.830951894845301,12.083045973594572,19.313207915827967,26.248809496813376,30.083217912982647
1787404089.052915,-70,0.0,32.14031735997639,31.064449134018133,28.071337695236398,24.020824298928627,19.1049731745428,14.560219778561036,9.433981132056603,5.830951894845301,5.0990195135927845,7.810249675906654,10.63014581273465,12.727922061357855,13.45362404707371,15.0,16.1245154965971,16.55294535724685,17.08800749063506,16.76305461424021,16.492422502470642,14.317821063276353,12.36931687685298,8.54400374531753,5.385164807134504,2.23606797749979,1.4142135623730951,4.123105625617661,0.0,0.0,0.0,0.0,0.0,0.0,0.0,0.0,0.0,0.0,0.0,3.1622776601683795,1.0,2.23606797749979,3.0,4.47213595499958,6.708203932499369,8.602325267042627,10.0,12.806248474865697,14.142135623730951,14.866068747318506,15.811388300841896,16.1245154965971,15.231546211727817,14.560219778561036,15.524174696260024,15.297058540778355,12.36931687685298,7.615773105863909,3.1622776601683795,3.605551275463989,7.280109889280518,12.165525060596439,18.24828759089466,23.345235059857504,27.459060435491963
1787404089.0586278,-69,0.0,31.38470965295043,28.792360097775937,26.92582403567252,24.515301344262525,18.24828759089466,12.041594578792296,7.280109889280518,5.385164807134504,6.0,7.280109889280518,8.94427190999916,11.180339887498949,13.0,14.317821063276353,14.317821063276353,13.152946437965905,14.0,15.132745950421556,16.492422502470642,15.811388300841896,12.36931687685298,9.055385138137417,6.0,3.1622776601683795,1.4142135623730951,3.1622776601683795,0.0,0.0,0.0,0.0,0.0,0.0,0.0,0.0,0.0,0.0,0.0,2.0,1.0,2.8284271247461903,3.1622776601683795,4.47213595499958,5.830951894845301,7.810249675906654,9.899494936611665,12.041594578792296,12.806248474865697,15.0,15.264337522473747,13.92838827718412,13.341664064126334,12.041594578792296,13.0,12.0,9.0,5.0990195135927845,3.1622776601683795,2.23606797749979,5.830951894845301,12.083045973594572,17.88854381999832,23.259406699226016,25.495097567963924
1787404089.0769062,-70,0.0,23.08679276123039,22.20360331117452,22.20360331117452,21.37755832643195,19.4164878389476,19.4164878389476,17.72004514666935,15.524174696260024,14.560219778561036,12.36931687685298,12.165525060596439,11.180339887498949,11.045361017187261,11.0,10.04987562112089,10.04987562112089,10.04987562112089,10.198039027185569,10.44030650891055,10.44030650891055,11.40175425099138,11.40175425099138,11.180339887498949,10.04987562112089,9.055385138137417,9.055385138137417,0.0,0.0,0.0,0.0,0.0,0.0,0.0,0.0,0.0,0.0,0.0,6.708203932499369,6.708203932499369,5.830951894845301,6.4031242374328485,6.4031242374328485,7.211102550927978,7.211102550927978,8.06225774829855,8.06225774829855,8.06225774829855,8.06225774829855,8.06225774829855,7.615773105863909,8.54400374531753,9.219544457292887,9.055385138137417,11.0,12.0,13.0,14.0,15.0,16.0312195418814,18.027756377319946,20.024984394500787,21.0,21.0
1787404089.0905879,-70,0.0,27.313000567495326,27.313000567495326,25.495097567963924,22.360679774997898,18.35755975068582,12.206555615733702,7.810249675906654,4.0,4.242640687119285,6.324555320336759,7.280109889280518,9.486832980505138,12.083045973594572,13.892443989449804,14.422205101855956,15.0,15.620499351813308,15.556349186104045,14.142135623730951,12.041594578792296,9.899494936611665,7.0710678118654755,4.242640687119285,0.0,2.8284271247461903,4.242640687119285,0.0,0.0,0.0,0.0,0.0,0.0,0.0,0.0,0.0,0.0,0.0,3.0,1.0,1.4142135623730951,2.8284271247461903,4.47213595499958,6.324555320336759,7.280109889280518,8.246211251235321,11.045361017187261,12.041594578792296,13.152946437965905,13.601470508735444,13.416407864998739,13.038404810405298,13.601470508735444,12.806248474865697,12.041594578792296,9.219544457292887,6.4031242374328485,3.0,3.1622776601683795,7.0,12.165525060596439,16.76305461424021,21.540659228538015,23.40939982143925
1787404089.1268096,-70,0.0,27.073972741361768,26.076809620810597,24.186773244895647,21.213203435596427,17.26267650163207,12.36931687685298,6.708203932499369,3.605551275463989,2.8284271247461903,5.0,6.708203932499369,8.602325267042627,10.63014581273465,12.727922061357855,13.45362404707371,13.601470508735444,13.892443989449804,13.892443989449804,13.416407864998739,12.083045973594572,10.295630140987,7.211102550927978,3.605551275463989,1.0,3.1622776601683795,4.47213595499958,0.0,0.0,0.0,0.0,0.0,0.0,0.0,0.0,0.0,0.0,0.0,1.0,1.0,2.23606797749979,4.47213595499958,5.0990195135927845,7.0710678118654755,8.246211251235321,10.198039027185569,11.40175425099138,12.649110640673518,13.0,13.038404810405298,13.45362404707371,14.142135623730951,12.806248474865697,12.206555615733702,10.816653826391969,9.433981132056603,7.211102550927978,4.47213595499958,3.605551275463989,7.280109889280518,12.165525060596439,17.029386365926403,21.0,24.020824298928627
1787404089.1383164,-69,0.0,35.11409973215888,33.83784863137726,30.675723300355934,25.96150997149434,20.396078054371138,15.033296378372908,9.219544457292887,5.656854249492381,5.0,7.615773105863909,9.848857801796104,11.704699910719626,13.601470508735444,15.524174696260024,16.278820596099706,17.029386365926403,17.0,17.029386365926403,15.132745950421556,14.142135623730951,12.165525060596439,8.06225774829855,4.0,0.0,3.1622776601683795,5.385164807134504,0.0,0.0,0.0,0.0,0.0,0.0,0.0,0.0,0.0,0.0,0.0,2.23606797749979,2.23606797749979,3.1622776601683795,5.0,8.246211251235321,9.219544457292887,10.44030650891055,11.180339887498949,12.206555615733702,14.866068747318506,16.278820596099706,16.278820596099706,16.64331697709324,16.55294535724685,15.811388300841896,15.297058540778355,14.142135623730951,13.152946437965905,10.198039027185569,5.385164807134504,4.0,7.0710678118654755,13.038404810405298,19.235384061671343,25.942243542145693,29.966648127543394
1787404089.1543965,-68,0.0,26.019223662515376,25.079872407968907,23.08679276123039,19.235384061671343,15.297058540778355,10.770329614269007,7.0710678118654755,5.0990195135927845,5.0,7.0710678118654755,9.219544457292887,9.899494936611665,12.041594578792296,13.601470508735444,14.422205101855956,14.7648230602334,14.866068747318506,14.560219778561036,13.341664064126334,12.36931687685298,10.198039027185569,7.280109889280518,4.47213595499958,1.4142135623730951,1.4142135623730951,3.1622776601683795,0.0,0.0,0.0,0.0,0.0,0.0,0.0,0.0,0.0,0.0,0.0,2.8284271247461903,1.0,1.4142135623730951,3.1622776601683795,4.123105625617661,6.0,8.0,9.055385138137417,10.44030650891055,11.704699910719626,12.083045973594572,12.529964086141668,12.806248474865697,13.45362404707371,13.601470508735444,13.038404810405298,11.661903789690601,9.433981132056603,7.211102550927978,5.0,2.0,4.47213595499958,9.055385138137417,15.132745950421556,20.09975124224178,22.02271554554524
1787404089.502948,-84,0.0,4.47213595499958,3.605551275463989,3.605551275463989,4.123105625617661,5.0,7.0710678118654755,7.280109889280518,8.54400374531753,7.615773105863909,7.615773105863909,6.708203932499369,6.4031242374328485,6.4031242374328485,5.0,4.47213595499958,4.123105625617661,5.0,5.0990195135927845,5.385164807134504,5.385164807134504,6.708203932499369,6.708203932499369,7.615773105863909,9.486832980505138,10.198039027185569,10.198039027185569,0.0,0.0,0.0,0.0,0.0,0.0,0.0,0.0,0.0,0.0,0.0,12.165525060596439,13.152946437965905,14.317821063276353,15.524174696260024,16.76305461424021,18.384776310850235,18.788294228055936,19.235384061671343,19.72308292331602,18.867962264113206,17.4928556845359,15.264337522473747,13.038404810405298,10.770329614269007,10.04987562112089,9.219544457292887,8.06225774829855,9.899494936611665,10.816653826391969,12.529964086141668,14.317821063276353,15.231546211727817,16.15549442140351,16.15549442140351,15.811388300841896,16.15549442140351
1787404089.6248722,-86,0.0,13.601470508735444,12.36931687685298,10.198039027185569,8.246211251235321,6.082762530298219,5.0990195135927845,5.0990195135927845,4.123105625617661,4.47213595499958,4.123105625617661,4.123105625617661,4.47213595499958,5.0,5.656854249492381,5.0,5.0,5.385164807134504,5.385164807134504,5.0990195135927845,6.0,6.0,6.0,6.082762530298219,7.0710678118654755,7.0710678118654755,8.06225774829855,0.0,0.0,0.0,0.0,0.0,0.0,0.0,0.0,0.0,0.0,0.0,15.811388300841896,14.560219778561036,12.649110640673518,10.44030650891055,8.246211251235321,6.082762530298219,5.0990195135927845,4.0,2.0,0.0,1.4142135623730951,3.605551275463989,5.656854249492381,7.810249675906654,9.219544457292887,11.40175425099138,13.038404810405298,13.416407864998739,13.416407864998739,14.7648230602334,14.7648230602334,14.422205101855956,14.212670403551895,14.142135623730951,14.212670403551895,13.892443989449804
1787404090.195698,-81,0.0,24.08318915758459,22.02271554554524,20.0,17.029386365926403,15.132745950421556,13.92838827718412,13.416407864998739,12.206555615733702,10.63014581273465,9.848857801796104,10.44030650891055,11.40175425099138,10.44030650891055,7.280109889280518,3.605551275463989,3.0,4.242640687119285,6.708203932499369,10.770329614269007,14.560219778561036,16.278820596099706,17.26267650163207,16.0,13.152946437965905,11.045361017187261,10.04987562112089,0.0,0.0,0.0,0.0,0.0,0.0,0.0,0.0,0.0,0.0,0.0,17.69180601295413,13.45362404707371,12.041594578792296,8.48528137423857,5.0,6.708203932499369,8.06225774829855,7.211102550927978,5.0,1.0,3.605551275463989,5.830951894845301,8.54400374531753,12.36931687685298,14.142135623730951,16.1245154965971,16.278820596099706,14.866068747318506,12.649110640673518,9.848857801796104,5.830951894845301,1.0,6.0,12.0,18.110770276274835,23.194827009486403
1787404090.3456402,-82,0.0,22.561028345356956,21.37755832643195,20.396078054371138,18.24828759089466,16.492422502470642,13.601470508735444,10.770329614269007,8.94427190999916,7.810249675906654,6.4031242374328485,6.708203932499369,6.324555320336759,6.082762530298219,5.0990195135927845,5.0,4.47213595499958,5.0,6.082762530298219,7.615773105863909,9.433981132056603,10.0,11.40175425099138,12.041594578792296,12.041594578792296,12.206555615733702,12.206555615733702,0.0,0.0,0.0,0.0,0.0,0.0,0.0,0.0,0.0,0.0,0.0,12.806248474865697,10.63014581273465,9.899494936611665,10.63014581273465,10.295630140987,8.94427190999916,7.280109889280518,6.324555320336759,5.0990195135927845,4.47213595499958,5.656854249492381,5.830951894845301,6.324555320336759,8.06225774829855,10.04987562112089,12.041594578792296,13.0,13.0,12.0,10.0,7.0710678118654755,4.123105625617661,2.0,4.47213595499958,7.615773105863909,10.44030650891055
1787404090.4286923,-82,0.0,28.653097563788805,28.178005607210743,27.730849247724095,25.079872407968907,21.540659228538015,18.027756377319946,15.231546211727817,11.661903789690601,9.219544457292887,9.219544457292887,9.219544457292887,8.602325267042627,8.94427190999916,8.06225774829855,6.4031242374328485,4.242640687119285,3.0,5.0,8.602325267042627,12.083045973594572,13.92838827718412,14.560219778561036,14.142135623730951,11.045361017187261,9.0,8.06225774829855,0.0,0.0,0.0,0.0,0.0,0.0,0.0,0.0,0.0,0.0,0.0,13.152946437965905,14.035668847618199,12.0,12.041594578792296,9.486832980505138,5.0,3.1622776601683795,2.0,2.0,3.0,2.0,1.0,2.0,3.605551275463989,8.06225774829855,14.212670403551895,16.97056274847714,17.69180601295413,19.1049731745428,19.849433241279208,16.1245154965971,9.848857801796104,2.8284271247461903,7.280109889280518,15.231546211727817,20.12461179749811
1787404090.547909,-82,0.0,23.259406699226016,23.706539182259394,23.259406699226016,21.540659228538015,18.973665961010276,13.601470508735444,9.219544457292887,6.0,4.123105625617661,2.23606797749979,2.0,3.605551275463989,5.656854249492381,5.0,5.385164807134504,4.242640687119285,4.0,7.211102550927978,10.295630140987,12.083045973594572,13.601470508735444,14.560219778561036,15.132745950421556,14.0,12.0,11.0,0.0,0.0,0.0,0.0,0.0,0.0,0.0,0.0,0.0,0.0,0.0,17.0,14.142135623730951,15.811388300841896,11.40175425099138,6.708203932499369,5.830951894845301,4.47213595499958,5.0,5.0,5.0,5.830951894845301,5.0,5.0,3.605551275463989,5.385164807134504,7.0,8.246211251235321,9.486832980505138,9.848857801796104,11.180339887498949,10.770329614269007,7.615773105863909,4.47213595499958,6.324555320336759,12.206555615733702,16.401219466856727
1787404090.7240815,-81,0.0,23.323807579381203,23.323807579381203,22.47220505424423,20.248456731316587,17.4928556845359,15.0,11.40175425099138,9.486832980505138,8.0,9.219544457292887,7.615773105863909,6.4031242374328485,5.656854249492381,5.656854249492381,4.47213595499958,2.23606797749979,4.0,7.615773105863909,12.649110640673518,15.297058540778355,18.439088914585774,18.973665961010276,17.08800749063506,13.92838827718412,12.083045973594572,9.899494936611665,0.0,0.0,0.0,0.0,0.0,0.0,0.0,0.0,0.0,0.0,0.0,17.46424919657298,15.231546211727817,11.40175425099138,9.0,6.082762530298219,4.47213595499958,4.242640687119285,4.0,5.385164807134504,4.123105625617661,6.324555320336759,7.211102550927978,8.602325267042627,10.44030650891055,12.041594578792296,14.0,17.029386365926403,17.029386365926403,15.0,14.317821063276353,13.416407864998739,11.313708498984761,9.486832980505138,10.198039027185569,11.661903789690601,14.212670403551895
1787404090.8693414,-82,0.0,19.4164878389476,20.024984394500787,21.02379604162864,20.09975124224178,17.26267650163207,13.341664064126334,11.40175425099138,9.219544457292887,6.082762530298219,5.0,5.830951894845301,8.246211251235321,9.055385138137417,10.0,8.246211251235321,7.211102550927978,6.708203932499369,7.0710678118654755,9.0,11.045361017187261,13.341664064126334,13.92838827718412,14.422205101855956,15.0,13.601470508735444,11.40175425099138,0.0,0.0,0.0,0.0,0.0,0.0,0.0,0.0,0.0,0.0,0.0,8.94427190999916,7.211102550927978,5.0,5.0990195135927845,5.0,6.4031242374328485,9.433981132056603,10.0,8.602325267042627,8.246211251235321,8.06225774829855,7.211102550927978,8.54400374531753,12.0,16.278820596099706,18.439088914585774,18.439088914585774,19.235384061671343,20.024984394500787,19.026297590440446,16.278820596099706,12.083045973594572,9.219544457292887,7.0,8.48528137423857,12.206555615733702
1787404091.2150037,-84,0.0,9.055385138137417,10.04987562112089,10.44030650891055,12.529964086141668,13.601470508735444,15.556349186104045,18.439088914585774,20.808652046684813,21.633307652783937,21.400934559032695,20.808652046684813,20.0,18.439088914585774,16.278820596099706,14.422205101855956,13.0,11.180339887498949,10.04987562112089,9.486832980505138,9.433981132056603,9.899494936611665,9.433981132056603,9.848857801796104,9.219544457292887,9.055385138137417,9.0,0.0,0.0,0.0,0.0,0.0,0.0,0.0,0.0,0.0,0.0,0.0,8.94427190999916,8.54400374531753,7.0710678118654755,6.0,4.123105625617661,3.605551275463989,2.8284271247461903,2.23606797749979,3.1622776601683795,4.0,6.082762530298219,7.615773105863909,8.94427190999916,9.433981132056603,10.0,10.0,8.602325267042627,8.06225774829855,7.211102550927978,5.385164807134504,3.1622776601683795,2.0,2.0,3.1622776601683795,4.47213595499958,5.0
1787404091.3419113,-83,0.0,16.97056274847714,16.278820596099706,16.278820596099706,15.556349186104045,15.556349186104045,14.142135623730951,12.041594578792296,10.63014581273465,9.433981132056603,7.615773105863909,7.0710678118654755,7.0710678118654755,6.082762530298219,7.0710678118654755,6.082762530298219,6.082762530298219,7.615773105863909,7.211102550927978,8.48528137423857,10.0,11.180339887498949,12.083045973594572,13.0,13.92838827718412,13.0,13.0,0.0,0.0,0.0,0.0,0.0,0.0,0.0,0.0,0.0,0.0,0.0,3.605551275463989,3.1622776601683795,3.1622776601683795,3.0,3.1622776601683795,3.605551275463989,5.0,7.615773105863909,9.486832980505138,12.165525060596439,15.033296378372908,16.0,19.1049731745428,21.095023109728988,22.090722034374522,22.20360331117452,22.20360331117452,22.090722034374522,21.02379604162864,19.0,16.0312195418814,13.038404810405298,10.04987562112089,7.0,5.0,3.1622776601683795
1787404091.8473527,-69,0.0,28.442925306655784,27.294688127912362,25.179356624028344,22.090722034374522,18.0,13.152946437965905,8.602325267042627,5.385164807134504,6.708203932499369,9.899494936611665,12.041594578792296,13.45362404707371,14.212670403551895,14.422205101855956,15.264337522473747,15.231546211727817,15.811388300841896,15.524174696260024,14.317821063276353,12.165525060596439,10.04987562112089,8.0,5.0,3.0,1.0,4.123105625617661,0.0,0.0,0.0,0.0,0.0,0.0,0.0,0.0,0.0,0.0,0.0,5.830951894845301,4.123105625617661,3.1622776601683795,4.242640687119285,5.385164807134504,8.54400374531753,10.44030650891055,11.704699910719626,13.0,13.892443989449804,15.264337522473747,15.0,14.866068747318506,14.422205101855956,13.892443989449804,13.416407864998739,11.704699910719626,9.486832980505138,7.280109889280518,4.47213595499958,2.0,5.385164807134504,10.44030650891055,16.492422502470642,21.587033144922902,23.53720459187964
1787404091.8879416,-69,0.0,27.294688127912362,26.1725046566048,24.08318915758459,21.02379604162864,16.0312195418814,11.40175425099138,7.211102550927978,5.0990195135927845,6.324555320336759,8.602325267042627,10.0,12.206555615733702,13.892443989449804,14.317821063276353,15.231546211727817,15.811388300841896,15.297058540778355,15.297058540778355,13.152946437965905,11.045361017187261,9.055385138137417,6.082762530298219,4.0,1.0,1.4142135623730951,3.1622776601683795,0.0,0.0,0.0,0.0,0.0,0.0,0.0,0.0,0.0,0.0,0.0,6.324555320336759,4.123105625617661,2.8284271247461903,3.1622776601683795,5.0,7.0710678118654755,9.219544457292887,10.44030650891055,12.649110640673518,13.92838827718412,14.317821063276353,13.892443989449804,14.212670403551895,14.142135623730951,13.601470508735444,12.529964086141668,11.180339887498949,8.54400374531753,7.615773105863909,4.47213595499958,2.23606797749979,5.830951894845301,10.44030650891055,16.278820596099706,21.37755832643195,24.331050121192877
1787404092.0514803,-70,0.0,24.758836806279895,24.08318915758459,24.08318915758459,23.600847442411894,21.633307652783937,20.591260281974,19.235384061671343,16.55294535724685,14.7648230602334,13.892443989449804,12.206555615733702,11.40175425099138,10.63014581273465,10.63014581273465,10.63014581273465,10.63014581273465,10.63014581273465,10.0,10.0,10.0,10.0,10.0,9.219544457292887,9.219544457292887,7.810249675906654,7.810249675906654,0.0,0.0,0.0,0.0,0.0,0.0,0.0,0.0,0.0,0.0,0.0,8.0,7.0,7.0710678118654755,7.280109889280518,7.280109889280518,7.615773105863909,8.06225774829855,8.94427190999916,8.94427190999916,8.94427190999916,9.848857801796104,8.94427190999916,10.0,10.63014581273465,11.313708498984761,12.727922061357855,13.45362404707371,13.45362404707371,14.866068747318506,15.556349186104045,16.278820596099706,16.278820596099706,18.439088914585774,19.849433241279208,21.2602916254693,21.93171219946131
1787404092.3189301,-69,0.0,27.459060435491963,27.202941017470888,25.0,21.400934559032695,17.029386365926403,11.313708498984761,5.830951894845301,3.1622776601683795,4.123105625617661,6.0,8.0,10.04987562112089,12.36931687685298,13.601470508735444,15.231546211727817,16.55294535724685,17.0,16.1245154965971,15.264337522473747,13.601470508735444,11.661903789690601,8.94427190999916,4.47213595499958,1.4142135623730951,1.0,2.23606797749979,0.0,0.0,0.0,0.0,0.0,0.0,0.0,0.0,0.0,0.0,0.0,3.1622776601683795,2.23606797749979,2.0,4.47213595499958,6.324555320336759,7.280109889280518,9.055385138137417,11.0,13.0,15.033296378372908,15.132745950421556,15.524174696260024,14.866068747318506,14.317821063276353,13.892443989449804,13.038404810405298,11.40175425099138,9.219544457292887,6.708203932499369,4.0,3.1622776601683795,7.615773105863909,13.0,19.235384061671343,23.323807579381203,26.076809620810597
1787404092.417858,-69,0.0,26.476404589747453,25.709920264364882,23.769728648009426,20.615528128088304,16.76305461424021,12.529964086141668,7.810249675906654,5.0990195135927845,5.0,7.211102550927978,8.602325267042627,9.219544457292887,11.313708498984761,12.806248474865697,13.892443989449804,14.7648230602334,15.652475842498529,15.231546211727817,14.866068747318506,12.649110640673518,11.704699910719626,8.54400374531753,5.385164807134504,2.23606797749979,1.0,2.0,0.0,0.0,0.0,0.0,0.0,0.0,0.0,0.0,0.0,0.0,0.0,2.8284271247461903,1.4142135623730951,1.4142135623730951,3.605551275463989,5.0990195135927845,8.0,9.219544457292887,12.649110640673518,13.341664064126334,13.601470508735444,14.866068747318506,14.866068747318506,14.7648230602334,15.0,14.142135623730951,13.45362404707371,12.806248474865697,11.40175425099138,7.211102550927978,2.23606797749979,2.0,6.082762530298219,11.045361017187261,17.11724276862369,21.37755832643195,23.345235059857504
1787404092.445298,-70,0.0,33.421549934136806,32.802438933713454,30.610455730027933,25.80697580112788,20.248456731316587,15.231546211727817,9.055385138137417,5.0,5.0990195135927845,7.280109889280518,9.219544457292887,11.045361017187261,13.0,15.033296378372908,16.1245154965971,17.46424919657298,18.681541692269406,18.027756377319946,17.46424919657298,15.231546211727817,13.0,9.486832980505138,6.082762530298219,3.0,1.4142135623730951,3.605551275463989,0.0,0.0,0.0,0.0,0.0,0.0,0.0,0.0,0.0,0.0,0.0,3.605551275463989,2.23606797749979,2.23606797749979,5.385164807134504,6.324555320336759,7.615773105863909,11.180339887498949,14.317821063276353,14.866068747318506,16.76305461424021,19.4164878389476,19.235384061671343,19.1049731745428,18.0,17.11724276862369,16.278820596099706,15.524174696260024,12.649110640673518,7.280109889280518,4.123105625617661,3.1622776601683795,6.708203932499369,13.45362404707371,20.518284528683193,25.45584412271571,29.0
1787404092.4633086,-69,0.0,33.54101966249684,33.37663853655727,31.25699921617557,27.16615541441225,21.02379604162864,14.035668847618199,7.615773105863909,5.0990195135927845,6.708203932499369,9.219544457292887,11.313708498984761,13.45362404707371,13.892443989449804,15.231546211727817,17.08800749063506,18.681541692269406,18.24828759089466,19.1049731745428,18.027756377319946,16.0312195418814,14.035668847618199,10.198039027185569,6.324555320336759,2.8284271247461903,2.8284271247461903,4.123105625617661,0.0,0.0,0.0,0.0,0.0,0.0,0.0,0.0,0.0,0.0,0.0,3.605551275463989,2.0,5.0,8.06225774829855,9.219544457292887,9.899494936611665,11.313708498984761,13.45362404707371,14.866068747318506,17.69180601295413,20.518284528683193,22.02271554554524,20.808652046684813,21.095023109728988,21.470910553583888,19.697715603592208,18.027756377319946,14.317821063276353,9.486832980505138,5.656854249492381,4.47213595499958,8.602325267042627,14.317821063276353,21.18962010041709,26.248809496813376,29.120439557122072
1787404092.476975,-69,0.0,33.52610922848042,31.622776601683793,28.792360097775937,24.166091947189145,18.867962264113206,13.45362404707371,8.06225774829855,5.0990195135927845,6.708203932499369,9.219544457292887,11.40175425099138,12.649110640673518,14.317821063276353,15.811388300841896,17.029386365926403,17.69180601295413,18.439088914585774,17.804493814764857,17.204650534085253,15.811388300841896,13.038404810405298,10.0,6.4031242374328485,3.1622776601683795,2.8284271247461903,4.123105625617661,0.0,0.0,0.0,0.0,0.0,0.0,0.0,0.0,0.0,0.0,0.0,3.1622776601683795,1.4142135623730951,4.0,6.0,7.0,9.055385138137417,10.198039027185569,13.341664064126334,16.278820596099706,17.46424919657298,19.924858845171276,20.615528128088304,20.12461179749811,19.72308292331602,19.4164878389476,19.209372712298546,16.278820596099706,12.041594578792296,8.48528137423857,3.605551275463989,2.23606797749979,6.082762530298219,12.36931687685298,19.4164878389476,25.96150997149434,29.410882339705484
1787404092.66923,-69,0.0,29.120439557122072,27.892651361962706,25.709920264364882,22.360679774997898,17.029386365926403,12.165525060596439,8.602325267042627,7.280109889280518,7.615773105863909,10.295630140987,11.661903789690601,12.529964086141668,12.083045973594572,13.92838827718412,14.317821063276353,14.035668847618199,15.0,14.035668847618199,13.152946437965905,11.180339887498949,9.219544457292887,7.0710678118654755,4.123105625617661,1.4142135623730951,2.0,2.23606797749979,0.0,0.0,0.0,0.0,0.0,0.0,0.0,0.0,0.0,0.0,0.0,2.8284271247461903,1.0,2.0,4.0,5.0,7.280109889280518,8.94427190999916,10.0,12.806248474865697,14.866068747318506,16.278820596099706,16.401219466856727,16.1245154965971,16.55294535724685,15.811388300841896,15.297058540778355,13.152946437965905,11.180339887498949,9.219544457292887,5.385164807134504,2.0,5.830951894845301,11.180339887498949,17.08800749063506,22.135943621178654,24.041630560342615
1787404092.7069867,-70,0.0,27.730849247724095,27.294688127912362,25.059928172283335,21.633307652783937,16.401219466856727,11.40175425099138,7.280109889280518,5.830951894845301,6.324555320336759,9.055385138137417,11.045361017187261,12.165525060596439,12.36931687685298,13.92838827718412,14.317821063276353,14.422205101855956,14.212670403551895,13.45362404707371,13.45362404707371,11.40175425099138,10.0,7.211102550927978,4.242640687119285,1.4142135623730951,1.4142135623730951,2.8284271247461903,0.0,0.0,0.0,0.0,0.0,0.0,0.0,0.0,0.0,0.0,0.0,3.1622776601683795,1.4142135623730951,2.23606797749979,4.47213595499958,6.324555320336759,7.280109889280518,9.055385138137417,11.0,14.035668847618199,15.033296378372908,16.1245154965971,16.492422502470642,15.811388300841896,16.55294535724685,16.1245154965971,14.422205101855956,13.601470508735444,11.40175425099138,8.602325267042627,4.47213595499958,2.23606797749979,6.082762530298219,11.40175425099138,15.811388300841896,19.313207915827967,21.540659228538015
1787404092.7305589,-70,0.0,29.068883707497267,26.90724809414742,24.758836806279895,21.2602916254693,17.029386365926403,11.661903789690601,6.082762530298219,4.242640687119285,6.082762530298219,8.06225774829855,9.219544457292887,10.198039027185569,11.045361017187261,13.0,14.035668847618199,14.317821063276353,14.866068747318506,14.317821063276353,12.529964086141668,11.180339887498949,9.433981132056603,6.708203932499369,4.123105625617661,1.0,1.4142135623730951,3.605551275463989,0.0,0.0,0.0,0.0,0.0,0.0,0.0,0.0,0.0,0.0,0.0,1.4142135623730951,1.4142135623730951,3.605551275463989,5.0,7.0710678118654755,8.602325267042627,10.295630140987,12.649110640673518,14.560219778561036,15.524174696260024,16.278820596099706,16.1245154965971,16.0,16.1245154965971,15.297058540778355,14.560219778561036,12.649110640673518,11.40175425099138,8.06225774829855,5.0,3.1622776601683795,6.708203932499369,12.206555615733702,17.204650534085253,21.400934559032695,23.430749027719962
1787404093.6819808,-69,0.0,24.041630560342615,24.041630560342615,22.80350850198276,20.615528128088304,19.4164878389476,20.396078054371138,19.235384061671343,17.11724276862369,15.033296378372908,13.038404810405298,11.40175425099138,9.486832980505138,7.615773105863909,8.54400374531753,8.94427190999916,9.433981132056603,10.0,10.0,9.899494936611665,10.63014581273465,10.0,10.295630140987,10.295630140987,9.433981132056603,8.602325267042627,8.06225774829855,0.0,0.0,0.0,0.0,0.0,0.0,0.0,0.0,0.0,0.0,0.0,6.4031242374328485,5.0,4.242640687119285,4.123105625617661,4.123105625617661,6.082762530298219,7.0710678118654755,7.0,7.0710678118654755,7.0,7.0710678118654755,7.0710678118654755,7.280109889280518,8.246211251235321,10.44030650891055,10.770329614269007,11.704699910719626,13.0,14.317821063276353,14.317821063276353,15.652475842498529,17.46424919657298,18.027756377319946,18.027756377319946,19.313207915827967,21.18962010041709
1787404093.8865778,-69,0.0,20.615528128088304,20.615528128088304,19.697715603592208,18.788294228055936,17.88854381999832,17.0,16.1245154965971,15.264337522473747,13.038404810405298,11.661903789690601,10.295630140987,9.848857801796104,9.219544457292887,9.219544457292887,9.055385138137417,9.055385138137417,9.055385138137417,9.055385138137417,9.055385138137417,9.055385138137417,10.04987562112089,9.055385138137417,9.055385138137417,8.06225774829855,7.0,6.0,0.0,0.0,0.0,0.0,0.0,0.0,0.0,0.0,0.0,0.0,0.0,7.0710678118654755,6.082762530298219,5.385164807134504,4.47213595499958,5.0,5.656854249492381,6.4031242374328485,6.4031242374328485,7.211102550927978,7.211102550927978,7.211102550927978,8.06225774829855,8.54400374531753,8.54400374531753,9.219544457292887,11.40175425099138,11.40175425099138,12.36931687685298,13.341664064126334,15.297058540778355,16.278820596099706,17.46424919657298,17.46424919657298,19.4164878389476,19.6468827043885,20.8806130178211
1787404093.995911,-70,0.0,21.95449840010015,21.95449840010015,21.633307652783937,20.808652046684813,20.0,17.804493814764857,17.029386365926403,14.866068747318506,13.45362404707371,11.40175425099138,10.816653826391969,10.295630140987,8.94427190999916,8.54400374531753,8.246211251235321,9.055385138137417,10.04987562112089,10.0,10.0,10.0,10.0,11.0,11.0,10.04987562112089,10.04987562112089,9.055385138137417,0.0,0.0,0.0,0.0,0.0,0.0,0.0,0.0,0.0,0.0,0.0,6.082762530298219,5.0,5.0,4.123105625617661,4.47213595499958,5.0,5.830951894845301,6.4031242374328485,6.4031242374328485,6.4031242374328485,7.0710678118654755,6.4031242374328485,7.211102550927978,8.06225774829855,8.94427190999916,9.848857801796104,10.770329614269007,12.083045973594572,13.0,13.92838827718412,14.866068747318506,16.15549442140351,17.46424919657298,19.313207915827967,20.615528128088304,21.02379604162864
1787404094.0934906,-70,0.0,20.615528128088304,21.02379604162864,20.591260281974,20.591260281974,20.615528128088304,18.973665961010276,16.492422502470642,14.866068747318506,14.317821063276353,13.0,11.704699910719626,9.848857801796104,9.433981132056603,10.0,10.63014581273465,9.899494936611665,9.899494936611665,10.0,10.63014581273465,10.63014581273465,10.63014581273465,10.63014581273465,9.219544457292887,9.219544457292887,8.48528137423857,8.48528137423857,0.0,0.0,0.0,0.0,0.0,0.0,0.0,0.0,0.0,0.0,0.0,5.0,4.47213595499958,4.47213595499958,4.123105625617661,5.0,6.0,6.0,6.0,6.0,6.082762530298219,6.324555320336759,7.615773105863909,7.615773105863909,8.06225774829855,8.602325267042627,10.0,11.40175425099138,12.206555615733702,13.601470508735444,13.601470508735444,14.212670403551895,15.620499351813308,17.204650534085253,19.4164878389476,21.095023109728988,21.095023109728988
1787404096.7944458,-86,0.0,18.439088914585774,20.8806130178211,22.135943621178654,21.840329667841555,21.840329667841555,19.924858845171276,17.46424919657298,14.035668847618199,12.0,9.055385138137417,5.830951894845301,6.324555320336759,5.0990195135927845,7.280109889280518,8.06225774829855,9.0,7.280109889280518,8.54400374531753,10.816653826391969,12.041594578792296,12.727922061357855,14.866068747318506,14.866068747318506,15.556349186104045,15.556349186104045,15.620499351813308,0.0,0.0,0.0,0.0,0.0,0.0,0.0,0.0,0.0,0.0,0.0,13.45362404707371,11.40175425099138,10.0,7.211102550927978,4.47213595499958,1.0,2.23606797749979,4.47213595499958,7.615773105863909,9.848857801796104,9.486832980505138,10.44030650891055,9.219544457292887,7.0,4.0,1.4142135623730951,3.0,6.324555320336759,10.198039027185569,11.180339887498949,12.36931687685298,12.649110640673518,12.649110640673518,12.083045973594572,12.206555615733702,10.63014581273465
1787404096.8221478,-68,0.0,26.40075756488817,26.0,23.769728648009426,20.248456731316587,15.524174696260024,11.180339887498949,7.0,3.605551275463989,4.0,6.324555320336759,6.708203932499369,8.246211251235321,10.198039027185569,11.045361017187261,13.0,14.035668847618199,15.132745950421556,15.132745950421556,14.142135623730951,12.165525060596439,10.04987562112089,7.0,4.0,1.0,2.23606797749979,3.1622776601683795,0.0,0.0,0.0,0.0,0.0,0.0,0.0,0.0,0.0,0.0,0.0,1.4142135623730951,1.4142135623730951,3.1622776601683795,4.0,5.0990195135927845,6.324555320336759,7.211102550927978,9.219544457292887,10.816653826391969,12.206555615733702,13.892443989449804,14.317821063276353,14.560219778561036,14.317821063276353,14.142135623730951,13.038404810405298,12.0,9.0,7.0710678118654755,3.605551275463989,3.0,5.656854249492381,10.0,15.811388300841896,19.72308292331602,22.825424421026653
1787404096.950817,-68,0.0,30.870698080866262,29.546573405388315,26.0,21.18962010041709,17.72004514666935,12.165525060596439,7.0710678118654755,3.605551275463989,5.0990195135927845,7.615773105863909,8.94427190999916,10.770329614269007,11.40175425099138,13.152946437965905,15.033296378372908,16.0312195418814,17.029386365926403,17.11724276862369,16.1245154965971,14.142135623730951,11.045361017187261,8.0,5.0,2.0,1.0,3.0,0.0,0.0,0.0,0.0,0.0,0.0,0.0,0.0,0.0,0.0,0.0,2.8284271247461903,1.0,3.1622776601683795,4.0,4.47213595499958,5.656854249492381,7.810249675906654,8.94427190999916,9.848857801796104,12.083045973594572,13.601470508735444,14.142135623730951,14.035668847618199,15.033296378372908,15.132745950421556,15.297058540778355,14.317821063276353,11.180339887498949,8.246211251235321,4.0,2.23606797749979,6.4031242374328485,12.041594578792296,17.029386365926403,23.021728866442675,27.459060435491963
1787404096.98449,-68,0.0,29.068883707497267,28.284271247461902,26.1725046566048,21.93171219946131,17.029386365926403,12.206555615733702,7.615773105863909,3.1622776601683795,4.123105625617661,6.0,8.0,9.0,11.045361017187261,12.36931687685298,13.92838827718412,15.652475842498529,16.55294535724685,16.1245154965971,15.264337522473747,13.892443989449804,10.770329614269007,7.0710678118654755,4.123105625617661,1.4142135623730951,1.4142135623730951,3.605551275463989,0.0,0.0,0.0,0.0,0.0,0.0,0.0,0.0,0.0,0.0,0.0,2.0,1.4142135623730951,3.0,4.123105625617661,5.830951894845301,7.0710678118654755,8.06225774829855,9.486832980505138,11.40175425099138,12.165525060596439,13.038404810405298,14.035668847618199,14.317821063276353,14.866068747318506,15.231546211727817,14.317821063276353,13.416407864998739,10.295630140987,7.280109889280518,4.0,3.0,6.708203932499369,12.083045973594572,18.027756377319946,23.021728866442675,25.0
1787404097.0434005,-83,0.0,17.204650534085253,14.7648230602334,11.704699910719626,8.06225774829855,4.123105625617661,4.0,5.0990195135927845,8.06225774829855,9.899494936611665,12.806248474865697,15.264337522473747,17.4928556845359,18.35755975068582,18.35755975068582,16.64331697709324,16.401219466856727,14.866068747318506,13.601470508735444,12.083045973594572,12.165525060596439,10.0,9.219544457292887,8.94427190999916,8.602325267042627,7.0710678118654755,6.4031242374328485,0.0,0.0,0.0,0.0,0.0,0.0,0.0,0.0,0.0,0.0,0.0,7.0710678118654755,7.0,5.385164807134504,5.656854249492381,5.830951894845301,6.082762530298219,7.0710678118654755,7.0,7.0710678118654755,6.082762530298219,6.082762530298219,4.0,4.47213595499958,4.242640687119285,4.47213595499958,5.830951894845301,6.708203932499369,8.06225774829855,10.0,11.40175425099138,12.806248474865697,14.212670403551895,15.556349186104045,17.69180601295413,17.69180601295413,19.1049731745428
1787404097.1085415,-68,0.0,28.231188426986208,27.313000567495326,24.166091947189145,20.12461179749811,15.264337522473747,10.63014581273465,6.708203932499369,4.123105625617661,5.830951894845301,7.615773105863909,8.94427190999916,10.295630140987,11.40175425099138,13.45362404707371,14.866068747318506,16.401219466856727,16.64331697709324,16.64331697709324,15.264337522473747,13.892443989449804,12.206555615733702,8.602325267042627,5.656854249492381,2.23606797749979,1.4142135623730951,2.23606797749979,0.0,0.0,0.0,0.0,0.0,0.0,0.0,0.0,0.0,0.0,0.0,2.23606797749979,1.0,2.0,2.8284271247461903,4.47213595499958,6.324555320336759,8.06225774829855,10.04987562112089,11.0,13.038404810405298,14.317821063276353,14.866068747318506,14.317821063276353,15.264337522473747,15.0,14.212670403551895,13.45362404707371,11.313708498984761,7.810249675906654,4.47213595499958,2.8284271247461903,7.0,12.165525060596439,17.46424919657298,21.840329667841555,25.298221281347036
1787404097.153786,-66,0.0,26.1725046566048,26.1725046566048,23.194827009486403,20.09975124224178,15.297058540778355,11.704699910719626,7.211102550927978,4.123105625617661,4.47213595499958,7.0710678118654755,8.48528137423857,10.0,12.529964086141668,13.416407864998739,15.231546211727817,15.524174696260024,16.278820596099706,15.297058540778355,14.142135623730951,12.165525060596439,10.04987562112089,7.0710678118654755,4.123105625617661,2.23606797749979,0.0,2.23606797749979,0.0,0.0,0.0,0.0,0.0,0.0,0.0,0.0,0.0,0.0,0.0,3.605551275463989,2.23606797749979,1.0,2.0,5.0990195135927845,6.324555320336759,8.54400374531753,9.219544457292887,9.0,10.295630140987,13.038404810405298,16.1245154965971,15.811388300841896,14.212670403551895,15.620499351813308,16.278820596099706,12.727922061357855,9.219544457292887,7.0710678118654755,5.830951894845301,3.1622776601683795,6.324555320336759,10.198039027185569,16.1245154965971,20.09975124224178,23.0
1787404097.2006876,-83,0.0,26.40075756488817,26.40075756488817,25.495097567963924,24.166091947189145,21.02379604162864,18.384776310850235,14.317821063276353,10.770329614269007,4.123105625617661,0.0,5.830951894845301,9.433981132056603,12.529964086141668,15.652475842498529,17.46424919657298,18.973665961010276,19.6468827043885,20.396078054371138,21.37755832643195,20.223748416156685,19.235384061671343,17.11724276862369,15.033296378372908,13.0,11.0,9.055385138137417,0.0,0.0,0.0,0.0,0.0,0.0,0.0,0.0,0.0,0.0,0.0,11.313708498984761,10.0,9.433981132056603,7.615773105863909,6.082762530298219,4.0,2.23606797749979,2.0,2.23606797749979,3.1622776601683795,5.0990195135927845,6.082762530298219,5.385164807134504,4.47213595499958,3.605551275463989,3.1622776601683795,3.0,4.123105625617661,3.1622776601683795,2.8284271247461903,1.4142135623730951,2.0,4.47213595499958,6.708203932499369,9.848857801796104,12.083045973594572
1787404097.27996,-69,0.0,27.892651361962706,27.65863337187866,24.515301344262525,21.37755832643195,17.11724276862369,12.0,7.280109889280518,4.242640687119285,4.123105625617661,5.830951894845301,8.06225774829855,9.848857801796104,11.40175425099138,12.36931687685298,13.152946437965905,15.033296378372908,15.0,14.035668847618199,13.152946437965905,12.165525060596439,9.055385138137417,6.082762530298219,4.123105625617661,1.4142135623730951,2.0,4.0,0.0,0.0,0.0,0.0,0.0,0.0,0.0,0.0,0.0,0.0,0.0,1.0,1.0,2.23606797749979,3.605551275463989,5.0990195135927845,6.0,7.0710678118654755,9.486832980505138,10.770329614269007,13.0,13.892443989449804,14.212670403551895,14.866068747318506,14.422205101855956,14.7648230602334,13.416407864998739,12.083045973594572,9.848857801796104,7.211102550927978,5.0,4.123105625617661,7.810249675906654,12.529964086141668,17.46424919657298,22.47220505424423,25.0
1787404097.2980063,-69,0.0,30.610455730027933,28.600699292150182,25.238858928247925,21.095023109728988,17.0,11.704699910719626,8.0,5.0,5.0990195135927845,7.0,9.0,11.0,14.142135623730951,15.524174696260024,16.15549442140351,17.0,17.0,16.1245154965971,14.7648230602334,12.529964086141668,10.295630140987,7.615773105863909,4.47213595499958,2.23606797749979,1.0,2.23606797749979,0.0,0.0,0.0,0.0,0.0,0.0,0.0,0.0,0.0,0.0,0.0,3.0,1.0,1.0,3.0,4.47213595499958,5.830951894845301,7.0710678118654755,8.602325267042627,10.816653826391969,12.529964086141668,13.0,12.649110640673518,13.152946437965905,13.0,13.152946437965905,13.341664064126334,12.36931687685298,10.44030650891055,7.280109889280518,4.0,3.0,5.830951894845301,11.40175425099138,17.69180601295413,22.627416997969522,26.1725046566048
1787404097.6932046,-84,0.0,21.93171219946131,21.02379604162864,19.235384061671343,18.35755975068582,15.264337522473747,13.038404810405298,10.816653826391969,8.602325267042627,6.4031242374328485,4.242640687119285,2.8284271247461903,1.4142135623730951,1.0,1.0,2.0,2.0,3.0,2.0,2.23606797749979,2.23606797749979,2.23606797749979,2.23606797749979,3.605551275463989,5.830951894845301,7.211102550927978,8.06225774829855,0.0,0.0,0.0,0.0,0.0,0.0,0.0,0.0,0.0,0.0,0.0,15.297058540778355,14.560219778561036,13.341664064126334,13.152946437965905,12.041594578792296,10.04987562112089,9.486832980505138,8.06225774829855,8.48528137423857,9.433981132056603,10.770329614269007,11.704699910719626,11.704699910719626,10.44030650891055,9.848857801796104,8.54400374531753,7.615773105863909,6.324555320336759,6.082762530298219,6.0,7.0710678118654755,9.219544457292887,11.40175425099138,13.601470508735444,15.811388300841896,17.72004514666935
1787404097.7225797,-68,0.0,30.479501308256342,30.479501308256342,27.018512172212592,23.600847442411894,19.235384061671343,13.92838827718412,9.0,5.656854249492381,5.0,8.54400374531753,11.40175425099138,11.045361017187261,11.045361017187261,13.038404810405298,16.278820596099706,16.76305461424021,17.46424919657298,17.46424919657298,15.231546211727817,13.892443989449804,12.206555615733702,10.295630140987,7.211102550927978,2.8284271247461903,0.0,1.0,0.0,0.0,0.0,0.0,0.0,0.0,0.0,0.0,0.0,0.0,0.0,2.23606797749979,1.4142135623730951,0.0,2.23606797749979,3.605551275463989,5.385164807134504,8.246211251235321,10.198039027185569,12.165525060596439,14.035668847618199,15.033296378372908,16.0312195418814,15.132745950421556,15.297058540778355,14.866068747318506,15.231546211727817,13.0,10.770329614269007,7.615773105863909,4.0,3.0,7.211102550927978,12.206555615733702,19.209372712298546,24.08318915758459,27.65863337187866
1787404097.7545075,-68,0.0,29.732137494637012,28.792360097775937,26.0,21.93171219946131,17.0,11.40175425099138,6.4031242374328485,4.123105625617661,5.385164807134504,8.246211251235321,10.198039027185569,11.180339887498949,12.649110640673518,13.0,13.892443989449804,15.0,14.866068747318506,14.866068747318506,13.45362404707371,12.041594578792296,10.63014581273465,8.48528137423857,5.0,2.23606797749979,1.4142135623730951,3.0,0.0,0.0,0.0,0.0,0.0,0.0,0.0,0.0,0.0,0.0,0.0,1.4142135623730951,0.0,1.0,3.0,5.0,7.280109889280518,9.486832980505138,11.704699910719626,13.92838827718412,16.15549442140351,16.55294535724685,16.55294535724685,16.64331697709324,16.401219466856727,15.620499351813308,14.866068747318506,13.45362404707371,10.63014581273465,8.48528137423857,4.47213595499958,2.8284271247461903,6.0,11.180339887498949,17.46424919657298,23.53720459187964,25.709920264364882
1787404097.8014271,-69,0.0,28.160255680657446,27.294688127912362,25.495097567963924,21.587033144922902,16.76305461424021,12.083045973594572,7.810249675906654,5.0990195135927845,4.47213595499958,6.4031242374328485,7.211102550927978,9.219544457292887,10.63014581273465,12.041594578792296,12.806248474865697,13.601470508735444,13.892443989449804,13.92838827718412,13.92838827718412,12.649110640673518,10.770329614269007,8.54400374531753,5.385164807134504,2.23606797749979,0.0,2.0,0.0,0.0,0.0,0.0,0.0,0.0,0.0,0.0,0.0,0.0,0.0,2.0,1.4142135623730951,1.4142135623730951,2.23606797749979,4.0,6.082762530298219,7.280109889280518,9.486832980505138,10.770329614269007,12.083045973594572,13.416407864998739,13.038404810405298,12.806248474865697,12.041594578792296,12.206555615733702,11.661903789690601,11.180339887498949,8.94427190999916,6.324555320336759,2.8284271247461903,2.23606797749979,6.0,11.045361017187261,16.0312195418814,21.02379604162864,24.020824298928627
1787404098.53238,-72,0.0,26.90724809414742,25.495097567963924,23.345235059857504,19.849433241279208,15.811388300841896,10.295630140987,6.082762530298219,2.8284271247461903,4.0,6.324555320336759,8.06225774829855,9.0,11.045361017187261,13.341664064126334,14.866068747318506,16.15549442140351,17.08800749063506,17.46424919657298,16.55294535724685,15.231546211727817,13.0,9.486832980505138,5.385164807134504,2.23606797749979,1.0,3.1622776601683795,0.0,0.0,0.0,0.0,0.0,0.0,0.0,0.0,0.0,0.0,0.0,3.605551275463989,1.0,0.0,2.23606797749979,4.123105625617661,5.0,8.06225774829855,10.04987562112089,12.165525060596439,13.341664064126334,14.317821063276353,13.92838827718412,14.317821063276353,15.264337522473747,15.0,14.212670403551895,12.806248474865697,11.313708498984761,7.810249675906654,3.605551275463989,0.0,5.830951894845301,10.816653826391969,16.1245154965971,20.808652046684813,24.20743687382041
1787404098.608341,-84,0.0,7.0710678118654755,7.0,8.246211251235321,7.615773105863909,8.94427190999916,9.219544457292887,9.899494936611665,10.63014581273465,10.63014581273465,9.899494936611665,10.63014581273465,10.63014581273465,11.313708498984761,12.041594578792296,12.727922061357855,12.727922061357855,13.45362404707371,14.142135623730951,13.45362404707371,12.806248474865697,12.727922061357855,12.041594578792296,11.313708498984761,11.40175425099138,10.816653826391969,10.816653826391969,0.0,0.0,0.0,0.0,0.0,0.0,0.0,0.0,0.0,0.0,0.0,19.72308292331602,18.867962264113206,18.35755975068582,17.0,15.652475842498529,14.7648230602334,13.92838827718412,12.649110640673518,10.44030650891055,8.06225774829855,6.082762530298219,4.242640687119285,5.0990195135927845,7.280109889280518,9.848857801796104,11.180339887498949,12.529964086141668,13.038404810405298,13.038404810405298,11.40175425099138,11.313708498984761,10.63014581273465,9.433981132056603,8.94427190999916,8.54400374531753,8.246211251235321
1787404098.6264045,-83,0.0,1.4142135623730951,2.0,4.123105625617661,4.47213595499958,6.708203932499369,7.615773105863909,8.94427190999916,9.433981132056603,10.295630140987,10.295630140987,10.295630140987,11.180339887498949,13.0,13.416407864998739,13.416407864998739,14.317821063276353,14.7648230602334,13.892443989449804,11.661903789690601,11.180339887498949,9.433981132056603,8.06225774829855,7.211102550927978,7.211102550927978,6.4031242374328485,5.830951894845301,0.0,0.0,0.0,0.0,0.0,0.0,0.0,0.0,0.0,0.0,0.0,14.560219778561036,14.560219778561036,15.297058540778355,15.132745950421556,15.132745950421556,14.0,12.0,10.04987562112089,8.246211251235321,6.708203932499369,5.656854249492381,4.0,5.0,7.810249675906654,9.433981132056603,10.816653826391969,11.661903789690601,12.529964086141668,12.083045973594572,11.180339887498949,9.848857801796104,8.54400374531753,7.280109889280518,7.0710678118654755,7.0,7.0710678118654755
1787404098.6561265,-86,0.0,4.0,4.0,4.123105625617661,3.605551275463989,2.8284271247461903,3.1622776601683795,3.0,5.0990195135927845,5.385164807134504,7.211102550927978,8.48528137423857,8.602325267042627,10.295630140987,10.770329614269007,10.770329614269007,10.44030650891055,10.198039027185569,10.04987562112089,9.055385138137417,8.0,8.0,7.0,7.0710678118654755,6.324555320336759,6.324555320336759,7.280109889280518,0.0,0.0,0.0,0.0,0.0,0.0,0.0,0.0,0.0,0.0,0.0,18.439088914585774,18.681541692269406,18.681541692269406,17.72004514666935,18.027756377319946,17.08800749063506,15.231546211727817,14.422205101855956,14.212670403551895,15.620499351813308,15.811388300841896,15.652475842498529,18.384776310850235,18.681541692269406,19.4164878389476,20.396078054371138,20.615528128088304,18.681541692269406,16.492422502470642,15.524174696260024,14.317821063276353,11.180339887498949,9.055385138137417,8.0,7.0710678118654755,6.708203932499369
1787404098.718667,-84,0.0,14.866068747318506,14.866068747318506,13.601470508735444,12.529964086141668,11.704699910719626,11.180339887498949,10.0,9.219544457292887,8.94427190999916,8.602325267042627,8.48528137423857,8.48528137423857,8.48528137423857,7.810249675906654,7.810249675906654,7.810249675906654,8.48528137423857,7.810249675906654,7.810249675906654,8.48528137423857,7.0710678118654755,6.4031242374328485,5.656854249492381,5.0,4.47213595499958,4.123105625617661,0.0,0.0,0.0,0.0,0.0,0.0,0.0,0.0,0.0,0.0,0.0,16.0,15.0,15.0,14.035668847618199,12.165525060596439,10.198039027185569,8.54400374531753,7.211102550927978,6.4031242374328485,5.0990195135927845,4.123105625617661,5.0,6.324555320336759,8.0,10.198039027185569,12.649110640673518,15.231546211727817,15.652475842498529,16.1245154965971,15.264337522473747,14.422205101855956,13.038404810405298,11.40175425099138,9.219544457292887,7.810249675906654,5.830951894845301
1787404098.7727182,-81,0.0,10.0,9.219544457292887,9.219544457292887,9.219544457292887,9.219544457292887,9.219544457292887,8.602325267042627,7.615773105863909,5.830951894845301,4.47213595499958,5.0,6.0,7.0710678118654755,7.280109889280518,6.708203932499369,8.54400374531753,11.180339887498949,11.661903789690601,10.63014581273465,10.63014581273465,10.0,9.219544457292887,7.0710678118654755,7.211102550927978,5.385164807134504,4.0,0.0,0.0,0.0,0.0,0.0,0.0,0.0,0.0,0.0,0.0,0.0,2.0,4.123105625617661,6.4031242374328485,6.4031242374328485,6.4031242374328485,6.708203932499369,6.4031242374328485,5.656854249492381,2.23606797749979,1.4142135623730951,3.1622776601683795,7.280109889280518,13.416407864998739,16.64331697709324,16.64331697709324,18.35755975068582,18.788294228055936,17.0,16.64331697709324,15.811388300841896,12.529964086141668,11.704699910719626,10.770329614269007,9.433981132056603,7.0710678118654755,5.656854249492381
1787404099.004301,-71,0.0,21.213203435596427,21.213203435596427,20.518284528683193,20.0,19.4164878389476,18.35755975068582,16.55294535724685,14.317821063276353,12.529964086141668,10.816653826391969,9.219544457292887,7.810249675906654,8.602325267042627,8.94427190999916,8.94427190999916,8.54400374531753,9.219544457292887,9.219544457292887,9.219544457292887,9.219544457292887,10.198039027185569,9.486832980505138,9.486832980505138,9.848857801796104,8.54400374531753,8.54400374531753,0.0,0.0,0.0,0.0,0.0,0.0,0.0,0.0,0.0,0.0,0.0,7.211102550927978,6.708203932499369,6.324555320336759,6.082762530298219,5.0,5.0,6.0,6.082762530298219,7.0,7.0,7.0,6.082762530298219,5.830951894845301,6.4031242374328485,7.810249675906654,8.48528137423857,9.219544457292887,10.0,11.40175425099138,12.806248474865697,14.212670403551895,15.0,17.204650534085253,20.0,20.615528128088304,20.615528128088304
1787404099.115791,-70,0.0,21.095023109728988,21.02379604162864,21.0,21.0,19.026297590440446,18.110770276274835,16.1245154965971,15.033296378372908,15.033296378372908,13.0,12.041594578792296,11.045361017187261,11.180339887498949,11.180339887498949,11.180339887498949,11.180339887498949,10.44030650891055,10.770329614269007,10.770329614269007,10.770329614269007,11.704699910719626,11.40175425099138,11.180339887498949,10.198039027185569,9.219544457292887,8.06225774829855,0.0,0.0,0.0,0.0,0.0,0.0,0.0,0.0,0.0,0.0,0.0,7.211102550927978,5.830951894845301,6.4031242374328485,6.4031242374328485,6.4031242374328485,6.4031242374328485,6.4031242374328485,6.708203932499369,7.211102550927978,7.211102550927978,6.708203932499369,6.708203932499369,5.830951894845301,6.324555320336759,6.0,7.0710678118654755,8.246211251235321,9.486832980505138,10.44030650891055,11.704699910719626,13.601470508735444,15.524174696260024,16.492422502470642,18.439088914585774,19.4164878389476,19.6468827043885
1787404099.1475046,-88,0.0,16.278820596099706,16.278820596099706,15.556349186104045,15.556349186104045,14.866068747318506,14.866068747318506,13.601470508735444,13.038404810405298,13.416407864998739,13.416407864998739,13.0,12.649110640673518,11.40175425099138,10.44030650891055,10.198039027185569,10.04987562112089,10.0,9.055385138137417,8.246211251235321,8.246211251235321,8.246211251235321,8.246211251235321,7.280109889280518,8.06225774829855,8.0,7.0,0.0,0.0,0.0,0.0,0.0,0.0,0.0,0.0,0.0,0.0,0.0,7.280109889280518,6.324555320336759,6.324555320336759,6.082762530298219,6.082762530298219,5.0990195135927845,5.0,4.123105625617661,4.123105625617661,4.47213595499958,5.0990195135927845,4.123105625617661,3.605551275463989,3.605551275463989,3.605551275463989,3.605551275463989,2.8284271247461903,2.23606797749979,4.0,4.47213595499958,5.0990195135927845,6.324555320336759,7.615773105863909,7.615773105863909,8.94427190999916,9.848857801796104
1787404099.2266276,-84,0.0,10.63014581273465,10.816653826391969,11.661903789690601,13.0,13.92838827718412,14.560219778561036,13.341664064126334,12.165525060596439,10.198039027185569,7.0710678118654755,4.123105625617661,2.0,5.0,8.06225774829855,12.529964086141668,15.652475842498529,17.88854381999832,18.788294228055936,18.788294228055936,18.788294228055936,17.46424919657298,14.866068747318506,13.341664064126334,11.045361017187261,9.055385138137417,7.280109889280518,0.0,0.0,0.0,0.0,0.0,0.0,0.0,0.0,0.0,0.0,0.0,14.7648230602334,13.038404810405298,11.661903789690601,10.816653826391969,8.602325267042627,7.0710678118654755,6.4031242374328485,6.324555320336759,6.082762530298219,6.0,6.0,7.0710678118654755,7.0710678118654755,7.0710678118654755,6.0,5.0,3.1622776601683795,3.605551275463989,4.0,5.0990195135927845,6.324555320336759,6.708203932499369,7.211102550927978,7.211102550927978,6.708203932499369,5.830951894845301
1787404099.354375,-82,0.0,11.045361017187261,12.041594578792296,13.038404810405298,14.035668847618199,14.035668847618199,14.035668847618199,13.152946437965905,12.165525060596439,10.198039027185569,7.0710678118654755,3.0,1.0,4.242640687119285,7.810249675906654,10.816653826391969,13.601470508735444,15.620499351813308,17.029386365926403,17.69180601295413,16.278820596099706,14.866068747318506,12.806248474865697,10.816653826391969,8.94427190999916,7.280109889280518,6.0,0.0,0.0,0.0,0.0,0.0,0.0,0.0,0.0,0.0,0.0,0.0,9.486832980505138,8.94427190999916,8.06225774829855,7.0710678118654755,6.4031242374328485,6.324555320336759,6.082762530298219,6.082762530298219,8.246211251235321,9.486832980505138,8.54400374531753,8.54400374531753,8.54400374531753,8.54400374531753,8.54400374531753,7.615773105863909,7.280109889280518,5.0990195135927845,4.0,3.1622776601683795,2.8284271247461903,3.605551275463989,3.1622776601683795,3.1622776601683795,4.123105625617661,3.0
1787404100.3354397,-68,0.0,28.284271247461902,27.294688127912362,25.317977802344327,21.587033144922902,17.08800749063506,12.529964086141668,8.48528137423857,5.0990195135927845,5.830951894845301,7.810249675906654,9.899494936611665,10.63014581273465,13.038404810405298,14.7648230602334,16.55294535724685,17.08800749063506,16.76305461424021,15.524174696260024,14.317821063276353,13.152946437965905,12.041594578792296,10.198039027185569,6.082762530298219,2.0,0.0,2.0,0.0,0.0,0.0,0.0,0.0,0.0,0.0,0.0,0.0,0.0,0.0,1.0,1.0,2.23606797749979,3.605551275463989,5.0,6.324555320336759,8.246211251235321,10.198039027185569,11.180339887498949,12.041594578792296,13.0,12.165525060596439,12.649110640673518,11.180339887498949,10.816653826391969,11.313708498984761,11.313708498984761,10.0,7.810249675906654,3.605551275463989,2.8284271247461903,7.280109889280518,11.045361017187261,16.0,21.02379604162864,24.020824298928627
1787404100.3520997,-69,0.0,25.553864678361276,24.698178070456937,22.825424421026653,19.697715603592208,15.811388300841896,11.180339887498949,6.0,2.8284271247461903,4.123105625617661,7.615773105863909,9.486832980505138,10.770329614269007,12.36931687685298,14.035668847618199,14.035668847618199,14.0,14.035668847618199,14.142135623730951,13.152946437965905,12.36931687685298,11.40175425099138,7.280109889280518,4.0,1.0,1.0,2.23606797749979,0.0,0.0,0.0,0.0,0.0,0.0,0.0,0.0,0.0,0.0,0.0,2.8284271247461903,1.0,2.23606797749979,4.123105625617661,4.47213595499958,5.385164807134504,8.06225774829855,10.0,12.041594578792296,12.727922061357855,12.806248474865697,12.206555615733702,12.529964086141668,12.649110640673518,12.165525060596439,12.041594578792296,11.045361017187261,10.0,8.0,5.0990195135927845,3.605551275463989,5.385164807134504,8.602325267042627,14.142135623730951,18.439088914585774,21.400934559032695
1787404100.3752582,-69,0.0,32.55764119219941,31.827660925679098,29.0,24.839484696748443,18.867962264113206,13.92838827718412,9.0,6.4031242374328485,7.280109889280518,10.04987562112089,13.038404810405298,13.341664064126334,14.560219778561036,17.72004514666935,19.313207915827967,20.12461179749811,19.72308292331602,19.4164878389476,17.804493814764857,16.278820596099706,14.212670403551895,10.0,6.4031242374328485,2.8284271247461903,0.0,2.23606797749979,0.0,0.0,0.0,0.0,0.0,0.0,0.0,0.0,0.0,0.0,0.0,3.605551275463989,2.23606797749979,2.23606797749979,4.123105625617661,5.385164807134504,6.4031242374328485,9.219544457292887,11.661903789690601,13.038404810405298,13.892443989449804,15.231546211727817,14.866068747318506,14.142135623730951,14.0,14.142135623730951,13.341664064126334,12.083045973594572,11.180339887498949,8.54400374531753,5.385164807134504,1.4142135623730951,6.324555320336759,12.529964086141668,18.601075237738275,24.20743687382041,27.80287754891569
1787404100.3828053,-68,0.0,35.38361202590826,33.94112549695428,30.4138126514911,26.248809496813376,20.0,13.416407864998739,9.055385138137417,7.211102550927978,8.54400374531753,11.40175425099138,13.152946437965905,15.132745950421556,16.492422502470642,18.384776310850235,20.12461179749811,20.591260281974,21.633307652783937,20.615528128088304,19.1049731745428,16.97056274847714,14.866068747318506,12.041594578792296,7.810249675906654,2.8284271247461903,1.0,3.1622776601683795,0.0,0.0,0.0,0.0,0.0,0.0,0.0,0.0,0.0,0.0,0.0,3.1622776601683795,1.4142135623730951,2.23606797749979,4.47213595499958,5.830951894845301,7.810249675906654,9.899494936611665,12.041594578792296,14.422205101855956,15.264337522473747,15.652475842498529,14.866068747318506,15.132745950421556,15.0,15.132745950421556,14.317821063276353,13.601470508735444,11.704699910719626,8.54400374531753,5.0990195135927845,2.23606797749979,6.708203932499369,13.038404810405298,18.601075237738275,25.0,29.832867780352597
1787404100.4936619,-68,0.0,27.073972741361768,26.076809620810597,24.186773244895647,20.396078054371138,15.524174696260024,11.180339887498949,7.0710678118654755,5.0,5.830951894845301,7.0710678118654755,8.48528137423857,10.0,12.529964086141668,13.0,14.866068747318506,15.524174696260024,15.297058540778355,15.033296378372908,15.0,13.0,12.0,9.055385138137417,6.082762530298219,3.1622776601683795,1.0,1.4142135623730951,0.0,0.0,0.0,0.0,0.0,0.0,0.0,0.0,0.0,0.0,0.0,3.1622776601683795,2.23606797749979,0.0,2.23606797749979,4.123105625617661,6.082762530298219,7.0710678118654755,10.0,12.0,13.038404810405298,14.142135623730951,13.601470508735444,13.416407864998739,13.038404810405298,13.45362404707371,12.727922061357855,12.041594578792296,9.219544457292887,7.0710678118654755,4.242640687119285,2.23606797749979,5.0990195135927845,10.04987562112089,15.0,20.024984394500787,23.08679276123039
1787404100.4936619,-68,0.0,26.30589287593181,25.317977802344327,23.194827009486403,19.026297590440446,15.033296378372908,11.180339887498949,8.06225774829855,5.385164807134504,5.0990195135927845,6.708203932499369,8.94427190999916,9.848857801796104,11.704699910719626,13.341664064126334,15.132745950421556,15.033296378372908,16.0,16.0312195418814,15.132745950421556,14.142135623730951,12.165525060596439,9.055385138137417,6.0,3.0,0.0,1.4142135623730951,0.0,0.0,0.0,0.0,0.0,0.0,0.0,0.0,0.0,0.0,0.0,3.1622776601683795,1.0,1.0,3.0,4.0,5.0990195135927845,7.280109889280518,9.486832980505138,11.180339887498949,12.529964086141668,13.038404810405298,12.806248474865697,13.45362404707371,13.601470508735444,13.416407864998739,13.0,11.704699910719626,9.486832980505138,6.708203932499369,3.605551275463989,2.23606797749979,5.830951894845301,9.848857801796104,15.811388300841896,20.615528128088304,23.769728648009426
1787404100.9646306,-69,0.0,28.30194339616981,26.92582403567252,25.059928172283335,21.470910553583888,17.46424919657298,12.36931687685298,7.0,3.605551275463989,3.0,5.385164807134504,6.708203932499369,8.246211251235321,10.198039027185569,11.045361017187261,13.038404810405298,15.0,15.033296378372908,15.132745950421556,14.142135623730951,13.038404810405298,11.0,8.06225774829855,4.47213595499958,2.0,3.605551275463989,4.47213595499958,0.0,0.0,0.0,0.0,0.0,0.0,0.0,0.0,0.0,0.0,0.0,3.1622776601683795,1.0,1.4142135623730951,4.242640687119285,6.4031242374328485,7.810249675906654,10.295630140987,12.083045973594572,14.317821063276353,16.15549442140351,17.08800749063506,16.492422502470642,16.278820596099706,16.0,16.0312195418814,15.132745950421556,13.341664064126334,11.40175425099138,8.246211251235321,5.0,2.23606797749979,3.605551275463989,9.219544457292887,14.212670403551895,20.615528128088304,24.20743687382041
1787404100.9661367,-82,0.0,11.704699910719626,15.652475842498529,18.788294228055936,17.88854381999832,14.7648230602334,13.601470508735444,12.041594578792296,10.0,9.848857801796104,10.04987562112089,8.06225774829855,7.0710678118654755,6.324555320336759,5.0,5.0,6.708203932499369,7.211102550927978,9.219544457292887,9.219544457292887,10.63014581273465,12.727922061357855,13.45362404707371,12.206555615733702,9.899494936611665,8.94427190999916,7.615773105863909,0.0,0.0,0.0,0.0,0.0,0.0,0.0,0.0,0.0,0.0,0.0,10.770329614269007,8.54400374531753,5.385164807134504,2.8284271247461903,2.0,2.8284271247461903,2.23606797749979,3.1622776601683795,6.082762530298219,8.246211251235321,8.06225774829855,7.280109889280518,8.06225774829855,7.810249675906654,8.06225774829855,8.54400374531753,9.848857801796104,13.038404810405298,17.804493814764857,18.867962264113206,18.35755975068582,17.029386365926403,15.620499351813308,12.806248474865697,7.810249675906654,3.0
1787404101.1918395,-81,0.0,15.620499351813308,11.40175425099138,6.4031242374328485,5.830951894845301,6.324555320336759,7.280109889280518,9.219544457292887,11.180339887498949,10.44030650891055,11.180339887498949,10.198039027185569,7.280109889280518,6.708203932499369,5.385164807134504,5.0,4.123105625617661,5.0990195135927845,5.385164807134504,5.830951894845301,7.615773105863909,7.280109889280518,7.615773105863909,8.246211251235321,8.06225774829855,6.082762530298219,3.1622776601683795,0.0,0.0,0.0,0.0,0.0,0.0,0.0,0.0,0.0,0.0,0.0,7.615773105863909,1.4142135623730951,3.605551275463989,5.0,4.242640687119285,4.0,4.47213595499958,3.605551275463989,1.4142135623730951,2.0,5.0,8.0,13.152946437965905,18.439088914585774,20.615528128088304,24.351591323771842,26.0,24.596747752497688,22.47220505424423,20.591260281974,17.08800749063506,15.132745950421556,13.038404810405298,12.649110640673518,14.7648230602334,15.264337522473747
1787404101.3003662,-68,0.0,27.586228448267445,26.1725046566048,22.67156809750927,19.209372712298546,15.0,10.295630140987,5.0990195135927845,2.23606797749979,4.0,5.0,6.4031242374328485,8.54400374531753,10.44030650891055,11.40175425099138,13.152946437965905,13.038404810405298,13.341664064126334,14.560219778561036,13.341664064126334,10.04987562112089,8.0,6.082762530298219,3.605551275463989,3.0,3.1622776601683795,2.8284271247461903,0.0,0.0,0.0,0.0,0.0,0.0,0.0,0.0,0.0,0.0,0.0,3.1622776601683795,1.4142135623730951,2.23606797749979,4.47213595499958,5.830951894845301,7.615773105863909,9.219544457292887,11.180339887498949,13.038404810405298,15.033296378372908,16.0312195418814,16.0312195418814,15.132745950421556,14.560219778561036,13.601470508735444,13.92838827718412,11.704699910719626,9.848857801796104,6.324555320336759,3.0,3.0,6.708203932499369,10.816653826391969,16.401219466856727,20.615528128088304,23.345235059857504
1787404101.3003662,-68,0.0,32.2490309931942,31.064449134018133,30.066592756745816,27.018512172212592,22.02271554554524,15.132745950421556,9.219544457292887,4.242640687119285,4.123105625617661,6.4031242374328485,9.219544457292887,10.63014581273465,13.416407864998739,15.524174696260024,14.317821063276353,16.492422502470642,17.08800749063506,14.866068747318506,13.038404810405298,13.152946437965905,10.04987562112089,7.0,4.123105625617661,1.0,4.123105625617661,6.324555320336759,0.0,0.0,0.0,0.0,0.0,0.0,0.0,0.0,0.0,0.0,0.0,2.0,1.0,3.605551275463989,4.47213595499958,6.324555320336759,9.055385138137417,11.0,13.152946437965905,16.278820596099706,17.72004514666935,18.973665961010276,18.788294228055936,18.027756377319946,18.439088914585774,17.69180601295413,16.278820596099706,14.212670403551895,10.816653826391969,7.211102550927978,3.605551275463989,5.0,9.219544457292887,14.142135623730951,20.09975124224178,25.079872407968907,28.0178514522438
1787404101.3161519,-68,0.0,33.83784863137726,31.32091952673165,28.861739379323623,24.73863375370596,19.4164878389476,13.0,7.280109889280518,4.47213595499958,6.082762530298219,8.54400374531753,12.083045973594572,13.601470508735444,14.142135623730951,16.1245154965971,16.278820596099706,16.1245154965971,18.110770276274835,20.024984394500787,20.024984394500787,16.1245154965971,11.180339887498949,8.0,5.830951894845301,4.47213595499958,4.0,3.605551275463989,0.0,0.0,0.0,0.0,0.0,0.0,0.0,0.0,0.0,0.0,0.0,3.605551275463989,1.4142135623730951,2.23606797749979,4.47213595499958,6.708203932499369,8.06225774829855,10.816653826391969,12.806248474865697,15.620499351813308,16.97056274847714,17.69180601295413,18.601075237738275,18.35755975068582,18.384776310850235,17.72004514666935,16.492422502470642,14.317821063276353,11.180339887498949,8.246211251235321,3.605551275463989,2.23606797749979,6.708203932499369,13.0,18.788294228055936,25.079872407968907,27.85677655436824
1787404101.3161519,-68,0.0,32.526911934581186,32.526911934581186,30.4138126514911,26.1725046566048,21.400934559032695,15.652475842498529,9.848857801796104,4.0,5.0,8.246211251235321,8.06225774829855,9.055385138137417,11.40175425099138,14.866068747318506,17.08800749063506,18.384776310850235,19.235384061671343,16.64331697709324,15.264337522473747,13.038404810405298,10.295630140987,8.246211251235321,6.0,2.23606797749979,4.242640687119285,4.47213595499958,0.0,0.0,0.0,0.0,0.0,0.0,0.0,0.0,0.0,0.0,0.0,2.0,1.0,2.8284271247461903,4.242640687119285,6.4031242374328485,8.06225774829855,9.848857801796104,12.649110640673518,15.524174696260024,17.46424919657298,18.24828759089466,18.027756377319946,18.027756377319946,18.24828759089466,17.46424919657298,16.76305461424021,13.92838827718412,10.770329614269007,7.280109889280518,3.1622776601683795,4.123105625617661,9.433981132056603,14.422205101855956,20.615528128088304,25.612496949731394,28.42534080710379
