Timestamp,RSSI,Sub_0,Sub_1,Sub_2,Sub_3,Sub_4,Sub_5,Sub_6,Sub_7,Sub_8,Sub_9,Sub_10,Sub_11,Sub_12,Sub_13,Sub_14,Sub_15,Sub_16,Sub_17,Sub_18,Sub_19,Sub_20,Sub_21,Sub_22,Sub_23,Sub_24,Sub_25,Sub_26,Sub_27,Sub_28,Sub_29,Sub_30,Sub_31,Sub_32,Sub_33,Sub_34,Sub_35,Sub_36,Sub_37,Sub_38,Sub_39,Sub_40,Sub_41,Sub_42,Sub_43,Sub_44,Sub_45,Sub_46,Sub_47,Sub_48,Sub_49,Sub_50,Sub_51,Sub_52,Sub_53,Sub_54,Sub_55,Sub_56,Sub_57,Sub_58,Sub_59,Sub_60,Sub_61,Sub_62,Sub_63
1787404438.3149216,-38,0.0,14.142135623730951,14.142135623730951,14.142135623730951,14.866068747318506,13.45362404707371,14.212670403551895,14.212670403551895,14.212670403551895,13.601470508735444,14.422205101855956,13.892443989449804,13.892443989449804,14.7648230602334,14.7648230602334,14.7648230602334,15.652475842498529,15.652475842498529,16.1245154965971,16.1245154965971,15.264337522473747,15.811388300841896,15.811388300841896,15.0,15.620499351813308,14.866068747318506,14.142135623730951,0.0,0.0,0.0,0.0,0.0,0.0,0.0,0.0,0.0,0.0,0.0,12.806248474865697,12.206555615733702,13.038404810405298,13.892443989449804,13.892443989449804,13.892443989449804,14.317821063276353,14.317821063276353,14.317821063276353,14.317821063276353,14.317821063276353,14.317821063276353,14.317821063276353,13.416407864998739,13.416407864998739,13.416407864998739,13.416407864998739,13.416407864998739,13.892443989449804,13.038404810405298,13.601470508735444,13.601470508735444,13.601470508735444,13.601470508735444,14.212670403551895,13.601470508735444
1787404438.578098,-89,0.0,16.15549442140351,15.652475842498529,16.15549442140351,16.55294535724685,17.46424919657298,16.55294535724685,17.46424919657298,17.0,16.1245154965971,15.652475842498529,16.55294535724685,15.652475842498529,13.416407864998739,10.770329614269007,10.770329614269007,10.198039027185569,9.0,8.246211251235321,8.54400374531753,8.94427190999916,9.433981132056603,10.816653826391969,10.295630140987,10.0,8.602325267042627,9.433981132056603,0.0,0.0,0.0,0.0,0.0,0.0,0.0,0.0,0.0,0.0,0.0,1.4142135623730951,2.23606797749979,2.23606797749979,2.8284271247461903,3.605551275463989,3.605551275463989,4.47213595499958,4.47213595499958,5.385164807134504,6.082762530298219,7.0710678118654755,8.0,8.06225774829855,8.06225774829855,8.06225774829855,9.055385138137417,9.219544457292887,9.055385138137417,9.055385138137417,8.06225774829855,8.0,8.246211251235321,8.54400374531753,8.94427190999916,8.602325267042627,8.48528137423857
1787404438.582117,-71,0.0,22.561028345356956,21.37755832643195,21.213203435596427,19.235384061671343,18.110770276274835,17.029386365926403,15.0,14.035668847618199,11.045361017187261,10.04987562112089,9.219544457292887,9.486832980505138,9.848857801796104,8.94427190999916,9.433981132056603,9.433981132056603,8.94427190999916,8.94427190999916,8.06225774829855,8.602325267042627,9.433981132056603,9.433981132056603,8.06225774829855,7.211102550927978,6.708203932499369,6.708203932499369,0.0,0.0,0.0,0.0,0.0,0.0,0.0,0.0,0.0,0.0,0.0,6.4031242374328485,5.0,5.385164807134504,5.0990195135927845,6.0,6.0,7.0,7.0710678118654755,8.06225774829855,9.055385138137417,9.055385138137417,8.0,7.0710678118654755,7.280109889280518,8.246211251235321,9.486832980505138,10.770329614269007,12.083045973594572,13.0,13.0,14.317821063276353,15.652475842498529,17.46424919657298,18.384776310850235,20.248456731316587,21.18962010041709
1787404438.5883858,-71,0.0,22.02271554554524,21.93171219946131,21.2602916254693,20.518284528683193,18.439088914585774,17.204650534085253,15.811388300841896,13.601470508735444,12.041594578792296,10.63014581273465,9.219544457292887,8.602325267042627,8.94427190999916,8.94427190999916,8.94427190999916,8.54400374531753,9.486832980505138,9.486832980505138,9.486832980505138,9.486832980505138,9.486832980505138,9.486832980505138,8.54400374531753,7.615773105863909,6.324555320336759,6.324555320336759,0.0,0.0,0.0,0.0,0.0,0.0,0.0,0.0,0.0,0.0,0.0,7.280109889280518,6.324555320336759,5.0990195135927845,5.0990195135927845,5.385164807134504,6.708203932499369,6.708203932499369,6.708203932499369,8.06225774829855,8.602325267042627,8.602325267042627,8.602325267042627,7.810249675906654,8.48528137423857,8.48528137423857,10.0,10.816653826391969,12.206555615733702,13.038404810405298,13.892443989449804,13.892443989449804,15.264337522473747,16.64331697709324,18.027756377319946,20.808652046684813,20.808652046684813
1787404438.5883858,-71,0.0,23.769728648009426,23.769728648009426,22.561028345356956,20.396078054371138,19.1049731745428,18.110770276274835,16.0312195418814,14.035668847618199,13.152946437965905,11.180339887498949,11.180339887498949,10.44030650891055,10.770329614269007,9.848857801796104,9.848857801796104,10.295630140987,11.661903789690601,10.816653826391969,10.816653826391969,10.295630140987,10.295630140987,10.295630140987,9.848857801796104,8.94427190999916,7.615773105863909,7.615773105863909,0.0,0.0,0.0,0.0,0.0,0.0,0.0,0.0,0.0,0.0,0.0,5.830951894845301,6.082762530298219,7.0,7.0,7.0710678118654755,7.280109889280518,8.06225774829855,9.055385138137417,9.219544457292887,10.198039027185569,10.04987562112089,10.04987562112089,9.219544457292887,8.54400374531753,9.848857801796104,11.180339887498949,12.529964086141668,13.416407864998739,14.7648230602334,14.7648230602334,16.1245154965971,17.4928556845359,19.235384061671343,20.12461179749811,21.470910553583888,21.02379604162864
1787404439.1332746,-70,0.0,30.675723300355934,28.792360097775937,26.40075756488817,21.470910553583888,16.64331697709324,12.041594578792296,6.708203932499369,4.47213595499958,6.708203932499369,9.219544457292887,11.180339887498949,13.341664064126334,14.560219778561036,14.866068747318506,15.231546211727817,15.652475842498529,15.652475842498529,14.422205101855956,14.212670403551895,12.041594578792296,9.899494936611665,7.810249675906654,5.0,2.23606797749979,1.4142135623730951,2.0,0.0,0.0,0.0,0.0,0.0,0.0,0.0,0.0,0.0,0.0,0.0,3.605551275463989,3.1622776601683795,2.23606797749979,3.1622776601683795,5.0990195135927845,7.280109889280518,9.219544457292887,11.40175425099138,13.341664064126334,14.560219778561036,15.524174696260024,14.866068747318506,13.416407864998739,11.40175425099138,11.313708498984761,11.40175425099138,9.433981132056603,7.615773105863909,4.123105625617661,1.0,2.23606797749979,7.0710678118654755,12.165525060596439,18.24828759089466,23.53720459187964,26.68332812825267
1787404439.1848543,-72,0.0,23.021728866442675,23.853720883753127,24.186773244895647,22.360679774997898,21.02379604162864,20.615528128088304,19.313207915827967,17.08800749063506,15.231546211727817,13.92838827718412,13.0,11.180339887498949,11.661903789690601,10.816653826391969,9.433981132056603,9.219544457292887,8.48528137423857,8.48528137423857,8.602325267042627,8.602325267042627,9.219544457292887,9.219544457292887,7.810249675906654,7.810249675906654,6.4031242374328485,6.4031242374328485,0.0,0.0,0.0,0.0,0.0,0.0,0.0,0.0,0.0,0.0,0.0,8.602325267042627,8.06225774829855,8.06225774829855,7.615773105863909,7.280109889280518,7.0710678118654755,7.0,7.0,8.0,8.0,8.06225774829855,8.0,8.06225774829855,8.54400374531753,9.848857801796104,11.180339887498949,10.295630140987,10.816653826391969,12.206555615733702,12.806248474865697,14.142135623730951,15.556349186104045,16.97056274847714,19.1049731745428,21.2602916254693,22.02271554554524
1787404439.3638964,-70,0.0,30.675723300355934,29.410882339705484,26.92582403567252,22.561028345356956,17.26267650163207,12.041594578792296,7.0710678118654755,3.605551275463989,5.0,7.0710678118654755,9.899494936611665,11.313708498984761,12.727922061357855,12.806248474865697,13.601470508735444,15.264337522473747,14.317821063276353,13.92838827718412,12.649110640673518,11.704699910719626,9.486832980505138,6.082762530298219,3.0,1.0,2.23606797749979,3.605551275463989,0.0,0.0,0.0,0.0,0.0,0.0,0.0,0.0,0.0,0.0,0.0,1.0,2.23606797749979,4.123105625617661,5.0990195135927845,5.385164807134504,6.4031242374328485,7.810249675906654,10.0,12.529964086141668,13.892443989449804,14.7648230602334,15.231546211727817,14.866068747318506,13.601470508735444,12.165525060596439,11.0,9.055385138137417,7.0,4.0,1.0,2.8284271247461903,7.810249675906654,13.038404810405298,19.235384061671343,23.706539182259394,26.40075756488817
1787404439.3952057,-71,0.0,23.194827009486403,23.345235059857504,22.561028345356956,21.587033144922902,19.6468827043885,18.973665961010276,18.027756377319946,16.15549442140351,14.866068747318506,13.601470508735444,12.649110640673518,11.40175425099138,11.045361017187261,11.0,10.04987562112089,10.04987562112089,10.0,10.04987562112089,9.219544457292887,10.198039027185569,11.045361017187261,10.04987562112089,10.0,9.055385138137417,9.055385138137417,7.0710678118654755,0.0,0.0,0.0,0.0,0.0,0.0,0.0,0.0,0.0,0.0,0.0,6.708203932499369,5.830951894845301,5.656854249492381,5.0,5.830951894845301,5.830951894845301,7.211102550927978,8.06225774829855,8.94427190999916,8.94427190999916,9.433981132056603,9.433981132056603,8.94427190999916,8.54400374531753,9.219544457292887,9.219544457292887,10.198039027185569,10.198039027185569,12.041594578792296,13.0,15.033296378372908,17.029386365926403,18.027756377319946,20.0,22.02271554554524,23.021728866442675
1787404439.4525166,-69,0.0,31.89043743820395,30.479501308256342,27.65863337187866,23.600847442411894,18.867962264113206,13.416407864998739,8.06225774829855,5.830951894845301,6.324555320336759,8.0,10.04987562112089,12.0,14.0,15.033296378372908,16.278820596099706,15.524174696260024,14.560219778561036,13.92838827718412,12.083045973594572,11.180339887498949,8.94427190999916,6.708203932499369,4.47213595499958,1.4142135623730951,1.0,3.1622776601683795,0.0,0.0,0.0,0.0,0.0,0.0,0.0,0.0,0.0,0.0,0.0,1.4142135623730951,0.0,2.0,3.1622776601683795,5.830951894845301,7.0710678118654755,9.219544457292887,11.40175425099138,13.892443989449804,16.1245154965971,17.0,15.652475842498529,14.866068747318506,13.341664064126334,12.0,12.041594578792296,10.198039027185569,8.246211251235321,5.0990195135927845,2.0,3.1622776601683795,7.211102550927978,13.601470508735444,19.849433241279208,25.45584412271571,28.284271247461902
1787404439.4967544,-70,0.0,24.020824298928627,24.020824298928627,23.08679276123039,21.213203435596427,21.213203435596427,20.223748416156685,18.439088914585774,16.492422502470642,15.524174696260024,13.152946437965905,12.165525060596439,10.04987562112089,10.04987562112089,9.055385138137417,9.055385138137417,8.246211251235321,7.280109889280518,7.615773105863909,7.615773105863909,6.708203932499369,6.708203932499369,7.615773105863909,6.324555320336759,6.324555320336759,6.708203932499369,5.385164807134504,0.0,0.0,0.0,0.0,0.0,0.0,0.0,0.0,0.0,0.0,0.0,6.324555320336759,6.324555320336759,5.385164807134504,5.830951894845301,6.4031242374328485,7.0710678118654755,7.810249675906654,8.06225774829855,7.211102550927978,7.810249675906654,7.810249675906654,7.211102550927978,6.708203932499369,7.280109889280518,8.06225774829855,9.0,10.0,11.045361017187261,12.165525060596439,13.152946437965905,15.297058540778355,16.278820596099706,18.24828759089466,20.223748416156685,22.090722034374522,23.021728866442675
1787404439.6023796,-72,0.0,31.25699921617557,30.14962686336267,28.071337695236398,24.020824298928627,20.024984394500787,15.132745950421556,9.486832980505138,5.656854249492381,4.123105625617661,6.4031242374328485,7.810249675906654,9.219544457292887,11.661903789690601,12.529964086141668,13.038404810405298,12.529964086141668,12.649110640673518,12.165525060596439,12.041594578792296,11.045361017187261,8.06225774829855,6.082762530298219,3.0,2.23606797749979,2.8284271247461903,4.123105625617661,0.0,0.0,0.0,0.0,0.0,0.0,0.0,0.0,0.0,0.0,0.0,3.1622776601683795,2.23606797749979,1.0,3.0,5.0,7.0710678118654755,10.04987562112089,12.36931687685298,13.92838827718412,15.231546211727817,15.231546211727817,14.317821063276353,13.601470508735444,12.727922061357855,12.206555615733702,12.083045973594572,10.770329614269007,8.54400374531753,6.324555320336759,3.1622776601683795,1.4142135623730951,6.324555320336759,11.704699910719626,17.72004514666935,22.80350850198276,26.476404589747453
1787404440.8162746,-70,0.0,30.01666203960727,29.068883707497267,26.1725046566048,22.20360331117452,17.46424919657298,12.649110640673518,8.06225774829855,4.123105625617661,5.830951894845301,8.602325267042627,10.295630140987,11.661903789690601,13.038404810405298,14.212670403551895,14.866068747318506,15.556349186104045,14.866068747318506,14.422205101855956,13.038404810405298,11.180339887498949,8.94427190999916,6.708203932499369,3.605551275463989,1.0,1.4142135623730951,2.23606797749979,0.0,0.0,0.0,0.0,0.0,0.0,0.0,0.0,0.0,0.0,0.0,1.4142135623730951,1.0,3.1622776601683795,4.123105625617661,6.082762530298219,8.0,9.219544457292887,11.40175425099138,13.601470508735444,14.866068747318506,15.811388300841896,15.231546211727817,13.892443989449804,12.806248474865697,12.806248474865697,12.206555615733702,10.295630140987,8.54400374531753,6.708203932499369,3.605551275463989,2.23606797749979,5.0990195135927845,10.198039027185569,16.1245154965971,21.095023109728988,24.08318915758459
1787404441.247439,-69,0.0,30.528675044947494,28.30194339616981,25.238858928247925,21.400934559032695,16.278820596099706,10.816653826391969,7.280109889280518,5.385164807134504,7.211102550927978,9.486832980505138,10.198039027185569,11.180339887498949,13.152946437965905,15.132745950421556,16.1245154965971,16.278820596099706,15.524174696260024,14.560219778561036,12.649110640673518,11.40175425099138,8.54400374531753,5.385164807134504,3.605551275463989,1.0,1.4142135623730951,3.1622776601683795,0.0,0.0,0.0,0.0,0.0,0.0,0.0,0.0,0.0,0.0,0.0,4.242640687119285,2.23606797749979,1.0,2.0,4.0,6.0,9.055385138137417,11.180339887498949,13.341664064126334,14.317821063276353,14.317821063276353,13.601470508735444,13.0,12.206555615733702,12.041594578792296,11.313708498984761,10.63014581273465,8.602325267042627,5.830951894845301,2.8284271247461903,1.0,4.47213595499958,8.94427190999916,15.231546211727817,21.540659228538015,24.351591323771842
1787404441.471232,-70,0.0,30.364452901377952,29.120439557122072,25.709920264364882,21.37755832643195,17.11724276862369,11.0,6.324555320336759,5.385164807134504,6.708203932499369,9.219544457292887,11.313708498984761,13.45362404707371,14.866068747318506,16.278820596099706,17.804493814764857,18.439088914585774,17.029386365926403,15.264337522473747,13.892443989449804,12.083045973594572,9.848857801796104,6.324555320336759,4.123105625617661,2.0,2.23606797749979,3.0,0.0,0.0,0.0,0.0,0.0,0.0,0.0,0.0,0.0,0.0,0.0,5.0,2.8284271247461903,1.0,2.8284271247461903,4.47213595499958,7.615773105863909,9.486832980505138,12.649110640673518,13.601470508735444,14.866068747318506,16.76305461424021,16.492422502470642,15.297058540778355,14.0,13.152946437965905,12.649110640673518,11.704699910719626,8.54400374531753,4.47213595499958,1.0,3.1622776601683795,7.615773105863909,12.529964086141668,17.88854381999832,23.259406699226016,26.0
1787404441.5027978,-70,0.0,34.17601498127012,32.69556544854363,29.546573405388315,24.596747752497688,18.35755975068582,12.206555615733702,7.0710678118654755,3.1622776601683795,6.082762530298219,9.0,12.041594578792296,15.132745950421556,17.029386365926403,18.027756377319946,18.0,19.0,19.1049731745428,19.235384061671343,16.278820596099706,13.152946437965905,11.180339887498949,9.486832980505138,6.324555320336759,2.23606797749979,1.0,3.1622776601683795,0.0,0.0,0.0,0.0,0.0,0.0,0.0,0.0,0.0,0.0,0.0,2.23606797749979,0.0,2.0,4.123105625617661,5.385164807134504,8.06225774829855,12.206555615733702,15.811388300841896,17.204650534085253,19.4164878389476,19.4164878389476,18.027756377319946,17.204650534085253,16.278820596099706,14.212670403551895,13.601470508735444,12.083045973594572,8.54400374531753,5.0990195135927845,1.4142135623730951,4.0,8.0,14.142135623730951,21.587033144922902,26.92582403567252,29.832867780352597
1787404441.9992628,-70,0.0,31.400636936215164,30.0,26.627053911388696,23.323807579381203,17.88854381999832,12.649110640673518,8.0,5.0,6.082762530298219,8.54400374531753,10.770329614269007,12.083045973594572,13.601470508735444,15.524174696260024,16.278820596099706,16.1245154965971,16.1245154965971,16.0312195418814,15.0,13.0,11.0,8.0,5.0,2.0,1.0,2.23606797749979,0.0,0.0,0.0,0.0,0.0,0.0,0.0,0.0,0.0,0.0,0.0,2.8284271247461903,1.4142135623730951,1.0,2.23606797749979,3.605551275463989,5.0,7.280109889280518,9.219544457292887,12.165525060596439,13.341664064126334,15.132745950421556,15.033296378372908,14.0,13.038404810405298,13.341664064126334,12.649110640673518,10.770329614269007,8.94427190999916,5.830951894845301,2.23606797749979,1.0,5.0,10.63014581273465,16.97056274847714,22.627416997969522,26.1725046566048
1787404442.0152943,-70,0.0,30.23243291566195,29.410882339705484,26.40075756488817,22.80350850198276,17.69180601295413,12.206555615733702,7.615773105863909,4.47213595499958,6.082762530298219,9.055385138137417,11.045361017187261,13.038404810405298,14.0,15.033296378372908,16.1245154965971,16.278820596099706,16.492422502470642,15.811388300841896,14.866068747318506,13.92838827718412,10.44030650891055,8.246211251235321,5.0990195135927845,2.0,1.4142135623730951,2.23606797749979,0.0,0.0,0.0,0.0,0.0,0.0,0.0,0.0,0.0,0.0,0.0,2.8284271247461903,1.0,1.0,2.23606797749979,3.605551275463989,5.0990195135927845,8.06225774829855,10.0,12.041594578792296,14.035668847618199,15.033296378372908,15.132745950421556,14.317821063276353,13.92838827718412,13.892443989449804,13.601470508735444,12.041594578792296,9.219544457292887,6.4031242374328485,3.605551275463989,2.0,6.324555320336759,12.083045973594572,17.0,22.825424421026653,26.419689627245813
1787404442.2232127,-69,0.0,32.31098884280702,31.78049716414141,29.068883707497267,24.596747752497688,18.867962264113206,13.601470508735444,8.602325267042627,5.0,5.0,8.246211251235321,11.40175425099138,13.601470508735444,15.811388300841896,17.08800749063506,17.46424919657298,17.88854381999832,17.4928556845359,16.64331697709324,14.422205101855956,12.206555615733702,10.0,7.211102550927978,2.8284271247461903,1.0,3.1622776601683795,4.123105625617661,0.0,0.0,0.0,0.0,0.0,0.0,0.0,0.0,0.0,0.0,0.0,3.1622776601683795,1.0,1.0,2.8284271247461903,4.47213595499958,6.324555320336759,8.0,10.04987562112089,13.038404810405298,14.142135623730951,15.297058540778355,15.524174696260024,15.231546211727817,15.264337522473747,14.212670403551895,13.45362404707371,11.313708498984761,9.219544457292887,5.656854249492381,2.23606797749979,3.0,8.246211251235321,13.601470508735444,19.924858845171276,25.298221281347036,28.460498941515414
1787404442.829837,-71,0.0,30.4138126514911,27.730849247724095,25.632011235952593,22.135943621178654,17.46424919657298,12.041594578792296,6.082762530298219,3.605551275463989,5.385164807134504,7.810249675906654,10.63014581273465,11.40175425099138,13.601470508735444,15.811388300841896,16.1245154965971,16.55294535724685,16.15549442140351,14.866068747318506,12.649110640673518,11.40175425099138,9.219544457292887,7.0710678118654755,4.123105625617661,2.0,1.4142135623730951,2.23606797749979,0.0,0.0,0.0,0.0,0.0,0.0,0.0,0.0,0.0,0.0,0.0,1.0,1.0,3.1622776601683795,4.47213595499958,6.4031242374328485,8.602325267042627,10.295630140987,12.529964086141668,14.317821063276353,15.231546211727817,16.15549442140351,15.811388300841896,15.297058540778355,15.033296378372908,15.0,14.035668847618199,12.041594578792296,10.04987562112089,7.0,4.123105625617661,3.0,6.4031242374328485,10.63014581273465,15.811388300841896,20.808652046684813,24.413111231467404
1787404443.2936623,-72,0.0,29.206163733020468,27.80287754891569,25.238858928247925,21.95449840010015,17.46424919657298,12.649110640673518,7.0,5.0,5.0,7.615773105863909,10.295630140987,12.529964086141668,13.416407864998739,14.317821063276353,14.866068747318506,14.560219778561036,14.560219778561036,14.317821063276353,13.152946437965905,12.041594578792296,10.04987562112089,7.0,4.0,2.23606797749979,1.0,1.4142135623730951,0.0,0.0,0.0,0.0,0.0,0.0,0.0,0.0,0.0,0.0,0.0,3.605551275463989,2.23606797749979,1.0,3.1622776601683795,5.385164807134504,8.06225774829855,10.0,12.041594578792296,14.035668847618199,16.1245154965971,16.1245154965971,16.1245154965971,15.297058540778355,15.297058540778355,13.601470508735444,12.529964086141668,11.661903789690601,8.06225774829855,5.0,1.0,3.605551275463989,6.4031242374328485,11.313708498984761,16.97056274847714,20.518284528683193,24.758836806279895
1787404443.4854958,-71,0.0,22.47220505424423,22.47220505424423,23.021728866442675,21.633307652783937,20.808652046684813,19.849433241279208,18.384776310850235,16.97056274847714,15.556349186104045,14.866068747318506,13.45362404707371,12.206555615733702,11.661903789690601,11.661903789690601,11.661903789690601,11.661903789690601,11.180339887498949,10.295630140987,10.295630140987,10.295630140987,9.848857801796104,9.433981132056603,8.602325267042627,7.810249675906654,6.4031242374328485,5.656854249492381,0.0,0.0,0.0,0.0,0.0,0.0,0.0,0.0,0.0,0.0,0.0,7.0710678118654755,7.0710678118654755,6.0,6.082762530298219,6.324555320336759,6.324555320336759,7.615773105863909,7.615773105863909,8.94427190999916,8.54400374531753,8.54400374531753,8.94427190999916,8.06225774829855,7.810249675906654,7.810249675906654,9.219544457292887,10.0,10.816653826391969,11.661903789690601,12.529964086141668,13.416407864998739,15.231546211727817,16.55294535724685,17.46424919657298,20.12461179749811,22.360679774997898
1787404444.0953197,-71,0.0,25.059928172283335,24.186773244895647,23.259406699226016,22.847319317591726,21.540659228538015,20.248456731316587,18.681541692269406,17.46424919657298,15.297058540778355,13.601470508735444,12.083045973594572,11.180339887498949,11.180339887498949,9.848857801796104,10.295630140987,9.433981132056603,9.433981132056603,8.602325267042627,7.810249675906654,7.0710678118654755,7.0710678118654755,7.0710678118654755,6.4031242374328485,5.656854249492381,5.0,4.47213595499958,0.0,0.0,0.0,0.0,0.0,0.0,0.0,0.0,0.0,0.0,0.0,6.4031242374328485,5.0,4.47213595499958,4.123105625617661,4.0,5.0990195135927845,5.385164807134504,6.324555320336759,6.082762530298219,6.324555320336759,6.324555320336759,7.280109889280518,7.615773105863909,8.94427190999916,9.433981132056603,10.63014581273465,10.63014581273465,12.041594578792296,12.806248474865697,13.45362404707371,13.45362404707371,15.556349186104045,17.69180601295413,19.849433241279208,20.615528128088304,22.02271554554524
1787404444.3028972,-71,0.0,21.400934559032695,21.2602916254693,20.615528128088304,19.849433241279208,19.1049731745428,17.69180601295413,14.866068747318506,12.806248474865697,12.806248474865697,12.041594578792296,10.63014581273465,10.0,9.219544457292887,9.219544457292887,8.602325267042627,8.54400374531753,7.615773105863909,7.615773105863909,7.615773105863909,8.54400374531753,8.54400374531753,8.06225774829855,7.211102550927978,5.830951894845301,5.0,5.385164807134504,0.0,0.0,0.0,0.0,0.0,0.0,0.0,0.0,0.0,0.0,0.0,8.0,6.0,5.0990195135927845,5.830951894845301,6.4031242374328485,7.810249675906654,9.219544457292887,9.219544457292887,9.899494936611665,9.219544457292887,8.602325267042627,8.48528137423857,7.810249675906654,7.211102550927978,7.211102550927978,8.602325267042627,10.816653826391969,11.180339887498949,11.180339887498949,11.180339887498949,12.529964086141668,14.317821063276353,15.231546211727817,18.973665961010276,21.18962010041709,21.02379604162864
1787404444.4142685,-72,0.0,25.019992006393608,25.079872407968907,24.186773244895647,23.345235059857504,22.360679774997898,20.396078054371138,19.6468827043885,17.72004514666935,16.76305461424021,15.524174696260024,13.341664064126334,11.180339887498949,11.045361017187261,11.045361017187261,10.0,10.0,10.0,9.055385138137417,9.055385138137417,9.055385138137417,10.04987562112089,10.04987562112089,9.055385138137417,8.06225774829855,7.0710678118654755,6.082762530298219,0.0,0.0,0.0,0.0,0.0,0.0,0.0,0.0,0.0,0.0,0.0,8.06225774829855,7.211102550927978,6.4031242374328485,5.656854249492381,6.4031242374328485,6.708203932499369,6.708203932499369,7.615773105863909,7.615773105863909,7.615773105863909,7.615773105863909,8.246211251235321,8.246211251235321,9.055385138137417,10.0,12.041594578792296,12.041594578792296,13.038404810405298,14.035668847618199,15.033296378372908,16.1245154965971,17.26267650163207,18.24828759089466,20.09975124224178,22.090722034374522,23.08679276123039
1787404444.7819936,-69,0.0,28.160255680657446,28.071337695236398,26.019223662515376,22.0,17.11724276862369,12.36931687685298,8.06225774829855,4.123105625617661,5.0,7.615773105863909,8.94427190999916,10.295630140987,11.661903789690601,12.206555615733702,12.806248474865697,14.142135623730951,14.866068747318506,14.212670403551895,12.806248474865697,11.40175425099138,9.219544457292887,6.4031242374328485,3.605551275463989,1.0,1.4142135623730951,2.8284271247461903,0.0,0.0,0.0,0.0,0.0,0.0,0.0,0.0,0.0,0.0,0.0,3.1622776601683795,2.23606797749979,1.4142135623730951,4.47213595499958,5.0990195135927845,6.324555320336759,8.48528137423857,9.219544457292887,11.40175425099138,12.806248474865697,14.212670403551895,14.422205101855956,13.892443989449804,13.416407864998739,13.0,12.649110640673518,10.44030650891055,7.280109889280518,5.385164807134504,2.23606797749979,2.8284271247461903,7.280109889280518,11.40175425099138,16.492422502470642,20.615528128088304,23.53720459187964
1787404444.9253747,-71,0.0,32.89376840679705,31.622776601683793,29.120439557122072,23.345235059857504,18.027756377319946,13.152946437965905,8.94427190999916,6.4031242374328485,6.082762530298219,9.433981132056603,12.041594578792296,12.727922061357855,13.601470508735444,15.264337522473747,15.652475842498529,16.15549442140351,15.524174696260024,15.297058540778355,14.142135623730951,13.152946437965905,11.045361017187261,9.0,5.0,2.23606797749979,2.0,2.23606797749979,0.0,0.0,0.0,0.0,0.0,0.0,0.0,0.0,0.0,0.0,0.0,3.1622776601683795,1.0,1.0,2.23606797749979,4.242640687119285,5.656854249492381,7.810249675906654,10.295630140987,13.416407864998739,14.317821063276353,15.231546211727817,16.15549442140351,15.811388300841896,15.132745950421556,14.0,13.038404810405298,11.180339887498949,9.219544457292887,5.0990195135927845,2.0,1.4142135623730951,6.324555320336759,12.083045973594572,18.788294228055936,25.495097567963924,29.546573405388315
1787404447.2763436,-86,0.0,19.313207915827967,18.384776310850235,18.027756377319946,18.027756377319946,16.76305461424021,17.72004514666935,17.72004514666935,17.72004514666935,16.492422502470642,16.492422502470642,16.492422502470642,15.297058540778355,15.132745950421556,14.142135623730951,12.041594578792296,11.0,10.04987562112089,8.246211251235321,9.486832980505138,8.94427190999916,9.486832980505138,10.198039027185569,11.180339887498949,12.165525060596439,13.0,15.132745950421556,0.0,0.0,0.0,0.0,0.0,0.0,0.0,0.0,0.0,0.0,0.0,3.1622776601683795,4.123105625617661,4.123105625617661,5.0990195135927845,7.0710678118654755,8.246211251235321,8.06225774829855,10.04987562112089,10.04987562112089,11.045361017187261,12.041594578792296,13.152946437965905,13.341664064126334,13.341664064126334,14.560219778561036,13.341664064126334,13.341664064126334,12.36931687685298,11.40175425099138,9.219544457292887,6.0,4.123105625617661,2.8284271247461903,4.0,4.47213595499958,5.830951894845301
1787404447.577299,-70,0.0,30.59411708155671,29.614185789921695,26.92582403567252,23.08679276123039,17.46424919657298,12.206555615733702,7.211102550927978,4.123105625617661,5.0,8.246211251235321,10.04987562112089,11.180339887498949,12.649110640673518,13.92838827718412,14.7648230602334,14.422205101855956,13.601470508735444,13.45362404707371,12.727922061357855,11.313708498984761,8.48528137423857,5.656854249492381,2.23606797749979,1.4142135623730951,3.1622776601683795,3.605551275463989,0.0,0.0,0.0,0.0,0.0,0.0,0.0,0.0,0.0,0.0,0.0,2.8284271247461903,1.0,2.0,4.0,6.0,8.06225774829855,10.198039027185569,12.649110640673518,13.601470508735444,14.560219778561036,14.866068747318506,14.317821063276353,13.892443989449804,12.806248474865697,12.041594578792296,11.40175425099138,10.295630140987,8.06225774829855,5.385164807134504,2.8284271247461903,2.23606797749979,6.0,11.045361017187261,17.029386365926403,22.090722034374522,25.079872407968907
1787404447.5920844,-70,0.0,29.154759474226502,28.442925306655784,26.68332812825267,22.80350850198276,17.46424919657298,12.206555615733702,7.211102550927978,6.082762530298219,7.0710678118654755,9.848857801796104,11.704699910719626,12.083045973594572,13.416407864998739,15.264337522473747,15.620499351813308,15.620499351813308,15.556349186104045,14.866068747318506,13.601470508735444,12.206555615733702,10.0,7.211102550927978,4.47213595499958,2.0,2.0,2.23606797749979,0.0,0.0,0.0,0.0,0.0,0.0,0.0,0.0,0.0,0.0,0.0,4.242640687119285,3.1622776601683795,2.8284271247461903,3.605551275463989,5.385164807134504,7.280109889280518,9.486832980505138,10.770329614269007,12.083045973594572,13.416407864998739,13.892443989449804,13.601470508735444,12.727922061357855,12.806248474865697,13.038404810405298,12.083045973594572,10.44030650891055,9.219544457292887,7.0710678118654755,3.0,1.4142135623730951,5.0990195135927845,10.04987562112089,16.0312195418814,22.02271554554524,25.019992006393608
1787404447.6430519,-70,0.0,39.293765408777,37.36308338453881,34.48187929913333,29.154759474226502,21.95449840010015,14.866068747318506,8.94427190999916,6.708203932499369,10.295630140987,12.649110640673518,14.317821063276353,15.297058540778355,16.492422502470642,18.973665961010276,19.313207915827967,19.697715603592208,18.35755975068582,17.804493814764857,16.278820596099706,14.142135623730951,10.63014581273465,6.4031242374328485,4.242640687119285,1.0,3.0,4.123105625617661,0.0,0.0,0.0,0.0,0.0,0.0,0.0,0.0,0.0,0.0,0.0,5.830951894845301,3.1622776601683795,2.8284271247461903,5.385164807134504,8.246211251235321,9.486832980505138,12.529964086141668,14.422205101855956,18.027756377319946,19.72308292331602,21.095023109728988,20.808652046684813,19.1049731745428,18.439088914585774,17.204650534085253,16.64331697709324,13.892443989449804,9.848857801796104,6.324555320336759,2.0,3.1622776601683795,8.246211251235321,16.278820596099706,23.345235059857504,28.442925306655784,32.38826948140329
1787404447.8160145,-70,0.0,27.294688127912362,26.30589287593181,24.08318915758459,20.0,16.1245154965971,11.40175425099138,7.211102550927978,4.123105625617661,5.830951894845301,8.48528137423857,9.899494936611665,11.313708498984761,12.727922061357855,13.45362404707371,15.0,14.7648230602334,14.317821063276353,13.92838827718412,12.649110640673518,10.44030650891055,9.219544457292887,7.0710678118654755,5.0990195135927845,2.0,0.0,2.23606797749979,0.0,0.0,0.0,0.0,0.0,0.0,0.0,0.0,0.0,0.0,0.0,5.0,2.8284271247461903,1.0,2.23606797749979,5.0,6.4031242374328485,7.810249675906654,10.0,11.40175425099138,12.727922061357855,13.45362404707371,12.806248474865697,12.529964086141668,12.083045973594572,13.0,12.649110640673518,11.40175425099138,8.06225774829855,6.0,2.23606797749979,2.23606797749979,5.385164807134504,10.44030650891055,15.524174696260024,19.6468827043885,22.80350850198276
1787404447.832063,-69,0.0,37.12142238654117,36.71511950137164,34.132096331752024,28.0178514522438,22.02271554554524,15.620499351813308,9.848857801796104,5.385164807134504,6.708203932499369,9.0,12.0,14.0,15.033296378372908,16.278820596099706,16.492422502470642,16.15549442140351,15.652475842498529,15.264337522473747,13.601470508735444,12.806248474865697,10.0,7.810249675906654,3.605551275463989,1.0,2.23606797749979,5.0,0.0,0.0,0.0,0.0,0.0,0.0,0.0,0.0,0.0,0.0,0.0,2.23606797749979,2.23606797749979,3.1622776601683795,5.385164807134504,6.324555320336759,8.06225774829855,10.04987562112089,14.035668847618199,16.1245154965971,18.027756377319946,19.026297590440446,19.235384061671343,18.681541692269406,18.384776310850235,18.35755975068582,16.64331697709324,14.422205101855956,10.816653826391969,7.211102550927978,3.1622776601683795,2.23606797749979,7.280109889280518,13.0,20.615528128088304,26.92582403567252,30.083217912982647
1787404447.8479025,-70,0.0,30.675723300355934,30.083217912982647,27.313000567495326,22.825424421026653,18.027756377319946,13.45362404707371,7.211102550927978,4.0,5.0,8.246211251235321,10.198039027185569,12.36931687685298,13.601470508735444,13.92838827718412,13.92838827718412,14.317821063276353,14.7648230602334,13.601470508735444,11.40175425099138,9.219544457292887,7.0710678118654755,5.656854249492381,3.605551275463989,1.0,1.4142135623730951,2.8284271247461903,0.0,0.0,0.0,0.0,0.0,0.0,0.0,0.0,0.0,0.0,0.0,3.1622776601683795,2.8284271247461903,4.0,5.0990195135927845,6.082762530298219,7.0710678118654755,8.0,10.04987562112089,13.152946437965905,14.317821063276353,15.297058540778355,15.811388300841896,15.652475842498529,15.0,14.142135623730951,14.212670403551895,12.806248474865697,10.0,7.211102550927978,3.605551275463989,1.4142135623730951,5.0990195135927845,10.44030650891055,16.76305461424021,22.80350850198276,25.96150997149434
1787404447.991648,-70,0.0,29.410882339705484,28.30194339616981,25.553864678361276,21.02379604162864,15.811388300841896,10.04987562112089,5.385164807134504,5.0990195135927845,7.615773105863909,10.0,11.40175425099138,12.206555615733702,12.529964086141668,13.92838827718412,14.560219778561036,14.317821063276353,15.132745950421556,15.033296378372908,14.0,12.0,10.0,7.0,3.0,1.0,1.4142135623730951,3.1622776601683795,0.0,0.0,0.0,0.0,0.0,0.0,0.0,0.0,0.0,0.0,0.0,2.0,1.4142135623730951,1.4142135623730951,2.8284271247461903,5.0,8.602325267042627,11.180339887498949,13.0,15.0,16.0312195418814,17.11724276862369,16.1245154965971,15.0,14.035668847618199,13.341664064126334,13.601470508735444,12.083045973594572,8.94427190999916,5.830951894845301,2.23606797749979,2.8284271247461903,6.4031242374328485,12.041594578792296,17.029386365926403,22.02271554554524,25.612496949731394
1787404448.1196878,-69,0.0,30.066592756745816,28.160255680657446,25.079872407968907,22.02271554554524,18.027756377319946,14.317821063276353,10.295630140987,6.708203932499369,7.280109889280518,7.211102550927978,8.06225774829855,8.94427190999916,10.770329614269007,12.083045973594572,13.601470508735444,14.142135623730951,13.038404810405298,12.041594578792296,10.198039027185569,9.055385138137417,7.0710678118654755,5.0990195135927845,3.0,1.0,3.605551275463989,5.830951894845301,0.0,0.0,0.0,0.0,0.0,0.0,0.0,0.0,0.0,0.0,0.0,4.47213595499958,3.605551275463989,3.605551275463989,4.123105625617661,6.0,8.0,10.04987562112089,12.041594578792296,15.132745950421556,17.11724276862369,17.11724276862369,16.278820596099706,14.560219778561036,14.317821063276353,13.038404810405298,12.041594578792296,10.63014581273465,9.219544457292887,6.4031242374328485,3.605551275463989,2.8284271247461903,6.324555320336759,11.180339887498949,16.1245154965971,21.095023109728988,24.08318915758459
1787404448.1196878,-69,0.0,30.265491900843113,29.274562336608895,27.294688127912362,23.345235059857504,18.681541692269406,14.317821063276353,10.0,6.324555320336759,6.324555320336759,7.211102550927978,9.219544457292887,10.63014581273465,11.40175425099138,12.529964086141668,13.0,13.601470508735444,13.341664064126334,13.038404810405298,12.0,10.0,8.0,6.0,3.0,1.0,2.0,3.1622776601683795,0.0,0.0,0.0,0.0,0.0,0.0,0.0,0.0,0.0,0.0,0.0,2.23606797749979,2.23606797749979,3.0,4.123105625617661,5.385164807134504,7.280109889280518,10.198039027185569,13.152946437965905,15.132745950421556,17.029386365926403,17.0,17.029386365926403,16.1245154965971,13.601470508735444,13.0,12.529964086141668,10.816653826391969,8.602325267042627,6.708203932499369,4.0,3.605551275463989,8.06225774829855,13.0,18.110770276274835,22.20360331117452,25.179356624028344
1787404448.1354916,-69,0.0,30.01666203960727,28.30194339616981,26.627053911388696,23.021728866442675,17.804493814764857,12.727922061357855,8.602325267042627,6.0,5.830951894845301,8.06225774829855,8.94427190999916,10.295630140987,12.206555615733702,12.806248474865697,13.45362404707371,14.212670403551895,13.038404810405298,12.529964086141668,11.704699910719626,10.44030650891055,8.54400374531753,5.385164807134504,3.1622776601683795,0.0,2.0,3.0,0.0,0.0,0.0,0.0,0.0,0.0,0.0,0.0,0.0,0.0,0.0,4.242640687119285,2.23606797749979,2.23606797749979,3.605551275463989,5.0,7.211102550927978,9.433981132056603,12.529964086141668,14.317821063276353,16.55294535724685,18.35755975068582,18.384776310850235,16.492422502470642,15.033296378372908,14.0,13.038404810405298,12.041594578792296,10.198039027185569,6.082762530298219,3.1622776601683795,3.1622776601683795,6.324555320336759,11.180339887498949,17.0,21.95449840010015,24.186773244895647
1787404448.1354916,-69,0.0,31.304951684997057,29.5296461204668,26.92582403567252,23.853720883753127,19.4164878389476,13.45362404707371,8.54400374531753,7.0710678118654755,6.4031242374328485,7.211102550927978,9.848857801796104,11.180339887498949,11.661903789690601,12.206555615733702,13.45362404707371,14.212670403551895,13.038404810405298,12.529964086141668,11.661903789690601,10.816653826391969,8.94427190999916,6.324555320336759,2.8284271247461903,1.0,2.0,4.123105625617661,0.0,0.0,0.0,0.0,0.0,0.0,0.0,0.0,0.0,0.0,0.0,4.242640687119285,1.4142135623730951,2.23606797749979,5.0,5.830951894845301,8.06225774829855,10.295630140987,13.0,14.866068747318506,17.08800749063506,18.027756377319946,17.72004514666935,16.1245154965971,14.035668847618199,13.0,14.035668847618199,12.36931687685298,9.486832980505138,5.385164807134504,3.1622776601683795,3.1622776601683795,7.280109889280518,11.704699910719626,17.46424919657298,21.93171219946131,25.495097567963924
1787404448.1354916,-69,0.0,30.066592756745816,30.14962686336267,27.16615541441225,24.331050121192877,19.6468827043885,15.231546211727817,10.0,6.708203932499369,7.0710678118654755,8.06225774829855,9.433981132056603,11.661903789690601,12.083045973594572,13.601470508735444,14.560219778561036,15.297058540778355,15.033296378372908,15.0,13.038404810405298,12.041594578792296,10.04987562112089,7.0710678118654755,4.0,2.0,1.0,1.4142135623730951,0.0,0.0,0.0,0.0,0.0,0.0,0.0,0.0,0.0,0.0,0.0,3.0,2.23606797749979,2.0,3.1622776601683795,4.47213595499958,6.324555320336759,9.055385138137417,12.041594578792296,14.035668847618199,16.0312195418814,17.0,17.029386365926403,15.132745950421556,13.601470508735444,13.0,12.083045973594572,10.295630140987,7.810249675906654,5.0,2.0,4.123105625617661,8.06225774829855,13.0,19.1049731745428,24.08318915758459,27.018512172212592
1787404448.3915718,-70,0.0,31.400636936215164,29.614185789921695,26.92582403567252,22.47220505424423,16.55294535724685,11.40175425099138,6.708203932499369,5.385164807134504,6.4031242374328485,8.54400374531753,10.770329614269007,11.661903789690601,13.038404810405298,13.601470508735444,14.142135623730951,14.866068747318506,14.212670403551895,13.601470508735444,12.529964086141668,11.180339887498949,8.94427190999916,5.385164807134504,3.1622776601683795,1.4142135623730951,2.23606797749979,3.605551275463989,0.0,0.0,0.0,0.0,0.0,0.0,0.0,0.0,0.0,0.0,0.0,1.0,2.23606797749979,4.0,6.082762530298219,7.0710678118654755,7.280109889280518,8.246211251235321,10.198039027185569,14.317821063276353,16.492422502470642,16.278820596099706,14.866068747318506,13.038404810405298,12.041594578792296,12.041594578792296,10.816653826391969,8.94427190999916,6.324555320336759,3.1622776601683795,0.0,3.1622776601683795,8.246211251235321,14.317821063276353,19.235384061671343,24.331050121192877,27.459060435491963
1787404448.461272,-71,0.0,30.0,29.206163733020468,26.248809496813376,21.93171219946131,17.029386365926403,13.038404810405298,8.06225774829855,5.830951894845301,6.708203932499369,8.246211251235321,9.219544457292887,11.180339887498949,12.649110640673518,13.92838827718412,14.317821063276353,14.7648230602334,13.892443989449804,12.806248474865697,12.041594578792296,9.899494936611665,7.810249675906654,5.0,2.23606797749979,1.4142135623730951,3.0,3.1622776601683795,0.0,0.0,0.0,0.0,0.0,0.0,0.0,0.0,0.0,0.0,0.0,2.23606797749979,1.4142135623730951,1.4142135623730951,4.242640687119285,6.4031242374328485,8.602325267042627,9.433981132056603,12.083045973594572,13.92838827718412,14.866068747318506,14.866068747318506,13.341664064126334,12.165525060596439,12.0,11.180339887498949,10.198039027185569,8.54400374531753,6.708203932499369,3.605551275463989,1.0,5.0,10.0,14.422205101855956,19.4164878389476,23.853720883753127,26.627053911388696
1787404448.5194514,-71,0.0,24.698178070456937,25.079872407968907,24.596747752497688,22.360679774997898,20.591260281974,19.72308292331602,19.4164878389476,17.204650534085253,14.422205101855956,12.206555615733702,11.661903789690601,11.180339887498949,10.770329614269007,10.44030650891055,10.198039027185569,9.219544457292887,9.219544457292887,9.055385138137417,9.0,9.0,9.0,9.055385138137417,8.06225774829855,8.06225774829855,7.0,7.0,0.0,0.0,0.0,0.0,0.0,0.0,0.0,0.0,0.0,0.0,0.0,9.055385138137417,8.246211251235321,8.54400374531753,8.54400374531753,8.94427190999916,9.433981132056603,9.433981132056603,9.433981132056603,10.295630140987,9.433981132056603,10.0,9.219544457292887,9.899494936611665,9.219544457292887,10.0,11.661903789690601,12.529964086141668,12.083045973594572,13.0,14.560219778561036,14.560219778561036,16.76305461424021,17.72004514666935,19.6468827043885,21.840329667841555,23.08679276123039
1787404448.5194514,-71,0.0,26.92582403567252,26.627053911388696,26.40075756488817,25.612496949731394,24.839484696748443,23.430749027719962,21.93171219946131,19.79898987322333,17.69180601295413,15.556349186104045,14.212670403551895,13.601470508735444,12.206555615733702,11.661903789690601,11.180339887498949,11.180339887498949,11.704699910719626,11.40175425099138,10.44030650891055,9.219544457292887,10.44030650891055,10.44030650891055,9.486832980505138,8.54400374531753,7.615773105863909,6.324555320336759,0.0,0.0,0.0,0.0,0.0,0.0,0.0,0.0,0.0,0.0,0.0,8.0,9.0,9.055385138137417,9.219544457292887,9.219544457292887,9.486832980505138,9.848857801796104,10.295630140987,10.295630140987,10.295630140987,10.295630140987,10.816653826391969,10.0,10.63014581273465,10.63014581273465,12.041594578792296,12.806248474865697,13.038404810405298,13.892443989449804,15.231546211727817,17.46424919657298,19.235384061671343,21.02379604162864,23.259406699226016,24.596747752497688,25.059928172283335
1787404449.2241523,-72,0.0,21.840329667841555,21.587033144922902,21.37755832643195,20.223748416156685,19.235384061671343,18.110770276274835,17.029386365926403,15.0,14.0,12.041594578792296,10.198039027185569,10.44030650891055,10.44030650891055,9.486832980505138,9.486832980505138,8.94427190999916,8.94427190999916,9.433981132056603,9.433981132056603,10.0,10.0,9.433981132056603,9.433981132056603,8.06225774829855,7.211102550927978,6.4031242374328485,0.0,0.0,0.0,0.0,0.0,0.0,0.0,0.0,0.0,0.0,0.0,6.4031242374328485,6.708203932499369,5.385164807134504,5.385164807134504,6.082762530298219,6.082762530298219,7.0710678118654755,7.0710678118654755,8.06225774829855,9.0,9.0,9.0,8.0,9.055385138137417,9.219544457292887,10.44030650891055,11.704699910719626,12.649110640673518,13.0,14.317821063276353,15.652475842498529,17.46424919657298,18.384776310850235,20.615528128088304,21.540659228538015,21.540659228538015
1787404449.3197,-71,0.0,26.627053911388696,25.80697580112788,25.0,24.20743687382041,22.02271554554524,20.518284528683193,19.79898987322333,17.804493814764857,15.811388300841896,14.422205101855956,12.806248474865697,11.313708498984761,10.0,9.433981132056603,9.433981132056603,8.94427190999916,9.486832980505138,9.219544457292887,8.246211251235321,8.246211251235321,9.219544457292887,9.219544457292887,8.54400374531753,7.615773105863909,6.324555320336759,6.082762530298219,0.0,0.0,0.0,0.0,0.0,0.0,0.0,0.0,0.0,0.0,0.0,9.055385138137417,7.0710678118654755,7.0,7.0710678118654755,7.615773105863909,8.06225774829855,8.06225774829855,7.211102550927978,7.615773105863909,9.848857801796104,8.94427190999916,8.94427190999916,8.06225774829855,8.602325267042627,9.219544457292887,10.816653826391969,10.295630140987,11.180339887498949,13.0,13.416407864998739,15.231546211727817,16.55294535724685,18.788294228055936,21.93171219946131,24.166091947189145,25.942243542145693
1787404449.430815,-72,0.0,22.627416997969522,22.627416997969522,22.67156809750927,22.02271554554524,21.400934559032695,20.808652046684813,18.867962264113206,17.0,14.7648230602334,12.529964086141668,10.816653826391969,10.0,9.899494936611665,9.899494936611665,9.219544457292887,9.219544457292887,9.219544457292887,8.602325267042627,8.06225774829855,8.06225774829855,8.54400374531753,8.54400374531753,8.06225774829855,6.708203932499369,5.385164807134504,5.385164807134504,0.0,0.0,0.0,0.0,0.0,0.0,0.0,0.0,0.0,0.0,0.0,6.082762530298219,3.605551275463989,4.242640687119285,5.0990195135927845,6.082762530298219,7.280109889280518,7.280109889280518,7.280109889280518,7.280109889280518,8.246211251235321,8.246211251235321,8.246211251235321,7.615773105863909,7.810249675906654,9.219544457292887,9.219544457292887,10.63014581273465,11.40175425099138,11.40175425099138,12.206555615733702,14.422205101855956,16.64331697709324,18.601075237738275,20.0,21.400934559032695,22.20360331117452
1787404450.1526818,-72,0.0,23.0,23.021728866442675,22.02271554554524,20.09975124224178,20.09975124224178,19.235384061671343,17.46424919657298,15.524174696260024,14.317821063276353,13.152946437965905,12.165525060596439,11.045361017187261,10.0,9.055385138137417,9.219544457292887,9.219544457292887,9.055385138137417,8.246211251235321,7.280109889280518,7.615773105863909,8.54400374531753,8.54400374531753,7.280109889280518,6.082762530298219,6.082762530298219,5.0990195135927845,0.0,0.0,0.0,0.0,0.0,0.0,0.0,0.0,0.0,0.0,0.0,6.324555320336759,5.385164807134504,5.830951894845301,5.0,5.0,5.0,5.830951894845301,5.830951894845301,6.708203932499369,6.708203932499369,6.708203932499369,6.708203932499369,6.324555320336759,7.0710678118654755,7.0,8.06225774829855,9.055385138137417,10.198039027185569,11.180339887498949,12.165525060596439,13.341664064126334,15.297058540778355,16.492422502470642,18.439088914585774,20.223748416156685,21.213203435596427
1787404450.8683867,-70,0.0,29.154759474226502,28.284271247461902,25.317977802344327,21.587033144922902,16.76305461424021,12.083045973594572,6.4031242374328485,4.0,4.242640687119285,6.708203932499369,8.94427190999916,10.295630140987,11.661903789690601,13.601470508735444,14.212670403551895,15.556349186104045,15.556349186104045,15.620499351813308,12.806248474865697,11.40175425099138,9.219544457292887,7.0710678118654755,3.605551275463989,1.0,2.23606797749979,4.123105625617661,0.0,0.0,0.0,0.0,0.0,0.0,0.0,0.0,0.0,0.0,0.0,1.4142135623730951,0.0,2.0,4.0,5.0,7.0710678118654755,9.486832980505138,10.770329614269007,13.416407864998739,15.652475842498529,16.1245154965971,15.811388300841896,14.866068747318506,14.866068747318506,14.422205101855956,13.416407864998739,12.083045973594572,10.770329614269007,7.615773105863909,4.47213595499958,2.0,5.0990195135927845,11.045361017187261,16.0312195418814,22.02271554554524,24.0
1787404451.5725632,-70,0.0,23.194827009486403,23.194827009486403,22.360679774997898,20.615528128088304,19.6468827043885,18.973665961010276,17.08800749063506,14.866068747318506,13.92838827718412,12.649110640673518,12.36931687685298,10.198039027185569,10.198039027185569,10.04987562112089,10.04987562112089,10.04987562112089,10.04987562112089,9.0,9.0,9.0,9.0,9.0,9.055385138137417,8.06225774829855,6.082762530298219,5.0990195135927845,0.0,0.0,0.0,0.0,0.0,0.0,0.0,0.0,0.0,0.0,0.0,6.324555320336759,5.385164807134504,5.830951894845301,5.0,5.656854249492381,6.4031242374328485,7.211102550927978,7.211102550927978,7.211102550927978,8.06225774829855,8.06225774829855,7.615773105863909,7.615773105863909,7.280109889280518,8.06225774829855,10.04987562112089,11.045361017187261,11.045361017187261,12.041594578792296,13.0,14.0,15.033296378372908,16.0,18.0,20.0,21.02379604162864
1787404451.5905228,-70,0.0,24.020824298928627,23.08679276123039,22.20360331117452,21.213203435596427,20.223748416156685,19.4164878389476,18.681541692269406,16.492422502470642,14.317821063276353,12.165525060596439,11.180339887498949,10.04987562112089,10.0,10.04987562112089,9.055385138137417,9.219544457292887,9.219544457292887,9.219544457292887,9.219544457292887,9.219544457292887,9.486832980505138,9.219544457292887,9.055385138137417,8.0,6.0,5.0990195135927845,0.0,0.0,0.0,0.0,0.0,0.0,0.0,0.0,0.0,0.0,0.0,5.385164807134504,4.47213595499958,5.0,5.0,5.0,5.0,5.830951894845301,6.708203932499369,6.708203932499369,7.615773105863909,7.615773105863909,7.615773105863909,7.280109889280518,8.246211251235321,9.055385138137417,10.0,11.0,11.0,12.041594578792296,13.038404810405298,14.035668847618199,15.132745950421556,17.11724276862369,19.1049731745428,20.09975124224178,21.095023109728988
1787404451.5905228,-70,0.0,24.596747752497688,24.596747752497688,23.323807579381203,22.47220505424423,21.633307652783937,20.808652046684813,19.209372712298546,17.029386365926403,15.620499351813308,14.212670403551895,12.806248474865697,12.206555615733702,11.661903789690601,11.180339887498949,11.180339887498949,10.770329614269007,10.770329614269007,10.770329614269007,9.486832980505138,9.486832980505138,9.848857801796104,9.848857801796104,9.848857801796104,8.06225774829855,7.211102550927978,6.708203932499369,0.0,0.0,0.0,0.0,0.0,0.0,0.0,0.0,0.0,0.0,0.0,7.0710678118654755,6.324555320336759,6.324555320336759,5.830951894845301,6.4031242374328485,6.4031242374328485,7.810249675906654,8.48528137423857,8.48528137423857,9.899494936611665,9.899494936611665,9.219544457292887,8.602325267042627,9.433981132056603,10.295630140987,11.180339887498949,11.704699910719626,11.704699910719626,13.0,14.560219778561036,15.524174696260024,16.76305461424021,18.681541692269406,19.924858845171276,22.135943621178654,22.135943621178654
1787404451.6845973,-70,0.0,31.622776601683793,30.364452901377952,26.92582403567252,22.561028345356956,17.26267650163207,12.0,7.0710678118654755,3.605551275463989,5.0990195135927845,8.06225774829855,10.295630140987,12.083045973594572,13.416407864998739,14.866068747318506,15.524174696260024,16.278820596099706,16.1245154965971,15.033296378372908,13.0,12.041594578792296,10.04987562112089,7.0,4.0,1.0,1.4142135623730951,2.23606797749979,0.0,0.0,0.0,0.0,0.0,0.0,0.0,0.0,0.0,0.0,0.0,3.1622776601683795,1.4142135623730951,1.0,2.0,4.123105625617661,5.830951894845301,8.602325267042627,10.63014581273465,13.45362404707371,14.866068747318506,15.556349186104045,15.620499351813308,15.264337522473747,14.317821063276353,14.560219778561036,13.341664064126334,12.165525060596439,10.04987562112089,7.0710678118654755,3.1622776601683795,2.23606797749979,6.4031242374328485,12.529964086141668,18.788294228055936,24.166091947189145,26.92582403567252
1787404451.7805805,-69,0.0,31.064449134018133,30.23243291566195,27.80287754891569,22.67156809750927,16.97056274847714,12.806248474865697,8.06225774829855,4.0,4.47213595499958,7.0710678118654755,10.04987562112089,11.180339887498949,11.180339887498949,12.649110640673518,13.92838827718412,14.7648230602334,14.7648230602334,13.601470508735444,12.806248474865697,11.313708498984761,8.48528137423857,6.4031242374328485,3.605551275463989,1.0,2.0,3.1622776601683795,0.0,0.0,0.0,0.0,0.0,0.0,0.0,0.0,0.0,0.0,0.0,2.23606797749979,0.0,1.0,2.8284271247461903,4.47213595499958,6.708203932499369,8.54400374531753,10.44030650891055,12.165525060596439,14.142135623730951,15.132745950421556,15.033296378372908,14.035668847618199,13.341664064126334,13.0,12.083045973594572,11.180339887498949,8.06225774829855,5.385164807134504,2.23606797749979,4.0,8.54400374531753,12.529964086141668,18.35755975068582,23.706539182259394,27.294688127912362
1787404454.0967596,-72,0.0,31.064449134018133,29.017236257093817,27.0,23.021728866442675,18.110770276274835,13.341664064126334,8.06225774829855,5.385164807134504,5.830951894845301,7.810249675906654,10.0,11.313708498984761,12.727922061357855,14.212670403551895,15.0,15.264337522473747,13.892443989449804,13.0,11.704699910719626,10.44030650891055,8.54400374531753,5.385164807134504,1.4142135623730951,1.4142135623730951,3.1622776601683795,3.1622776601683795,0.0,0.0,0.0,0.0,0.0,0.0,0.0,0.0,0.0,0.0,0.0,3.1622776601683795,2.23606797749979,1.0,3.0,6.082762530298219,8.246211251235321,10.44030650891055,12.649110640673518,14.866068747318506,16.76305461424021,17.46424919657298,17.0,15.811388300841896,15.620499351813308,14.866068747318506,13.601470508735444,12.206555615733702,9.433981132056603,7.211102550927978,4.242640687119285,2.23606797749979,6.324555320336759,12.165525060596439,18.110770276274835,23.08679276123039,26.076809620810597
1787404454.1442573,-71,0.0,23.0,23.021728866442675,22.090722034374522,21.095023109728988,20.223748416156685,18.24828759089466,17.46424919657298,15.524174696260024,13.341664064126334,12.165525060596439,11.045361017187261,10.0,10.0,10.0,10.04987562112089,9.219544457292887,10.44030650891055,10.44030650891055,10.44030650891055,10.44030650891055,9.486832980505138,9.219544457292887,9.219544457292887,8.06225774829855,6.082762530298219,6.0,0.0,0.0,0.0,0.0,0.0,0.0,0.0,0.0,0.0,0.0,0.0,6.708203932499369,7.211102550927978,7.0710678118654755,7.0710678118654755,6.4031242374328485,7.211102550927978,7.810249675906654,8.602325267042627,8.94427190999916,9.433981132056603,8.94427190999916,9.486832980505138,8.54400374531753,9.486832980505138,9.055385138137417,9.0,10.0,11.0,13.0,14.035668847618199,14.035668847618199,15.132745950421556,17.11724276862369,19.1049731745428,20.09975124224178,21.02379604162864
1787404454.1442573,-85,0.0,7.0710678118654755,9.0,10.0,13.0,15.033296378372908,16.0312195418814,17.11724276862369,17.26267650163207,17.46424919657298,16.278820596099706,15.524174696260024,14.560219778561036,12.649110640673518,11.40175425099138,9.486832980505138,7.0710678118654755,5.0990195135927845,3.1622776601683795,2.23606797749979,2.23606797749979,3.0,4.123105625617661,5.0990195135927845,6.082762530298219,6.082762530298219,7.0710678118654755,0.0,0.0,0.0,0.0,0.0,0.0,0.0,0.0,0.0,0.0,0.0,20.223748416156685,18.110770276274835,16.0,14.035668847618199,11.180339887498949,8.54400374531753,5.830951894845301,4.242640687119285,4.123105625617661,5.656854249492381,8.06225774829855,9.848857801796104,12.083045973594572,13.92838827718412,16.15549442140351,17.46424919657298,17.88854381999832,17.88854381999832,17.0,16.1245154965971,15.264337522473747,13.601470508735444,12.206555615733702,10.63014581273465,9.219544457292887,7.810249675906654
1787404454.3457465,-71,0.0,26.870057685088806,26.90724809414742,26.248809496813376,25.0,23.600847442411894,21.633307652783937,20.248456731316587,18.867962264113206,16.1245154965971,14.422205101855956,13.601470508735444,12.727922061357855,12.041594578792296,12.041594578792296,11.40175425099138,10.816653826391969,10.816653826391969,11.661903789690601,11.661903789690601,12.083045973594572,12.083045973594572,11.661903789690601,10.0,9.219544457292887,9.219544457292887,7.0710678118654755,0.0,0.0,0.0,0.0,0.0,0.0,0.0,0.0,0.0,0.0,0.0,8.246211251235321,7.0710678118654755,7.0,8.246211251235321,8.246211251235321,9.219544457292887,9.486832980505138,10.44030650891055,11.40175425099138,11.40175425099138,10.44030650891055,10.44030650891055,10.816653826391969,12.206555615733702,12.206555615733702,12.206555615733702,12.806248474865697,13.45362404707371,14.142135623730951,15.620499351813308,17.029386365926403,19.209372712298546,20.615528128088304,22.02271554554524,23.430749027719962,24.839484696748443
1787404454.4483705,-72,0.0,26.476404589747453,26.30589287593181,26.30589287593181,26.248809496813376,23.769728648009426,22.47220505424423,20.615528128088304,18.788294228055936,15.231546211727817,13.0,11.704699910719626,12.165525060596439,11.045361017187261,10.04987562112089,10.0,11.0,11.045361017187261,10.198039027185569,10.198039027185569,10.198039027185569,10.198039027185569,9.219544457292887,8.06225774829855,7.0710678118654755,7.0710678118654755,6.082762530298219,0.0,0.0,0.0,0.0,0.0,0.0,0.0,0.0,0.0,0.0,0.0,7.615773105863909,6.324555320336759,6.4031242374328485,7.0710678118654755,7.810249675906654,7.810249675906654,8.602325267042627,8.602325267042627,10.0,10.0,9.219544457292887,10.0,9.433981132056603,10.295630140987,10.770329614269007,12.36931687685298,12.36931687685298,13.341664064126334,14.142135623730951,15.132745950421556,17.029386365926403,18.027756377319946,20.024984394500787,22.02271554554524,23.08679276123039,24.186773244895647
1787404454.657096,-72,0.0,24.20743687382041,24.20743687382041,23.021728866442675,22.47220505424423,21.95449840010015,20.12461179749811,18.788294228055936,16.55294535724685,14.317821063276353,13.416407864998739,11.661903789690601,11.40175425099138,10.63014581273465,10.63014581273465,9.899494936611665,9.899494936611665,10.0,10.0,9.433981132056603,10.816653826391969,10.816653826391969,10.0,9.219544457292887,8.48528137423857,7.810249675906654,7.810249675906654,0.0,0.0,0.0,0.0,0.0,0.0,0.0,0.0,0.0,0.0,0.0,7.615773105863909,7.280109889280518,7.0710678118654755,7.0,7.0,7.0710678118654755,7.280109889280518,8.246211251235321,9.219544457292887,9.219544457292887,9.219544457292887,9.219544457292887,8.54400374531753,8.94427190999916,9.433981132056603,10.63014581273465,11.40175425099138,12.041594578792296,12.727922061357855,13.45362404707371,14.866068747318506,17.029386365926403,18.439088914585774,20.518284528683193,21.93171219946131,22.627416997969522
1787404455.2994633,-86,0.0,12.083045973594572,12.083045973594572,12.529964086141668,11.661903789690601,10.816653826391969,10.63014581273465,9.219544457292887,8.602325267042627,6.324555320336759,6.082762530298219,5.385164807134504,5.0,5.0,5.0990195135927845,5.0990195135927845,6.324555320336759,7.211102550927978,7.810249675906654,9.219544457292887,9.433981132056603,10.295630140987,10.816653826391969,10.816653826391969,10.816653826391969,10.816653826391969,10.0,0.0,0.0,0.0,0.0,0.0,0.0,0.0,0.0,0.0,0.0,0.0,14.317821063276353,13.92838827718412,13.601470508735444,12.36931687685298,12.165525060596439,10.04987562112089,8.0,5.0990195135927845,2.8284271247461903,2.8284271247461903,5.0,7.615773105863909,9.848857801796104,11.704699910719626,12.649110640673518,13.92838827718412,14.866068747318506,14.866068747318506,13.0,11.704699910719626,10.770329614269007,8.94427190999916,6.708203932499369,4.47213595499958,2.23606797749979,1.0
1787404455.5847828,-84,0.0,15.264337522473747,12.529964086141668,8.94427190999916,5.385164807134504,2.0,2.0,5.0,7.211102550927978,9.433981132056603,9.848857801796104,11.704699910719626,12.36931687685298,12.165525060596439,12.041594578792296,12.0,12.041594578792296,11.045361017187261,10.198039027185569,10.198039027185569,8.246211251235321,6.708203932499369,5.830951894845301,5.656854249492381,5.0,4.47213595499958,4.123105625617661,0.0,0.0,0.0,0.0,0.0,0.0,0.0,0.0,0.0,0.0,0.0,7.280109889280518,9.0,9.055385138137417,11.180339887498949,12.36931687685298,13.601470508735444,15.231546211727817,15.652475842498529,14.7648230602334,14.422205101855956,12.206555615733702,10.816653826391969,7.810249675906654,6.4031242374328485,2.8284271247461903,2.23606797749979,3.0,5.0990195135927845,8.54400374531753,10.770329614269007,14.317821063276353,15.231546211727817,17.46424919657298,18.384776310850235,19.697715603592208,20.615528128088304
1787404456.1425302,-69,0.0,37.21558813185679,35.35533905932738,32.38826948140329,27.459060435491963,22.561028345356956,17.08800749063506,10.816653826391969,6.4031242374328485,4.123105625617661,7.211102550927978,9.433981132056603,12.206555615733702,14.212670403551895,15.0,15.620499351813308,16.278820596099706,15.556349186104045,14.212670403551895,12.529964086141668,12.206555615733702,11.40175425099138,7.211102550927978,4.123105625617661,2.0,2.8284271247461903,4.47213595499958,0.0,0.0,0.0,0.0,0.0,0.0,0.0,0.0,0.0,0.0,0.0,2.23606797749979,0.0,2.0,4.0,5.0,7.0,10.04987562112089,13.341664064126334,15.811388300841896,17.08800749063506,18.384776310850235,18.788294228055936,17.4928556845359,17.804493814764857,16.97056274847714,16.401219466856727,14.422205101855956,11.661903789690601,8.602325267042627,4.242640687119285,2.8284271247461903,7.280109889280518,13.038404810405298,20.0,26.019223662515376,31.064449134018133
1787404456.147382,-70,0.0,30.59411708155671,29.832867780352597,28.160255680657446,24.041630560342615,19.313207915827967,14.7648230602334,8.48528137423857,5.0990195135927845,5.0,6.708203932499369,9.848857801796104,10.0,10.0,12.806248474865697,14.422205101855956,15.620499351813308,15.556349186104045,14.866068747318506,15.620499351813308,12.206555615733702,8.602325267042627,5.830951894845301,3.1622776601683795,1.0,1.4142135623730951,2.0,0.0,0.0,0.0,0.0,0.0,0.0,0.0,0.0,0.0,0.0,0.0,2.23606797749979,1.0,1.0,3.0,6.0,8.06225774829855,9.219544457292887,11.704699910719626,13.92838827718412,16.15549442140351,17.08800749063506,16.55294535724685,16.64331697709324,17.029386365926403,15.556349186104045,14.866068747318506,13.601470508735444,11.661903789690601,8.602325267042627,4.242640687119285,2.23606797749979,5.0990195135927845,11.045361017187261,17.0,22.02271554554524,26.076809620810597
1787404456.1586509,-69,0.0,30.01666203960727,28.071337695236398,26.1725046566048,23.345235059857504,19.4164878389476,13.92838827718412,10.0,6.708203932499369,6.324555320336759,7.0710678118654755,7.810249675906654,8.54400374531753,9.433981132056603,10.0,11.661903789690601,13.038404810405298,13.892443989449804,12.529964086141668,11.180339887498949,9.848857801796104,7.280109889280518,7.0,4.47213595499958,3.0,3.605551275463989,4.242640687119285,0.0,0.0,0.0,0.0,0.0,0.0,0.0,0.0,0.0,0.0,0.0,2.23606797749979,0.0,1.4142135623730951,2.23606797749979,4.123105625617661,6.0,8.246211251235321,10.44030650891055,11.40175425099138,12.649110640673518,13.92838827718412,13.416407864998739,13.601470508735444,13.45362404707371,12.806248474865697,12.529964086141668,11.180339887498949,8.94427190999916,5.830951894845301,2.8284271247461903,1.4142135623730951,6.082762530298219,11.0,17.0,22.0,25.0
1787404457.8186328,-86,0.0,13.038404810405298,14.422205101855956,14.212670403551895,14.212670403551895,14.866068747318506,14.866068747318506,14.142135623730951,14.212670403551895,13.601470508735444,13.601470508735444,11.40175425099138,11.661903789690601,10.295630140987,9.848857801796104,9.848857801796104,10.44030650891055,10.198039027185569,10.198039027185569,10.04987562112089,10.04987562112089,10.04987562112089,10.04987562112089,10.04987562112089,9.055385138137417,9.055385138137417,8.06225774829855,0.0,0.0,0.0,0.0,0.0,0.0,0.0,0.0,0.0,0.0,0.0,1.0,2.23606797749979,3.1622776601683795,4.123105625617661,5.385164807134504,6.708203932499369,7.615773105863909,8.54400374531753,9.848857801796104,10.295630140987,10.295630140987,10.816653826391969,10.0,8.602325267042627,8.602325267042627,7.810249675906654,6.4031242374328485,5.656854249492381,5.0,5.0990195135927845,5.0990195135927845,5.0,5.0990195135927845,5.385164807134504,5.830951894845301,6.4031242374328485
1787404458.553092,-71,0.0,24.166091947189145,23.259406699226016,22.825424421026653,22.47220505424423,21.095023109728988,19.4164878389476,17.804493814764857,17.029386365926403,15.620499351813308,13.601470508735444,13.038404810405298,11.180339887498949,11.180339887498949,10.770329614269007,9.486832980505138,9.486832980505138,10.04987562112089,10.0,10.0,10.0,10.04987562112089,10.198039027185569,8.54400374531753,7.615773105863909,7.280109889280518,6.082762530298219,0.0,0.0,0.0,0.0,0.0,0.0,0.0,0.0,0.0,0.0,0.0,7.0710678118654755,6.0,6.082762530298219,7.615773105863909,6.708203932499369,6.4031242374328485,6.4031242374328485,7.810249675906654,8.48528137423857,9.219544457292887,10.0,9.219544457292887,9.219544457292887,9.433981132056603,10.295630140987,11.661903789690601,11.180339887498949,12.083045973594572,13.0,13.92838827718412,15.811388300841896,16.76305461424021,17.72004514666935,18.681541692269406,20.8806130178211,21.18962010041709
1787404458.9354932,-72,0.0,30.4138126514911,29.0,25.495097567963924,22.02271554554524,17.804493814764857,12.529964086141668,7.280109889280518,3.1622776601683795,4.123105625617661,6.082762530298219,8.06225774829855,10.04987562112089,12.0,14.035668847618199,15.132745950421556,15.297058540778355,14.560219778561036,14.866068747318506,13.0,12.083045973594572,9.848857801796104,6.708203932499369,3.1622776601683795,0.0,2.0,3.0,0.0,0.0,0.0,0.0,0.0,0.0,0.0,0.0,0.0,0.0,0.0,1.4142135623730951,1.0,2.0,3.605551275463989,5.0,7.0710678118654755,8.06225774829855,11.180339887498949,13.0,14.560219778561036,14.560219778561036,14.317821063276353,13.038404810405298,13.038404810405298,13.341664064126334,12.36931687685298,10.770329614269007,8.54400374531753,6.324555320336759,3.1622776601683795,4.0,8.06225774829855,13.601470508735444,19.209372712298546,23.430749027719962,26.90724809414742
1787404459.1597276,-71,0.0,23.769728648009426,23.40939982143925,23.08679276123039,21.587033144922902,21.37755832643195,19.4164878389476,18.24828759089466,16.1245154965971,14.142135623730951,13.341664064126334,11.40175425099138,10.770329614269007,11.180339887498949,10.295630140987,10.295630140987,10.295630140987,8.94427190999916,9.433981132056603,10.0,8.48528137423857,7.810249675906654,7.211102550927978,7.211102550927978,7.211102550927978,6.4031242374328485,4.242640687119285,0.0,0.0,0.0,0.0,0.0,0.0,0.0,0.0,0.0,0.0,0.0,4.47213595499958,5.0,5.830951894845301,5.385164807134504,5.0990195135927845,5.0,6.082762530298219,6.0,7.0,7.0,8.0,7.0710678118654755,7.0710678118654755,8.54400374531753,8.94427190999916,10.295630140987,10.295630140987,11.661903789690601,12.529964086141668,13.892443989449804,15.264337522473747,16.64331697709324,18.027756377319946,20.248456731316587,21.95449840010015,23.323807579381203
1787404459.2562845,-71,0.0,22.360679774997898,22.360679774997898,21.470910553583888,20.248456731316587,18.867962264113206,18.027756377319946,17.204650534085253,15.0,13.601470508735444,11.661903789690601,10.295630140987,9.848857801796104,9.486832980505138,8.54400374531753,8.246211251235321,8.246211251235321,8.06225774829855,8.06225774829855,8.06225774829855,9.0,9.0,8.0,8.06225774829855,7.0710678118654755,6.082762530298219,5.0,0.0,0.0,0.0,0.0,0.0,0.0,0.0,0.0,0.0,0.0,0.0,7.0710678118654755,7.0710678118654755,6.324555320336759,5.830951894845301,6.4031242374328485,6.4031242374328485,6.4031242374328485,7.0710678118654755,7.0710678118654755,7.0710678118654755,7.810249675906654,7.810249675906654,8.602325267042627,8.06225774829855,8.54400374531753,9.486832980505138,10.198039027185569,12.165525060596439,13.341664064126334,14.317821063276353,15.297058540778355,16.278820596099706,18.439088914585774,20.615528128088304,21.840329667841555,21.840329667841555
1787404459.3682034,-71,0.0,22.80350850198276,22.20360331117452,21.633307652783937,21.095023109728988,19.72308292331602,18.35755975068582,15.652475842498529,14.7648230602334,13.892443989449804,13.038404810405298,11.40175425099138,10.63014581273465,9.219544457292887,9.899494936611665,9.899494936611665,10.0,10.0,8.602325267042627,9.433981132056603,9.433981132056603,9.433981132056603,10.0,9.219544457292887,7.810249675906654,7.810249675906654,7.211102550927978,0.0,0.0,0.0,0.0,0.0,0.0,0.0,0.0,0.0,0.0,0.0,6.082762530298219,6.0,5.0990195135927845,6.324555320336759,6.082762530298219,6.082762530298219,6.324555320336759,8.54400374531753,8.94427190999916,8.54400374531753,9.486832980505138,8.54400374531753,8.06225774829855,8.602325267042627,9.219544457292887,10.63014581273465,10.63014581273465,12.041594578792296,12.727922061357855,14.866068747318506,16.278820596099706,16.278820596099706,17.029386365926403,19.1049731745428,21.93171219946131,21.93171219946131
1787404459.4646678,-71,0.0,24.698178070456937,23.853720883753127,23.021728866442675,21.400934559032695,20.615528128088304,19.849433241279208,18.384776310850235,16.278820596099706,14.212670403551895,12.806248474865697,11.40175425099138,10.816653826391969,10.295630140987,10.295630140987,9.848857801796104,8.54400374531753,9.486832980505138,9.486832980505138,9.219544457292887,9.219544457292887,9.219544457292887,9.486832980505138,9.486832980505138,8.54400374531753,7.615773105863909,6.324555320336759,0.0,0.0,0.0,0.0,0.0,0.0,0.0,0.0,0.0,0.0,0.0,8.246211251235321,7.280109889280518,7.615773105863909,8.06225774829855,7.211102550927978,7.810249675906654,7.810249675906654,8.602325267042627,9.433981132056603,10.0,10.0,9.219544457292887,9.219544457292887,9.433981132056603,10.295630140987,11.180339887498949,12.083045973594572,13.0,14.317821063276353,13.92838827718412,16.15549442140351,17.08800749063506,19.313207915827967,20.615528128088304,21.93171219946131,23.259406699226016
1787404459.5125594,-38,0.0,13.341664064126334,13.341664064126334,13.341664064126334,13.601470508735444,13.341664064126334,13.601470508735444,13.601470508735444,13.0,13.0,13.416407864998739,13.416407864998739,13.416407864998739,14.7648230602334,14.7648230602334,14.7648230602334,15.264337522473747,16.1245154965971,15.264337522473747,15.652475842498529,15.652475842498529,15.652475842498529,15.231546211727817,15.231546211727817,14.560219778561036,14.560219778561036,14.317821063276353,0.0,0.0,0.0,0.0,0.0,0.0,0.0,0.0,0.0,0.0,0.0,12.041594578792296,12.041594578792296,12.165525060596439,13.152946437965905,13.341664064126334,13.341664064126334,13.341664064126334,13.341664064126334,13.601470508735444,13.601470508735444,13.601470508735444,13.601470508735444,13.601470508735444,13.341664064126334,13.341664064126334,13.152946437965905,13.152946437965905,12.165525060596439,12.041594578792296,13.038404810405298,13.0,13.0,13.0,13.0,13.038404810405298,13.038404810405298
1787404460.7904913,-71,0.0,22.67156809750927,22.627416997969522,21.93171219946131,22.02271554554524,20.615528128088304,19.4164878389476,18.867962264113206,15.652475842498529,14.317821063276353,12.529964086141668,11.40175425099138,10.0,9.219544457292887,8.48528137423857,7.810249675906654,8.06225774829855,8.54400374531753,8.54400374531753,8.94427190999916,8.94427190999916,8.94427190999916,10.295630140987,8.94427190999916,8.06225774829855,7.211102550927978,6.708203932499369,0.0,0.0,0.0,0.0,0.0,0.0,0.0,0.0,0.0,0.0,0.0,8.246211251235321,7.0,6.0,7.0710678118654755,7.280109889280518,7.280109889280518,8.54400374531753,9.848857801796104,8.94427190999916,8.54400374531753,7.615773105863909,8.602325267042627,9.219544457292887,9.219544457292887,9.219544457292887,10.0,11.40175425099138,12.806248474865697,13.601470508735444,13.601470508735444,14.422205101855956,15.264337522473747,16.64331697709324,18.027756377319946,20.808652046684813,22.47220505424423
1787404461.9733696,-71,0.0,31.064449134018133,29.410882339705484,27.018512172212592,22.67156809750927,16.97056274847714,11.40175425099138,7.280109889280518,4.47213595499958,6.324555320336759,8.0,10.04987562112089,11.180339887498949,12.041594578792296,13.0,14.035668847618199,13.341664064126334,13.0,12.529964086141668,12.529964086141668,10.816653826391969,9.219544457292887,7.0710678118654755,5.385164807134504,4.123105625617661,3.605551275463989,3.605551275463989,0.0,0.0,0.0,0.0,0.0,0.0,0.0,0.0,0.0,0.0,0.0,2.0,1.0,1.0,2.8284271247461903,4.123105625617661,6.082762530298219,8.06225774829855,11.180339887498949,13.152946437965905,15.132745950421556,15.297058540778355,15.524174696260024,14.866068747318506,14.7648230602334,13.601470508735444,12.041594578792296,10.63014581273465,9.219544457292887,5.0,2.0,4.123105625617661,8.54400374531753,13.0,19.235384061671343,23.706539182259394,27.294688127912362
1787404463.5657105,-70,0.0,30.59411708155671,28.442925306655784,25.179356624028344,21.02379604162864,15.0,9.219544457292887,4.242640687119285,5.0990195135927845,7.0710678118654755,9.433981132056603,11.661903789690601,13.601470508735444,14.212670403551895,14.866068747318506,15.620499351813308,15.811388300841896,14.7648230602334,14.317821063276353,13.0,10.770329614269007,8.54400374531753,6.324555320336759,3.0,2.23606797749979,3.1622776601683795,3.605551275463989,0.0,0.0,0.0,0.0,0.0,0.0,0.0,0.0,0.0,0.0,0.0,1.0,1.4142135623730951,3.1622776601683795,4.123105625617661,5.830951894845301,7.211102550927978,9.219544457292887,10.63014581273465,12.041594578792296,13.601470508735444,14.422205101855956,14.7648230602334,13.92838827718412,14.317821063276353,14.035668847618199,14.0,13.0,10.04987562112089,7.0710678118654755,3.1622776601683795,3.1622776601683795,7.810249675906654,12.529964086141668,18.788294228055936,23.769728648009426,27.85677655436824
1787404463.6652148,-72,0.0,22.847319317591726,22.47220505424423,22.135943621178654,20.8806130178211,19.924858845171276,18.681541692269406,17.46424919657298,15.297058540778355,13.152946437965905,11.180339887498949,10.198039027185569,8.54400374531753,8.94427190999916,8.602325267042627,8.602325267042627,7.810249675906654,7.810249675906654,8.48528137423857,8.602325267042627,8.06225774829855,8.06225774829855,8.06225774829855,7.211102550927978,6.708203932499369,6.324555320336759,6.324555320336759,0.0,0.0,0.0,0.0,0.0,0.0,0.0,0.0,0.0,0.0,0.0,5.0,5.0,4.242640687119285,5.385164807134504,5.385164807134504,6.082762530298219,7.0710678118654755,7.0710678118654755,7.280109889280518,7.280109889280518,7.280109889280518,7.0710678118654755,7.0,7.280109889280518,8.246211251235321,9.486832980505138,10.770329614269007,11.180339887498949,12.529964086141668,13.416407864998739,14.422205101855956,16.64331697709324,18.027756377319946,18.867962264113206,20.591260281974,21.470910553583888
1787404463.887664,-71,0.0,24.020824298928627,24.0,23.08679276123039,21.213203435596427,18.24828759089466,17.46424919657298,16.492422502470642,14.560219778561036,13.341664064126334,10.44030650891055,9.219544457292887,8.06225774829855,8.0,9.0,8.246211251235321,7.615773105863909,7.615773105863909,7.615773105863909,8.06225774829855,8.06225774829855,8.94427190999916,8.94427190999916,7.615773105863909,6.324555320336759,5.385164807134504,5.830951894845301,0.0,0.0,0.0,0.0,0.0,0.0,0.0,0.0,0.0,0.0,0.0,5.830951894845301,5.656854249492381,5.0,4.47213595499958,5.385164807134504,6.324555320336759,7.280109889280518,8.246211251235321,8.54400374531753,8.54400374531753,9.486832980505138,9.486832980505138,9.219544457292887,9.055385138137417,10.0,11.0,12.0,13.038404810405298,13.038404810405298,14.142135623730951,15.297058540778355,16.492422502470642,17.26267650163207,19.235384061671343,20.223748416156685,22.20360331117452
1787404464.1770287,-70,0.0,24.698178070456937,24.698178070456937,23.853720883753127,22.20360331117452,22.80350850198276,22.67156809750927,20.518284528683193,17.69180601295413,16.278820596099706,14.866068747318506,13.45362404707371,12.206555615733702,12.206555615733702,11.661903789690601,11.180339887498949,10.295630140987,10.295630140987,9.848857801796104,10.770329614269007,10.770329614269007,11.180339887498949,11.180339887498949,10.295630140987,8.94427190999916,8.06225774829855,7.615773105863909,0.0,0.0,0.0,0.0,0.0,0.0,0.0,0.0,0.0,0.0,0.0,8.246211251235321,7.280109889280518,6.708203932499369,7.211102550927978,7.810249675906654,7.810249675906654,9.219544457292887,9.219544457292887,10.0,10.0,10.63014581273465,9.899494936611665,9.219544457292887,9.219544457292887,10.816653826391969,12.206555615733702,13.038404810405298,13.0,13.0,14.317821063276353,15.231546211727817,16.15549442140351,17.72004514666935,19.924858845171276,21.18962010041709,22.847319317591726
1787404464.3365228,-69,0.0,29.068883707497267,28.319604517012593,26.1725046566048,22.627416997969522,17.69180601295413,12.806248474865697,8.06225774829855,4.123105625617661,4.47213595499958,7.0,9.055385138137417,11.045361017187261,12.0,13.038404810405298,14.317821063276353,14.560219778561036,14.866068747318506,14.317821063276353,13.92838827718412,12.083045973594572,11.180339887498949,8.54400374531753,5.0,3.1622776601683795,2.23606797749979,3.1622776601683795,0.0,0.0,0.0,0.0,0.0,0.0,0.0,0.0,0.0,0.0,0.0,4.123105625617661,3.0,2.0,2.23606797749979,4.0,6.082762530298219,8.246211251235321,11.180339887498949,13.341664064126334,14.317821063276353,15.524174696260024,15.297058540778355,15.033296378372908,14.035668847618199,13.341664064126334,12.649110640673518,10.770329614269007,8.94427190999916,6.708203932499369,3.1622776601683795,2.0,5.385164807134504,10.816653826391969,16.401219466856727,21.400934559032695,24.839484696748443
1787404464.3846538,-70,0.0,23.021728866442675,23.08679276123039,23.08679276123039,22.090722034374522,21.213203435596427,19.235384061671343,17.46424919657298,16.278820596099706,14.317821063276353,13.152946437965905,12.165525060596439,11.045361017187261,11.045361017187261,10.0,10.04987562112089,9.055385138137417,9.219544457292887,9.486832980505138,10.44030650891055,10.44030650891055,10.44030650891055,10.198039027185569,10.198039027185569,9.055385138137417,8.06225774829855,8.06225774829855,0.0,0.0,0.0,0.0,0.0,0.0,0.0,0.0,0.0,0.0,0.0,7.810249675906654,7.810249675906654,8.602325267042627,8.602325267042627,9.433981132056603,8.94427190999916,8.54400374531753,9.486832980505138,9.848857801796104,9.848857801796104,9.848857801796104,9.848857801796104,9.848857801796104,8.54400374531753,9.219544457292887,10.04987562112089,11.0,11.0,12.041594578792296,14.035668847618199,15.132745950421556,16.1245154965971,17.11724276862369,19.235384061671343,21.213203435596427,21.095023109728988
1787404464.4803379,-70,0.0,25.019992006393608,25.079872407968907,24.08318915758459,24.186773244895647,22.20360331117452,21.37755832643195,18.681541692269406,17.46424919657298,15.524174696260024,14.317821063276353,13.038404810405298,12.0,12.0,12.0,11.0,11.045361017187261,11.180339887498949,11.180339887498949,10.198039027185569,10.198039027185569,10.198039027185569,10.44030650891055,9.486832980505138,8.246211251235321,7.0710678118654755,7.0710678118654755,0.0,0.0,0.0,0.0,0.0,0.0,0.0,0.0,0.0,0.0,0.0,7.810249675906654,6.4031242374328485,6.4031242374328485,7.0710678118654755,6.708203932499369,8.54400374531753,8.94427190999916,8.94427190999916,10.295630140987,10.295630140987,10.295630140987,11.180339887498949,10.44030650891055,11.180339887498949,12.041594578792296,13.0,13.0,14.0,15.033296378372908,16.1245154965971,16.1245154965971,18.110770276274835,20.09975124224178,22.090722034374522,24.0,25.0
1787404464.5283234,-71,0.0,31.064449134018133,30.066592756745816,27.073972741361768,23.08679276123039,19.235384061671343,14.560219778561036,9.848857801796104,5.656854249492381,5.0,6.708203932499369,9.433981132056603,10.816653826391969,12.529964086141668,13.416407864998739,14.317821063276353,14.866068747318506,14.560219778561036,14.317821063276353,13.152946437965905,12.0,10.0,7.0,5.0,2.0,0.0,1.0,0.0,0.0,0.0,0.0,0.0,0.0,0.0,0.0,0.0,0.0,0.0,4.123105625617661,3.1622776601683795,1.4142135623730951,1.0,3.1622776601683795,5.0990195135927845,7.280109889280518,10.198039027185569,12.165525060596439,13.152946437965905,14.035668847618199,13.038404810405298,13.152946437965905,12.649110640673518,11.661903789690601,11.40175425099138,10.63014581273465,8.48528137423857,5.656854249492381,3.605551275463989,2.8284271247461903,7.280109889280518,13.038404810405298,18.0,23.021728866442675,26.019223662515376
1787404467.4860308,-71,0.0,30.528675044947494,30.01666203960727,27.294688127912362,23.259406699226016,18.384776310850235,13.341664064126334,8.06225774829855,5.656854249492381,6.0,8.06225774829855,10.04987562112089,11.045361017187261,11.0,12.041594578792296,12.041594578792296,12.36931687685298,13.0,12.529964086141668,11.180339887498949,9.433981132056603,7.810249675906654,5.656854249492381,3.605551275463989,1.0,1.0,2.23606797749979,0.0,0.0,0.0,0.0,0.0,0.0,0.0,0.0,0.0,0.0,0.0,3.1622776601683795,2.23606797749979,0.0,2.0,5.0990195135927845,7.615773105863909,10.0,12.041594578792296,13.45362404707371,15.556349186104045,16.278820596099706,16.401219466856727,16.1245154965971,15.231546211727817,13.601470508735444,12.36931687685298,11.180339887498949,9.055385138137417,6.082762530298219,2.8284271247461903,3.605551275463989,8.48528137423857,14.212670403551895,19.209372712298546,24.413111231467404,26.627053911388696
1787404467.5302825,-69,0.0,32.01562118716424,31.016124838541646,28.0,23.021728866442675,18.110770276274835,13.601470508735444,9.433981132056603,6.708203932499369,7.0710678118654755,8.94427190999916,10.816653826391969,12.206555615733702,13.038404810405298,13.416407864998739,14.317821063276353,14.866068747318506,14.560219778561036,13.152946437965905,12.041594578792296,10.0,8.0,6.082762530298219,4.123105625617661,1.4142135623730951,1.4142135623730951,2.23606797749979,0.0,0.0,0.0,0.0,0.0,0.0,0.0,0.0,0.0,0.0,0.0,3.605551275463989,2.23606797749979,1.0,2.23606797749979,4.123105625617661,6.0,7.0710678118654755,9.219544457292887,10.770329614269007,13.416407864998739,14.7648230602334,14.422205101855956,14.866068747318506,14.142135623730951,13.601470508735444,12.529964086141668,10.295630140987,8.94427190999916,5.385164807134504,2.8284271247461903,2.23606797749979,7.0710678118654755,13.152946437965905,19.235384061671343,24.331050121192877,27.294688127912362
1787404467.786136,-72,0.0,31.064449134018133,29.154759474226502,25.553864678361276,21.470910553583888,16.15549442140351,11.180339887498949,6.0,3.605551275463989,6.082762530298219,8.94427190999916,10.295630140987,12.529964086141668,13.0,13.601470508735444,14.317821063276353,14.035668847618199,14.0,14.035668847618199,13.152946437965905,11.40175425099138,8.246211251235321,5.385164807134504,3.605551275463989,2.0,2.8284271247461903,3.1622776601683795,0.0,0.0,0.0,0.0,0.0,0.0,0.0,0.0,0.0,0.0,0.0,2.23606797749979,2.0,2.8284271247461903,5.0,6.4031242374328485,8.602325267042627,11.661903789690601,14.317821063276353,16.55294535724685,17.88854381999832,18.384776310850235,18.027756377319946,16.492422502470642,15.132745950421556,15.0,14.142135623730951,13.341664064126334,10.44030650891055,7.280109889280518,4.0,2.0,7.211102550927978,12.806248474865697,18.384776310850235,23.345235059857504,27.018512172212592
1787404467.8669372,-71,0.0,23.769728648009426,22.847319317591726,21.93171219946131,21.02379604162864,19.235384061671343,18.35755975068582,17.4928556845359,15.811388300841896,14.422205101855956,13.038404810405298,11.661903789690601,11.180339887498949,9.848857801796104,9.486832980505138,9.486832980505138,9.486832980505138,9.219544457292887,9.219544457292887,8.246211251235321,8.06225774829855,8.06225774829855,8.06225774829855,8.246211251235321,7.280109889280518,6.082762530298219,6.082762530298219,0.0,0.0,0.0,0.0,0.0,0.0,0.0,0.0,0.0,0.0,0.0,5.385164807134504,5.385164807134504,5.830951894845301,5.656854249492381,6.4031242374328485,6.4031242374328485,7.0710678118654755,7.810249675906654,8.48528137423857,8.48528137423857,8.48528137423857,7.810249675906654,7.211102550927978,8.06225774829855,8.94427190999916,9.848857801796104,10.44030650891055,11.40175425099138,11.40175425099138,12.36931687685298,14.142135623730951,16.1245154965971,17.26267650163207,19.4164878389476,20.396078054371138,20.615528128088304
1787404469.0956068,-72,0.0,23.021728866442675,22.47220505424423,21.95449840010015,20.591260281974,18.788294228055936,18.384776310850235,17.08800749063506,15.811388300841896,13.601470508735444,11.704699910719626,9.848857801796104,9.433981132056603,8.602325267042627,8.602325267042627,8.48528137423857,7.0710678118654755,7.810249675906654,7.211102550927978,7.211102550927978,8.06225774829855,8.06225774829855,8.06225774829855,7.211102550927978,7.211102550927978,7.211102550927978,5.830951894845301,0.0,0.0,0.0,0.0,0.0,0.0,0.0,0.0,0.0,0.0,0.0,6.082762530298219,6.324555320336759,7.280109889280518,6.082762530298219,6.082762530298219,6.082762530298219,8.06225774829855,8.06225774829855,8.0,9.055385138137417,9.219544457292887,8.246211251235321,7.615773105863909,8.06225774829855,8.602325267042627,10.0,10.0,10.63014581273465,11.40175425099138,12.806248474865697,13.45362404707371,14.866068747318506,16.97056274847714,18.384776310850235,19.79898987322333,20.518284528683193
1787404469.19149,-71,0.0,23.323807579381203,23.323807579381203,23.021728866442675,20.808652046684813,20.0,19.209372712298546,17.69180601295413,14.866068747318506,13.45362404707371,12.806248474865697,10.816653826391969,9.433981132056603,9.848857801796104,9.486832980505138,9.219544457292887,9.219544457292887,9.055385138137417,10.04987562112089,10.04987562112089,10.0,10.04987562112089,10.198039027185569,10.44030650891055,9.219544457292887,7.280109889280518,6.324555320336759,0.0,0.0,0.0,0.0,0.0,0.0,0.0,0.0,0.0,0.0,0.0,7.0,6.082762530298219,5.385164807134504,5.830951894845301,7.211102550927978,7.211102550927978,7.810249675906654,8.602325267042627,8.94427190999916,8.94427190999916,8.94427190999916,8.06225774829855,7.810249675906654,7.810249675906654,8.602325267042627,9.433981132056603,10.295630140987,9.848857801796104,10.770329614269007,12.649110640673518,13.601470508735444,15.811388300841896,18.027756377319946,18.973665961010276,21.18962010041709,22.47220505424423
1787404469.400705,-71,0.0,23.021728866442675,23.021728866442675,21.400934559032695,20.518284528683193,19.79898987322333,18.384776310850235,16.278820596099706,14.212670403551895,12.806248474865697,11.40175425099138,9.219544457292887,7.810249675906654,7.211102550927978,8.06225774829855,7.615773105863909,7.280109889280518,7.280109889280518,7.280109889280518,6.082762530298219,7.0,7.0710678118654755,7.280109889280518,7.280109889280518,6.324555320336759,5.0990195135927845,4.123105625617661,0.0,0.0,0.0,0.0,0.0,0.0,0.0,0.0,0.0,0.0,0.0,6.0,6.082762530298219,6.324555320336759,6.708203932499369,7.615773105863909,7.615773105863909,8.06225774829855,8.54400374531753,8.54400374531753,9.486832980505138,8.54400374531753,7.615773105863909,7.211102550927978,7.810249675906654,8.602325267042627,8.602325267042627,10.0,10.816653826391969,12.083045973594572,13.0,14.866068747318506,16.15549442140351,17.46424919657298,18.788294228055936,21.02379604162864,22.360679774997898
1787404469.5060208,-70,0.0,30.59411708155671,29.832867780352597,26.92582403567252,23.08679276123039,17.08800749063506,13.038404810405298,9.219544457292887,6.082762530298219,6.708203932499369,8.602325267042627,9.899494936611665,12.041594578792296,12.806248474865697,14.422205101855956,14.7648230602334,15.652475842498529,15.231546211727817,13.601470508735444,12.36931687685298,11.045361017187261,9.055385138137417,6.082762530298219,3.0,1.0,2.23606797749979,3.0,0.0,0.0,0.0,0.0,0.0,0.0,0.0,0.0,0.0,0.0,0.0,2.0,1.4142135623730951,2.23606797749979,3.605551275463989,5.0,7.211102550927978,8.06225774829855,9.848857801796104,11.704699910719626,13.601470508735444,13.601470508735444,12.36931687685298,11.045361017187261,10.04987562112089,9.486832980505138,8.94427190999916,7.211102550927978,5.656854249492381,2.8284271247461903,1.4142135623730951,4.0,8.06225774829855,12.165525060596439,17.26267650163207,22.360679774997898,25.317977802344327
1787404469.6500995,-86,0.0,10.816653826391969,10.63014581273465,10.63014581273465,9.219544457292887,9.219544457292887,8.602325267042627,8.06225774829855,7.211102550927978,7.211102550927978,7.810249675906654,7.810249675906654,8.06225774829855,8.94427190999916,8.54400374531753,9.848857801796104,8.94427190999916,8.94427190999916,8.94427190999916,8.06225774829855,6.4031242374328485,5.0,4.47213595499958,4.123105625617661,3.0,4.47213595499958,5.0,0.0,0.0,0.0,0.0,0.0,0.0,0.0,0.0,0.0,0.0,0.0,5.385164807134504,5.385164807134504,5.0990195135927845,5.0990195135927845,6.324555320336759,5.0990195135927845,6.324555320336759,6.324555320336759,6.324555320336759,7.280109889280518,7.615773105863909,7.615773105863909,8.06225774829855,7.615773105863909,7.615773105863909,8.246211251235321,8.06225774829855,9.055385138137417,9.0,9.0,9.055385138137417,9.055385138137417,10.04987562112089,10.0,10.04987562112089,10.198039027185569
1787404469.730073,-70,0.0,31.25699921617557,30.4138126514911,26.68332812825267,21.840329667841555,17.08800749063506,11.661903789690601,6.4031242374328485,5.0990195135927845,6.4031242374328485,8.94427190999916,10.770329614269007,11.180339887498949,13.038404810405298,14.212670403551895,14.866068747318506,15.620499351813308,15.264337522473747,14.7648230602334,14.317821063276353,12.083045973594572,9.848857801796104,7.615773105863909,4.47213595499958,2.0,1.0,1.4142135623730951,0.0,0.0,0.0,0.0,0.0,0.0,0.0,0.0,0.0,0.0,0.0,4.47213595499958,2.23606797749979,1.0,2.23606797749979,4.47213595499958,6.708203932499369,9.848857801796104,13.0,15.231546211727817,16.15549442140351,16.55294535724685,17.0,15.811388300841896,14.142135623730951,13.601470508735444,13.038404810405298,11.180339887498949,8.54400374531753,6.324555320336759,2.23606797749979,2.23606797749979,7.0710678118654755,13.038404810405298,19.026297590440446,24.0,27.0
1787404469.9152946,-70,0.0,29.614185789921695,28.861739379323623,25.96150997149434,22.135943621178654,17.08800749063506,12.529964086141668,7.211102550927978,3.1622776601683795,2.8284271247461903,5.0990195135927845,7.0710678118654755,8.246211251235321,9.486832980505138,12.083045973594572,12.529964086141668,14.422205101855956,14.422205101855956,14.212670403551895,12.806248474865697,11.40175425099138,9.219544457292887,6.4031242374328485,3.605551275463989,1.0,2.0,3.1622776601683795,0.0,0.0,0.0,0.0,0.0,0.0,0.0,0.0,0.0,0.0,0.0,1.0,1.0,1.0,3.0,5.0990195135927845,6.708203932499369,8.94427190999916,11.180339887498949,12.529964086141668,13.892443989449804,14.422205101855956,14.212670403551895,13.45362404707371,13.601470508735444,13.038404810405298,12.529964086141668,10.770329614269007,8.54400374531753,6.324555320336759,3.605551275463989,1.4142135623730951,5.0990195135927845,11.0,17.029386365926403,22.02271554554524,25.079872407968907
1787404469.937237,-71,0.0,31.240998703626616,29.206163733020468,26.40075756488817,23.021728866442675,18.35755975068582,13.0,7.280109889280518,4.123105625617661,3.0,6.324555320336759,8.54400374531753,9.219544457292887,11.180339887498949,13.038404810405298,14.0,14.142135623730951,14.317821063276353,14.317821063276353,14.560219778561036,12.649110640673518,10.44030650891055,7.280109889280518,4.123105625617661,1.4142135623730951,1.0,3.1622776601683795,0.0,0.0,0.0,0.0,0.0,0.0,0.0,0.0,0.0,0.0,0.0,2.0,1.0,1.4142135623730951,2.8284271247461903,5.0,8.06225774829855,9.848857801796104,12.083045973594572,13.92838827718412,14.866068747318506,15.524174696260024,15.297058540778355,15.033296378372908,14.035668847618199,14.317821063276353,13.601470508735444,12.649110640673518,9.848857801796104,7.615773105863909,4.123105625617661,2.23606797749979,5.830951894845301,12.206555615733702,17.029386365926403,21.93171219946131,26.870057685088806
1787404469.9411054,-71,0.0,30.4138126514911,29.068883707497267,26.40075756488817,22.847319317591726,18.027756377319946,12.36931687685298,7.0,3.605551275463989,4.0,5.830951894845301,7.211102550927978,8.94427190999916,11.704699910719626,12.36931687685298,14.142135623730951,14.035668847618199,14.0,14.0,13.038404810405298,12.041594578792296,10.04987562112089,7.0710678118654755,5.0,2.0,1.4142135623730951,3.1622776601683795,0.0,0.0,0.0,0.0,0.0,0.0,0.0,0.0,0.0,0.0,0.0,2.23606797749979,1.0,1.4142135623730951,2.8284271247461903,5.656854249492381,7.810249675906654,10.0,12.806248474865697,14.422205101855956,15.264337522473747,15.264337522473747,14.317821063276353,14.560219778561036,14.142135623730951,14.0,14.035668847618199,13.038404810405298,11.045361017187261,8.06225774829855,4.123105625617661,2.0,5.656854249492381,12.041594578792296,17.804493814764857,23.021728866442675,26.076809620810597
1787404470.2569046,-71,0.0,30.14962686336267,29.068883707497267,27.018512172212592,24.0,19.026297590440446,14.317821063276353,8.94427190999916,4.47213595499958,4.123105625617661,6.4031242374328485,8.48528137423857,11.313708498984761,12.041594578792296,13.601470508735444,14.422205101855956,15.264337522473747,14.7648230602334,14.317821063276353,13.92838827718412,11.704699910719626,10.44030650891055,7.280109889280518,5.0990195135927845,3.1622776601683795,2.23606797749979,2.23606797749979,0.0,0.0,0.0,0.0,0.0,0.0,0.0,0.0,0.0,0.0,0.0,5.0,3.0,1.0,1.0,3.1622776601683795,5.830951894845301,7.810249675906654,10.63014581273465,12.806248474865697,15.0,15.0,14.866068747318506,13.45362404707371,13.038404810405298,12.083045973594572,11.40175425099138,10.198039027185569,8.06225774829855,5.0990195135927845,2.23606797749979,2.23606797749979,7.280109889280518,12.36931687685298,18.439088914585774,23.53720459187964,25.709920264364882
1787404470.9276352,-72,0.0,23.021728866442675,22.47220505424423,21.95449840010015,20.591260281974,20.12461179749811,18.788294228055936,17.46424919657298,16.15549442140351,14.317821063276353,13.416407864998739,11.180339887498949,10.295630140987,10.0,9.219544457292887,8.48528137423857,8.48528137423857,8.48528137423857,7.810249675906654,8.602325267042627,8.06225774829855,8.06225774829855,8.06225774829855,7.211102550927978,6.4031242374328485,5.830951894845301,5.385164807134504,0.0,0.0,0.0,0.0,0.0,0.0,0.0,0.0,0.0,0.0,0.0,7.211102550927978,5.830951894845301,5.830951894845301,5.385164807134504,6.082762530298219,6.0,7.0710678118654755,7.0710678118654755,8.06225774829855,8.06225774829855,8.06225774829855,7.0710678118654755,7.280109889280518,8.06225774829855,8.602325267042627,10.0,10.0,11.40175425099138,12.041594578792296,12.727922061357855,14.142135623730951,15.556349186104045,16.97056274847714,19.1049731745428,21.2602916254693,22.02271554554524
1787404470.9437664,-87,0.0,12.36931687685298,12.083045973594572,12.529964086141668,12.206555615733702,12.206555615733702,12.806248474865697,13.601470508735444,13.601470508735444,13.601470508735444,13.601470508735444,13.892443989449804,13.416407864998739,12.083045973594572,12.529964086141668,10.770329614269007,9.848857801796104,8.54400374531753,8.94427190999916,7.615773105863909,6.708203932499369,6.4031242374328485,6.4031242374328485,5.0,4.47213595499958,4.123105625617661,4.0,0.0,0.0,0.0,0.0,0.0,0.0,0.0,0.0,0.0,0.0,0.0,6.082762530298219,7.0710678118654755,7.280109889280518,8.246211251235321,9.219544457292887,9.219544457292887,9.055385138137417,8.06225774829855,8.06225774829855,7.0,7.0,8.06225774829855,8.0,9.055385138137417,10.04987562112089,10.198039027185569,10.198039027185569,11.180339887498949,11.045361017187261,11.0,10.198039027185569,9.219544457292887,9.486832980505138,9.433981132056603,8.602325267042627,9.219544457292887
1787404471.0430427,-70,0.0,30.805843601498726,28.861739379323623,25.96150997149434,21.840329667841555,16.15549442140351,10.295630140987,6.4031242374328485,4.123105625617661,5.656854249492381,8.06225774829855,9.848857801796104,10.295630140987,12.206555615733702,13.601470508735444,13.45362404707371,13.45362404707371,12.806248474865697,12.206555615733702,11.661903789690601,8.94427190999916,6.708203932499369,4.47213595499958,1.0,1.4142135623730951,3.605551275463989,4.47213595499958,0.0,0.0,0.0,0.0,0.0,0.0,0.0,0.0,0.0,0.0,0.0,1.0,2.0,3.1622776601683795,5.0990195135927845,7.0710678118654755,9.0,11.045361017187261,13.152946437965905,15.297058540778355,16.492422502470642,17.72004514666935,18.027756377319946,16.55294535724685,14.422205101855956,14.212670403551895,13.45362404707371,12.041594578792296,9.219544457292887,5.656854249492381,2.0,4.123105625617661,9.055385138137417,14.0,20.09975124224178,25.179356624028344,28.442925306655784
1787404471.0430427,-70,0.0,29.017236257093817,28.0,24.020824298928627,20.09975124224178,15.297058540778355,10.770329614269007,5.656854249492381,5.0990195135927845,7.810249675906654,9.899494936611665,10.63014581273465,12.727922061357855,13.45362404707371,15.620499351813308,15.811388300841896,15.264337522473747,14.7648230602334,13.92838827718412,11.704699910719626,10.44030650891055,8.246211251235321,5.385164807134504,2.23606797749979,0.0,2.0,3.0,0.0,0.0,0.0,0.0,0.0,0.0,0.0,0.0,0.0,0.0,0.0,2.23606797749979,2.0,2.23606797749979,4.123105625617661,5.385164807134504,8.06225774829855,10.816653826391969,13.601470508735444,15.0,16.401219466856727,17.029386365926403,16.97056274847714,16.401219466856727,15.264337522473747,15.231546211727817,13.92838827718412,12.649110640673518,9.486832980505138,6.324555320336759,2.8284271247461903,2.8284271247461903,7.280109889280518,13.341664064126334,19.4164878389476,24.331050121192877,27.294688127912362
1787404471.0555353,-70,0.0,31.953090617340916,29.732137494637012,26.248809496813376,21.840329667841555,16.492422502470642,12.041594578792296,7.280109889280518,5.0,6.082762530298219,7.615773105863909,10.295630140987,11.180339887498949,13.0,13.601470508735444,14.317821063276353,15.132745950421556,15.033296378372908,13.0,12.041594578792296,9.055385138137417,7.0710678118654755,4.123105625617661,1.4142135623730951,2.23606797749979,3.0,4.0,0.0,0.0,0.0,0.0,0.0,0.0,0.0,0.0,0.0,0.0,0.0,1.4142135623730951,1.4142135623730951,3.1622776601683795,5.0990195135927845,6.708203932499369,8.06225774829855,10.63014581273465,13.45362404707371,15.556349186104045,17.69180601295413,18.384776310850235,17.804493814764857,16.64331697709324,15.231546211727817,14.560219778561036,13.341664064126334,12.165525060596439,9.055385138137417,6.324555320336759,2.8284271247461903,4.47213595499958,9.219544457292887,15.264337522473747,21.470910553583888,26.40075756488817,29.546573405388315
1787404472.205371,-87,0.0,11.180339887498949,11.180339887498949,10.770329614269007,10.44030650891055,11.180339887498949,12.165525060596439,12.165525060596439,13.038404810405298,14.035668847618199,14.035668847618199,14.0,15.033296378372908,14.035668847618199,13.152946437965905,13.152946437965905,12.041594578792296,11.045361017187261,10.0,9.055385138137417,9.219544457292887,7.615773105863909,7.615773105863909,7.211102550927978,7.211102550927978,6.4031242374328485,6.4031242374328485,0.0,0.0,0.0,0.0,0.0,0.0,0.0,0.0,0.0,0.0,0.0,3.605551275463989,4.123105625617661,6.324555320336759,7.0710678118654755,7.0710678118654755,8.0,8.06225774829855,9.055385138137417,8.06225774829855,8.06225774829855,8.06225774829855,8.06225774829855,8.246211251235321,8.54400374531753,8.54400374531753,9.848857801796104,11.661903789690601,13.038404810405298,13.038404810405298,13.038404810405298,13.038404810405298,13.416407864998739,13.0,13.341664064126334,13.038404810405298,13.038404810405298
1787404472.523853,-70,0.0,27.51363298439521,27.51363298439521,24.698178070456937,21.02379604162864,15.264337522473747,10.0,5.656854249492381,2.0,5.0990195135927845,8.246211251235321,10.198039027185569,12.041594578792296,13.152946437965905,14.317821063276353,15.231546211727817,15.231546211727817,15.231546211727817,13.892443989449804,10.816653826391969,9.848857801796104,7.615773105863909,5.830951894845301,3.605551275463989,2.23606797749979,2.0,2.0,0.0,0.0,0.0,0.0,0.0,0.0,0.0,0.0,0.0,0.0,0.0,3.605551275463989,1.4142135623730951,1.4142135623730951,3.1622776601683795,4.123105625617661,6.324555320336759,8.54400374531753,10.770329614269007,11.704699910719626,13.92838827718412,14.866068747318506,13.92838827718412,12.529964086141668,11.40175425099138,9.899494936611665,9.219544457292887,7.211102550927978,5.385164807134504,2.23606797749979,0.0,4.123105625617661,8.246211251235321,13.341664064126334,18.439088914585774,22.80350850198276,25.0
1787404472.5875704,-70,0.0,30.463092423455635,29.546573405388315,26.92582403567252,23.40939982143925,18.681541692269406,13.152946437965905,7.0710678118654755,4.242640687119285,5.0,8.54400374531753,9.848857801796104,11.704699910719626,12.36931687685298,14.317821063276353,15.033296378372908,15.033296378372908,15.132745950421556,15.297058540778355,13.341664064126334,11.40175425099138,9.486832980505138,7.615773105863909,4.47213595499958,2.23606797749979,0.0,2.23606797749979,0.0,0.0,0.0,0.0,0.0,0.0,0.0,0.0,0.0,0.0,0.0,5.385164807134504,4.123105625617661,2.23606797749979,4.123105625617661,6.324555320336759,8.54400374531753,10.44030650891055,12.649110640673518,13.92838827718412,14.866068747318506,14.866068747318506,14.7648230602334,14.422205101855956,13.45362404707371,12.041594578792296,10.816653826391969,8.602325267042627,7.211102550927978,4.242640687119285,2.0,4.242640687119285,9.433981132056603,14.317821063276353,19.697715603592208,25.079872407968907,27.85677655436824
1787404472.7474425,-70,0.0,32.55764119219941,30.479501308256342,27.80287754891569,23.021728866442675,17.4928556845359,10.770329614269007,6.0,3.605551275463989,5.0990195135927845,7.615773105863909,11.180339887498949,13.0,13.92838827718412,14.560219778561036,14.317821063276353,15.033296378372908,15.0,14.035668847618199,13.152946437965905,11.180339887498949,9.219544457292887,6.082762530298219,3.1622776601683795,1.4142135623730951,2.23606797749979,3.0,0.0,0.0,0.0,0.0,0.0,0.0,0.0,0.0,0.0,0.0,0.0,3.605551275463989,2.23606797749979,1.4142135623730951,4.242640687119285,6.708203932499369,9.486832980505138,11.40175425099138,13.341664064126334,14.560219778561036,15.811388300841896,16.492422502470642,15.297058540778355,14.035668847618199,13.038404810405298,11.180339887498949,10.44030650891055,8.54400374531753,6.708203932499369,3.1622776601683795,0.0,4.242640687119285,9.219544457292887,15.620499351813308,21.213203435596427,26.870057685088806,29.698484809834994
1787404473.0160708,-70,0.0,33.421549934136806,31.400636936215164,27.459060435491963,23.323807579381203,17.88854381999832,11.704699910719626,7.0710678118654755,3.605551275463989,4.123105625617661,7.211102550927978,8.94427190999916,10.770329614269007,12.36931687685298,13.341664064126334,14.142135623730951,15.132745950421556,14.0,13.038404810405298,12.165525060596439,10.44030650891055,8.54400374531753,6.324555320336759,4.123105625617661,1.4142135623730951,1.4142135623730951,3.1622776601683795,0.0,0.0,0.0,0.0,0.0,0.0,0.0,0.0,0.0,0.0,0.0,2.8284271247461903,1.4142135623730951,1.4142135623730951,2.8284271247461903,5.830951894845301,8.94427190999916,10.295630140987,11.704699910719626,12.649110640673518,14.866068747318506,14.866068747318506,14.317821063276353,14.035668847618199,13.038404810405298,12.649110640673518,12.083045973594572,11.180339887498949,8.94427190999916,5.830951894845301,2.23606797749979,2.23606797749979,7.211102550927978,12.806248474865697,19.1049731745428,24.758836806279895,28.284271247461902
1787404473.0435514,-70,0.0,36.796738985948195,34.058772731852805,30.610455730027933,25.80697580112788,19.72308292331602,13.0,7.0,3.605551275463989,5.385164807134504,8.06225774829855,10.816653826391969,12.529964086141668,13.0,13.92838827718412,15.524174696260024,16.278820596099706,16.0312195418814,15.033296378372908,13.152946437965905,11.045361017187261,10.04987562112089,8.0,5.0990195135927845,1.4142135623730951,1.4142135623730951,3.1622776601683795,0.0,0.0,0.0,0.0,0.0,0.0,0.0,0.0,0.0,0.0,0.0,2.23606797749979,1.0,1.0,4.123105625617661,6.4031242374328485,9.219544457292887,11.661903789690601,13.601470508735444,16.492422502470642,18.681541692269406,17.72004514666935,17.46424919657298,16.0312195418814,14.142135623730951,12.649110640673518,13.0,12.529964086141668,10.295630140987,7.615773105863909,5.0,2.23606797749979,6.708203932499369,13.601470508735444,19.849433241279208,26.1725046566048,31.89043743820395
1787404473.063956,-70,0.0,32.984845004941285,31.32091952673165,28.460498941515414,24.351591323771842,18.384776310850235,12.529964086141668,7.0710678118654755,4.0,5.0,7.280109889280518,8.54400374531753,10.770329614269007,12.083045973594572,13.892443989449804,15.0,14.866068747318506,14.866068747318506,14.212670403551895,13.601470508735444,12.206555615733702,10.816653826391969,8.06225774829855,5.830951894845301,2.23606797749979,1.0,2.23606797749979,0.0,0.0,0.0,0.0,0.0,0.0,0.0,0.0,0.0,0.0,0.0,3.0,2.0,1.0,2.23606797749979,5.0990195135927845,7.0,9.055385138137417,11.180339887498949,12.36931687685298,14.317821063276353,14.560219778561036,13.92838827718412,12.529964086141668,11.40175425099138,10.63014581273465,10.816653826391969,9.848857801796104,8.54400374531753,5.385164807134504,2.8284271247461903,3.1622776601683795,9.055385138137417,15.033296378372908,21.213203435596427,25.317977802344327,28.442925306655784
1787404473.3959675,-69,0.0,29.732137494637012,28.319604517012593,24.758836806279895,22.627416997969522,17.804493814764857,13.038404810405298,7.615773105863909,3.0,3.1622776601683795,7.0710678118654755,9.486832980505138,10.44030650891055,11.180339887498949,12.165525060596439,12.041594578792296,12.0,13.0,11.045361017187261,9.219544457292887,8.54400374531753,7.615773105863909,5.0990195135927845,3.1622776601683795,1.0,2.0,3.0,0.0,0.0,0.0,0.0,0.0,0.0,0.0,0.0,0.0,0.0,0.0,2.23606797749979,2.23606797749979,4.123105625617661,4.47213595499958,5.0,5.385164807134504,8.06225774829855,12.041594578792296,15.132745950421556,16.1245154965971,16.0,16.1245154965971,15.524174696260024,14.560219778561036,13.92838827718412,13.892443989449804,12.206555615733702,9.433981132056603,5.830951894845301,3.605551275463989,1.4142135623730951,5.0990195135927845,10.44030650891055,15.652475842498529,21.095023109728988,25.238858928247925
1787404473.5069113,-89,0.0,13.45362404707371,14.142135623730951,14.866068747318506,14.212670403551895,14.212670403551895,14.212670403551895,13.892443989449804,14.422205101855956,13.892443989449804,13.416407864998739,11.661903789690601,10.63014581273465,9.899494936611665,10.0,9.433981132056603,10.44030650891055,11.045361017187261,13.038404810405298,12.0,12.041594578792296,12.041594578792296,12.041594578792296,11.180339887498949,10.198039027185569,9.219544457292887,8.06225774829855,0.0,0.0,0.0,0.0,0.0,0.0,0.0,0.0,0.0,0.0,0.0,3.605551275463989,2.8284271247461903,3.1622776601683795,4.123105625617661,4.123105625617661,5.0,5.0990195135927845,7.280109889280518,7.615773105863909,9.486832980505138,10.44030650891055,11.40175425099138,11.704699910719626,11.704699910719626,12.649110640673518,13.0,13.0,13.416407864998739,11.180339887498949,10.295630140987,10.0,10.63014581273465,10.63014581273465,10.63014581273465,10.0,11.40175425099138
1787404474.1112316,-71,0.0,21.93171219946131,21.02379604162864,21.470910553583888,20.248456731316587,20.0,18.439088914585774,16.97056274847714,15.556349186104045,13.45362404707371,12.041594578792296,10.63014581273465,9.899494936611665,9.219544457292887,8.602325267042627,8.602325267042627,8.602325267042627,9.433981132056603,8.94427190999916,8.602325267042627,8.602325267042627,8.602325267042627,7.810249675906654,9.219544457292887,12.206555615733702,7.810249675906654,4.123105625617661,0.0,0.0,0.0,0.0,0.0,0.0,0.0,0.0,0.0,0.0,0.0,6.4031242374328485,5.656854249492381,5.656854249492381,5.830951894845301,6.324555320336759,6.324555320336759,7.280109889280518,8.54400374531753,8.54400374531753,8.06225774829855,8.06225774829855,8.06225774829855,8.06225774829855,7.280109889280518,8.06225774829855,9.219544457292887,9.219544457292887,9.486832980505138,10.198039027185569,11.180339887498949,13.038404810405298,14.035668847618199,16.1245154965971,17.26267650163207,19.4164878389476,19.4164878389476
1787404474.1172445,-87,0.0,13.416407864998739,14.317821063276353,14.317821063276353,13.892443989449804,14.422205101855956,13.601470508735444,14.212670403551895,12.727922061357855,12.727922061357855,12.041594578792296,12.206555615733702,11.661903789690601,12.529964086141668,12.206555615733702,12.206555615733702,12.206555615733702,12.206555615733702,12.806248474865697,12.806248474865697,12.806248474865697,12.041594578792296,11.40175425099138,10.63014581273465,10.63014581273465,10.63014581273465,10.0,0.0,0.0,0.0,0.0,0.0,0.0,0.0,0.0,0.0,0.0,0.0,8.54400374531753,8.246211251235321,8.54400374531753,7.615773105863909,6.708203932499369,7.615773105863909,9.486832980505138,8.54400374531753,9.486832980505138,8.246211251235321,9.486832980505138,10.198039027185569,9.486832980505138,10.770329614269007,9.433981132056603,8.602325267042627,8.48528137423857,7.810249675906654,7.810249675906654,6.708203932499369,7.0710678118654755,7.0,8.06225774829855,7.0710678118654755,9.219544457292887,9.486832980505138
1787404474.1212492,-86,0.0,13.341664064126334,13.601470508735444,13.601470508735444,13.601470508735444,13.601470508735444,13.92838827718412,13.601470508735444,13.601470508735444,13.92838827718412,13.92838827718412,13.92838827718412,13.601470508735444,13.416407864998739,12.529964086141668,12.206555615733702,10.63014581273465,11.313708498984761,11.313708498984761,10.63014581273465,9.433981132056603,8.602325267042627,7.615773105863909,6.082762530298219,5.0,5.0990195135927845,5.385164807134504,0.0,0.0,0.0,0.0,0.0,0.0,0.0,0.0,0.0,0.0,0.0,4.0,4.0,5.0990195135927845,5.0990195135927845,6.0,7.0,7.0710678118654755,7.280109889280518,6.324555320336759,6.708203932499369,6.708203932499369,6.708203932499369,5.830951894845301,5.385164807134504,5.0990195135927845,4.123105625617661,4.123105625617661,5.0,5.385164807134504,5.0,6.4031242374328485,7.0710678118654755,7.211102550927978,8.06225774829855,8.94427190999916,8.94427190999916
1787404474.2066188,-72,0.0,22.847319317591726,22.847319317591726,22.360679774997898,21.02379604162864,20.591260281974,18.867962264113206,17.204650534085253,14.422205101855956,13.038404810405298,11.661903789690601,10.816653826391969,9.433981132056603,8.54400374531753,8.246211251235321,8.06225774829855,8.06225774829855,9.055385138137417,9.055385138137417,9.055385138137417,8.0,8.06225774829855,8.06225774829855,7.0,6.0,6.082762530298219,5.0990195135927845,0.0,0.0,0.0,0.0,0.0,0.0,0.0,0.0,0.0,0.0,0.0,9.055385138137417,9.055385138137417,7.280109889280518,6.4031242374328485,7.0710678118654755,7.810249675906654,8.602325267042627,9.219544457292887,9.219544457292887,8.602325267042627,9.219544457292887,9.219544457292887,8.602325267042627,8.602325267042627,8.06225774829855,9.486832980505138,10.44030650891055,11.40175425099138,12.36931687685298,13.341664064126334,14.142135623730951,16.1245154965971,18.24828759089466,20.396078054371138,21.587033144922902,22.80350850198276
1787404474.3177204,-72,0.0,23.194827009486403,23.08679276123039,22.02271554554524,21.02379604162864,20.0,19.026297590440446,17.029386365926403,15.033296378372908,14.142135623730951,13.038404810405298,11.0,10.04987562112089,8.06225774829855,8.246211251235321,7.615773105863909,7.615773105863909,8.06225774829855,8.06225774829855,8.06225774829855,7.810249675906654,7.211102550927978,8.06225774829855,7.615773105863909,5.385164807134504,4.47213595499958,3.605551275463989,0.0,0.0,0.0,0.0,0.0,0.0,0.0,0.0,0.0,0.0,0.0,6.708203932499369,6.708203932499369,5.830951894845301,5.0,4.242640687119285,5.385164807134504,6.324555320336759,7.615773105863909,8.06225774829855,8.06225774829855,8.94427190999916,8.06225774829855,7.615773105863909,7.280109889280518,8.06225774829855,9.0,10.04987562112089,11.045361017187261,12.165525060596439,13.341664064126334,15.811388300841896,16.76305461424021,17.72004514666935,18.681541692269406,20.396078054371138,21.37755832643195
1787404474.7778528,-87,0.0,8.246211251235321,8.246211251235321,9.055385138137417,10.04987562112089,11.045361017187261,12.041594578792296,13.0,13.038404810405298,13.152946437965905,13.038404810405298,12.041594578792296,11.045361017187261,8.246211251235321,7.280109889280518,5.0990195135927845,4.123105625617661,3.1622776601683795,3.605551275463989,4.242640687119285,5.0,5.0,6.4031242374328485,7.810249675906654,7.211102550927978,6.708203932499369,6.4031242374328485,0.0,0.0,0.0,0.0,0.0,0.0,0.0,0.0,0.0,0.0,0.0,8.246211251235321,8.54400374531753,7.615773105863909,7.615773105863909,7.211102550927978,7.211102550927978,6.4031242374328485,6.4031242374328485,5.656854249492381,5.0,5.0,5.830951894845301,7.615773105863909,8.06225774829855,9.0,11.0,12.0,12.0,13.038404810405298,12.041594578792296,11.045361017187261,10.198039027185569,9.848857801796104,9.433981132056603,9.219544457292887,9.219544457292887
1787404475.0317678,-72,0.0,22.80350850198276,23.08679276123039,22.135943621178654,20.615528128088304,19.697715603592208,18.788294228055936,16.55294535724685,14.7648230602334,13.0,11.704699910719626,10.44030650891055,10.198039027185569,9.055385138137417,10.0,10.0,9.055385138137417,9.219544457292887,10.198039027185569,10.198039027185569,10.198039027185569,11.180339887498949,11.045361017187261,10.0,8.0,7.0,6.0,0.0,0.0,0.0,0.0,0.0,0.0,0.0,0.0,0.0,0.0,0.0,7.0,6.082762530298219,6.324555320336759,6.708203932499369,7.211102550927978,7.211102550927978,8.06225774829855,8.602325267042627,8.602325267042627,8.06225774829855,8.06225774829855,7.211102550927978,6.4031242374328485,6.4031242374328485,6.708203932499369,7.615773105863909,8.246211251235321,9.219544457292887,10.04987562112089,12.041594578792296,13.038404810405298,15.033296378372908,17.029386365926403,19.1049731745428,21.213203435596427,22.20360331117452
1787404475.600589,-71,0.0,34.828149534535996,32.202484376209235,28.844410203711913,24.698178070456937,19.235384061671343,13.601470508735444,9.0,5.830951894845301,6.324555320336759,7.0,10.0,14.0,16.1245154965971,17.26267650163207,17.46424919657298,18.027756377319946,18.384776310850235,17.88854381999832,16.1245154965971,13.892443989449804,12.083045973594572,8.94427190999916,6.708203932499369,3.0,1.0,2.8284271247461903,0.0,0.0,0.0,0.0,0.0,0.0,0.0,0.0,0.0,0.0,0.0,2.0,1.4142135623730951,1.4142135623730951,2.0,4.47213595499958,6.4031242374328485,8.602325267042627,11.313708498984761,13.45362404707371,15.0,15.264337522473747,14.7648230602334,14.866068747318506,14.317821063276353,14.0,14.142135623730951,13.341664064126334,11.40175425099138,8.54400374531753,5.0990195135927845,2.23606797749979,5.830951894845301,12.041594578792296,18.384776310850235,24.041630560342615,28.284271247461902
1787404475.6432,-71,0.0,22.67156809750927,22.627416997969522,21.93171219946131,21.2602916254693,19.209372712298546,17.804493814764857,16.401219466856727,14.212670403551895,12.806248474865697,11.313708498984761,10.63014581273465,10.63014581273465,10.0,10.0,9.433981132056603,8.94427190999916,8.54400374531753,9.486832980505138,9.219544457292887,9.219544457292887,9.219544457292887,9.486832980505138,8.54400374531753,8.54400374531753,8.54400374531753,8.54400374531753,0.0,0.0,0.0,0.0,0.0,0.0,0.0,0.0,0.0,0.0,0.0,5.830951894845301,4.47213595499958,4.123105625617661,4.0,5.0990195135927845,6.324555320336759,6.708203932499369,6.708203932499369,6.708203932499369,6.708203932499369,7.615773105863909,7.615773105863909,8.06225774829855,7.810249675906654,8.48528137423857,8.602325267042627,8.602325267042627,10.0,10.816653826391969,12.529964086141668,13.416407864998739,14.7648230602334,16.1245154965971,18.867962264113206,20.248456731316587,20.808652046684813
1787404476.626018,-71,0.0,29.154759474226502,27.16615541441225,25.317977802344327,21.37755832643195,17.46424919657298,11.704699910719626,6.4031242374328485,4.0,5.0,6.4031242374328485,9.219544457292887,12.041594578792296,12.727922061357855,13.45362404707371,13.601470508735444,15.264337522473747,14.7648230602334,14.317821063276353,13.92838827718412,12.649110640673518,10.770329614269007,8.06225774829855,4.242640687119285,2.0,2.23606797749979,3.1622776601683795,0.0,0.0,0.0,0.0,0.0,0.0,0.0,0.0,0.0,0.0,0.0,4.242640687119285,2.8284271247461903,1.0,1.0,3.0,6.0,9.0,11.0,13.0,14.035668847618199,15.132745950421556,15.297058540778355,15.524174696260024,15.231546211727817,14.422205101855956,13.601470508735444,12.806248474865697,11.40175425099138,8.602325267042627,5.830951894845301,4.123105625617661,6.324555320336759,12.041594578792296,16.0,21.0,25.0
1787404476.6739812,-70,0.0,23.08679276123039,23.08679276123039,23.021728866442675,22.02271554554524,19.1049731745428,18.110770276274835,17.11724276862369,16.1245154965971,14.142135623730951,13.038404810405298,13.0,12.041594578792296,11.180339887498949,11.180339887498949,10.198039027185569,10.198039027185569,10.198039027185569,10.198039027185569,9.219544457292887,10.198039027185569,10.198039027185569,9.219544457292887,9.055385138137417,8.246211251235321,7.0710678118654755,6.082762530298219,0.0,0.0,0.0,0.0,0.0,0.0,0.0,0.0,0.0,0.0,0.0,6.4031242374328485,6.4031242374328485,5.830951894845301,6.324555320336759,7.280109889280518,8.54400374531753,8.54400374531753,9.486832980505138,9.486832980505138,9.486832980505138,9.486832980505138,8.54400374531753,9.219544457292887,9.219544457292887,9.055385138137417,10.0,11.045361017187261,12.041594578792296,13.038404810405298,13.152946437965905,14.317821063276353,15.524174696260024,16.76305461424021,18.681541692269406,20.615528128088304,21.37755832643195
1787404476.8878253,-71,0.0,32.38826948140329,31.575306807693888,28.861739379323623,25.0,19.313207915827967,13.416407864998739,7.810249675906654,4.123105625617661,4.242640687119285,6.324555320336759,9.486832980505138,11.704699910719626,13.0,13.416407864998739,13.892443989449804,14.422205101855956,13.601470508735444,12.727922061357855,11.40175425099138,10.0,8.602325267042627,6.4031242374328485,3.605551275463989,1.4142135623730951,1.4142135623730951,2.8284271247461903,0.0,0.0,0.0,0.0,0.0,0.0,0.0,0.0,0.0,0.0,0.0,3.605551275463989,3.605551275463989,3.0,3.1622776601683795,4.47213595499958,6.082762530298219,9.055385138137417,12.165525060596439,13.152946437965905,14.317821063276353,15.524174696260024,14.866068747318506,14.317821063276353,13.601470508735444,13.45362404707371,12.727922061357855,12.206555615733702,10.295630140987,7.615773105863909,4.47213595499958,2.0,5.385164807134504,11.045361017187261,17.029386365926403,23.021728866442675,27.0
1787404477.697096,-71,0.0,25.0,23.430749027719962,23.021728866442675,22.825424421026653,20.591260281974,17.88854381999832,16.15549442140351,15.811388300841896,15.811388300841896,13.416407864998739,12.529964086141668,10.770329614269007,11.661903789690601,11.40175425099138,10.0,10.63014581273465,11.313708498984761,11.313708498984761,11.40175425099138,11.40175425099138,10.0,9.219544457292887,8.602325267042627,7.211102550927978,6.4031242374328485,5.656854249492381,0.0,0.0,0.0,0.0,0.0,0.0,0.0,0.0,0.0,0.0,0.0,8.06225774829855,7.0,7.0710678118654755,7.280109889280518,7.280109889280518,7.615773105863909,8.54400374531753,8.54400374531753,8.54400374531753,8.54400374531753,8.54400374531753,8.54400374531753,8.94427190999916,8.602325267042627,9.219544457292887,10.63014581273465,11.313708498984761,11.40175425099138,12.806248474865697,13.601470508735444,15.0,16.278820596099706,16.97056274847714,18.439088914585774,19.849433241279208,20.518284528683193
1787404477.8083792,-71,0.0,31.400636936215164,29.832867780352597,26.90724809414742,24.041630560342615,18.439088914585774,13.038404810405298,8.54400374531753,5.385164807134504,5.830951894845301,8.06225774829855,10.0,12.0,13.038404810405298,14.317821063276353,15.524174696260024,14.560219778561036,14.866068747318506,13.0,11.180339887498949,9.433981132056603,7.211102550927978,5.0,2.8284271247461903,1.4142135623730951,3.1622776601683795,4.0,0.0,0.0,0.0,0.0,0.0,0.0,0.0,0.0,0.0,0.0,0.0,5.0990195135927845,4.0,3.1622776601683795,3.605551275463989,4.123105625617661,6.4031242374328485,8.602325267042627,11.661903789690601,13.0,14.866068747318506,15.811388300841896,15.297058540778355,15.033296378372908,14.035668847618199,14.317821063276353,13.601470508735444,11.704699910719626,10.770329614269007,7.280109889280518,4.123105625617661,4.123105625617661,7.615773105863909,13.416407864998739,18.867962264113206,23.853720883753127,26.627053911388696
1787404477.882771,-70,0.0,29.274562336608895,28.284271247461902,25.079872407968907,21.02379604162864,16.0312195418814,11.40175425099138,7.211102550927978,5.0,7.211102550927978,9.219544457292887,10.63014581273465,12.041594578792296,14.212670403551895,16.401219466856727,16.64331697709324,16.1245154965971,15.652475842498529,14.317821063276353,13.0,10.44030650891055,8.246211251235321,6.082762530298219,3.0,1.0,1.4142135623730951,3.605551275463989,0.0,0.0,0.0,0.0,0.0,0.0,0.0,0.0,0.0,0.0,0.0,4.0,2.23606797749979,2.0,1.4142135623730951,3.0,5.385164807134504,8.06225774829855,10.816653826391969,12.806248474865697,14.212670403551895,16.278820596099706,16.97056274847714,16.401219466856727,15.264337522473747,15.652475842498529,14.317821063276353,11.704699910719626,9.486832980505138,7.280109889280518,3.605551275463989,2.0,5.830951894845301,11.704699910719626,16.76305461424021,21.840329667841555,24.73863375370596
1787404477.9171207,-70,0.0,30.528675044947494,30.01666203960727,26.832815729997478,22.847319317591726,16.76305461424021,11.180339887498949,7.0710678118654755,3.605551275463989,6.082762530298219,8.54400374531753,9.848857801796104,11.704699910719626,13.601470508735444,14.317821063276353,15.297058540778355,15.132745950421556,15.132745950421556,15.0,12.041594578792296,9.219544457292887,7.280109889280518,4.47213595499958,1.4142135623730951,2.23606797749979,3.605551275463989,4.47213595499958,0.0,0.0,0.0,0.0,0.0,0.0,0.0,0.0,0.0,0.0,0.0,3.1622776601683795,3.0,2.23606797749979,3.1622776601683795,4.47213595499958,6.4031242374328485,8.602325267042627,11.40175425099138,13.601470508735444,15.811388300841896,16.64331697709324,16.55294535724685,15.811388300841896,15.297058540778355,14.035668847618199,13.0,11.045361017187261,8.06225774829855,5.0,2.23606797749979,3.605551275463989,8.48528137423857,13.45362404707371,19.209372712298546,24.413111231467404,27.459060435491963
1787404478.1091044,-72,0.0,24.20743687382041,24.839484696748443,24.758836806279895,24.08318915758459,22.80350850198276,20.248456731316587,18.867962264113206,18.027756377319946,15.264337522473747,12.529964086141668,12.206555615733702,12.806248474865697,12.206555615733702,10.63014581273465,10.63014581273465,10.0,8.602325267042627,10.0,11.40175425099138,9.219544457292887,7.0710678118654755,7.211102550927978,6.708203932499369,6.4031242374328485,6.4031242374328485,6.324555320336759,0.0,0.0,0.0,0.0,0.0,0.0,0.0,0.0,0.0,0.0,0.0,6.708203932499369,6.0,5.385164807134504,5.656854249492381,5.0,6.708203932499369,7.615773105863909,8.06225774829855,8.06225774829855,8.06225774829855,8.06225774829855,8.06225774829855,7.211102550927978,7.810249675906654,8.48528137423857,10.0,10.816653826391969,12.083045973594572,12.529964086141668,12.529964086141668,13.892443989449804,14.7648230602334,17.4928556845359,20.248456731316587,21.633307652783937,21.633307652783937
1787404478.1392214,-71,0.0,30.01666203960727,28.653097563788805,25.942243542145693,21.93171219946131,17.08800749063506,11.180339887498949,7.0710678118654755,5.0,7.0,9.219544457292887,11.40175425099138,13.341664064126334,15.297058540778355,16.1245154965971,17.029386365926403,17.0,16.0312195418814,14.142135623730951,13.341664064126334,10.198039027185569,8.246211251235321,5.0990195135927845,3.1622776601683795,0.0,2.23606797749979,3.605551275463989,0.0,0.0,0.0,0.0,0.0,0.0,0.0,0.0,0.0,0.0,0.0,4.123105625617661,4.123105625617661,2.23606797749979,1.0,2.0,5.385164807134504,7.615773105863909,8.94427190999916,11.180339887498949,13.416407864998739,14.422205101855956,14.212670403551895,12.806248474865697,12.083045973594572,12.649110640673518,12.36931687685298,11.180339887498949,9.055385138137417,7.0710678118654755,4.47213595499958,3.0,5.656854249492381,11.40175425099138,17.204650534085253,21.633307652783937,24.698178070456937
1787404478.1577685,-71,0.0,28.635642126552707,28.442925306655784,25.317977802344327,21.213203435596427,16.0312195418814,11.045361017187261,5.385164807134504,3.1622776601683795,5.0,8.48528137423857,10.63014581273465,11.313708498984761,13.45362404707371,14.422205101855956,15.264337522473747,15.652475842498529,15.231546211727817,13.601470508735444,12.36931687685298,10.198039027185569,7.280109889280518,5.385164807134504,2.23606797749979,0.0,2.0,3.0,0.0,0.0,0.0,0.0,0.0,0.0,0.0,0.0,0.0,0.0,0.0,4.123105625617661,3.0,1.0,1.4142135623730951,4.123105625617661,5.0,7.0710678118654755,11.40175425099138,13.601470508735444,13.601470508735444,14.866068747318506,15.652475842498529,15.264337522473747,13.45362404707371,12.041594578792296,11.661903789690601,10.816653826391969,9.433981132056603,8.06225774829855,4.47213595499958,2.0,5.0,11.180339887498949,18.384776310850235,23.40939982143925,25.96150997149434
1787404478.172873,-71,0.0,33.421549934136806,32.202484376209235,28.844410203711913,24.186773244895647,18.788294228055936,13.601470508735444,7.0710678118654755,4.242640687119285,6.0,8.54400374531753,11.180339887498949,12.649110640673518,14.560219778561036,15.297058540778355,16.278820596099706,17.11724276862369,17.029386365926403,16.0,14.035668847618199,11.045361017187261,8.06225774829855,5.0990195135927845,2.0,0.0,3.0,5.0990195135927845,0.0,0.0,0.0,0.0,0.0,0.0,0.0,0.0,0.0,0.0,0.0,4.123105625617661,2.8284271247461903,1.0,2.0,4.47213595499958,7.810249675906654,9.219544457292887,11.40175425099138,14.212670403551895,15.811388300841896,16.64331697709324,16.1245154965971,15.231546211727817,14.317821063276353,13.0,13.038404810405298,13.152946437965905,10.0,6.082762530298219,4.47213595499958,3.1622776601683795,6.4031242374328485,11.313708498984761,17.69180601295413,23.430749027719962,26.90724809414742
1787404478.2702568,-72,0.0,30.0,29.206163733020468,26.248809496813376,21.93171219946131,17.029386365926403,13.038404810405298,8.246211251235321,6.324555320336759,7.211102550927978,9.486832980505138,11.704699910719626,13.601470508735444,14.866068747318506,16.15549442140351,15.652475842498529,16.1245154965971,15.0,14.212670403551895,13.45362404707371,11.313708498984761,9.219544457292887,5.656854249492381,2.8284271247461903,1.4142135623730951,1.4142135623730951,2.8284271247461903,0.0,0.0,0.0,0.0,0.0,0.0,0.0,0.0,0.0,0.0,0.0,4.123105625617661,2.23606797749979,1.0,1.0,3.1622776601683795,5.0,7.0710678118654755,9.219544457292887,11.40175425099138,13.038404810405298,13.892443989449804,14.317821063276353,13.601470508735444,13.152946437965905,12.0,11.180339887498949,10.198039027185569,8.246211251235321,5.385164807134504,3.0,2.0,6.708203932499369,11.661903789690601,16.64331697709324,21.633307652783937,25.80697580112788
1787404478.429715,-71,0.0,29.0,29.0,26.1725046566048,22.67156809750927,17.804493814764857,13.038404810405298,8.54400374531753,5.0990195135927845,5.830951894845301,7.0710678118654755,9.055385138137417,10.04987562112089,12.165525060596439,13.341664064126334,12.649110640673518,13.0,12.529964086141668,12.206555615733702,10.63014581273465,9.219544457292887,8.48528137423857,6.4031242374328485,3.605551275463989,2.0,1.0,2.23606797749979,0.0,0.0,0.0,0.0,0.0,0.0,0.0,0.0,0.0,0.0,0.0,2.8284271247461903,2.23606797749979,2.23606797749979,2.23606797749979,4.0,5.385164807134504,7.211102550927978,9.219544457292887,10.63014581273465,12.041594578792296,12.806248474865697,12.529964086141668,11.704699910719626,11.180339887498949,11.0,11.180339887498949,10.198039027185569,8.246211251235321,6.324555320336759,3.0,2.0,5.830951894845301,10.816653826391969,16.64331697709324,21.400934559032695,24.20743687382041
1787404478.4394677,-70,0.0,26.476404589747453,26.476404589747453,24.73863375370596,20.8806130178211,17.08800749063506,12.529964086141668,7.810249675906654,4.123105625617661,4.47213595499958,6.4031242374328485,8.06225774829855,9.433981132056603,10.816653826391969,11.40175425099138,12.041594578792296,12.041594578792296,12.206555615733702,10.816653826391969,10.295630140987,8.06225774829855,6.708203932499369,4.47213595499958,2.23606797749979,1.0,1.4142135623730951,2.8284271247461903,0.0,0.0,0.0,0.0,0.0,0.0,0.0,0.0,0.0,0.0,0.0,2.23606797749979,2.0,2.23606797749979,2.23606797749979,4.242640687119285,5.830951894845301,7.615773105863909,9.219544457292887,11.180339887498949,12.041594578792296,13.0,13.038404810405298,12.36931687685298,11.180339887498949,10.816653826391969,11.40175425099138,9.899494936611665,8.48528137423857,6.4031242374328485,3.605551275463989,2.23606797749979,5.0990195135927845,10.0,15.033296378372908,20.09975124224178,23.194827009486403
1787404478.4589021,-70,0.0,31.144823004794873,30.4138126514911,27.586228448267445,23.430749027719962,19.4164878389476,13.416407864998739,8.54400374531753,5.0990195135927845,3.605551275463989,7.280109889280518,9.848857801796104,11.40175425099138,13.152946437965905,14.142135623730951,14.142135623730951,13.152946437965905,14.035668847618199,14.035668847618199,12.165525060596439,10.04987562112089,8.0,6.082762530298219,4.123105625617661,2.0,0.0,3.0,0.0,0.0,0.0,0.0,0.0,0.0,0.0,0.0,0.0,0.0,0.0,5.0,4.123105625617661,2.8284271247461903,3.0,4.242640687119285,5.385164807134504,8.246211251235321,10.04987562112089,13.0,14.0,15.033296378372908,15.132745950421556,14.317821063276353,13.0,12.529964086141668,12.206555615733702,10.63014581273465,8.48528137423857,5.656854249492381,2.8284271247461903,1.0,5.830951894845301,11.661903789690601,18.027756377319946,23.600847442411894,27.202941017470888
1787404478.4868088,-70,0.0,28.442925306655784,27.294688127912362,24.186773244895647,20.024984394500787,16.0312195418814,11.180339887498949,8.06225774829855,5.385164807134504,4.47213595499958,6.4031242374328485,7.211102550927978,9.433981132056603,12.206555615733702,12.806248474865697,13.45362404707371,14.212670403551895,13.038404810405298,12.083045973594572,10.770329614269007,8.246211251235321,7.0710678118654755,6.324555320336759,4.242640687119285,2.0,1.4142135623730951,2.23606797749979,0.0,0.0,0.0,0.0,0.0,0.0,0.0,0.0,0.0,0.0,0.0,2.8284271247461903,2.0,1.4142135623730951,2.23606797749979,4.123105625617661,7.280109889280518,9.848857801796104,11.661903789690601,13.601470508735444,14.866068747318506,15.620499351813308,15.556349186104045,14.212670403551895,13.892443989449804,13.0,12.649110640673518,11.180339887498949,9.055385138137417,7.0710678118654755,4.123105625617661,1.0,5.0,10.770329614269007,15.811388300841896,20.8806130178211,23.769728648009426
1787404478.5024822,-70,0.0,29.0,28.42534080710379,26.40075756488817,21.633307652783937,16.55294535724685,12.083045973594572,6.324555320336759,2.8284271247461903,3.1622776601683795,5.0,7.211102550927978,10.0,11.40175425099138,11.661903789690601,13.0,13.92838827718412,13.601470508735444,12.649110640673518,11.704699910719626,9.219544457292887,7.0710678118654755,4.47213595499958,2.23606797749979,1.0,1.4142135623730951,2.0,0.0,0.0,0.0,0.0,0.0,0.0,0.0,0.0,0.0,0.0,0.0,3.605551275463989,3.605551275463989,4.0,4.47213595499958,5.656854249492381,6.708203932499369,8.246211251235321,11.045361017187261,13.038404810405298,15.033296378372908,15.033296378372908,15.132745950421556,15.524174696260024,14.866068747318506,14.317821063276353,13.038404810405298,12.041594578792296,9.899494936611665,6.4031242374328485,3.605551275463989,1.0,5.385164807134504,9.433981132056603,15.620499351813308,23.430749027719962,27.018512172212592
1787404478.5241616,-71,0.0,29.0,28.284271247461902,26.90724809414742,22.67156809750927,17.204650534085253,12.083045973594572,7.0710678118654755,3.605551275463989,6.082762530298219,7.280109889280518,8.94427190999916,10.770329614269007,12.165525060596439,13.152946437965905,13.152946437965905,14.035668847618199,14.035668847618199,12.165525060596439,10.198039027185569,8.06225774829855,8.54400374531753,6.708203932499369,3.605551275463989,1.0,1.0,2.23606797749979,0.0,0.0,0.0,0.0,0.0,0.0,0.0,0.0,0.0,0.0,0.0,2.0,2.23606797749979,2.0,3.1622776601683795,4.242640687119285,7.211102550927978,8.54400374531753,10.44030650891055,12.649110640673518,14.560219778561036,15.297058540778355,15.033296378372908,14.0,13.152946437965905,13.601470508735444,13.0,11.180339887498949,8.602325267042627,5.830951894845301,3.1622776601683795,2.23606797749979,4.47213595499958,9.433981132056603,15.0,20.0,23.430749027719962
1787404479.0576534,-73,0.0,27.294688127912362,27.294688127912362,25.495097567963924,22.561028345356956,18.027756377319946,13.416407864998739,8.48528137423857,6.324555320336759,5.385164807134504,7.810249675906654,9.433981132056603,10.816653826391969,12.806248474865697,13.45362404707371,14.212670403551895,14.866068747318506,14.142135623730951,13.45362404707371,11.40175425099138,10.0,7.211102550927978,5.0,2.23606797749979,1.0,2.23606797749979,3.605551275463989,0.0,0.0,0.0,0.0,0.0,0.0,0.0,0.0,0.0,0.0,0.0,3.0,2.23606797749979,2.0,2.8284271247461903,4.123105625617661,6.082762530298219,8.0,9.055385138137417,11.40175425099138,12.649110640673518,13.0,13.416407864998739,13.038404810405298,12.806248474865697,12.041594578792296,11.40175425099138,9.433981132056603,7.615773105863909,5.385164807134504,2.23606797749979,2.0,6.082762530298219,11.045361017187261,15.132745950421556,20.09975124224178,23.08679276123039
1787404479.1187143,-70,0.0,21.095023109728988,21.213203435596427,21.37755832643195,19.4164878389476,18.681541692269406,17.72004514666935,17.08800749063506,15.811388300841896,13.601470508735444,12.649110640673518,11.40175425099138,11.40175425099138,10.198039027185569,10.198039027185569,10.198039027185569,10.198039027185569,9.219544457292887,9.219544457292887,8.06225774829855,8.06225774829855,8.06225774829855,7.280109889280518,7.280109889280518,6.082762530298219,5.0990195135927845,5.0990195135927845,0.0,0.0,0.0,0.0,0.0,0.0,0.0,0.0,0.0,0.0,0.0,5.0,5.0,5.0,5.385164807134504,5.385164807134504,6.324555320336759,6.708203932499369,7.615773105863909,7.615773105863909,7.615773105863909,8.246211251235321,8.246211251235321,7.0710678118654755,7.0710678118654755,8.06225774829855,12.0,15.297058540778355,11.704699910719626,8.54400374531753,11.045361017187261,13.0,14.035668847618199,16.0312195418814,18.027756377319946,19.026297590440446,20.0
1787404479.230254,-70,0.0,23.706539182259394,22.47220505424423,22.47220505424423,22.20360331117452,21.400934559032695,19.849433241279208,18.439088914585774,16.401219466856727,15.620499351813308,14.866068747318506,13.45362404707371,12.206555615733702,11.661903789690601,11.661903789690601,10.816653826391969,10.295630140987,10.295630140987,9.848857801796104,8.94427190999916,8.94427190999916,8.94427190999916,8.94427190999916,8.06225774829855,7.211102550927978,6.4031242374328485,5.0,0.0,0.0,0.0,0.0,0.0,0.0,0.0,0.0,0.0,0.0,0.0,7.0,7.0,7.0710678118654755,7.0710678118654755,7.280109889280518,7.615773105863909,8.06225774829855,8.06225774829855,8.06225774829855,8.06225774829855,8.602325267042627,8.48528137423857,8.48528137423857,8.602325267042627,8.602325267042627,9.433981132056603,10.295630140987,11.180339887498949,12.649110640673518,12.649110640673518,13.416407864998739,13.892443989449804,16.55294535724685,19.313207915827967,21.540659228538015,21.93171219946131
1787404479.341664,-70,0.0,17.88854381999832,17.88854381999832,17.4928556845359,17.804493814764857,18.027756377319946,17.204650534085253,15.264337522473747,12.083045973594572,10.295630140987,12.041594578792296,9.219544457292887,5.0,6.708203932499369,10.0,9.899494936611665,7.810249675906654,7.0710678118654755,9.219544457292887,8.602325267042627,9.486832980505138,10.816653826391969,10.63014581273465,6.708203932499369,5.0,7.810249675906654,8.06225774829855,0.0,0.0,0.0,0.0,0.0,0.0,0.0,0.0,0.0,0.0,0.0,5.0990195135927845,4.47213595499958,4.47213595499958,5.0,4.242640687119285,5.0,5.0,6.4031242374328485,6.4031242374328485,6.4031242374328485,6.4031242374328485,6.4031242374328485,5.830951894845301,5.830951894845301,6.708203932499369,7.280109889280518,8.246211251235321,8.54400374531753,9.219544457292887,10.198039027185569,12.36931687685298,13.341664064126334,14.560219778561036,15.811388300841896,16.76305461424021,15.811388300841896
1787404480.1308677,-39,0.0,12.0,12.0,12.0,13.038404810405298,12.041594578792296,12.041594578792296,12.165525060596439,12.165525060596439,12.165525060596439,12.36931687685298,12.36931687685298,12.36931687685298,13.601470508735444,13.601470508735444,13.601470508735444,13.601470508735444,14.560219778561036,14.560219778561036,14.560219778561036,14.317821063276353,14.317821063276353,14.317821063276353,14.142135623730951,13.038404810405298,13.0,12.041594578792296,0.0,0.0,0.0,0.0,0.0,0.0,0.0,0.0,0.0,0.0,0.0,10.198039027185569,10.198039027185569,11.40175425099138,11.704699910719626,11.704699910719626,11.704699910719626,12.083045973594572,12.083045973594572,12.083045973594572,12.083045973594572,12.083045973594572,12.083045973594572,12.083045973594572,11.180339887498949,11.704699910719626,11.704699910719626,11.704699910719626,11.40175425099138,11.40175425099138,11.180339887498949,11.180339887498949,12.165525060596439,12.165525060596439,12.165525060596439,12.041594578792296,12.165525060596439
1787404480.1363788,-39,0.0,13.341664064126334,13.341664064126334,13.152946437965905,13.341664064126334,13.341664064126334,13.341664064126334,13.601470508735444,13.601470508735444,13.601470508735444,13.92838827718412,13.416407864998739,14.317821063276353,14.317821063276353,14.7648230602334,14.7648230602334,15.652475842498529,15.231546211727817,15.652475842498529,15.231546211727817,15.231546211727817,14.866068747318506,14.866068747318506,14.866068747318506,14.317821063276353,14.317821063276353,13.152946437965905,0.0,0.0,0.0,0.0,0.0,0.0,0.0,0.0,0.0,0.0,0.0,11.0,11.045361017187261,12.041594578792296,12.165525060596439,12.165525060596439,12.165525060596439,12.36931687685298,12.36931687685298,12.36931687685298,12.36931687685298,12.36931687685298,12.36931687685298,12.36931687685298,12.36931687685298,12.165525060596439,12.165525060596439,12.165525060596439,12.165525060596439,12.041594578792296,12.0,12.0,13.0,13.038404810405298,13.038404810405298,13.038404810405298,13.038404810405298
1787404480.6495128,-72,0.0,31.622776601683793,30.23243291566195,27.459060435491963,24.186773244895647,19.697715603592208,14.317821063276353,8.06225774829855,5.0,7.280109889280518,9.433981132056603,11.40175425099138,13.601470508735444,14.422205101855956,14.7648230602334,14.317821063276353,15.231546211727817,14.866068747318506,13.601470508735444,12.36931687685298,10.198039027185569,9.219544457292887,6.324555320336759,3.1622776601683795,1.4142135623730951,2.0,3.0,0.0,0.0,0.0,0.0,0.0,0.0,0.0,0.0,0.0,0.0,0.0,1.4142135623730951,1.0,2.8284271247461903,5.830951894845301,8.602325267042627,10.816653826391969,12.083045973594572,13.601470508735444,14.560219778561036,16.76305461424021,17.46424919657298,17.26267650163207,16.0312195418814,15.033296378372908,14.142135623730951,12.36931687685298,10.770329614269007,8.94427190999916,7.615773105863909,4.242640687119285,1.0,6.4031242374328485,12.041594578792296,17.69180601295413,22.67156809750927,26.90724809414742
1787404480.8944685,-86,0.0,11.180339887498949,12.083045973594572,13.416407864998739,14.7648230602334,16.1245154965971,16.1245154965971,16.55294535724685,15.652475842498529,15.652475842498529,14.317821063276353,14.7648230602334,12.529964086141668,11.661903789690601,10.816653826391969,10.0,9.899494936611665,10.0,10.0,9.433981132056603,8.94427190999916,8.94427190999916,8.54400374531753,8.246211251235321,7.0710678118654755,7.0,6.0,0.0,0.0,0.0,0.0,0.0,0.0,0.0,0.0,0.0,0.0,0.0,9.0,9.0,9.0,9.0,9.0,8.0,7.0710678118654755,6.324555320336759,6.708203932499369,7.211102550927978,7.810249675906654,8.48528137423857,9.219544457292887,10.63014581273465,11.313708498984761,12.041594578792296,12.806248474865697,12.806248474865697,13.601470508735444,12.806248474865697,12.206555615733702,10.816653826391969,9.433981132056603,8.602325267042627,7.211102550927978,6.4031242374328485
1787404480.973983,-72,0.0,30.14962686336267,29.068883707497267,26.0,21.02379604162864,16.1245154965971,10.770329614269007,7.0710678118654755,5.0990195135927845,7.0710678118654755,9.433981132056603,11.661903789690601,13.038404810405298,14.422205101855956,15.0,15.620499351813308,15.556349186104045,15.620499351813308,15.620499351813308,15.0,13.601470508735444,10.816653826391969,8.602325267042627,5.830951894845301,2.23606797749979,1.0,3.1622776601683795,0.0,0.0,0.0,0.0,0.0,0.0,0.0,0.0,0.0,0.0,0.0,1.0,1.0,2.8284271247461903,4.242640687119285,7.0710678118654755,9.219544457292887,10.63014581273465,13.601470508735444,15.264337522473747,16.1245154965971,17.0,16.55294535724685,16.15549442140351,14.560219778561036,14.317821063276353,13.038404810405298,11.0,9.0,6.082762530298219,2.23606797749979,2.0,6.082762530298219,11.704699910719626,18.027756377319946,23.08679276123039,25.96150997149434
1787404481.972471,-71,0.0,30.01666203960727,29.154759474226502,26.419689627245813,22.847319317591726,18.973665961010276,14.142135623730951,9.055385138137417,5.656854249492381,7.0,9.486832980505138,11.180339887498949,13.038404810405298,13.892443989449804,13.416407864998739,14.317821063276353,14.866068747318506,14.866068747318506,14.317821063276353,12.165525060596439,10.04987562112089,8.0,5.0,2.23606797749979,1.4142135623730951,3.605551275463989,4.47213595499958,0.0,0.0,0.0,0.0,0.0,0.0,0.0,0.0,0.0,0.0,0.0,2.23606797749979,1.4142135623730951,3.0,4.47213595499958,5.830951894845301,7.0710678118654755,9.219544457292887,11.661903789690601,13.416407864998739,14.7648230602334,14.317821063276353,14.866068747318506,13.341664064126334,13.0,12.0,12.0,11.045361017187261,8.246211251235321,4.123105625617661,2.0,2.23606797749979,7.0710678118654755,12.806248474865697,17.804493814764857,22.20360331117452,24.413111231467404
1787404482.004074,-86,0.0,13.601470508735444,13.601470508735444,14.422205101855956,14.422205101855956,14.422205101855956,15.264337522473747,15.264337522473747,15.264337522473747,14.7648230602334,14.7648230602334,14.7648230602334,13.892443989449804,13.038404810405298,12.206555615733702,10.816653826391969,10.63014581273465,10.0,10.0,9.219544457292887,9.219544457292887,7.810249675906654,7.810249675906654,7.211102550927978,6.708203932499369,5.830951894845301,5.385164807134504,0.0,0.0,0.0,0.0,0.0,0.0,0.0,0.0,0.0,0.0,0.0,7.810249675906654,8.602325267042627,8.602325267042627,8.602325267042627,8.602325267042627,8.602325267042627,8.06225774829855,7.615773105863909,8.54400374531753,8.54400374531753,9.486832980505138,10.44030650891055,10.44030650891055,12.649110640673518,13.601470508735444,13.92838827718412,14.866068747318506,13.92838827718412,14.317821063276353,14.317821063276353,13.416407864998739,12.529964086141668,11.661903789690601,10.816653826391969,10.816653826391969,10.0
1787404482.200876,-72,0.0,22.20360331117452,22.20360331117452,22.20360331117452,21.213203435596427,21.213203435596427,20.223748416156685,19.1049731745428,19.235384061671343,24.0,21.587033144922902,13.038404810405298,8.94427190999916,10.295630140987,10.816653826391969,10.0,9.899494936611665,9.219544457292887,9.433981132056603,9.433981132056603,8.94427190999916,8.06225774829855,8.06225774829855,8.602325267042627,8.06225774829855,6.708203932499369,5.830951894845301,0.0,0.0,0.0,0.0,0.0,0.0,0.0,0.0,0.0,0.0,0.0,7.211102550927978,6.708203932499369,6.324555320336759,6.082762530298219,6.0,6.0,6.082762530298219,7.280109889280518,7.280109889280518,8.54400374531753,8.06225774829855,8.06225774829855,7.810249675906654,8.48528137423857,9.219544457292887,9.433981132056603,9.848857801796104,10.770329614269007,11.40175425099138,12.165525060596439,14.035668847618199,15.0,16.0,18.027756377319946,20.09975124224178,21.095023109728988
1787404482.2966535,-71,0.0,30.4138126514911,28.653097563788805,26.076809620810597,22.20360331117452,16.97056274847714,12.529964086141668,8.06225774829855,7.211102550927978,8.94427190999916,10.44030650891055,11.40175425099138,12.649110640673518,13.92838827718412,14.7648230602334,15.811388300841896,15.620499351813308,16.278820596099706,15.556349186104045,13.45362404707371,12.206555615733702,9.433981132056603,7.211102550927978,4.47213595499958,2.0,2.0,2.23606797749979,0.0,0.0,0.0,0.0,0.0,0.0,0.0,0.0,0.0,0.0,0.0,4.123105625617661,2.0,2.0,3.1622776601683795,5.385164807134504,7.280109889280518,9.219544457292887,11.045361017187261,13.038404810405298,14.0,15.033296378372908,15.297058540778355,13.601470508735444,13.416407864998739,12.206555615733702,12.041594578792296,11.313708498984761,9.219544457292887,7.211102550927978,3.1622776601683795,1.0,6.324555320336759,11.704699910719626,17.08800749063506,23.40939982143925,26.92582403567252
1787404482.4499378,-85,0.0,16.15549442140351,15.231546211727817,14.317821063276353,14.317821063276353,13.0,12.083045973594572,11.704699910719626,11.40175425099138,12.165525060596439,12.165525060596439,12.165525060596439,11.180339887498949,11.180339887498949,11.180339887498949,12.041594578792296,11.045361017187261,10.04987562112089,10.0,9.055385138137417,8.06225774829855,7.615773105863909,8.06225774829855,8.06225774829855,7.211102550927978,7.810249675906654,7.810249675906654,0.0,0.0,0.0,0.0,0.0,0.0,0.0,0.0,0.0,0.0,0.0,4.123105625617661,5.0990195135927845,5.830951894845301,5.656854249492381,6.4031242374328485,7.211102550927978,7.615773105863909,8.94427190999916,9.848857801796104,8.54400374531753,9.848857801796104,9.848857801796104,10.295630140987,11.180339887498949,11.661903789690601,12.529964086141668,11.180339887498949,12.083045973594572,12.649110640673518,12.36931687685298,13.341664064126334,14.142135623730951,14.142135623730951,14.142135623730951,15.132745950421556,16.1245154965971
1787404482.4711373,-86,0.0,13.892443989449804,13.892443989449804,13.416407864998739,13.892443989449804,13.892443989449804,13.892443989449804,13.038404810405298,12.806248474865697,12.041594578792296,12.041594578792296,12.806248474865697,13.601470508735444,12.806248474865697,12.206555615733702,12.206555615733702,12.806248474865697,12.806248474865697,11.40175425099138,11.40175425099138,10.0,8.602325267042627,8.06225774829855,7.280109889280518,6.082762530298219,6.0,5.0990195135927845,0.0,0.0,0.0,0.0,0.0,0.0,0.0,0.0,0.0,0.0,0.0,7.615773105863909,8.06225774829855,7.211102550927978,8.602325267042627,10.0,10.63014581273465,12.041594578792296,12.727922061357855,14.212670403551895,14.142135623730951,14.212670403551895,14.212670403551895,13.45362404707371,12.727922061357855,12.041594578792296,12.727922061357855,12.041594578792296,12.041594578792296,12.206555615733702,12.206555615733702,13.601470508735444,14.212670403551895,15.0,15.620499351813308,16.278820596099706,16.278820596099706
1787404483.534525,-69,0.0,30.870698080866262,28.635642126552707,25.495097567963924,21.470910553583888,17.46424919657298,11.40175425099138,5.385164807134504,6.082762530298219,8.06225774829855,8.54400374531753,8.94427190999916,9.433981132056603,11.661903789690601,14.7648230602334,15.652475842498529,15.231546211727817,13.601470508735444,12.36931687685298,10.04987562112089,9.055385138137417,10.0,8.0,3.605551275463989,2.0,1.4142135623730951,1.4142135623730951,0.0,0.0,0.0,0.0,0.0,0.0,0.0,0.0,0.0,0.0,0.0,4.123105625617661,2.0,2.23606797749979,3.1622776601683795,5.0,5.656854249492381,5.830951894845301,8.54400374531753,12.36931687685298,13.601470508735444,14.866068747318506,15.811388300841896,16.1245154965971,15.033296378372908,14.035668847618199,14.035668847618199,12.041594578792296,9.055385138137417,8.06225774829855,5.385164807134504,1.4142135623730951,4.47213595499958,10.0,17.804493814764857,24.698178070456937,25.553864678361276
1787404483.5442786,-70,0.0,29.427877939124322,29.427877939124322,27.459060435491963,24.08318915758459,19.1049731745428,11.40175425099138,7.0710678118654755,7.0,8.06225774829855,9.899494936611665,11.40175425099138,13.45362404707371,14.866068747318506,16.278820596099706,17.204650534085253,16.64331697709324,16.1245154965971,14.317821063276353,13.92838827718412,12.649110640673518,10.44030650891055,7.0710678118654755,4.123105625617661,1.0,1.0,1.4142135623730951,0.0,0.0,0.0,0.0,0.0,0.0,0.0,0.0,0.0,0.0,0.0,3.1622776601683795,2.23606797749979,0.0,2.23606797749979,4.242640687119285,5.656854249492381,9.219544457292887,11.40175425099138,13.601470508735444,15.811388300841896,16.64331697709324,16.1245154965971,14.866068747318506,15.524174696260024,15.297058540778355,15.132745950421556,13.152946437965905,9.055385138137417,6.0,2.23606797749979,2.23606797749979,6.324555320336759,12.36931687685298,18.384776310850235,21.02379604162864,23.769728648009426
1787404483.5690856,-70,0.0,31.400636936215164,30.805843601498726,27.459060435491963,23.323807579381203,17.88854381999832,12.649110640673518,8.0,5.0,6.0,8.06225774829855,10.198039027185569,11.180339887498949,13.152946437965905,14.142135623730951,15.033296378372908,15.0,15.132745950421556,13.341664064126334,12.649110640673518,9.848857801796104,8.06225774829855,5.830951894845301,3.605551275463989,2.0,2.8284271247461903,3.1622776601683795,0.0,0.0,0.0,0.0,0.0,0.0,0.0,0.0,0.0,0.0,0.0,1.4142135623730951,1.0,2.0,3.1622776601683795,4.242640687119285,6.4031242374328485,8.602325267042627,10.295630140987,13.416407864998739,14.317821063276353,15.811388300841896,15.524174696260024,15.297058540778355,15.033296378372908,14.0,13.038404810405298,11.045361017187261,8.06225774829855,5.0,2.23606797749979,3.1622776601683795,7.211102550927978,12.806248474865697,18.384776310850235,23.345235059857504,26.90724809414742
1787404483.5690856,-69,0.0,20.0,21.095023109728988,19.72308292331602,21.633307652783937,24.20743687382041,19.79898987322333,14.7648230602334,13.341664064126334,11.661903789690601,7.810249675906654,5.0,8.94427190999916,11.40175425099138,10.04987562112089,8.246211251235321,8.94427190999916,8.602325267042627,7.810249675906654,6.324555320336759,10.04987562112089,13.152946437965905,9.219544457292887,8.06225774829855,9.219544457292887,5.0,3.1622776601683795,0.0,0.0,0.0,0.0,0.0,0.0,0.0,0.0,0.0,0.0,0.0,5.385164807134504,5.0990195135927845,5.0,6.082762530298219,6.082762530298219,7.280109889280518,7.280109889280518,8.246211251235321,8.54400374531753,9.486832980505138,9.486832980505138,8.54400374531753,8.602325267042627,8.602325267042627,9.219544457292887,9.899494936611665,10.63014581273465,11.313708498984761,12.727922061357855,12.806248474865697,14.212670403551895,15.0,17.204650534085253,17.204650534085253,18.027756377319946,18.867962264113206
1787404483.6546512,-71,0.0,37.33630940518894,36.05551275463989,32.28002478313795,27.892651361962706,21.37755832643195,15.0,9.486832980505138,5.830951894845301,7.0710678118654755,8.94427190999916,11.661903789690601,13.892443989449804,15.652475842498529,16.55294535724685,17.08800749063506,17.08800749063506,15.811388300841896,14.317821063276353,12.041594578792296,10.0,7.0,4.123105625617661,2.23606797749979,1.4142135623730951,3.1622776601683795,4.0,0.0,0.0,0.0,0.0,0.0,0.0,0.0,0.0,0.0,0.0,0.0,2.8284271247461903,2.0,2.8284271247461903,4.47213595499958,8.06225774829855,10.295630140987,12.529964086141668,15.264337522473747,17.204650534085253,19.209372712298546,19.1049731745428,18.439088914585774,16.64331697709324,17.46424919657298,16.76305461424021,16.278820596099706,14.035668847618199,11.0,8.0,5.0990195135927845,1.4142135623730951,5.656854249492381,11.661903789690601,19.235384061671343,25.495097567963924,30.870698080866262
1787404484.1553974,-71,0.0,20.615528128088304,20.615528128088304,20.396078054371138,20.223748416156685,19.235384061671343,18.110770276274835,17.0,15.0,13.038404810405298,11.0,10.0,8.246211251235321,7.280109889280518,7.280109889280518,6.708203932499369,6.708203932499369,6.708203932499369,6.4031242374328485,6.4031242374328485,6.4031242374328485,6.4031242374328485,7.0710678118654755,6.4031242374328485,5.0,5.0,4.242640687119285,0.0,0.0,0.0,0.0,0.0,0.0,0.0,0.0,0.0,0.0,0.0,4.242640687119285,3.605551275463989,4.47213595499958,5.0990195135927845,5.385164807134504,6.324555320336759,7.0710678118654755,7.280109889280518,7.280109889280518,8.246211251235321,8.06225774829855,8.06225774829855,7.0710678118654755,8.0,8.06225774829855,9.219544457292887,9.219544457292887,10.44030650891055,11.704699910719626,12.083045973594572,13.0,13.416407864998739,14.317821063276353,16.55294535724685,18.384776310850235,19.313207915827967
1787404484.1985903,-74,0.0,30.066592756745816,29.154759474226502,26.1725046566048,23.345235059857504,17.72004514666935,11.704699910719626,6.4031242374328485,3.0,5.830951894845301,8.54400374531753,10.44030650891055,11.704699910719626,12.083045973594572,13.416407864998739,13.892443989449804,13.601470508735444,12.806248474865697,12.041594578792296,11.40175425099138,9.433981132056603,8.06225774829855,5.830951894845301,3.1622776601683795,1.0,1.4142135623730951,3.605551275463989,0.0,0.0,0.0,0.0,0.0,0.0,0.0,0.0,0.0,0.0,0.0,1.0,0.0,2.23606797749979,4.0,6.082762530298219,8.246211251235321,10.44030650891055,13.0,14.7648230602334,16.1245154965971,17.0,16.1245154965971,15.811388300841896,14.866068747318506,14.212670403551895,12.806248474865697,11.40175425099138,7.810249675906654,5.656854249492381,2.0,3.1622776601683795,8.06225774829855,14.035668847618199,19.026297590440446,24.0,26.019223662515376
1787404484.20665,-85,0.0,8.246211251235321,9.486832980505138,10.198039027185569,11.180339887498949,12.165525060596439,13.152946437965905,14.142135623730951,15.132745950421556,15.297058540778355,15.297058540778355,14.317821063276353,14.560219778561036,13.92838827718412,12.083045973594572,11.180339887498949,10.295630140987,10.295630140987,9.848857801796104,9.848857801796104,10.44030650891055,9.219544457292887,9.055385138137417,9.055385138137417,8.0,8.0,7.0710678118654755,0.0,0.0,0.0,0.0,0.0,0.0,0.0,0.0,0.0,0.0,0.0,7.211102550927978,8.06225774829855,8.602325267042627,10.0,11.40175425099138,12.206555615733702,12.206555615733702,12.206555615733702,11.661903789690601,11.661903789690601,11.40175425099138,10.63014581273465,10.63014581273465,10.63014581273465,11.313708498984761,11.313708498984761,12.806248474865697,14.212670403551895,15.811388300841896,17.0,17.88854381999832,17.88854381999832,18.384776310850235,17.72004514666935,17.46424919657298,17.26267650163207
1787404484.2226682,-86,0.0,11.180339887498949,11.661903789690601,11.661903789690601,11.661903789690601,11.661903789690601,11.661903789690601,12.206555615733702,13.601470508735444,13.601470508735444,13.601470508735444,13.601470508735444,12.806248474865697,12.806248474865697,12.041594578792296,10.63014581273465,10.63014581273465,10.63014581273465,10.0,9.433981132056603,8.06225774829855,8.54400374531753,7.280109889280518,7.0710678118654755,7.0,7.0,6.082762530298219,0.0,0.0,0.0,0.0,0.0,0.0,0.0,0.0,0.0,0.0,0.0,6.324555320336759,6.708203932499369,7.615773105863909,7.615773105863909,7.280109889280518,8.54400374531753,8.246211251235321,8.54400374531753,8.54400374531753,7.615773105863909,8.246211251235321,8.246211251235321,8.246211251235321,9.486832980505138,10.44030650891055,11.704699910719626,12.36931687685298,14.560219778561036,15.524174696260024,15.297058540778355,16.1245154965971,16.1245154965971,15.033296378372908,14.035668847618199,14.035668847618199,13.0
1787404484.2226682,-87,0.0,12.041594578792296,12.727922061357855,13.45362404707371,14.142135623730951,15.620499351813308,16.401219466856727,16.401219466856727,17.029386365926403,17.204650534085253,16.278820596099706,16.278820596099706,16.278820596099706,15.620499351813308,13.601470508735444,13.038404810405298,11.661903789690601,10.63014581273465,10.0,9.899494936611665,9.219544457292887,9.433981132056603,8.54400374531753,8.54400374531753,8.246211251235321,7.280109889280518,6.082762530298219,0.0,0.0,0.0,0.0,0.0,0.0,0.0,0.0,0.0,0.0,0.0,13.038404810405298,13.038404810405298,13.0,13.0,12.0,12.0,13.0,13.0,12.041594578792296,11.045361017187261,11.045361017187261,11.180339887498949,11.180339887498949,13.038404810405298,14.035668847618199,14.0,16.0,17.0,18.027756377319946,18.027756377319946,18.24828759089466,19.4164878389476,18.681541692269406,19.313207915827967,19.697715603592208,19.235384061671343
1787404484.2226682,-85,0.0,12.36931687685298,12.36931687685298,13.341664064126334,13.341664064126334,13.341664064126334,13.341664064126334,14.317821063276353,14.317821063276353,14.317821063276353,14.560219778561036,14.866068747318506,13.92838827718412,13.0,13.0,12.083045973594572,12.649110640673518,11.40175425099138,11.180339887498949,9.0,9.055385138137417,8.06225774829855,8.246211251235321,7.280109889280518,6.708203932499369,5.830951894845301,6.4031242374328485,0.0,0.0,0.0,0.0,0.0,0.0,0.0,0.0,0.0,0.0,0.0,7.280109889280518,8.06225774829855,8.0,10.0,10.04987562112089,11.045361017187261,11.180339887498949,11.180339887498949,10.198039027185569,10.198039027185569,9.055385138137417,9.055385138137417,8.06225774829855,9.219544457292887,10.44030650891055,11.40175425099138,12.649110640673518,13.92838827718412,14.866068747318506,16.15549442140351,17.08800749063506,17.08800749063506,15.811388300841896,15.297058540778355,14.142135623730951,13.038404810405298
1787404484.2546754,-71,0.0,21.95449840010015,23.323807579381203,23.021728866442675,21.400934559032695,21.400934559032695,19.849433241279208,18.439088914585774,16.278820596099706,15.556349186104045,13.45362404707371,11.40175425099138,10.816653826391969,10.816653826391969,10.295630140987,9.848857801796104,10.770329614269007,10.44030650891055,10.44030650891055,9.219544457292887,10.04987562112089,10.04987562112089,10.198039027185569,9.486832980505138,8.54400374531753,8.246211251235321,8.246211251235321,0.0,0.0,0.0,0.0,0.0,0.0,0.0,0.0,0.0,0.0,0.0,8.246211251235321,7.280109889280518,7.280109889280518,7.211102550927978,8.602325267042627,8.602325267042627,8.602325267042627,9.219544457292887,10.0,10.0,10.0,10.0,10.0,9.899494936611665,9.219544457292887,10.0,11.661903789690601,12.529964086141668,13.416407864998739,13.416407864998739,15.231546211727817,16.76305461424021,18.973665961010276,20.248456731316587,20.248456731316587,20.615528128088304
1787404484.350677,-71,0.0,21.37755832643195,21.37755832643195,21.213203435596427,21.02379604162864,19.026297590440446,18.0,17.0,15.033296378372908,13.038404810405298,12.0,11.045361017187261,10.198039027185569,9.219544457292887,9.486832980505138,9.486832980505138,9.848857801796104,9.848857801796104,9.848857801796104,9.433981132056603,9.433981132056603,9.433981132056603,8.94427190999916,8.54400374531753,8.54400374531753,7.615773105863909,6.708203932499369,0.0,0.0,0.0,0.0,0.0,0.0,0.0,0.0,0.0,0.0,0.0,6.708203932499369,5.830951894845301,5.830951894845301,6.324555320336759,7.0710678118654755,8.06225774829855,8.06225774829855,8.06225774829855,9.055385138137417,9.055385138137417,10.04987562112089,9.055385138137417,9.0,9.0,10.04987562112089,10.198039027185569,11.40175425099138,12.649110640673518,13.601470508735444,13.341664064126334,13.341664064126334,15.524174696260024,16.76305461424021,18.973665961010276,19.924858845171276,20.8806130178211
1787404484.4603183,-70,0.0,21.93171219946131,21.213203435596427,21.93171219946131,22.67156809750927,21.2602916254693,19.209372712298546,17.029386365926403,13.601470508735444,12.529964086141668,12.529964086141668,11.180339887498949,9.433981132056603,12.206555615733702,11.180339887498949,6.4031242374328485,5.385164807134504,8.246211251235321,10.04987562112089,12.083045973594572,11.180339887498949,9.055385138137417,8.246211251235321,8.602325267042627,6.4031242374328485,3.605551275463989,5.0,0.0,0.0,0.0,0.0,0.0,0.0,0.0,0.0,0.0,0.0,0.0,7.0710678118654755,7.0710678118654755,6.0,6.082762530298219,6.082762530298219,6.324555320336759,7.280109889280518,7.615773105863909,7.615773105863909,7.615773105863909,8.54400374531753,8.06225774829855,8.602325267042627,8.48528137423857,9.219544457292887,10.63014581273465,10.63014581273465,12.041594578792296,12.806248474865697,13.038404810405298,13.892443989449804,15.264337522473747,16.64331697709324,18.867962264113206,20.248456731316587,20.808652046684813
1787404485.0129042,-85,0.0,13.0,13.0,13.0,13.92838827718412,13.0,13.0,13.0,12.529964086141668,12.206555615733702,12.041594578792296,12.727922061357855,11.40175425099138,11.661903789690601,11.180339887498949,11.704699910719626,11.180339887498949,12.041594578792296,11.0,11.045361017187261,11.180339887498949,10.198039027185569,10.198039027185569,10.198039027185569,9.219544457292887,8.246211251235321,8.246211251235321,0.0,0.0,0.0,0.0,0.0,0.0,0.0,0.0,0.0,0.0,0.0,8.06225774829855,7.0710678118654755,6.708203932499369,7.0710678118654755,8.0,10.04987562112089,10.04987562112089,10.0,10.198039027185569,9.486832980505138,10.295630140987,10.63014581273465,10.63014581273465,10.295630140987,10.770329614269007,12.165525060596439,12.041594578792296,12.041594578792296,12.0,13.038404810405298,12.36931687685298,14.142135623730951,15.033296378372908,16.0,17.029386365926403,19.1049731745428
1787404485.039685,-84,0.0,14.317821063276353,13.152946437965905,12.041594578792296,12.041594578792296,11.0,11.0,11.045361017187261,11.0,10.04987562112089,10.0,10.0,11.0,11.045361017187261,11.045361017187261,11.180339887498949,11.180339887498949,11.180339887498949,11.180339887498949,10.04987562112089,10.04987562112089,10.04987562112089,9.0,9.055385138137417,9.219544457292887,9.486832980505138,8.94427190999916,0.0,0.0,0.0,0.0,0.0,0.0,0.0,0.0,0.0,0.0,0.0,3.605551275463989,3.605551275463989,5.0990195135927845,5.0,6.082762530298219,7.280109889280518,9.219544457292887,8.06225774829855,9.0,10.0,10.0,9.055385138137417,10.04987562112089,10.44030650891055,10.44030650891055,11.704699910719626,12.649110640673518,13.0,13.0,12.083045973594572,12.529964086141668,13.038404810405298,13.038404810405298,12.806248474865697,13.45362404707371,14.142135623730951
1787404485.273543,-71,0.0,23.706539182259394,23.706539182259394,23.259406699226016,22.847319317591726,22.847319317591726,21.540659228538015,19.924858845171276,17.72004514666935,16.492422502470642,15.524174696260024,13.601470508735444,12.649110640673518,11.704699910719626,12.083045973594572,11.180339887498949,11.180339887498949,10.295630140987,9.848857801796104,8.94427190999916,8.94427190999916,9.433981132056603,8.94427190999916,8.54400374531753,8.54400374531753,7.615773105863909,6.708203932499369,0.0,0.0,0.0,0.0,0.0,0.0,0.0,0.0,0.0,0.0,0.0,7.0710678118654755,7.0710678118654755,7.0,8.06225774829855,8.246211251235321,8.246211251235321,8.246211251235321,9.219544457292887,9.219544457292887,9.486832980505138,10.44030650891055,10.44030650891055,9.486832980505138,9.848857801796104,10.770329614269007,11.180339887498949,12.529964086141668,12.529964086141668,13.038404810405298,15.0,15.0,16.401219466856727,17.804493814764857,20.0,22.80350850198276,23.600847442411894
1787404485.5811148,-85,0.0,11.40175425099138,12.649110640673518,13.341664064126334,13.341664064126334,13.341664064126334,14.317821063276353,13.341664064126334,12.36931687685298,12.36931687685298,11.704699910719626,11.704699910719626,10.770329614269007,10.295630140987,10.295630140987,10.295630140987,10.295630140987,10.295630140987,9.433981132056603,9.433981132056603,8.94427190999916,8.06225774829855,7.211102550927978,6.4031242374328485,6.4031242374328485,5.656854249492381,5.830951894845301,0.0,0.0,0.0,0.0,0.0,0.0,0.0,0.0,0.0,0.0,0.0,4.242640687119285,4.242640687119285,5.385164807134504,5.830951894845301,6.708203932499369,8.06225774829855,8.06225774829855,8.06225774829855,9.433981132056603,9.433981132056603,9.433981132056603,10.0,9.433981132056603,10.0,10.0,10.63014581273465,10.63014581273465,10.63014581273465,11.313708498984761,11.313708498984761,11.313708498984761,12.041594578792296,11.40175425099138,11.40175425099138,10.816653826391969,11.661903789690601
1787404485.597047,-86,0.0,13.152946437965905,14.035668847618199,14.035668847618199,14.035668847618199,14.0,14.0,14.0,13.038404810405298,13.152946437965905,13.152946437965905,12.36931687685298,12.649110640673518,11.704699910719626,12.083045973594572,12.529964086141668,12.529964086141668,12.529964086141668,13.038404810405298,11.661903789690601,11.661903789690601,10.816653826391969,10.0,9.219544457292887,8.48528137423857,7.810249675906654,7.211102550927978,0.0,0.0,0.0,0.0,0.0,0.0,0.0,0.0,0.0,0.0,0.0,6.4031242374328485,5.830951894845301,6.324555320336759,7.280109889280518,8.06225774829855,9.0,10.04987562112089,12.165525060596439,12.165525060596439,12.041594578792296,13.038404810405298,14.035668847618199,14.035668847618199,14.142135623730951,14.142135623730951,13.152946437965905,12.36931687685298,12.649110640673518,13.0,12.083045973594572,11.704699910719626,12.083045973594572,12.083045973594572,11.704699910719626,12.36931687685298,12.36931687685298
1787404485.9945893,-71,0.0,27.202941017470888,27.202941017470888,25.612496949731394,22.02271554554524,17.69180601295413,12.806248474865697,7.615773105863909,4.123105625617661,5.0990195135927845,8.06225774829855,10.198039027185569,12.36931687685298,14.317821063276353,16.1245154965971,17.029386365926403,17.0,16.0312195418814,15.132745950421556,14.142135623730951,13.152946437965905,11.045361017187261,8.06225774829855,5.0,3.1622776601683795,1.0,1.4142135623730951,0.0,0.0,0.0,0.0,0.0,0.0,0.0,0.0,0.0,0.0,0.0,4.47213595499958,2.0,1.0,1.4142135623730951,4.123105625617661,6.082762530298219,9.0,11.0,14.0,15.033296378372908,16.1245154965971,16.278820596099706,15.524174696260024,15.811388300841896,15.652475842498529,14.7648230602334,12.529964086141668,10.816653826391969,7.211102550927978,4.47213595499958,1.4142135623730951,5.385164807134504,10.295630140987,16.1245154965971,20.591260281974,23.323807579381203
1787404486.4235394,-84,0.0,7.615773105863909,7.615773105863909,8.54400374531753,8.54400374531753,8.54400374531753,8.54400374531753,8.54400374531753,8.54400374531753,8.54400374531753,7.615773105863909,7.615773105863909,7.615773105863909,7.280109889280518,7.280109889280518,7.280109889280518,6.324555320336759,6.324555320336759,6.324555320336759,6.708203932499369,5.830951894845301,5.830951894845301,5.830951894845301,5.0,5.656854249492381,5.656854249492381,5.656854249492381,0.0,0.0,0.0,0.0,0.0,0.0,0.0,0.0,0.0,0.0,0.0,8.06225774829855,6.708203932499369,5.830951894845301,5.385164807134504,4.47213595499958,4.47213595499958,3.605551275463989,5.0,5.0,4.47213595499958,5.0,5.0,5.656854249492381,6.4031242374328485,7.0710678118654755,7.0710678118654755,7.810249675906654,7.810249675906654,8.48528137423857,8.48528137423857,8.48528137423857,9.219544457292887,9.219544457292887,8.602325267042627,8.602325267042627,8.602325267042627
1787404486.975232,-84,0.0,14.142135623730951,15.132745950421556,16.0312195418814,15.033296378372908,15.033296378372908,15.132745950421556,14.317821063276353,14.560219778561036,13.601470508735444,13.601470508735444,13.0,13.0,13.0,11.704699910719626,11.704699910719626,12.36931687685298,11.40175425099138,11.40175425099138,11.180339887498949,9.055385138137417,9.055385138137417,9.055385138137417,8.246211251235321,8.54400374531753,8.06225774829855,9.219544457292887,0.0,0.0,0.0,0.0,0.0,0.0,0.0,0.0,0.0,0.0,0.0,7.0710678118654755,8.246211251235321,8.246211251235321,8.54400374531753,8.54400374531753,8.94427190999916,8.06225774829855,8.602325267042627,10.0,10.63014581273465,10.63014581273465,11.313708498984761,12.727922061357855,14.142135623730951,14.866068747318506,16.401219466856727,17.204650534085253,17.204650534085253,16.64331697709324,16.64331697709324,15.652475842498529,14.7648230602334,14.317821063276353,13.92838827718412,13.0,11.704699910719626
1787404487.3550878,-71,0.0,27.294688127912362,25.942243542145693,24.186773244895647,21.095023109728988,16.64331697709324,12.041594578792296,7.211102550927978,4.0,5.0,7.0710678118654755,9.055385138137417,11.180339887498949,13.152946437965905,15.297058540778355,15.524174696260024,15.524174696260024,14.560219778561036,13.92838827718412,12.083045973594572,10.770329614269007,7.615773105863909,5.385164807134504,2.0,1.0,2.8284271247461903,3.605551275463989,0.0,0.0,0.0,0.0,0.0,0.0,0.0,0.0,0.0,0.0,0.0,2.23606797749979,0.0,2.23606797749979,4.47213595499958,6.324555320336759,8.246211251235321,11.045361017187261,13.038404810405298,14.0,16.0312195418814,16.0312195418814,16.1245154965971,15.524174696260024,15.811388300841896,14.317821063276353,13.416407864998739,11.661903789690601,9.433981132056603,5.830951894845301,3.1622776601683795,2.23606797749979,6.082762530298219,11.40175425099138,15.811388300841896,20.248456731316587,23.769728648009426
1787404487.3775349,-71,0.0,33.24154027718932,31.827660925679098,28.319604517012593,24.839484696748443,20.0,14.422205101855956,9.486832980505138,6.082762530298219,5.830951894845301,8.06225774829855,11.0,13.038404810405298,15.033296378372908,17.11724276862369,18.24828759089466,18.439088914585774,18.681541692269406,18.027756377319946,15.811388300841896,13.601470508735444,11.40175425099138,8.246211251235321,5.0,1.4142135623730951,2.23606797749979,5.0,0.0,0.0,0.0,0.0,0.0,0.0,0.0,0.0,0.0,0.0,0.0,3.605551275463989,2.0,1.0,2.8284271247461903,5.656854249492381,8.602325267042627,11.661903789690601,13.416407864998739,16.15549442140351,17.08800749063506,17.72004514666935,18.439088914585774,18.110770276274835,18.0,17.029386365926403,15.132745950421556,13.341664064126334,10.198039027185569,7.0710678118654755,3.0,2.23606797749979,7.211102550927978,12.806248474865697,18.601075237738275,24.20743687382041,27.65863337187866
1787404487.5345402,-85,0.0,7.0,8.0,9.055385138137417,10.04987562112089,10.0,11.0,11.0,11.045361017187261,12.041594578792296,11.045361017187261,11.0,11.0,11.045361017187261,11.045361017187261,11.045361017187261,10.04987562112089,9.055385138137417,9.055385138137417,8.06225774829855,8.246211251235321,7.280109889280518,6.324555320336759,5.385164807134504,4.47213595499958,3.605551275463989,3.605551275463989,0.0,0.0,0.0,0.0,0.0,0.0,0.0,0.0,0.0,0.0,0.0,6.324555320336759,7.615773105863909,8.06225774829855,8.602325267042627,8.602325267042627,7.810249675906654,7.0710678118654755,6.4031242374328485,8.06225774829855,8.06225774829855,6.708203932499369,6.324555320336759,6.324555320336759,8.54400374531753,9.486832980505138,10.770329614269007,12.083045973594572,12.083045973594572,12.529964086141668,14.317821063276353,13.892443989449804,13.601470508735444,13.45362404707371,12.727922061357855,12.806248474865697,12.806248474865697
1787404487.5430834,-85,0.0,11.180339887498949,10.04987562112089,11.045361017187261,11.045361017187261,11.045361017187261,11.045361017187261,10.44030650891055,10.198039027185569,11.180339887498949,10.44030650891055,9.486832980505138,9.219544457292887,8.54400374531753,8.54400374531753,8.06225774829855,8.06225774829855,7.810249675906654,7.0710678118654755,7.810249675906654,7.211102550927978,7.211102550927978,6.708203932499369,6.324555320336759,6.082762530298219,6.082762530298219,6.0,0.0,0.0,0.0,0.0,0.0,0.0,0.0,0.0,0.0,0.0,0.0,6.708203932499369,8.06225774829855,9.433981132056603,10.816653826391969,10.0,11.40175425099138,10.63014581273465,10.0,9.433981132056603,9.433981132056603,8.602325267042627,6.708203932499369,6.324555320336759,7.280109889280518,8.06225774829855,9.055385138137417,10.04987562112089,10.0,12.0,12.0,13.038404810405298,13.038404810405298,13.038404810405298,13.038404810405298,13.038404810405298,12.041594578792296
1787404487.574661,-85,0.0,9.848857801796104,11.180339887498949,12.083045973594572,12.529964086141668,13.892443989449804,15.264337522473747,14.422205101855956,14.866068747318506,14.212670403551895,14.866068747318506,13.45362404707371,14.142135623730951,13.45362404707371,12.041594578792296,11.40175425099138,10.816653826391969,10.816653826391969,10.295630140987,8.94427190999916,8.94427190999916,8.94427190999916,8.06225774829855,8.06225774829855,9.219544457292887,9.219544457292887,9.219544457292887,0.0,0.0,0.0,0.0,0.0,0.0,0.0,0.0,0.0,0.0,0.0,7.0710678118654755,8.602325267042627,8.602325267042627,9.433981132056603,10.295630140987,10.295630140987,10.0,10.0,11.40175425099138,9.219544457292887,9.219544457292887,7.810249675906654,7.810249675906654,7.810249675906654,9.219544457292887,10.63014581273465,12.041594578792296,12.041594578792296,13.45362404707371,13.45362404707371,12.727922061357855,12.806248474865697,12.206555615733702,11.180339887498949,10.44030650891055,11.180339887498949
1787404488.1619253,-39,0.0,12.649110640673518,12.649110640673518,12.36931687685298,12.649110640673518,12.649110640673518,12.649110640673518,13.0,12.083045973594572,13.416407864998739,12.529964086141668,12.529964086141668,13.038404810405298,13.892443989449804,13.892443989449804,13.892443989449804,14.422205101855956,13.892443989449804,14.422205101855956,14.422205101855956,14.7648230602334,14.7648230602334,14.317821063276353,13.92838827718412,13.601470508735444,13.601470508735444,13.341664064126334,0.0,0.0,0.0,0.0,0.0,0.0,0.0,0.0,0.0,0.0,0.0,11.045361017187261,11.045361017187261,12.0,12.0,12.041594578792296,13.038404810405298,13.038404810405298,13.152946437965905,13.152946437965905,13.152946437965905,13.152946437965905,13.152946437965905,12.165525060596439,12.165525060596439,12.041594578792296,12.041594578792296,12.041594578792296,12.041594578792296,12.0,12.0,12.041594578792296,12.041594578792296,12.041594578792296,13.038404810405298,13.152946437965905,13.038404810405298
1787404488.3459406,-84,0.0,13.416407864998739,13.892443989449804,14.422205101855956,13.601470508735444,14.212670403551895,14.212670403551895,14.142135623730951,13.45362404707371,13.45362404707371,12.727922061357855,12.041594578792296,12.041594578792296,11.313708498984761,11.313708498984761,11.313708498984761,10.63014581273465,10.0,9.433981132056603,10.295630140987,8.94427190999916,9.219544457292887,9.219544457292887,8.06225774829855,8.06225774829855,8.0,8.06225774829855,0.0,0.0,0.0,0.0,0.0,0.0,0.0,0.0,0.0,0.0,0.0,8.246211251235321,8.54400374531753,8.06225774829855,8.06225774829855,7.810249675906654,8.48528137423857,8.602325267042627,8.94427190999916,9.486832980505138,9.486832980505138,10.44030650891055,11.704699910719626,11.704699910719626,13.0,13.92838827718412,13.92838827718412,13.92838827718412,14.317821063276353,15.231546211727817,14.317821063276353,14.317821063276353,14.7648230602334,14.7648230602334,14.7648230602334,15.264337522473747,15.811388300841896
1787404488.554202,-71,0.0,22.67156809750927,22.67156809750927,22.02271554554524,21.400934559032695,20.808652046684813,19.4164878389476,17.4928556845359,16.1245154965971,14.7648230602334,13.892443989449804,12.206555615733702,11.40175425099138,10.63014581273465,10.63014581273465,10.63014581273465,9.899494936611665,9.219544457292887,8.602325267042627,8.06225774829855,8.06225774829855,8.06225774829855,8.94427190999916,9.433981132056603,8.602325267042627,7.211102550927978,7.211102550927978,0.0,0.0,0.0,0.0,0.0,0.0,0.0,0.0,0.0,0.0,0.0,6.324555320336759,6.082762530298219,7.0,8.0,8.0,7.0,6.082762530298219,6.082762530298219,6.082762530298219,6.082762530298219,6.324555320336759,6.708203932499369,6.4031242374328485,7.211102550927978,8.602325267042627,9.219544457292887,10.63014581273465,11.40175425099138,12.806248474865697,13.45362404707371,15.0,14.422205101855956,16.64331697709324,19.209372712298546,20.615528128088304,21.2602916254693
1787404488.8496833,-85,0.0,12.165525060596439,11.180339887498949,11.180339887498949,11.180339887498949,11.180339887498949,11.180339887498949,11.180339887498949,12.041594578792296,13.038404810405298,13.038404810405298,13.038404810405298,13.038404810405298,12.041594578792296,12.041594578792296,11.0,11.045361017187261,10.04987562112089,10.04987562112089,9.055385138137417,9.055385138137417,8.0,7.0,7.0,7.0,6.082762530298219,6.082762530298219,0.0,0.0,0.0,0.0,0.0,0.0,0.0,0.0,0.0,0.0,0.0,6.082762530298219,7.0710678118654755,8.06225774829855,8.06225774829855,8.246211251235321,8.246211251235321,8.246211251235321,9.219544457292887,8.54400374531753,9.848857801796104,8.54400374531753,8.06225774829855,8.06225774829855,9.433981132056603,9.433981132056603,10.816653826391969,11.40175425099138,11.661903789690601,12.206555615733702,13.038404810405298,13.892443989449804,13.038404810405298,12.529964086141668,11.180339887498949,11.180339887498949,9.848857801796104
1787404488.872157,-85,0.0,8.06225774829855,9.0,9.0,11.0,11.0,12.0,12.0,13.0,13.0,13.038404810405298,13.0,12.0,11.045361017187261,11.0,10.0,9.0,8.0,7.0,7.0,6.082762530298219,6.324555320336759,6.4031242374328485,6.4031242374328485,7.211102550927978,7.615773105863909,8.54400374531753,0.0,0.0,0.0,0.0,0.0,0.0,0.0,0.0,0.0,0.0,0.0,8.06225774829855,8.246211251235321,8.246211251235321,8.94427190999916,9.433981132056603,9.433981132056603,10.0,9.219544457292887,8.48528137423857,8.48528137423857,8.48528137423857,8.48528137423857,8.48528137423857,9.899494936611665,11.313708498984761,11.313708498984761,13.45362404707371,14.212670403551895,13.45362404707371,13.45362404707371,13.601470508735444,13.038404810405298,11.661903789690601,10.770329614269007,10.770329614269007,10.44030650891055
1787404488.9469876,-69,0.0,27.784887978899608,27.730849247724095,24.166091947189145,19.697715603592208,14.560219778561036,12.0,9.055385138137417,4.47213595499958,5.0,8.54400374531753,11.704699910719626,12.36931687685298,12.165525060596439,11.045361017187261,12.041594578792296,14.142135623730951,14.142135623730951,13.341664064126334,11.704699910719626,9.848857801796104,8.94427190999916,6.708203932499369,4.123105625617661,1.0,2.0,2.23606797749979,0.0,0.0,0.0,0.0,0.0,0.0,0.0,0.0,0.0,0.0,0.0,4.47213595499958,2.8284271247461903,1.4142135623730951,1.0,4.123105625617661,5.0990195135927845,7.0710678118654755,9.219544457292887,10.44030650891055,12.083045973594572,12.083045973594572,12.529964086141668,12.041594578792296,11.40175425099138,11.661903789690601,12.083045973594572,10.44030650891055,9.219544457292887,7.280109889280518,3.1622776601683795,1.0,5.385164807134504,9.848857801796104,14.317821063276353,17.46424919657298,21.93171219946131
1787404489.1590834,-71,0.0,23.430749027719962,22.80350850198276,22.20360331117452,21.633307652783937,20.591260281974,20.12461179749811,18.788294228055936,16.55294535724685,14.7648230602334,13.416407864998739,12.083045973594572,11.661903789690601,10.816653826391969,10.816653826391969,10.0,9.219544457292887,8.48528137423857,7.810249675906654,7.810249675906654,7.810249675906654,7.211102550927978,7.211102550927978,6.4031242374328485,6.4031242374328485,5.0,4.47213595499958,0.0,0.0,0.0,0.0,0.0,0.0,0.0,0.0,0.0,0.0,0.0,8.06225774829855,8.06225774829855,8.0,8.0,7.0,7.0710678118654755,8.06225774829855,9.055385138137417,9.055385138137417,9.0,9.0,8.0,8.06225774829855,8.54400374531753,8.06225774829855,9.433981132056603,10.0,10.63014581273465,12.041594578792296,12.727922061357855,13.45362404707371,14.866068747318506,16.97056274847714,18.384776310850235,20.518284528683193,21.93171219946131
1787404489.2687252,-70,0.0,25.553864678361276,26.076809620810597,25.238858928247925,24.20743687382041,22.80350850198276,21.2602916254693,19.79898987322333,17.69180601295413,16.278820596099706,14.142135623730951,12.727922061357855,12.041594578792296,11.40175425099138,10.63014581273465,9.219544457292887,8.602325267042627,8.06225774829855,7.615773105863909,7.615773105863909,7.0710678118654755,8.246211251235321,8.246211251235321,6.082762530298219,6.082762530298219,5.0990195135927845,4.0,0.0,0.0,0.0,0.0,0.0,0.0,0.0,0.0,0.0,0.0,0.0,7.0,7.0710678118654755,7.0710678118654755,8.246211251235321,8.246211251235321,7.615773105863909,8.06225774829855,8.06225774829855,8.94427190999916,9.433981132056603,9.433981132056603,9.219544457292887,9.219544457292887,9.219544457292887,10.0,10.816653826391969,11.661903789690601,12.529964086141668,13.416407864998739,14.317821063276353,15.231546211727817,17.08800749063506,18.973665961010276,21.18962010041709,22.847319317591726,24.166091947189145
1787404489.284437,-70,0.0,30.479501308256342,29.068883707497267,26.40075756488817,21.633307652783937,17.4928556845359,12.649110640673518,8.0,5.0,6.082762530298219,9.219544457292887,10.44030650891055,12.36931687685298,13.341664064126334,14.142135623730951,14.0,13.038404810405298,12.165525060596439,12.649110640673518,10.770329614269007,8.54400374531753,7.280109889280518,5.385164807134504,2.0,2.0,1.4142135623730951,4.0,0.0,0.0,0.0,0.0,0.0,0.0,0.0,0.0,0.0,0.0,0.0,5.0,2.0,0.0,2.23606797749979,3.605551275463989,5.0,8.48528137423857,10.63014581273465,12.206555615733702,14.422205101855956,15.264337522473747,15.652475842498529,14.560219778561036,14.142135623730951,14.0,13.038404810405298,12.165525060596439,10.198039027185569,7.280109889280518,4.0,2.23606797749979,5.385164807134504,10.0,16.278820596099706,21.213203435596427,24.041630560342615
1787404489.3633893,-71,0.0,24.20743687382041,23.430749027719962,23.345235059857504,21.93171219946131,21.213203435596427,19.849433241279208,17.804493814764857,16.401219466856727,15.0,13.601470508735444,12.041594578792296,10.63014581273465,9.899494936611665,9.219544457292887,8.602325267042627,8.602325267042627,8.06225774829855,6.708203932499369,7.615773105863909,7.280109889280518,7.280109889280518,7.280109889280518,7.280109889280518,6.324555320336759,5.385164807134504,5.385164807134504,0.0,0.0,0.0,0.0,0.0,0.0,0.0,0.0,0.0,0.0,0.0,7.0,7.0710678118654755,7.280109889280518,7.280109889280518,8.54400374531753,8.54400374531753,8.94427190999916,9.848857801796104,9.848857801796104,9.848857801796104,9.848857801796104,9.848857801796104,9.433981132056603,9.219544457292887,9.899494936611665,11.313708498984761,12.041594578792296,12.806248474865697,12.806248474865697,12.806248474865697,13.038404810405298,15.652475842498529,17.0,19.235384061671343,21.95449840010015,22.47220505424423
1787404489.478311,-71,0.0,24.041630560342615,21.93171219946131,21.2602916254693,21.400934559032695,20.808652046684813,19.4164878389476,17.4928556845359,16.1245154965971,14.7648230602334,13.416407864998739,11.180339887498949,10.295630140987,9.433981132056603,9.219544457292887,9.899494936611665,9.899494936611665,10.63014581273465,11.40175425099138,10.0,8.602325267042627,7.211102550927978,6.4031242374328485,6.4031242374328485,6.4031242374328485,5.830951894845301,5.830951894845301,0.0,0.0,0.0,0.0,0.0,0.0,0.0,0.0,0.0,0.0,0.0,9.0,8.06225774829855,7.280109889280518,8.246211251235321,8.246211251235321,8.54400374531753,8.94427190999916,8.94427190999916,8.94427190999916,9.848857801796104,9.848857801796104,9.848857801796104,8.94427190999916,9.433981132056603,10.0,10.63014581273465,11.313708498984761,11.313708498984761,12.727922061357855,12.727922061357855,13.601470508735444,15.811388300841896,17.204650534085253,18.601075237738275,20.0,21.400934559032695
1787404490.1343832,-87,0.0,9.899494936611665,10.63014581273465,10.0,10.63014581273465,10.0,9.433981132056603,10.816653826391969,11.40175425099138,12.529964086141668,12.529964086141668,11.180339887498949,12.083045973594572,12.083045973594572,11.180339887498949,11.661903789690601,11.180339887498949,12.083045973594572,11.180339887498949,11.180339887498949,10.295630140987,9.848857801796104,7.615773105863909,7.280109889280518,6.082762530298219,4.0,2.0,0.0,0.0,0.0,0.0,0.0,0.0,0.0,0.0,0.0,0.0,0.0,10.0,9.219544457292887,7.810249675906654,7.615773105863909,7.280109889280518,8.06225774829855,8.06225774829855,8.06225774829855,9.219544457292887,9.486832980505138,9.848857801796104,10.770329614269007,11.180339887498949,10.770329614269007,11.704699910719626,12.36931687685298,12.36931687685298,12.165525060596439,12.041594578792296,13.038404810405298,12.041594578792296,12.041594578792296,12.041594578792296,12.165525060596439,12.165525060596439,12.165525060596439
1787404491.3076992,-70,0.0,29.154759474226502,28.284271247461902,26.476404589747453,21.587033144922902,16.76305461424021,11.180339887498949,5.830951894845301,1.4142135623730951,5.0990195135927845,7.0710678118654755,9.055385138137417,10.44030650891055,11.704699910719626,12.529964086141668,13.038404810405298,13.601470508735444,13.45362404707371,12.041594578792296,12.206555615733702,10.816653826391969,9.433981132056603,7.211102550927978,5.385164807134504,2.23606797749979,1.0,2.0,0.0,0.0,0.0,0.0,0.0,0.0,0.0,0.0,0.0,0.0,0.0,1.4142135623730951,1.0,2.23606797749979,3.1622776601683795,4.47213595499958,5.830951894845301,7.810249675906654,9.899494936611665,12.806248474865697,15.0,17.204650534085253,18.027756377319946,17.4928556845359,17.0,16.55294535724685,16.15549442140351,14.866068747318506,12.083045973594572,8.94427190999916,5.656854249492381,3.1622776601683795,6.708203932499369,11.40175425099138,17.26267650163207,23.08679276123039,26.076809620810597
1787404491.418345,-71,0.0,30.528675044947494,29.68164415931166,27.202941017470888,22.80350850198276,18.439088914585774,13.45362404707371,8.54400374531753,5.0990195135927845,5.0,7.0710678118654755,9.055385138137417,11.045361017187261,12.165525060596439,13.341664064126334,13.92838827718412,14.317821063276353,14.7648230602334,13.892443989449804,13.038404810405298,11.40175425099138,10.0,7.810249675906654,5.0,2.0,2.23606797749979,3.0,0.0,0.0,0.0,0.0,0.0,0.0,0.0,0.0,0.0,0.0,0.0,2.8284271247461903,1.0,1.4142135623730951,3.605551275463989,5.385164807134504,7.0710678118654755,8.06225774829855,10.0,11.045361017187261,12.041594578792296,12.36931687685298,13.0,15.811388300841896,16.278820596099706,12.727922061357855,11.313708498984761,10.63014581273465,8.48528137423857,5.656854249492381,2.23606797749979,2.0,7.280109889280518,11.704699910719626,17.46424919657298,22.360679774997898,25.942243542145693
1787404492.5430167,-71,0.0,22.360679774997898,21.93171219946131,21.93171219946131,20.615528128088304,18.973665961010276,18.973665961010276,16.76305461424021,14.560219778561036,13.341664064126334,11.40175425099138,10.44030650891055,9.486832980505138,8.94427190999916,9.433981132056603,9.433981132056603,8.602325267042627,9.219544457292887,8.48528137423857,8.48528137423857,8.48528137423857,8.48528137423857,8.48528137423857,7.810249675906654,7.810249675906654,7.810249675906654,6.4031242374328485,0.0,0.0,0.0,0.0,0.0,0.0,0.0,0.0,0.0,0.0,0.0,7.280109889280518,7.0710678118654755,7.0710678118654755,7.0710678118654755,8.0,8.0,8.0,9.055385138137417,9.0,8.0,9.0,9.0,9.055385138137417,8.54400374531753,8.54400374531753,9.848857801796104,10.770329614269007,11.180339887498949,11.661903789690601,13.038404810405298,13.601470508735444,15.0,16.401219466856727,17.804493814764857,19.4164878389476,20.248456731316587
1787404492.738346,-69,0.0,29.832867780352597,28.319604517012593,26.1725046566048,21.93171219946131,17.804493814764857,11.661903789690601,6.324555320336759,3.605551275463989,5.0,7.280109889280518,9.219544457292887,10.44030650891055,12.165525060596439,14.142135623730951,15.033296378372908,16.0,16.0312195418814,16.0312195418814,14.142135623730951,13.152946437965905,11.180339887498949,9.055385138137417,6.082762530298219,3.1622776601683795,1.0,1.4142135623730951,0.0,0.0,0.0,0.0,0.0,0.0,0.0,0.0,0.0,0.0,0.0,5.0,3.0,2.0,0.0,3.0,5.0990195135927845,7.615773105863909,10.770329614269007,13.0,15.231546211727817,16.15549442140351,16.15549442140351,16.1245154965971,15.0,15.620499351813308,13.45362404707371,11.313708498984761,8.48528137423857,5.0,2.23606797749979,1.4142135623730951,6.4031242374328485,11.661903789690601,16.64331697709324,22.20360331117452,25.0
1787404492.7775877,-71,0.0,28.42534080710379,27.65863337187866,25.45584412271571,21.93171219946131,17.804493814764857,11.661903789690601,6.324555320336759,2.23606797749979,4.123105625617661,7.615773105863909,9.848857801796104,10.44030650891055,11.40175425099138,13.341664064126334,15.297058540778355,16.1245154965971,16.0312195418814,16.0,15.0,13.0,12.0,9.0,6.082762530298219,3.1622776601683795,1.0,1.4142135623730951,0.0,0.0,0.0,0.0,0.0,0.0,0.0,0.0,0.0,0.0,0.0,5.0990195135927845,3.0,1.0,1.0,3.1622776601683795,6.324555320336759,9.486832980505138,12.649110640673518,14.866068747318506,15.811388300841896,16.76305461424021,16.15549442140351,15.652475842498529,15.264337522473747,15.0,13.45362404707371,11.313708498984761,9.219544457292887,6.4031242374328485,3.1622776601683795,1.0,6.4031242374328485,11.40175425099138,16.401219466856727,21.400934559032695,24.20743687382041
1787404492.7876205,-71,0.0,30.4138126514911,27.65863337187866,25.612496949731394,22.20360331117452,17.4928556845359,12.083045973594572,7.0710678118654755,3.605551275463989,4.123105625617661,7.211102550927978,10.0,11.661903789690601,13.038404810405298,14.317821063276353,16.15549442140351,15.811388300841896,15.811388300841896,16.492422502470642,15.297058540778355,14.317821063276353,11.180339887498949,8.246211251235321,5.0990195135927845,3.0,1.4142135623730951,1.0,0.0,0.0,0.0,0.0,0.0,0.0,0.0,0.0,0.0,0.0,0.0,5.0990195135927845,4.123105625617661,1.4142135623730951,1.0,3.605551275463989,6.708203932499369,10.295630140987,12.529964086141668,14.7648230602334,16.55294535724685,17.46424919657298,17.0,16.1245154965971,15.811388300841896,15.620499351813308,13.45362404707371,12.041594578792296,9.219544457292887,5.830951894845301,2.23606797749979,2.23606797749979,7.0710678118654755,12.041594578792296,17.804493814764857,21.2602916254693,24.839484696748443
1787404493.5638862,-72,0.0,22.80350850198276,22.67156809750927,23.345235059857504,21.213203435596427,20.518284528683193,19.849433241279208,18.601075237738275,15.811388300841896,14.422205101855956,12.206555615733702,11.40175425099138,10.0,9.219544457292887,9.219544457292887,9.219544457292887,7.810249675906654,7.211102550927978,6.708203932499369,6.324555320336759,6.324555320336759,7.0710678118654755,7.0710678118654755,6.082762530298219,5.0990195135927845,5.0,5.0,0.0,0.0,0.0,0.0,0.0,0.0,0.0,0.0,0.0,0.0,0.0,8.246211251235321,8.246211251235321,8.06225774829855,8.0,8.0,8.06225774829855,8.06225774829855,7.0710678118654755,8.246211251235321,8.54400374531753,8.54400374531753,8.54400374531753,8.54400374531753,8.06225774829855,8.602325267042627,9.219544457292887,9.899494936611665,9.899494936611665,11.40175425099138,12.206555615733702,12.529964086141668,14.7648230602334,17.0,18.867962264113206,20.248456731316587,20.808652046684813
1787404494.2431843,-89,0.0,11.40175425099138,12.206555615733702,14.422205101855956,15.0,15.811388300841896,17.204650534085253,17.204650534085253,18.027756377319946,17.204650534085253,17.204650534085253,17.204650534085253,15.0,13.601470508735444,11.180339887498949,10.770329614269007,9.486832980505138,8.06225774829855,7.0,7.0710678118654755,6.324555320336759,6.708203932499369,7.211102550927978,6.708203932499369,7.211102550927978,6.4031242374328485,6.4031242374328485,0.0,0.0,0.0,0.0,0.0,0.0,0.0,0.0,0.0,0.0,0.0,7.615773105863909,7.615773105863909,8.54400374531753,7.615773105863909,7.615773105863909,8.06225774829855,7.810249675906654,7.810249675906654,7.810249675906654,8.602325267042627,8.94427190999916,8.54400374531753,7.280109889280518,7.280109889280518,7.280109889280518,6.082762530298219,6.0,5.0,5.0990195135927845,5.385164807134504,4.47213595499958,5.830951894845301,5.0,5.0,5.656854249492381,5.830951894845301
1787404494.274912,-73,0.0,25.179356624028344,24.186773244895647,23.08679276123039,21.0,20.024984394500787,19.1049731745428,18.24828759089466,16.278820596099706,14.142135623730951,13.152946437965905,11.045361017187261,10.0,9.0,8.06225774829855,8.06225774829855,7.280109889280518,7.280109889280518,6.708203932499369,5.830951894845301,5.830951894845301,5.830951894845301,5.830951894845301,5.830951894845301,5.830951894845301,5.0,4.242640687119285,0.0,0.0,0.0,0.0,0.0,0.0,0.0,0.0,0.0,0.0,0.0,10.0,8.602325267042627,7.810249675906654,7.810249675906654,7.0710678118654755,8.06225774829855,6.708203932499369,6.708203932499369,7.615773105863909,7.615773105863909,8.246211251235321,8.246211251235321,8.06225774829855,9.055385138137417,9.0,10.04987562112089,10.198039027185569,11.40175425099138,12.649110640673518,13.92838827718412,14.866068747318506,17.08800749063506,18.027756377319946,19.924858845171276,21.840329667841555,22.80350850198276
1787404494.3903475,-72,0.0,23.08679276123039,23.021728866442675,22.0,21.02379604162864,20.09975124224178,19.1049731745428,17.11724276862369,15.132745950421556,14.142135623730951,12.165525060596439,11.045361017187261,10.0,10.0,9.055385138137417,9.055385138137417,9.219544457292887,8.246211251235321,8.246211251235321,8.246211251235321,7.280109889280518,7.280109889280518,6.324555320336759,6.324555320336759,6.082762530298219,4.123105625617661,4.123105625617661,0.0,0.0,0.0,0.0,0.0,0.0,0.0,0.0,0.0,0.0,0.0,7.211102550927978,7.211102550927978,6.4031242374328485,7.0710678118654755,6.4031242374328485,6.4031242374328485,6.4031242374328485,7.211102550927978,7.211102550927978,7.211102550927978,7.211102550927978,7.615773105863909,7.615773105863909,7.0710678118654755,8.0,9.055385138137417,9.219544457292887,10.198039027185569,12.36931687685298,13.341664064126334,14.560219778561036,15.524174696260024,17.72004514666935,19.4164878389476,20.396078054371138,21.37755832643195
1787404494.3903475,-71,0.0,22.67156809750927,23.345235059857504,22.02271554554524,22.02271554554524,20.615528128088304,19.209372712298546,17.204650534085253,15.811388300841896,15.264337522473747,14.422205101855956,12.206555615733702,11.40175425099138,10.63014581273465,11.313708498984761,9.899494936611665,9.219544457292887,8.48528137423857,7.810249675906654,6.4031242374328485,7.211102550927978,7.211102550927978,6.4031242374328485,7.0710678118654755,7.0710678118654755,5.656854249492381,5.0,0.0,0.0,0.0,0.0,0.0,0.0,0.0,0.0,0.0,0.0,0.0,8.0,7.0,8.06225774829855,7.280109889280518,6.708203932499369,6.708203932499369,6.708203932499369,6.708203932499369,7.615773105863909,7.615773105863909,7.615773105863909,6.708203932499369,7.211102550927978,7.810249675906654,8.48528137423857,9.433981132056603,11.180339887498949,10.295630140987,11.661903789690601,13.416407864998739,14.317821063276353,15.652475842498529,16.64331697709324,18.027756377319946,19.4164878389476,21.633307652783937
1787404494.3903475,-70,0.0,31.622776601683793,31.04834939252005,27.65863337187866,22.360679774997898,17.029386365926403,11.045361017187261,7.211102550927978,6.082762530298219,7.615773105863909,9.433981132056603,11.661903789690601,12.529964086141668,14.317821063276353,14.866068747318506,14.866068747318506,14.560219778561036,13.341664064126334,12.165525060596439,10.0,8.06225774829855,6.082762530298219,4.123105625617661,1.4142135623730951,2.23606797749979,3.605551275463989,4.123105625617661,0.0,0.0,0.0,0.0,0.0,0.0,0.0,0.0,0.0,0.0,0.0,1.0,2.0,4.0,6.0,8.06225774829855,10.198039027185569,12.649110640673518,13.92838827718412,14.7648230602334,15.264337522473747,15.811388300841896,15.620499351813308,14.866068747318506,14.422205101855956,13.416407864998739,11.704699910719626,10.198039027185569,8.246211251235321,6.324555320336759,2.8284271247461903,4.242640687119285,8.94427190999916,14.317821063276353,19.697715603592208,25.079872407968907,28.231188426986208
1787404494.4233887,-72,0.0,32.0624390837628,31.0,29.068883707497267,24.186773244895647,18.439088914585774,13.0,9.219544457292887,7.280109889280518,8.54400374531753,10.0,12.041594578792296,14.142135623730951,15.620499351813308,15.811388300841896,16.1245154965971,14.317821063276353,13.92838827718412,12.649110640673518,11.045361017187261,9.0,7.0710678118654755,5.0990195135927845,2.23606797749979,2.0,2.8284271247461903,4.242640687119285,0.0,0.0,0.0,0.0,0.0,0.0,0.0,0.0,0.0,0.0,0.0,1.4142135623730951,1.0,4.123105625617661,6.082762530298219,8.246211251235321,10.04987562112089,13.0,14.035668847618199,15.132745950421556,16.278820596099706,16.492422502470642,16.15549442140351,14.7648230602334,14.212670403551895,13.45362404707371,12.206555615733702,11.180339887498949,8.54400374531753,6.324555320336759,2.8284271247461903,3.1622776601683795,8.06225774829855,14.142135623730951,20.09975124224178,25.079872407968907,29.154759474226502
1787404494.4429796,-72,0.0,30.01666203960727,29.0,26.076809620810597,22.20360331117452,17.46424919657298,12.083045973594572,8.48528137423857,7.0710678118654755,8.54400374531753,10.0,11.40175425099138,12.806248474865697,13.601470508735444,14.422205101855956,14.7648230602334,14.317821063276353,12.649110640673518,11.40175425099138,10.04987562112089,7.0,6.082762530298219,4.123105625617661,2.8284271247461903,2.23606797749979,2.8284271247461903,3.1622776601683795,0.0,0.0,0.0,0.0,0.0,0.0,0.0,0.0,0.0,0.0,0.0,0.0,1.4142135623730951,3.605551275463989,5.0,7.615773105863909,9.219544457292887,12.165525060596439,13.038404810405298,14.0,15.033296378372908,14.142135623730951,13.601470508735444,13.0,13.038404810405298,12.041594578792296,11.40175425099138,10.295630140987,7.615773105863909,5.385164807134504,2.8284271247461903,2.8284271247461903,7.280109889280518,13.152946437965905,19.1049731745428,23.08679276123039,26.076809620810597
1787404494.4904606,-70,0.0,31.25699921617557,29.154759474226502,26.019223662515376,22.02271554554524,17.26267650163207,12.083045973594572,8.48528137423857,7.0710678118654755,8.54400374531753,10.816653826391969,12.206555615733702,12.806248474865697,13.892443989449804,14.317821063276353,14.317821063276353,13.601470508735444,13.152946437965905,13.0,11.045361017187261,9.055385138137417,7.0710678118654755,4.123105625617661,2.0,1.0,3.0,4.123105625617661,0.0,0.0,0.0,0.0,0.0,0.0,0.0,0.0,0.0,0.0,0.0,2.23606797749979,2.23606797749979,4.242640687119285,5.0,6.708203932499369,8.54400374531753,10.198039027185569,11.180339887498949,12.041594578792296,13.038404810405298,13.152946437965905,13.601470508735444,12.083045973594572,12.206555615733702,12.041594578792296,13.038404810405298,11.180339887498949,9.848857801796104,7.615773105863909,4.47213595499958,2.0,5.830951894845301,10.770329614269007,16.492422502470642,21.37755832643195,24.515301344262525
1787404494.517158,-71,0.0,33.24154027718932,32.55764119219941,29.206163733020468,24.413111231467404,19.235384061671343,14.560219778561036,11.045361017187261,8.602325267042627,9.848857801796104,12.36931687685298,13.341664064126334,14.317821063276353,15.524174696260024,17.08800749063506,17.0,16.64331697709324,16.401219466856727,15.556349186104045,12.806248474865697,10.816653826391969,8.94427190999916,5.830951894845301,3.1622776601683795,1.0,1.4142135623730951,3.1622776601683795,0.0,0.0,0.0,0.0,0.0,0.0,0.0,0.0,0.0,0.0,0.0,0.0,1.4142135623730951,3.605551275463989,5.0,6.324555320336759,8.0,9.219544457292887,10.770329614269007,12.083045973594572,13.038404810405298,13.45362404707371,13.45362404707371,12.529964086141668,11.40175425099138,12.041594578792296,12.165525060596439,11.40175425099138,9.848857801796104,7.615773105863909,4.123105625617661,1.4142135623730951,4.47213595499958,11.40175425099138,17.029386365926403,22.67156809750927,26.90724809414742
1787404494.5289311,-71,0.0,31.32091952673165,30.083217912982647,27.65863337187866,23.194827009486403,18.0,13.152946437965905,8.94427190999916,6.708203932499369,8.06225774829855,9.848857801796104,11.180339887498949,13.0,13.601470508735444,14.317821063276353,14.142135623730951,14.035668847618199,14.035668847618199,13.341664064126334,11.40175425099138,10.44030650891055,8.54400374531753,5.385164807134504,2.8284271247461903,1.4142135623730951,3.0,4.123105625617661,0.0,0.0,0.0,0.0,0.0,0.0,0.0,0.0,0.0,0.0,0.0,0.0,2.23606797749979,4.242640687119285,5.830951894845301,6.708203932499369,8.54400374531753,10.198039027185569,12.0,13.038404810405298,13.341664064126334,13.601470508735444,13.0,12.206555615733702,12.041594578792296,11.661903789690601,11.704699910719626,10.44030650891055,9.055385138137417,7.0710678118654755,4.123105625617661,2.0,5.656854249492381,11.180339887498949,16.55294535724685,22.47220505424423,25.632011235952593
1787404494.8311825,-70,0.0,34.36568055487916,33.54101966249684,30.805843601498726,25.96150997149434,20.248456731316587,13.892443989449804,7.810249675906654,4.0,5.385164807134504,9.0,12.0,14.0,16.0312195418814,18.027756377319946,18.110770276274835,18.24828759089466,17.46424919657298,16.278820596099706,14.560219778561036,13.0,11.704699910719626,8.54400374531753,5.0,3.605551275463989,2.0,2.8284271247461903,0.0,0.0,0.0,0.0,0.0,0.0,0.0,0.0,0.0,0.0,0.0,1.0,1.4142135623730951,4.242640687119285,6.4031242374328485,9.219544457292887,13.038404810405298,15.811388300841896,16.401219466856727,17.029386365926403,17.804493814764857,18.601075237738275,17.88854381999832,16.492422502470642,17.11724276862369,18.0,17.029386365926403,15.033296378372908,11.180339887498949,8.246211251235321,4.47213595499958,1.4142135623730951,6.082762530298219,13.0,19.0,26.019223662515376,30.066592756745816
1787404494.846926,-71,0.0,33.83784863137726,32.7566787083184,29.966648127543394,25.079872407968907,20.248456731316587,14.317821063276353,8.06225774829855,5.0,5.830951894845301,9.899494936611665,12.041594578792296,12.806248474865697,14.212670403551895,15.620499351813308,16.278820596099706,16.97056274847714,16.278820596099706,15.620499351813308,13.601470508735444,12.206555615733702,10.816653826391969,8.06225774829855,4.47213595499958,3.0,2.23606797749979,3.0,0.0,0.0,0.0,0.0,0.0,0.0,0.0,0.0,0.0,0.0,0.0,4.123105625617661,2.8284271247461903,2.23606797749979,5.0990195135927845,9.055385138137417,12.041594578792296,13.152946437965905,15.297058540778355,16.76305461424021,17.72004514666935,18.027756377319946,16.55294535724685,14.7648230602334,14.212670403551895,14.212670403551895,15.264337522473747,13.892443989449804,10.295630140987,7.615773105863909,4.47213595499958,1.4142135623730951,7.211102550927978,15.0,21.400934559032695,25.612496949731394,27.65863337187866
1787404494.862475,-70,0.0,33.1058907144937,31.38470965295043,28.792360097775937,24.041630560342615,18.681541692269406,13.152946437965905,8.06225774829855,4.242640687119285,5.830951894845301,9.899494936611665,12.806248474865697,14.212670403551895,14.866068747318506,15.556349186104045,16.278820596099706,17.029386365926403,16.64331697709324,16.1245154965971,14.317821063276353,13.0,11.704699910719626,8.54400374531753,5.385164807134504,3.1622776601683795,1.0,1.0,0.0,0.0,0.0,0.0,0.0,0.0,0.0,0.0,0.0,0.0,0.0,2.0,1.4142135623730951,3.605551275463989,6.708203932499369,10.44030650891055,12.649110640673518,13.92838827718412,15.811388300841896,17.08800749063506,17.46424919657298,18.027756377319946,17.46424919657298,15.0,15.297058540778355,15.811388300841896,15.231546211727817,14.7648230602334,12.529964086141668,8.94427190999916,4.123105625617661,2.23606797749979,8.06225774829855,13.601470508735444,19.72308292331602,25.059928172283335,27.294688127912362
1787404494.896395,-70,0.0,34.20526275297414,33.52610922848042,29.732137494637012,25.632011235952593,19.235384061671343,13.601470508735444,8.602325267042627,4.123105625617661,5.385164807134504,9.0,12.041594578792296,14.0,16.0,17.029386365926403,17.029386365926403,17.11724276862369,17.46424919657298,16.76305461424021,15.811388300841896,13.601470508735444,11.704699910719626,8.54400374531753,5.385164807134504,2.23606797749979,1.0,2.23606797749979,0.0,0.0,0.0,0.0,0.0,0.0,0.0,0.0,0.0,0.0,0.0,3.1622776601683795,1.0,2.8284271247461903,5.0,8.06225774829855,11.40175425099138,14.866068747318506,16.278820596099706,16.97056274847714,16.97056274847714,17.69180601295413,17.804493814764857,16.1245154965971,14.866068747318506,15.297058540778355,15.132745950421556,12.041594578792296,9.219544457292887,8.246211251235321,6.082762530298219,1.0,6.082762530298219,11.180339887498949,18.110770276274835,25.179356624028344,28.442925306655784
1787404494.8984075,-71,0.0,29.120439557122072,28.460498941515414,26.0,21.93171219946131,16.1245154965971,10.63014581273465,5.830951894845301,2.8284271247461903,5.0,8.246211251235321,10.44030650891055,11.40175425099138,13.152946437965905,14.035668847618199,15.0,15.0,14.0,14.035668847618199,13.341664064126334,12.36931687685298,10.198039027185569,8.246211251235321,5.385164807134504,3.605551275463989,3.0,3.1622776601683795,0.0,0.0,0.0,0.0,0.0,0.0,0.0,0.0,0.0,0.0,0.0,2.23606797749979,1.4142135623730951,2.0,4.47213595499958,6.4031242374328485,8.48528137423857,9.899494936611665,12.727922061357855,14.142135623730951,14.866068747318506,14.212670403551895,13.601470508735444,12.529964086141668,11.40175425099138,11.045361017187261,11.0,10.04987562112089,9.219544457292887,6.324555320336759,3.605551275463989,2.23606797749979,6.082762530298219,12.041594578792296,18.110770276274835,23.194827009486403,25.317977802344327
1787404494.9956698,-70,0.0,30.14962686336267,29.017236257093817,26.0,22.090722034374522,17.26267650163207,11.40175425099138,6.4031242374328485,4.0,6.4031242374328485,8.94427190999916,11.704699910719626,13.0,13.92838827718412,14.7648230602334,15.264337522473747,15.0,14.866068747318506,14.142135623730951,13.45362404707371,12.041594578792296,10.0,7.0710678118654755,4.242640687119285,2.23606797749979,1.0,2.23606797749979,0.0,0.0,0.0,0.0,0.0,0.0,0.0,0.0,0.0,0.0,0.0,3.0,0.0,2.23606797749979,5.385164807134504,7.211102550927978,10.0,12.041594578792296,14.866068747318506,16.278820596099706,17.69180601295413,17.69180601295413,17.69180601295413,16.401219466856727,14.7648230602334,13.601470508735444,13.152946437965905,12.041594578792296,10.04987562112089,8.0,4.0,1.0,4.47213595499958,9.219544457292887,15.132745950421556,20.223748416156685,23.194827009486403
1787404496.432453,-70,0.0,30.886890422961002,29.5296461204668,26.832815729997478,21.93171219946131,17.08800749063506,11.40175425099138,7.0710678118654755,3.1622776601683795,3.1622776601683795,7.211102550927978,10.0,12.206555615733702,14.422205101855956,15.264337522473747,16.64331697709324,17.0,16.55294535724685,16.15549442140351,14.866068747318506,13.601470508735444,11.704699910719626,8.54400374531753,5.385164807134504,2.8284271247461903,1.4142135623730951,1.0,0.0,0.0,0.0,0.0,0.0,0.0,0.0,0.0,0.0,0.0,0.0,4.47213595499958,2.0,2.23606797749979,3.1622776601683795,4.47213595499958,7.615773105863909,8.94427190999916,10.770329614269007,12.649110640673518,13.601470508735444,14.560219778561036,14.317821063276353,14.035668847618199,14.035668847618199,13.152946437965905,11.40175425099138,10.44030650891055,8.06225774829855,6.4031242374328485,3.605551275463989,1.0,4.242640687119285,9.899494936611665,16.278820596099706,22.20360331117452,25.238858928247925
1787404496.643413,-70,0.0,30.265491900843113,29.274562336608895,27.459060435491963,23.53720459187964,18.681541692269406,13.0,7.810249675906654,4.123105625617661,4.242640687119285,7.615773105863909,9.486832980505138,10.44030650891055,11.704699910719626,13.416407864998739,13.892443989449804,13.601470508735444,12.727922061357855,12.806248474865697,11.40175425099138,10.816653826391969,9.433981132056603,6.708203932499369,4.47213595499958,2.23606797749979,0.0,2.0,0.0,0.0,0.0,0.0,0.0,0.0,0.0,0.0,0.0,0.0,0.0,3.1622776601683795,2.23606797749979,2.23606797749979,3.605551275463989,5.830951894845301,8.54400374531753,10.770329614269007,13.0,15.231546211727817,16.55294535724685,16.55294535724685,16.1245154965971,15.811388300841896,14.212670403551895,12.727922061357855,11.40175425099138,9.433981132056603,6.708203932499369,4.123105625617661,1.0,2.0,6.0,12.0,17.0,22.0,26.019223662515376
1787404497.1119719,-71,0.0,31.622776601683793,30.675723300355934,27.202941017470888,23.769728648009426,19.4164878389476,14.035668847618199,8.246211251235321,5.0,5.385164807134504,7.810249675906654,9.899494936611665,11.40175425099138,12.206555615733702,13.038404810405298,13.416407864998739,13.601470508735444,14.317821063276353,14.142135623730951,13.152946437965905,11.045361017187261,9.0,6.082762530298219,4.123105625617661,2.23606797749979,1.0,2.23606797749979,0.0,0.0,0.0,0.0,0.0,0.0,0.0,0.0,0.0,0.0,0.0,6.0,4.0,1.4142135623730951,2.8284271247461903,5.0,7.211102550927978,10.0,12.206555615733702,13.601470508735444,15.0,14.866068747318506,14.866068747318506,14.422205101855956,13.892443989449804,13.0,11.704699910719626,9.486832980505138,7.280109889280518,4.123105625617661,2.23606797749979,2.8284271247461903,7.211102550927978,13.0,18.788294228055936,22.847319317591726,26.92582403567252
