Timestamp,RSSI,Sub_0,Sub_1,Sub_2,Sub_3,Sub_4,Sub_5,Sub_6,Sub_7,Sub_8,Sub_9,Sub_10,Sub_11,Sub_12,Sub_13,Sub_14,Sub_15,Sub_16,Sub_17,Sub_18,Sub_19,Sub_20,Sub_21,Sub_22,Sub_23,Sub_24,Sub_25,Sub_26,Sub_27,Sub_28,Sub_29,Sub_30,Sub_31,Sub_32,Sub_33,Sub_34,Sub_35,Sub_36,Sub_37,Sub_38,Sub_39,Sub_40,Sub_41,Sub_42,Sub_43,Sub_44,Sub_45,Sub_46,Sub_47,Sub_48,Sub_49,Sub_50,Sub_51,Sub_52,Sub_53,Sub_54,Sub_55,Sub_56,Sub_57,Sub_58,Sub_59,Sub_60,Sub_61,Sub_62,Sub_63
1787404695.91686,-70,0.0,24.413111231467404,24.698178070456937,24.186773244895647,23.323807579381203,21.470910553583888,21.02379604162864,19.697715603592208,18.384776310850235,16.15549442140351,13.92838827718412,13.416407864998739,13.416407864998739,12.529964086141668,11.661903789690601,10.816653826391969,10.816653826391969,10.63014581273465,9.899494936611665,9.219544457292887,9.219544457292887,9.219544457292887,9.219544457292887,9.219544457292887,9.219544457292887,7.810249675906654,7.0710678118654755,0.0,0.0,0.0,0.0,0.0,0.0,0.0,0.0,0.0,0.0,0.0,5.385164807134504,6.082762530298219,7.0,8.06225774829855,8.06225774829855,9.055385138137417,10.04987562112089,10.04987562112089,11.045361017187261,10.0,10.0,10.04987562112089,10.04987562112089,10.44030650891055,10.770329614269007,11.180339887498949,11.661903789690601,12.529964086141668,13.038404810405298,13.601470508735444,14.212670403551895,16.278820596099706,18.439088914585774,20.615528128088304,21.400934559032695,22.80350850198276
1787404695.926024,-70,0.0,23.769728648009426,23.259406699226016,22.360679774997898,21.470910553583888,21.470910553583888,20.591260281974,19.72308292331602,17.4928556845359,15.811388300841896,14.422205101855956,13.892443989449804,13.416407864998739,12.529964086141668,12.529964086141668,12.083045973594572,10.770329614269007,10.44030650891055,10.198039027185569,9.219544457292887,9.055385138137417,9.055385138137417,9.055385138137417,9.219544457292887,9.219544457292887,8.246211251235321,8.246211251235321,0.0,0.0,0.0,0.0,0.0,0.0,0.0,0.0,0.0,0.0,0.0,4.47213595499958,5.0,5.656854249492381,6.4031242374328485,7.810249675906654,8.602325267042627,10.0,10.63014581273465,9.899494936611665,9.219544457292887,9.219544457292887,9.899494936611665,9.899494936611665,10.0,9.433981132056603,11.180339887498949,11.180339887498949,12.083045973594572,13.0,14.560219778561036,16.492422502470642,17.72004514666935,18.681541692269406,19.924858845171276,21.540659228538015,21.540659228538015
1787404695.9418025,-70,0.0,22.20360331117452,22.090722034374522,22.090722034374522,22.02271554554524,21.0,20.0,18.0,17.0,16.0312195418814,15.0,13.0,12.0,12.041594578792296,11.045361017187261,11.180339887498949,10.198039027185569,9.219544457292887,9.219544457292887,9.219544457292887,9.486832980505138,8.54400374531753,8.94427190999916,8.06225774829855,7.615773105863909,7.615773105863909,7.615773105863909,0.0,0.0,0.0,0.0,0.0,0.0,0.0,0.0,0.0,0.0,0.0,5.385164807134504,5.385164807134504,5.0990195135927845,6.0,8.0,8.06225774829855,8.06225774829855,9.219544457292887,9.486832980505138,9.486832980505138,9.486832980505138,8.246211251235321,8.06225774829855,9.0,10.0,11.045361017187261,12.041594578792296,12.165525060596439,13.341664064126334,14.560219778561036,15.811388300841896,16.76305461424021,18.973665961010276,20.8806130178211,21.587033144922902,22.360679774997898
1787404696.0723774,-84,0.0,14.317821063276353,15.297058540778355,14.317821063276353,12.649110640673518,13.92838827718412,11.661903789690601,10.0,8.48528137423857,6.708203932499369,7.280109889280518,5.0,6.082762530298219,5.0990195135927845,4.47213595499958,2.23606797749979,2.0,3.0,4.47213595499958,4.47213595499958,4.47213595499958,5.830951894845301,7.211102550927978,8.602325267042627,10.816653826391969,12.206555615733702,13.601470508735444,0.0,0.0,0.0,0.0,0.0,0.0,0.0,0.0,0.0,0.0,0.0,11.40175425099138,12.165525060596439,12.0,13.038404810405298,13.152946437965905,14.317821063276353,13.601470508735444,13.0,13.416407864998739,13.416407864998739,12.529964086141668,11.661903789690601,11.180339887498949,10.295630140987,9.848857801796104,9.219544457292887,9.055385138137417,9.0,10.04987562112089,9.219544457292887,9.848857801796104,11.180339887498949,11.180339887498949,11.661903789690601,12.206555615733702,12.206555615733702
1787404696.1510272,-82,0.0,22.847319317591726,21.540659228538015,21.02379604162864,20.615528128088304,20.8806130178211,20.8806130178211,15.524174696260024,9.486832980505138,7.211102550927978,7.810249675906654,7.211102550927978,8.06225774829855,7.211102550927978,7.810249675906654,10.0,12.206555615733702,14.212670403551895,14.142135623730951,14.212670403551895,13.45362404707371,12.806248474865697,13.45362404707371,12.806248474865697,12.206555615733702,9.848857801796104,10.198039027185569,0.0,0.0,0.0,0.0,0.0,0.0,0.0,0.0,0.0,0.0,0.0,4.0,5.0,6.082762530298219,7.0710678118654755,6.4031242374328485,5.830951894845301,7.211102550927978,8.54400374531753,8.54400374531753,8.54400374531753,7.0710678118654755,6.082762530298219,7.615773105863909,8.246211251235321,6.0,6.324555320336759,6.0,5.0990195135927845,4.0,6.708203932499369,10.816653826391969,10.816653826391969,11.180339887498949,16.1245154965971,20.248456731316587,21.93171219946131
1787404696.3931496,-78,0.0,18.027756377319946,18.24828759089466,18.439088914585774,18.24828759089466,18.027756377319946,18.027756377319946,17.0,17.029386365926403,16.278820596099706,16.278820596099706,16.1245154965971,14.142135623730951,14.317821063276353,14.560219778561036,13.341664064126334,11.704699910719626,12.083045973594572,15.231546211727817,16.76305461424021,16.278820596099706,15.132745950421556,15.0,16.1245154965971,15.132745950421556,13.152946437965905,12.36931687685298,0.0,0.0,0.0,0.0,0.0,0.0,0.0,0.0,0.0,0.0,0.0,5.0990195135927845,5.0990195135927845,5.0990195135927845,6.082762530298219,8.54400374531753,8.54400374531753,8.06225774829855,8.06225774829855,8.06225774829855,9.433981132056603,10.295630140987,10.816653826391969,10.770329614269007,10.198039027185569,10.04987562112089,9.486832980505138,9.486832980505138,11.180339887498949,11.045361017187261,10.0,10.04987562112089,12.041594578792296,14.035668847618199,14.142135623730951,16.278820596099706,18.439088914585774
1787404696.48795,-77,0.0,19.313207915827967,19.313207915827967,19.313207915827967,18.788294228055936,19.697715603592208,19.697715603592208,18.027756377319946,18.027756377319946,17.46424919657298,17.08800749063506,15.811388300841896,13.601470508735444,13.601470508735444,13.601470508735444,13.341664064126334,13.341664064126334,13.152946437965905,13.038404810405298,14.142135623730951,14.317821063276353,14.560219778561036,14.317821063276353,13.892443989449804,15.264337522473747,15.0,14.212670403551895,0.0,0.0,0.0,0.0,0.0,0.0,0.0,0.0,0.0,0.0,0.0,3.1622776601683795,4.47213595499958,4.47213595499958,4.47213595499958,5.830951894845301,7.211102550927978,8.06225774829855,8.602325267042627,8.48528137423857,8.48528137423857,7.810249675906654,8.48528137423857,9.899494936611665,10.63014581273465,10.63014581273465,10.63014581273465,11.40175425099138,12.206555615733702,12.206555615733702,13.038404810405298,13.038404810405298,13.892443989449804,15.264337522473747,15.652475842498529,17.46424919657298,18.788294228055936
1787404696.601887,-75,0.0,20.223748416156685,20.09975124224178,19.1049731745428,19.235384061671343,19.1049731745428,18.110770276274835,18.110770276274835,17.11724276862369,17.11724276862369,17.0,16.0,16.0,15.0,15.033296378372908,14.035668847618199,14.035668847618199,14.035668847618199,14.142135623730951,15.132745950421556,17.0,17.0,15.033296378372908,15.524174696260024,16.15549442140351,14.317821063276353,13.0,0.0,0.0,0.0,0.0,0.0,0.0,0.0,0.0,0.0,0.0,0.0,5.0990195135927845,5.0990195135927845,6.324555320336759,6.708203932499369,6.708203932499369,7.615773105863909,8.06225774829855,8.94427190999916,9.433981132056603,10.0,10.0,10.816653826391969,10.816653826391969,10.816653826391969,10.295630140987,11.180339887498949,12.529964086141668,13.892443989449804,13.892443989449804,13.416407864998739,13.92838827718412,14.317821063276353,16.15549442140351,16.76305461424021,18.681541692269406,19.6468827043885
1787404696.6439705,-78,0.0,21.400934559032695,20.518284528683193,19.1049731745428,17.804493814764857,16.401219466856727,13.892443989449804,13.0,12.529964086141668,13.92838827718412,15.524174696260024,17.72004514666935,18.973665961010276,19.697715603592208,19.72308292331602,18.027756377319946,17.204650534085253,17.029386365926403,14.866068747318506,13.601470508735444,12.529964086141668,12.36931687685298,12.041594578792296,12.041594578792296,12.36931687685298,13.0,12.083045973594572,0.0,0.0,0.0,0.0,0.0,0.0,0.0,0.0,0.0,0.0,0.0,7.615773105863909,5.0,2.0,2.8284271247461903,4.47213595499958,6.0,8.0,9.848857801796104,13.038404810405298,14.317821063276353,13.892443989449804,14.866068747318506,15.556349186104045,13.45362404707371,12.041594578792296,11.40175425099138,11.661903789690601,11.40175425099138,10.63014581273465,12.206555615733702,14.7648230602334,15.0,15.0,17.204650534085253,20.0,22.67156809750927
1787404696.9824317,-39,0.0,13.92838827718412,13.92838827718412,13.92838827718412,13.92838827718412,13.92838827718412,14.317821063276353,14.317821063276353,13.416407864998739,14.7648230602334,14.7648230602334,15.264337522473747,14.422205101855956,15.811388300841896,15.811388300841896,15.811388300841896,16.64331697709324,16.64331697709324,16.64331697709324,16.64331697709324,16.1245154965971,17.0,16.55294535724685,16.55294535724685,16.15549442140351,14.866068747318506,14.560219778561036,0.0,0.0,0.0,0.0,0.0,0.0,0.0,0.0,0.0,0.0,0.0,11.045361017187261,12.041594578792296,12.0,13.0,13.038404810405298,13.038404810405298,13.152946437965905,14.142135623730951,14.142135623730951,13.152946437965905,14.142135623730951,13.152946437965905,13.152946437965905,13.038404810405298,13.038404810405298,13.0,13.0,13.0,13.038404810405298,13.038404810405298,13.038404810405298,13.152946437965905,13.152946437965905,13.341664064126334,13.341664064126334,14.142135623730951
1787404696.9946575,-39,0.0,14.560219778561036,14.560219778561036,13.601470508735444,14.866068747318506,13.92838827718412,13.92838827718412,14.317821063276353,14.317821063276353,14.7648230602334,14.7648230602334,15.264337522473747,15.264337522473747,15.264337522473747,15.811388300841896,15.811388300841896,16.64331697709324,16.64331697709324,16.64331697709324,16.64331697709324,16.64331697709324,17.0,16.1245154965971,16.55294535724685,16.15549442140351,15.811388300841896,15.524174696260024,0.0,0.0,0.0,0.0,0.0,0.0,0.0,0.0,0.0,0.0,0.0,12.0,12.041594578792296,12.165525060596439,12.165525060596439,13.152946437965905,13.341664064126334,13.341664064126334,13.341664064126334,13.341664064126334,13.341664064126334,13.341664064126334,13.341664064126334,13.341664064126334,13.341664064126334,13.152946437965905,13.152946437965905,13.038404810405298,13.038404810405298,13.0,13.0,13.038404810405298,13.038404810405298,13.038404810405298,13.038404810405298,14.142135623730951,14.035668847618199
1787404697.1910374,-81,0.0,15.620499351813308,17.029386365926403,17.029386365926403,16.401219466856727,17.029386365926403,16.278820596099706,15.620499351813308,15.620499351813308,13.601470508735444,11.661903789690601,11.180339887498949,10.770329614269007,10.198039027185569,12.041594578792296,13.038404810405298,14.035668847618199,15.297058540778355,15.524174696260024,15.524174696260024,15.811388300841896,16.15549442140351,15.652475842498529,15.264337522473747,15.811388300841896,14.866068747318506,14.142135623730951,0.0,0.0,0.0,0.0,0.0,0.0,0.0,0.0,0.0,0.0,0.0,13.601470508735444,12.649110640673518,11.704699910719626,10.770329614269007,8.94427190999916,7.211102550927978,5.0,3.605551275463989,1.0,2.23606797749979,4.0,6.324555320336759,8.06225774829855,9.219544457292887,9.899494936611665,10.816653826391969,10.816653826391969,11.180339887498949,10.770329614269007,10.44030650891055,9.219544457292887,9.219544457292887,8.246211251235321,7.280109889280518,7.615773105863909,7.615773105863909
1787404697.659025,-80,0.0,15.652475842498529,16.64331697709324,15.620499351813308,14.212670403551895,14.212670403551895,14.212670403551895,15.0,14.7648230602334,16.1245154965971,15.231546211727817,13.601470508735444,12.36931687685298,12.165525060596439,11.045361017187261,12.041594578792296,12.0,13.038404810405298,13.152946437965905,13.152946437965905,13.341664064126334,14.560219778561036,14.866068747318506,14.866068747318506,15.231546211727817,13.038404810405298,11.40175425099138,0.0,0.0,0.0,0.0,0.0,0.0,0.0,0.0,0.0,0.0,0.0,8.602325267042627,7.211102550927978,9.848857801796104,10.816653826391969,9.219544457292887,8.94427190999916,9.486832980505138,10.770329614269007,12.083045973594572,10.770329614269007,8.06225774829855,6.4031242374328485,7.211102550927978,8.54400374531753,10.44030650891055,12.36931687685298,11.704699910719626,13.038404810405298,13.601470508735444,12.206555615733702,11.661903789690601,12.206555615733702,13.038404810405298,13.601470508735444,13.45362404707371,14.866068747318506
1787404697.7864435,-80,0.0,14.0,15.0,16.0,16.0,14.035668847618199,13.038404810405298,13.038404810405298,13.152946437965905,12.165525060596439,13.341664064126334,14.317821063276353,13.341664064126334,12.36931687685298,11.704699910719626,12.083045973594572,12.529964086141668,13.416407864998739,14.317821063276353,15.231546211727817,15.811388300841896,15.524174696260024,16.1245154965971,16.0,15.033296378372908,13.152946437965905,13.601470508735444,0.0,0.0,0.0,0.0,0.0,0.0,0.0,0.0,0.0,0.0,0.0,3.1622776601683795,5.830951894845301,8.48528137423857,6.708203932499369,3.1622776601683795,4.0,5.0,4.123105625617661,6.324555320336759,9.219544457292887,8.54400374531753,8.06225774829855,8.602325267042627,10.295630140987,9.848857801796104,8.06225774829855,8.602325267042627,10.0,11.180339887498949,12.36931687685298,13.152946437965905,13.038404810405298,13.038404810405298,12.041594578792296,12.041594578792296,11.0
1787404697.8249002,-70,0.0,34.539832078341085,33.61547262794322,31.304951684997057,27.784887978899608,23.021728866442675,16.401219466856727,9.219544457292887,3.0,5.0990195135927845,9.486832980505138,10.44030650891055,11.40175425099138,12.36931687685298,14.035668847618199,15.033296378372908,16.278820596099706,17.46424919657298,17.72004514666935,17.72004514666935,15.811388300841896,13.0,11.180339887498949,7.211102550927978,2.23606797749979,1.4142135623730951,3.1622776601683795,0.0,0.0,0.0,0.0,0.0,0.0,0.0,0.0,0.0,0.0,0.0,4.123105625617661,2.8284271247461903,2.0,2.8284271247461903,4.123105625617661,6.082762530298219,9.486832980505138,12.083045973594572,14.7648230602334,16.1245154965971,18.35755975068582,18.027756377319946,17.804493814764857,17.69180601295413,16.97056274847714,15.620499351813308,14.212670403551895,10.63014581273465,6.4031242374328485,2.8284271247461903,2.0,7.0710678118654755,13.341664064126334,18.681541692269406,25.0,29.410882339705484
1787404697.8491561,-69,0.0,30.528675044947494,30.01666203960727,28.653097563788805,23.259406699226016,17.08800749063506,12.36931687685298,7.280109889280518,2.23606797749979,2.8284271247461903,6.4031242374328485,7.810249675906654,10.63014581273465,12.041594578792296,13.601470508735444,14.7648230602334,15.231546211727817,14.866068747318506,14.866068747318506,14.317821063276353,13.601470508735444,12.649110640673518,9.486832980505138,6.708203932499369,4.242640687119285,1.4142135623730951,1.4142135623730951,0.0,0.0,0.0,0.0,0.0,0.0,0.0,0.0,0.0,0.0,0.0,3.605551275463989,2.0,2.23606797749979,2.23606797749979,3.605551275463989,5.830951894845301,8.246211251235321,10.198039027185569,13.341664064126334,15.297058540778355,16.278820596099706,16.1245154965971,16.0,16.0312195418814,16.1245154965971,14.142135623730951,12.165525060596439,9.219544457292887,6.082762530298219,3.0,2.23606797749979,7.0710678118654755,12.041594578792296,17.029386365926403,22.20360331117452,25.80697580112788
1787404697.9805033,-71,0.0,27.459060435491963,27.294688127912362,26.1725046566048,23.08679276123039,18.027756377319946,14.035668847618199,8.246211251235321,3.605551275463989,3.0,5.0,7.0710678118654755,9.219544457292887,10.63014581273465,11.40175425099138,13.038404810405298,13.416407864998739,13.0,13.601470508735444,12.36931687685298,11.40175425099138,10.44030650891055,8.54400374531753,5.830951894845301,4.242640687119285,2.0,2.23606797749979,0.0,0.0,0.0,0.0,0.0,0.0,0.0,0.0,0.0,0.0,0.0,4.123105625617661,3.1622776601683795,1.4142135623730951,1.4142135623730951,4.123105625617661,6.082762530298219,7.280109889280518,9.848857801796104,12.083045973594572,13.038404810405298,13.038404810405298,13.601470508735444,14.142135623730951,13.601470508735444,13.038404810405298,13.416407864998739,12.083045973594572,9.848857801796104,7.615773105863909,4.47213595499958,2.23606797749979,5.0,9.848857801796104,15.297058540778355,19.4164878389476,22.561028345356956
1787404698.0919044,-70,0.0,30.479501308256342,29.732137494637012,26.870057685088806,23.345235059857504,19.209372712298546,14.422205101855956,9.848857801796104,5.0990195135927845,5.830951894845301,8.246211251235321,10.198039027185569,11.180339887498949,12.36931687685298,14.560219778561036,14.560219778561036,14.866068747318506,14.317821063276353,13.892443989449804,13.038404810405298,11.661903789690601,9.433981132056603,8.06225774829855,4.47213595499958,2.0,1.0,2.23606797749979,0.0,0.0,0.0,0.0,0.0,0.0,0.0,0.0,0.0,0.0,0.0,5.830951894845301,3.605551275463989,1.0,1.0,3.605551275463989,5.830951894845301,8.06225774829855,9.848857801796104,11.704699910719626,13.601470508735444,14.560219778561036,14.317821063276353,14.0,14.142135623730951,14.317821063276353,13.341664064126334,11.40175425099138,8.246211251235321,5.0990195135927845,2.0,2.23606797749979,7.0710678118654755,12.727922061357855,17.69180601295413,21.93171219946131,25.495097567963924
1787404698.1078932,-69,0.0,29.410882339705484,28.844410203711913,26.627053911388696,22.47220505424423,17.4928556845359,12.083045973594572,7.0710678118654755,3.605551275463989,5.0,7.615773105863909,8.94427190999916,9.848857801796104,11.180339887498949,13.0,14.317821063276353,14.142135623730951,13.038404810405298,13.0,12.041594578792296,11.045361017187261,9.0,7.280109889280518,4.47213595499958,2.23606797749979,1.4142135623730951,4.123105625617661,0.0,0.0,0.0,0.0,0.0,0.0,0.0,0.0,0.0,0.0,0.0,2.23606797749979,1.4142135623730951,2.0,2.23606797749979,4.47213595499958,7.615773105863909,10.44030650891055,12.649110640673518,14.560219778561036,15.524174696260024,16.492422502470642,16.278820596099706,16.0312195418814,15.033296378372908,15.132745950421556,14.317821063276353,12.36931687685298,9.055385138137417,7.0,3.605551275463989,3.1622776601683795,7.810249675906654,12.727922061357855,17.69180601295413,22.67156809750927,25.495097567963924
1787404698.1397529,-68,0.0,35.38361202590826,31.240998703626616,28.600699292150182,24.698178070456937,17.88854381999832,12.083045973594572,7.0710678118654755,6.4031242374328485,9.219544457292887,10.04987562112089,11.704699910719626,11.40175425099138,13.038404810405298,15.132745950421556,16.278820596099706,17.26267650163207,17.46424919657298,15.811388300841896,14.866068747318506,13.416407864998739,10.770329614269007,7.280109889280518,5.0990195135927845,2.0,1.4142135623730951,3.605551275463989,0.0,0.0,0.0,0.0,0.0,0.0,0.0,0.0,0.0,0.0,0.0,4.242640687119285,2.23606797749979,1.4142135623730951,2.23606797749979,4.242640687119285,6.4031242374328485,9.848857801796104,12.649110640673518,13.341664064126334,15.297058540778355,16.492422502470642,18.439088914585774,18.027756377319946,18.110770276274835,18.24828759089466,15.524174696260024,12.649110640673518,9.848857801796104,6.324555320336759,3.1622776601683795,2.8284271247461903,6.4031242374328485,11.40175425099138,19.1049731745428,26.90724809414742,31.827660925679098
1787404698.1397529,-68,0.0,31.76476034853718,32.202484376209235,30.463092423455635,26.0,19.313207915827967,13.601470508735444,9.0,5.0,5.0990195135927845,7.211102550927978,9.433981132056603,11.704699910719626,12.649110640673518,13.341664064126334,14.035668847618199,14.035668847618199,14.035668847618199,14.0,14.035668847618199,12.165525060596439,10.198039027185569,7.0710678118654755,4.0,1.4142135623730951,1.4142135623730951,3.605551275463989,0.0,0.0,0.0,0.0,0.0,0.0,0.0,0.0,0.0,0.0,0.0,3.605551275463989,2.0,1.4142135623730951,2.0,5.385164807134504,7.615773105863909,9.219544457292887,12.041594578792296,14.212670403551895,16.278820596099706,16.278820596099706,15.811388300841896,15.811388300841896,15.652475842498529,14.866068747318506,14.317821063276353,12.041594578792296,9.055385138137417,5.0990195135927845,2.8284271247461903,5.830951894845301,10.816653826391969,15.231546211727817,19.697715603592208,24.596747752497688,27.730849247724095
1787404698.1559768,-68,0.0,28.178005607210743,26.832815729997478,25.079872407968907,21.93171219946131,18.027756377319946,12.36931687685298,7.0,4.242640687119285,5.0990195135927845,6.708203932499369,9.219544457292887,10.63014581273465,12.206555615733702,13.038404810405298,13.892443989449804,13.416407864998739,14.7648230602334,14.317821063276353,13.0,10.770329614269007,9.848857801796104,7.615773105863909,4.47213595499958,2.8284271247461903,1.0,2.0,0.0,0.0,0.0,0.0,0.0,0.0,0.0,0.0,0.0,0.0,0.0,1.0,2.0,0.0,2.23606797749979,5.0,7.615773105863909,10.198039027185569,11.40175425099138,13.341664064126334,15.297058540778355,16.278820596099706,17.029386365926403,16.0312195418814,15.132745950421556,15.132745950421556,14.317821063276353,13.152946437965905,10.04987562112089,6.082762530298219,2.0,1.4142135623730951,6.4031242374328485,11.40175425099138,16.1245154965971,20.591260281974,23.853720883753127
1787404698.219077,-82,0.0,12.36931687685298,12.083045973594572,12.206555615733702,12.806248474865697,14.7648230602334,17.08800749063506,19.6468827043885,20.396078054371138,21.587033144922902,21.587033144922902,21.587033144922902,20.615528128088304,19.924858845171276,18.027756377319946,15.524174696260024,13.341664064126334,11.045361017187261,10.04987562112089,9.486832980505138,9.433981132056603,10.0,11.704699910719626,13.341664064126334,15.033296378372908,17.0,19.1049731745428,0.0,0.0,0.0,0.0,0.0,0.0,0.0,0.0,0.0,0.0,0.0,10.0,10.0,9.433981132056603,8.602325267042627,7.211102550927978,5.830951894845301,3.605551275463989,1.4142135623730951,1.0,4.242640687119285,7.0710678118654755,9.219544457292887,12.041594578792296,14.866068747318506,15.620499351813308,16.401219466856727,18.027756377319946,19.235384061671343,19.697715603592208,19.924858845171276,20.396078054371138,20.09975124224178,20.0,21.095023109728988,21.213203435596427,20.615528128088304
1787404698.7444139,-82,0.0,14.560219778561036,14.317821063276353,13.152946437965905,12.0,12.041594578792296,11.180339887498949,12.165525060596439,12.165525060596439,13.152946437965905,14.035668847618199,15.033296378372908,15.0,15.033296378372908,14.142135623730951,14.142135623730951,13.152946437965905,12.041594578792296,11.0,10.04987562112089,9.486832980505138,8.94427190999916,10.0,10.63014581273465,12.041594578792296,12.806248474865697,13.601470508735444,0.0,0.0,0.0,0.0,0.0,0.0,0.0,0.0,0.0,0.0,0.0,3.1622776601683795,1.0,0.0,1.0,2.23606797749979,4.47213595499958,7.615773105863909,8.94427190999916,12.529964086141668,14.422205101855956,15.0,15.811388300841896,15.811388300841896,15.620499351813308,15.0,14.422205101855956,13.601470508735444,13.892443989449804,14.317821063276353,14.317821063276353,16.15549442140351,17.08800749063506,18.973665961010276,19.924858845171276,20.615528128088304,21.18962010041709
1787404698.7761025,-69,0.0,22.47220505424423,22.847319317591726,22.360679774997898,22.360679774997898,21.470910553583888,20.591260281974,19.72308292331602,16.64331697709324,13.601470508735444,12.806248474865697,12.806248474865697,12.206555615733702,11.180339887498949,9.848857801796104,8.94427190999916,8.54400374531753,8.54400374531753,7.0710678118654755,6.082762530298219,7.0710678118654755,7.0710678118654755,7.280109889280518,7.0710678118654755,6.082762530298219,6.0,6.0,0.0,0.0,0.0,0.0,0.0,0.0,0.0,0.0,0.0,0.0,0.0,6.0,5.0,4.123105625617661,5.0,5.656854249492381,6.4031242374328485,6.4031242374328485,7.0710678118654755,7.810249675906654,7.810249675906654,8.48528137423857,7.810249675906654,7.211102550927978,7.615773105863909,9.486832980505138,10.770329614269007,11.704699910719626,11.40175425099138,12.36931687685298,13.341664064126334,14.560219778561036,16.278820596099706,17.46424919657298,19.4164878389476,19.4164878389476,20.615528128088304
1787404698.7761025,-68,0.0,33.83784863137726,33.015148038438355,30.805843601498726,25.612496949731394,19.79898987322333,14.422205101855956,9.219544457292887,5.830951894845301,7.615773105863909,11.045361017187261,13.0,15.033296378372908,17.11724276862369,18.24828759089466,17.46424919657298,17.46424919657298,18.027756377319946,16.15549442140351,13.892443989449804,11.661903789690601,9.433981132056603,7.211102550927978,4.47213595499958,2.23606797749979,1.0,3.0,0.0,0.0,0.0,0.0,0.0,0.0,0.0,0.0,0.0,0.0,0.0,4.0,1.0,1.0,3.1622776601683795,5.385164807134504,7.615773105863909,9.486832980505138,11.40175425099138,14.317821063276353,16.278820596099706,17.11724276862369,17.029386365926403,17.11724276862369,16.492422502470642,15.811388300841896,14.866068747318506,13.0,8.54400374531753,5.385164807134504,3.0,3.0,8.94427190999916,14.7648230602334,21.095023109728988,26.076809620810597,29.68164415931166
1787404698.7761025,-68,0.0,31.76476034853718,30.4138126514911,27.730849247724095,23.769728648009426,18.973665961010276,13.341664064126334,7.0,4.242640687119285,5.0990195135927845,8.94427190999916,11.661903789690601,13.038404810405298,14.7648230602334,15.652475842498529,16.15549442140351,15.524174696260024,15.297058540778355,14.142135623730951,13.0,11.0,9.0,7.0,4.0,2.0,1.0,2.23606797749979,0.0,0.0,0.0,0.0,0.0,0.0,0.0,0.0,0.0,0.0,0.0,2.23606797749979,1.4142135623730951,1.4142135623730951,2.8284271247461903,5.0,7.0710678118654755,9.899494936611665,11.313708498984761,13.45362404707371,14.866068747318506,15.620499351813308,15.264337522473747,15.652475842498529,14.866068747318506,14.560219778561036,13.341664064126334,11.180339887498949,8.246211251235321,5.385164807134504,2.23606797749979,4.242640687119285,8.602325267042627,13.038404810405298,19.235384061671343,24.186773244895647,27.784887978899608
1787404698.7922766,-79,0.0,18.681541692269406,17.72004514666935,17.72004514666935,17.08800749063506,14.317821063276353,13.892443989449804,13.892443989449804,13.038404810405298,12.206555615733702,12.806248474865697,12.727922061357855,12.041594578792296,12.041594578792296,12.041594578792296,12.041594578792296,11.40175425099138,12.206555615733702,12.727922061357855,12.206555615733702,11.40175425099138,12.041594578792296,11.40175425099138,10.295630140987,8.246211251235321,9.055385138137417,8.246211251235321,0.0,0.0,0.0,0.0,0.0,0.0,0.0,0.0,0.0,0.0,0.0,6.4031242374328485,7.211102550927978,7.810249675906654,7.810249675906654,8.602325267042627,10.816653826391969,11.180339887498949,12.083045973594572,13.0,13.92838827718412,13.601470508735444,14.560219778561036,15.524174696260024,15.524174696260024,14.317821063276353,14.560219778561036,15.524174696260024,16.76305461424021,16.15549442140351,15.811388300841896,18.027756377319946,19.313207915827967,21.18962010041709,20.8806130178211,18.681541692269406,18.027756377319946
1787404698.8762574,-70,0.0,20.0,21.93171219946131,22.67156809750927,21.400934559032695,20.808652046684813,19.4164878389476,15.811388300841896,12.806248474865697,12.041594578792296,12.727922061357855,12.727922061357855,10.63014581273465,9.219544457292887,10.63014581273465,9.899494936611665,9.219544457292887,10.816653826391969,9.433981132056603,8.06225774829855,7.615773105863909,6.708203932499369,6.708203932499369,7.615773105863909,6.708203932499369,5.830951894845301,4.47213595499958,0.0,0.0,0.0,0.0,0.0,0.0,0.0,0.0,0.0,0.0,0.0,5.385164807134504,6.324555320336759,7.0,8.06225774829855,6.324555320336759,7.211102550927978,7.211102550927978,6.324555320336759,7.0710678118654755,8.06225774829855,10.04987562112089,10.198039027185569,9.848857801796104,10.0,10.63014581273465,10.63014581273465,12.041594578792296,12.727922061357855,12.206555615733702,13.601470508735444,16.278820596099706,17.804493814764857,19.4164878389476,20.0,21.2602916254693,21.93171219946131
1787404698.974205,-39,0.0,13.038404810405298,12.806248474865697,12.806248474865697,13.038404810405298,13.038404810405298,13.038404810405298,12.529964086141668,12.529964086141668,12.529964086141668,13.0,13.0,12.649110640673518,13.92838827718412,13.601470508735444,13.601470508735444,14.560219778561036,14.866068747318506,14.560219778561036,14.866068747318506,14.866068747318506,14.866068747318506,14.317821063276353,14.317821063276353,13.892443989449804,13.892443989449804,13.601470508735444,0.0,0.0,0.0,0.0,0.0,0.0,0.0,0.0,0.0,0.0,0.0,12.041594578792296,12.206555615733702,10.816653826391969,13.038404810405298,12.529964086141668,12.529964086141668,13.416407864998739,13.416407864998739,13.416407864998739,14.317821063276353,13.416407864998739,13.416407864998739,13.0,12.529964086141668,12.529964086141668,12.529964086141668,13.038404810405298,12.206555615733702,12.206555615733702,12.206555615733702,12.806248474865697,12.041594578792296,12.727922061357855,12.041594578792296,12.727922061357855,12.727922061357855
1787404698.9782112,-39,0.0,12.529964086141668,12.529964086141668,12.083045973594572,12.529964086141668,12.529964086141668,13.038404810405298,12.206555615733702,12.206555615733702,12.806248474865697,12.806248474865697,13.45362404707371,13.45362404707371,14.142135623730951,14.142135623730951,14.142135623730951,14.142135623730951,14.866068747318506,14.142135623730951,14.142135623730951,14.866068747318506,14.866068747318506,14.212670403551895,15.0,14.422205101855956,13.038404810405298,13.416407864998739,0.0,0.0,0.0,0.0,0.0,0.0,0.0,0.0,0.0,0.0,0.0,11.180339887498949,11.180339887498949,11.045361017187261,12.0,12.0,11.0,12.041594578792296,12.041594578792296,13.038404810405298,13.152946437965905,13.038404810405298,12.041594578792296,12.041594578792296,12.0,12.0,12.0,11.045361017187261,11.045361017187261,11.045361017187261,11.180339887498949,11.180339887498949,12.36931687685298,11.40175425099138,12.36931687685298,12.649110640673518,12.36931687685298
1787404698.9839709,-39,0.0,12.36931687685298,12.649110640673518,12.36931687685298,12.36931687685298,12.36931687685298,12.165525060596439,12.165525060596439,12.041594578792296,12.041594578792296,12.041594578792296,13.0,13.0,13.0,13.038404810405298,14.035668847618199,14.035668847618199,14.035668847618199,15.033296378372908,14.035668847618199,15.033296378372908,15.0,14.035668847618199,14.035668847618199,14.142135623730951,13.341664064126334,13.341664064126334,0.0,0.0,0.0,0.0,0.0,0.0,0.0,0.0,0.0,0.0,0.0,11.661903789690601,12.206555615733702,12.206555615733702,12.806248474865697,12.806248474865697,13.45362404707371,13.45362404707371,13.45362404707371,13.45362404707371,13.45362404707371,14.142135623730951,12.727922061357855,12.727922061357855,12.727922061357855,12.041594578792296,12.806248474865697,12.806248474865697,12.206555615733702,12.206555615733702,11.661903789690601,11.661903789690601,11.661903789690601,12.529964086141668,12.529964086141668,12.083045973594572,12.083045973594572
1787404698.9839709,-39,0.0,12.206555615733702,12.206555615733702,12.206555615733702,12.529964086141668,11.661903789690601,12.529964086141668,12.529964086141668,12.083045973594572,12.083045973594572,12.083045973594572,12.649110640673518,12.649110640673518,12.649110640673518,12.649110640673518,13.341664064126334,13.341664064126334,13.601470508735444,14.560219778561036,13.601470508735444,13.92838827718412,13.92838827718412,13.92838827718412,13.416407864998739,13.892443989449804,13.038404810405298,12.206555615733702,0.0,0.0,0.0,0.0,0.0,0.0,0.0,0.0,0.0,0.0,0.0,11.313708498984761,12.041594578792296,11.40175425099138,12.206555615733702,12.206555615733702,13.038404810405298,13.038404810405298,13.038404810405298,13.038404810405298,13.416407864998739,13.416407864998739,12.529964086141668,12.529964086141668,12.529964086141668,11.661903789690601,12.206555615733702,12.206555615733702,11.40175425099138,11.40175425099138,12.041594578792296,12.041594578792296,12.041594578792296,12.041594578792296,12.041594578792296,12.041594578792296,12.041594578792296
1787404699.0016837,-82,0.0,14.866068747318506,13.0,12.083045973594572,11.180339887498949,10.295630140987,8.602325267042627,8.48528137423857,7.810249675906654,8.06225774829855,8.06225774829855,8.94427190999916,8.54400374531753,9.486832980505138,9.486832980505138,9.848857801796104,9.848857801796104,8.94427190999916,8.94427190999916,8.94427190999916,8.06225774829855,7.211102550927978,7.211102550927978,7.810249675906654,7.0710678118654755,7.0710678118654755,7.0710678118654755,0.0,0.0,0.0,0.0,0.0,0.0,0.0,0.0,0.0,0.0,0.0,9.433981132056603,10.295630140987,10.295630140987,11.180339887498949,10.770329614269007,11.704699910719626,12.649110640673518,13.601470508735444,14.560219778561036,14.317821063276353,14.142135623730951,15.132745950421556,15.033296378372908,15.033296378372908,16.1245154965971,16.1245154965971,16.1245154965971,16.1245154965971,17.26267650163207,18.439088914585774,18.681541692269406,18.973665961010276,18.973665961010276,18.681541692269406,19.6468827043885,19.6468827043885
1787404699.0950692,-82,0.0,14.142135623730951,13.152946437965905,14.317821063276353,13.601470508735444,13.92838827718412,13.0,13.416407864998739,13.038404810405298,13.038404810405298,12.206555615733702,12.206555615733702,12.206555615733702,12.206555615733702,12.206555615733702,12.206555615733702,13.038404810405298,12.529964086141668,12.529964086141668,12.083045973594572,12.083045973594572,10.770329614269007,10.44030650891055,10.198039027185569,10.04987562112089,11.0,10.04987562112089,0.0,0.0,0.0,0.0,0.0,0.0,0.0,0.0,0.0,0.0,0.0,14.0,14.0,13.0,13.038404810405298,13.038404810405298,12.041594578792296,12.041594578792296,11.40175425099138,12.36931687685298,12.649110640673518,12.649110640673518,13.0,13.0,13.601470508735444,13.601470508735444,14.560219778561036,14.317821063276353,15.132745950421556,15.132745950421556,15.132745950421556,16.1245154965971,16.1245154965971,16.1245154965971,16.278820596099706,16.278820596099706,15.297058540778355
1787404699.0950692,-83,0.0,11.40175425099138,11.180339887498949,10.04987562112089,10.0,10.04987562112089,10.198039027185569,10.198039027185569,10.198039027185569,10.44030650891055,10.44030650891055,10.44030650891055,11.40175425099138,11.40175425099138,11.180339887498949,11.045361017187261,11.045361017187261,11.045361017187261,11.0,11.0,11.0,11.045361017187261,11.045361017187261,10.198039027185569,10.44030650891055,10.770329614269007,10.770329614269007,0.0,0.0,0.0,0.0,0.0,0.0,0.0,0.0,0.0,0.0,0.0,9.0,10.0,11.0,11.045361017187261,11.045361017187261,12.165525060596439,11.40175425099138,11.40175425099138,11.704699910719626,11.704699910719626,12.083045973594572,12.083045973594572,12.083045973594572,12.083045973594572,12.083045973594572,12.083045973594572,13.0,13.0,13.0,13.92838827718412,13.92838827718412,13.92838827718412,14.866068747318506,14.866068747318506,14.560219778561036,14.560219778561036
1787404699.3807456,-71,0.0,22.80350850198276,21.840329667841555,22.561028345356956,21.37755832643195,20.223748416156685,18.110770276274835,17.11724276862369,16.0312195418814,14.035668847618199,13.038404810405298,12.165525060596439,11.40175425099138,10.44030650891055,9.486832980505138,9.486832980505138,8.54400374531753,8.94427190999916,8.06225774829855,8.602325267042627,8.602325267042627,8.602325267042627,8.602325267042627,8.602325267042627,8.602325267042627,7.211102550927978,7.211102550927978,0.0,0.0,0.0,0.0,0.0,0.0,0.0,0.0,0.0,0.0,0.0,7.0710678118654755,7.0710678118654755,8.06225774829855,8.06225774829855,8.06225774829855,8.06225774829855,9.055385138137417,11.045361017187261,12.041594578792296,12.041594578792296,11.045361017187261,11.045361017187261,10.04987562112089,11.180339887498949,11.180339887498949,12.36931687685298,12.36931687685298,13.601470508735444,13.601470508735444,13.92838827718412,15.231546211727817,16.55294535724685,17.88854381999832,19.697715603592208,20.615528128088304,21.18962010041709
1787404699.4211671,-72,0.0,29.154759474226502,26.076809620810597,24.020824298928627,21.0,16.0312195418814,11.40175425099138,7.211102550927978,5.0990195135927845,7.211102550927978,9.219544457292887,10.63014581273465,12.727922061357855,14.866068747318506,15.620499351813308,15.811388300841896,16.1245154965971,15.652475842498529,15.231546211727817,13.0,11.40175425099138,9.486832980505138,7.280109889280518,4.123105625617661,2.23606797749979,1.0,2.0,0.0,0.0,0.0,0.0,0.0,0.0,0.0,0.0,0.0,0.0,0.0,1.0,1.0,1.0,1.0,3.1622776601683795,5.830951894845301,8.602325267042627,10.816653826391969,13.038404810405298,15.0,15.620499351813308,16.278820596099706,15.620499351813308,15.811388300841896,16.1245154965971,14.317821063276353,12.083045973594572,9.848857801796104,7.280109889280518,3.605551275463989,2.23606797749979,6.324555320336759,11.40175425099138,17.46424919657298,21.37755832643195,25.317977802344327
1787404699.4599457,-70,0.0,32.202484376209235,30.610455730027933,26.90724809414742,22.627416997969522,17.029386365926403,12.529964086141668,7.0,5.0,8.06225774829855,12.041594578792296,14.035668847618199,14.035668847618199,15.0,15.297058540778355,16.492422502470642,17.08800749063506,17.0,17.204650534085253,16.401219466856727,14.212670403551895,12.041594578792296,9.219544457292887,6.4031242374328485,3.1622776601683795,4.0,10.0,0.0,0.0,0.0,0.0,0.0,0.0,0.0,0.0,0.0,0.0,0.0,4.47213595499958,2.23606797749979,0.0,3.1622776601683795,5.0990195135927845,8.06225774829855,11.045361017187261,14.035668847618199,16.1245154965971,17.029386365926403,18.0,18.027756377319946,17.11724276862369,16.492422502470642,14.866068747318506,13.92838827718412,11.704699910719626,8.94427190999916,5.385164807134504,2.0,4.0,8.54400374531753,13.892443989449804,19.72308292331602,25.238858928247925,28.844410203711913
1787404699.4996,-70,0.0,23.021728866442675,23.323807579381203,21.95449840010015,20.12461179749811,19.697715603592208,18.788294228055936,17.46424919657298,16.15549442140351,14.866068747318506,13.0,11.180339887498949,10.816653826391969,9.219544457292887,9.219544457292887,8.06225774829855,7.211102550927978,6.4031242374328485,8.06225774829855,8.54400374531753,7.615773105863909,8.06225774829855,8.06225774829855,8.06225774829855,8.06225774829855,6.708203932499369,7.280109889280518,0.0,0.0,0.0,0.0,0.0,0.0,0.0,0.0,0.0,0.0,0.0,5.830951894845301,5.385164807134504,6.082762530298219,6.082762530298219,6.082762530298219,7.0710678118654755,8.246211251235321,9.219544457292887,9.219544457292887,9.055385138137417,8.06225774829855,8.246211251235321,8.54400374531753,9.848857801796104,11.180339887498949,11.661903789690601,12.041594578792296,12.041594578792296,13.45362404707371,14.142135623730951,14.142135623730951,15.620499351813308,18.439088914585774,19.849433241279208,20.808652046684813,21.95449840010015
1787404699.5071409,-87,0.0,17.72004514666935,16.492422502470642,14.317821063276353,13.038404810405298,12.041594578792296,11.180339887498949,10.770329614269007,10.816653826391969,9.899494936611665,12.041594578792296,12.806248474865697,14.212670403551895,13.601470508735444,14.212670403551895,15.620499351813308,14.866068747318506,14.142135623730951,14.212670403551895,12.206555615733702,11.661903789690601,10.816653826391969,10.770329614269007,9.486832980505138,9.219544457292887,9.055385138137417,9.0,0.0,0.0,0.0,0.0,0.0,0.0,0.0,0.0,0.0,0.0,0.0,9.0,8.0,8.0,7.0,6.0,5.0990195135927845,4.47213595499958,5.0,5.0,5.656854249492381,6.4031242374328485,7.0710678118654755,7.0710678118654755,8.48528137423857,9.219544457292887,9.433981132056603,11.180339887498949,12.083045973594572,13.92838827718412,14.866068747318506,16.15549442140351,17.08800749063506,18.027756377319946,18.027756377319946,18.027756377319946,17.72004514666935
1787404699.5071409,-87,0.0,16.1245154965971,14.317821063276353,13.341664064126334,11.704699910719626,10.295630140987,9.899494936611665,9.433981132056603,9.848857801796104,11.40175425099138,12.36931687685298,13.341664064126334,14.317821063276353,15.297058540778355,16.492422502470642,16.76305461424021,15.811388300841896,15.811388300841896,14.317821063276353,14.317821063276353,13.892443989449804,13.038404810405298,12.041594578792296,12.041594578792296,11.313708498984761,10.63014581273465,11.40175425099138,0.0,0.0,0.0,0.0,0.0,0.0,0.0,0.0,0.0,0.0,0.0,7.810249675906654,7.810249675906654,7.211102550927978,6.4031242374328485,6.4031242374328485,6.4031242374328485,5.656854249492381,5.830951894845301,5.830951894845301,6.708203932499369,6.708203932499369,8.246211251235321,8.246211251235321,9.055385138137417,10.04987562112089,11.045361017187261,11.045361017187261,12.0,13.0,14.035668847618199,14.0,15.033296378372908,15.132745950421556,16.1245154965971,16.1245154965971,16.278820596099706
1787404699.6021843,-71,0.0,23.53720459187964,22.360679774997898,22.20360331117452,21.02379604162864,20.024984394500787,19.0,17.029386365926403,16.1245154965971,15.132745950421556,13.038404810405298,11.0,10.0,9.0,9.055385138137417,8.06225774829855,7.280109889280518,6.324555320336759,6.324555320336759,6.708203932499369,5.830951894845301,6.708203932499369,6.708203932499369,5.385164807134504,5.385164807134504,4.47213595499958,5.385164807134504,0.0,0.0,0.0,0.0,0.0,0.0,0.0,0.0,0.0,0.0,0.0,7.810249675906654,7.211102550927978,6.708203932499369,6.324555320336759,6.324555320336759,7.0710678118654755,8.06225774829855,8.06225774829855,9.055385138137417,9.055385138137417,9.055385138137417,9.055385138137417,9.0,10.04987562112089,10.04987562112089,10.198039027185569,11.40175425099138,11.40175425099138,11.40175425099138,12.649110640673518,13.0,15.231546211727817,17.08800749063506,18.384776310850235,20.248456731316587,21.540659228538015
1787404699.6967285,-70,0.0,22.090722034374522,23.08679276123039,22.20360331117452,21.37755832643195,20.615528128088304,19.6468827043885,17.72004514666935,15.811388300841896,14.866068747318506,13.601470508735444,11.40175425099138,10.198039027185569,10.04987562112089,9.055385138137417,9.055385138137417,9.0,8.0,8.06225774829855,7.0710678118654755,7.280109889280518,7.280109889280518,7.280109889280518,7.280109889280518,7.280109889280518,7.280109889280518,6.324555320336759,0.0,0.0,0.0,0.0,0.0,0.0,0.0,0.0,0.0,0.0,0.0,7.211102550927978,6.4031242374328485,6.4031242374328485,6.708203932499369,7.615773105863909,8.246211251235321,9.219544457292887,9.219544457292887,10.198039027185569,10.44030650891055,10.44030650891055,10.44030650891055,11.180339887498949,12.165525060596439,13.341664064126334,13.341664064126334,14.142135623730951,13.152946437965905,13.038404810405298,13.038404810405298,15.0,16.0,18.027756377319946,19.026297590440446,21.02379604162864,22.0
1787404700.078753,-84,0.0,12.041594578792296,12.041594578792296,10.04987562112089,9.055385138137417,7.0710678118654755,6.082762530298219,4.0,4.0,4.0,3.1622776601683795,3.605551275463989,4.47213595499958,5.0,6.4031242374328485,7.211102550927978,7.810249675906654,7.810249675906654,7.810249675906654,7.211102550927978,5.830951894845301,5.830951894845301,4.47213595499958,4.123105625617661,3.0,2.0,2.0,0.0,0.0,0.0,0.0,0.0,0.0,0.0,0.0,0.0,0.0,0.0,13.92838827718412,16.15549442140351,15.231546211727817,16.55294535724685,16.1245154965971,16.64331697709324,15.620499351813308,16.278820596099706,15.556349186104045,14.212670403551895,12.806248474865697,11.661903789690601,11.180339887498949,10.295630140987,8.602325267042627,8.602325267042627,7.810249675906654,7.810249675906654,8.06225774829855,8.54400374531753,8.54400374531753,10.04987562112089,12.0,13.0,13.038404810405298,15.033296378372908
1787404700.1267903,-77,0.0,17.029386365926403,16.0,15.033296378372908,15.0,15.0,15.0,14.0,12.165525060596439,11.40175425099138,11.40175425099138,12.649110640673518,12.649110640673518,12.649110640673518,11.704699910719626,11.704699910719626,11.40175425099138,11.40175425099138,11.40175425099138,11.180339887498949,11.045361017187261,10.04987562112089,11.0,11.180339887498949,10.44030650891055,10.770329614269007,9.433981132056603,0.0,0.0,0.0,0.0,0.0,0.0,0.0,0.0,0.0,0.0,0.0,6.082762530298219,7.0710678118654755,7.280109889280518,8.06225774829855,10.198039027185569,11.40175425099138,13.152946437965905,15.132745950421556,15.524174696260024,13.341664064126334,11.704699910719626,11.180339887498949,11.180339887498949,12.529964086141668,12.529964086141668,12.083045973594572,11.704699910719626,12.649110640673518,13.601470508735444,13.601470508735444,14.317821063276353,14.317821063276353,14.142135623730951,14.142135623730951,14.142135623730951,14.0
1787404700.321925,-81,0.0,20.248456731316587,17.4928556845359,11.704699910719626,7.0,7.211102550927978,8.602325267042627,9.848857801796104,12.649110640673518,15.811388300841896,17.0,19.209372712298546,19.79898987322333,19.849433241279208,19.4164878389476,17.804493814764857,15.620499351813308,14.422205101855956,12.083045973594572,9.219544457292887,7.0710678118654755,5.830951894845301,7.810249675906654,8.06225774829855,9.486832980505138,10.04987562112089,10.0,0.0,0.0,0.0,0.0,0.0,0.0,0.0,0.0,0.0,0.0,0.0,7.280109889280518,8.246211251235321,8.246211251235321,12.165525060596439,15.297058540778355,17.26267650163207,18.110770276274835,20.223748416156685,20.223748416156685,17.11724276862369,13.0,10.0,7.0710678118654755,5.830951894845301,5.0,6.0,8.54400374531753,10.44030650891055,13.038404810405298,18.110770276274835,21.095023109728988,24.020824298928627,27.294688127912362,28.635642126552707,28.460498941515414,28.231188426986208
1787404700.8324409,-81,0.0,19.235384061671343,15.297058540778355,12.165525060596439,9.055385138137417,4.0,2.23606797749979,4.47213595499958,7.211102550927978,10.816653826391969,12.529964086141668,14.317821063276353,15.524174696260024,17.46424919657298,17.72004514666935,17.72004514666935,17.08800749063506,14.317821063276353,10.816653826391969,7.810249675906654,5.385164807134504,5.0990195135927845,6.4031242374328485,7.211102550927978,9.055385138137417,11.045361017187261,12.36931687685298,0.0,0.0,0.0,0.0,0.0,0.0,0.0,0.0,0.0,0.0,0.0,4.47213595499958,7.810249675906654,9.433981132056603,11.180339887498949,12.083045973594572,13.892443989449804,13.892443989449804,12.649110640673518,15.811388300841896,17.88854381999832,17.88854381999832,15.652475842498529,10.295630140987,7.810249675906654,5.385164807134504,4.123105625617661,3.1622776601683795,4.47213595499958,8.94427190999916,12.649110640673518,16.492422502470642,19.235384061671343,23.08679276123039,25.079872407968907,26.076809620810597,27.0
1787404700.9370766,-80,0.0,17.46424919657298,17.46424919657298,16.492422502470642,15.811388300841896,13.92838827718412,13.601470508735444,12.649110640673518,11.180339887498949,10.0,9.899494936611665,10.816653826391969,13.038404810405298,13.038404810405298,13.601470508735444,13.601470508735444,13.45362404707371,13.45362404707371,13.45362404707371,13.45362404707371,12.206555615733702,12.083045973594572,11.40175425099138,10.198039027185569,10.04987562112089,10.04987562112089,9.055385138137417,0.0,0.0,0.0,0.0,0.0,0.0,0.0,0.0,0.0,0.0,0.0,11.045361017187261,11.40175425099138,11.704699910719626,11.180339887498949,12.529964086141668,13.038404810405298,12.529964086141668,11.661903789690601,11.40175425099138,11.661903789690601,13.0,12.649110640673518,12.083045973594572,10.770329614269007,11.40175425099138,11.180339887498949,12.165525060596439,12.041594578792296,13.0,15.132745950421556,16.1245154965971,16.0312195418814,16.0312195418814,18.110770276274835,19.235384061671343,19.235384061671343
1787404701.364568,-71,0.0,30.0,28.600699292150182,25.612496949731394,22.02271554554524,17.69180601295413,13.45362404707371,8.94427190999916,6.082762530298219,6.4031242374328485,8.54400374531753,10.44030650891055,11.704699910719626,13.0,13.416407864998739,13.892443989449804,13.601470508735444,12.727922061357855,12.041594578792296,10.816653826391969,9.433981132056603,8.94427190999916,6.708203932499369,5.0,2.23606797749979,1.0,2.23606797749979,0.0,0.0,0.0,0.0,0.0,0.0,0.0,0.0,0.0,0.0,0.0,2.0,0.0,1.4142135623730951,3.605551275463989,5.0,7.0710678118654755,8.602325267042627,10.816653826391969,13.892443989449804,14.7648230602334,15.231546211727817,15.231546211727817,15.524174696260024,15.033296378372908,14.0,12.0,10.04987562112089,7.0710678118654755,5.0990195135927845,2.8284271247461903,5.0990195135927845,9.433981132056603,13.601470508735444,19.209372712298546,23.430749027719962,25.612496949731394
1787404701.365575,-85,0.0,17.69180601295413,15.620499351813308,13.45362404707371,12.041594578792296,10.0,7.211102550927978,5.656854249492381,4.242640687119285,4.242640687119285,2.8284271247461903,3.1622776601683795,4.123105625617661,5.0,6.082762530298219,6.0,7.0710678118654755,8.06225774829855,8.246211251235321,8.54400374531753,8.06225774829855,8.06225774829855,5.656854249492381,5.385164807134504,5.0990195135927845,4.123105625617661,5.0,0.0,0.0,0.0,0.0,0.0,0.0,0.0,0.0,0.0,0.0,0.0,17.4928556845359,17.4928556845359,18.35755975068582,18.788294228055936,19.313207915827967,18.973665961010276,19.4164878389476,19.235384061671343,18.110770276274835,17.029386365926403,15.033296378372908,13.038404810405298,12.041594578792296,10.04987562112089,9.219544457292887,8.246211251235321,7.615773105863909,8.06225774829855,8.06225774829855,10.295630140987,10.816653826391969,10.63014581273465,11.313708498984761,12.806248474865697,13.601470508735444,14.422205101855956
1787404701.588689,-84,0.0,8.246211251235321,8.06225774829855,8.06225774829855,8.0,8.06225774829855,7.280109889280518,7.280109889280518,6.324555320336759,6.708203932499369,5.656854249492381,5.656854249492381,5.656854249492381,5.656854249492381,7.0710678118654755,7.810249675906654,9.219544457292887,8.602325267042627,8.602325267042627,8.06225774829855,7.615773105863909,7.280109889280518,6.324555320336759,6.082762530298219,5.0990195135927845,4.0,4.0,0.0,0.0,0.0,0.0,0.0,0.0,0.0,0.0,0.0,0.0,0.0,15.524174696260024,14.560219778561036,13.341664064126334,13.341664064126334,12.36931687685298,12.36931687685298,11.704699910719626,11.704699910719626,11.180339887498949,10.770329614269007,9.486832980505138,10.770329614269007,10.295630140987,10.295630140987,10.295630140987,9.848857801796104,10.295630140987,10.770329614269007,10.770329614269007,11.704699910719626,10.44030650891055,11.40175425099138,11.180339887498949,11.045361017187261,11.045361017187261,12.041594578792296
1787404701.9566698,-70,0.0,24.041630560342615,23.345235059857504,22.67156809750927,22.02271554554524,21.400934559032695,19.4164878389476,18.027756377319946,16.64331697709324,15.264337522473747,14.422205101855956,14.422205101855956,13.038404810405298,12.206555615733702,11.40175425099138,10.816653826391969,9.433981132056603,9.219544457292887,8.48528137423857,7.810249675906654,7.0710678118654755,6.4031242374328485,6.4031242374328485,6.4031242374328485,5.830951894845301,5.830951894845301,5.385164807134504,0.0,0.0,0.0,0.0,0.0,0.0,0.0,0.0,0.0,0.0,0.0,7.0,6.082762530298219,6.082762530298219,6.324555320336759,6.324555320336759,7.615773105863909,7.615773105863909,8.94427190999916,8.94427190999916,9.848857801796104,9.848857801796104,9.433981132056603,8.602325267042627,9.219544457292887,10.63014581273465,11.313708498984761,11.313708498984761,12.727922061357855,12.727922061357855,13.45362404707371,14.212670403551895,16.401219466856727,17.804493814764857,19.209372712298546,20.518284528683193,21.2602916254693
1787404702.1773655,-68,0.0,37.013511046643494,35.014282800023196,31.016124838541646,26.076809620810597,20.09975124224178,13.152946437965905,7.615773105863909,5.385164807134504,7.211102550927978,10.63014581273465,12.806248474865697,15.620499351813308,17.69180601295413,18.439088914585774,18.439088914585774,19.209372712298546,19.4164878389476,18.027756377319946,15.811388300841896,13.038404810405298,10.295630140987,8.06225774829855,5.830951894845301,3.605551275463989,1.0,1.0,0.0,0.0,0.0,0.0,0.0,0.0,0.0,0.0,0.0,0.0,0.0,5.0990195135927845,4.0,2.0,1.4142135623730951,5.0,7.211102550927978,10.0,12.041594578792296,13.45362404707371,15.620499351813308,18.439088914585774,18.384776310850235,18.601075237738275,18.35755975068582,18.35755975068582,17.0,13.416407864998739,9.848857801796104,6.324555320336759,3.0,2.0,8.06225774829855,16.1245154965971,23.08679276123039,27.16615541441225,30.14962686336267
1787404702.4263046,-78,0.0,16.0312195418814,17.26267650163207,17.72004514666935,17.46424919657298,17.0,17.0,16.401219466856727,16.278820596099706,15.0,13.601470508735444,11.40175425099138,10.295630140987,8.06225774829855,5.656854249492381,5.0990195135927845,5.830951894845301,6.708203932499369,8.54400374531753,10.770329614269007,12.649110640673518,13.601470508735444,14.317821063276353,17.029386365926403,16.0312195418814,9.433981132056603,15.524174696260024,0.0,0.0,0.0,0.0,0.0,0.0,0.0,0.0,0.0,0.0,0.0,12.36931687685298,10.04987562112089,5.385164807134504,1.0,2.23606797749979,5.656854249492381,8.06225774829855,8.54400374531753,11.704699910719626,13.92838827718412,15.231546211727817,15.231546211727817,16.15549442140351,16.76305461424021,16.76305461424021,15.231546211727817,14.7648230602334,14.422205101855956,12.806248474865697,10.63014581273465,7.810249675906654,5.385164807134504,4.123105625617661,5.385164807134504,8.0,10.0
1787404702.9710808,-39,0.0,13.45362404707371,12.041594578792296,12.727922061357855,12.806248474865697,12.806248474865697,12.806248474865697,12.806248474865697,12.206555615733702,13.038404810405298,12.529964086141668,13.416407864998739,13.416407864998739,13.416407864998739,13.416407864998739,14.317821063276353,14.317821063276353,14.317821063276353,14.7648230602334,14.7648230602334,14.7648230602334,14.422205101855956,14.422205101855956,13.601470508735444,14.212670403551895,13.45362404707371,12.727922061357855,0.0,0.0,0.0,0.0,0.0,0.0,0.0,0.0,0.0,0.0,0.0,10.816653826391969,10.816653826391969,11.180339887498949,12.083045973594572,12.083045973594572,12.083045973594572,13.0,12.649110640673518,12.649110640673518,12.649110640673518,12.649110640673518,13.0,12.083045973594572,12.083045973594572,12.083045973594572,12.083045973594572,12.083045973594572,12.083045973594572,11.661903789690601,12.206555615733702,12.206555615733702,12.206555615733702,12.206555615733702,12.806248474865697,12.806248474865697,12.806248474865697
1787404702.9710808,-39,0.0,12.806248474865697,12.806248474865697,12.806248474865697,12.041594578792296,12.041594578792296,12.727922061357855,12.727922061357855,12.041594578792296,12.041594578792296,12.806248474865697,12.806248474865697,12.206555615733702,13.601470508735444,13.601470508735444,13.601470508735444,14.422205101855956,14.422205101855956,14.422205101855956,14.212670403551895,14.212670403551895,14.212670403551895,14.142135623730951,14.142135623730951,13.45362404707371,12.806248474865697,13.038404810405298,0.0,0.0,0.0,0.0,0.0,0.0,0.0,0.0,0.0,0.0,0.0,10.295630140987,11.180339887498949,10.770329614269007,11.704699910719626,11.704699910719626,12.649110640673518,12.36931687685298,12.36931687685298,12.36931687685298,12.36931687685298,12.36931687685298,12.36931687685298,12.36931687685298,12.36931687685298,11.704699910719626,11.704699910719626,11.704699910719626,11.704699910719626,12.083045973594572,12.083045973594572,12.083045973594572,11.661903789690601,11.661903789690601,11.661903789690601,13.038404810405298,12.529964086141668
1787404703.209089,-70,0.0,30.805843601498726,30.0,27.80287754891569,24.08318915758459,19.1049731745428,13.892443989449804,10.04987562112089,6.324555320336759,5.830951894845301,9.055385138137417,11.0,13.0,14.035668847618199,15.033296378372908,16.1245154965971,15.297058540778355,14.560219778561036,13.416407864998739,13.038404810405298,11.40175425099138,10.0,7.211102550927978,4.47213595499958,2.23606797749979,1.0,1.0,0.0,0.0,0.0,0.0,0.0,0.0,0.0,0.0,0.0,0.0,0.0,3.605551275463989,2.23606797749979,0.0,2.23606797749979,4.123105625617661,6.082762530298219,9.055385138137417,12.041594578792296,14.035668847618199,16.0,17.0,17.029386365926403,15.297058540778355,14.866068747318506,14.317821063276353,13.892443989449804,11.661903789690601,8.602325267042627,5.656854249492381,2.23606797749979,2.23606797749979,6.4031242374328485,12.206555615733702,18.027756377319946,23.853720883753127,28.0178514522438
1787404703.3047655,-72,0.0,28.284271247461902,27.459060435491963,24.515301344262525,21.587033144922902,17.08800749063506,11.180339887498949,7.0710678118654755,4.0,5.830951894845301,9.486832980505138,11.40175425099138,13.601470508735444,15.524174696260024,15.811388300841896,16.15549442140351,15.231546211727817,14.7648230602334,13.892443989449804,13.038404810405298,11.40175425099138,10.0,7.211102550927978,4.47213595499958,1.4142135623730951,1.0,2.23606797749979,0.0,0.0,0.0,0.0,0.0,0.0,0.0,0.0,0.0,0.0,0.0,2.0,1.0,1.4142135623730951,2.0,4.123105625617661,7.615773105863909,9.848857801796104,12.083045973594572,14.317821063276353,15.652475842498529,17.0,16.1245154965971,15.0,14.866068747318506,14.212670403551895,13.601470508735444,11.661903789690601,8.94427190999916,6.708203932499369,3.605551275463989,1.4142135623730951,6.082762530298219,11.0,16.0312195418814,21.02379604162864,24.020824298928627
1787404703.464325,-69,0.0,31.906112267087632,31.064449134018133,28.844410203711913,25.0,19.849433241279208,14.142135623730951,9.433981132056603,6.082762530298219,4.242640687119285,6.082762530298219,9.0,11.0,13.038404810405298,15.033296378372908,15.132745950421556,15.297058540778355,14.560219778561036,13.92838827718412,13.416407864998739,11.661903789690601,8.602325267042627,7.211102550927978,5.0990195135927845,2.23606797749979,1.4142135623730951,2.23606797749979,0.0,0.0,0.0,0.0,0.0,0.0,0.0,0.0,0.0,0.0,0.0,4.47213595499958,2.23606797749979,1.0,1.4142135623730951,3.1622776601683795,5.0990195135927845,8.06225774829855,10.04987562112089,13.038404810405298,15.033296378372908,16.0312195418814,16.0312195418814,16.278820596099706,15.524174696260024,14.866068747318506,13.0,11.180339887498949,9.433981132056603,6.4031242374328485,2.23606797749979,3.1622776601683795,7.211102550927978,12.529964086141668,19.72308292331602,24.698178070456937,27.459060435491963
1787404703.4953003,-86,0.0,19.0,18.0,17.029386365926403,15.132745950421556,13.341664064126334,10.770329614269007,9.433981132056603,7.810249675906654,5.830951894845301,4.47213595499958,4.123105625617661,4.0,4.0,4.0,5.385164807134504,5.0,6.4031242374328485,8.48528137423857,8.48528137423857,9.219544457292887,9.219544457292887,10.0,10.0,10.295630140987,9.486832980505138,9.219544457292887,0.0,0.0,0.0,0.0,0.0,0.0,0.0,0.0,0.0,0.0,0.0,14.142135623730951,14.560219778561036,16.15549442140351,17.0,19.4164878389476,19.849433241279208,21.213203435596427,20.615528128088304,21.400934559032695,20.0,19.4164878389476,18.027756377319946,15.264337522473747,13.038404810405298,11.40175425099138,10.63014581273465,10.0,8.94427190999916,8.246211251235321,9.219544457292887,9.055385138137417,10.0,11.0,12.041594578792296,13.038404810405298,14.142135623730951
1787404703.511357,-69,0.0,30.01666203960727,29.154759474226502,25.942243542145693,21.02379604162864,17.08800749063506,12.36931687685298,7.0,4.242640687119285,5.0990195135927845,7.211102550927978,10.0,12.206555615733702,13.892443989449804,14.7648230602334,15.652475842498529,15.811388300841896,15.524174696260024,15.297058540778355,14.317821063276353,13.152946437965905,11.180339887498949,9.219544457292887,6.082762530298219,4.123105625617661,1.4142135623730951,1.4142135623730951,0.0,0.0,0.0,0.0,0.0,0.0,0.0,0.0,0.0,0.0,0.0,3.605551275463989,2.8284271247461903,1.0,1.4142135623730951,2.23606797749979,5.385164807134504,7.615773105863909,10.770329614269007,12.649110640673518,13.92838827718412,14.866068747318506,15.524174696260024,15.132745950421556,14.035668847618199,14.0,12.041594578792296,11.180339887498949,8.246211251235321,5.385164807134504,2.23606797749979,1.0,4.242640687119285,8.48528137423857,14.212670403551895,20.0,23.600847442411894
1787404703.7994056,-71,0.0,23.430749027719962,23.430749027719962,23.345235059857504,21.93171219946131,20.518284528683193,19.849433241279208,17.804493814764857,16.401219466856727,14.212670403551895,13.45362404707371,12.727922061357855,12.727922061357855,12.041594578792296,12.041594578792296,10.63014581273465,10.0,10.295630140987,10.295630140987,9.848857801796104,8.94427190999916,8.94427190999916,8.94427190999916,8.94427190999916,8.94427190999916,8.06225774829855,7.615773105863909,0.0,0.0,0.0,0.0,0.0,0.0,0.0,0.0,0.0,0.0,0.0,7.0710678118654755,7.280109889280518,7.615773105863909,8.94427190999916,9.433981132056603,10.295630140987,10.295630140987,10.295630140987,10.295630140987,10.295630140987,10.295630140987,10.295630140987,10.295630140987,9.433981132056603,9.899494936611665,10.63014581273465,11.40175425099138,12.041594578792296,13.038404810405298,13.892443989449804,15.264337522473747,17.4928556845359,18.35755975068582,20.248456731316587,21.633307652783937,22.20360331117452
1787404703.9881558,-69,0.0,29.832867780352597,30.610455730027933,27.80287754891569,23.021728866442675,18.35755975068582,12.649110640673518,8.06225774829855,5.385164807134504,5.385164807134504,8.0,10.04987562112089,12.041594578792296,13.0,13.0,13.038404810405298,13.341664064126334,11.40175425099138,10.770329614269007,10.295630140987,8.602325267042627,7.0710678118654755,5.656854249492381,3.605551275463989,2.23606797749979,1.0,1.0,0.0,0.0,0.0,0.0,0.0,0.0,0.0,0.0,0.0,0.0,0.0,2.0,2.0,2.23606797749979,2.0,3.605551275463989,6.4031242374328485,9.433981132056603,11.661903789690601,13.892443989449804,14.7648230602334,16.1245154965971,17.0,14.866068747318506,14.317821063276353,13.038404810405298,12.0,10.04987562112089,7.280109889280518,5.0990195135927845,3.1622776601683795,3.1622776601683795,7.211102550927978,12.041594578792296,19.1049731745428,22.627416997969522,25.495097567963924
1787404704.162248,-69,0.0,35.22782990761707,34.40930106817051,32.802438933713454,27.65863337187866,21.93171219946131,17.029386365926403,11.661903789690601,7.0710678118654755,5.0,6.082762530298219,9.0,12.165525060596439,14.317821063276353,16.278820596099706,17.46424919657298,16.76305461424021,16.55294535724685,15.264337522473747,13.601470508735444,12.806248474865697,12.041594578792296,9.219544457292887,6.4031242374328485,5.0,1.4142135623730951,1.0,0.0,0.0,0.0,0.0,0.0,0.0,0.0,0.0,0.0,0.0,0.0,4.242640687119285,2.8284271247461903,1.0,1.4142135623730951,3.605551275463989,6.708203932499369,8.54400374531753,10.770329614269007,13.601470508735444,14.560219778561036,16.492422502470642,16.278820596099706,16.0,15.132745950421556,14.560219778561036,13.92838827718412,12.083045973594572,9.848857801796104,6.708203932499369,4.123105625617661,3.1622776601683795,7.280109889280518,12.083045973594572,18.35755975068582,24.186773244895647,27.784887978899608
1787404704.1756551,-69,0.0,33.54101966249684,33.54101966249684,31.400636936215164,27.073972741361768,21.02379604162864,15.033296378372908,10.770329614269007,7.211102550927978,7.0710678118654755,8.94427190999916,12.206555615733702,15.811388300841896,15.811388300841896,16.64331697709324,17.88854381999832,17.08800749063506,16.492422502470642,16.278820596099706,16.278820596099706,16.1245154965971,13.038404810405298,10.04987562112089,8.06225774829855,5.0990195135927845,3.1622776601683795,2.23606797749979,0.0,0.0,0.0,0.0,0.0,0.0,0.0,0.0,0.0,0.0,0.0,5.385164807134504,3.1622776601683795,1.4142135623730951,1.4142135623730951,3.1622776601683795,6.324555320336759,8.94427190999916,11.180339887498949,13.416407864998739,15.264337522473747,16.64331697709324,16.401219466856727,16.278820596099706,15.811388300841896,15.652475842498529,15.231546211727817,13.601470508735444,11.40175425099138,8.246211251235321,5.385164807134504,2.0,5.830951894845301,10.770329614269007,17.72004514666935,23.769728648009426,27.892651361962706
1787404704.1808364,-69,0.0,31.38470965295043,30.528675044947494,28.844410203711913,25.0,19.209372712298546,14.866068747318506,9.219544457292887,5.385164807134504,4.47213595499958,5.830951894845301,8.246211251235321,9.219544457292887,11.704699910719626,13.92838827718412,14.317821063276353,13.892443989449804,14.212670403551895,14.142135623730951,13.45362404707371,11.313708498984761,9.899494936611665,7.810249675906654,5.656854249492381,4.47213595499958,3.605551275463989,2.23606797749979,0.0,0.0,0.0,0.0,0.0,0.0,0.0,0.0,0.0,0.0,0.0,3.605551275463989,2.23606797749979,1.0,2.23606797749979,5.0,6.708203932499369,8.54400374531753,10.44030650891055,12.36931687685298,13.341664064126334,14.317821063276353,14.142135623730951,13.038404810405298,13.038404810405298,12.36931687685298,10.770329614269007,9.848857801796104,7.615773105863909,5.385164807134504,3.1622776601683795,2.23606797749979,5.385164807134504,10.770329614269007,16.55294535724685,21.470910553583888,24.596747752497688
1787404704.1808364,-69,0.0,35.73513677041127,35.4400902933387,32.01562118716424,28.635642126552707,22.360679774997898,16.1245154965971,10.04987562112089,5.830951894845301,4.123105625617661,6.708203932499369,10.0,11.40175425099138,13.601470508735444,15.264337522473747,16.1245154965971,16.15549442140351,15.297058540778355,15.132745950421556,13.341664064126334,11.40175425099138,11.045361017187261,9.0,6.0,3.0,1.0,0.0,0.0,0.0,0.0,0.0,0.0,0.0,0.0,0.0,0.0,0.0,0.0,4.0,2.23606797749979,1.4142135623730951,2.0,4.47213595499958,7.211102550927978,10.816653826391969,13.038404810405298,15.0,16.401219466856727,18.439088914585774,18.439088914585774,17.029386365926403,15.811388300841896,15.652475842498529,14.866068747318506,12.649110640673518,10.198039027185569,7.280109889280518,4.47213595499958,3.1622776601683795,7.211102550927978,13.416407864998739,19.697715603592208,26.0,30.083217912982647
1787404704.2737217,-68,0.0,35.84689665786984,34.0147027033899,31.304951684997057,27.294688127912362,21.095023109728988,15.811388300841896,9.899494936611665,4.47213595499958,2.8284271247461903,6.082762530298219,9.055385138137417,10.04987562112089,12.165525060596439,13.341664064126334,14.866068747318506,15.231546211727817,14.7648230602334,15.0,15.0,14.212670403551895,11.40175425099138,8.602325267042627,5.830951894845301,3.1622776601683795,1.4142135623730951,1.0,0.0,0.0,0.0,0.0,0.0,0.0,0.0,0.0,0.0,0.0,0.0,5.0,4.123105625617661,2.8284271247461903,1.4142135623730951,1.0,4.0,7.0710678118654755,9.219544457292887,12.649110640673518,15.811388300841896,17.08800749063506,17.46424919657298,16.55294535724685,16.1245154965971,15.620499351813308,14.866068747318506,12.727922061357855,10.63014581273465,7.0710678118654755,3.1622776601683795,3.1622776601683795,8.06225774829855,13.152946437965905,20.615528128088304,25.709920264364882,27.892651361962706
1787404704.3288312,-88,0.0,10.816653826391969,11.661903789690601,11.661903789690601,12.206555615733702,12.206555615733702,11.40175425099138,10.63014581273465,9.219544457292887,8.06225774829855,7.0710678118654755,6.082762530298219,6.324555320336759,5.0,5.0,5.0,3.605551275463989,3.605551275463989,3.605551275463989,4.0,4.123105625617661,4.123105625617661,5.0990195135927845,6.0,7.0,7.0710678118654755,8.246211251235321,0.0,0.0,0.0,0.0,0.0,0.0,0.0,0.0,0.0,0.0,0.0,15.264337522473747,15.811388300841896,14.866068747318506,14.866068747318506,15.811388300841896,16.1245154965971,16.15549442140351,16.76305461424021,17.46424919657298,16.1245154965971,16.1245154965971,15.297058540778355,14.317821063276353,13.341664064126334,11.704699910719626,10.295630140987,9.219544457292887,8.602325267042627,8.54400374531753,8.06225774829855,9.0,10.198039027185569,10.44030650891055,11.40175425099138,11.704699910719626,11.704699910719626
1787404704.3369412,-79,0.0,20.518284528683193,19.79898987322333,18.384776310850235,17.69180601295413,16.97056274847714,16.278820596099706,15.620499351813308,15.620499351813308,15.0,15.811388300841896,15.264337522473747,14.422205101855956,14.422205101855956,14.422205101855956,13.601470508735444,13.601470508735444,13.038404810405298,13.038404810405298,12.206555615733702,11.40175425099138,12.041594578792296,12.041594578792296,12.206555615733702,12.206555615733702,11.661903789690601,10.770329614269007,0.0,0.0,0.0,0.0,0.0,0.0,0.0,0.0,0.0,0.0,0.0,6.082762530298219,6.082762530298219,7.615773105863909,8.06225774829855,7.810249675906654,7.810249675906654,9.219544457292887,9.219544457292887,7.810249675906654,7.810249675906654,9.219544457292887,10.63014581273465,11.313708498984761,11.313708498984761,12.041594578792296,12.041594578792296,12.806248474865697,13.45362404707371,14.212670403551895,15.620499351813308,14.866068747318506,15.556349186104045,16.278820596099706,16.97056274847714,18.384776310850235,19.1049731745428
1787404704.400377,-69,0.0,32.202484376209235,30.463092423455635,27.85677655436824,24.041630560342615,19.4164878389476,13.152946437965905,8.06225774829855,4.242640687119285,4.123105625617661,6.4031242374328485,9.219544457292887,10.63014581273465,12.806248474865697,13.601470508735444,14.422205101855956,14.7648230602334,14.317821063276353,13.601470508735444,13.341664064126334,13.152946437965905,11.045361017187261,9.055385138137417,7.0710678118654755,4.0,2.0,1.0,0.0,0.0,0.0,0.0,0.0,0.0,0.0,0.0,0.0,0.0,0.0,5.0990195135927845,4.0,3.1622776601683795,1.4142135623730951,2.8284271247461903,4.47213595499958,7.0710678118654755,10.04987562112089,12.041594578792296,14.035668847618199,16.0312195418814,16.0,16.0312195418814,15.132745950421556,14.560219778561036,13.92838827718412,12.649110640673518,9.486832980505138,6.324555320336759,2.0,2.23606797749979,6.708203932499369,13.038404810405298,18.867962264113206,23.323807579381203,26.419689627245813
1787404704.416148,-71,0.0,22.47220505424423,22.847319317591726,22.360679774997898,21.095023109728988,18.867962264113206,17.204650534085253,15.0,14.422205101855956,12.206555615733702,11.661903789690601,9.848857801796104,9.486832980505138,9.486832980505138,9.486832980505138,8.246211251235321,7.0710678118654755,7.0,7.0710678118654755,7.0710678118654755,7.280109889280518,8.246211251235321,8.06225774829855,8.06225774829855,8.06225774829855,7.0710678118654755,6.082762530298219,0.0,0.0,0.0,0.0,0.0,0.0,0.0,0.0,0.0,0.0,0.0,7.211102550927978,7.0710678118654755,6.4031242374328485,5.656854249492381,7.0710678118654755,8.602325267042627,8.06225774829855,8.06225774829855,9.433981132056603,10.295630140987,10.295630140987,8.602325267042627,7.810249675906654,8.602325267042627,9.848857801796104,10.44030650891055,11.180339887498949,12.36931687685298,13.601470508735444,13.601470508735444,14.560219778561036,15.811388300841896,17.72004514666935,18.681541692269406,19.924858845171276,18.681541692269406
1787404704.416148,-71,0.0,25.179356624028344,24.186773244895647,22.360679774997898,21.587033144922902,19.6468827043885,19.6468827043885,18.973665961010276,15.811388300841896,14.317821063276353,13.341664064126334,11.40175425099138,9.219544457292887,9.055385138137417,9.0,9.0,8.0,8.06225774829855,8.246211251235321,8.54400374531753,8.94427190999916,8.94427190999916,9.848857801796104,9.486832980505138,8.54400374531753,8.54400374531753,8.06225774829855,0.0,0.0,0.0,0.0,0.0,0.0,0.0,0.0,0.0,0.0,0.0,5.0,5.830951894845301,6.324555320336759,6.324555320336759,6.082762530298219,7.0710678118654755,8.54400374531753,9.486832980505138,10.198039027185569,9.219544457292887,9.486832980505138,9.219544457292887,9.486832980505138,11.180339887498949,12.041594578792296,12.041594578792296,13.038404810405298,14.035668847618199,15.0,16.0,17.0,18.0,19.026297590440446,21.02379604162864,21.0,21.02379604162864
1787404704.5159807,-70,0.0,23.08679276123039,23.08679276123039,22.20360331117452,20.396078054371138,20.396078054371138,19.4164878389476,16.76305461424021,14.560219778561036,13.601470508735444,12.649110640673518,11.40175425099138,10.44030650891055,10.198039027185569,9.219544457292887,9.055385138137417,8.06225774829855,8.0,8.0,8.06225774829855,6.324555320336759,6.324555320336759,7.0710678118654755,7.0710678118654755,6.082762530298219,5.0990195135927845,4.123105625617661,0.0,0.0,0.0,0.0,0.0,0.0,0.0,0.0,0.0,0.0,0.0,3.605551275463989,3.605551275463989,5.0,6.4031242374328485,5.656854249492381,5.656854249492381,5.0990195135927845,6.0,6.324555320336759,6.708203932499369,9.848857801796104,10.04987562112089,11.40175425099138,10.44030650891055,8.246211251235321,6.082762530298219,8.06225774829855,13.0,15.033296378372908,15.297058540778355,15.297058540778355,16.278820596099706,17.26267650163207,19.235384061671343,21.095023109728988,22.02271554554524
1787404704.527058,-80,0.0,21.587033144922902,20.8806130178211,17.08800749063506,13.92838827718412,11.40175425099138,10.04987562112089,8.0,7.0,8.54400374531753,11.40175425099138,12.806248474865697,13.601470508735444,16.401219466856727,18.601075237738275,19.235384061671343,18.973665961010276,18.027756377319946,16.15549442140351,13.341664064126334,12.041594578792296,9.219544457292887,7.0710678118654755,5.385164807134504,5.0,6.708203932499369,8.06225774829855,0.0,0.0,0.0,0.0,0.0,0.0,0.0,0.0,0.0,0.0,0.0,9.219544457292887,9.486832980505138,10.44030650891055,9.0,8.06225774829855,8.0,7.280109889280518,5.385164807134504,3.605551275463989,3.1622776601683795,2.0,2.23606797749979,5.385164807134504,5.0,4.242640687119285,6.708203932499369,9.848857801796104,11.704699910719626,13.038404810405298,13.038404810405298,12.165525060596439,15.297058540778355,18.110770276274835,17.11724276862369,16.0312195418814,17.11724276862369
1787404704.9715736,-39,0.0,13.601470508735444,13.341664064126334,13.341664064126334,13.601470508735444,12.649110640673518,12.649110640673518,12.649110640673518,13.0,13.0,13.416407864998739,13.416407864998739,13.416407864998739,13.892443989449804,13.892443989449804,13.892443989449804,15.264337522473747,14.7648230602334,14.7648230602334,14.7648230602334,14.7648230602334,14.7648230602334,15.231546211727817,14.866068747318506,13.601470508735444,13.601470508735444,13.152946437965905,0.0,0.0,0.0,0.0,0.0,0.0,0.0,0.0,0.0,0.0,0.0,11.045361017187261,11.0,12.0,12.041594578792296,12.165525060596439,12.165525060596439,13.152946437965905,13.152946437965905,13.341664064126334,13.341664064126334,12.36931687685298,12.36931687685298,12.36931687685298,12.165525060596439,12.165525060596439,13.152946437965905,12.041594578792296,12.041594578792296,12.041594578792296,12.0,13.038404810405298,13.038404810405298,12.041594578792296,13.038404810405298,13.038404810405298,13.038404810405298
1787404704.9715736,-39,0.0,14.212670403551895,14.212670403551895,14.212670403551895,14.212670403551895,13.45362404707371,14.142135623730951,14.142135623730951,13.45362404707371,14.142135623730951,14.212670403551895,14.212670403551895,14.212670403551895,15.0,14.422205101855956,15.811388300841896,15.811388300841896,15.811388300841896,15.811388300841896,15.811388300841896,16.401219466856727,15.620499351813308,15.620499351813308,14.866068747318506,14.866068747318506,14.866068747318506,14.212670403551895,0.0,0.0,0.0,0.0,0.0,0.0,0.0,0.0,0.0,0.0,0.0,12.083045973594572,13.0,12.649110640673518,13.601470508735444,13.601470508735444,13.601470508735444,14.317821063276353,14.317821063276353,14.317821063276353,14.317821063276353,14.142135623730951,14.317821063276353,13.341664064126334,13.341664064126334,13.341664064126334,13.601470508735444,13.601470508735444,13.601470508735444,13.0,13.416407864998739,13.416407864998739,13.416407864998739,13.892443989449804,13.416407864998739,13.892443989449804,13.416407864998739
1787404706.2485323,-81,0.0,20.518284528683193,20.808652046684813,16.1245154965971,12.529964086141668,12.806248474865697,14.866068747318506,15.264337522473747,14.317821063276353,13.0,13.416407864998739,12.083045973594572,12.36931687685298,13.152946437965905,14.035668847618199,13.0,12.0,13.038404810405298,13.152946437965905,12.041594578792296,11.0,10.04987562112089,10.770329614269007,10.770329614269007,9.486832980505138,8.94427190999916,8.602325267042627,0.0,0.0,0.0,0.0,0.0,0.0,0.0,0.0,0.0,0.0,0.0,8.48528137423857,10.63014581273465,8.602325267042627,6.082762530298219,7.0710678118654755,9.055385138137417,10.0,10.198039027185569,10.04987562112089,10.0,10.198039027185569,10.44030650891055,10.44030650891055,11.704699910719626,11.180339887498949,8.0,10.04987562112089,12.649110640673518,9.433981132056603,8.602325267042627,11.40175425099138,13.601470508735444,16.64331697709324,17.029386365926403,16.97056274847714,14.866068747318506
1787404706.3623981,-69,0.0,28.160255680657446,27.202941017470888,25.298221281347036,21.18962010041709,16.15549442140351,11.661903789690601,7.0710678118654755,4.123105625617661,3.605551275463989,5.385164807134504,8.246211251235321,10.44030650891055,13.0,14.317821063276353,15.264337522473747,16.64331697709324,16.64331697709324,16.401219466856727,15.620499351813308,13.45362404707371,11.40175425099138,8.602325267042627,4.47213595499958,2.0,1.0,1.4142135623730951,0.0,0.0,0.0,0.0,0.0,0.0,0.0,0.0,0.0,0.0,0.0,3.605551275463989,3.605551275463989,2.8284271247461903,2.0,1.4142135623730951,3.1622776601683795,5.830951894845301,8.06225774829855,10.295630140987,12.529964086141668,13.892443989449804,14.422205101855956,14.212670403551895,14.866068747318506,14.142135623730951,12.806248474865697,10.63014581273465,8.48528137423857,5.656854249492381,2.0,3.1622776601683795,7.0,11.180339887498949,16.492422502470642,21.587033144922902,23.769728648009426
1787404706.436073,-39,0.0,12.529964086141668,12.529964086141668,13.038404810405298,12.529964086141668,12.529964086141668,12.083045973594572,13.0,13.0,12.649110640673518,12.649110640673518,13.341664064126334,13.341664064126334,13.341664064126334,13.341664064126334,14.317821063276353,15.297058540778355,15.297058540778355,15.297058540778355,15.297058540778355,15.524174696260024,15.524174696260024,14.866068747318506,15.231546211727817,13.416407864998739,14.317821063276353,13.038404810405298,0.0,0.0,0.0,0.0,0.0,0.0,0.0,0.0,0.0,0.0,0.0,11.313708498984761,12.041594578792296,12.206555615733702,12.206555615733702,13.038404810405298,13.038404810405298,13.038404810405298,13.892443989449804,12.529964086141668,12.529964086141668,13.038404810405298,12.529964086141668,12.529964086141668,12.529964086141668,12.206555615733702,12.206555615733702,12.206555615733702,11.40175425099138,12.041594578792296,12.041594578792296,12.041594578792296,12.041594578792296,12.041594578792296,12.806248474865697,12.806248474865697,12.806248474865697
1787404706.464099,-80,0.0,19.235384061671343,17.46424919657298,17.46424919657298,15.652475842498529,14.422205101855956,14.212670403551895,14.866068747318506,14.142135623730951,13.45362404707371,13.45362404707371,13.45362404707371,13.45362404707371,13.45362404707371,12.041594578792296,11.40175425099138,12.806248474865697,13.45362404707371,12.727922061357855,13.45362404707371,13.45362404707371,12.041594578792296,11.40175425099138,11.180339887498949,9.486832980505138,8.246211251235321,8.06225774829855,0.0,0.0,0.0,0.0,0.0,0.0,0.0,0.0,0.0,0.0,0.0,5.656854249492381,5.656854249492381,6.4031242374328485,6.4031242374328485,7.211102550927978,8.06225774829855,8.94427190999916,9.219544457292887,9.219544457292887,9.486832980505138,9.486832980505138,10.44030650891055,9.219544457292887,9.486832980505138,12.083045973594572,13.038404810405298,12.529964086141668,13.416407864998739,15.652475842498529,15.652475842498529,16.1245154965971,17.4928556845359,17.88854381999832,17.46424919657298,18.35755975068582,19.72308292331602
1787404706.590881,-78,0.0,23.323807579381203,21.095023109728988,18.35755975068582,15.620499351813308,14.142135623730951,11.313708498984761,7.810249675906654,4.242640687119285,0.0,4.123105625617661,6.082762530298219,10.198039027185569,12.36931687685298,13.341664064126334,15.132745950421556,17.26267650163207,19.6468827043885,17.46424919657298,15.297058540778355,15.297058540778355,12.649110640673518,9.433981132056603,7.211102550927978,4.242640687119285,2.0,2.8284271247461903,0.0,0.0,0.0,0.0,0.0,0.0,0.0,0.0,0.0,0.0,0.0,4.0,1.4142135623730951,4.123105625617661,5.0,5.656854249492381,7.211102550927978,9.219544457292887,11.045361017187261,12.0,12.041594578792296,12.041594578792296,13.0,13.038404810405298,12.041594578792296,11.180339887498949,9.486832980505138,8.54400374531753,6.324555320336759,3.0,1.0,2.8284271247461903,7.211102550927978,11.180339887498949,13.0,17.0,19.235384061671343
1787404706.6227026,-79,0.0,24.758836806279895,23.345235059857504,22.627416997969522,19.1049731745428,14.212670403551895,11.40175425099138,9.219544457292887,5.656854249492381,2.8284271247461903,1.4142135623730951,4.123105625617661,6.0,9.219544457292887,12.165525060596439,14.035668847618199,16.0312195418814,18.027756377319946,16.278820596099706,14.560219778561036,12.649110640673518,12.36931687685298,10.44030650891055,7.615773105863909,3.1622776601683795,1.0,1.4142135623730951,0.0,0.0,0.0,0.0,0.0,0.0,0.0,0.0,0.0,0.0,0.0,7.0710678118654755,3.605551275463989,1.4142135623730951,3.1622776601683795,5.0,8.246211251235321,9.219544457292887,8.246211251235321,7.615773105863909,11.0,14.035668847618199,13.341664064126334,12.36931687685298,11.180339887498949,10.44030650891055,12.083045973594572,11.180339887498949,8.54400374531753,7.0710678118654755,3.605551275463989,4.242640687119285,7.810249675906654,11.40175425099138,14.142135623730951,17.69180601295413,20.518284528683193
1787404706.7660108,-69,0.0,29.614185789921695,27.892651361962706,25.0,20.248456731316587,15.231546211727817,10.295630140987,5.0,2.23606797749979,5.0990195135927845,8.0,10.04987562112089,12.165525060596439,13.601470508735444,14.866068747318506,15.652475842498529,16.64331697709324,16.401219466856727,15.620499351813308,14.866068747318506,13.45362404707371,12.041594578792296,8.602325267042627,5.830951894845301,3.1622776601683795,2.23606797749979,3.0,0.0,0.0,0.0,0.0,0.0,0.0,0.0,0.0,0.0,0.0,0.0,2.23606797749979,1.0,0.0,2.23606797749979,4.123105625617661,5.830951894845301,8.06225774829855,11.661903789690601,13.892443989449804,15.264337522473747,16.64331697709324,15.811388300841896,15.620499351813308,14.866068747318506,14.866068747318506,13.45362404707371,11.40175425099138,8.48528137423857,5.656854249492381,2.0,4.123105625617661,8.0,12.041594578792296,17.11724276862369,22.20360331117452,25.179356624028344
1787404706.9725218,-39,0.0,11.704699910719626,11.704699910719626,12.36931687685298,12.649110640673518,11.704699910719626,13.0,12.083045973594572,12.083045973594572,12.529964086141668,12.529964086141668,13.038404810405298,13.038404810405298,13.038404810405298,13.601470508735444,13.601470508735444,13.601470508735444,14.422205101855956,14.422205101855956,14.422205101855956,14.422205101855956,13.892443989449804,13.892443989449804,14.317821063276353,14.317821063276353,13.0,12.649110640673518,0.0,0.0,0.0,0.0,0.0,0.0,0.0,0.0,0.0,0.0,0.0,10.0,10.0,11.045361017187261,11.045361017187261,11.180339887498949,11.180339887498949,12.165525060596439,11.180339887498949,12.36931687685298,12.36931687685298,12.36931687685298,12.36931687685298,12.36931687685298,11.180339887498949,11.180339887498949,11.045361017187261,11.045361017187261,11.045361017187261,11.045361017187261,11.0,11.0,11.045361017187261,11.045361017187261,12.041594578792296,12.165525060596439,12.041594578792296
1787404706.9725218,-39,0.0,13.601470508735444,13.601470508735444,13.601470508735444,13.0,12.649110640673518,13.92838827718412,13.0,13.416407864998739,13.416407864998739,13.038404810405298,13.038404810405298,13.601470508735444,14.422205101855956,15.0,14.212670403551895,15.0,15.0,15.0,15.811388300841896,15.811388300841896,15.264337522473747,15.264337522473747,14.7648230602334,14.317821063276353,13.92838827718412,13.601470508735444,0.0,0.0,0.0,0.0,0.0,0.0,0.0,0.0,0.0,0.0,0.0,12.041594578792296,12.0,13.038404810405298,13.038404810405298,13.038404810405298,13.152946437965905,13.152946437965905,13.152946437965905,13.152946437965905,13.341664064126334,13.152946437965905,13.152946437965905,13.152946437965905,13.152946437965905,13.152946437965905,13.038404810405298,13.038404810405298,12.041594578792296,13.0,13.038404810405298,13.0,13.038404810405298,13.038404810405298,13.152946437965905,13.152946437965905,13.152946437965905
1787404707.3881392,-68,0.0,31.78049716414141,32.55764119219941,30.14962686336267,25.079872407968907,19.1049731745428,13.0,8.06225774829855,2.8284271247461903,4.47213595499958,7.810249675906654,10.0,12.206555615733702,14.212670403551895,15.556349186104045,15.620499351813308,16.401219466856727,17.204650534085253,16.64331697709324,14.7648230602334,12.529964086141668,10.295630140987,8.06225774829855,5.0,2.8284271247461903,1.0,2.23606797749979,0.0,0.0,0.0,0.0,0.0,0.0,0.0,0.0,0.0,0.0,0.0,2.23606797749979,1.4142135623730951,1.4142135623730951,2.0,4.47213595499958,6.4031242374328485,9.219544457292887,12.041594578792296,14.142135623730951,16.278820596099706,17.69180601295413,17.029386365926403,16.401219466856727,16.1245154965971,14.866068747318506,15.297058540778355,14.035668847618199,12.041594578792296,9.219544457292887,6.324555320336759,3.605551275463989,5.0,10.770329614269007,17.72004514666935,21.840329667841555,23.769728648009426
1787404707.9953585,-69,0.0,31.25699921617557,30.265491900843113,27.459060435491963,23.53720459187964,18.681541692269406,13.92838827718412,8.06225774829855,4.47213595499958,5.0,7.211102550927978,8.94427190999916,10.295630140987,11.661903789690601,12.806248474865697,13.45362404707371,12.727922061357855,12.206555615733702,12.083045973594572,11.704699910719626,10.44030650891055,9.219544457292887,8.06225774829855,5.0990195135927845,3.1622776601683795,1.4142135623730951,1.4142135623730951,0.0,0.0,0.0,0.0,0.0,0.0,0.0,0.0,0.0,0.0,0.0,3.0,2.23606797749979,1.4142135623730951,1.4142135623730951,3.1622776601683795,5.0,8.06225774829855,11.180339887498949,13.341664064126334,15.524174696260024,16.76305461424021,16.76305461424021,15.231546211727817,14.7648230602334,13.601470508735444,12.806248474865697,11.313708498984761,9.899494936611665,6.4031242374328485,4.47213595499958,3.605551275463989,7.280109889280518,13.152946437965905,18.0,23.021728866442675,26.019223662515376
1787404708.0071375,-72,0.0,29.832867780352597,27.65863337187866,25.495097567963924,21.213203435596427,17.029386365926403,12.041594578792296,7.615773105863909,5.0,5.0990195135927845,7.810249675906654,9.219544457292887,11.40175425099138,12.806248474865697,13.892443989449804,13.892443989449804,13.0,12.649110640673518,12.165525060596439,12.0,11.0,10.0,8.06225774829855,7.0710678118654755,4.0,2.0,1.4142135623730951,0.0,0.0,0.0,0.0,0.0,0.0,0.0,0.0,0.0,0.0,0.0,4.123105625617661,3.0,1.0,1.0,2.23606797749979,5.0,7.0710678118654755,9.899494936611665,12.727922061357855,14.142135623730951,14.866068747318506,15.620499351813308,15.0,14.7648230602334,14.317821063276353,13.601470508735444,12.36931687685298,10.198039027185569,7.0710678118654755,4.123105625617661,2.0,6.4031242374328485,11.180339887498949,17.08800749063506,21.18962010041709,24.351591323771842
1787404708.0283635,-72,0.0,28.861739379323623,27.892651361962706,24.515301344262525,21.213203435596427,17.029386365926403,12.041594578792296,7.280109889280518,4.242640687119285,5.0990195135927845,8.06225774829855,10.0,11.40175425099138,12.206555615733702,13.038404810405298,13.892443989449804,13.416407864998739,12.649110640673518,12.165525060596439,11.045361017187261,11.0,10.04987562112089,8.06225774829855,6.0,4.0,3.1622776601683795,2.23606797749979,0.0,0.0,0.0,0.0,0.0,0.0,0.0,0.0,0.0,0.0,0.0,4.0,2.23606797749979,1.4142135623730951,1.4142135623730951,2.8284271247461903,5.0,7.810249675906654,9.899494936611665,12.727922061357855,14.142135623730951,15.556349186104045,15.620499351813308,15.264337522473747,14.7648230602334,13.92838827718412,13.341664064126334,12.165525060596439,10.198039027185569,7.0710678118654755,4.123105625617661,2.0,6.4031242374328485,11.180339887498949,16.15549442140351,21.18962010041709,24.351591323771842
1787404708.402207,-68,0.0,27.459060435491963,26.92582403567252,25.059928172283335,21.02379604162864,16.15549442140351,11.40175425099138,6.082762530298219,1.4142135623730951,5.0,6.4031242374328485,9.219544457292887,10.816653826391969,12.529964086141668,13.416407864998739,13.92838827718412,14.560219778561036,14.142135623730951,14.142135623730951,13.038404810405298,12.0,10.04987562112089,8.0,5.0,2.23606797749979,1.0,1.4142135623730951,0.0,0.0,0.0,0.0,0.0,0.0,0.0,0.0,0.0,0.0,0.0,1.4142135623730951,1.0,1.0,1.4142135623730951,2.8284271247461903,5.385164807134504,8.246211251235321,10.44030650891055,12.649110640673518,14.866068747318506,15.811388300841896,16.76305461424021,15.524174696260024,14.142135623730951,13.038404810405298,12.041594578792296,10.0,8.0,5.0990195135927845,2.8284271247461903,4.47213595499958,8.48528137423857,13.45362404707371,18.601075237738275,22.20360331117452,25.238858928247925
1787404708.6096811,-69,0.0,31.622776601683793,31.016124838541646,27.85677655436824,25.079872407968907,20.12461179749811,13.892443989449804,8.48528137423857,4.0,5.0,8.54400374531753,10.770329614269007,13.0,15.652475842498529,17.0,18.867962264113206,18.601075237738275,19.849433241279208,19.1049731745428,17.69180601295413,15.556349186104045,14.142135623730951,11.313708498984761,7.0710678118654755,5.0,2.0,1.4142135623730951,0.0,0.0,0.0,0.0,0.0,0.0,0.0,0.0,0.0,0.0,0.0,7.280109889280518,6.082762530298219,4.123105625617661,2.23606797749979,1.4142135623730951,5.0990195135927845,8.06225774829855,11.180339887498949,14.317821063276353,16.278820596099706,17.26267650163207,18.439088914585774,16.76305461424021,15.231546211727817,14.7648230602334,14.422205101855956,12.806248474865697,10.0,6.4031242374328485,2.23606797749979,3.1622776601683795,8.06225774829855,12.36931687685298,18.027756377319946,24.351591323771842,27.202941017470888
1787404708.705217,-68,0.0,30.610455730027933,28.600699292150182,25.238858928247925,21.95449840010015,17.0,11.180339887498949,6.324555320336759,1.4142135623730951,3.605551275463989,6.4031242374328485,9.219544457292887,10.816653826391969,11.661903789690601,13.892443989449804,15.231546211727817,15.811388300841896,15.524174696260024,15.297058540778355,15.297058540778355,14.317821063276353,12.36931687685298,9.486832980505138,6.708203932499369,3.605551275463989,1.4142135623730951,2.23606797749979,0.0,0.0,0.0,0.0,0.0,0.0,0.0,0.0,0.0,0.0,0.0,6.0,4.123105625617661,2.0,0.0,3.1622776601683795,6.0,9.0,12.0,14.0,16.0312195418814,17.0,17.029386365926403,16.1245154965971,15.297058540778355,14.866068747318506,13.92838827718412,12.083045973594572,9.486832980505138,6.082762530298219,2.0,3.1622776601683795,8.602325267042627,13.45362404707371,19.1049731745428,24.08318915758459,27.586228448267445
1787404708.7209969,-69,0.0,28.635642126552707,26.68332812825267,23.769728648009426,19.924858845171276,15.811388300841896,10.295630140987,5.830951894845301,3.0,4.47213595499958,7.0710678118654755,9.055385138137417,10.198039027185569,11.704699910719626,14.317821063276353,15.652475842498529,16.1245154965971,16.64331697709324,17.204650534085253,15.811388300841896,14.422205101855956,13.601470508735444,11.661903789690601,7.615773105863909,4.47213595499958,2.23606797749979,2.0,0.0,0.0,0.0,0.0,0.0,0.0,0.0,0.0,0.0,0.0,0.0,5.385164807134504,4.47213595499958,2.23606797749979,0.0,3.605551275463989,6.4031242374328485,9.219544457292887,11.313708498984761,13.45362404707371,14.866068747318506,16.278820596099706,16.97056274847714,15.620499351813308,13.892443989449804,14.317821063276353,14.317821063276353,11.704699910719626,8.54400374531753,5.385164807134504,2.23606797749979,3.0,8.0,13.152946437965905,18.110770276274835,23.194827009486403,26.30589287593181
1787404708.8168945,-69,0.0,29.068883707497267,28.635642126552707,25.495097567963924,20.615528128088304,15.811388300841896,10.198039027185569,5.0,2.23606797749979,5.0,7.810249675906654,11.313708498984761,13.45362404707371,15.0,15.811388300841896,17.204650534085253,18.867962264113206,18.788294228055936,17.08800749063506,16.15549442140351,14.560219778561036,12.649110640673518,9.486832980505138,6.324555320336759,3.1622776601683795,1.4142135623730951,1.4142135623730951,0.0,0.0,0.0,0.0,0.0,0.0,0.0,0.0,0.0,0.0,0.0,5.830951894845301,5.0,2.23606797749979,1.0,3.0,6.0,9.055385138137417,12.165525060596439,15.132745950421556,17.26267650163207,17.46424919657298,17.26267650163207,16.0312195418814,16.0312195418814,15.033296378372908,14.142135623730951,12.36931687685298,10.198039027185569,6.082762530298219,2.23606797749979,3.605551275463989,8.602325267042627,13.601470508735444,18.867962264113206,23.323807579381203,26.419689627245813
1787404708.9116306,-69,0.0,22.627416997969522,23.345235059857504,22.02271554554524,22.20360331117452,22.47220505424423,20.591260281974,17.88854381999832,16.1245154965971,13.892443989449804,12.206555615733702,12.041594578792296,12.041594578792296,11.313708498984761,11.40175425099138,10.816653826391969,11.180339887498949,11.180339887498949,12.083045973594572,12.083045973594572,11.704699910719626,10.770329614269007,11.180339887498949,10.816653826391969,10.295630140987,8.94427190999916,8.94427190999916,0.0,0.0,0.0,0.0,0.0,0.0,0.0,0.0,0.0,0.0,0.0,6.082762530298219,7.0,7.0,7.0710678118654755,7.280109889280518,7.280109889280518,8.246211251235321,9.486832980505138,9.219544457292887,9.219544457292887,9.219544457292887,10.198039027185569,10.44030650891055,9.486832980505138,10.295630140987,10.816653826391969,12.806248474865697,13.45362404707371,14.212670403551895,15.620499351813308,16.278820596099706,17.029386365926403,18.439088914585774,19.849433241279208,20.615528128088304,21.400934559032695
1787404708.935966,-69,0.0,29.120439557122072,28.160255680657446,25.96150997149434,23.40939982143925,17.46424919657298,11.661903789690601,7.0710678118654755,4.0,5.830951894845301,8.54400374531753,10.44030650891055,11.704699910719626,14.317821063276353,16.1245154965971,17.4928556845359,18.601075237738275,18.439088914585774,19.1049731745428,18.384776310850235,15.556349186104045,13.45362404707371,10.63014581273465,7.810249675906654,5.0,3.0,2.23606797749979,0.0,0.0,0.0,0.0,0.0,0.0,0.0,0.0,0.0,0.0,0.0,5.385164807134504,4.47213595499958,2.23606797749979,1.4142135623730951,2.23606797749979,5.385164807134504,9.219544457292887,12.36931687685298,14.317821063276353,15.524174696260024,16.76305461424021,16.15549442140351,15.652475842498529,15.264337522473747,14.212670403551895,13.45362404707371,12.041594578792296,9.219544457292887,6.4031242374328485,3.0,4.123105625617661,8.06225774829855,13.152946437965905,18.439088914585774,22.561028345356956,25.709920264364882
1787404709.1180437,-78,0.0,6.708203932499369,7.615773105863909,11.180339887498949,13.038404810405298,14.7648230602334,16.1245154965971,16.64331697709324,17.804493814764857,17.69180601295413,16.278820596099706,13.45362404707371,10.816653826391969,8.602325267042627,6.4031242374328485,4.47213595499958,2.0,2.0,5.385164807134504,7.615773105863909,9.486832980505138,10.44030650891055,12.083045973594572,11.661903789690601,10.816653826391969,10.816653826391969,9.433981132056603,0.0,0.0,0.0,0.0,0.0,0.0,0.0,0.0,0.0,0.0,0.0,4.47213595499958,8.06225774829855,9.433981132056603,9.219544457292887,10.63014581273465,9.899494936611665,9.848857801796104,10.04987562112089,7.280109889280518,5.0,3.1622776601683795,3.0,6.324555320336759,9.848857801796104,12.206555615733702,14.422205101855956,16.1245154965971,17.46424919657298,19.313207915827967,19.313207915827967,18.027756377319946,16.492422502470642,14.317821063276353,13.152946437965905,10.198039027185569,8.06225774829855
1787404709.1180437,-70,0.0,23.259406699226016,22.360679774997898,21.95449840010015,21.95449840010015,21.095023109728988,20.248456731316587,18.027756377319946,16.64331697709324,14.422205101855956,13.038404810405298,12.529964086141668,11.661903789690601,11.180339887498949,10.770329614269007,10.44030650891055,10.44030650891055,9.219544457292887,9.055385138137417,9.055385138137417,9.0,10.04987562112089,9.055385138137417,9.055385138137417,8.06225774829855,8.06225774829855,7.0,0.0,0.0,0.0,0.0,0.0,0.0,0.0,0.0,0.0,0.0,0.0,5.830951894845301,6.708203932499369,6.708203932499369,7.810249675906654,7.810249675906654,8.48528137423857,9.219544457292887,9.219544457292887,10.0,9.219544457292887,9.219544457292887,9.219544457292887,9.219544457292887,10.0,10.295630140987,11.180339887498949,11.180339887498949,12.083045973594572,13.92838827718412,14.866068747318506,15.811388300841896,18.027756377319946,18.973665961010276,20.248456731316587,21.540659228538015,21.93171219946131
1787404709.1360471,-68,0.0,33.83784863137726,33.015148038438355,29.68164415931166,24.698178070456937,18.35755975068582,12.649110640673518,8.0,3.605551275463989,4.123105625617661,8.602325267042627,11.661903789690601,13.892443989449804,15.652475842498529,16.55294535724685,17.08800749063506,17.72004514666935,17.26267650163207,17.11724276862369,15.132745950421556,13.038404810405298,12.041594578792296,9.055385138137417,6.324555320336759,3.605551275463989,1.4142135623730951,2.23606797749979,0.0,0.0,0.0,0.0,0.0,0.0,0.0,0.0,0.0,0.0,0.0,5.0,3.605551275463989,2.23606797749979,0.0,2.23606797749979,5.385164807134504,8.54400374531753,11.40175425099138,13.341664064126334,15.297058540778355,16.278820596099706,17.26267650163207,17.029386365926403,17.029386365926403,16.278820596099706,15.524174696260024,13.341664064126334,10.44030650891055,7.280109889280518,3.1622776601683795,2.0,7.211102550927978,13.45362404707371,19.849433241279208,24.839484696748443,29.206163733020468
1787404709.1360471,-69,0.0,35.22782990761707,33.37663853655727,30.4138126514911,26.476404589747453,20.615528128088304,14.866068747318506,9.433981132056603,4.47213595499958,4.242640687119285,7.615773105863909,10.44030650891055,13.0,15.231546211727817,16.55294535724685,17.0,17.204650534085253,17.029386365926403,16.278820596099706,14.142135623730951,12.727922061357855,10.63014581273465,8.48528137423857,5.656854249492381,2.8284271247461903,1.0,1.0,0.0,0.0,0.0,0.0,0.0,0.0,0.0,0.0,0.0,0.0,0.0,6.324555320336759,5.385164807134504,3.605551275463989,1.0,2.0,4.47213595499958,7.211102550927978,9.433981132056603,12.206555615733702,14.422205101855956,15.811388300841896,15.620499351813308,15.556349186104045,15.620499351813308,15.264337522473747,13.416407864998739,12.083045973594572,9.848857801796104,6.708203932499369,2.23606797749979,3.1622776601683795,8.0,14.0,21.02379604162864,28.071337695236398,31.064449134018133
1787404709.1360471,-68,0.0,30.066592756745816,29.154759474226502,26.1725046566048,22.360679774997898,18.439088914585774,12.649110640673518,6.708203932499369,3.1622776601683795,5.0,7.615773105863909,9.486832980505138,11.704699910719626,13.92838827718412,14.317821063276353,14.7648230602334,15.264337522473747,15.0,14.212670403551895,12.806248474865697,10.63014581273465,9.219544457292887,7.0710678118654755,4.242640687119285,2.23606797749979,1.4142135623730951,2.0,0.0,0.0,0.0,0.0,0.0,0.0,0.0,0.0,0.0,0.0,0.0,3.1622776601683795,2.23606797749979,1.4142135623730951,1.0,3.1622776601683795,5.385164807134504,8.06225774829855,10.295630140987,12.206555615733702,14.422205101855956,15.0,15.620499351813308,15.556349186104045,15.0,14.422205101855956,13.892443989449804,12.083045973594572,9.848857801796104,6.708203932499369,2.8284271247461903,2.8284271247461903,7.280109889280518,12.165525060596439,18.027756377319946,23.0,26.0
1787404709.197413,-78,0.0,5.0,7.280109889280518,10.04987562112089,12.041594578792296,14.142135623730951,16.1245154965971,18.0,19.026297590440446,19.1049731745428,19.1049731745428,17.46424919657298,14.866068747318506,11.704699910719626,8.246211251235321,5.0990195135927845,3.1622776601683795,2.0,5.0,6.4031242374328485,7.810249675906654,10.0,13.416407864998739,14.317821063276353,15.0,14.866068747318506,12.083045973594572,0.0,0.0,0.0,0.0,0.0,0.0,0.0,0.0,0.0,0.0,0.0,8.0,9.055385138137417,11.180339887498949,11.180339887498949,11.40175425099138,11.40175425099138,10.44030650891055,8.246211251235321,8.246211251235321,5.385164807134504,2.8284271247461903,1.4142135623730951,4.123105625617661,7.0710678118654755,9.219544457292887,12.165525060596439,14.317821063276353,16.492422502470642,19.313207915827967,20.12461179749811,19.72308292331602,19.72308292331602,18.867962264113206,15.264337522473747,12.529964086141668,9.848857801796104
1787404709.2823815,-86,0.0,8.602325267042627,9.433981132056603,9.433981132056603,10.0,10.0,9.433981132056603,7.810249675906654,6.4031242374328485,5.0,3.1622776601683795,3.605551275463989,4.242640687119285,4.47213595499958,4.123105625617661,4.123105625617661,3.605551275463989,2.8284271247461903,2.23606797749979,3.0,3.1622776601683795,3.605551275463989,4.123105625617661,4.123105625617661,4.123105625617661,5.0,5.0990195135927845,0.0,0.0,0.0,0.0,0.0,0.0,0.0,0.0,0.0,0.0,0.0,11.045361017187261,11.180339887498949,11.40175425099138,11.704699910719626,12.529964086141668,12.806248474865697,13.45362404707371,13.45362404707371,14.212670403551895,14.422205101855956,14.422205101855956,13.892443989449804,13.038404810405298,11.40175425099138,9.899494936611665,8.602325267042627,8.94427190999916,7.280109889280518,7.0,7.0710678118654755,7.280109889280518,8.06225774829855,8.06225774829855,8.602325267042627,7.810249675906654,7.810249675906654
1787404709.2927232,-85,0.0,13.152946437965905,13.152946437965905,12.36931687685298,12.36931687685298,11.704699910719626,10.770329614269007,9.848857801796104,9.219544457292887,7.810249675906654,7.615773105863909,6.082762530298219,6.082762530298219,5.385164807134504,5.0,5.0,3.605551275463989,3.605551275463989,2.23606797749979,1.4142135623730951,1.4142135623730951,2.23606797749979,3.605551275463989,3.605551275463989,2.8284271247461903,3.605551275463989,3.605551275463989,0.0,0.0,0.0,0.0,0.0,0.0,0.0,0.0,0.0,0.0,0.0,12.083045973594572,12.529964086141668,13.601470508735444,13.45362404707371,12.806248474865697,13.892443989449804,14.317821063276353,15.524174696260024,16.278820596099706,16.0312195418814,16.0,15.0,15.033296378372908,14.035668847618199,13.038404810405298,12.0,11.045361017187261,10.04987562112089,9.055385138137417,8.246211251235321,8.246211251235321,7.615773105863909,8.06225774829855,8.06225774829855,8.602325267042627,9.219544457292887
1787404709.4197993,-69,0.0,28.844410203711913,27.459060435491963,25.553864678361276,21.95449840010015,16.55294535724685,10.770329614269007,5.385164807134504,1.0,4.242640687119285,7.810249675906654,9.899494936611665,12.041594578792296,13.45362404707371,15.0,16.64331697709324,17.0,17.88854381999832,16.55294535724685,15.231546211727817,13.0,11.180339887498949,8.06225774829855,5.0,2.23606797749979,1.4142135623730951,3.0,0.0,0.0,0.0,0.0,0.0,0.0,0.0,0.0,0.0,0.0,0.0,2.23606797749979,2.0,1.4142135623730951,1.4142135623730951,3.1622776601683795,5.385164807134504,7.280109889280518,10.198039027185569,13.152946437965905,14.142135623730951,15.033296378372908,15.0,15.0,15.033296378372908,14.142135623730951,12.36931687685298,10.198039027185569,7.280109889280518,4.123105625617661,1.4142135623730951,3.605551275463989,7.810249675906654,12.727922061357855,19.1049731745428,23.430749027719962,26.248809496813376
1787404709.4197993,-71,0.0,22.135943621178654,21.540659228538015,20.615528128088304,20.12461179749811,18.35755975068582,17.4928556845359,16.64331697709324,15.811388300841896,14.422205101855956,13.038404810405298,11.180339887498949,11.180339887498949,11.180339887498949,10.770329614269007,9.486832980505138,9.219544457292887,9.219544457292887,9.219544457292887,9.055385138137417,9.055385138137417,10.04987562112089,10.198039027185569,9.486832980505138,8.54400374531753,7.280109889280518,6.324555320336759,0.0,0.0,0.0,0.0,0.0,0.0,0.0,0.0,0.0,0.0,0.0,7.280109889280518,5.385164807134504,5.0,5.0,5.0,5.830951894845301,7.211102550927978,7.810249675906654,8.602325267042627,8.602325267042627,9.219544457292887,7.810249675906654,8.602325267042627,8.06225774829855,8.94427190999916,9.848857801796104,9.848857801796104,10.770329614269007,11.40175425099138,11.180339887498949,12.165525060596439,14.317821063276353,16.278820596099706,18.439088914585774,19.6468827043885,20.615528128088304
1787404709.4366765,-71,0.0,19.849433241279208,20.615528128088304,19.4164878389476,19.4164878389476,18.867962264113206,17.4928556845359,15.652475842498529,14.7648230602334,12.529964086141668,12.529964086141668,10.816653826391969,9.899494936611665,9.899494936611665,9.899494936611665,9.899494936611665,9.899494936611665,9.219544457292887,8.602325267042627,8.94427190999916,9.433981132056603,9.219544457292887,9.219544457292887,8.48528137423857,8.48528137423857,7.0710678118654755,6.4031242374328485,0.0,0.0,0.0,0.0,0.0,0.0,0.0,0.0,0.0,0.0,0.0,5.0990195135927845,5.0,5.0990195135927845,4.47213595499958,4.47213595499958,5.830951894845301,6.708203932499369,7.615773105863909,7.615773105863909,7.615773105863909,7.615773105863909,7.615773105863909,8.602325267042627,9.219544457292887,9.219544457292887,10.0,10.63014581273465,10.63014581273465,11.40175425099138,12.041594578792296,12.806248474865697,15.0,16.401219466856727,17.69180601295413,19.1049731745428,20.518284528683193
1787404709.5323613,-70,0.0,32.7566787083184,32.2490309931942,28.653097563788805,23.706539182259394,17.46424919657298,10.770329614269007,4.123105625617661,2.23606797749979,5.656854249492381,9.219544457292887,11.313708498984761,13.45362404707371,15.0,15.264337522473747,16.15549442140351,16.492422502470642,16.278820596099706,16.0312195418814,15.0,13.0,11.0,8.0,6.0,3.605551275463989,5.656854249492381,11.704699910719626,0.0,0.0,0.0,0.0,0.0,0.0,0.0,0.0,0.0,0.0,0.0,3.1622776601683795,2.23606797749979,0.0,2.23606797749979,4.242640687119285,7.211102550927978,9.433981132056603,12.529964086141668,15.264337522473747,16.1245154965971,17.0,17.88854381999832,17.08800749063506,15.524174696260024,14.142135623730951,14.035668847618199,11.045361017187261,9.055385138137417,5.0990195135927845,2.23606797749979,5.0,10.0,15.811388300841896,22.47220505424423,27.784887978899608,30.528675044947494
1787404709.536889,-79,0.0,4.123105625617661,8.06225774829855,12.0,16.1245154965971,18.24828759089466,18.24828759089466,20.09975124224178,21.095023109728988,21.02379604162864,19.026297590440446,18.027756377319946,16.0,13.0,9.0,7.0710678118654755,3.1622776601683795,3.0,5.830951894845301,8.48528137423857,10.63014581273465,11.40175425099138,11.40175425099138,12.041594578792296,12.206555615733702,11.661903789690601,10.770329614269007,0.0,0.0,0.0,0.0,0.0,0.0,0.0,0.0,0.0,0.0,0.0,13.038404810405298,13.0,13.038404810405298,13.038404810405298,14.035668847618199,12.165525060596439,10.44030650891055,9.219544457292887,6.082762530298219,4.123105625617661,1.4142135623730951,3.0,8.06225774829855,11.0,13.038404810405298,14.035668847618199,15.033296378372908,16.278820596099706,17.72004514666935,18.384776310850235,18.35755975068582,18.867962264113206,18.35755975068582,16.1245154965971,12.529964086141668,9.848857801796104
1787404709.6273236,-70,0.0,24.08318915758459,24.08318915758459,23.194827009486403,22.360679774997898,21.587033144922902,20.8806130178211,18.973665961010276,16.76305461424021,14.866068747318506,12.649110640673518,11.180339887498949,11.045361017187261,10.0,10.04987562112089,10.04987562112089,10.198039027185569,10.44030650891055,10.44030650891055,10.44030650891055,10.44030650891055,10.44030650891055,10.198039027185569,10.04987562112089,8.06225774829855,7.0710678118654755,7.280109889280518,0.0,0.0,0.0,0.0,0.0,0.0,0.0,0.0,0.0,0.0,0.0,5.0,5.0,5.830951894845301,6.324555320336759,6.708203932499369,7.615773105863909,8.94427190999916,8.94427190999916,8.94427190999916,10.295630140987,11.180339887498949,11.180339887498949,10.770329614269007,10.44030650891055,11.40175425099138,12.165525060596439,12.165525060596439,13.152946437965905,13.038404810405298,14.0,15.0,16.0312195418814,18.027756377319946,20.024984394500787,21.02379604162864,22.0
1787404709.6440814,-79,0.0,4.123105625617661,7.615773105863909,11.180339887498949,14.7648230602334,17.0,18.35755975068582,20.12461179749811,20.12461179749811,18.35755975068582,17.0,14.7648230602334,11.661903789690601,8.602325267042627,5.830951894845301,3.1622776601683795,1.4142135623730951,2.0,4.123105625617661,6.708203932499369,9.433981132056603,10.816653826391969,12.529964086141668,13.92838827718412,13.601470508735444,12.165525060596439,10.0,0.0,0.0,0.0,0.0,0.0,0.0,0.0,0.0,0.0,0.0,0.0,8.06225774829855,8.94427190999916,9.848857801796104,10.295630140987,9.848857801796104,10.44030650891055,9.055385138137417,6.0,3.1622776601683795,1.0,3.0,6.082762530298219,9.219544457292887,11.180339887498949,13.152946437965905,14.142135623730951,16.0312195418814,18.0,18.027756377319946,19.1049731745428,19.1049731745428,18.24828759089466,16.278820596099706,14.317821063276353,11.40175425099138,9.219544457292887
1787404709.7390385,-71,0.0,24.08318915758459,24.08318915758459,23.021728866442675,22.0,21.02379604162864,20.09975124224178,19.235384061671343,17.26267650163207,15.132745950421556,13.152946437965905,12.041594578792296,11.045361017187261,11.0,11.045361017187261,11.045361017187261,10.198039027185569,10.198039027185569,9.486832980505138,9.486832980505138,9.486832980505138,9.486832980505138,9.219544457292887,9.219544457292887,8.06225774829855,7.0710678118654755,7.0710678118654755,0.0,0.0,0.0,0.0,0.0,0.0,0.0,0.0,0.0,0.0,0.0,5.0,5.830951894845301,6.324555320336759,7.0710678118654755,8.06225774829855,8.06225774829855,9.055385138137417,9.055385138137417,10.04987562112089,10.04987562112089,11.180339887498949,10.04987562112089,10.04987562112089,10.04987562112089,11.0,13.0,13.038404810405298,13.038404810405298,14.035668847618199,15.132745950421556,16.278820596099706,17.46424919657298,18.439088914585774,20.396078054371138,21.37755832643195,22.20360331117452
1787404710.0233326,-85,0.0,9.219544457292887,9.486832980505138,9.848857801796104,9.848857801796104,10.295630140987,10.0,10.0,10.63014581273465,9.219544457292887,9.219544457292887,8.602325267042627,8.94427190999916,9.848857801796104,9.848857801796104,9.848857801796104,9.848857801796104,9.848857801796104,8.94427190999916,8.94427190999916,7.615773105863909,6.708203932499369,6.324555320336759,6.324555320336759,5.0990195135927845,5.0990195135927845,4.123105625617661,0.0,0.0,0.0,0.0,0.0,0.0,0.0,0.0,0.0,0.0,0.0,9.0,9.055385138137417,9.055385138137417,10.04987562112089,10.44030650891055,10.770329614269007,10.770329614269007,11.704699910719626,11.704699910719626,11.40175425099138,11.40175425099138,11.180339887498949,9.055385138137417,9.0,8.0,7.0,5.0,3.1622776601683795,2.23606797749979,4.0,6.082762530298219,9.055385138137417,10.198039027185569,12.36931687685298,13.341664064126334,15.297058540778355
1787404710.1513767,-84,0.0,15.297058540778355,15.297058540778355,15.297058540778355,15.132745950421556,15.132745950421556,14.142135623730951,14.317821063276353,14.317821063276353,13.601470508735444,13.601470508735444,13.92838827718412,13.92838827718412,14.317821063276353,14.317821063276353,14.317821063276353,14.317821063276353,14.317821063276353,13.92838827718412,13.601470508735444,13.601470508735444,12.36931687685298,12.36931687685298,12.165525060596439,11.045361017187261,11.045361017187261,11.045361017187261,0.0,0.0,0.0,0.0,0.0,0.0,0.0,0.0,0.0,0.0,0.0,9.433981132056603,10.0,10.0,9.899494936611665,10.63014581273465,10.0,10.816653826391969,10.816653826391969,10.816653826391969,10.295630140987,10.295630140987,10.295630140987,10.295630140987,10.295630140987,10.0,10.0,9.899494936611665,9.899494936611665,10.0,10.816653826391969,11.180339887498949,11.704699910719626,12.36931687685298,13.341664064126334,13.341664064126334,14.142135623730951
1787404710.1553907,-82,0.0,19.313207915827967,19.313207915827967,18.384776310850235,17.46424919657298,17.46424919657298,16.55294535724685,15.652475842498529,14.7648230602334,14.7648230602334,14.422205101855956,14.422205101855956,14.422205101855956,14.422205101855956,14.422205101855956,14.422205101855956,15.264337522473747,14.7648230602334,14.317821063276353,15.231546211727817,14.560219778561036,14.317821063276353,14.142135623730951,14.035668847618199,14.0,15.0,15.033296378372908,0.0,0.0,0.0,0.0,0.0,0.0,0.0,0.0,0.0,0.0,0.0,10.44030650891055,11.180339887498949,11.180339887498949,11.045361017187261,11.0,11.045361017187261,11.045361017187261,11.180339887498949,11.180339887498949,11.40175425099138,11.40175425099138,11.40175425099138,11.40175425099138,10.44030650891055,10.198039027185569,10.198039027185569,10.198039027185569,10.198039027185569,10.04987562112089,11.0,12.041594578792296,12.165525060596439,13.341664064126334,14.560219778561036,14.866068747318506,15.231546211727817
1787404710.450399,-80,0.0,26.1725046566048,24.758836806279895,21.213203435596427,17.69180601295413,14.212670403551895,10.816653826391969,9.486832980505138,9.0,9.486832980505138,10.63014581273465,10.816653826391969,12.083045973594572,12.649110640673518,14.317821063276353,17.11724276862369,18.24828759089466,18.681541692269406,17.46424919657298,15.652475842498529,13.416407864998739,10.770329614269007,8.246211251235321,7.0710678118654755,6.324555320336759,7.211102550927978,8.06225774829855,0.0,0.0,0.0,0.0,0.0,0.0,0.0,0.0,0.0,0.0,0.0,5.0,6.708203932499369,10.0,12.041594578792296,12.206555615733702,12.649110640673518,16.1245154965971,18.027756377319946,18.027756377319946,17.46424919657298,16.76305461424021,15.811388300841896,11.704699910719626,8.54400374531753,6.082762530298219,4.47213595499958,4.47213595499958,6.324555320336759,6.082762530298219,7.615773105863909,11.661903789690601,15.811388300841896,18.601075237738275,21.400934559032695,22.80350850198276,25.612496949731394
1787404710.450399,-69,0.0,31.016124838541646,30.066592756745816,27.073972741361768,23.194827009486403,18.24828759089466,13.341664064126334,7.615773105863909,3.605551275463989,4.47213595499958,7.810249675906654,10.0,11.40175425099138,13.45362404707371,14.866068747318506,15.0,15.264337522473747,15.652475842498529,15.231546211727817,13.92838827718412,13.341664064126334,12.36931687685298,9.219544457292887,7.280109889280518,5.385164807134504,2.8284271247461903,2.0,0.0,0.0,0.0,0.0,0.0,0.0,0.0,0.0,0.0,0.0,0.0,5.0990195135927845,4.0,3.1622776601683795,2.23606797749979,1.0,3.1622776601683795,6.324555320336759,8.54400374531753,10.770329614269007,13.0,15.231546211727817,15.652475842498529,15.264337522473747,15.0,14.142135623730951,13.45362404707371,11.40175425099138,10.0,7.211102550927978,4.242640687119285,2.23606797749979,5.385164807134504,10.198039027185569,16.1245154965971,22.090722034374522,25.019992006393608
1787404710.4665098,-68,0.0,34.48187929913333,32.89376840679705,30.083217912982647,25.495097567963924,19.72308292331602,14.422205101855956,9.219544457292887,5.0990195135927845,5.0,8.06225774829855,10.770329614269007,13.0,13.416407864998739,15.264337522473747,16.401219466856727,17.029386365926403,17.69180601295413,16.401219466856727,15.264337522473747,14.7648230602334,13.416407864998739,11.180339887498949,8.94427190999916,5.385164807134504,2.23606797749979,2.0,0.0,0.0,0.0,0.0,0.0,0.0,0.0,0.0,0.0,0.0,0.0,6.708203932499369,5.0990195135927845,3.0,2.0,0.0,4.0,7.0710678118654755,10.04987562112089,13.0,15.033296378372908,17.11724276862369,17.26267650163207,16.492422502470642,16.76305461424021,15.231546211727817,14.7648230602334,12.529964086141668,10.0,7.810249675906654,4.47213595499958,3.605551275463989,7.0710678118654755,12.041594578792296,19.235384061671343,25.317977802344327,28.442925306655784
1787404710.4665098,-68,0.0,31.622776601683793,30.675723300355934,27.85677655436824,24.166091947189145,19.235384061671343,14.422205101855956,9.219544457292887,5.385164807134504,4.123105625617661,5.0,8.06225774829855,10.295630140987,13.038404810405298,13.601470508735444,13.45362404707371,13.45362404707371,14.212670403551895,13.601470508735444,12.529964086141668,10.770329614269007,9.486832980505138,7.0710678118654755,6.082762530298219,3.0,1.0,1.0,0.0,0.0,0.0,0.0,0.0,0.0,0.0,0.0,0.0,0.0,0.0,4.123105625617661,4.0,3.1622776601683795,1.4142135623730951,2.23606797749979,3.605551275463989,6.082762530298219,8.06225774829855,11.045361017187261,13.038404810405298,15.0,15.033296378372908,15.297058540778355,14.560219778561036,13.92838827718412,12.529964086141668,11.180339887498949,8.94427190999916,5.830951894845301,3.1622776601683795,2.8284271247461903,7.0,12.165525060596439,17.46424919657298,22.561028345356956,24.73863375370596
1787404710.4665098,-69,0.0,31.906112267087632,30.528675044947494,28.0178514522438,24.20743687382041,19.209372712298546,14.142135623730951,9.433981132056603,5.0990195135927845,3.605551275463989,6.082762530298219,8.06225774829855,10.198039027185569,11.40175425099138,13.341664064126334,13.601470508735444,13.92838827718412,14.422205101855956,12.806248474865697,12.041594578792296,9.899494936611665,9.219544457292887,7.211102550927978,5.0,3.1622776601683795,1.0,0.0,0.0,0.0,0.0,0.0,0.0,0.0,0.0,0.0,0.0,0.0,0.0,4.123105625617661,4.0,3.1622776601683795,1.4142135623730951,2.23606797749979,3.605551275463989,6.082762530298219,9.219544457292887,11.045361017187261,13.152946437965905,14.035668847618199,15.033296378372908,15.033296378372908,14.142135623730951,13.601470508735444,12.649110640673518,10.770329614269007,8.94427190999916,6.324555320336759,3.0,3.605551275463989,7.0710678118654755,12.36931687685298,17.08800749063506,22.847319317591726,25.495097567963924
1787404710.4822955,-69,0.0,30.805843601498726,29.68164415931166,26.92582403567252,23.323807579381203,19.235384061671343,13.92838827718412,9.055385138137417,5.385164807134504,5.385164807134504,7.0,9.055385138137417,10.04987562112089,12.0,14.0,15.033296378372908,14.142135623730951,13.341664064126334,13.92838827718412,13.0,11.180339887498949,9.848857801796104,8.06225774829855,5.0,2.8284271247461903,1.4142135623730951,1.0,0.0,0.0,0.0,0.0,0.0,0.0,0.0,0.0,0.0,0.0,0.0,4.47213595499958,4.242640687119285,2.8284271247461903,2.0,1.0,3.605551275463989,5.656854249492381,7.810249675906654,10.63014581273465,12.806248474865697,14.422205101855956,15.264337522473747,14.7648230602334,13.92838827718412,13.341664064126334,13.152946437965905,11.045361017187261,9.0,7.0,4.0,2.0,5.0,11.313708498984761,16.278820596099706,22.02271554554524,25.612496949731394
1787404710.4822955,-68,0.0,31.016124838541646,29.732137494637012,27.51363298439521,23.08679276123039,18.681541692269406,13.152946437965905,8.0,4.47213595499958,4.0,5.385164807134504,8.06225774829855,11.180339887498949,13.0,13.601470508735444,14.560219778561036,14.317821063276353,14.142135623730951,13.0,13.038404810405298,11.045361017187261,9.055385138137417,7.0710678118654755,4.0,2.0,1.0,2.8284271247461903,0.0,0.0,0.0,0.0,0.0,0.0,0.0,0.0,0.0,0.0,0.0,3.0,2.23606797749979,1.4142135623730951,1.0,2.0,3.605551275463989,6.4031242374328485,9.219544457292887,12.806248474865697,14.866068747318506,16.278820596099706,16.97056274847714,16.97056274847714,16.401219466856727,16.64331697709324,15.652475842498529,13.416407864998739,11.704699910719626,8.54400374531753,5.830951894845301,4.123105625617661,5.830951894845301,10.816653826391969,17.0,22.360679774997898,26.40075756488817
1787404711.165622,-68,0.0,33.95585369269929,31.78049716414141,29.614185789921695,25.317977802344327,20.024984394500787,15.0,10.04987562112089,5.0,4.123105625617661,7.0710678118654755,9.219544457292887,12.806248474865697,15.0,17.804493814764857,18.439088914585774,18.384776310850235,17.69180601295413,17.029386365926403,15.811388300841896,14.422205101855956,12.529964086141668,10.295630140987,6.708203932499369,4.123105625617661,2.0,1.4142135623730951,0.0,0.0,0.0,0.0,0.0,0.0,0.0,0.0,0.0,0.0,0.0,1.4142135623730951,3.0,3.1622776601683795,2.8284271247461903,3.0,3.605551275463989,5.830951894845301,8.06225774829855,10.816653826391969,13.038404810405298,13.892443989449804,13.92838827718412,13.601470508735444,14.317821063276353,14.142135623730951,13.038404810405298,12.0,10.04987562112089,7.0710678118654755,3.1622776601683795,3.1622776601683795,7.810249675906654,12.529964086141668,18.384776310850235,23.40939982143925,27.85677655436824
1787404711.7414691,-69,0.0,28.0178514522438,28.0178514522438,25.80697580112788,22.20360331117452,17.804493814764857,12.727922061357855,8.06225774829855,4.123105625617661,3.0,6.708203932499369,9.848857801796104,12.649110640673518,14.866068747318506,17.08800749063506,18.027756377319946,18.973665961010276,18.681541692269406,17.46424919657298,15.297058540778355,14.142135623730951,12.165525060596439,10.198039027185569,8.06225774829855,6.0,4.123105625617661,2.23606797749979,0.0,0.0,0.0,0.0,0.0,0.0,0.0,0.0,0.0,0.0,0.0,3.0,1.4142135623730951,1.0,1.0,3.605551275463989,7.810249675906654,9.219544457292887,10.816653826391969,12.529964086141668,13.892443989449804,16.1245154965971,16.1245154965971,14.422205101855956,14.212670403551895,14.142135623730951,12.727922061357855,10.63014581273465,8.602325267042627,5.830951894845301,2.23606797749979,2.0,6.708203932499369,11.180339887498949,17.0,22.825424421026653,25.059928172283335
1787404711.772203,-69,0.0,27.459060435491963,27.294688127912362,26.1725046566048,23.08679276123039,18.027756377319946,13.038404810405298,7.0710678118654755,2.8284271247461903,3.605551275463989,6.708203932499369,9.848857801796104,12.529964086141668,13.892443989449804,15.811388300841896,17.204650534085253,17.804493814764857,17.029386365926403,16.278820596099706,15.556349186104045,14.142135623730951,11.313708498984761,9.219544457292887,5.830951894845301,3.605551275463989,1.4142135623730951,1.4142135623730951,0.0,0.0,0.0,0.0,0.0,0.0,0.0,0.0,0.0,0.0,0.0,2.23606797749979,1.0,1.0,2.23606797749979,4.242640687119285,5.656854249492381,9.219544457292887,12.041594578792296,13.45362404707371,16.278820596099706,16.278820596099706,15.620499351813308,15.811388300841896,15.264337522473747,14.7648230602334,13.416407864998739,10.770329614269007,8.246211251235321,5.0990195135927845,2.23606797749979,2.8284271247461903,7.280109889280518,11.40175425099138,16.492422502470642,21.37755832643195,23.53720459187964
1787404712.1831183,-71,0.0,30.0,29.410882339705484,27.459060435491963,24.186773244895647,19.235384061671343,13.0,7.0710678118654755,3.1622776601683795,3.0,5.830951894845301,8.602325267042627,10.816653826391969,13.892443989449804,14.7648230602334,15.652475842498529,16.15549442140351,15.811388300841896,14.560219778561036,14.560219778561036,12.36931687685298,10.198039027185569,8.246211251235321,6.082762530298219,3.1622776601683795,1.4142135623730951,1.4142135623730951,0.0,0.0,0.0,0.0,0.0,0.0,0.0,0.0,0.0,0.0,0.0,5.830951894845301,4.47213595499958,2.23606797749979,0.0,3.0,6.082762530298219,9.219544457292887,11.180339887498949,13.341664064126334,15.297058540778355,16.278820596099706,16.1245154965971,16.0312195418814,16.0312195418814,16.1245154965971,14.560219778561036,12.649110640673518,9.848857801796104,8.06225774829855,4.47213595499958,1.4142135623730951,4.47213595499958,9.219544457292887,14.212670403551895,19.849433241279208,23.430749027719962
1787404712.2177408,-70,0.0,26.92582403567252,26.92582403567252,24.73863375370596,21.587033144922902,17.26267650163207,12.041594578792296,7.0,2.23606797749979,2.8284271247461903,5.830951894845301,8.06225774829855,9.219544457292887,12.041594578792296,14.422205101855956,15.811388300841896,16.64331697709324,16.1245154965971,15.652475842498529,15.652475842498529,13.416407864998739,11.180339887498949,9.433981132056603,7.211102550927978,5.0,2.8284271247461903,1.0,0.0,0.0,0.0,0.0,0.0,0.0,0.0,0.0,0.0,0.0,0.0,4.47213595499958,2.8284271247461903,1.4142135623730951,1.0,2.8284271247461903,5.0,8.602325267042627,11.40175425099138,12.806248474865697,13.601470508735444,15.0,14.422205101855956,12.529964086141668,12.083045973594572,11.704699910719626,11.180339887498949,11.045361017187261,9.0,7.0,4.123105625617661,2.23606797749979,5.0,8.94427190999916,13.92838827718412,17.72004514666935,21.840329667841555
1787404712.3926651,-82,0.0,13.601470508735444,13.601470508735444,13.341664064126334,13.341664064126334,13.341664064126334,13.152946437965905,13.152946437965905,13.152946437965905,12.041594578792296,12.041594578792296,11.0,11.045361017187261,11.045361017187261,11.180339887498949,11.180339887498949,11.180339887498949,12.165525060596439,13.152946437965905,13.152946437965905,13.038404810405298,13.0,13.0,12.041594578792296,12.165525060596439,11.40175425099138,10.44030650891055,0.0,0.0,0.0,0.0,0.0,0.0,0.0,0.0,0.0,0.0,0.0,10.44030650891055,10.198039027185569,10.198039027185569,11.180339887498949,11.045361017187261,11.045361017187261,11.045361017187261,12.041594578792296,12.0,12.0,12.0,12.041594578792296,11.045361017187261,11.045361017187261,11.045361017187261,11.045361017187261,10.0,10.0,10.04987562112089,9.219544457292887,9.486832980505138,9.486832980505138,9.848857801796104,9.433981132056603,9.433981132056603,10.0
1787404712.4240544,-83,0.0,12.041594578792296,13.0,14.035668847618199,13.341664064126334,13.601470508735444,14.560219778561036,13.601470508735444,13.0,12.083045973594572,10.816653826391969,9.899494936611665,9.899494936611665,10.0,9.486832980505138,11.180339887498949,12.165525060596439,12.041594578792296,12.041594578792296,12.0,12.041594578792296,13.152946437965905,12.36931687685298,11.40175425099138,11.40175425099138,11.704699910719626,12.083045973594572,0.0,0.0,0.0,0.0,0.0,0.0,0.0,0.0,0.0,0.0,0.0,3.1622776601683795,7.810249675906654,3.1622776601683795,2.23606797749979,8.54400374531753,9.219544457292887,5.385164807134504,5.0990195135927845,9.219544457292887,11.313708498984761,10.0,9.433981132056603,9.848857801796104,9.848857801796104,9.433981132056603,8.94427190999916,9.848857801796104,9.486832980505138,8.06225774829855,9.486832980505138,9.433981132056603,8.602325267042627,8.48528137423857,9.433981132056603,9.486832980505138,9.219544457292887
1787404712.4240544,-82,0.0,13.0,13.92838827718412,13.92838827718412,13.92838827718412,13.601470508735444,13.601470508735444,13.601470508735444,12.36931687685298,12.36931687685298,12.36931687685298,11.180339887498949,11.180339887498949,11.045361017187261,12.041594578792296,12.041594578792296,12.041594578792296,12.041594578792296,13.152946437965905,13.341664064126334,12.649110640673518,13.0,12.529964086141668,12.206555615733702,12.041594578792296,11.313708498984761,11.40175425099138,0.0,0.0,0.0,0.0,0.0,0.0,0.0,0.0,0.0,0.0,0.0,10.63014581273465,9.219544457292887,9.219544457292887,8.602325267042627,8.06225774829855,7.211102550927978,7.615773105863909,7.615773105863909,7.615773105863909,7.280109889280518,8.246211251235321,7.0710678118654755,8.246211251235321,8.246211251235321,7.280109889280518,7.615773105863909,7.280109889280518,6.708203932499369,6.4031242374328485,7.0710678118654755,7.810249675906654,8.602325267042627,10.295630140987,11.180339887498949,12.083045973594572,12.649110640673518
1787404712.4432976,-82,0.0,14.422205101855956,14.422205101855956,14.422205101855956,14.422205101855956,14.422205101855956,14.422205101855956,14.422205101855956,13.892443989449804,12.529964086141668,12.083045973594572,12.083045973594572,11.704699910719626,11.40175425099138,12.36931687685298,12.36931687685298,12.36931687685298,13.341664064126334,13.601470508735444,13.92838827718412,14.317821063276353,14.317821063276353,13.892443989449804,13.601470508735444,13.601470508735444,12.806248474865697,12.727922061357855,0.0,0.0,0.0,0.0,0.0,0.0,0.0,0.0,0.0,0.0,0.0,9.848857801796104,10.770329614269007,9.848857801796104,9.848857801796104,9.486832980505138,9.219544457292887,9.055385138137417,10.198039027185569,10.198039027185569,10.0,9.055385138137417,10.198039027185569,9.219544457292887,9.055385138137417,9.055385138137417,9.0,9.0,9.055385138137417,8.246211251235321,9.486832980505138,9.433981132056603,9.433981132056603,10.0,10.0,10.63014581273465,10.63014581273465
1787404712.7155118,-69,0.0,30.4138126514911,29.068883707497267,27.313000567495326,23.40939982143925,17.72004514666935,13.152946437965905,8.0,4.242640687119285,5.0990195135927845,6.708203932499369,8.94427190999916,9.848857801796104,11.704699910719626,12.649110640673518,13.152946437965905,14.035668847618199,14.035668847618199,14.142135623730951,13.341664064126334,12.36931687685298,10.198039027185569,8.246211251235321,5.0990195135927845,2.23606797749979,0.0,1.0,0.0,0.0,0.0,0.0,0.0,0.0,0.0,0.0,0.0,0.0,0.0,5.0990195135927845,3.1622776601683795,1.0,1.4142135623730951,4.242640687119285,7.0710678118654755,10.63014581273465,12.041594578792296,14.866068747318506,15.556349186104045,16.97056274847714,16.278820596099706,14.422205101855956,14.317821063276353,13.601470508735444,12.36931687685298,11.180339887498949,9.055385138137417,6.082762530298219,2.23606797749979,3.1622776601683795,6.4031242374328485,11.661903789690601,17.4928556845359,22.825424421026653,25.059928172283335
1787404712.9157813,-68,0.0,30.59411708155671,30.4138126514911,27.16615541441225,23.194827009486403,18.110770276274835,11.0,5.385164807134504,2.23606797749979,4.242640687119285,7.211102550927978,10.816653826391969,14.212670403551895,16.278820596099706,16.278820596099706,15.556349186104045,16.401219466856727,18.027756377319946,17.204650534085253,15.264337522473747,14.317821063276353,12.529964086141668,10.0,7.0710678118654755,4.242640687119285,1.0,3.1622776601683795,0.0,0.0,0.0,0.0,0.0,0.0,0.0,0.0,0.0,0.0,0.0,2.8284271247461903,2.23606797749979,1.4142135623730951,3.605551275463989,5.0,7.211102550927978,9.899494936611665,11.313708498984761,14.212670403551895,16.64331697709324,17.804493814764857,17.029386365926403,16.64331697709324,15.231546211727817,13.92838827718412,12.36931687685298,10.198039027185569,8.246211251235321,5.0990195135927845,2.0,2.23606797749979,8.602325267042627,15.652475842498529,20.248456731316587,24.351591323771842,26.570660511172846
1787404712.9315567,-84,0.0,14.0,13.0,12.0,11.0,10.0,8.06225774829855,7.0710678118654755,5.0990195135927845,4.47213595499958,3.605551275463989,2.8284271247461903,3.1622776601683795,3.1622776601683795,4.123105625617661,4.123105625617661,4.123105625617661,4.47213595499958,4.47213595499958,3.605551275463989,3.605551275463989,3.605551275463989,3.605551275463989,2.23606797749979,2.23606797749979,2.23606797749979,2.0,0.0,0.0,0.0,0.0,0.0,0.0,0.0,0.0,0.0,0.0,0.0,19.924858845171276,19.924858845171276,19.313207915827967,19.697715603592208,18.788294228055936,19.235384061671343,19.72308292331602,19.4164878389476,18.601075237738275,18.601075237738275,18.601075237738275,17.204650534085253,17.204650534085253,17.204650534085253,16.64331697709324,16.1245154965971,15.652475842498529,16.15549442140351,15.524174696260024,15.297058540778355,16.1245154965971,16.0312195418814,16.0,16.0312195418814,17.029386365926403,17.11724276862369
1787404712.9315567,-84,0.0,13.038404810405298,11.661903789690601,11.661903789690601,10.295630140987,8.94427190999916,6.708203932499369,5.385164807134504,4.123105625617661,3.0,3.0,3.1622776601683795,2.8284271247461903,3.605551275463989,3.605551275463989,3.605551275463989,3.605551275463989,3.605551275463989,2.8284271247461903,2.8284271247461903,2.8284271247461903,1.4142135623730951,1.0,0.0,0.0,0.0,1.0,0.0,0.0,0.0,0.0,0.0,0.0,0.0,0.0,0.0,0.0,0.0,20.518284528683193,19.849433241279208,20.0,20.248456731316587,19.72308292331602,19.697715603592208,19.313207915827967,19.313207915827967,18.973665961010276,18.027756377319946,18.027756377319946,18.027756377319946,17.08800749063506,17.08800749063506,16.55294535724685,15.652475842498529,15.264337522473747,15.0,15.0,14.866068747318506,14.866068747318506,14.212670403551895,14.422205101855956,15.264337522473747,14.7648230602334,14.7648230602334
1787404712.947572,-69,0.0,28.160255680657446,27.294688127912362,23.345235059857504,19.4164878389476,14.866068747318506,10.295630140987,5.656854249492381,3.1622776601683795,4.47213595499958,7.615773105863909,10.44030650891055,11.704699910719626,14.317821063276353,15.652475842498529,16.1245154965971,16.64331697709324,17.204650534085253,17.029386365926403,15.620499351813308,14.212670403551895,12.806248474865697,9.433981132056603,6.324555320336759,4.0,2.23606797749979,2.23606797749979,0.0,0.0,0.0,0.0,0.0,0.0,0.0,0.0,0.0,0.0,0.0,4.0,2.0,1.0,1.0,3.605551275463989,5.656854249492381,7.0710678118654755,9.899494936611665,12.727922061357855,14.142135623730951,16.278820596099706,15.620499351813308,15.811388300841896,14.422205101855956,13.892443989449804,12.083045973594572,10.44030650891055,7.280109889280518,4.123105625617661,2.23606797749979,2.0,7.0,12.0,16.0,21.0,23.0
1787404712.947572,-69,0.0,29.732137494637012,27.85677655436824,24.698178070456937,21.02379604162864,16.1245154965971,11.40175425099138,7.0710678118654755,3.0,4.47213595499958,7.0,10.0,11.045361017187261,13.152946437965905,15.132745950421556,17.26267650163207,17.46424919657298,17.72004514666935,17.72004514666935,15.811388300841896,14.560219778561036,12.36931687685298,10.198039027185569,7.0710678118654755,4.0,1.4142135623730951,1.4142135623730951,0.0,0.0,0.0,0.0,0.0,0.0,0.0,0.0,0.0,0.0,0.0,5.0990195135927845,2.8284271247461903,1.4142135623730951,3.0,3.1622776601683795,6.4031242374328485,7.810249675906654,10.63014581273465,13.45362404707371,14.866068747318506,16.278820596099706,16.278820596099706,14.866068747318506,14.422205101855956,13.892443989449804,12.529964086141668,9.486832980505138,7.0710678118654755,5.0,2.0,2.23606797749979,6.082762530298219,12.165525060596439,17.26267650163207,22.561028345356956,25.709920264364882
1787404712.947572,-69,0.0,29.5296461204668,27.784887978899608,23.853720883753127,19.72308292331602,15.264337522473747,10.816653826391969,5.656854249492381,2.23606797749979,4.123105625617661,6.708203932499369,9.486832980505138,12.165525060596439,14.035668847618199,16.0312195418814,16.0,16.0312195418814,17.26267650163207,17.26267650163207,16.278820596099706,14.317821063276353,12.165525060596439,10.04987562112089,7.0,4.123105625617661,2.23606797749979,2.0,0.0,0.0,0.0,0.0,0.0,0.0,0.0,0.0,0.0,0.0,0.0,3.1622776601683795,2.0,0.0,2.0,4.123105625617661,7.615773105863909,10.44030650891055,12.36931687685298,13.601470508735444,14.866068747318506,16.15549442140351,16.15549442140351,15.652475842498529,14.422205101855956,14.212670403551895,12.727922061357855,11.313708498984761,8.48528137423857,5.0,2.23606797749979,2.0,6.082762530298219,12.36931687685298,18.384776310850235,22.360679774997898,23.706539182259394
1787404712.963448,-69,0.0,28.600699292150182,27.65863337187866,25.495097567963924,21.213203435596427,16.278820596099706,11.40175425099138,6.708203932499369,3.1622776601683795,4.0,7.280109889280518,9.486832980505138,11.40175425099138,13.341664064126334,15.297058540778355,15.132745950421556,16.0312195418814,16.0,16.0,15.033296378372908,14.035668847618199,12.0,10.04987562112089,7.0710678118654755,4.123105625617661,1.4142135623730951,1.0,0.0,0.0,0.0,0.0,0.0,0.0,0.0,0.0,0.0,0.0,0.0,2.23606797749979,2.0,0.0,2.0,4.0,6.082762530298219,8.06225774829855,11.045361017187261,12.165525060596439,13.152946437965905,14.317821063276353,14.560219778561036,14.317821063276353,14.7648230602334,14.422205101855956,13.601470508735444,12.041594578792296,9.219544457292887,5.656854249492381,2.8284271247461903,1.0,5.385164807134504,11.180339887498949,17.4928556845359,21.633307652783937,24.413111231467404
1787404713.4448476,-72,0.0,30.14962686336267,29.068883707497267,26.019223662515376,22.0,17.0,11.045361017187261,4.47213595499958,2.8284271247461903,6.324555320336759,9.219544457292887,11.40175425099138,13.92838827718412,15.231546211727817,16.55294535724685,16.1245154965971,15.0,14.866068747318506,13.45362404707371,12.806248474865697,12.206555615733702,10.295630140987,8.06225774829855,5.830951894845301,3.605551275463989,2.0,3.1622776601683795,0.0,0.0,0.0,0.0,0.0,0.0,0.0,0.0,0.0,0.0,0.0,3.605551275463989,1.4142135623730951,1.0,1.0,3.605551275463989,6.4031242374328485,10.0,12.806248474865697,15.620499351813308,17.029386365926403,18.439088914585774,19.209372712298546,17.804493814764857,16.64331697709324,15.231546211727817,13.0,10.770329614269007,8.54400374531753,4.47213595499958,2.0,5.0,9.848857801796104,15.524174696260024,21.37755832643195,25.317977802344327,28.442925306655784
1787404713.8321934,-71,0.0,22.20360331117452,22.20360331117452,22.20360331117452,20.248456731316587,19.235384061671343,18.788294228055936,17.88854381999832,16.55294535724685,14.317821063276353,13.416407864998739,11.661903789690601,10.816653826391969,10.816653826391969,10.816653826391969,10.0,9.899494936611665,9.219544457292887,8.602325267042627,9.433981132056603,9.433981132056603,9.433981132056603,9.219544457292887,8.48528137423857,8.48528137423857,7.810249675906654,7.211102550927978,0.0,0.0,0.0,0.0,0.0,0.0,0.0,0.0,0.0,0.0,0.0,5.0990195135927845,6.0,6.082762530298219,6.324555320336759,7.280109889280518,9.486832980505138,9.486832980505138,8.54400374531753,8.246211251235321,9.055385138137417,9.055385138137417,9.219544457292887,8.54400374531753,8.54400374531753,8.94427190999916,10.295630140987,10.295630140987,11.661903789690601,11.40175425099138,11.40175425099138,12.727922061357855,14.866068747318506,16.278820596099706,18.384776310850235,19.1049731745428,21.2602916254693
1787404713.948898,-70,0.0,33.54101966249684,31.78049716414141,28.861739379323623,25.709920264364882,19.924858845171276,13.416407864998739,7.810249675906654,5.385164807134504,6.708203932499369,9.486832980505138,12.649110640673518,14.866068747318506,17.08800749063506,18.788294228055936,20.12461179749811,19.72308292331602,20.248456731316587,18.601075237738275,16.401219466856727,14.212670403551895,12.041594578792296,8.602325267042627,5.830951894845301,3.1622776601683795,1.4142135623730951,2.0,0.0,0.0,0.0,0.0,0.0,0.0,0.0,0.0,0.0,0.0,0.0,3.0,2.23606797749979,2.0,2.23606797749979,5.0990195135927845,8.54400374531753,12.083045973594572,14.7648230602334,17.88854381999832,21.02379604162864,23.259406699226016,22.825424421026653,21.95449840010015,19.4164878389476,16.401219466856727,14.866068747318506,13.45362404707371,10.63014581273465,8.602325267042627,3.605551275463989,3.0,8.0,13.152946437965905,19.235384061671343,24.331050121192877,27.459060435491963
1787404714.1239085,-86,0.0,6.082762530298219,6.0,6.0,5.0990195135927845,5.0990195135927845,4.47213595499958,4.123105625617661,4.123105625617661,3.0,3.0,2.23606797749979,2.8284271247461903,3.1622776601683795,4.123105625617661,3.0,3.1622776601683795,3.605551275463989,4.242640687119285,3.605551275463989,1.4142135623730951,2.0,2.0,2.23606797749979,2.0,2.23606797749979,2.0,0.0,0.0,0.0,0.0,0.0,0.0,0.0,0.0,0.0,0.0,0.0,8.94427190999916,9.848857801796104,10.295630140987,10.295630140987,10.770329614269007,10.770329614269007,9.848857801796104,9.219544457292887,9.0,9.055385138137417,8.246211251235321,8.246211251235321,8.54400374531753,7.280109889280518,7.280109889280518,7.0710678118654755,7.0,6.082762530298219,6.324555320336759,6.4031242374328485,6.4031242374328485,6.708203932499369,6.324555320336759,7.0710678118654755,7.0,8.0
1787404714.1448948,-69,0.0,29.832867780352597,29.614185789921695,27.459060435491963,24.331050121192877,19.026297590440446,14.035668847618199,9.486832980505138,5.656854249492381,5.0,7.615773105863909,9.433981132056603,12.206555615733702,13.601470508735444,15.811388300841896,16.64331697709324,16.64331697709324,16.1245154965971,14.317821063276353,13.0,11.704699910719626,9.486832980505138,6.082762530298219,4.123105625617661,2.0,0.0,1.0,0.0,0.0,0.0,0.0,0.0,0.0,0.0,0.0,0.0,0.0,0.0,3.1622776601683795,2.23606797749979,1.0,2.23606797749979,4.0,6.082762530298219,7.615773105863909,10.295630140987,13.416407864998739,14.7648230602334,15.264337522473747,14.212670403551895,13.45362404707371,12.806248474865697,13.038404810405298,12.083045973594572,10.44030650891055,8.246211251235321,5.0990195135927845,2.23606797749979,1.4142135623730951,6.324555320336759,11.40175425099138,16.492422502470642,20.8806130178211,23.769728648009426
1787404714.1556618,-88,0.0,8.06225774829855,8.246211251235321,8.246211251235321,8.54400374531753,7.280109889280518,7.280109889280518,7.280109889280518,6.082762530298219,6.082762530298219,5.0,4.123105625617661,2.8284271247461903,3.1622776601683795,3.0,3.0,3.1622776601683795,3.605551275463989,5.0,4.242640687119285,3.605551275463989,2.23606797749979,2.23606797749979,2.0,3.1622776601683795,2.23606797749979,2.0,0.0,0.0,0.0,0.0,0.0,0.0,0.0,0.0,0.0,0.0,0.0,21.37755832643195,21.587033144922902,20.615528128088304,20.615528128088304,19.924858845171276,17.46424919657298,14.7648230602334,13.45362404707371,11.40175425099138,11.180339887498949,11.40175425099138,12.165525060596439,12.041594578792296,12.041594578792296,12.165525060596439,11.704699910719626,10.295630140987,10.0,9.899494936611665,9.433981132056603,9.486832980505138,9.219544457292887,9.0,9.055385138137417,9.055385138137417,9.055385138137417
1787404714.3157241,-85,0.0,13.45362404707371,13.601470508735444,13.038404810405298,13.416407864998739,11.704699910719626,11.40175425099138,11.180339887498949,10.04987562112089,9.0,7.0710678118654755,6.324555320336759,5.656854249492381,6.708203932499369,7.615773105863909,9.055385138137417,10.04987562112089,11.0,11.0,11.0,11.0,10.0,9.055385138137417,7.280109889280518,6.324555320336759,5.830951894845301,5.0,0.0,0.0,0.0,0.0,0.0,0.0,0.0,0.0,0.0,0.0,0.0,12.206555615733702,11.661903789690601,9.219544457292887,7.0710678118654755,5.830951894845301,5.0,4.47213595499958,5.0,7.211102550927978,8.94427190999916,11.180339887498949,11.704699910719626,13.416407864998739,13.892443989449804,12.529964086141668,13.892443989449804,14.422205101855956,12.206555615733702,11.40175425099138,8.48528137423857,5.830951894845301,2.23606797749979,1.0,2.0,4.47213595499958,6.4031242374328485
1787404714.4488223,-71,0.0,23.345235059857504,24.041630560342615,23.345235059857504,23.345235059857504,22.67156809750927,21.400934559032695,20.248456731316587,18.027756377319946,16.64331697709324,15.0,13.601470508735444,12.806248474865697,12.041594578792296,12.041594578792296,10.63014581273465,10.63014581273465,9.899494936611665,9.899494936611665,9.219544457292887,9.219544457292887,10.0,9.219544457292887,7.810249675906654,7.810249675906654,6.4031242374328485,6.4031242374328485,0.0,0.0,0.0,0.0,0.0,0.0,0.0,0.0,0.0,0.0,0.0,8.0,7.0710678118654755,6.324555320336759,7.615773105863909,8.54400374531753,8.54400374531753,8.94427190999916,8.94427190999916,9.486832980505138,9.486832980505138,9.848857801796104,8.94427190999916,9.433981132056603,9.433981132056603,10.0,10.63014581273465,11.313708498984761,11.313708498984761,12.727922061357855,14.212670403551895,15.620499351813308,16.401219466856727,18.027756377319946,20.0,21.400934559032695,21.400934559032695
1787404714.5457962,-71,0.0,20.248456731316587,21.18962010041709,20.615528128088304,20.12461179749811,19.72308292331602,18.027756377319946,16.64331697709324,15.0,13.601470508735444,12.206555615733702,10.816653826391969,11.180339887498949,9.848857801796104,9.848857801796104,8.94427190999916,8.54400374531753,8.54400374531753,8.54400374531753,8.246211251235321,7.280109889280518,7.280109889280518,7.280109889280518,7.280109889280518,6.082762530298219,6.082762530298219,6.0,0.0,0.0,0.0,0.0,0.0,0.0,0.0,0.0,0.0,0.0,0.0,8.06225774829855,6.324555320336759,6.708203932499369,8.06225774829855,7.615773105863909,8.06225774829855,8.602325267042627,8.602325267042627,9.433981132056603,8.602325267042627,8.06225774829855,8.06225774829855,7.810249675906654,7.0710678118654755,7.810249675906654,8.06225774829855,9.486832980505138,9.486832980505138,10.44030650891055,11.40175425099138,12.36931687685298,13.341664064126334,15.297058540778355,16.492422502470642,18.439088914585774,18.973665961010276
1787404714.5679905,-86,0.0,16.15549442140351,16.15549442140351,15.231546211727817,14.866068747318506,14.866068747318506,13.601470508735444,12.649110640673518,12.36931687685298,12.165525060596439,11.180339887498949,11.180339887498949,11.180339887498949,11.045361017187261,11.180339887498949,11.40175425099138,10.770329614269007,10.295630140987,9.433981132056603,9.219544457292887,9.219544457292887,8.06225774829855,8.54400374531753,8.246211251235321,8.06225774829855,7.0,7.0,0.0,0.0,0.0,0.0,0.0,0.0,0.0,0.0,0.0,0.0,0.0,8.94427190999916,8.94427190999916,9.433981132056603,9.433981132056603,9.219544457292887,9.899494936611665,9.899494936611665,10.63014581273465,11.40175425099138,12.041594578792296,12.041594578792296,12.041594578792296,12.727922061357855,12.806248474865697,14.212670403551895,15.0,15.0,15.811388300841896,15.811388300841896,16.64331697709324,16.64331697709324,17.4928556845359,17.4928556845359,17.0,17.0,17.88854381999832
1787404714.6485267,-71,0.0,21.840329667841555,22.561028345356956,22.360679774997898,21.213203435596427,21.095023109728988,20.024984394500787,19.026297590440446,17.0,15.033296378372908,14.035668847618199,13.038404810405298,12.165525060596439,12.165525060596439,12.165525060596439,11.180339887498949,10.198039027185569,9.486832980505138,9.486832980505138,8.94427190999916,8.94427190999916,8.94427190999916,8.94427190999916,8.54400374531753,7.615773105863909,7.615773105863909,6.708203932499369,0.0,0.0,0.0,0.0,0.0,0.0,0.0,0.0,0.0,0.0,0.0,8.94427190999916,6.708203932499369,7.280109889280518,7.280109889280518,8.246211251235321,8.246211251235321,8.54400374531753,8.54400374531753,8.54400374531753,8.54400374531753,8.54400374531753,8.54400374531753,8.246211251235321,8.06225774829855,9.0,9.055385138137417,10.04987562112089,10.198039027185569,11.40175425099138,12.649110640673518,13.92838827718412,15.231546211727817,16.15549442140351,18.027756377319946,18.973665961010276,19.924858845171276
1787404714.7460375,-71,0.0,24.73863375370596,24.515301344262525,24.331050121192877,23.194827009486403,21.095023109728988,20.024984394500787,19.026297590440446,17.029386365926403,15.033296378372908,14.035668847618199,13.038404810405298,12.041594578792296,12.165525060596439,11.180339887498949,10.198039027185569,10.44030650891055,9.486832980505138,9.486832980505138,8.54400374531753,8.94427190999916,8.94427190999916,8.54400374531753,7.615773105863909,7.615773105863909,6.708203932499369,6.708203932499369,0.0,0.0,0.0,0.0,0.0,0.0,0.0,0.0,0.0,0.0,0.0,7.211102550927978,7.280109889280518,7.280109889280518,8.246211251235321,8.246211251235321,8.246211251235321,9.219544457292887,9.219544457292887,10.44030650891055,10.44030650891055,9.486832980505138,9.219544457292887,9.055385138137417,9.0,9.055385138137417,10.198039027185569,10.44030650891055,10.770329614269007,13.0,13.416407864998739,14.7648230602334,17.0,17.88854381999832,19.697715603592208,21.540659228538015,21.93171219946131
1787404714.7907462,-69,0.0,32.55764119219941,31.400636936215164,29.154759474226502,25.079872407968907,19.026297590440446,13.038404810405298,7.280109889280518,4.123105625617661,5.830951894845301,7.810249675906654,10.0,11.40175425099138,13.45362404707371,15.556349186104045,16.278820596099706,16.401219466856727,15.811388300841896,15.652475842498529,13.92838827718412,10.770329614269007,8.54400374531753,7.0710678118654755,4.0,2.23606797749979,1.0,2.8284271247461903,0.0,0.0,0.0,0.0,0.0,0.0,0.0,0.0,0.0,0.0,0.0,2.23606797749979,2.23606797749979,2.0,2.0,4.123105625617661,6.708203932499369,9.433981132056603,12.206555615733702,14.422205101855956,15.0,15.0,15.620499351813308,14.866068747318506,13.601470508735444,12.529964086141668,12.083045973594572,10.770329614269007,7.280109889280518,5.0990195135927845,2.23606797749979,2.23606797749979,6.708203932499369,13.0,18.384776310850235,24.351591323771842,27.202941017470888
1787404714.9711366,-70,0.0,29.966648127543394,29.068883707497267,26.419689627245813,22.47220505424423,17.204650534085253,12.041594578792296,7.211102550927978,4.0,5.385164807134504,8.06225774829855,10.0,12.0,13.038404810405298,14.142135623730951,15.297058540778355,15.811388300841896,16.15549442140351,15.652475842498529,13.892443989449804,11.661903789690601,8.94427190999916,6.708203932499369,4.47213595499958,2.23606797749979,0.0,1.4142135623730951,0.0,0.0,0.0,0.0,0.0,0.0,0.0,0.0,0.0,0.0,0.0,3.605551275463989,2.23606797749979,1.0,2.0,4.0,6.082762530298219,8.06225774829855,10.04987562112089,12.041594578792296,13.0,14.0,13.152946437965905,13.601470508735444,13.416407864998739,12.206555615733702,11.40175425099138,10.0,7.810249675906654,5.830951894845301,3.1622776601683795,2.23606797749979,6.082762530298219,11.40175425099138,17.72004514666935,22.135943621178654,25.298221281347036
1787404714.9827938,-39,0.0,14.317821063276353,14.7648230602334,13.416407864998739,14.7648230602334,13.892443989449804,13.892443989449804,13.892443989449804,13.892443989449804,14.422205101855956,14.212670403551895,14.212670403551895,14.212670403551895,14.866068747318506,14.866068747318506,14.866068747318506,15.620499351813308,16.278820596099706,16.278820596099706,15.620499351813308,15.620499351813308,16.401219466856727,15.811388300841896,15.811388300841896,14.7648230602334,14.7648230602334,14.317821063276353,0.0,0.0,0.0,0.0,0.0,0.0,0.0,0.0,0.0,0.0,0.0,12.649110640673518,12.36931687685298,12.36931687685298,13.341664064126334,13.152946437965905,14.142135623730951,14.035668847618199,14.035668847618199,14.035668847618199,14.035668847618199,14.035668847618199,14.035668847618199,14.035668847618199,13.038404810405298,13.038404810405298,14.142135623730951,13.152946437965905,13.152946437965905,13.341664064126334,13.341664064126334,13.601470508735444,13.601470508735444,13.601470508735444,13.92838827718412,13.92838827718412,13.601470508735444
1787404714.9827938,-39,0.0,14.560219778561036,13.601470508735444,13.601470508735444,13.92838827718412,13.92838827718412,13.92838827718412,13.92838827718412,13.0,14.317821063276353,13.416407864998739,13.892443989449804,13.892443989449804,14.422205101855956,14.422205101855956,15.264337522473747,15.264337522473747,15.264337522473747,15.264337522473747,16.1245154965971,16.1245154965971,15.652475842498529,15.652475842498529,14.317821063276353,14.866068747318506,14.866068747318506,14.560219778561036,0.0,0.0,0.0,0.0,0.0,0.0,0.0,0.0,0.0,0.0,0.0,12.165525060596439,12.165525060596439,12.041594578792296,13.0,13.0,14.0,14.035668847618199,14.035668847618199,14.035668847618199,13.038404810405298,14.035668847618199,14.035668847618199,13.038404810405298,13.038404810405298,13.038404810405298,13.0,13.0,13.0,13.038404810405298,13.038404810405298,13.152946437965905,13.152946437965905,13.152946437965905,13.152946437965905,13.341664064126334,14.142135623730951
1787404715.4271905,-83,0.0,15.524174696260024,14.560219778561036,13.341664064126334,12.36931687685298,11.704699910719626,9.848857801796104,8.94427190999916,7.810249675906654,7.810249675906654,8.06225774829855,8.246211251235321,9.219544457292887,10.04987562112089,10.0,10.0,11.0,11.0,11.0,11.045361017187261,11.045361017187261,11.180339887498949,11.045361017187261,11.180339887498949,10.198039027185569,10.198039027185569,9.219544457292887,0.0,0.0,0.0,0.0,0.0,0.0,0.0,0.0,0.0,0.0,0.0,14.142135623730951,14.866068747318506,17.08800749063506,18.384776310850235,19.697715603592208,18.788294228055936,19.697715603592208,19.697715603592208,17.46424919657298,14.866068747318506,15.524174696260024,12.36931687685298,12.041594578792296,11.0,11.0,10.198039027185569,10.44030650891055,11.180339887498949,11.661903789690601,11.40175425099138,13.45362404707371,13.601470508735444,14.422205101855956,15.264337522473747,15.264337522473747,16.1245154965971
1787404716.699644,-88,0.0,13.601470508735444,13.601470508735444,12.806248474865697,12.041594578792296,12.041594578792296,12.041594578792296,12.806248474865697,13.892443989449804,13.892443989449804,14.317821063276353,14.317821063276353,14.317821063276353,13.892443989449804,13.038404810405298,12.206555615733702,11.40175425099138,10.63014581273465,10.0,11.180339887498949,11.704699910719626,11.704699910719626,12.649110640673518,13.601470508735444,14.866068747318506,15.811388300841896,15.811388300841896,0.0,0.0,0.0,0.0,0.0,0.0,0.0,0.0,0.0,0.0,0.0,7.615773105863909,6.708203932499369,5.830951894845301,4.242640687119285,4.123105625617661,4.123105625617661,3.605551275463989,3.605551275463989,4.47213595499958,4.123105625617661,4.123105625617661,4.123105625617661,5.830951894845301,7.0710678118654755,7.810249675906654,10.0,10.0,10.816653826391969,10.0,11.40175425099138,11.40175425099138,12.041594578792296,12.727922061357855,12.727922061357855,13.45362404707371,14.212670403551895
1787404716.9869962,-39,0.0,13.892443989449804,13.892443989449804,13.892443989449804,13.892443989449804,13.038404810405298,13.601470508735444,13.601470508735444,12.806248474865697,13.601470508735444,13.45362404707371,13.45362404707371,14.142135623730951,14.142135623730951,14.142135623730951,14.866068747318506,15.556349186104045,15.556349186104045,16.278820596099706,15.556349186104045,15.556349186104045,14.866068747318506,14.866068747318506,15.0,15.811388300841896,14.422205101855956,13.892443989449804,0.0,0.0,0.0,0.0,0.0,0.0,0.0,0.0,0.0,0.0,0.0,12.649110640673518,12.36931687685298,12.36931687685298,13.341664064126334,13.038404810405298,13.038404810405298,14.035668847618199,14.035668847618199,14.035668847618199,13.038404810405298,14.035668847618199,14.035668847618199,13.038404810405298,13.038404810405298,13.152946437965905,13.152946437965905,13.152946437965905,12.165525060596439,12.36931687685298,12.649110640673518,12.649110640673518,13.601470508735444,13.0,13.0,13.0,13.92838827718412
1787404716.9869962,-39,0.0,13.341664064126334,13.341664064126334,13.341664064126334,13.152946437965905,13.152946437965905,13.152946437965905,13.038404810405298,13.038404810405298,13.038404810405298,14.0,14.035668847618199,14.035668847618199,14.035668847618199,14.035668847618199,15.132745950421556,15.033296378372908,15.033296378372908,15.033296378372908,16.0312195418814,16.0312195418814,16.0,15.033296378372908,15.0,15.033296378372908,15.132745950421556,13.152946437965905,0.0,0.0,0.0,0.0,0.0,0.0,0.0,0.0,0.0,0.0,0.0,11.704699910719626,12.083045973594572,11.661903789690601,13.038404810405298,13.038404810405298,13.038404810405298,13.601470508735444,12.806248474865697,13.601470508735444,12.806248474865697,12.806248474865697,13.601470508735444,12.206555615733702,12.206555615733702,13.038404810405298,13.038404810405298,13.038404810405298,12.529964086141668,12.529964086141668,12.083045973594572,12.083045973594572,13.0,13.0,13.0,13.601470508735444,13.0
1787404717.0968254,-77,0.0,21.095023109728988,17.804493814764857,12.041594578792296,8.94427190999916,7.0710678118654755,6.4031242374328485,7.280109889280518,11.0,15.0,16.0312195418814,17.11724276862369,18.439088914585774,18.973665961010276,20.248456731316587,19.924858845171276,18.973665961010276,16.76305461424021,13.152946437965905,10.198039027185569,9.486832980505138,7.211102550927978,8.06225774829855,10.198039027185569,11.661903789690601,13.45362404707371,15.620499351813308,0.0,0.0,0.0,0.0,0.0,0.0,0.0,0.0,0.0,0.0,0.0,1.0,1.4142135623730951,4.123105625617661,6.324555320336759,8.06225774829855,8.602325267042627,8.48528137423857,8.94427190999916,9.848857801796104,8.06225774829855,7.810249675906654,9.899494936611665,8.602325267042627,5.0,3.1622776601683795,1.0,2.23606797749979,5.0,8.246211251235321,14.0,17.26267650163207,19.6468827043885,20.8806130178211,23.40939982143925,25.298221281347036,26.248809496813376
1787404717.3186882,-85,0.0,18.681541692269406,16.76305461424021,15.811388300841896,14.317821063276353,12.206555615733702,10.63014581273465,9.433981132056603,8.94427190999916,7.280109889280518,6.082762530298219,5.0990195135927845,3.605551275463989,3.1622776601683795,3.0,3.605551275463989,5.0,6.708203932499369,7.615773105863909,9.486832980505138,10.44030650891055,9.486832980505138,9.486832980505138,9.486832980505138,9.486832980505138,8.54400374531753,8.54400374531753,0.0,0.0,0.0,0.0,0.0,0.0,0.0,0.0,0.0,0.0,0.0,22.090722034374522,20.09975124224178,17.029386365926403,14.035668847618199,11.0,7.0,4.0,2.23606797749979,4.242640687119285,7.211102550927978,10.295630140987,12.529964086141668,13.416407864998739,14.317821063276353,15.231546211727817,15.231546211727817,13.416407864998739,12.529964086141668,10.0,5.656854249492381,3.1622776601683795,4.242640687119285,7.280109889280518,11.045361017187261,14.035668847618199,17.029386365926403
1787404717.4484231,-85,0.0,19.72308292331602,19.72308292331602,18.35755975068582,16.64331697709324,15.811388300841896,14.212670403551895,12.727922061357855,11.40175425099138,10.295630140987,9.219544457292887,10.0,10.04987562112089,11.180339887498949,11.704699910719626,10.770329614269007,10.295630140987,10.295630140987,9.433981132056603,8.602325267042627,7.0710678118654755,6.4031242374328485,5.385164807134504,6.082762530298219,6.0,6.082762530298219,7.615773105863909,0.0,0.0,0.0,0.0,0.0,0.0,0.0,0.0,0.0,0.0,0.0,3.605551275463989,2.0,1.0,1.4142135623730951,2.0,4.47213595499958,5.656854249492381,7.810249675906654,9.433981132056603,10.816653826391969,12.083045973594572,13.0,13.92838827718412,13.601470508735444,13.152946437965905,11.180339887498949,11.180339887498949,9.055385138137417,6.082762530298219,4.47213595499958,2.23606797749979,4.123105625617661,6.708203932499369,9.433981132056603,11.661903789690601,13.601470508735444
1787404717.6531858,-70,0.0,30.265491900843113,29.068883707497267,26.019223662515376,22.02271554554524,18.027756377319946,13.152946437965905,8.54400374531753,5.0,5.0990195135927845,7.211102550927978,9.219544457292887,12.041594578792296,12.806248474865697,13.601470508735444,13.892443989449804,13.416407864998739,13.601470508735444,13.152946437965905,13.038404810405298,11.0,10.0,8.0,6.082762530298219,3.1622776601683795,1.4142135623730951,1.0,0.0,0.0,0.0,0.0,0.0,0.0,0.0,0.0,0.0,0.0,0.0,4.123105625617661,3.605551275463989,2.23606797749979,1.4142135623730951,3.1622776601683795,5.0990195135927845,7.280109889280518,9.486832980505138,11.704699910719626,13.0,13.416407864998739,13.038404810405298,13.45362404707371,13.45362404707371,13.038404810405298,12.529964086141668,10.770329614269007,8.54400374531753,6.324555320336759,2.8284271247461903,2.8284271247461903,6.708203932499369,12.649110640673518,18.439088914585774,22.360679774997898,25.495097567963924
1787404717.668242,-70,0.0,31.78049716414141,30.59411708155671,27.294688127912362,23.194827009486403,19.026297590440446,14.035668847618199,8.54400374531753,5.0,6.082762530298219,8.06225774829855,10.0,12.206555615733702,13.038404810405298,13.892443989449804,14.317821063276353,14.560219778561036,14.142135623730951,14.035668847618199,13.0,11.045361017187261,10.04987562112089,8.246211251235321,5.385164807134504,3.1622776601683795,1.4142135623730951,1.4142135623730951,0.0,0.0,0.0,0.0,0.0,0.0,0.0,0.0,0.0,0.0,0.0,5.385164807134504,3.605551275463989,2.23606797749979,1.0,3.0,5.0990195135927845,7.615773105863909,10.295630140987,12.529964086141668,13.892443989449804,13.892443989449804,13.601470508735444,13.45362404707371,12.806248474865697,13.038404810405298,12.083045973594572,10.770329614269007,8.54400374531753,6.324555320336759,3.605551275463989,3.605551275463989,8.06225774829855,13.0,18.973665961010276,23.08679276123039,25.96150997149434
1787404717.705584,-70,0.0,31.575306807693888,29.832867780352597,27.202941017470888,23.08679276123039,19.313207915827967,13.416407864998739,9.219544457292887,5.0990195135927845,5.0,7.211102550927978,9.848857801796104,12.083045973594572,12.529964086141668,13.038404810405298,13.601470508735444,14.142135623730951,14.212670403551895,13.038404810405298,12.529964086141668,11.704699910719626,10.44030650891055,8.246211251235321,5.0990195135927845,2.23606797749979,1.0,1.4142135623730951,0.0,0.0,0.0,0.0,0.0,0.0,0.0,0.0,0.0,0.0,0.0,5.0,4.123105625617661,2.8284271247461903,2.0,2.8284271247461903,5.0990195135927845,8.0,10.0,12.041594578792296,14.142135623730951,14.317821063276353,13.601470508735444,13.0,13.416407864998739,12.806248474865697,12.041594578792296,11.313708498984761,9.219544457292887,6.4031242374328485,3.605551275463989,3.605551275463989,8.06225774829855,13.038404810405298,19.235384061671343,23.194827009486403,26.30589287593181
1787404717.715909,-70,0.0,30.479501308256342,29.0,26.870057685088806,23.345235059857504,18.601075237738275,13.038404810405298,7.615773105863909,4.123105625617661,4.47213595499958,7.0710678118654755,9.486832980505138,11.40175425099138,12.36931687685298,13.152946437965905,13.038404810405298,13.038404810405298,13.152946437965905,12.649110640673518,11.704699910719626,10.770329614269007,8.94427190999916,6.708203932499369,3.605551275463989,1.4142135623730951,0.0,2.8284271247461903,0.0,0.0,0.0,0.0,0.0,0.0,0.0,0.0,0.0,0.0,0.0,3.605551275463989,2.0,2.23606797749979,3.1622776601683795,5.0,7.211102550927978,9.433981132056603,11.704699910719626,14.560219778561036,15.524174696260024,15.524174696260024,15.297058540778355,15.033296378372908,14.035668847618199,14.142135623730951,14.317821063276353,12.36931687685298,9.486832980505138,7.280109889280518,4.0,3.1622776601683795,7.280109889280518,13.416407864998739,18.027756377319946,22.80350850198276,26.40075756488817
1787404717.7957165,-85,0.0,14.317821063276353,13.416407864998739,13.0,11.704699910719626,10.44030650891055,10.198039027185569,11.180339887498949,11.045361017187261,10.04987562112089,11.045361017187261,12.041594578792296,12.041594578792296,13.152946437965905,13.152946437965905,13.341664064126334,13.152946437965905,12.165525060596439,13.038404810405298,13.038404810405298,10.04987562112089,9.055385138137417,8.246211251235321,7.280109889280518,6.708203932499369,7.211102550927978,7.0710678118654755,0.0,0.0,0.0,0.0,0.0,0.0,0.0,0.0,0.0,0.0,0.0,7.810249675906654,8.602325267042627,8.48528137423857,9.899494936611665,9.899494936611665,9.219544457292887,8.48528137423857,8.48528137423857,7.810249675906654,6.4031242374328485,6.4031242374328485,5.656854249492381,4.242640687119285,5.0,5.830951894845301,6.708203932499369,6.708203932499369,7.280109889280518,8.54400374531753,9.848857801796104,11.704699910719626,11.704699910719626,12.083045973594572,12.083045973594572,12.083045973594572,13.416407864998739
1787404717.8113594,-83,0.0,12.041594578792296,12.041594578792296,11.045361017187261,11.045361017187261,10.04987562112089,10.04987562112089,10.04987562112089,10.198039027185569,10.198039027185569,10.04987562112089,10.198039027185569,10.198039027185569,11.180339887498949,11.045361017187261,12.041594578792296,12.041594578792296,11.045361017187261,11.045361017187261,11.0,8.0,8.06225774829855,7.280109889280518,7.615773105863909,7.211102550927978,7.810249675906654,8.48528137423857,0.0,0.0,0.0,0.0,0.0,0.0,0.0,0.0,0.0,0.0,0.0,8.602325267042627,8.06225774829855,8.54400374531753,9.055385138137417,9.0,9.055385138137417,9.055385138137417,9.055385138137417,8.0,7.0,6.0,6.082762530298219,5.385164807134504,5.830951894845301,5.830951894845301,6.324555320336759,7.615773105863909,8.246211251235321,10.198039027185569,11.180339887498949,12.165525060596439,12.165525060596439,14.142135623730951,14.142135623730951,15.132745950421556,15.132745950421556
1787404717.907107,-83,0.0,12.806248474865697,12.806248474865697,12.041594578792296,12.041594578792296,11.313708498984761,11.313708498984761,10.63014581273465,10.0,10.816653826391969,10.816653826391969,10.295630140987,10.295630140987,10.295630140987,11.180339887498949,11.180339887498949,11.180339887498949,11.180339887498949,10.770329614269007,11.180339887498949,11.180339887498949,10.295630140987,10.295630140987,8.94427190999916,8.06225774829855,8.06225774829855,7.211102550927978,0.0,0.0,0.0,0.0,0.0,0.0,0.0,0.0,0.0,0.0,0.0,6.708203932499369,6.708203932499369,7.211102550927978,7.211102550927978,7.211102550927978,7.211102550927978,7.211102550927978,6.4031242374328485,5.830951894845301,5.830951894845301,6.082762530298219,6.0,6.0,6.082762530298219,6.082762530298219,7.280109889280518,9.219544457292887,9.219544457292887,10.44030650891055,10.198039027185569,12.36931687685298,13.341664064126334,14.560219778561036,14.560219778561036,14.560219778561036,13.601470508735444
1787404718.3659108,-68,0.0,26.019223662515376,25.019992006393608,23.021728866442675,20.024984394500787,15.132745950421556,10.44030650891055,6.4031242374328485,4.123105625617661,5.830951894845301,7.810249675906654,9.899494936611665,11.313708498984761,13.45362404707371,14.212670403551895,15.0,15.264337522473747,14.7648230602334,13.92838827718412,12.649110640673518,11.40175425099138,9.486832980505138,7.280109889280518,4.47213595499958,2.23606797749979,1.0,1.4142135623730951,0.0,0.0,0.0,0.0,0.0,0.0,0.0,0.0,0.0,0.0,0.0,2.8284271247461903,2.8284271247461903,2.23606797749979,2.8284271247461903,4.123105625617661,6.082762530298219,7.280109889280518,9.486832980505138,11.40175425099138,13.341664064126334,14.560219778561036,13.92838827718412,13.0,12.529964086141668,10.816653826391969,10.0,7.810249675906654,5.656854249492381,3.605551275463989,1.4142135623730951,2.23606797749979,6.082762530298219,11.0,15.0,20.0,23.021728866442675
1787404718.3659108,-68,0.0,30.610455730027933,29.832867780352597,26.90724809414742,23.345235059857504,18.439088914585774,13.601470508735444,8.54400374531753,5.0990195135927845,5.0,7.280109889280518,10.198039027185569,12.165525060596439,14.317821063276353,14.560219778561036,15.811388300841896,16.15549442140351,16.1245154965971,14.422205101855956,13.601470508735444,11.40175425099138,9.219544457292887,7.0710678118654755,4.242640687119285,1.4142135623730951,1.0,2.23606797749979,0.0,0.0,0.0,0.0,0.0,0.0,0.0,0.0,0.0,0.0,0.0,3.605551275463989,3.1622776601683795,1.4142135623730951,1.0,3.1622776601683795,6.4031242374328485,9.433981132056603,12.206555615733702,14.212670403551895,15.0,15.264337522473747,14.7648230602334,13.416407864998739,13.0,12.36931687685298,11.045361017187261,9.0,7.0,4.123105625617661,2.23606797749979,4.123105625617661,8.06225774829855,12.806248474865697,18.439088914585774,23.430749027719962,26.248809496813376
1787404718.381954,-68,0.0,30.083217912982647,29.832867780352597,27.65863337187866,23.345235059857504,19.235384061671343,14.142135623730951,8.246211251235321,5.830951894845301,6.082762530298219,8.54400374531753,11.180339887498949,12.529964086141668,14.7648230602334,15.652475842498529,15.811388300841896,15.524174696260024,16.492422502470642,15.297058540778355,14.035668847618199,12.0,10.0,7.0,5.0,2.0,0.0,2.0,0.0,0.0,0.0,0.0,0.0,0.0,0.0,0.0,0.0,0.0,0.0,4.0,3.0,2.0,0.0,3.1622776601683795,5.385164807134504,7.211102550927978,9.433981132056603,11.661903789690601,13.038404810405298,14.422205101855956,14.212670403551895,13.45362404707371,13.45362404707371,12.206555615733702,10.295630140987,8.94427190999916,6.324555320336759,4.47213595499958,1.4142135623730951,3.605551275463989,7.615773105863909,12.649110640673518,17.72004514666935,22.80350850198276,26.248809496813376
1787404718.4292846,-69,0.0,35.4682957019364,34.20526275297414,29.832867780352597,25.45584412271571,20.615528128088304,14.422205101855956,9.486832980505138,5.830951894845301,7.280109889280518,9.055385138137417,12.0,14.0,15.033296378372908,16.278820596099706,17.72004514666935,18.384776310850235,18.788294228055936,17.4928556845359,15.811388300841896,13.601470508735444,11.40175425099138,10.0,7.211102550927978,3.605551275463989,2.0,1.4142135623730951,0.0,0.0,0.0,0.0,0.0,0.0,0.0,0.0,0.0,0.0,0.0,5.656854249492381,5.0,3.1622776601683795,1.0,1.4142135623730951,5.385164807134504,8.54400374531753,11.40175425099138,13.601470508735444,15.811388300841896,16.76305461424021,16.278820596099706,15.132745950421556,15.0,15.033296378372908,14.035668847618199,11.180339887498949,8.246211251235321,6.082762530298219,3.1622776601683795,4.0,9.486832980505138,15.264337522473747,22.20360331117452,29.410882339705484,32.202484376209235
1787404718.4445143,-69,0.0,30.066592756745816,29.068883707497267,26.076809620810597,22.090722034374522,17.26267650163207,13.0,7.810249675906654,5.0990195135927845,5.830951894845301,8.48528137423857,10.0,12.206555615733702,13.601470508735444,15.620499351813308,15.556349186104045,15.620499351813308,15.811388300841896,15.264337522473747,13.892443989449804,12.529964086141668,10.295630140987,8.06225774829855,5.830951894845301,2.8284271247461903,1.0,2.23606797749979,0.0,0.0,0.0,0.0,0.0,0.0,0.0,0.0,0.0,0.0,0.0,5.0,4.0,3.1622776601683795,1.0,2.23606797749979,4.47213595499958,7.211102550927978,10.295630140987,12.529964086141668,13.892443989449804,15.264337522473747,14.422205101855956,14.212670403551895,14.142135623730951,12.806248474865697,12.206555615733702,10.816653826391969,8.06225774829855,5.385164807134504,2.0,2.0,7.0710678118654755,12.041594578792296,18.027756377319946,23.021728866442675,26.019223662515376
1787404718.4502318,-69,0.0,29.410882339705484,28.0178514522438,26.076809620810597,21.95449840010015,17.88854381999832,11.704699910719626,7.0710678118654755,3.605551275463989,4.0,7.280109889280518,9.486832980505138,10.770329614269007,12.649110640673518,14.317821063276353,14.142135623730951,14.035668847618199,14.0,13.038404810405298,12.041594578792296,11.045361017187261,9.055385138137417,6.0,4.0,1.4142135623730951,1.4142135623730951,2.8284271247461903,0.0,0.0,0.0,0.0,0.0,0.0,0.0,0.0,0.0,0.0,0.0,3.605551275463989,2.8284271247461903,1.4142135623730951,0.0,2.23606797749979,5.385164807134504,8.06225774829855,11.661903789690601,13.892443989449804,15.264337522473747,16.1245154965971,15.652475842498529,15.231546211727817,13.601470508735444,13.341664064126334,12.041594578792296,10.0,8.0,5.0,2.23606797749979,3.605551275463989,7.810249675906654,13.45362404707371,18.439088914585774,22.80350850198276,26.248809496813376
1787404718.4602547,-68,0.0,35.34119409414458,34.0147027033899,30.463092423455635,25.079872407968907,19.924858845171276,14.317821063276353,8.0,3.605551275463989,6.082762530298219,9.848857801796104,13.038404810405298,15.264337522473747,17.0,18.384776310850235,19.313207915827967,19.924858845171276,19.4164878389476,18.24828759089466,16.1245154965971,14.035668847618199,12.041594578792296,9.055385138137417,6.082762530298219,3.605551275463989,2.0,2.8284271247461903,0.0,0.0,0.0,0.0,0.0,0.0,0.0,0.0,0.0,0.0,0.0,5.385164807134504,4.242640687119285,2.8284271247461903,2.23606797749979,2.0,5.0,7.810249675906654,11.313708498984761,13.601470508735444,15.0,17.204650534085253,16.64331697709324,16.15549442140351,15.524174696260024,15.132745950421556,14.035668847618199,12.0,9.055385138137417,6.0,3.1622776601683795,3.0,7.0710678118654755,12.806248474865697,19.4164878389476,26.076809620810597,30.01666203960727
1787404718.555579,-68,0.0,34.058772731852805,33.015148038438355,30.0,25.019992006393608,20.09975124224178,14.317821063276353,8.54400374531753,3.605551275463989,4.242640687119285,7.615773105863909,11.40175425099138,12.36931687685298,13.341664064126334,16.15549442140351,17.4928556845359,17.204650534085253,16.401219466856727,15.620499351813308,14.142135623730951,12.041594578792296,10.63014581273465,7.810249675906654,5.0,2.23606797749979,1.4142135623730951,2.0,0.0,0.0,0.0,0.0,0.0,0.0,0.0,0.0,0.0,0.0,0.0,6.4031242374328485,5.385164807134504,4.123105625617661,2.23606797749979,2.23606797749979,5.0,8.602325267042627,11.40175425099138,14.212670403551895,17.029386365926403,18.439088914585774,18.601075237738275,17.4928556845359,16.55294535724685,15.231546211727817,14.866068747318506,12.649110640673518,9.486832980505138,5.385164807134504,2.23606797749979,4.47213595499958,9.486832980505138,14.317821063276353,20.396078054371138,26.30589287593181,29.274562336608895
1787404718.9883254,-39,0.0,12.041594578792296,12.041594578792296,12.041594578792296,12.165525060596439,12.041594578792296,12.165525060596439,12.165525060596439,12.165525060596439,12.36931687685298,12.36931687685298,12.649110640673518,12.649110640673518,13.92838827718412,13.92838827718412,13.92838827718412,13.92838827718412,14.866068747318506,13.92838827718412,13.92838827718412,14.560219778561036,14.560219778561036,14.317821063276353,14.317821063276353,13.152946437965905,13.038404810405298,12.0,0.0,0.0,0.0,0.0,0.0,0.0,0.0,0.0,0.0,0.0,0.0,10.198039027185569,10.44030650891055,11.40175425099138,11.704699910719626,11.704699910719626,11.704699910719626,12.083045973594572,12.083045973594572,12.083045973594572,12.083045973594572,11.180339887498949,12.083045973594572,12.083045973594572,12.083045973594572,11.704699910719626,11.704699910719626,10.770329614269007,11.40175425099138,11.40175425099138,11.40175425099138,11.180339887498949,11.180339887498949,11.045361017187261,12.165525060596439,12.041594578792296,12.165525060596439
1787404718.9883254,-39,0.0,12.529964086141668,12.529964086141668,12.529964086141668,13.416407864998739,12.529964086141668,13.0,12.083045973594572,13.0,12.649110640673518,12.649110640673518,13.341664064126334,13.341664064126334,13.341664064126334,13.341664064126334,14.317821063276353,14.317821063276353,14.317821063276353,14.317821063276353,14.317821063276353,14.560219778561036,14.560219778561036,14.866068747318506,13.92838827718412,14.317821063276353,13.416407864998739,13.038404810405298,0.0,0.0,0.0,0.0,0.0,0.0,0.0,0.0,0.0,0.0,0.0,10.63014581273465,11.313708498984761,12.041594578792296,12.806248474865697,12.206555615733702,12.806248474865697,13.038404810405298,13.038404810405298,13.038404810405298,13.038404810405298,13.038404810405298,13.038404810405298,13.038404810405298,12.206555615733702,12.206555615733702,12.806248474865697,12.041594578792296,12.041594578792296,12.041594578792296,12.727922061357855,12.727922061357855,12.041594578792296,12.806248474865697,12.806248474865697,12.206555615733702,12.806248474865697
1787404719.0024383,-39,0.0,13.0,12.0,13.0,13.038404810405298,12.041594578792296,12.041594578792296,12.041594578792296,12.165525060596439,12.165525060596439,12.36931687685298,12.36931687685298,12.649110640673518,13.601470508735444,13.601470508735444,13.92838827718412,13.601470508735444,14.560219778561036,14.866068747318506,14.560219778561036,14.560219778561036,14.317821063276353,14.142135623730951,14.142135623730951,14.035668847618199,13.038404810405298,13.0,0.0,0.0,0.0,0.0,0.0,0.0,0.0,0.0,0.0,0.0,0.0,10.198039027185569,11.40175425099138,10.770329614269007,11.704699910719626,11.704699910719626,13.0,13.0,12.529964086141668,13.416407864998739,12.529964086141668,13.416407864998739,12.083045973594572,12.529964086141668,12.083045973594572,12.083045973594572,12.083045973594572,11.704699910719626,11.704699910719626,11.40175425099138,11.40175425099138,11.40175425099138,12.36931687685298,12.165525060596439,12.165525060596439,12.165525060596439,12.165525060596439
1787404719.016448,-39,0.0,14.0,13.038404810405298,13.038404810405298,14.0,13.0,14.0,13.038404810405298,13.038404810405298,14.142135623730951,14.142135623730951,14.142135623730951,14.317821063276353,14.317821063276353,14.317821063276353,15.524174696260024,15.524174696260024,15.297058540778355,15.524174696260024,16.278820596099706,16.278820596099706,15.297058540778355,15.132745950421556,15.033296378372908,15.0,14.0,14.035668847618199,0.0,0.0,0.0,0.0,0.0,0.0,0.0,0.0,0.0,0.0,0.0,11.40175425099138,11.704699910719626,12.083045973594572,12.083045973594572,12.529964086141668,12.529964086141668,13.038404810405298,13.038404810405298,13.038404810405298,13.038404810405298,13.038404810405298,13.038404810405298,13.038404810405298,12.529964086141668,12.529964086141668,13.416407864998739,12.083045973594572,12.083045973594572,12.083045973594572,12.649110640673518,12.649110640673518,12.36931687685298,13.341664064126334,12.36931687685298,13.341664064126334,13.341664064126334
1787404719.1651294,-69,0.0,30.265491900843113,28.160255680657446,25.079872407968907,21.095023109728988,16.0,10.04987562112089,5.830951894845301,4.123105625617661,5.830951894845301,8.602325267042627,10.816653826391969,13.038404810405298,14.7648230602334,15.652475842498529,16.15549442140351,15.811388300841896,15.524174696260024,14.142135623730951,12.041594578792296,10.0,8.0,5.0,3.0,0.0,1.4142135623730951,2.8284271247461903,0.0,0.0,0.0,0.0,0.0,0.0,0.0,0.0,0.0,0.0,0.0,4.47213595499958,3.1622776601683795,2.0,0.0,3.1622776601683795,6.082762530298219,8.06225774829855,11.180339887498949,13.152946437965905,14.142135623730951,15.297058540778355,15.811388300841896,14.7648230602334,14.422205101855956,14.212670403551895,13.45362404707371,11.313708498984761,9.219544457292887,6.4031242374328485,4.123105625617661,4.242640687119285,8.94427190999916,13.601470508735444,18.681541692269406,24.515301344262525,26.476404589747453
1787404719.255932,-86,0.0,10.198039027185569,10.198039027185569,10.198039027185569,10.04987562112089,10.04987562112089,10.04987562112089,10.04987562112089,11.0,12.041594578792296,12.041594578792296,12.165525060596439,12.165525060596439,12.165525060596439,12.165525060596439,11.180339887498949,10.04987562112089,9.0,9.219544457292887,8.94427190999916,9.433981132056603,10.0,10.63014581273465,11.40175425099138,12.806248474865697,13.601470508735444,13.601470508735444,0.0,0.0,0.0,0.0,0.0,0.0,0.0,0.0,0.0,0.0,0.0,5.830951894845301,5.0,4.242640687119285,3.1622776601683795,3.0,3.605551275463989,4.47213595499958,4.47213595499958,4.47213595499958,4.47213595499958,4.47213595499958,4.47213595499958,5.0,5.0,6.082762530298219,7.0710678118654755,8.06225774829855,8.06225774829855,9.055385138137417,8.0,9.0,10.04987562112089,11.045361017187261,11.045361017187261,12.041594578792296,13.038404810405298
1787404719.4172773,-69,0.0,30.886890422961002,29.154759474226502,25.553864678361276,21.470910553583888,17.08800749063506,12.36931687685298,7.0710678118654755,3.605551275463989,5.0990195135927845,7.615773105863909,9.848857801796104,11.40175425099138,13.152946437965905,14.035668847618199,14.035668847618199,14.142135623730951,13.341664064126334,12.649110640673518,11.704699910719626,10.295630140987,8.06225774829855,6.324555320336759,3.0,1.4142135623730951,2.23606797749979,3.605551275463989,0.0,0.0,0.0,0.0,0.0,0.0,0.0,0.0,0.0,0.0,0.0,4.242640687119285,1.4142135623730951,3.0,4.123105625617661,5.385164807134504,6.324555320336759,7.211102550927978,10.63014581273465,12.727922061357855,13.038404810405298,14.422205101855956,16.278820596099706,14.422205101855956,13.416407864998739,12.649110640673518,12.36931687685298,11.180339887498949,8.06225774829855,5.385164807134504,3.605551275463989,4.123105625617661,7.810249675906654,12.727922061357855,18.439088914585774,24.413111231467404,26.92582403567252
1787404719.4309237,-69,0.0,30.675723300355934,28.460498941515414,24.351591323771842,20.248456731316587,14.866068747318506,10.198039027185569,6.0,2.8284271247461903,4.123105625617661,6.708203932499369,8.54400374531753,10.44030650891055,12.165525060596439,13.038404810405298,14.0,15.033296378372908,15.132745950421556,14.317821063276353,12.165525060596439,9.486832980505138,7.615773105863909,5.385164807134504,3.605551275463989,1.0,1.0,2.23606797749979,0.0,0.0,0.0,0.0,0.0,0.0,0.0,0.0,0.0,0.0,0.0,3.1622776601683795,2.8284271247461903,4.47213595499958,2.23606797749979,5.385164807134504,9.433981132056603,11.180339887498949,11.704699910719626,12.649110640673518,13.92838827718412,13.892443989449804,12.806248474865697,12.041594578792296,11.661903789690601,13.0,12.36931687685298,11.180339887498949,9.219544457292887,6.324555320336759,5.0,5.0990195135927845,9.219544457292887,14.422205101855956,20.591260281974,25.495097567963924,28.231188426986208
1787404719.4309237,-70,0.0,30.59411708155671,29.832867780352597,27.892651361962706,23.08679276123039,18.384776310850235,11.661903789690601,7.810249675906654,6.0,6.4031242374328485,9.219544457292887,10.0,11.661903789690601,12.806248474865697,14.212670403551895,14.866068747318506,15.620499351813308,15.811388300841896,13.892443989449804,12.529964086141668,11.180339887498949,9.848857801796104,6.708203932499369,4.47213595499958,1.4142135623730951,2.0,3.1622776601683795,0.0,0.0,0.0,0.0,0.0,0.0,0.0,0.0,0.0,0.0,0.0,5.0,5.0,4.0,4.242640687119285,4.47213595499958,5.0,8.246211251235321,10.04987562112089,12.041594578792296,14.142135623730951,14.142135623730951,13.341664064126334,13.0,12.529964086141668,12.806248474865697,12.041594578792296,10.63014581273465,7.810249675906654,5.0,2.0,3.1622776601683795,7.0,13.038404810405298,18.110770276274835,23.194827009486403,26.1725046566048
1787404719.4309237,-70,0.0,34.058772731852805,33.06055050963308,30.14962686336267,26.1725046566048,19.4164878389476,13.416407864998739,8.48528137423857,6.082762530298219,7.0710678118654755,10.0,11.661903789690601,14.422205101855956,16.401219466856727,18.439088914585774,18.384776310850235,17.804493814764857,17.204650534085253,16.1245154965971,14.7648230602334,12.529964086141668,11.180339887498949,8.06225774829855,3.605551275463989,1.4142135623730951,3.1622776601683795,4.123105625617661,0.0,0.0,0.0,0.0,0.0,0.0,0.0,0.0,0.0,0.0,0.0,5.0,3.1622776601683795,3.1622776601683795,3.0,7.0710678118654755,11.0,12.041594578792296,13.341664064126334,15.297058540778355,16.76305461424021,17.46424919657298,17.4928556845359,17.804493814764857,17.69180601295413,16.97056274847714,15.620499351813308,13.601470508735444,10.0,7.211102550927978,4.242640687119285,2.8284271247461903,7.280109889280518,13.152946437965905,21.095023109728988,27.018512172212592,30.01666203960727
1787404719.4685428,-71,0.0,22.135943621178654,22.135943621178654,21.587033144922902,20.396078054371138,19.235384061671343,18.110770276274835,17.029386365926403,15.033296378372908,13.152946437965905,11.180339887498949,11.180339887498949,10.44030650891055,9.848857801796104,9.848857801796104,9.433981132056603,9.433981132056603,8.602325267042627,9.219544457292887,9.219544457292887,9.899494936611665,9.899494936611665,10.63014581273465,10.0,8.602325267042627,8.602325267042627,7.810249675906654,0.0,0.0,0.0,0.0,0.0,0.0,0.0,0.0,0.0,0.0,0.0,5.830951894845301,5.0990195135927845,5.0,7.0710678118654755,7.0,8.06225774829855,8.06225774829855,9.0,9.0,9.0,9.0,9.055385138137417,9.0,8.06225774829855,8.246211251235321,9.486832980505138,9.486832980505138,9.848857801796104,11.180339887498949,12.529964086141668,13.892443989449804,16.64331697709324,17.4928556845359,19.235384061671343,21.02379604162864,21.93171219946131
1787404719.5591094,-71,0.0,24.041630560342615,23.769728648009426,23.53720459187964,22.20360331117452,21.095023109728988,20.0,18.0,16.0,14.035668847618199,13.0,12.0,11.045361017187261,10.198039027185569,9.486832980505138,9.486832980505138,8.54400374531753,8.06225774829855,7.810249675906654,7.810249675906654,8.48528137423857,8.48528137423857,9.219544457292887,8.602325267042627,7.810249675906654,8.48528137423857,7.810249675906654,0.0,0.0,0.0,0.0,0.0,0.0,0.0,0.0,0.0,0.0,0.0,4.47213595499958,4.242640687119285,4.47213595499958,6.324555320336759,7.280109889280518,7.0710678118654755,7.0710678118654755,8.06225774829855,9.219544457292887,9.219544457292887,9.219544457292887,9.219544457292887,9.219544457292887,8.246211251235321,8.06225774829855,9.055385138137417,9.055385138137417,9.219544457292887,10.44030650891055,12.083045973594572,13.416407864998739,15.231546211727817,17.08800749063506,19.313207915827967,21.540659228538015,22.47220505424423
1787404719.6555717,-72,0.0,22.825424421026653,22.360679774997898,22.360679774997898,21.540659228538015,21.18962010041709,19.6468827043885,17.46424919657298,15.524174696260024,14.317821063276353,12.36931687685298,11.180339887498949,10.198039027185569,9.219544457292887,9.486832980505138,8.54400374531753,7.615773105863909,7.211102550927978,6.4031242374328485,5.656854249492381,6.4031242374328485,6.4031242374328485,6.4031242374328485,6.4031242374328485,6.4031242374328485,5.830951894845301,5.830951894845301,0.0,0.0,0.0,0.0,0.0,0.0,0.0,0.0,0.0,0.0,0.0,6.708203932499369,6.324555320336759,6.0,6.0,7.0,8.0,8.0,8.0,8.0,9.0,9.0,9.0,9.055385138137417,9.055385138137417,8.246211251235321,9.486832980505138,9.486832980505138,10.770329614269007,11.180339887498949,11.661903789690601,12.206555615733702,14.212670403551895,15.0,17.804493814764857,19.4164878389476,20.248456731316587
1787404719.7668412,-71,0.0,22.02271554554524,23.08679276123039,21.37755832643195,20.396078054371138,20.396078054371138,19.4164878389476,17.72004514666935,16.492422502470642,15.524174696260024,13.341664064126334,12.36931687685298,11.045361017187261,11.0,11.045361017187261,11.045361017187261,11.0,10.04987562112089,9.055385138137417,9.055385138137417,9.486832980505138,10.44030650891055,10.44030650891055,9.486832980505138,9.219544457292887,9.219544457292887,8.246211251235321,0.0,0.0,0.0,0.0,0.0,0.0,0.0,0.0,0.0,0.0,0.0,7.211102550927978,7.211102550927978,7.0710678118654755,7.211102550927978,8.602325267042627,10.0,10.63014581273465,10.63014581273465,11.313708498984761,10.63014581273465,10.0,9.219544457292887,9.433981132056603,8.94427190999916,9.486832980505138,9.486832980505138,9.848857801796104,9.486832980505138,10.44030650891055,12.36931687685298,13.152946437965905,14.035668847618199,15.0,17.0,19.0,20.024984394500787
1787404720.1775143,-69,0.0,29.5296461204668,29.154759474226502,26.627053911388696,22.80350850198276,17.029386365926403,12.041594578792296,7.615773105863909,3.1622776601683795,5.0990195135927845,8.06225774829855,11.180339887498949,13.152946437965905,14.035668847618199,15.033296378372908,16.0,16.0,14.317821063276353,13.0,12.083045973594572,10.44030650891055,8.06225774829855,7.280109889280518,5.385164807134504,3.1622776601683795,1.4142135623730951,1.0,0.0,0.0,0.0,0.0,0.0,0.0,0.0,0.0,0.0,0.0,0.0,3.1622776601683795,1.0,1.0,3.1622776601683795,5.0,7.0,9.055385138137417,11.180339887498949,14.317821063276353,15.297058540778355,16.492422502470642,15.811388300841896,15.231546211727817,13.892443989449804,13.601470508735444,12.041594578792296,11.313708498984761,9.219544457292887,6.4031242374328485,3.605551275463989,1.0,3.1622776601683795,9.219544457292887,15.524174696260024,20.248456731316587,23.769728648009426
1787404720.19353,-69,0.0,29.832867780352597,28.600699292150182,26.627053911388696,21.95449840010015,17.46424919657298,12.36931687685298,8.0,4.242640687119285,5.0,7.615773105863909,8.94427190999916,11.661903789690601,13.892443989449804,14.7648230602334,15.231546211727817,14.866068747318506,14.317821063276353,14.035668847618199,14.0,11.045361017187261,8.06225774829855,7.0,5.0,3.1622776601683795,1.4142135623730951,1.0,0.0,0.0,0.0,0.0,0.0,0.0,0.0,0.0,0.0,0.0,0.0,3.1622776601683795,2.0,0.0,1.0,3.0,6.0,8.06225774829855,10.0,12.0,14.0,14.0,14.035668847618199,13.152946437965905,12.36931687685298,13.0,11.661903789690601,10.0,8.48528137423857,6.4031242374328485,2.8284271247461903,0.0,4.242640687119285,9.219544457292887,14.212670403551895,19.849433241279208,24.08318915758459
1787404720.19353,-69,0.0,32.202484376209235,31.76476034853718,29.154759474226502,24.413111231467404,20.0,14.142135623730951,8.94427190999916,5.0990195135927845,4.47213595499958,7.0,9.0,11.045361017187261,13.038404810405298,14.142135623730951,15.132745950421556,15.297058540778355,14.866068747318506,13.601470508735444,12.727922061357855,10.63014581273465,8.602325267042627,7.211102550927978,5.656854249492381,3.1622776601683795,2.23606797749979,2.23606797749979,0.0,0.0,0.0,0.0,0.0,0.0,0.0,0.0,0.0,0.0,0.0,3.1622776601683795,2.23606797749979,2.0,2.8284271247461903,5.385164807134504,7.0710678118654755,9.0,11.0,13.038404810405298,14.035668847618199,15.132745950421556,15.524174696260024,13.92838827718412,13.416407864998739,12.206555615733702,12.041594578792296,9.899494936611665,7.810249675906654,5.830951894845301,2.23606797749979,1.0,6.082762530298219,10.44030650891055,16.76305461424021,22.135943621178654,24.351591323771842
1787404720.19353,-69,0.0,31.76476034853718,31.38470965295043,28.844410203711913,25.0,19.849433241279208,13.45362404707371,8.06225774829855,5.0990195135927845,5.385164807134504,8.0,10.04987562112089,12.041594578792296,13.038404810405298,15.0,15.033296378372908,15.132745950421556,14.317821063276353,13.92838827718412,13.416407864998739,11.180339887498949,9.433981132056603,7.211102550927978,5.0,2.8284271247461903,1.4142135623730951,2.0,0.0,0.0,0.0,0.0,0.0,0.0,0.0,0.0,0.0,0.0,0.0,4.123105625617661,3.1622776601683795,2.23606797749979,3.605551275463989,5.385164807134504,7.0710678118654755,9.055385138137417,11.0,14.0,15.033296378372908,15.033296378372908,15.132745950421556,13.601470508735444,13.416407864998739,13.038404810405298,12.206555615733702,9.899494936611665,7.810249675906654,5.656854249492381,2.23606797749979,1.0,5.385164807134504,10.770329614269007,16.15549442140351,22.47220505424423,26.0
1787404720.2150722,-69,0.0,31.400636936215164,30.23243291566195,27.459060435491963,23.323807579381203,17.88854381999832,12.649110640673518,8.06225774829855,4.47213595499958,5.0,8.06225774829855,10.816653826391969,12.529964086141668,14.317821063276353,16.15549442140351,16.15549442140351,15.811388300841896,14.560219778561036,13.341664064126334,12.165525060596439,10.04987562112089,8.0,6.0,3.1622776601683795,1.4142135623730951,1.4142135623730951,2.23606797749979,0.0,0.0,0.0,0.0,0.0,0.0,0.0,0.0,0.0,0.0,0.0,3.1622776601683795,2.0,2.23606797749979,3.1622776601683795,5.0,7.810249675906654,10.295630140987,12.083045973594572,14.317821063276353,15.231546211727817,16.15549442140351,15.524174696260024,14.142135623730951,14.035668847618199,13.038404810405298,13.152946437965905,11.40175425099138,9.486832980505138,6.324555320336759,4.123105625617661,1.4142135623730951,4.47213595499958,10.0,15.620499351813308,21.93171219946131,25.45584412271571
1787404720.2254183,-69,0.0,33.421549934136806,31.89043743820395,29.0,24.758836806279895,19.849433241279208,13.601470508735444,7.615773105863909,4.47213595499958,5.385164807134504,8.0,11.045361017187261,13.038404810405298,15.0,17.029386365926403,17.26267650163207,15.811388300841896,16.15549442140351,15.231546211727817,13.892443989449804,12.206555615733702,10.0,7.810249675906654,5.0,2.8284271247461903,1.0,1.0,0.0,0.0,0.0,0.0,0.0,0.0,0.0,0.0,0.0,0.0,0.0,2.8284271247461903,2.23606797749979,1.4142135623730951,2.0,4.47213595499958,6.4031242374328485,8.94427190999916,12.083045973594572,15.231546211727817,17.08800749063506,18.973665961010276,19.4164878389476,18.027756377319946,17.11724276862369,15.132745950421556,14.317821063276353,13.341664064126334,11.40175425099138,8.54400374531753,4.47213595499958,1.4142135623730951,6.324555320336759,15.524174696260024,20.8806130178211,24.186773244895647,28.600699292150182
1787404720.2254183,-69,0.0,30.01666203960727,30.01666203960727,26.627053911388696,22.80350850198276,17.69180601295413,12.727922061357855,7.211102550927978,3.1622776601683795,6.324555320336759,9.0,9.219544457292887,11.40175425099138,14.142135623730951,16.0312195418814,16.0,16.0312195418814,15.132745950421556,13.152946437965905,12.165525060596439,11.180339887498949,10.44030650891055,9.486832980505138,6.324555320336759,3.0,1.4142135623730951,1.4142135623730951,0.0,0.0,0.0,0.0,0.0,0.0,0.0,0.0,0.0,0.0,0.0,3.0,1.4142135623730951,2.23606797749979,3.1622776601683795,5.0990195135927845,6.082762530298219,8.0,11.045361017187261,13.152946437965905,15.297058540778355,16.492422502470642,16.76305461424021,16.55294535724685,16.1245154965971,15.0,14.212670403551895,12.727922061357855,9.899494936611665,7.810249675906654,4.242640687119285,1.0,5.0990195135927845,9.219544457292887,15.811388300841896,21.540659228538015,25.079872407968907
1787404720.2651749,-68,0.0,22.80350850198276,21.587033144922902,20.223748416156685,17.11724276862369,13.038404810405298,9.0,6.708203932499369,5.830951894845301,5.0990195135927845,6.4031242374328485,7.810249675906654,7.810249675906654,8.48528137423857,10.63014581273465,10.816653826391969,10.295630140987,10.295630140987,11.180339887498949,10.770329614269007,8.94427190999916,8.602325267042627,6.4031242374328485,3.0,7.211102550927978,12.041594578792296,17.46424919657298,0.0,0.0,0.0,0.0,0.0,0.0,0.0,0.0,0.0,0.0,0.0,2.23606797749979,2.8284271247461903,2.23606797749979,0.0,2.8284271247461903,4.47213595499958,5.385164807134504,6.324555320336759,8.54400374531753,9.486832980505138,10.44030650891055,10.198039027185569,10.04987562112089,10.0,10.04987562112089,10.04987562112089,8.06225774829855,6.082762530298219,4.47213595499958,2.23606797749979,1.4142135623730951,5.0,9.433981132056603,12.529964086141668,16.15549442140351,19.313207915827967
1787404720.5986676,-81,0.0,9.848857801796104,10.816653826391969,10.63014581273465,10.0,11.661903789690601,13.0,15.231546211727817,17.08800749063506,16.55294535724685,16.55294535724685,14.317821063276353,11.180339887498949,7.615773105863909,7.0710678118654755,6.082762530298219,5.830951894845301,7.0710678118654755,8.48528137423857,11.313708498984761,13.45362404707371,14.866068747318506,15.264337522473747,15.231546211727817,13.341664064126334,12.041594578792296,12.165525060596439,0.0,0.0,0.0,0.0,0.0,0.0,0.0,0.0,0.0,0.0,0.0,6.324555320336759,5.0990195135927845,5.0990195135927845,8.602325267042627,11.40175425099138,14.7648230602334,18.027756377319946,18.439088914585774,18.110770276274835,17.029386365926403,16.0312195418814,14.035668847618199,12.0,10.198039027185569,8.94427190999916,8.602325267042627,9.899494936611665,10.0,11.180339887498949,13.92838827718412,14.560219778561036,14.317821063276353,14.317821063276353,14.142135623730951,14.035668847618199,13.0
1787404720.6064932,-72,0.0,29.068883707497267,28.0178514522438,25.0,21.095023109728988,17.26267650163207,12.083045973594572,7.810249675906654,5.0990195135927845,6.708203932499369,9.219544457292887,11.313708498984761,12.727922061357855,14.866068747318506,15.0,15.264337522473747,14.317821063276353,14.560219778561036,13.341664064126334,13.038404810405298,12.0,10.04987562112089,7.0710678118654755,5.0990195135927845,3.1622776601683795,1.4142135623730951,1.0,0.0,0.0,0.0,0.0,0.0,0.0,0.0,0.0,0.0,0.0,0.0,5.0,4.123105625617661,2.8284271247461903,2.0,3.605551275463989,5.385164807134504,7.0,10.04987562112089,12.165525060596439,14.317821063276353,14.560219778561036,15.231546211727817,14.422205101855956,15.620499351813308,15.556349186104045,15.620499351813308,14.212670403551895,12.206555615733702,9.433981132056603,7.0710678118654755,4.123105625617661,5.656854249492381,10.770329614269007,15.524174696260024,20.396078054371138,23.345235059857504
1787404720.9896657,-38,0.0,12.806248474865697,12.041594578792296,13.45362404707371,12.806248474865697,12.806248474865697,12.206555615733702,12.206555615733702,11.40175425099138,12.206555615733702,12.529964086141668,13.038404810405298,12.529964086141668,13.416407864998739,13.416407864998739,13.416407864998739,13.416407864998739,13.416407864998739,13.892443989449804,13.416407864998739,13.892443989449804,13.892443989449804,13.892443989449804,13.601470508735444,12.806248474865697,12.727922061357855,12.041594578792296,0.0,0.0,0.0,0.0,0.0,0.0,0.0,0.0,0.0,0.0,0.0,10.63014581273465,10.63014581273465,11.40175425099138,10.816653826391969,11.661903789690601,12.529964086141668,12.529964086141668,12.529964086141668,12.083045973594572,12.083045973594572,13.0,13.0,12.083045973594572,13.416407864998739,12.529964086141668,11.661903789690601,11.661903789690601,11.661903789690601,10.816653826391969,12.206555615733702,12.206555615733702,12.806248474865697,12.806248474865697,12.727922061357855,12.041594578792296,12.041594578792296
1787404720.9896657,-38,0.0,14.560219778561036,14.560219778561036,16.76305461424021,14.560219778561036,13.341664064126334,15.132745950421556,14.142135623730951,14.142135623730951,14.142135623730951,14.035668847618199,14.035668847618199,14.0,15.033296378372908,15.0,15.0,15.0,15.033296378372908,16.0,16.0,16.0312195418814,16.0312195418814,15.033296378372908,15.132745950421556,14.317821063276353,14.317821063276353,13.601470508735444,0.0,0.0,0.0,0.0,0.0,0.0,0.0,0.0,0.0,0.0,0.0,12.083045973594572,12.083045973594572,12.529964086141668,13.892443989449804,13.892443989449804,13.601470508735444,14.212670403551895,14.212670403551895,14.212670403551895,14.212670403551895,15.0,14.212670403551895,14.212670403551895,14.212670403551895,13.601470508735444,14.422205101855956,13.892443989449804,13.892443989449804,13.892443989449804,13.416407864998739,14.7648230602334,13.416407864998739,14.317821063276353,14.560219778561036,14.866068747318506,14.317821063276353
1787404721.100282,-90,0.0,10.198039027185569,10.04987562112089,10.198039027185569,10.04987562112089,11.180339887498949,11.40175425099138,12.083045973594572,11.180339887498949,12.041594578792296,12.206555615733702,12.727922061357855,11.40175425099138,11.313708498984761,8.48528137423857,8.602325267042627,7.615773105863909,7.615773105863909,8.06225774829855,9.0,10.0,10.04987562112089,10.0,12.041594578792296,13.038404810405298,13.038404810405298,14.035668847618199,0.0,0.0,0.0,0.0,0.0,0.0,0.0,0.0,0.0,0.0,0.0,4.0,4.123105625617661,3.1622776601683795,2.8284271247461903,3.1622776601683795,3.605551275463989,3.0,3.0,2.0,1.4142135623730951,1.0,4.0,5.0990195135927845,6.0,7.0710678118654755,8.0,9.055385138137417,10.0,9.0,10.0,10.0,11.0,12.0,13.0,13.038404810405298,15.033296378372908
1787404721.1160023,-88,0.0,8.54400374531753,8.54400374531753,8.94427190999916,9.848857801796104,10.816653826391969,10.63014581273465,11.313708498984761,12.806248474865697,13.892443989449804,14.317821063276353,14.7648230602334,13.416407864998739,12.529964086141668,10.816653826391969,10.63014581273465,9.219544457292887,8.06225774829855,8.246211251235321,8.06225774829855,9.0,10.0,10.04987562112089,10.04987562112089,11.180339887498949,11.180339887498949,11.180339887498949,0.0,0.0,0.0,0.0,0.0,0.0,0.0,0.0,0.0,0.0,0.0,5.385164807134504,6.082762530298219,6.082762530298219,6.0,6.0,5.0,5.0990195135927845,4.47213595499958,4.47213595499958,3.1622776601683795,2.23606797749979,2.8284271247461903,3.605551275463989,4.47213595499958,6.708203932499369,8.06225774829855,8.94427190999916,10.295630140987,11.661903789690601,12.206555615733702,12.806248474865697,13.601470508735444,14.212670403551895,13.45362404707371,13.45362404707371,12.727922061357855
1787404721.1160023,-89,0.0,12.165525060596439,12.36931687685298,11.704699910719626,12.083045973594572,11.661903789690601,12.806248474865697,12.727922061357855,13.601470508735444,13.892443989449804,14.7648230602334,14.317821063276353,15.231546211727817,15.811388300841896,13.92838827718412,12.083045973594572,12.529964086141668,10.0,9.219544457292887,9.433981132056603,11.180339887498949,10.44030650891055,12.36931687685298,13.601470508735444,13.92838827718412,15.231546211727817,16.55294535724685,0.0,0.0,0.0,0.0,0.0,0.0,0.0,0.0,0.0,0.0,0.0,3.1622776601683795,4.242640687119285,3.605551275463989,4.0,4.0,4.123105625617661,4.0,4.0,3.1622776601683795,3.605551275463989,5.0,5.656854249492381,7.810249675906654,8.602325267042627,11.40175425099138,11.313708498984761,12.041594578792296,12.727922061357855,13.45362404707371,13.45362404707371,12.727922061357855,12.806248474865697,13.601470508735444,13.892443989449804,13.038404810405298,14.317821063276353
1787404721.2001739,-69,0.0,30.01666203960727,28.653097563788805,25.942243542145693,21.02379604162864,17.08800749063506,11.40175425099138,6.082762530298219,3.1622776601683795,4.47213595499958,7.810249675906654,10.63014581273465,12.727922061357855,13.45362404707371,14.866068747318506,16.401219466856727,16.64331697709324,15.652475842498529,14.317821063276353,13.0,12.083045973594572,9.486832980505138,7.0710678118654755,4.0,2.0,0.0,2.23606797749979,0.0,0.0,0.0,0.0,0.0,0.0,0.0,0.0,0.0,0.0,0.0,3.605551275463989,2.23606797749979,1.0,2.8284271247461903,5.385164807134504,6.082762530298219,8.06225774829855,10.04987562112089,12.041594578792296,14.035668847618199,15.0,14.0,14.035668847618199,13.341664064126334,13.601470508735444,11.704699910719626,8.246211251235321,5.385164807134504,1.4142135623730951,1.0,4.242640687119285,8.48528137423857,14.212670403551895,19.209372712298546,23.600847442411894,25.80697580112788
1787404721.3215227,-69,0.0,27.730849247724095,26.832815729997478,24.596747752497688,21.470910553583888,16.64331697709324,11.40175425099138,6.4031242374328485,3.0,4.123105625617661,8.06225774829855,10.198039027185569,12.165525060596439,13.152946437965905,14.035668847618199,15.0,16.0312195418814,16.1245154965971,15.132745950421556,13.341664064126334,11.40175425099138,10.44030650891055,7.280109889280518,5.0990195135927845,2.0,0.0,2.23606797749979,0.0,0.0,0.0,0.0,0.0,0.0,0.0,0.0,0.0,0.0,0.0,3.1622776601683795,1.0,1.4142135623730951,3.1622776601683795,5.0990195135927845,6.0,8.06225774829855,10.198039027185569,12.36931687685298,13.341664064126334,14.560219778561036,13.92838827718412,13.416407864998739,13.038404810405298,13.601470508735444,12.806248474865697,10.63014581273465,8.602325267042627,5.830951894845301,2.0,3.1622776601683795,7.0710678118654755,13.341664064126334,18.027756377319946,22.47220505424423,24.698178070456937
1787404721.3376243,-69,0.0,29.68164415931166,29.154759474226502,26.419689627245813,22.825424421026653,17.46424919657298,12.36931687685298,8.06225774829855,5.0,6.082762530298219,8.94427190999916,11.661903789690601,13.038404810405298,14.7648230602334,17.46424919657298,18.027756377319946,17.72004514666935,17.26267650163207,16.1245154965971,15.033296378372908,13.038404810405298,11.0,9.0,6.0,3.1622776601683795,1.4142135623730951,1.4142135623730951,0.0,0.0,0.0,0.0,0.0,0.0,0.0,0.0,0.0,0.0,0.0,4.123105625617661,3.1622776601683795,1.4142135623730951,1.0,3.1622776601683795,5.385164807134504,7.615773105863909,9.848857801796104,12.083045973594572,13.0,13.92838827718412,14.317821063276353,14.142135623730951,14.0,13.038404810405298,13.152946437965905,11.180339887498949,8.06225774829855,5.0,1.4142135623730951,2.8284271247461903,7.810249675906654,13.038404810405298,18.867962264113206,23.323807579381203,26.076809620810597
1787404721.8311465,-84,0.0,17.88854381999832,17.0,16.64331697709324,15.811388300841896,14.212670403551895,13.45362404707371,12.727922061357855,12.206555615733702,12.083045973594572,10.770329614269007,10.770329614269007,9.486832980505138,11.180339887498949,10.816653826391969,11.661903789690601,11.40175425099138,11.40175425099138,12.041594578792296,13.45362404707371,13.45362404707371,14.212670403551895,14.212670403551895,13.45362404707371,13.45362404707371,13.45362404707371,14.142135623730951,0.0,0.0,0.0,0.0,0.0,0.0,0.0,0.0,0.0,0.0,0.0,5.0990195135927845,7.280109889280518,8.246211251235321,8.54400374531753,9.848857801796104,11.180339887498949,11.661903789690601,11.180339887498949,10.770329614269007,9.486832980505138,8.246211251235321,7.0710678118654755,6.0,6.082762530298219,5.385164807134504,6.4031242374328485,7.211102550927978,8.602325267042627,10.0,10.816653826391969,11.661903789690601,13.416407864998739,14.317821063276353,14.866068747318506,15.524174696260024,16.492422502470642
1787404721.8469405,-85,0.0,13.601470508735444,13.92838827718412,12.083045973594572,11.180339887498949,11.180339887498949,10.295630140987,9.848857801796104,9.848857801796104,9.433981132056603,8.94427190999916,8.246211251235321,9.055385138137417,11.0,11.0,12.041594578792296,12.165525060596439,13.341664064126334,13.601470508735444,14.560219778561036,14.560219778561036,13.601470508735444,12.649110640673518,12.083045973594572,10.295630140987,9.433981132056603,8.602325267042627,0.0,0.0,0.0,0.0,0.0,0.0,0.0,0.0,0.0,0.0,0.0,3.1622776601683795,4.0,5.0990195135927845,5.385164807134504,7.211102550927978,7.810249675906654,7.810249675906654,7.810249675906654,7.810249675906654,6.4031242374328485,6.4031242374328485,6.4031242374328485,5.830951894845301,5.385164807134504,5.385164807134504,6.324555320336759,6.324555320336759,6.708203932499369,7.211102550927978,7.810249675906654,9.219544457292887,9.899494936611665,11.313708498984761,12.041594578792296,13.45362404707371,13.45362404707371
1787404722.130888,-69,0.0,30.610455730027933,29.832867780352597,26.1725046566048,21.93171219946131,16.401219466856727,11.180339887498949,6.082762530298219,4.242640687119285,7.0710678118654755,10.04987562112089,11.704699910719626,13.92838827718412,14.866068747318506,16.76305461424021,16.492422502470642,17.26267650163207,17.11724276862369,16.0312195418814,14.035668847618199,13.0,11.045361017187261,8.246211251235321,5.385164807134504,3.605551275463989,2.23606797749979,1.0,0.0,0.0,0.0,0.0,0.0,0.0,0.0,0.0,0.0,0.0,0.0,2.8284271247461903,2.23606797749979,2.23606797749979,2.8284271247461903,3.1622776601683795,5.0990195135927845,7.615773105863909,11.661903789690601,13.601470508735444,15.811388300841896,18.027756377319946,19.4164878389476,18.601075237738275,18.439088914585774,17.69180601295413,16.278820596099706,13.601470508735444,10.295630140987,6.324555320336759,3.0,1.4142135623730951,6.708203932499369,12.529964086141668,17.4928556845359,22.47220505424423,26.92582403567252
1787404722.7041337,-69,0.0,28.442925306655784,28.635642126552707,25.709920264364882,21.840329667841555,18.027756377319946,13.0,7.211102550927978,3.1622776601683795,3.605551275463989,5.385164807134504,7.280109889280518,9.486832980505138,10.770329614269007,12.083045973594572,13.038404810405298,13.601470508735444,14.866068747318506,14.866068747318506,14.212670403551895,12.041594578792296,10.0,7.810249675906654,5.830951894845301,3.1622776601683795,1.4142135623730951,2.0,0.0,0.0,0.0,0.0,0.0,0.0,0.0,0.0,0.0,0.0,0.0,7.0710678118654755,4.123105625617661,3.1622776601683795,3.1622776601683795,1.0,3.605551275463989,7.0710678118654755,10.63014581273465,11.40175425099138,12.529964086141668,14.7648230602334,15.811388300841896,15.620499351813308,15.556349186104045,15.620499351813308,13.601470508735444,12.206555615733702,8.602325267042627,5.830951894845301,2.8284271247461903,2.23606797749979,6.0,11.045361017187261,16.1245154965971,21.213203435596427,23.345235059857504
1787404722.8617198,-72,0.0,26.1725046566048,26.30589287593181,24.331050121192877,21.37755832643195,17.46424919657298,12.36931687685298,6.708203932499369,3.605551275463989,3.1622776601683795,5.830951894845301,8.06225774829855,10.295630140987,12.529964086141668,14.422205101855956,15.0,15.620499351813308,15.556349186104045,16.278820596099706,16.278820596099706,14.866068747318506,11.313708498984761,9.219544457292887,6.4031242374328485,3.605551275463989,1.0,2.0,0.0,0.0,0.0,0.0,0.0,0.0,0.0,0.0,0.0,0.0,0.0,5.0990195135927845,3.0,2.0,0.0,2.23606797749979,5.385164807134504,8.06225774829855,10.295630140987,12.529964086141668,14.7648230602334,14.7648230602334,15.264337522473747,16.401219466856727,15.620499351813308,15.556349186104045,14.212670403551895,12.806248474865697,10.0,7.211102550927978,4.242640687119285,2.0,4.123105625617661,10.0,15.0,19.026297590440446,22.090722034374522
1787404723.021012,-69,0.0,33.52610922848042,32.28002478313795,28.861739379323623,24.73863375370596,20.396078054371138,15.132745950421556,10.04987562112089,5.830951894845301,4.0,6.4031242374328485,9.899494936611665,12.041594578792296,14.212670403551895,15.620499351813308,17.204650534085253,18.027756377319946,18.35755975068582,17.0,15.231546211727817,13.0,10.770329614269007,8.94427190999916,5.830951894845301,2.23606797749979,0.0,2.0,0.0,0.0,0.0,0.0,0.0,0.0,0.0,0.0,0.0,0.0,0.0,3.1622776601683795,1.0,1.0,3.0,4.47213595499958,6.4031242374328485,8.94427190999916,11.661903789690601,14.422205101855956,15.811388300841896,16.64331697709324,17.4928556845359,17.0,16.15549442140351,16.76305461424021,14.866068747318506,12.649110640673518,9.219544457292887,6.082762530298219,2.23606797749979,3.1622776601683795,7.211102550927978,12.649110640673518,19.313207915827967,25.079872407968907,28.231188426986208
1787404723.2649891,-86,0.0,14.212670403551895,14.212670403551895,12.806248474865697,12.206555615733702,12.529964086141668,11.180339887498949,12.083045973594572,11.40175425099138,12.165525060596439,12.041594578792296,13.0,13.0,14.0,13.038404810405298,13.0,12.0,11.045361017187261,10.198039027185569,9.486832980505138,8.54400374531753,8.54400374531753,8.602325267042627,9.899494936611665,10.63014581273465,12.041594578792296,12.806248474865697,0.0,0.0,0.0,0.0,0.0,0.0,0.0,0.0,0.0,0.0,0.0,7.211102550927978,7.810249675906654,8.48528137423857,9.219544457292887,9.899494936611665,9.219544457292887,8.602325267042627,8.06225774829855,6.708203932499369,6.324555320336759,6.324555320336759,5.385164807134504,5.385164807134504,5.830951894845301,7.0710678118654755,7.211102550927978,8.06225774829855,10.295630140987,10.770329614269007,12.649110640673518,12.649110640673518,13.601470508735444,14.317821063276353,14.317821063276353,14.317821063276353,14.317821063276353
1787404723.4575622,-69,0.0,28.792360097775937,29.154759474226502,26.40075756488817,23.259406699226016,18.35755975068582,13.601470508735444,8.602325267042627,5.0990195135927845,5.0,5.830951894845301,8.54400374531753,10.770329614269007,12.649110640673518,13.92838827718412,15.231546211727817,14.7648230602334,15.264337522473747,15.0,13.45362404707371,12.041594578792296,10.63014581273465,7.810249675906654,5.0,2.23606797749979,1.4142135623730951,1.0,0.0,0.0,0.0,0.0,0.0,0.0,0.0,0.0,0.0,0.0,0.0,5.0,3.1622776601683795,1.4142135623730951,1.4142135623730951,2.0,4.0,7.0710678118654755,10.04987562112089,12.041594578792296,13.038404810405298,14.035668847618199,13.341664064126334,13.0,12.529964086141668,12.206555615733702,11.40175425099138,9.219544457292887,7.810249675906654,5.0,2.23606797749979,1.0,5.0990195135927845,10.198039027185569,15.524174696260024,19.6468827043885,22.80350850198276
1787404723.5619006,-69,0.0,27.073972741361768,26.0,24.020824298928627,20.024984394500787,16.1245154965971,11.40175425099138,6.708203932499369,2.23606797749979,3.1622776601683795,5.0,7.0,9.0,10.04987562112089,12.041594578792296,13.152946437965905,14.142135623730951,13.341664064126334,12.36931687685298,12.165525060596439,10.198039027185569,8.246211251235321,6.082762530298219,3.1622776601683795,1.0,2.23606797749979,2.23606797749979,0.0,0.0,0.0,0.0,0.0,0.0,0.0,0.0,0.0,0.0,0.0,6.4031242374328485,5.0,4.123105625617661,2.8284271247461903,4.123105625617661,5.656854249492381,7.211102550927978,9.486832980505138,13.341664064126334,15.652475842498529,17.804493814764857,18.601075237738275,17.88854381999832,16.278820596099706,14.0,10.44030650891055,8.0,7.280109889280518,3.0,2.23606797749979,3.1622776601683795,5.0990195135927845,9.219544457292887,15.132745950421556,20.223748416156685,22.20360331117452
1787404723.7579393,-70,0.0,23.259406699226016,23.706539182259394,22.825424421026653,21.95449840010015,21.095023109728988,20.248456731316587,18.601075237738275,16.401219466856727,15.0,13.601470508735444,13.038404810405298,13.038404810405298,11.661903789690601,11.180339887498949,11.180339887498949,9.848857801796104,9.486832980505138,9.486832980505138,9.219544457292887,9.219544457292887,9.055385138137417,9.219544457292887,8.246211251235321,8.06225774829855,7.0710678118654755,7.0710678118654755,0.0,0.0,0.0,0.0,0.0,0.0,0.0,0.0,0.0,0.0,0.0,5.830951894845301,5.830951894845301,5.656854249492381,6.4031242374328485,7.211102550927978,8.06225774829855,9.433981132056603,10.295630140987,10.816653826391969,10.816653826391969,11.40175425099138,10.816653826391969,10.816653826391969,11.661903789690601,12.529964086141668,12.529964086141668,13.416407864998739,13.416407864998739,14.317821063276353,14.866068747318506,15.811388300841896,16.76305461424021,18.681541692269406,19.924858845171276,21.18962010041709,21.18962010041709
1787404724.0384943,-70,0.0,33.0,31.016124838541646,28.071337695236398,23.194827009486403,17.46424919657298,12.083045973594572,7.0710678118654755,4.0,6.4031242374328485,8.94427190999916,11.180339887498949,12.529964086141668,13.892443989449804,14.422205101855956,14.212670403551895,14.142135623730951,12.806248474865697,13.416407864998739,12.083045973594572,11.704699910719626,9.486832980505138,7.280109889280518,4.0,2.23606797749979,2.23606797749979,2.23606797749979,0.0,0.0,0.0,0.0,0.0,0.0,0.0,0.0,0.0,0.0,0.0,3.605551275463989,2.23606797749979,2.0,1.4142135623730951,3.1622776601683795,5.0,7.0710678118654755,10.63014581273465,12.806248474865697,14.212670403551895,15.0,15.264337522473747,14.7648230602334,15.231546211727817,14.560219778561036,14.317821063276353,12.165525060596439,8.246211251235321,5.0990195135927845,2.0,3.0,9.055385138137417,15.132745950421556,20.09975124224178,25.179356624028344,27.16615541441225
1787404724.3721983,-71,0.0,20.8806130178211,22.135943621178654,23.40939982143925,22.47220505424423,20.615528128088304,18.788294228055936,18.35755975068582,16.55294535724685,14.317821063276353,12.529964086141668,12.529964086141668,11.180339887498949,10.770329614269007,9.055385138137417,7.0,7.0,7.0710678118654755,6.082762530298219,6.324555320336759,6.324555320336759,7.615773105863909,7.615773105863909,7.280109889280518,6.324555320336759,6.708203932499369,5.830951894845301,0.0,0.0,0.0,0.0,0.0,0.0,0.0,0.0,0.0,0.0,0.0,6.082762530298219,6.0,6.082762530298219,6.708203932499369,7.211102550927978,7.211102550927978,7.211102550927978,7.211102550927978,7.211102550927978,7.810249675906654,8.48528137423857,8.48528137423857,8.602325267042627,8.54400374531753,9.486832980505138,9.486832980505138,10.44030650891055,11.40175425099138,13.152946437965905,13.038404810405298,14.035668847618199,16.0312195418814,19.1049731745428,21.0,22.090722034374522,24.515301344262525
1787404724.578724,-71,0.0,29.154759474226502,28.653097563788805,25.495097567963924,21.540659228538015,15.811388300841896,10.04987562112089,5.385164807134504,4.123105625617661,6.324555320336759,8.94427190999916,10.295630140987,11.180339887498949,10.44030650891055,12.165525060596439,13.038404810405298,13.038404810405298,13.341664064126334,13.0,11.661903789690601,10.0,8.602325267042627,6.4031242374328485,3.605551275463989,1.0,2.23606797749979,3.605551275463989,0.0,0.0,0.0,0.0,0.0,0.0,0.0,0.0,0.0,0.0,0.0,4.47213595499958,2.8284271247461903,1.0,3.1622776601683795,5.0990195135927845,6.324555320336759,8.94427190999916,11.180339887498949,13.416407864998739,15.264337522473747,15.811388300841896,15.620499351813308,14.866068747318506,14.422205101855956,13.892443989449804,12.083045973594572,10.770329614269007,8.54400374531753,6.708203932499369,4.242640687119285,5.0990195135927845,8.602325267042627,13.45362404707371,18.601075237738275,24.413111231467404,26.627053911388696
1787404724.6900375,-71,0.0,23.53720459187964,23.769728648009426,23.08679276123039,22.135943621178654,20.615528128088304,19.697715603592208,17.88854381999832,15.652475842498529,13.416407864998739,12.083045973594572,12.083045973594572,11.704699910719626,10.44030650891055,10.198039027185569,10.198039027185569,9.055385138137417,9.055385138137417,9.0,8.0,8.06225774829855,8.06225774829855,8.06225774829855,8.0,7.0,6.0,5.0990195135927845,0.0,0.0,0.0,0.0,0.0,0.0,0.0,0.0,0.0,0.0,0.0,7.280109889280518,6.324555320336759,6.708203932499369,6.708203932499369,6.4031242374328485,6.4031242374328485,7.0710678118654755,7.0710678118654755,7.0710678118654755,7.0710678118654755,7.810249675906654,7.211102550927978,8.06225774829855,8.54400374531753,9.219544457292887,10.198039027185569,11.180339887498949,11.180339887498949,12.041594578792296,14.035668847618199,15.033296378372908,16.0312195418814,17.029386365926403,19.1049731745428,20.09975124224178,21.095023109728988
1787404724.7853522,-71,0.0,22.67156809750927,23.345235059857504,22.67156809750927,22.02271554554524,21.400934559032695,19.4164878389476,18.027756377319946,16.1245154965971,13.892443989449804,12.529964086141668,11.661903789690601,10.0,9.219544457292887,9.219544457292887,9.219544457292887,7.810249675906654,7.211102550927978,7.211102550927978,6.708203932499369,6.324555320336759,7.280109889280518,7.615773105863909,7.615773105863909,6.708203932499369,5.385164807134504,5.0990195135927845,0.0,0.0,0.0,0.0,0.0,0.0,0.0,0.0,0.0,0.0,0.0,9.055385138137417,8.06225774829855,8.0,8.06225774829855,7.0710678118654755,7.280109889280518,7.280109889280518,8.246211251235321,8.246211251235321,8.54400374531753,8.54400374531753,8.94427190999916,8.06225774829855,9.433981132056603,10.0,10.0,10.0,10.63014581273465,11.313708498984761,12.041594578792296,13.601470508735444,14.422205101855956,15.811388300841896,18.027756377319946,20.0,21.400934559032695
1787404724.8807018,-85,0.0,22.090722034374522,20.0,17.029386365926403,14.317821063276353,13.0,10.0,7.810249675906654,5.385164807134504,4.123105625617661,4.242640687119285,4.123105625617661,5.0990195135927845,5.830951894845301,6.4031242374328485,6.708203932499369,8.06225774829855,9.0,10.198039027185569,11.40175425099138,13.0,13.892443989449804,13.892443989449804,15.264337522473747,14.7648230602334,14.7648230602334,14.317821063276353,0.0,0.0,0.0,0.0,0.0,0.0,0.0,0.0,0.0,0.0,0.0,15.620499351813308,16.1245154965971,15.811388300841896,16.1245154965971,17.029386365926403,18.681541692269406,18.027756377319946,19.72308292331602,20.615528128088304,19.849433241279208,18.439088914585774,16.278820596099706,15.556349186104045,12.806248474865697,10.816653826391969,8.94427190999916,6.324555320336759,6.0,6.708203932499369,8.602325267042627,10.63014581273465,12.806248474865697,15.620499351813308,17.804493814764857,19.209372712298546,21.633307652783937
1787404725.198432,-70,0.0,22.80350850198276,23.53720459187964,23.345235059857504,22.20360331117452,20.09975124224178,19.235384061671343,17.11724276862369,16.0,15.0,14.035668847618199,13.0,13.0,12.041594578792296,12.041594578792296,11.045361017187261,10.04987562112089,9.055385138137417,9.219544457292887,8.246211251235321,7.615773105863909,8.54400374531753,8.54400374531753,7.615773105863909,7.280109889280518,6.324555320336759,6.324555320336759,0.0,0.0,0.0,0.0,0.0,0.0,0.0,0.0,0.0,0.0,0.0,9.848857801796104,8.94427190999916,8.06225774829855,8.94427190999916,8.06225774829855,7.615773105863909,7.615773105863909,7.615773105863909,8.94427190999916,8.94427190999916,8.54400374531753,8.246211251235321,8.246211251235321,8.06225774829855,9.055385138137417,10.0,10.04987562112089,10.04987562112089,11.180339887498949,11.180339887498949,12.36931687685298,13.92838827718412,15.231546211727817,17.08800749063506,19.313207915827967,20.615528128088304
1787404725.2144706,-70,0.0,24.698178070456937,24.166091947189145,24.596747752497688,23.323807579381203,22.47220505424423,20.808652046684813,19.4164878389476,17.804493814764857,16.401219466856727,15.0,14.422205101855956,13.038404810405298,12.529964086141668,11.661903789690601,11.180339887498949,11.180339887498949,9.848857801796104,9.486832980505138,8.54400374531753,8.246211251235321,9.219544457292887,9.219544457292887,8.246211251235321,8.246211251235321,7.280109889280518,6.082762530298219,0.0,0.0,0.0,0.0,0.0,0.0,0.0,0.0,0.0,0.0,0.0,8.246211251235321,7.615773105863909,7.615773105863909,8.06225774829855,8.06225774829855,9.433981132056603,9.433981132056603,9.433981132056603,10.0,9.433981132056603,10.0,10.0,9.219544457292887,9.899494936611665,10.0,10.816653826391969,10.816653826391969,10.816653826391969,11.180339887498949,12.083045973594572,13.92838827718412,14.560219778561036,16.492422502470642,18.439088914585774,19.6468827043885,21.587033144922902
1787404725.2144706,-70,0.0,24.413111231467404,25.238858928247925,24.186773244895647,23.259406699226016,22.847319317591726,21.18962010041709,18.973665961010276,18.027756377319946,15.811388300841896,13.92838827718412,13.0,13.416407864998739,12.529964086141668,11.180339887498949,11.180339887498949,10.816653826391969,9.433981132056603,9.219544457292887,8.48528137423857,8.48528137423857,9.899494936611665,9.899494936611665,9.219544457292887,9.219544457292887,7.810249675906654,7.810249675906654,0.0,0.0,0.0,0.0,0.0,0.0,0.0,0.0,0.0,0.0,0.0,8.246211251235321,8.06225774829855,8.06225774829855,8.0,9.055385138137417,9.055385138137417,9.055385138137417,9.055385138137417,10.0,10.0,10.04987562112089,10.04987562112089,10.198039027185569,10.44030650891055,10.44030650891055,10.770329614269007,11.180339887498949,11.661903789690601,12.206555615733702,12.806248474865697,14.212670403551895,15.620499351813308,17.029386365926403,19.1049731745428,20.518284528683193,21.2602916254693
1787404725.5060408,-69,0.0,31.400636936215164,29.614185789921695,26.92582403567252,22.80350850198276,18.027756377319946,12.529964086141668,7.810249675906654,5.0,6.4031242374328485,9.433981132056603,12.083045973594572,14.317821063276353,15.652475842498529,16.55294535724685,17.0,16.1245154965971,15.0,14.142135623730951,12.806248474865697,11.40175425099138,9.433981132056603,7.211102550927978,4.47213595499958,2.23606797749979,1.0,1.0,0.0,0.0,0.0,0.0,0.0,0.0,0.0,0.0,0.0,0.0,0.0,4.47213595499958,2.0,1.0,1.4142135623730951,3.0,7.0710678118654755,9.486832980505138,10.770329614269007,12.083045973594572,13.416407864998739,14.7648230602334,15.264337522473747,14.212670403551895,14.142135623730951,12.806248474865697,12.806248474865697,11.661903789690601,8.602325267042627,5.830951894845301,2.23606797749979,3.605551275463989,6.082762530298219,11.045361017187261,17.029386365926403,22.02271554554524,26.019223662515376
1787404725.6648495,-69,0.0,35.05709628591621,35.014282800023196,32.01562118716424,27.073972741361768,21.213203435596427,15.524174696260024,10.295630140987,5.385164807134504,6.708203932499369,9.899494936611665,12.806248474865697,15.0,17.029386365926403,17.69180601295413,18.384776310850235,17.804493814764857,18.027756377319946,17.0,15.231546211727817,13.0,11.704699910719626,9.486832980505138,5.0990195135927845,3.0,1.0,2.23606797749979,0.0,0.0,0.0,0.0,0.0,0.0,0.0,0.0,0.0,0.0,0.0,4.47213595499958,3.1622776601683795,1.0,5.0,6.324555320336759,6.0,7.280109889280518,11.40175425099138,13.601470508735444,14.317821063276353,16.1245154965971,16.401219466856727,15.556349186104045,15.620499351813308,15.264337522473747,14.7648230602334,12.529964086141668,8.94427190999916,5.830951894845301,2.8284271247461903,3.605551275463989,8.246211251235321,15.132745950421556,21.095023109728988,26.1725046566048,29.154759474226502
1787404725.9180505,-69,0.0,30.675723300355934,28.460498941515414,26.570660511172846,22.847319317591726,18.35755975068582,12.206555615733702,7.810249675906654,5.0990195135927845,5.656854249492381,8.94427190999916,10.44030650891055,12.649110640673518,14.866068747318506,15.811388300841896,17.08800749063506,17.0,16.1245154965971,15.811388300841896,13.601470508735444,11.40175425099138,10.0,7.810249675906654,5.0,2.23606797749979,1.0,1.0,0.0,0.0,0.0,0.0,0.0,0.0,0.0,0.0,0.0,0.0,0.0,3.605551275463989,2.23606797749979,1.0,1.0,3.0,5.0,8.06225774829855,11.045361017187261,12.165525060596439,13.341664064126334,13.341664064126334,14.560219778561036,13.0,13.038404810405298,12.806248474865697,12.041594578792296,9.899494936611665,7.0710678118654755,5.0,2.23606797749979,2.0,6.082762530298219,11.40175425099138,16.492422502470642,21.840329667841555,24.73863375370596
1787404725.9191391,-70,0.0,26.832815729997478,26.419689627245813,25.553864678361276,21.93171219946131,18.973665961010276,12.36931687685298,7.0,3.605551275463989,4.0,6.708203932499369,10.295630140987,12.206555615733702,13.892443989449804,16.1245154965971,17.0,16.15549442140351,15.811388300841896,15.811388300841896,14.560219778561036,12.36931687685298,10.44030650891055,7.615773105863909,5.0,2.8284271247461903,1.0,1.4142135623730951,0.0,0.0,0.0,0.0,0.0,0.0,0.0,0.0,0.0,0.0,0.0,4.0,3.0,2.23606797749979,1.0,5.385164807134504,6.708203932499369,7.280109889280518,9.848857801796104,13.92838827718412,14.866068747318506,13.92838827718412,12.36931687685298,12.165525060596439,12.041594578792296,13.0,11.045361017187261,10.04987562112089,9.0,6.0,2.0,1.4142135623730951,5.830951894845301,10.295630140987,15.811388300841896,20.248456731316587,21.633307652783937
1787404726.0119627,-69,0.0,29.068883707497267,27.018512172212592,24.08318915758459,21.93171219946131,17.69180601295413,11.40175425099138,7.615773105863909,4.123105625617661,4.47213595499958,6.0,9.055385138137417,10.04987562112089,11.0,13.0,15.033296378372908,15.297058540778355,15.524174696260024,14.560219778561036,12.649110640673518,11.40175425099138,8.54400374531753,5.0990195135927845,3.1622776601683795,0.0,2.23606797749979,3.1622776601683795,0.0,0.0,0.0,0.0,0.0,0.0,0.0,0.0,0.0,0.0,0.0,3.605551275463989,1.0,2.23606797749979,5.0,5.830951894845301,6.4031242374328485,8.06225774829855,9.848857801796104,11.704699910719626,13.416407864998739,14.7648230602334,13.92838827718412,13.341664064126334,13.038404810405298,13.0,10.0,7.0710678118654755,5.0990195135927845,2.0,2.23606797749979,3.0,6.708203932499369,12.206555615733702,16.401219466856727,21.2602916254693,24.08318915758459
1787404726.3140526,-70,0.0,28.635642126552707,28.178005607210743,24.186773244895647,19.72308292331602,15.264337522473747,10.0,5.0,2.23606797749979,4.123105625617661,8.246211251235321,11.180339887498949,13.152946437965905,14.142135623730951,16.0312195418814,17.029386365926403,18.027756377319946,17.11724276862369,17.26267650163207,15.524174696260024,13.341664064126334,12.165525060596439,9.055385138137417,5.0990195135927845,1.0,1.0,2.23606797749979,0.0,0.0,0.0,0.0,0.0,0.0,0.0,0.0,0.0,0.0,0.0,5.0,3.1622776601683795,1.4142135623730951,2.23606797749979,4.123105625617661,7.0710678118654755,11.045361017187261,13.038404810405298,14.0,15.033296378372908,16.0,15.0,14.035668847618199,11.180339887498949,10.770329614269007,10.295630140987,8.06225774829855,6.4031242374328485,3.605551275463989,2.0,3.0,7.280109889280518,13.92838827718412,18.384776310850235,22.847319317591726,26.40075756488817
1787404726.9646313,-83,0.0,11.045361017187261,10.44030650891055,9.486832980505138,8.54400374531753,8.602325267042627,9.219544457292887,9.219544457292887,8.602325267042627,8.94427190999916,8.94427190999916,8.94427190999916,8.94427190999916,11.661903789690601,10.0,9.899494936611665,10.0,10.63014581273465,9.219544457292887,10.0,8.94427190999916,13.416407864998739,11.704699910719626,10.770329614269007,10.770329614269007,11.180339887498949,10.198039027185569,0.0,0.0,0.0,0.0,0.0,0.0,0.0,0.0,0.0,0.0,0.0,1.0,2.23606797749979,4.47213595499958,6.324555320336759,7.280109889280518,9.055385138137417,9.219544457292887,9.219544457292887,8.54400374531753,8.54400374531753,6.324555320336759,5.385164807134504,4.242640687119285,3.605551275463989,4.123105625617661,4.123105625617661,4.123105625617661,5.385164807134504,6.324555320336759,6.324555320336759,6.082762530298219,7.615773105863909,8.246211251235321,8.54400374531753,9.486832980505138,10.770329614269007
1787404726.9965274,-39,0.0,13.892443989449804,13.892443989449804,13.892443989449804,14.422205101855956,13.038404810405298,13.601470508735444,13.601470508735444,12.806248474865697,13.45362404707371,13.45362404707371,14.142135623730951,14.142135623730951,14.866068747318506,14.866068747318506,14.866068747318506,14.866068747318506,14.866068747318506,15.620499351813308,15.556349186104045,15.556349186104045,15.556349186104045,14.866068747318506,14.866068747318506,15.0,14.422205101855956,13.892443989449804,0.0,0.0,0.0,0.0,0.0,0.0,0.0,0.0,0.0,0.0,0.0,11.704699910719626,11.40175425099138,12.36931687685298,12.165525060596439,13.152946437965905,13.152946437965905,13.038404810405298,14.035668847618199,14.035668847618199,13.038404810405298,14.035668847618199,13.038404810405298,13.038404810405298,13.038404810405298,13.152946437965905,13.152946437965905,13.152946437965905,13.341664064126334,12.36931687685298,12.649110640673518,12.649110640673518,12.649110640673518,13.0,13.0,13.0,13.0
1787404727.1479976,-70,0.0,30.23243291566195,30.0,27.018512172212592,22.67156809750927,17.69180601295413,12.806248474865697,7.211102550927978,3.0,3.0,6.324555320336759,8.94427190999916,10.770329614269007,12.36931687685298,13.152946437965905,14.142135623730951,14.142135623730951,14.035668847618199,13.0,12.165525060596439,10.198039027185569,9.219544457292887,7.0710678118654755,4.0,1.0,1.0,3.0,0.0,0.0,0.0,0.0,0.0,0.0,0.0,0.0,0.0,0.0,0.0,6.082762530298219,2.0,1.0,1.4142135623730951,3.1622776601683795,5.385164807134504,8.94427190999916,11.704699910719626,14.866068747318506,16.76305461424021,17.72004514666935,18.027756377319946,16.55294535724685,15.264337522473747,13.601470508735444,12.041594578792296,10.63014581273465,7.810249675906654,5.0,1.0,4.47213595499958,8.06225774829855,13.892443989449804,18.867962264113206,23.323807579381203,26.076809620810597
1787404727.72188,-85,0.0,18.110770276274835,16.1245154965971,15.033296378372908,14.035668847618199,13.0,12.0,10.04987562112089,9.486832980505138,10.295630140987,10.63014581273465,13.038404810405298,13.892443989449804,15.652475842498529,17.0,17.46424919657298,17.88854381999832,16.55294535724685,16.1245154965971,13.892443989449804,11.661903789690601,10.295630140987,8.54400374531753,7.280109889280518,7.0710678118654755,6.0,5.0990195135927845,0.0,0.0,0.0,0.0,0.0,0.0,0.0,0.0,0.0,0.0,0.0,3.605551275463989,4.0,5.385164807134504,6.4031242374328485,8.06225774829855,11.180339887498949,12.083045973594572,13.92838827718412,15.811388300841896,19.6468827043885,19.6468827043885,19.6468827043885,18.027756377319946,18.027756377319946,15.811388300841896,13.416407864998739,10.295630140987,7.280109889280518,4.123105625617661,5.830951894845301,10.198039027185569,12.165525060596439,14.142135623730951,16.492422502470642,19.6468827043885,20.8806130178211
1787404727.72188,-87,0.0,11.0,10.0,10.04987562112089,10.04987562112089,9.219544457292887,8.246211251235321,7.615773105863909,6.4031242374328485,6.4031242374328485,7.280109889280518,8.06225774829855,9.055385138137417,11.045361017187261,12.0,12.0,12.041594578792296,11.0,10.0,8.06225774829855,7.0710678118654755,6.0,5.0990195135927845,4.123105625617661,4.47213595499958,5.0,4.47213595499958,0.0,0.0,0.0,0.0,0.0,0.0,0.0,0.0,0.0,0.0,0.0,7.211102550927978,8.48528137423857,9.219544457292887,9.433981132056603,9.848857801796104,11.180339887498949,13.0,14.866068747318506,16.15549442140351,16.15549442140351,15.231546211727817,14.7648230602334,15.811388300841896,15.0,13.45362404707371,10.63014581273465,7.810249675906654,5.0,3.0,3.605551275463989,6.324555320336759,9.219544457292887,11.180339887498949,14.142135623730951,15.132745950421556,16.1245154965971
1787404727.72188,-86,0.0,10.0,10.0,9.219544457292887,9.899494936611665,9.219544457292887,8.94427190999916,8.54400374531753,7.0710678118654755,7.0,8.246211251235321,8.54400374531753,9.433981132056603,10.0,11.40175425099138,11.313708498984761,10.63014581273465,11.313708498984761,9.899494936611665,8.602325267042627,8.06225774829855,5.385164807134504,4.123105625617661,3.1622776601683795,3.605551275463989,3.1622776601683795,4.123105625617661,0.0,0.0,0.0,0.0,0.0,0.0,0.0,0.0,0.0,0.0,0.0,5.385164807134504,5.0990195135927845,5.0,4.123105625617661,5.0,6.4031242374328485,8.602325267042627,9.433981132056603,10.295630140987,11.661903789690601,11.661903789690601,11.661903789690601,12.206555615733702,11.40175425099138,9.219544457292887,7.810249675906654,5.656854249492381,2.23606797749979,1.4142135623730951,4.123105625617661,6.324555320336759,9.486832980505138,11.704699910719626,13.601470508735444,15.524174696260024,16.492422502470642
1787404728.0695114,-71,0.0,24.166091947189145,23.259406699226016,22.825424421026653,21.95449840010015,21.095023109728988,19.4164878389476,17.804493814764857,15.620499351813308,14.212670403551895,12.206555615733702,11.661903789690601,11.180339887498949,10.770329614269007,10.44030650891055,10.44030650891055,9.486832980505138,9.486832980505138,9.219544457292887,9.055385138137417,8.06225774829855,8.246211251235321,8.06225774829855,8.06225774829855,7.0,7.0,7.0,0.0,0.0,0.0,0.0,0.0,0.0,0.0,0.0,0.0,0.0,0.0,5.830951894845301,5.830951894845301,5.830951894845301,5.656854249492381,6.4031242374328485,7.810249675906654,8.602325267042627,9.219544457292887,9.219544457292887,9.219544457292887,8.602325267042627,8.602325267042627,8.94427190999916,9.486832980505138,9.848857801796104,10.770329614269007,11.704699910719626,12.649110640673518,12.649110640673518,13.601470508735444,14.317821063276353,16.492422502470642,17.46424919657298,19.6468827043885,20.615528128088304,21.840329667841555
1787404728.166259,-69,0.0,30.083217912982647,29.546573405388315,27.730849247724095,23.706539182259394,18.867962264113206,14.212670403551895,7.810249675906654,3.1622776601683795,3.1622776601683795,6.082762530298219,8.246211251235321,9.486832980505138,11.180339887498949,13.152946437965905,14.142135623730951,14.035668847618199,15.033296378372908,14.0,13.038404810405298,11.045361017187261,10.04987562112089,8.0,5.0,3.1622776601683795,1.4142135623730951,2.23606797749979,0.0,0.0,0.0,0.0,0.0,0.0,0.0,0.0,0.0,0.0,0.0,2.0,1.4142135623730951,3.0,4.123105625617661,5.0,6.4031242374328485,8.602325267042627,9.433981132056603,11.661903789690601,13.892443989449804,15.264337522473747,16.55294535724685,16.15549442140351,15.811388300841896,14.560219778561036,13.341664064126334,11.180339887498949,9.219544457292887,6.082762530298219,3.1622776601683795,2.23606797749979,6.082762530298219,12.165525060596439,17.46424919657298,22.360679774997898,25.495097567963924
1787404728.166259,-71,0.0,22.561028345356956,22.80350850198276,21.840329667841555,20.248456731316587,19.697715603592208,18.788294228055936,17.0,14.7648230602334,13.416407864998739,12.083045973594572,10.770329614269007,9.848857801796104,9.219544457292887,9.219544457292887,9.219544457292887,9.055385138137417,8.06225774829855,8.0,8.06225774829855,8.06225774829855,8.06225774829855,8.06225774829855,8.0,7.0,6.082762530298219,7.0710678118654755,0.0,0.0,0.0,0.0,0.0,0.0,0.0,0.0,0.0,0.0,0.0,4.47213595499958,4.47213595499958,4.242640687119285,5.0,5.830951894845301,5.830951894845301,6.708203932499369,7.615773105863909,7.615773105863909,7.615773105863909,7.615773105863909,8.54400374531753,8.54400374531753,9.219544457292887,10.44030650891055,11.180339887498949,11.180339887498949,11.180339887498949,12.165525060596439,13.038404810405298,14.035668847618199,15.033296378372908,16.0312195418814,18.110770276274835,19.1049731745428,20.223748416156685
1787404728.182379,-69,0.0,31.400636936215164,30.479501308256342,28.319604517012593,24.041630560342615,18.439088914585774,13.038404810405298,7.615773105863909,2.0,3.605551275463989,6.4031242374328485,8.48528137423857,10.816653826391969,13.038404810405298,15.264337522473747,16.1245154965971,16.55294535724685,15.231546211727817,15.231546211727817,14.866068747318506,12.649110640673518,9.486832980505138,7.280109889280518,5.0990195135927845,3.0,0.0,1.0,0.0,0.0,0.0,0.0,0.0,0.0,0.0,0.0,0.0,0.0,0.0,0.0,2.23606797749979,3.1622776601683795,3.1622776601683795,6.082762530298219,8.06225774829855,10.44030650891055,12.083045973594572,13.416407864998739,15.652475842498529,17.0,16.64331697709324,17.204650534085253,17.029386365926403,15.556349186104045,14.866068747318506,12.806248474865697,9.433981132056603,6.708203932499369,4.242640687119285,1.4142135623730951,5.385164807134504,11.661903789690601,17.4928556845359,22.47220505424423,25.553864678361276
1787404728.3863277,-70,0.0,28.635642126552707,27.892651361962706,25.298221281347036,22.135943621178654,18.027756377319946,13.416407864998739,7.810249675906654,4.47213595499958,4.47213595499958,6.4031242374328485,8.06225774829855,10.295630140987,12.529964086141668,14.422205101855956,15.0,15.0,15.620499351813308,14.142135623730951,12.041594578792296,11.40175425099138,10.0,7.211102550927978,4.242640687119285,1.4142135623730951,1.0,1.4142135623730951,0.0,0.0,0.0,0.0,0.0,0.0,0.0,0.0,0.0,0.0,0.0,3.605551275463989,1.4142135623730951,3.1622776601683795,2.8284271247461903,3.1622776601683795,6.0,8.06225774829855,10.198039027185569,12.165525060596439,12.36931687685298,13.0,13.0,12.529964086141668,11.40175425099138,11.313708498984761,11.313708498984761,10.0,8.06225774829855,5.385164807134504,2.23606797749979,1.4142135623730951,5.0,10.04987562112089,16.1245154965971,21.213203435596427,24.186773244895647
1787404728.3916717,-69,0.0,30.066592756745816,30.0,27.018512172212592,23.08679276123039,18.110770276274835,13.341664064126334,7.615773105863909,4.242640687119285,3.1622776601683795,6.4031242374328485,9.433981132056603,11.40175425099138,13.45362404707371,14.866068747318506,15.556349186104045,15.620499351813308,15.811388300841896,15.264337522473747,13.892443989449804,12.529964086141668,10.295630140987,8.06225774829855,5.830951894845301,2.23606797749979,1.0,1.4142135623730951,0.0,0.0,0.0,0.0,0.0,0.0,0.0,0.0,0.0,0.0,0.0,4.47213595499958,2.23606797749979,2.0,2.8284271247461903,3.1622776601683795,5.0990195135927845,7.280109889280518,9.848857801796104,13.0,14.317821063276353,13.892443989449804,14.422205101855956,14.212670403551895,14.142135623730951,13.601470508735444,12.529964086141668,9.848857801796104,7.280109889280518,5.0990195135927845,2.23606797749979,2.23606797749979,7.0710678118654755,12.165525060596439,17.11724276862369,22.02271554554524,25.019992006393608
1787404728.51322,-69,0.0,29.410882339705484,28.460498941515414,26.570660511172846,22.47220505424423,18.384776310850235,12.529964086141668,7.211102550927978,2.23606797749979,4.242640687119285,10.0,13.0,13.601470508735444,14.866068747318506,16.15549442140351,16.55294535724685,16.1245154965971,16.64331697709324,15.811388300841896,14.212670403551895,12.806248474865697,11.40175425099138,8.602325267042627,5.830951894845301,3.1622776601683795,2.23606797749979,2.0,0.0,0.0,0.0,0.0,0.0,0.0,0.0,0.0,0.0,0.0,0.0,3.1622776601683795,2.0,1.0,2.23606797749979,3.605551275463989,5.0990195135927845,7.0,10.0,12.0,15.132745950421556,16.278820596099706,16.492422502470642,15.811388300841896,16.55294535724685,16.1245154965971,15.811388300841896,12.806248474865697,10.63014581273465,8.48528137423857,5.830951894845301,3.1622776601683795,6.082762530298219,11.045361017187261,16.278820596099706,21.587033144922902,25.0
1787404728.7828102,-70,0.0,24.020824298928627,24.08318915758459,24.186773244895647,23.194827009486403,21.37755832643195,20.396078054371138,18.439088914585774,17.46424919657298,15.297058540778355,14.142135623730951,13.152946437965905,12.165525060596439,12.041594578792296,11.0,11.0,10.0,10.04987562112089,10.198039027185569,10.198039027185569,10.198039027185569,10.198039027185569,10.198039027185569,10.04987562112089,9.055385138137417,8.06225774829855,7.0710678118654755,0.0,0.0,0.0,0.0,0.0,0.0,0.0,0.0,0.0,0.0,0.0,5.0,4.242640687119285,5.0,5.385164807134504,6.324555320336759,7.280109889280518,7.280109889280518,8.54400374531753,8.54400374531753,8.94427190999916,8.94427190999916,9.848857801796104,9.486832980505138,10.198039027185569,10.04987562112089,11.0,12.0,13.0,14.0,15.033296378372908,16.1245154965971,17.11724276862369,19.1049731745428,21.02379604162864,22.02271554554524,23.021728866442675
1787404729.0037835,-39,0.0,13.038404810405298,13.038404810405298,13.038404810405298,13.892443989449804,13.892443989449804,13.892443989449804,13.416407864998739,13.416407864998739,13.0,13.92838827718412,13.92838827718412,13.601470508735444,14.560219778561036,14.560219778561036,15.524174696260024,15.524174696260024,15.524174696260024,15.524174696260024,15.811388300841896,15.811388300841896,15.811388300841896,15.231546211727817,15.231546211727817,14.7648230602334,14.7648230602334,13.892443989449804,0.0,0.0,0.0,0.0,0.0,0.0,0.0,0.0,0.0,0.0,0.0,12.041594578792296,12.041594578792296,12.206555615733702,13.038404810405298,13.038404810405298,13.892443989449804,13.892443989449804,13.416407864998739,13.416407864998739,13.416407864998739,13.416407864998739,13.416407864998739,13.416407864998739,12.529964086141668,12.529964086141668,13.038404810405298,12.206555615733702,12.206555615733702,12.806248474865697,12.041594578792296,12.041594578792296,12.727922061357855,12.727922061357855,12.727922061357855,12.806248474865697,13.45362404707371
1787404729.0197592,-39,0.0,13.45362404707371,13.45362404707371,13.45362404707371,13.45362404707371,12.727922061357855,12.727922061357855,13.45362404707371,13.45362404707371,12.806248474865697,12.806248474865697,13.601470508735444,13.038404810405298,14.422205101855956,14.422205101855956,14.7648230602334,14.7648230602334,15.264337522473747,15.264337522473747,15.264337522473747,15.811388300841896,15.0,15.0,14.212670403551895,14.142135623730951,14.142135623730951,13.45362404707371,0.0,0.0,0.0,0.0,0.0,0.0,0.0,0.0,0.0,0.0,0.0,11.180339887498949,12.083045973594572,11.704699910719626,12.649110640673518,12.649110640673518,12.649110640673518,13.341664064126334,13.341664064126334,13.341664064126334,13.341664064126334,12.36931687685298,12.36931687685298,13.341664064126334,12.36931687685298,12.36931687685298,11.704699910719626,11.704699910719626,11.704699910719626,12.083045973594572,12.083045973594572,12.529964086141668,12.529964086141668,12.529964086141668,12.529964086141668,13.038404810405298,13.038404810405298
1787404729.4003112,-70,0.0,19.849433241279208,21.2602916254693,21.2602916254693,19.849433241279208,19.1049731745428,17.69180601295413,16.401219466856727,15.0,14.212670403551895,12.727922061357855,11.313708498984761,10.63014581273465,10.63014581273465,10.816653826391969,9.433981132056603,9.433981132056603,9.433981132056603,9.433981132056603,9.848857801796104,9.486832980505138,8.54400374531753,8.94427190999916,8.06225774829855,6.708203932499369,6.324555320336759,5.385164807134504,0.0,0.0,0.0,0.0,0.0,0.0,0.0,0.0,0.0,0.0,0.0,5.385164807134504,4.123105625617661,3.0,5.0990195135927845,5.385164807134504,6.4031242374328485,7.211102550927978,7.211102550927978,8.06225774829855,8.06225774829855,8.06225774829855,8.06225774829855,8.602325267042627,10.0,11.313708498984761,11.40175425099138,11.40175425099138,10.816653826391969,11.40175425099138,12.206555615733702,13.038404810405298,15.264337522473747,17.4928556845359,19.4164878389476,20.0,20.615528128088304
1787404729.493765,-70,0.0,21.095023109728988,21.095023109728988,20.591260281974,20.591260281974,20.12461179749811,18.384776310850235,17.08800749063506,14.866068747318506,13.601470508735444,12.649110640673518,11.180339887498949,11.180339887498949,10.295630140987,10.295630140987,9.433981132056603,9.433981132056603,8.602325267042627,7.810249675906654,7.810249675906654,7.810249675906654,8.48528137423857,8.48528137423857,7.0710678118654755,7.0710678118654755,6.4031242374328485,6.4031242374328485,0.0,0.0,0.0,0.0,0.0,0.0,0.0,0.0,0.0,0.0,0.0,6.082762530298219,6.082762530298219,6.0,6.0,6.082762530298219,6.324555320336759,7.280109889280518,7.280109889280518,7.280109889280518,7.280109889280518,8.54400374531753,8.54400374531753,8.94427190999916,9.433981132056603,10.295630140987,10.816653826391969,10.816653826391969,10.816653826391969,11.40175425099138,12.727922061357855,14.142135623730951,15.556349186104045,16.278820596099706,18.439088914585774,19.849433241279208,20.615528128088304
1787404729.596975,-69,0.0,29.068883707497267,29.206163733020468,26.40075756488817,22.20360331117452,17.4928556845359,12.083045973594572,7.0710678118654755,4.242640687119285,5.0,8.06225774829855,9.219544457292887,11.180339887498949,13.0,14.035668847618199,15.132745950421556,15.297058540778355,14.560219778561036,13.92838827718412,13.416407864998739,11.661903789690601,8.06225774829855,4.123105625617661,1.0,2.23606797749979,5.385164807134504,6.0,0.0,0.0,0.0,0.0,0.0,0.0,0.0,0.0,0.0,0.0,0.0,1.0,1.0,2.23606797749979,2.8284271247461903,3.1622776601683795,5.0990195135927845,7.211102550927978,10.0,12.041594578792296,13.45362404707371,15.620499351813308,16.401219466856727,15.811388300841896,14.7648230602334,14.317821063276353,12.649110640673518,10.44030650891055,7.280109889280518,4.123105625617661,2.8284271247461903,4.123105625617661,8.602325267042627,13.45362404707371,19.1049731745428,24.08318915758459,26.248809496813376
1787404729.6051476,-70,0.0,24.08318915758459,24.20743687382041,25.495097567963924,24.758836806279895,21.2602916254693,19.4164878389476,18.35755975068582,17.0,15.264337522473747,13.038404810405298,10.816653826391969,10.63014581273465,12.041594578792296,12.041594578792296,10.816653826391969,8.94427190999916,8.06225774829855,8.48528137423857,10.63014581273465,9.899494936611665,8.602325267042627,8.48528137423857,7.211102550927978,5.830951894845301,7.0710678118654755,8.602325267042627,0.0,0.0,0.0,0.0,0.0,0.0,0.0,0.0,0.0,0.0,0.0,7.280109889280518,6.324555320336759,5.830951894845301,5.0,5.656854249492381,6.4031242374328485,6.4031242374328485,7.810249675906654,9.219544457292887,10.0,11.40175425099138,11.40175425099138,10.0,12.041594578792296,12.041594578792296,12.206555615733702,11.661903789690601,11.40175425099138,11.40175425099138,13.038404810405298,14.7648230602334,16.1245154965971,18.601075237738275,22.02271554554524,23.430749027719962,25.0
1787404729.7002223,-71,0.0,21.93171219946131,21.93171219946131,21.470910553583888,21.095023109728988,18.867962264113206,18.027756377319946,16.64331697709324,14.422205101855956,13.038404810405298,11.661903789690601,11.661903789690601,10.295630140987,10.770329614269007,10.770329614269007,10.770329614269007,9.848857801796104,9.486832980505138,9.219544457292887,9.219544457292887,10.198039027185569,13.92838827718412,15.231546211727817,13.601470508735444,11.40175425099138,9.486832980505138,7.615773105863909,0.0,0.0,0.0,0.0,0.0,0.0,0.0,0.0,0.0,0.0,0.0,8.602325267042627,7.0710678118654755,8.602325267042627,10.295630140987,8.94427190999916,8.94427190999916,10.295630140987,10.295630140987,10.0,11.40175425099138,11.40175425099138,10.816653826391969,10.816653826391969,10.295630140987,10.770329614269007,11.704699910719626,11.704699910719626,12.36931687685298,13.341664064126334,14.317821063276353,15.297058540778355,17.26267650163207,19.235384061671343,20.223748416156685,20.396078054371138,21.587033144922902
1787404730.5243084,-70,0.0,29.68164415931166,28.30194339616981,25.553864678361276,21.470910553583888,17.46424919657298,12.649110640673518,8.06225774829855,4.47213595499958,4.123105625617661,6.082762530298219,8.246211251235321,9.219544457292887,11.045361017187261,13.038404810405298,14.0,15.132745950421556,16.278820596099706,15.524174696260024,13.601470508735444,12.649110640673518,10.44030650891055,8.246211251235321,5.0990195135927845,2.0,1.0,1.4142135623730951,0.0,0.0,0.0,0.0,0.0,0.0,0.0,0.0,0.0,0.0,0.0,5.0990195135927845,3.1622776601683795,1.4142135623730951,2.23606797749979,4.0,5.385164807134504,7.615773105863909,9.433981132056603,11.40175425099138,13.45362404707371,15.556349186104045,14.866068747318506,13.038404810405298,12.649110640673518,12.36931687685298,11.40175425099138,10.198039027185569,8.0,5.0990195135927845,3.0,3.0,5.830951894845301,11.313708498984761,17.69180601295413,22.80350850198276,25.0
1787404730.5400825,-70,0.0,30.4138126514911,29.5296461204668,26.92582403567252,21.633307652783937,17.204650534085253,12.041594578792296,5.830951894845301,3.1622776601683795,5.0990195135927845,8.0,10.0,11.045361017187261,13.341664064126334,14.866068747318506,16.15549442140351,16.55294535724685,16.64331697709324,17.204650534085253,15.811388300841896,14.422205101855956,12.206555615733702,10.295630140987,7.615773105863909,5.0990195135927845,2.23606797749979,3.1622776601683795,0.0,0.0,0.0,0.0,0.0,0.0,0.0,0.0,0.0,0.0,0.0,5.0,3.605551275463989,1.0,1.4142135623730951,3.1622776601683795,6.082762530298219,8.246211251235321,10.198039027185569,13.152946437965905,15.033296378372908,17.029386365926403,16.0312195418814,15.297058540778355,14.560219778561036,13.92838827718412,13.416407864998739,11.661903789690601,9.219544457292887,7.211102550927978,4.123105625617661,3.605551275463989,6.082762530298219,11.40175425099138,17.08800749063506,22.47220505424423,25.079872407968907
1787404730.7696402,-85,0.0,12.649110640673518,11.704699910719626,11.40175425099138,10.198039027185569,9.055385138137417,8.06225774829855,8.0,8.06225774829855,8.06225774829855,8.06225774829855,9.055385138137417,10.04987562112089,11.045361017187261,11.045361017187261,12.041594578792296,12.041594578792296,12.0,11.0,10.04987562112089,9.055385138137417,8.0,6.0,4.123105625617661,2.8284271247461903,2.23606797749979,2.23606797749979,0.0,0.0,0.0,0.0,0.0,0.0,0.0,0.0,0.0,0.0,0.0,5.830951894845301,6.708203932499369,8.54400374531753,8.54400374531753,9.486832980505138,10.198039027185569,10.198039027185569,9.486832980505138,8.246211251235321,7.280109889280518,6.324555320336759,5.385164807134504,4.123105625617661,3.605551275463989,4.242640687119285,5.0,5.830951894845301,7.211102550927978,7.211102550927978,8.602325267042627,10.295630140987,11.661903789690601,12.529964086141668,12.529964086141668,13.416407864998739,13.416407864998739
1787404731.3364334,-69,0.0,29.154759474226502,27.51363298439521,25.96150997149434,22.561028345356956,18.24828759089466,13.0,7.280109889280518,3.605551275463989,4.242640687119285,7.211102550927978,10.295630140987,11.661903789690601,12.806248474865697,13.45362404707371,14.142135623730951,14.866068747318506,14.212670403551895,13.601470508735444,13.038404810405298,11.661903789690601,10.816653826391969,7.810249675906654,5.656854249492381,3.605551275463989,2.0,1.4142135623730951,0.0,0.0,0.0,0.0,0.0,0.0,0.0,0.0,0.0,0.0,0.0,4.242640687119285,2.23606797749979,1.4142135623730951,2.23606797749979,4.47213595499958,6.324555320336759,8.54400374531753,11.40175425099138,13.341664064126334,14.317821063276353,16.278820596099706,16.278820596099706,16.0312195418814,15.0,14.142135623730951,13.341664064126334,12.649110640673518,10.770329614269007,8.06225774829855,4.47213595499958,1.4142135623730951,3.605551275463989,9.433981132056603,16.1245154965971,20.591260281974,23.706539182259394
1787404731.4003341,-72,0.0,29.832867780352597,28.635642126552707,26.476404589747453,23.194827009486403,18.0,12.165525060596439,7.211102550927978,5.0990195135927845,5.830951894845301,8.602325267042627,10.295630140987,12.206555615733702,13.601470508735444,14.866068747318506,14.866068747318506,15.620499351813308,15.0,13.892443989449804,13.416407864998739,12.083045973594572,10.295630140987,8.06225774829855,5.830951894845301,2.8284271247461903,1.0,1.0,0.0,0.0,0.0,0.0,0.0,0.0,0.0,0.0,0.0,0.0,0.0,4.123105625617661,2.0,1.0,2.0,4.47213595499958,7.0710678118654755,9.219544457292887,12.206555615733702,14.422205101855956,15.811388300841896,16.64331697709324,16.1245154965971,16.55294535724685,15.811388300841896,15.524174696260024,14.142135623730951,12.041594578792296,10.0,7.0,4.123105625617661,0.0,4.47213595499958,10.770329614269007,16.15549442140351,21.18962010041709,24.351591323771842
1787404731.9712183,-70,0.0,30.463092423455635,29.546573405388315,28.178005607210743,23.323807579381203,18.601075237738275,13.45362404707371,8.06225774829855,4.123105625617661,5.385164807134504,8.06225774829855,11.0,12.0,12.041594578792296,13.152946437965905,13.341664064126334,12.649110640673518,12.083045973594572,11.661903789690601,11.40175425099138,9.899494936611665,9.219544457292887,7.0710678118654755,4.242640687119285,2.23606797749979,0.0,2.23606797749979,0.0,0.0,0.0,0.0,0.0,0.0,0.0,0.0,0.0,0.0,0.0,2.23606797749979,2.0,1.0,2.23606797749979,5.0990195135927845,7.0710678118654755,10.0,12.0,14.0,15.033296378372908,16.1245154965971,17.26267650163207,16.492422502470642,16.15549442140351,15.231546211727817,14.317821063276353,11.661903789690601,8.602325267042627,5.830951894845301,3.1622776601683795,2.23606797749979,6.082762530298219,11.40175425099138,17.72004514666935,22.135943621178654,25.298221281347036
1787404731.9712183,-69,0.0,36.069377593742864,34.713109915419565,29.832867780352597,22.80350850198276,18.027756377319946,13.892443989449804,7.280109889280518,5.656854249492381,8.06225774829855,10.198039027185569,13.92838827718412,16.15549442140351,17.08800749063506,17.08800749063506,16.76305461424021,16.278820596099706,15.033296378372908,14.035668847618199,13.152946437965905,12.36931687685298,12.36931687685298,10.198039027185569,7.0710678118654755,4.0,2.0,1.0,0.0,0.0,0.0,0.0,0.0,0.0,0.0,0.0,0.0,0.0,0.0,4.242640687119285,2.23606797749979,0.0,2.23606797749979,5.0990195135927845,8.06225774829855,11.0,13.038404810405298,16.0312195418814,17.029386365926403,18.027756377319946,19.0,18.110770276274835,17.46424919657298,17.72004514666935,16.76305461424021,14.317821063276353,10.295630140987,7.211102550927978,2.8284271247461903,2.23606797749979,6.708203932499369,12.529964086141668,18.601075237738275,25.0,28.600699292150182
1787404731.9712183,-69,0.0,36.05551275463989,34.66987164671943,31.906112267087632,25.80697580112788,19.849433241279208,13.601470508735444,9.055385138137417,7.211102550927978,7.615773105863909,9.055385138137417,12.041594578792296,15.132745950421556,16.1245154965971,17.11724276862369,17.029386365926403,17.029386365926403,16.1245154965971,14.317821063276353,13.601470508735444,11.704699910719626,10.770329614269007,8.94427190999916,6.708203932499369,3.1622776601683795,1.0,0.0,0.0,0.0,0.0,0.0,0.0,0.0,0.0,0.0,0.0,0.0,0.0,4.123105625617661,2.23606797749979,1.0,1.0,4.0,7.280109889280518,9.486832980505138,11.704699910719626,13.92838827718412,16.15549442140351,17.46424919657298,17.88854381999832,18.027756377319946,17.029386365926403,16.97056274847714,15.620499351813308,13.601470508735444,10.0,6.4031242374328485,2.23606797749979,5.656854249492381,11.661903789690601,14.866068747318506,21.18962010041709,27.51363298439521,31.38470965295043
1787404732.1617434,-70,0.0,30.528675044947494,29.68164415931166,27.459060435491963,23.600847442411894,19.209372712298546,13.45362404707371,8.06225774829855,3.1622776601683795,5.0990195135927845,8.0,10.04987562112089,12.0,13.038404810405298,14.142135623730951,14.317821063276353,14.560219778561036,15.231546211727817,14.7648230602334,13.892443989449804,12.206555615733702,10.816653826391969,8.06225774829855,5.0,2.8284271247461903,0.0,1.0,0.0,0.0,0.0,0.0,0.0,0.0,0.0,0.0,0.0,0.0,0.0,4.242640687119285,2.8284271247461903,0.0,2.23606797749979,4.123105625617661,6.0,9.055385138137417,11.180339887498949,13.038404810405298,15.033296378372908,16.0312195418814,15.0,15.132745950421556,14.317821063276353,13.601470508735444,11.704699910719626,9.848857801796104,6.708203932499369,4.47213595499958,1.4142135623730951,4.123105625617661,8.54400374531753,13.416407864998739,20.12461179749811,25.059928172283335,27.784887978899608
1787404732.177431,-69,0.0,31.064449134018133,30.01666203960727,27.294688127912362,23.259406699226016,18.384776310850235,13.341664064126334,8.06225774829855,5.656854249492381,7.0,8.54400374531753,11.180339887498949,12.083045973594572,13.601470508735444,14.560219778561036,15.297058540778355,15.033296378372908,15.033296378372908,14.142135623730951,13.341664064126334,12.649110640673518,10.44030650891055,8.54400374531753,5.385164807134504,3.1622776601683795,1.0,1.0,0.0,0.0,0.0,0.0,0.0,0.0,0.0,0.0,0.0,0.0,0.0,4.123105625617661,3.0,1.0,2.23606797749979,3.605551275463989,6.4031242374328485,8.602325267042627,10.0,11.661903789690601,13.892443989449804,14.7648230602334,14.317821063276353,14.866068747318506,14.317821063276353,13.038404810405298,12.0,10.04987562112089,7.0710678118654755,4.123105625617661,2.0,2.8284271247461903,6.4031242374328485,12.806248474865697,18.601075237738275,24.413111231467404,27.202941017470888
1787404732.2091594,-69,0.0,31.144823004794873,29.832867780352597,27.018512172212592,23.021728866442675,18.35755975068582,12.083045973594572,7.0710678118654755,3.605551275463989,7.0,11.40175425099138,12.649110640673518,12.36931687685298,13.038404810405298,12.041594578792296,13.038404810405298,13.038404810405298,12.649110640673518,13.0,13.0,11.661903789690601,8.602325267042627,6.708203932499369,4.123105625617661,2.0,1.4142135623730951,3.1622776601683795,0.0,0.0,0.0,0.0,0.0,0.0,0.0,0.0,0.0,0.0,0.0,4.123105625617661,2.23606797749979,2.0,2.8284271247461903,5.656854249492381,8.48528137423857,9.899494936611665,12.727922061357855,14.866068747318506,15.620499351813308,17.204650534085253,17.4928556845359,16.1245154965971,15.231546211727817,14.560219778561036,13.152946437965905,11.180339887498949,8.06225774829855,5.0990195135927845,2.8284271247461903,4.123105625617661,7.211102550927978,12.041594578792296,18.384776310850235,23.345235059857504,26.1725046566048
1787404732.225058,-69,0.0,27.730849247724095,26.832815729997478,25.059928172283335,21.470910553583888,15.811388300841896,11.313708498984761,7.280109889280518,5.385164807134504,6.708203932499369,10.44030650891055,12.165525060596439,12.649110640673518,12.083045973594572,13.416407864998739,13.416407864998739,12.529964086141668,12.806248474865697,12.806248474865697,11.180339887498949,10.295630140987,9.433981132056603,8.06225774829855,5.385164807134504,3.605551275463989,1.4142135623730951,1.0,0.0,0.0,0.0,0.0,0.0,0.0,0.0,0.0,0.0,0.0,0.0,5.385164807134504,3.1622776601683795,2.0,2.23606797749979,4.123105625617661,6.082762530298219,8.246211251235321,10.198039027185569,12.165525060596439,13.152946437965905,14.142135623730951,14.035668847618199,14.035668847618199,13.152946437965905,11.40175425099138,10.770329614269007,8.94427190999916,6.708203932499369,4.47213595499958,1.0,2.0,6.324555320336759,11.704699910719626,15.811388300841896,20.248456731316587,23.769728648009426
1787404732.2567472,-89,0.0,15.0,12.806248474865697,10.63014581273465,8.48528137423857,5.0,2.0,2.0,5.0990195135927845,7.0710678118654755,9.219544457292887,11.180339887498949,12.36931687685298,13.601470508735444,13.601470508735444,12.649110640673518,12.649110640673518,10.770329614269007,9.433981132056603,8.602325267042627,7.0710678118654755,5.830951894845301,5.385164807134504,5.0,6.082762530298219,7.280109889280518,8.246211251235321,0.0,0.0,0.0,0.0,0.0,0.0,0.0,0.0,0.0,0.0,0.0,6.4031242374328485,6.4031242374328485,6.708203932499369,8.54400374531753,8.246211251235321,9.219544457292887,10.04987562112089,11.045361017187261,11.045361017187261,10.198039027185569,10.44030650891055,8.54400374531753,6.708203932499369,5.0,3.1622776601683795,3.1622776601683795,5.0,7.280109889280518,9.219544457292887,11.40175425099138,13.341664064126334,14.560219778561036,15.811388300841896,16.15549442140351,17.46424919657298,17.88854381999832
1787404732.6701636,-88,0.0,14.7648230602334,15.264337522473747,15.811388300841896,15.620499351813308,17.029386365926403,17.029386365926403,17.029386365926403,17.029386365926403,15.620499351813308,14.866068747318506,13.45362404707371,11.313708498984761,9.899494936611665,8.602325267042627,7.280109889280518,7.0710678118654755,7.0710678118654755,8.246211251235321,8.54400374531753,8.54400374531753,9.486832980505138,9.486832980505138,9.486832980505138,9.486832980505138,9.486832980505138,9.486832980505138,0.0,0.0,0.0,0.0,0.0,0.0,0.0,0.0,0.0,0.0,0.0,7.0,6.0,5.0,4.0,4.123105625617661,2.23606797749979,2.0,3.1622776601683795,3.1622776601683795,3.1622776601683795,5.0990195135927845,6.082762530298219,6.082762530298219,6.324555320336759,6.082762530298219,6.0,5.0,3.1622776601683795,2.8284271247461903,4.0,5.385164807134504,6.4031242374328485,7.810249675906654,9.219544457292887,11.313708498984761,11.313708498984761
1787404733.3362548,-85,0.0,14.7648230602334,14.7648230602334,14.317821063276353,14.317821063276353,13.892443989449804,14.422205101855956,13.601470508735444,13.45362404707371,14.212670403551895,13.601470508735444,13.038404810405298,13.892443989449804,13.892443989449804,12.206555615733702,10.63014581273465,9.899494936611665,9.219544457292887,8.06225774829855,7.0710678118654755,7.280109889280518,8.06225774829855,7.0710678118654755,7.280109889280518,7.280109889280518,7.280109889280518,8.246211251235321,0.0,0.0,0.0,0.0,0.0,0.0,0.0,0.0,0.0,0.0,0.0,4.123105625617661,4.123105625617661,4.47213595499958,2.8284271247461903,3.605551275463989,4.123105625617661,5.0,5.0,6.082762530298219,7.280109889280518,9.0,8.0,7.280109889280518,7.280109889280518,8.06225774829855,7.810249675906654,9.219544457292887,9.219544457292887,9.433981132056603,9.433981132056603,10.0,11.40175425099138,11.40175425099138,11.40175425099138,12.727922061357855,12.041594578792296
1787404733.3716645,-72,0.0,29.017236257093817,28.0,26.019223662515376,22.02271554554524,18.110770276274835,13.341664064126334,7.615773105863909,3.1622776601683795,4.242640687119285,7.615773105863909,9.848857801796104,12.083045973594572,13.416407864998739,15.264337522473747,15.811388300841896,16.401219466856727,15.620499351813308,15.556349186104045,14.866068747318506,12.806248474865697,11.40175425099138,9.219544457292887,6.4031242374328485,3.605551275463989,1.0,1.4142135623730951,0.0,0.0,0.0,0.0,0.0,0.0,0.0,0.0,0.0,0.0,0.0,5.385164807134504,3.605551275463989,2.23606797749979,2.23606797749979,2.0,3.605551275463989,6.4031242374328485,9.219544457292887,10.63014581273465,12.806248474865697,13.45362404707371,13.45362404707371,12.806248474865697,13.038404810405298,13.416407864998739,11.704699910719626,10.44030650891055,8.246211251235321,6.082762530298219,3.1622776601683795,1.4142135623730951,6.324555320336759,11.40175425099138,16.278820596099706,21.213203435596427,24.186773244895647
1787404733.3716645,-88,0.0,9.486832980505138,9.486832980505138,8.54400374531753,9.848857801796104,9.486832980505138,9.848857801796104,9.433981132056603,9.433981132056603,10.63014581273465,11.313708498984761,11.313708498984761,10.63014581273465,10.0,10.0,9.433981132056603,8.246211251235321,9.055385138137417,9.055385138137417,9.219544457292887,9.848857801796104,10.816653826391969,10.816653826391969,11.40175425099138,12.806248474865697,12.806248474865697,13.45362404707371,0.0,0.0,0.0,0.0,0.0,0.0,0.0,0.0,0.0,0.0,0.0,8.06225774829855,7.810249675906654,7.0710678118654755,6.708203932499369,6.082762530298219,6.082762530298219,6.324555320336759,7.211102550927978,7.0710678118654755,8.06225774829855,8.06225774829855,6.4031242374328485,5.656854249492381,5.830951894845301,6.324555320336759,7.0710678118654755,7.0,8.0,8.246211251235321,9.219544457292887,10.04987562112089,10.04987562112089,10.198039027185569,10.198039027185569,10.198039027185569,11.40175425099138
1787404733.5898213,-69,0.0,28.792360097775937,28.792360097775937,25.298221281347036,20.248456731316587,16.492422502470642,12.165525060596439,7.0,3.605551275463989,4.47213595499958,6.4031242374328485,9.219544457292887,11.40175425099138,12.206555615733702,13.416407864998739,14.317821063276353,14.866068747318506,14.560219778561036,14.317821063276353,13.152946437965905,12.041594578792296,9.219544457292887,7.280109889280518,3.1622776601683795,1.0,1.4142135623730951,2.8284271247461903,0.0,0.0,0.0,0.0,0.0,0.0,0.0,0.0,0.0,0.0,0.0,3.0,1.0,1.0,2.0,4.47213595499958,6.4031242374328485,8.602325267042627,10.63014581273465,12.041594578792296,14.142135623730951,14.212670403551895,15.0,14.422205101855956,13.0,12.649110640673518,11.704699910719626,10.44030650891055,7.280109889280518,4.47213595499958,3.1622776601683795,5.0,8.602325267042627,12.529964086141668,18.35755975068582,22.360679774997898,25.079872407968907
1787404733.672482,-70,0.0,33.421549934136806,32.202484376209235,28.844410203711913,23.853720883753127,17.88854381999832,12.649110640673518,8.06225774829855,6.4031242374328485,8.0,11.180339887498949,13.341664064126334,15.297058540778355,17.11724276862369,18.027756377319946,19.0,20.09975124224178,19.235384061671343,18.439088914585774,16.76305461424021,14.560219778561036,12.36931687685298,9.219544457292887,6.0,3.1622776601683795,2.0,2.8284271247461903,0.0,0.0,0.0,0.0,0.0,0.0,0.0,0.0,0.0,0.0,0.0,4.123105625617661,2.23606797749979,0.0,2.23606797749979,4.242640687119285,6.4031242374328485,9.433981132056603,11.661903789690601,13.892443989449804,15.652475842498529,16.15549442140351,16.76305461424021,16.278820596099706,16.0312195418814,16.0,16.0312195418814,13.152946437965905,10.04987562112089,7.0,3.1622776601683795,3.605551275463989,8.48528137423857,14.866068747318506,21.93171219946131,26.90724809414742,30.479501308256342
1787404733.7480843,-89,0.0,11.40175425099138,12.206555615733702,10.816653826391969,11.40175425099138,11.313708498984761,11.313708498984761,10.63014581273465,10.816653826391969,12.083045973594572,12.36931687685298,13.152946437965905,13.152946437965905,11.180339887498949,10.198039027185569,9.219544457292887,8.54400374531753,7.211102550927978,5.656854249492381,6.708203932499369,7.0710678118654755,7.0,8.0,8.06225774829855,9.055385138137417,9.219544457292887,9.055385138137417,0.0,0.0,0.0,0.0,0.0,0.0,0.0,0.0,0.0,0.0,0.0,12.36931687685298,10.44030650891055,9.848857801796104,8.06225774829855,7.0710678118654755,6.708203932499369,6.0,7.0710678118654755,8.246211251235321,8.54400374531753,8.54400374531753,8.54400374531753,9.219544457292887,9.055385138137417,9.0,10.198039027185569,10.44030650891055,10.44030650891055,11.704699910719626,12.36931687685298,13.152946437965905,13.152946437965905,14.035668847618199,14.0,15.033296378372908,15.132745950421556
1787404733.7956996,-71,0.0,24.351591323771842,23.40939982143925,21.93171219946131,21.02379604162864,20.12461179749811,19.235384061671343,17.88854381999832,15.652475842498529,14.317821063276353,13.0,12.649110640673518,12.649110640673518,12.649110640673518,12.36931687685298,12.165525060596439,11.045361017187261,11.045361017187261,11.0,11.0,11.0,12.0,11.045361017187261,11.180339887498949,10.198039027185569,10.04987562112089,9.055385138137417,0.0,0.0,0.0,0.0,0.0,0.0,0.0,0.0,0.0,0.0,0.0,6.708203932499369,6.4031242374328485,5.656854249492381,6.4031242374328485,7.0710678118654755,7.211102550927978,8.06225774829855,8.602325267042627,8.602325267042627,9.433981132056603,9.433981132056603,10.295630140987,9.848857801796104,10.44030650891055,11.704699910719626,11.704699910719626,12.649110640673518,12.649110640673518,14.317821063276353,15.297058540778355,16.1245154965971,17.029386365926403,19.1049731745428,20.223748416156685,22.360679774997898,22.80350850198276
1787404734.4149563,-71,0.0,22.561028345356956,22.561028345356956,22.80350850198276,21.840329667841555,21.18962010041709,20.248456731316587,18.384776310850235,17.08800749063506,15.231546211727817,14.317821063276353,13.416407864998739,12.083045973594572,10.770329614269007,10.44030650891055,9.486832980505138,8.246211251235321,8.06225774829855,8.0,8.06225774829855,8.06225774829855,8.06225774829855,8.06225774829855,8.06225774829855,8.0,7.0,6.082762530298219,0.0,0.0,0.0,0.0,0.0,0.0,0.0,0.0,0.0,0.0,0.0,6.324555320336759,5.385164807134504,5.830951894845301,6.4031242374328485,6.4031242374328485,7.211102550927978,8.06225774829855,8.06225774829855,8.06225774829855,8.06225774829855,8.94427190999916,8.94427190999916,8.94427190999916,9.486832980505138,9.486832980505138,10.44030650891055,12.36931687685298,13.341664064126334,13.152946437965905,13.038404810405298,14.035668847618199,15.033296378372908,17.11724276862369,18.110770276274835,20.09975124224178,21.213203435596427
1787404734.716623,-71,0.0,21.0,21.0,21.02379604162864,20.09975124224178,19.235384061671343,18.24828759089466,17.26267650163207,16.492422502470642,14.560219778561036,13.341664064126334,11.180339887498949,10.04987562112089,10.04987562112089,10.0,9.0,8.0,7.0,7.0710678118654755,7.280109889280518,7.615773105863909,8.54400374531753,8.54400374531753,8.246211251235321,8.246211251235321,7.280109889280518,7.280109889280518,0.0,0.0,0.0,0.0,0.0,0.0,0.0,0.0,0.0,0.0,0.0,8.246211251235321,7.280109889280518,8.246211251235321,8.246211251235321,9.219544457292887,9.055385138137417,9.055385138137417,9.055385138137417,9.219544457292887,10.44030650891055,10.44030650891055,10.198039027185569,10.198039027185569,10.04987562112089,11.0,12.041594578792296,12.041594578792296,12.041594578792296,13.038404810405298,13.038404810405298,14.142135623730951,16.1245154965971,17.11724276862369,18.110770276274835,19.235384061671343,19.235384061671343
1787404734.9738183,-72,0.0,30.14962686336267,29.154759474226502,26.1725046566048,23.194827009486403,18.439088914585774,12.649110640673518,8.06225774829855,4.47213595499958,5.0,7.211102550927978,9.848857801796104,11.180339887498949,12.529964086141668,14.422205101855956,15.0,14.142135623730951,12.806248474865697,13.038404810405298,13.0,12.649110640673518,9.486832980505138,6.324555320336759,4.47213595499958,2.23606797749979,0.0,2.23606797749979,0.0,0.0,0.0,0.0,0.0,0.0,0.0,0.0,0.0,0.0,0.0,4.242640687119285,2.23606797749979,0.0,1.0,4.123105625617661,7.0710678118654755,9.0,12.0,14.035668847618199,15.033296378372908,15.132745950421556,15.524174696260024,14.866068747318506,15.231546211727817,13.892443989449804,13.601470508735444,11.40175425099138,9.433981132056603,6.708203932499369,5.0990195135927845,4.242640687119285,8.246211251235321,14.035668847618199,19.0,23.021728866442675,26.019223662515376
1787404735.029046,-70,0.0,23.259406699226016,22.847319317591726,22.47220505424423,22.135943621178654,20.8806130178211,20.396078054371138,19.235384061671343,17.11724276862369,15.033296378372908,14.142135623730951,12.36931687685298,11.40175425099138,11.40175425099138,10.44030650891055,10.44030650891055,9.486832980505138,9.486832980505138,9.486832980505138,8.54400374531753,8.94427190999916,8.94427190999916,7.615773105863909,7.615773105863909,6.708203932499369,5.385164807134504,6.708203932499369,0.0,0.0,0.0,0.0,0.0,0.0,0.0,0.0,0.0,0.0,0.0,6.708203932499369,7.280109889280518,7.280109889280518,7.0710678118654755,8.0,9.0,9.055385138137417,9.055385138137417,9.055385138137417,9.055385138137417,9.219544457292887,9.219544457292887,9.486832980505138,8.54400374531753,9.848857801796104,11.704699910719626,11.180339887498949,12.083045973594572,12.529964086141668,13.892443989449804,14.422205101855956,15.811388300841896,17.204650534085253,20.0,20.808652046684813,22.47220505424423
1787404735.129233,-71,0.0,20.615528128088304,20.12461179749811,19.235384061671343,18.867962264113206,18.027756377319946,17.804493814764857,15.620499351813308,14.866068747318506,13.45362404707371,11.40175425099138,10.0,9.219544457292887,8.602325267042627,8.602325267042627,8.94427190999916,8.06225774829855,7.615773105863909,7.615773105863909,6.324555320336759,7.280109889280518,7.280109889280518,7.280109889280518,7.280109889280518,6.708203932499369,6.324555320336759,6.324555320336759,0.0,0.0,0.0,0.0,0.0,0.0,0.0,0.0,0.0,0.0,0.0,9.219544457292887,7.810249675906654,8.602325267042627,7.810249675906654,8.602325267042627,7.810249675906654,8.48528137423857,9.899494936611665,9.899494936611665,9.219544457292887,9.219544457292887,6.708203932499369,6.708203932499369,7.810249675906654,10.0,11.313708498984761,12.206555615733702,13.038404810405298,11.661903789690601,10.770329614269007,11.40175425099138,12.649110640673518,14.560219778561036,15.524174696260024,17.72004514666935,18.973665961010276
1787404735.145323,-69,0.0,29.274562336608895,28.284271247461902,25.317977802344327,21.37755832643195,16.492422502470642,11.704699910719626,7.0710678118654755,4.0,5.656854249492381,7.615773105863909,9.848857801796104,11.180339887498949,13.038404810405298,14.212670403551895,14.866068747318506,14.866068747318506,15.0,13.892443989449804,13.416407864998739,11.704699910719626,10.44030650891055,8.54400374531753,5.385164807134504,3.605551275463989,2.23606797749979,2.0,0.0,0.0,0.0,0.0,0.0,0.0,0.0,0.0,0.0,0.0,0.0,4.47213595499958,3.1622776601683795,1.4142135623730951,1.0,3.1622776601683795,5.0990195135927845,8.246211251235321,10.44030650891055,12.36931687685298,13.601470508735444,14.560219778561036,14.866068747318506,14.317821063276353,13.892443989449804,13.601470508735444,12.727922061357855,11.313708498984761,7.810249675906654,5.0,2.23606797749979,2.23606797749979,6.082762530298219,11.045361017187261,17.029386365926403,22.0,25.019992006393608
1787404735.796911,-70,0.0,29.966648127543394,29.068883707497267,27.294688127912362,24.186773244895647,19.4164878389476,14.866068747318506,10.816653826391969,8.06225774829855,8.246211251235321,9.433981132056603,10.63014581273465,12.041594578792296,14.212670403551895,15.0,15.264337522473747,14.317821063276353,14.560219778561036,13.341664064126334,12.041594578792296,10.0,8.06225774829855,6.082762530298219,4.123105625617661,1.4142135623730951,1.0,2.0,0.0,0.0,0.0,0.0,0.0,0.0,0.0,0.0,0.0,0.0,0.0,5.0990195135927845,3.0,2.23606797749979,0.0,3.0,5.385164807134504,8.06225774829855,10.0,12.806248474865697,14.212670403551895,15.556349186104045,15.620499351813308,15.264337522473747,15.231546211727817,14.560219778561036,14.317821063276353,12.165525060596439,10.198039027185569,7.280109889280518,5.656854249492381,6.324555320336759,9.055385138137417,13.601470508735444,18.788294228055936,23.259406699226016,26.40075756488817
1787404735.8125813,-69,0.0,29.68164415931166,28.844410203711913,27.459060435491963,24.413111231467404,19.209372712298546,14.142135623730951,10.295630140987,8.06225774829855,6.708203932499369,9.219544457292887,12.806248474865697,12.727922061357855,13.45362404707371,13.45362404707371,14.422205101855956,13.892443989449804,13.416407864998739,12.649110640673518,11.180339887498949,10.04987562112089,8.0,6.082762530298219,4.123105625617661,1.4142135623730951,1.0,1.0,0.0,0.0,0.0,0.0,0.0,0.0,0.0,0.0,0.0,0.0,0.0,4.123105625617661,3.0,1.4142135623730951,0.0,2.8284271247461903,5.830951894845301,8.94427190999916,9.433981132056603,10.63014581273465,12.727922061357855,15.620499351813308,15.811388300841896,15.652475842498529,15.811388300841896,14.560219778561036,14.317821063276353,12.165525060596439,10.198039027185569,7.280109889280518,5.656854249492381,6.082762530298219,9.219544457292887,13.416407864998739,18.35755975068582,23.323807579381203,25.238858928247925
1787404735.8287919,-69,0.0,31.064449134018133,30.01666203960727,27.0,23.021728866442675,19.235384061671343,15.524174696260024,11.180339887498949,8.06225774829855,10.04987562112089,10.44030650891055,11.704699910719626,12.649110640673518,14.560219778561036,15.297058540778355,15.132745950421556,15.0,15.033296378372908,13.152946437965905,11.704699910719626,10.295630140987,8.06225774829855,7.211102550927978,5.0,2.8284271247461903,0.0,1.4142135623730951,0.0,0.0,0.0,0.0,0.0,0.0,0.0,0.0,0.0,0.0,0.0,4.242640687119285,3.605551275463989,2.0,0.0,1.0,4.123105625617661,7.280109889280518,10.198039027185569,12.165525060596439,14.035668847618199,15.0,15.033296378372908,16.278820596099706,15.811388300841896,14.7648230602334,13.892443989449804,12.206555615733702,10.0,8.06225774829855,5.0990195135927845,4.242640687119285,9.486832980505138,14.317821063276353,19.1049731745428,24.08318915758459,26.1725046566048
1787404735.9291453,-87,0.0,8.94427190999916,8.94427190999916,8.06225774829855,7.211102550927978,7.810249675906654,7.0710678118654755,7.0710678118654755,8.06225774829855,8.54400374531753,9.055385138137417,10.04987562112089,11.0,12.0,11.0,12.041594578792296,12.041594578792296,12.165525060596439,12.165525060596439,11.045361017187261,11.045361017187261,11.045361017187261,9.0,9.0,8.0,8.0,6.082762530298219,0.0,0.0,0.0,0.0,0.0,0.0,0.0,0.0,0.0,0.0,0.0,10.295630140987,10.295630140987,10.816653826391969,10.816653826391969,10.63014581273465,9.899494936611665,9.899494936611665,8.48528137423857,7.810249675906654,6.4031242374328485,5.656854249492381,5.0,3.605551275463989,3.1622776601683795,4.123105625617661,5.0,6.082762530298219,7.280109889280518,8.246211251235321,8.54400374531753,9.486832980505138,10.770329614269007,11.180339887498949,11.661903789690601,11.661903789690601,12.206555615733702
1787404735.9291453,-85,0.0,12.165525060596439,12.165525060596439,11.180339887498949,10.04987562112089,9.055385138137417,9.0,9.055385138137417,9.219544457292887,9.848857801796104,10.295630140987,10.63014581273465,12.727922061357855,12.806248474865697,13.038404810405298,12.529964086141668,12.529964086141668,12.529964086141668,11.40175425099138,10.0,9.219544457292887,6.708203932499369,7.0710678118654755,8.94427190999916,10.816653826391969,12.727922061357855,13.601470508735444,0.0,0.0,0.0,0.0,0.0,0.0,0.0,0.0,0.0,0.0,0.0,11.180339887498949,12.083045973594572,12.083045973594572,12.083045973594572,10.770329614269007,10.770329614269007,10.295630140987,9.433981132056603,8.94427190999916,6.708203932499369,5.385164807134504,5.0990195135927845,5.0990195135927845,5.385164807134504,6.708203932499369,7.810249675906654,9.219544457292887,10.63014581273465,12.041594578792296,12.041594578792296,12.806248474865697,12.806248474865697,13.601470508735444,13.038404810405298,13.892443989449804,13.416407864998739
1787404736.7808175,-69,0.0,27.0,27.0,26.019223662515376,22.02271554554524,18.110770276274835,14.317821063276353,9.848857801796104,7.0710678118654755,6.082762530298219,8.246211251235321,9.848857801796104,10.770329614269007,12.083045973594572,13.92838827718412,13.601470508735444,14.317821063276353,14.142135623730951,13.038404810405298,12.0,10.0,8.06225774829855,6.082762530298219,4.123105625617661,2.23606797749979,1.0,1.0,0.0,0.0,0.0,0.0,0.0,0.0,0.0,0.0,0.0,0.0,0.0,3.605551275463989,2.23606797749979,2.23606797749979,1.4142135623730951,2.0,3.1622776601683795,5.0990195135927845,7.0,10.04987562112089,11.180339887498949,12.36931687685298,13.341664064126334,13.0,13.892443989449804,12.806248474865697,12.806248474865697,11.313708498984761,9.219544457292887,7.0710678118654755,4.47213595499958,3.605551275463989,6.324555320336759,11.045361017187261,17.0,21.0,23.0
1787404737.181745,-87,0.0,14.317821063276353,12.529964086141668,11.661903789690601,10.816653826391969,10.0,10.63014581273465,11.40175425099138,12.806248474865697,14.422205101855956,15.264337522473747,16.55294535724685,17.08800749063506,18.027756377319946,17.72004514666935,15.297058540778355,15.297058540778355,13.341664064126334,11.180339887498949,9.486832980505138,8.06225774829855,7.0710678118654755,6.324555320336759,7.0710678118654755,8.0,9.0,10.04987562112089,0.0,0.0,0.0,0.0,0.0,0.0,0.0,0.0,0.0,0.0,0.0,15.556349186104045,15.556349186104045,15.620499351813308,15.620499351813308,15.0,13.601470508735444,13.038404810405298,11.661903789690601,9.848857801796104,9.486832980505138,7.280109889280518,7.280109889280518,6.082762530298219,5.0990195135927845,6.324555320336759,8.06225774829855,8.94427190999916,11.40175425099138,12.041594578792296,14.866068747318506,15.620499351813308,15.620499351813308,17.029386365926403,17.029386365926403,16.278820596099706,16.97056274847714
1787404737.1975195,-87,0.0,9.055385138137417,8.06225774829855,6.082762530298219,6.324555320336759,6.082762530298219,6.082762530298219,6.082762530298219,7.0,7.0710678118654755,7.615773105863909,8.94427190999916,10.816653826391969,11.40175425099138,11.313708498984761,12.041594578792296,11.40175425099138,10.816653826391969,10.816653826391969,8.602325267042627,7.810249675906654,5.656854249492381,5.656854249492381,5.0,5.385164807134504,5.0990195135927845,6.082762530298219,0.0,0.0,0.0,0.0,0.0,0.0,0.0,0.0,0.0,0.0,0.0,12.083045973594572,12.206555615733702,12.806248474865697,13.45362404707371,12.806248474865697,13.601470508735444,13.892443989449804,13.0,11.40175425099138,10.44030650891055,9.486832980505138,8.246211251235321,7.280109889280518,6.708203932499369,6.4031242374328485,6.4031242374328485,6.708203932499369,8.246211251235321,8.54400374531753,10.44030650891055,11.40175425099138,11.180339887498949,12.165525060596439,12.165525060596439,12.36931687685298,12.36931687685298
1787404737.1975195,-87,0.0,8.94427190999916,8.54400374531753,7.615773105863909,6.708203932499369,6.708203932499369,7.280109889280518,8.246211251235321,9.219544457292887,9.055385138137417,11.045361017187261,12.0,13.038404810405298,15.132745950421556,15.132745950421556,13.152946437965905,13.152946437965905,12.36931687685298,11.40175425099138,9.486832980505138,8.246211251235321,6.0,5.0990195135927845,4.47213595499958,5.0,5.656854249492381,6.4031242374328485,0.0,0.0,0.0,0.0,0.0,0.0,0.0,0.0,0.0,0.0,0.0,13.341664064126334,14.317821063276353,15.297058540778355,15.297058540778355,15.524174696260024,14.560219778561036,13.601470508735444,12.36931687685298,11.704699910719626,9.848857801796104,8.06225774829855,6.324555320336759,7.0710678118654755,7.0,7.0710678118654755,8.54400374531753,9.848857801796104,11.180339887498949,13.038404810405298,14.422205101855956,14.422205101855956,15.620499351813308,16.278820596099706,17.69180601295413,19.1049731745428,19.1049731745428
1787404737.1975195,-87,0.0,5.830951894845301,5.830951894845301,4.47213595499958,4.47213595499958,4.123105625617661,4.123105625617661,4.47213595499958,5.0,6.4031242374328485,6.4031242374328485,6.708203932499369,8.54400374531753,9.219544457292887,10.04987562112089,10.04987562112089,10.0,9.0,8.06225774829855,7.0,6.0,5.0,5.0990195135927845,4.47213595499958,4.242640687119285,5.385164807134504,6.324555320336759,0.0,0.0,0.0,0.0,0.0,0.0,0.0,0.0,0.0,0.0,0.0,9.899494936611665,10.63014581273465,11.40175425099138,11.40175425099138,10.816653826391969,10.295630140987,10.295630140987,9.848857801796104,8.54400374531753,8.246211251235321,7.280109889280518,6.324555320336759,5.830951894845301,6.4031242374328485,7.810249675906654,7.810249675906654,8.06225774829855,8.54400374531753,9.219544457292887,10.198039027185569,11.0,10.04987562112089,10.198039027185569,10.770329614269007,11.180339887498949,10.816653826391969
1787404737.3876355,-70,0.0,22.360679774997898,21.095023109728988,21.02379604162864,20.024984394500787,19.026297590440446,19.0,17.0,15.033296378372908,14.035668847618199,13.0,12.0,11.0,10.04987562112089,9.219544457292887,9.219544457292887,8.246211251235321,8.246211251235321,8.54400374531753,8.54400374531753,8.54400374531753,8.54400374531753,8.54400374531753,7.280109889280518,7.280109889280518,6.324555320336759,6.324555320336759,0.0,0.0,0.0,0.0,0.0,0.0,0.0,0.0,0.0,0.0,0.0,8.06225774829855,6.708203932499369,6.324555320336759,7.280109889280518,7.0710678118654755,7.0,8.06225774829855,9.055385138137417,9.0,10.0,11.0,11.0,11.0,11.045361017187261,12.041594578792296,12.165525060596439,12.165525060596439,12.36931687685298,13.341664064126334,13.601470508735444,14.866068747318506,16.76305461424021,17.72004514666935,19.6468827043885,20.615528128088304,20.8806130178211
1787404737.9908652,-70,0.0,31.064449134018133,29.154759474226502,26.419689627245813,22.360679774997898,16.55294535724685,12.36931687685298,8.06225774829855,6.4031242374328485,7.280109889280518,9.055385138137417,11.045361017187261,12.165525060596439,12.649110640673518,13.92838827718412,14.317821063276353,14.422205101855956,14.212670403551895,13.45362404707371,12.206555615733702,10.295630140987,8.94427190999916,6.324555320336759,4.123105625617661,2.0,1.0,1.4142135623730951,0.0,0.0,0.0,0.0,0.0,0.0,0.0,0.0,0.0,0.0,0.0,5.0,3.605551275463989,2.23606797749979,0.0,2.0,5.0990195135927845,7.280109889280518,10.44030650891055,13.601470508735444,16.15549442140351,17.46424919657298,17.88854381999832,17.4928556845359,16.401219466856727,14.866068747318506,14.142135623730951,12.041594578792296,9.219544457292887,6.708203932499369,6.0,7.211102550927978,10.63014581273465,15.0,20.808652046684813,25.238858928247925,27.459060435491963
1787404738.1656268,-69,0.0,35.84689665786984,34.48187929913333,31.76476034853718,26.832815729997478,20.615528128088304,14.560219778561036,9.0,5.0,6.0,9.486832980505138,11.704699910719626,13.92838827718412,15.524174696260024,16.278820596099706,17.11724276862369,17.0,17.11724276862369,15.297058540778355,13.601470508735444,11.704699910719626,9.848857801796104,7.615773105863909,5.385164807134504,2.23606797749979,1.0,2.23606797749979,0.0,0.0,0.0,0.0,0.0,0.0,0.0,0.0,0.0,0.0,0.0,5.830951894845301,2.23606797749979,0.0,1.4142135623730951,3.605551275463989,5.830951894845301,8.602325267042627,12.727922061357855,15.556349186104045,17.69180601295413,20.518284528683193,20.518284528683193,19.209372712298546,17.4928556845359,17.0,16.15549442140351,14.560219778561036,11.40175425099138,8.246211251235321,5.0,4.0,8.06225774829855,13.45362404707371,20.0,26.076809620810597,29.68164415931166
1787404738.1656268,-69,0.0,32.01562118716424,31.016124838541646,28.071337695236398,24.186773244895647,19.235384061671343,13.92838827718412,9.433981132056603,5.830951894845301,5.385164807134504,7.810249675906654,9.899494936611665,12.041594578792296,13.45362404707371,15.0,15.0,15.264337522473747,15.231546211727817,14.866068747318506,13.341664064126334,11.180339887498949,10.04987562112089,8.06225774829855,5.0,2.23606797749979,1.0,1.4142135623730951,0.0,0.0,0.0,0.0,0.0,0.0,0.0,0.0,0.0,0.0,0.0,5.0990195135927845,4.0,3.1622776601683795,1.4142135623730951,1.4142135623730951,3.0,6.324555320336759,9.219544457292887,13.341664064126334,15.297058540778355,16.278820596099706,15.524174696260024,14.317821063276353,14.422205101855956,13.45362404707371,12.727922061357855,11.313708498984761,8.48528137423857,5.656854249492381,3.1622776601683795,2.8284271247461903,7.280109889280518,12.165525060596439,18.027756377319946,23.0,26.0
1787404738.1814866,-69,0.0,34.828149534535996,34.058772731852805,31.144823004794873,26.90724809414742,20.518284528683193,15.0,8.94427190999916,5.0990195135927845,5.385164807134504,8.06225774829855,11.0,13.0,15.033296378372908,16.278820596099706,16.492422502470642,16.76305461424021,16.15549442140351,15.652475842498529,14.422205101855956,12.806248474865697,10.63014581273465,7.810249675906654,5.0,1.4142135623730951,1.0,2.23606797749979,0.0,0.0,0.0,0.0,0.0,0.0,0.0,0.0,0.0,0.0,0.0,4.47213595499958,2.8284271247461903,1.4142135623730951,1.0,2.8284271247461903,5.830951894845301,8.94427190999916,12.083045973594572,14.317821063276353,17.46424919657298,19.313207915827967,18.973665961010276,18.681541692269406,17.11724276862369,17.029386365926403,16.0312195418814,14.035668847618199,11.045361017187261,8.0,5.0990195135927845,4.47213595499958,7.280109889280518,13.416407864998739,19.72308292331602,26.076809620810597,30.23243291566195
1787404738.1814866,-69,0.0,30.4138126514911,29.0,26.870057685088806,22.02271554554524,17.804493814764857,13.45362404707371,6.708203932499369,4.0,1.0,5.0,8.94427190999916,11.704699910719626,14.560219778561036,15.297058540778355,15.132745950421556,15.033296378372908,16.0,15.033296378372908,14.035668847618199,12.165525060596439,9.219544457292887,6.082762530298219,4.123105625617661,2.23606797749979,2.0,1.4142135623730951,0.0,0.0,0.0,0.0,0.0,0.0,0.0,0.0,0.0,0.0,0.0,5.385164807134504,4.123105625617661,3.0,1.0,1.4142135623730951,4.123105625617661,6.082762530298219,9.055385138137417,12.041594578792296,14.035668847618199,15.033296378372908,15.033296378372908,14.0,14.142135623730951,13.152946437965905,12.165525060596439,11.180339887498949,9.219544457292887,6.082762530298219,3.1622776601683795,4.0,6.324555320336759,12.083045973594572,17.4928556845359,22.20360331117452,24.20743687382041
1787404738.1814866,-68,0.0,27.16615541441225,27.16615541441225,23.345235059857504,18.439088914585774,13.601470508735444,10.295630140987,5.830951894845301,7.0710678118654755,6.708203932499369,6.4031242374328485,7.810249675906654,10.295630140987,11.180339887498949,10.816653826391969,12.727922061357855,13.601470508735444,13.038404810405298,11.180339887498949,11.704699910719626,10.198039027185569,9.219544457292887,7.280109889280518,5.385164807134504,3.1622776601683795,1.0,1.0,0.0,0.0,0.0,0.0,0.0,0.0,0.0,0.0,0.0,0.0,0.0,5.0,3.605551275463989,2.23606797749979,1.0,2.0,4.0,7.0710678118654755,10.04987562112089,12.041594578792296,14.142135623730951,16.1245154965971,16.278820596099706,15.524174696260024,13.92838827718412,13.892443989449804,13.038404810405298,11.40175425099138,9.219544457292887,7.211102550927978,4.47213595499958,2.8284271247461903,7.0710678118654755,12.0,17.029386365926403,22.090722034374522,24.08318915758459
1787404738.1992414,-69,0.0,29.832867780352597,29.832867780352597,27.65863337187866,23.345235059857504,19.1049731745428,13.601470508735444,8.54400374531753,5.0990195135927845,4.47213595499958,7.0710678118654755,9.055385138137417,11.045361017187261,13.152946437965905,14.142135623730951,14.317821063276353,14.560219778561036,14.317821063276353,13.892443989449804,12.206555615733702,10.63014581273465,9.219544457292887,7.810249675906654,5.0,3.1622776601683795,1.4142135623730951,2.23606797749979,0.0,0.0,0.0,0.0,0.0,0.0,0.0,0.0,0.0,0.0,0.0,3.605551275463989,2.8284271247461903,2.0,2.0,3.605551275463989,5.0,6.324555320336759,8.54400374531753,10.770329614269007,12.649110640673518,14.560219778561036,14.317821063276353,14.142135623730951,14.0,14.035668847618199,13.152946437965905,12.165525060596439,9.055385138137417,6.0,3.605551275463989,5.0990195135927845,7.615773105863909,13.038404810405298,19.4164878389476,23.021728866442675,25.80697580112788
1787404738.1992414,-69,0.0,30.23243291566195,29.154759474226502,26.419689627245813,22.360679774997898,17.46424919657298,12.36931687685298,7.0710678118654755,5.0,6.324555320336759,8.0,10.04987562112089,12.165525060596439,14.035668847618199,15.0,15.033296378372908,15.297058540778355,15.811388300841896,15.231546211727817,13.416407864998739,11.661903789690601,10.816653826391969,8.06225774829855,5.0,2.8284271247461903,1.4142135623730951,0.0,0.0,0.0,0.0,0.0,0.0,0.0,0.0,0.0,0.0,0.0,0.0,5.0990195135927845,4.123105625617661,3.1622776601683795,1.4142135623730951,1.0,2.8284271247461903,5.656854249492381,8.48528137423857,11.313708498984761,13.45362404707371,14.866068747318506,15.0,14.422205101855956,14.317821063276353,13.92838827718412,13.341664064126334,11.180339887498949,8.246211251235321,5.0990195135927845,2.23606797749979,3.605551275463989,7.810249675906654,11.40175425099138,17.204650534085253,23.021728866442675,25.238858928247925
1787404738.705958,-70,0.0,23.53720459187964,23.53720459187964,22.360679774997898,22.20360331117452,20.09975124224178,19.1049731745428,18.027756377319946,17.0,15.033296378372908,13.0,12.041594578792296,11.180339887498949,10.198039027185569,9.219544457292887,9.219544457292887,8.54400374531753,8.94427190999916,8.602325267042627,7.810249675906654,7.0710678118654755,7.810249675906654,7.810249675906654,7.0710678118654755,7.211102550927978,7.211102550927978,5.656854249492381,0.0,0.0,0.0,0.0,0.0,0.0,0.0,0.0,0.0,0.0,0.0,6.4031242374328485,5.830951894845301,6.708203932499369,7.280109889280518,8.0,8.0,9.055385138137417,10.0,10.0,11.0,11.045361017187261,11.0,12.041594578792296,12.041594578792296,12.165525060596439,12.165525060596439,13.341664064126334,13.341664064126334,14.866068747318506,16.15549442140351,16.15549442140351,17.46424919657298,18.384776310850235,20.248456731316587,22.135943621178654,21.840329667841555
1787404738.8197737,-70,0.0,23.345235059857504,23.345235059857504,22.20360331117452,21.095023109728988,19.1049731745428,18.027756377319946,17.0,15.0,14.0,13.0,12.041594578792296,11.180339887498949,10.198039027185569,10.44030650891055,10.44030650891055,9.486832980505138,8.94427190999916,8.94427190999916,9.433981132056603,9.433981132056603,9.433981132056603,8.94427190999916,8.94427190999916,8.06225774829855,6.708203932499369,6.708203932499369,0.0,0.0,0.0,0.0,0.0,0.0,0.0,0.0,0.0,0.0,0.0,6.4031242374328485,5.385164807134504,5.0990195135927845,6.082762530298219,7.0,7.0710678118654755,8.0,8.0,8.0,9.0,10.0,10.04987562112089,10.04987562112089,10.198039027185569,11.180339887498949,12.36931687685298,13.341664064126334,13.601470508735444,13.601470508735444,14.866068747318506,15.231546211727817,17.08800749063506,19.313207915827967,21.18962010041709,22.135943621178654,21.840329667841555
1787404738.833013,-82,0.0,20.615528128088304,20.0,18.867962264113206,18.35755975068582,17.0,15.231546211727817,12.649110640673518,9.486832980505138,8.54400374531753,7.211102550927978,7.0710678118654755,7.810249675906654,7.810249675906654,8.06225774829855,9.433981132056603,11.661903789690601,12.529964086141668,13.92838827718412,14.560219778561036,14.866068747318506,13.0,12.083045973594572,10.44030650891055,9.486832980505138,8.54400374531753,8.54400374531753,0.0,0.0,0.0,0.0,0.0,0.0,0.0,0.0,0.0,0.0,0.0,6.082762530298219,9.433981132056603,9.486832980505138,5.385164807134504,4.123105625617661,8.94427190999916,11.180339887498949,9.0,9.848857801796104,8.54400374531753,10.198039027185569,13.152946437965905,13.038404810405298,11.180339887498949,9.486832980505138,10.04987562112089,10.0,10.0,10.04987562112089,9.486832980505138,7.615773105863909,8.602325267042627,10.816653826391969,12.727922061357855,16.401219466856727,18.439088914585774
1787404738.9494357,-84,0.0,16.1245154965971,14.212670403551895,13.45362404707371,13.038404810405298,14.317821063276353,13.152946437965905,13.0,12.36931687685298,12.083045973594572,12.806248474865697,11.40175425099138,12.041594578792296,11.313708498984761,10.816653826391969,9.219544457292887,8.48528137423857,9.219544457292887,9.219544457292887,10.63014581273465,11.313708498984761,11.313708498984761,11.40175425099138,11.661903789690601,13.0,13.92838827718412,13.92838827718412,0.0,0.0,0.0,0.0,0.0,0.0,0.0,0.0,0.0,0.0,0.0,8.602325267042627,8.94427190999916,9.848857801796104,11.40175425099138,12.165525060596439,13.038404810405298,14.0,15.132745950421556,13.152946437965905,13.152946437965905,12.041594578792296,11.045361017187261,9.486832980505138,8.94427190999916,8.48528137423857,8.54400374531753,10.0,11.045361017187261,13.0,14.142135623730951,14.317821063276353,14.560219778561036,14.866068747318506,14.866068747318506,15.524174696260024,14.142135623730951
1787404738.9596148,-85,0.0,12.529964086141668,13.416407864998739,13.0,13.341664064126334,13.152946437965905,13.038404810405298,13.0,13.038404810405298,12.041594578792296,11.180339887498949,10.04987562112089,10.04987562112089,8.06225774829855,8.246211251235321,8.94427190999916,9.219544457292887,9.219544457292887,10.816653826391969,11.661903789690601,11.661903789690601,12.083045973594572,11.180339887498949,10.295630140987,10.295630140987,10.0,9.219544457292887,0.0,0.0,0.0,0.0,0.0,0.0,0.0,0.0,0.0,0.0,0.0,7.615773105863909,6.4031242374328485,6.4031242374328485,6.324555320336759,7.0,7.0710678118654755,7.615773105863909,7.615773105863909,8.94427190999916,8.94427190999916,8.06225774829855,7.615773105863909,7.280109889280518,7.0,8.06225774829855,9.055385138137417,9.055385138137417,9.219544457292887,9.055385138137417,9.055385138137417,10.0,11.0,12.041594578792296,12.041594578792296,12.165525060596439,13.152946437965905
1787404738.9908762,-71,0.0,29.68164415931166,28.30194339616981,26.076809620810597,21.400934559032695,16.278820596099706,10.0,6.082762530298219,4.242640687119285,5.0990195135927845,7.0710678118654755,10.198039027185569,10.770329614269007,13.038404810405298,17.0,18.35755975068582,18.027756377319946,16.401219466856727,16.278820596099706,15.811388300841896,13.601470508735444,11.313708498984761,7.810249675906654,5.0,2.23606797749979,1.4142135623730951,1.0,0.0,0.0,0.0,0.0,0.0,0.0,0.0,0.0,0.0,0.0,0.0,3.605551275463989,2.23606797749979,0.0,2.23606797749979,4.123105625617661,6.324555320336759,9.219544457292887,12.165525060596439,14.317821063276353,16.278820596099706,17.11724276862369,17.029386365926403,16.0,15.033296378372908,14.142135623730951,13.152946437965905,10.198039027185569,7.0710678118654755,5.0,3.605551275463989,6.082762530298219,9.486832980505138,15.652475842498529,20.591260281974,24.698178070456937,26.92582403567252
1787404739.3230326,-70,0.0,29.5296461204668,27.294688127912362,25.942243542145693,22.360679774997898,17.46424919657298,12.36931687685298,8.06225774829855,5.656854249492381,7.0710678118654755,10.0,11.045361017187261,13.0,15.033296378372908,15.132745950421556,15.524174696260024,14.560219778561036,12.529964086141668,12.206555615733702,12.041594578792296,11.313708498984761,10.0,7.810249675906654,5.0,3.0,2.23606797749979,3.0,0.0,0.0,0.0,0.0,0.0,0.0,0.0,0.0,0.0,0.0,0.0,6.708203932499369,4.47213595499958,2.23606797749979,1.4142135623730951,3.605551275463989,6.708203932499369,10.295630140987,13.892443989449804,16.1245154965971,18.027756377319946,19.4164878389476,19.4164878389476,18.439088914585774,16.97056274847714,16.278820596099706,14.212670403551895,11.40175425099138,9.219544457292887,6.4031242374328485,5.0990195135927845,6.708203932499369,10.63014581273465,15.811388300841896,20.248456731316587,25.553864678361276,27.784887978899608
1787404739.345993,-69,0.0,28.442925306655784,27.65863337187866,24.73863375370596,20.615528128088304,15.811388300841896,11.180339887498949,7.0710678118654755,5.0,6.4031242374328485,9.219544457292887,10.63014581273465,12.041594578792296,13.601470508735444,15.0,15.264337522473747,15.231546211727817,14.866068747318506,13.341664064126334,12.165525060596439,10.04987562112089,8.06225774829855,6.0,3.0,1.0,2.0,3.1622776601683795,0.0,0.0,0.0,0.0,0.0,0.0,0.0,0.0,0.0,0.0,0.0,6.082762530298219,5.0990195135927845,3.0,1.4142135623730951,4.0,6.082762530298219,9.219544457292887,12.36931687685298,14.317821063276353,17.26267650163207,18.24828759089466,19.026297590440446,18.0,17.029386365926403,16.278820596099706,14.560219778561036,12.649110640673518,9.486832980505138,6.082762530298219,4.123105625617661,5.385164807134504,9.055385138137417,13.038404810405298,18.24828759089466,22.360679774997898,24.515301344262525
1787404739.345993,-69,0.0,27.892651361962706,26.92582403567252,25.0,20.8806130178211,16.15549442140351,11.661903789690601,7.810249675906654,6.082762530298219,7.211102550927978,9.219544457292887,10.816653826391969,12.806248474865697,14.142135623730951,14.866068747318506,14.422205101855956,14.7648230602334,15.231546211727817,13.601470508735444,12.165525060596439,10.04987562112089,8.06225774829855,6.0,3.0,1.0,1.0,3.1622776601683795,0.0,0.0,0.0,0.0,0.0,0.0,0.0,0.0,0.0,0.0,0.0,7.0710678118654755,5.0,3.1622776601683795,2.23606797749979,4.0,6.082762530298219,9.219544457292887,12.36931687685298,14.560219778561036,16.492422502470642,18.439088914585774,18.24828759089466,18.110770276274835,17.0,16.0312195418814,15.132745950421556,12.165525060596439,9.219544457292887,7.0,4.47213595499958,5.385164807134504,9.0,13.152946437965905,18.681541692269406,22.80350850198276,25.0
1787404739.3555787,-69,0.0,28.42534080710379,27.80287754891569,25.0,22.20360331117452,17.4928556845359,12.083045973594572,7.0,6.4031242374328485,7.280109889280518,10.04987562112089,11.045361017187261,12.165525060596439,13.341664064126334,14.560219778561036,15.231546211727817,14.7648230602334,15.0,13.45362404707371,12.041594578792296,10.63014581273465,8.602325267042627,5.830951894845301,2.8284271247461903,0.0,1.4142135623730951,3.1622776601683795,0.0,0.0,0.0,0.0,0.0,0.0,0.0,0.0,0.0,0.0,0.0,6.4031242374328485,5.0,2.8284271247461903,2.23606797749979,5.0,7.211102550927978,10.295630140987,13.416407864998739,16.1245154965971,17.4928556845359,19.4164878389476,20.0,18.439088914585774,17.69180601295413,16.401219466856727,15.0,13.038404810405298,9.433981132056603,7.211102550927978,4.47213595499958,5.0990195135927845,9.219544457292887,13.45362404707371,19.209372712298546,24.413111231467404,27.202941017470888
1787404739.4343884,-71,0.0,23.769728648009426,22.847319317591726,23.259406699226016,22.360679774997898,21.095023109728988,20.248456731316587,18.027756377319946,16.401219466856727,15.620499351813308,14.212670403551895,12.206555615733702,11.661903789690601,10.295630140987,10.295630140987,9.433981132056603,9.433981132056603,8.94427190999916,8.54400374531753,8.246211251235321,7.280109889280518,8.246211251235321,7.615773105863909,7.280109889280518,7.280109889280518,6.324555320336759,6.082762530298219,0.0,0.0,0.0,0.0,0.0,0.0,0.0,0.0,0.0,0.0,0.0,7.615773105863909,6.708203932499369,6.4031242374328485,7.0710678118654755,7.810249675906654,8.602325267042627,9.433981132056603,9.433981132056603,10.0,10.0,10.0,10.0,10.0,10.295630140987,10.295630140987,10.770329614269007,11.180339887498949,11.704699910719626,11.704699910719626,12.649110640673518,14.560219778561036,15.297058540778355,16.278820596099706,18.439088914585774,20.615528128088304,20.615528128088304
1787404739.5298624,-70,0.0,23.345235059857504,22.67156809750927,22.20360331117452,21.095023109728988,21.095023109728988,20.248456731316587,18.867962264113206,16.64331697709324,14.7648230602334,13.892443989449804,12.529964086141668,10.816653826391969,10.0,9.899494936611665,9.433981132056603,8.94427190999916,9.219544457292887,9.219544457292887,9.433981132056603,10.295630140987,9.433981132056603,8.602325267042627,7.211102550927978,5.385164807134504,5.385164807134504,5.830951894845301,0.0,0.0,0.0,0.0,0.0,0.0,0.0,0.0,0.0,0.0,0.0,9.055385138137417,9.055385138137417,9.0,9.055385138137417,9.486832980505138,11.40175425099138,12.36931687685298,11.40175425099138,10.44030650891055,10.198039027185569,11.40175425099138,10.44030650891055,9.848857801796104,10.295630140987,11.40175425099138,11.40175425099138,12.806248474865697,12.806248474865697,14.142135623730951,14.142135623730951,14.866068747318506,15.620499351813308,15.811388300841896,19.209372712298546,20.518284528683193,20.518284528683193
1787404739.5459392,-69,0.0,29.068883707497267,27.294688127912362,25.059928172283335,21.95449840010015,18.027756377319946,12.727922061357855,7.615773105863909,5.385164807134504,6.4031242374328485,8.54400374531753,9.219544457292887,10.44030650891055,11.180339887498949,12.529964086141668,13.038404810405298,12.806248474865697,13.45362404707371,13.45362404707371,10.816653826391969,8.94427190999916,7.615773105863909,5.0990195135927845,3.0,1.4142135623730951,2.23606797749979,2.8284271247461903,0.0,0.0,0.0,0.0,0.0,0.0,0.0,0.0,0.0,0.0,0.0,8.0,5.0,3.1622776601683795,3.1622776601683795,4.123105625617661,6.708203932499369,9.848857801796104,12.083045973594572,14.317821063276353,15.652475842498529,16.15549442140351,15.811388300841896,15.297058540778355,14.035668847618199,13.0,13.038404810405298,12.041594578792296,9.055385138137417,6.0,3.605551275463989,5.0,8.246211251235321,12.649110640673518,16.55294535724685,21.470910553583888,25.495097567963924
1787404739.561884,-70,0.0,29.966648127543394,30.4138126514911,27.294688127912362,22.825424421026653,18.027756377319946,13.45362404707371,9.433981132056603,6.0,7.0710678118654755,9.433981132056603,11.661903789690601,12.206555615733702,13.601470508735444,15.620499351813308,14.142135623730951,14.212670403551895,13.601470508735444,13.892443989449804,12.083045973594572,10.770329614269007,9.486832980505138,7.280109889280518,4.123105625617661,1.0,0.0,1.4142135623730951,0.0,0.0,0.0,0.0,0.0,0.0,0.0,0.0,0.0,0.0,0.0,8.06225774829855,6.082762530298219,4.0,2.23606797749979,2.23606797749979,4.47213595499958,7.211102550927978,10.295630140987,13.416407864998739,15.652475842498529,17.0,16.55294535724685,16.76305461424021,16.278820596099706,14.142135623730951,13.038404810405298,12.0,9.055385138137417,6.324555320336759,4.242640687119285,6.0,9.486832980505138,13.0,19.235384061671343,23.706539182259394,26.832815729997478
1787404739.6306167,-69,0.0,22.80350850198276,22.20360331117452,21.633307652783937,21.633307652783937,19.72308292331602,19.235384061671343,17.46424919657298,16.15549442140351,14.866068747318506,13.0,11.180339887498949,10.816653826391969,10.0,8.602325267042627,8.602325267042627,7.810249675906654,7.810249675906654,7.0710678118654755,7.211102550927978,7.211102550927978,7.211102550927978,7.211102550927978,7.211102550927978,6.4031242374328485,6.4031242374328485,6.4031242374328485,0.0,0.0,0.0,0.0,0.0,0.0,0.0,0.0,0.0,0.0,0.0,7.0710678118654755,6.324555320336759,6.708203932499369,6.708203932499369,7.615773105863909,7.615773105863909,8.602325267042627,8.602325267042627,8.06225774829855,8.06225774829855,8.94427190999916,9.433981132056603,9.433981132056603,9.433981132056603,11.40175425099138,12.806248474865697,12.041594578792296,12.727922061357855,13.45362404707371,14.212670403551895,14.866068747318506,17.69180601295413,19.1049731745428,20.518284528683193,21.213203435596427,20.518284528683193
1787404739.7494323,-69,0.0,29.732137494637012,29.0,26.1725046566048,22.67156809750927,17.204650534085253,12.529964086141668,9.219544457292887,6.708203932499369,7.211102550927978,9.219544457292887,10.198039027185569,12.165525060596439,13.341664064126334,14.560219778561036,14.866068747318506,14.7648230602334,14.422205101855956,13.45362404707371,12.041594578792296,10.0,8.602325267042627,7.211102550927978,4.47213595499958,2.23606797749979,0.0,1.4142135623730951,0.0,0.0,0.0,0.0,0.0,0.0,0.0,0.0,0.0,0.0,0.0,6.082762530298219,5.385164807134504,3.605551275463989,1.4142135623730951,1.0,3.605551275463989,6.4031242374328485,9.219544457292887,11.40175425099138,14.212670403551895,15.0,16.1245154965971,15.652475842498529,14.866068747318506,15.297058540778355,14.142135623730951,13.038404810405298,10.0,7.0710678118654755,4.47213595499958,3.1622776601683795,6.708203932499369,11.40175425099138,17.69180601295413,21.93171219946131,24.758836806279895
1787404739.896464,-70,0.0,26.92582403567252,26.248809496813376,24.351591323771842,20.248456731316587,16.55294535724685,11.661903789690601,7.0710678118654755,3.0,4.47213595499958,7.0710678118654755,9.0,11.0,13.038404810405298,15.132745950421556,16.278820596099706,16.278820596099706,16.492422502470642,15.524174696260024,13.92838827718412,12.649110640673518,10.770329614269007,7.615773105863909,5.385164807134504,3.1622776601683795,0.0,1.0,0.0,0.0,0.0,0.0,0.0,0.0,0.0,0.0,0.0,0.0,0.0,4.0,2.0,1.0,2.23606797749979,4.47213595499958,6.708203932499369,9.433981132056603,11.661903789690601,13.038404810405298,15.264337522473747,16.64331697709324,16.401219466856727,16.278820596099706,15.556349186104045,15.620499351813308,15.0,13.038404810405298,10.0,7.211102550927978,3.605551275463989,1.0,4.0,9.055385138137417,15.297058540778355,20.396078054371138,22.561028345356956
1787404739.896464,-70,0.0,28.231188426986208,28.231188426986208,27.313000567495326,23.706539182259394,18.35755975068582,12.806248474865697,7.810249675906654,3.1622776601683795,4.123105625617661,7.0,10.0,12.0,13.152946437965905,14.142135623730951,15.132745950421556,15.297058540778355,14.560219778561036,14.317821063276353,13.416407864998739,11.180339887498949,9.433981132056603,7.211102550927978,4.123105625617661,1.0,1.0,2.23606797749979,0.0,0.0,0.0,0.0,0.0,0.0,0.0,0.0,0.0,0.0,0.0,3.605551275463989,1.4142135623730951,1.0,3.0,5.0,6.082762530298219,9.055385138137417,11.180339887498949,14.142135623730951,15.297058540778355,16.278820596099706,16.76305461424021,15.652475842498529,14.7648230602334,14.422205101855956,13.601470508735444,12.806248474865697,10.816653826391969,7.810249675906654,3.605551275463989,1.0,6.0,10.04987562112089,14.317821063276353,19.924858845171276,24.351591323771842
1787404739.896464,-70,0.0,31.016124838541646,30.066592756745816,28.160255680657446,24.331050121192877,19.4164878389476,12.649110640673518,8.06225774829855,3.1622776601683795,4.47213595499958,7.280109889280518,10.198039027185569,12.36931687685298,14.866068747318506,16.15549442140351,17.46424919657298,17.4928556845359,17.4928556845359,17.204650534085253,15.0,14.212670403551895,11.40175425099138,9.219544457292887,6.4031242374328485,2.8284271247461903,0.0,1.4142135623730951,0.0,0.0,0.0,0.0,0.0,0.0,0.0,0.0,0.0,0.0,0.0,4.123105625617661,1.0,0.0,2.23606797749979,4.47213595499958,7.211102550927978,10.0,12.806248474865697,15.0,17.029386365926403,18.439088914585774,18.384776310850235,18.439088914585774,18.027756377319946,17.4928556845359,16.55294535724685,14.317821063276353,11.180339887498949,8.54400374531753,4.47213595499958,1.0,5.385164807134504,11.180339887498949,18.027756377319946,23.0,26.0
1787404739.9123082,-69,0.0,31.400636936215164,30.610455730027933,28.319604517012593,24.758836806279895,19.1049731745428,13.038404810405298,8.246211251235321,4.47213595499958,4.0,8.246211251235321,11.704699910719626,13.341664064126334,13.341664064126334,12.36931687685298,14.142135623730951,17.029386365926403,18.027756377319946,16.278820596099706,16.278820596099706,14.035668847618199,12.041594578792296,9.219544457292887,6.324555320336759,3.605551275463989,2.0,2.23606797749979,0.0,0.0,0.0,0.0,0.0,0.0,0.0,0.0,0.0,0.0,0.0,5.0,3.605551275463989,1.4142135623730951,1.4142135623730951,3.0,6.082762530298219,9.055385138137417,12.165525060596439,14.317821063276353,15.297058540778355,17.26267650163207,17.46424919657298,17.08800749063506,16.55294535724685,16.1245154965971,15.264337522473747,13.601470508735444,10.63014581273465,7.0710678118654755,4.242640687119285,0.0,5.830951894845301,11.661903789690601,17.4928556845359,22.47220505424423,26.627053911388696
1787404739.9279788,-70,0.0,30.4138126514911,30.4138126514911,28.284271247461902,24.08318915758459,19.209372712298546,14.422205101855956,9.486832980505138,5.0990195135927845,4.242640687119285,5.0,7.280109889280518,10.44030650891055,13.341664064126334,14.142135623730951,15.132745950421556,16.0312195418814,16.0,15.033296378372908,14.142135623730951,12.165525060596439,10.198039027185569,8.246211251235321,5.0990195135927845,2.23606797749979,1.4142135623730951,2.23606797749979,0.0,0.0,0.0,0.0,0.0,0.0,0.0,0.0,0.0,0.0,0.0,5.0,3.1622776601683795,1.0,1.4142135623730951,3.1622776601683795,7.615773105863909,9.486832980505138,10.198039027185569,11.40175425099138,12.36931687685298,14.035668847618199,16.0,16.1245154965971,15.297058540778355,15.524174696260024,14.866068747318506,13.0,9.848857801796104,6.708203932499369,3.1622776601683795,2.0,6.708203932499369,12.206555615733702,17.804493814764857,22.02271554554524,25.495097567963924
1787404739.9279788,-70,0.0,26.92582403567252,26.92582403567252,25.238858928247925,21.633307652783937,16.401219466856727,11.313708498984761,6.708203932499369,3.1622776601683795,4.123105625617661,7.0710678118654755,9.219544457292887,12.165525060596439,13.038404810405298,14.035668847618199,15.0,15.033296378372908,15.033296378372908,14.142135623730951,13.341664064126334,11.40175425099138,9.219544457292887,7.280109889280518,4.47213595499958,2.23606797749979,0.0,1.0,0.0,0.0,0.0,0.0,0.0,0.0,0.0,0.0,0.0,0.0,0.0,2.0,2.23606797749979,2.8284271247461903,1.0,4.47213595499958,7.615773105863909,9.486832980505138,11.180339887498949,13.341664064126334,14.560219778561036,14.866068747318506,16.15549442140351,15.652475842498529,15.264337522473747,14.422205101855956,14.212670403551895,12.041594578792296,10.63014581273465,7.810249675906654,4.242640687119285,1.4142135623730951,5.0990195135927845,9.486832980505138,15.231546211727817,19.697715603592208,22.360679774997898
1787404739.9602284,-69,0.0,30.675723300355934,29.410882339705484,25.96150997149434,21.587033144922902,17.26267650163207,13.038404810405298,8.06225774829855,1.4142135623730951,5.830951894845301,7.810249675906654,7.810249675906654,9.219544457292887,12.041594578792296,15.0,15.811388300841896,15.811388300841896,17.0,15.811388300841896,14.866068747318506,13.92838827718412,10.770329614269007,7.615773105863909,3.605551275463989,2.23606797749979,1.0,1.4142135623730951,0.0,0.0,0.0,0.0,0.0,0.0,0.0,0.0,0.0,0.0,0.0,4.47213595499958,2.8284271247461903,1.0,1.4142135623730951,4.242640687119285,6.4031242374328485,8.602325267042627,10.816653826391969,13.892443989449804,15.264337522473747,17.0,17.88854381999832,17.08800749063506,17.72004514666935,17.46424919657298,16.278820596099706,13.152946437965905,10.198039027185569,8.06225774829855,4.47213595499958,3.1622776601683795,5.656854249492381,11.661903789690601,17.0,21.93171219946131,25.495097567963924
1787404739.9661825,-69,0.0,31.016124838541646,28.635642126552707,28.178005607210743,25.553864678361276,21.95449840010015,15.0,8.06225774829855,4.0,4.47213595499958,9.486832980505138,12.36931687685298,13.601470508735444,13.341664064126334,15.297058540778355,16.76305461424021,16.55294535724685,16.64331697709324,18.439088914585774,17.029386365926403,14.212670403551895,13.45362404707371,10.0,5.656854249492381,2.23606797749979,0.0,1.0,0.0,0.0,0.0,0.0,0.0,0.0,0.0,0.0,0.0,0.0,0.0,4.47213595499958,2.8284271247461903,1.4142135623730951,0.0,2.23606797749979,5.0990195135927845,8.06225774829855,11.180339887498949,13.341664064126334,15.297058540778355,16.76305461424021,17.08800749063506,17.46424919657298,17.0,16.64331697709324,15.811388300841896,12.806248474865697,10.63014581273465,7.810249675906654,4.47213595499958,1.4142135623730951,6.324555320336759,11.704699910719626,17.46424919657298,22.47220505424423,25.632011235952593
1787404739.9721959,-69,0.0,31.016124838541646,30.463092423455635,28.635642126552707,24.596747752497688,19.72308292331602,13.601470508735444,8.48528137423857,4.123105625617661,3.605551275463989,6.082762530298219,9.055385138137417,11.180339887498949,12.36931687685298,14.560219778561036,15.811388300841896,16.15549442140351,16.1245154965971,15.264337522473747,13.601470508735444,12.206555615733702,10.63014581273465,8.48528137423857,5.656854249492381,2.8284271247461903,1.0,1.0,0.0,0.0,0.0,0.0,0.0,0.0,0.0,0.0,0.0,0.0,0.0,5.0990195135927845,4.0,2.23606797749979,1.0,3.0,5.0990195135927845,7.0710678118654755,10.198039027185569,12.649110640673518,14.560219778561036,15.811388300841896,16.15549442140351,16.55294535724685,16.1245154965971,15.811388300841896,14.212670403551895,12.041594578792296,9.219544457292887,5.656854249492381,2.23606797749979,2.23606797749979,7.0710678118654755,12.36931687685298,18.681541692269406,23.40939982143925,26.570660511172846
1787404739.9847574,-69,0.0,29.068883707497267,28.0178514522438,26.019223662515376,22.0,17.029386365926403,12.165525060596439,6.324555320336759,2.23606797749979,3.605551275463989,6.708203932499369,8.94427190999916,11.180339887498949,12.529964086141668,14.422205101855956,16.401219466856727,15.620499351813308,15.556349186104045,15.620499351813308,13.601470508735444,11.661903789690601,10.816653826391969,9.219544457292887,6.4031242374328485,4.242640687119285,1.4142135623730951,1.0,0.0,0.0,0.0,0.0,0.0,0.0,0.0,0.0,0.0,0.0,0.0,5.0,3.0,1.0,1.4142135623730951,3.605551275463989,5.830951894845301,7.810249675906654,10.63014581273465,13.45362404707371,15.620499351813308,17.029386365926403,16.97056274847714,17.029386365926403,17.204650534085253,16.64331697709324,15.264337522473747,13.416407864998739,11.180339887498949,8.06225774829855,4.242640687119285,2.23606797749979,5.830951894845301,11.40175425099138,17.11724276862369,21.095023109728988,24.186773244895647
1787404739.9916246,-69,0.0,26.92582403567252,24.698178070456937,21.93171219946131,18.788294228055936,16.55294535724685,13.038404810405298,10.63014581273465,7.0710678118654755,7.0710678118654755,8.94427190999916,9.433981132056603,10.0,12.806248474865697,14.212670403551895,14.422205101855956,13.601470508735444,12.041594578792296,11.40175425099138,13.038404810405298,11.704699910719626,9.848857801796104,8.06225774829855,6.4031242374328485,3.605551275463989,1.4142135623730951,2.0,0.0,0.0,0.0,0.0,0.0,0.0,0.0,0.0,0.0,0.0,0.0,5.0990195135927845,4.123105625617661,2.23606797749979,0.0,1.4142135623730951,4.47213595499958,6.324555320336759,9.219544457292887,11.40175425099138,13.341664064126334,14.317821063276353,15.132745950421556,14.0,14.035668847618199,13.341664064126334,12.649110640673518,10.770329614269007,8.94427190999916,6.708203932499369,3.1622776601683795,2.23606797749979,5.0990195135927845,10.770329614269007,15.652475842498529,20.12461179749811,22.360679774997898
1787404739.9916246,-68,0.0,30.14962686336267,30.14962686336267,28.071337695236398,25.019992006393608,20.024984394500787,14.035668847618199,10.295630140987,7.0710678118654755,5.0990195135927845,6.708203932499369,10.816653826391969,13.892443989449804,17.88854381999832,21.470910553583888,18.35755975068582,14.7648230602334,13.601470508735444,15.524174696260024,14.560219778561036,13.0,13.038404810405298,11.045361017187261,7.0710678118654755,4.47213595499958,2.23606797749979,1.4142135623730951,0.0,0.0,0.0,0.0,0.0,0.0,0.0,0.0,0.0,0.0,0.0,6.4031242374328485,4.242640687119285,2.8284271247461903,1.0,2.23606797749979,5.0990195135927845,8.246211251235321,11.40175425099138,13.601470508735444,15.811388300841896,18.384776310850235,18.788294228055936,17.4928556845359,17.804493814764857,16.278820596099706,15.556349186104045,13.45362404707371,10.0,7.0710678118654755,4.47213595499958,3.1622776601683795,5.385164807134504,11.180339887498949,18.110770276274835,23.021728866442675,26.019223662515376
1787404740.017705,-69,0.0,25.942243542145693,26.92582403567252,25.238858928247925,22.20360331117452,16.401219466856727,12.206555615733702,6.708203932499369,3.605551275463989,5.0,8.54400374531753,9.219544457292887,11.180339887498949,13.341664064126334,14.560219778561036,13.416407864998739,14.422205101855956,15.620499351813308,15.556349186104045,13.45362404707371,12.727922061357855,10.63014581273465,7.810249675906654,5.830951894845301,4.123105625617661,2.23606797749979,2.8284271247461903,0.0,0.0,0.0,0.0,0.0,0.0,0.0,0.0,0.0,0.0,0.0,5.0990195135927845,4.123105625617661,2.23606797749979,1.0,3.1622776601683795,5.0990195135927845,7.0710678118654755,10.198039027185569,12.165525060596439,14.142135623730951,15.132745950421556,16.0312195418814,16.0,16.0312195418814,15.297058540778355,14.317821063276353,12.36931687685298,10.44030650891055,7.280109889280518,4.0,3.1622776601683795,6.082762530298219,10.770329614269007,15.652475842498529,19.72308292331602,22.825424421026653
1787404740.2454302,-71,0.0,21.095023109728988,21.095023109728988,20.808652046684813,20.808652046684813,18.601075237738275,17.804493814764857,17.029386365926403,15.556349186104045,14.142135623730951,13.45362404707371,12.806248474865697,11.40175425099138,11.40175425099138,11.40175425099138,10.0,10.0,9.433981132056603,10.295630140987,9.848857801796104,8.94427190999916,8.94427190999916,8.94427190999916,8.94427190999916,8.06225774829855,8.06225774829855,7.615773105863909,0.0,0.0,0.0,0.0,0.0,0.0,0.0,0.0,0.0,0.0,0.0,8.94427190999916,7.615773105863909,6.324555320336759,7.211102550927978,7.810249675906654,7.0710678118654755,7.0710678118654755,8.48528137423857,9.219544457292887,9.899494936611665,10.63014581273465,10.63014581273465,10.0,9.219544457292887,8.602325267042627,9.433981132056603,10.816653826391969,11.661903789690601,12.083045973594572,13.92838827718412,13.601470508735444,14.866068747318506,17.08800749063506,18.788294228055936,20.12461179749811,20.12461179749811
1787404740.451671,-70,0.0,21.633307652783937,21.095023109728988,21.95449840010015,21.470910553583888,20.615528128088304,20.248456731316587,18.973665961010276,17.72004514666935,15.811388300841896,14.560219778561036,13.601470508735444,12.649110640673518,12.083045973594572,11.704699910719626,10.770329614269007,9.848857801796104,9.848857801796104,8.94427190999916,8.06225774829855,8.06225774829855,8.06225774829855,8.06225774829855,8.06225774829855,7.211102550927978,6.4031242374328485,5.830951894845301,0.0,0.0,0.0,0.0,0.0,0.0,0.0,0.0,0.0,0.0,0.0,6.324555320336759,7.0710678118654755,7.0,7.0,7.0710678118654755,8.246211251235321,8.54400374531753,9.486832980505138,9.486832980505138,10.44030650891055,11.40175425099138,10.44030650891055,10.44030650891055,10.770329614269007,11.180339887498949,11.661903789690601,12.529964086141668,13.038404810405298,13.892443989449804,14.422205101855956,14.422205101855956,15.811388300841896,17.204650534085253,18.601075237738275,19.4164878389476,20.248456731316587
1787404740.4832942,-69,0.0,31.04834939252005,31.04834939252005,29.120439557122072,25.298221281347036,19.697715603592208,13.892443989449804,9.219544457292887,6.082762530298219,6.4031242374328485,8.94427190999916,11.704699910719626,13.92838827718412,15.231546211727817,17.46424919657298,18.788294228055936,19.235384061671343,18.35755975068582,18.027756377319946,15.811388300841896,14.212670403551895,11.40175425099138,8.48528137423857,5.656854249492381,3.605551275463989,1.0,2.0,0.0,0.0,0.0,0.0,0.0,0.0,0.0,0.0,0.0,0.0,0.0,5.830951894845301,3.605551275463989,2.0,0.0,3.1622776601683795,7.280109889280518,10.770329614269007,13.892443989449804,16.64331697709324,18.867962264113206,19.72308292331602,19.4164878389476,19.1049731745428,17.69180601295413,16.401219466856727,15.811388300841896,13.601470508735444,10.816653826391969,7.211102550927978,3.605551275463989,2.23606797749979,7.0,13.152946437965905,18.439088914585774,23.53720459187964,26.68332812825267
1787404740.4832942,-69,0.0,32.38826948140329,31.400636936215164,29.614185789921695,25.709920264364882,20.8806130178211,15.652475842498529,10.0,5.385164807134504,5.830951894845301,8.602325267042627,11.180339887498949,13.892443989449804,16.64331697709324,18.027756377319946,18.867962264113206,19.4164878389476,18.601075237738275,17.029386365926403,15.556349186104045,13.45362404707371,11.40175425099138,8.602325267042627,5.830951894845301,3.1622776601683795,2.23606797749979,1.0,0.0,0.0,0.0,0.0,0.0,0.0,0.0,0.0,0.0,0.0,0.0,4.123105625617661,4.0,2.23606797749979,3.1622776601683795,3.1622776601683795,6.4031242374328485,9.848857801796104,13.0,15.652475842498529,16.64331697709324,18.601075237738275,20.0,19.1049731745428,18.439088914585774,17.804493814764857,15.811388300841896,13.892443989449804,10.295630140987,7.211102550927978,3.605551275463989,1.4142135623730951,6.0,12.041594578792296,18.110770276274835,23.194827009486403,27.294688127912362
1787404740.4991484,-68,0.0,31.400636936215164,30.805843601498726,27.80287754891569,24.20743687382041,19.79898987322333,14.212670403551895,9.848857801796104,6.0,5.0,7.0710678118654755,10.0,12.0,13.0,15.033296378372908,16.0312195418814,16.1245154965971,16.278820596099706,15.297058540778355,13.601470508735444,11.704699910719626,9.486832980505138,7.280109889280518,4.47213595499958,2.23606797749979,2.23606797749979,2.23606797749979,0.0,0.0,0.0,0.0,0.0,0.0,0.0,0.0,0.0,0.0,0.0,3.1622776601683795,3.1622776601683795,1.4142135623730951,1.0,3.1622776601683795,6.082762530298219,10.04987562112089,11.0,13.152946437965905,16.278820596099706,17.46424919657298,18.027756377319946,18.027756377319946,17.08800749063506,16.55294535724685,13.892443989449804,11.661903789690601,8.602325267042627,7.211102550927978,3.1622776601683795,3.0,7.615773105863909,12.529964086141668,18.35755975068582,23.323807579381203,26.076809620810597
1787404740.4991484,-69,0.0,30.4138126514911,29.614185789921695,27.65863337187866,23.769728648009426,19.924858845171276,14.317821063276353,8.602325267042627,4.47213595499958,5.0,7.615773105863909,10.44030650891055,12.649110640673518,14.866068747318506,17.08800749063506,17.46424919657298,17.88854381999832,17.4928556845359,15.811388300841896,14.422205101855956,12.806248474865697,10.63014581273465,7.810249675906654,4.242640687119285,2.23606797749979,0.0,1.4142135623730951,0.0,0.0,0.0,0.0,0.0,0.0,0.0,0.0,0.0,0.0,0.0,1.4142135623730951,1.0,3.0,3.605551275463989,4.242640687119285,6.4031242374328485,8.94427190999916,11.180339887498949,14.7648230602334,17.4928556845359,19.4164878389476,20.0,19.849433241279208,19.1049731745428,17.204650534085253,16.64331697709324,14.422205101855956,11.661903789690601,8.06225774829855,4.242640687119285,2.23606797749979,6.082762530298219,12.041594578792296,18.110770276274835,23.194827009486403,26.1725046566048
1787404740.4991484,-69,0.0,29.206163733020468,28.600699292150182,27.202941017470888,23.021728866442675,18.35755975068582,13.92838827718412,9.219544457292887,5.0990195135927845,4.123105625617661,6.324555320336759,8.54400374531753,10.770329614269007,12.649110640673518,14.560219778561036,15.524174696260024,15.297058540778355,15.132745950421556,14.0,13.0,11.045361017187261,9.055385138137417,7.0710678118654755,4.123105625617661,2.23606797749979,2.0,2.23606797749979,0.0,0.0,0.0,0.0,0.0,0.0,0.0,0.0,0.0,0.0,0.0,5.656854249492381,3.605551275463989,1.0,1.0,2.8284271247461903,5.830951894845301,7.615773105863909,10.44030650891055,12.36931687685298,14.560219778561036,16.492422502470642,17.26267650163207,16.1245154965971,16.0312195418814,15.033296378372908,14.035668847618199,12.165525060596439,9.055385138137417,5.0990195135927845,2.23606797749979,3.1622776601683795,7.810249675906654,12.041594578792296,18.439088914585774,22.02271554554524,24.20743687382041
1787404740.6099715,-85,0.0,15.033296378372908,15.033296378372908,13.152946437965905,12.165525060596439,11.40175425099138,10.44030650891055,8.94427190999916,8.06225774829855,6.708203932499369,6.708203932499369,6.708203932499369,7.0710678118654755,6.082762530298219,7.280109889280518,8.54400374531753,9.433981132056603,10.816653826391969,11.40175425099138,11.40175425099138,10.63014581273465,9.219544457292887,7.810249675906654,6.4031242374328485,5.0,3.605551275463989,2.23606797749979,0.0,0.0,0.0,0.0,0.0,0.0,0.0,0.0,0.0,0.0,0.0,7.0710678118654755,6.4031242374328485,4.47213595499958,4.123105625617661,4.0,3.605551275463989,5.0,5.385164807134504,6.324555320336759,7.280109889280518,8.54400374531753,8.06225774829855,7.810249675906654,9.219544457292887,10.0,9.433981132056603,10.770329614269007,10.770329614269007,10.44030650891055,9.219544457292887,7.615773105863909,7.211102550927978,6.4031242374328485,6.708203932499369,7.280109889280518,8.06225774829855
1787404740.6256523,-86,0.0,12.206555615733702,11.661903789690601,12.083045973594572,11.704699910719626,12.165525060596439,11.0,12.041594578792296,11.40175425099138,11.704699910719626,12.083045973594572,12.083045973594572,11.704699910719626,11.40175425099138,11.180339887498949,12.041594578792296,12.0,12.041594578792296,12.165525060596439,13.152946437965905,13.341664064126334,13.152946437965905,12.36931687685298,11.40175425099138,11.40175425099138,10.44030650891055,10.44030650891055,0.0,0.0,0.0,0.0,0.0,0.0,0.0,0.0,0.0,0.0,0.0,5.0,5.0990195135927845,4.47213595499958,5.656854249492381,7.211102550927978,8.54400374531753,8.246211251235321,9.486832980505138,9.486832980505138,8.94427190999916,8.06225774829855,7.810249675906654,8.48528137423857,8.06225774829855,8.54400374531753,9.486832980505138,9.219544457292887,11.045361017187261,11.045361017187261,11.045361017187261,11.40175425099138,11.40175425099138,11.40175425099138,10.770329614269007,10.770329614269007,11.180339887498949
1787404741.1489077,-85,0.0,9.433981132056603,9.219544457292887,8.48528137423857,7.810249675906654,6.708203932499369,7.280109889280518,6.082762530298219,6.0,6.0,6.082762530298219,6.082762530298219,7.0710678118654755,7.280109889280518,6.324555320336759,6.708203932499369,6.708203932499369,8.06225774829855,8.06225774829855,8.54400374531753,8.54400374531753,7.280109889280518,7.0710678118654755,7.0,7.0710678118654755,7.0,6.082762530298219,0.0,0.0,0.0,0.0,0.0,0.0,0.0,0.0,0.0,0.0,0.0,7.615773105863909,8.54400374531753,8.94427190999916,10.295630140987,10.295630140987,11.180339887498949,10.816653826391969,10.295630140987,8.94427190999916,8.54400374531753,7.615773105863909,7.0710678118654755,6.0,6.082762530298219,6.324555320336759,6.708203932499369,6.708203932499369,6.708203932499369,7.615773105863909,8.94427190999916,8.06225774829855,9.433981132056603,10.295630140987,12.083045973594572,12.529964086141668,13.416407864998739
1787404741.165045,-85,0.0,17.804493814764857,17.204650534085253,16.64331697709324,13.892443989449804,12.529964086141668,12.083045973594572,10.770329614269007,9.486832980505138,9.848857801796104,10.770329614269007,10.816653826391969,10.63014581273465,12.727922061357855,12.041594578792296,14.142135623730951,13.45362404707371,13.45362404707371,12.041594578792296,12.206555615733702,10.816653826391969,12.529964086141668,9.848857801796104,9.848857801796104,7.615773105863909,7.280109889280518,7.280109889280518,0.0,0.0,0.0,0.0,0.0,0.0,0.0,0.0,0.0,0.0,0.0,8.48528137423857,9.219544457292887,9.433981132056603,10.295630140987,10.295630140987,11.180339887498949,10.770329614269007,11.704699910719626,10.44030650891055,9.486832980505138,8.94427190999916,7.810249675906654,7.0710678118654755,7.810249675906654,8.06225774829855,8.06225774829855,10.295630140987,10.816653826391969,11.40175425099138,12.806248474865697,13.45362404707371,13.45362404707371,13.601470508735444,14.422205101855956,15.264337522473747,15.231546211727817
1787404742.2972493,-86,0.0,10.816653826391969,10.816653826391969,10.0,9.219544457292887,8.48528137423857,7.810249675906654,7.810249675906654,8.48528137423857,9.219544457292887,9.219544457292887,10.0,10.63014581273465,11.313708498984761,12.727922061357855,12.727922061357855,13.45362404707371,12.806248474865697,12.206555615733702,12.206555615733702,11.40175425099138,10.816653826391969,9.433981132056603,9.433981132056603,8.06225774829855,7.211102550927978,6.708203932499369,0.0,0.0,0.0,0.0,0.0,0.0,0.0,0.0,0.0,0.0,0.0,17.46424919657298,16.492422502470642,16.1245154965971,16.0312195418814,15.0,13.038404810405298,13.152946437965905,11.180339887498949,10.04987562112089,8.246211251235321,7.280109889280518,6.082762530298219,4.0,4.123105625617661,4.123105625617661,5.385164807134504,6.708203932499369,8.06225774829855,8.94427190999916,9.433981132056603,11.661903789690601,11.180339887498949,12.529964086141668,12.529964086141668,11.661903789690601,11.661903789690601
1787404742.723325,-70,0.0,33.60059523282288,31.622776601683793,28.30194339616981,22.825424421026653,17.46424919657298,12.36931687685298,8.06225774829855,5.656854249492381,7.0,10.44030650891055,12.649110640673518,13.601470508735444,15.297058540778355,17.11724276862369,18.027756377319946,18.027756377319946,18.027756377319946,17.11724276862369,15.297058540778355,13.341664064126334,10.44030650891055,8.246211251235321,5.0990195135927845,2.23606797749979,1.4142135623730951,1.0,0.0,0.0,0.0,0.0,0.0,0.0,0.0,0.0,0.0,0.0,0.0,6.082762530298219,3.1622776601683795,1.4142135623730951,1.4142135623730951,3.1622776601683795,8.06225774829855,9.848857801796104,11.40175425099138,13.601470508735444,14.866068747318506,15.524174696260024,14.317821063276353,14.035668847618199,14.035668847618199,14.317821063276353,13.601470508735444,11.704699910719626,8.54400374531753,4.123105625617661,1.4142135623730951,5.0,9.899494936611665,15.556349186104045,21.2602916254693,25.495097567963924,28.319604517012593
1787404742.739097,-70,0.0,30.4138126514911,29.5296461204668,26.076809620810597,21.633307652783937,16.401219466856727,11.313708498984761,6.708203932499369,4.123105625617661,5.830951894845301,8.246211251235321,10.198039027185569,11.180339887498949,13.601470508735444,14.866068747318506,13.92838827718412,14.317821063276353,14.422205101855956,13.601470508735444,12.041594578792296,10.63014581273465,9.219544457292887,6.4031242374328485,4.242640687119285,2.23606797749979,1.4142135623730951,2.23606797749979,0.0,0.0,0.0,0.0,0.0,0.0,0.0,0.0,0.0,0.0,0.0,2.23606797749979,2.0,2.23606797749979,2.23606797749979,4.123105625617661,7.0,9.0,10.0,11.0,13.038404810405298,14.142135623730951,14.317821063276353,13.601470508735444,13.416407864998739,12.041594578792296,9.899494936611665,8.48528137423857,7.0710678118654755,3.605551275463989,0.0,4.123105625617661,9.219544457292887,14.560219778561036,20.248456731316587,24.698178070456937,27.85677655436824
1787404742.739097,-70,0.0,30.479501308256342,28.42534080710379,25.612496949731394,21.400934559032695,15.811388300841896,11.180339887498949,6.082762530298219,3.605551275463989,6.082762530298219,8.54400374531753,10.770329614269007,11.704699910719626,13.341664064126334,14.142135623730951,15.033296378372908,15.0,15.033296378372908,14.142135623730951,13.152946437965905,11.180339887498949,8.246211251235321,6.082762530298219,4.123105625617661,1.0,0.0,2.0,0.0,0.0,0.0,0.0,0.0,0.0,0.0,0.0,0.0,0.0,0.0,3.1622776601683795,2.8284271247461903,2.0,3.605551275463989,5.0,8.94427190999916,10.770329614269007,12.083045973594572,14.317821063276353,14.866068747318506,15.524174696260024,15.297058540778355,13.038404810405298,13.0,14.035668847618199,13.152946437965905,10.198039027185569,7.280109889280518,5.0990195135927845,2.8284271247461903,4.47213595499958,8.602325267042627,13.601470508735444,19.209372712298546,25.495097567963924,28.319604517012593
1787404742.7549322,-70,0.0,34.0,33.015148038438355,29.068883707497267,24.08318915758459,18.110770276274835,11.40175425099138,6.4031242374328485,4.0,6.4031242374328485,9.433981132056603,11.180339887498949,13.416407864998739,14.422205101855956,16.401219466856727,16.278820596099706,15.556349186104045,15.620499351813308,15.264337522473747,14.317821063276353,12.529964086141668,10.295630140987,7.615773105863909,5.385164807134504,2.23606797749979,1.0,1.4142135623730951,0.0,0.0,0.0,0.0,0.0,0.0,0.0,0.0,0.0,0.0,0.0,4.47213595499958,2.23606797749979,0.0,3.1622776601683795,5.0990195135927845,8.54400374531753,10.770329614269007,12.529964086141668,14.7648230602334,16.1245154965971,17.0,17.4928556845359,15.620499351813308,13.45362404707371,13.038404810405298,12.083045973594572,10.295630140987,7.211102550927978,4.242640687119285,2.0,5.0990195135927845,10.198039027185569,17.11724276862369,23.08679276123039,27.073972741361768,30.01666203960727
1787404742.8185668,-85,0.0,18.867962264113206,16.401219466856727,15.620499351813308,13.45362404707371,12.206555615733702,11.180339887498949,9.848857801796104,9.486832980505138,10.44030650891055,10.770329614269007,12.649110640673518,12.649110640673518,13.92838827718412,13.92838827718412,15.811388300841896,15.811388300841896,15.524174696260024,15.524174696260024,14.317821063276353,12.36931687685298,12.165525060596439,10.198039027185569,8.54400374531753,7.615773105863909,6.708203932499369,5.830951894845301,0.0,0.0,0.0,0.0,0.0,0.0,0.0,0.0,0.0,0.0,0.0,5.385164807134504,6.324555320336759,8.94427190999916,10.295630140987,10.816653826391969,11.40175425099138,11.40175425099138,10.63014581273465,9.219544457292887,8.602325267042627,7.211102550927978,5.385164807134504,5.0990195135927845,6.082762530298219,7.280109889280518,7.615773105863909,9.486832980505138,9.486832980505138,9.486832980505138,12.36931687685298,12.36931687685298,14.317821063276353,15.132745950421556,16.0312195418814,17.0,18.0
1787404742.9805422,-69,0.0,31.38470965295043,30.01666203960727,25.942243542145693,20.615528128088304,15.811388300841896,11.180339887498949,7.280109889280518,4.47213595499958,6.708203932499369,10.295630140987,12.206555615733702,14.422205101855956,16.1245154965971,17.88854381999832,18.35755975068582,17.88854381999832,17.46424919657298,16.76305461424021,14.866068747318506,12.649110640673518,9.486832980505138,7.280109889280518,4.123105625617661,1.4142135623730951,1.0,2.0,0.0,0.0,0.0,0.0,0.0,0.0,0.0,0.0,0.0,0.0,0.0,4.47213595499958,3.0,2.0,3.1622776601683795,5.385164807134504,8.246211251235321,11.180339887498949,13.152946437965905,15.132745950421556,16.278820596099706,17.26267650163207,18.24828759089466,17.029386365926403,16.0312195418814,15.132745950421556,14.317821063276353,11.40175425099138,8.54400374531753,5.0,1.0,4.47213595499958,7.810249675906654,12.727922061357855,19.1049731745428,24.758836806279895,27.65863337187866
1787404743.2135806,-87,0.0,2.8284271247461903,2.8284271247461903,4.47213595499958,5.385164807134504,7.280109889280518,9.486832980505138,10.295630140987,11.180339887498949,11.180339887498949,11.661903789690601,11.661903789690601,10.816653826391969,9.219544457292887,7.810249675906654,6.708203932499369,4.47213595499958,3.0,2.8284271247461903,3.605551275463989,4.0,5.0990195135927845,5.0990195135927845,5.830951894845301,5.830951894845301,6.4031242374328485,6.4031242374328485,0.0,0.0,0.0,0.0,0.0,0.0,0.0,0.0,0.0,0.0,0.0,5.830951894845301,7.0710678118654755,8.48528137423857,10.0,11.40175425099138,12.041594578792296,12.806248474865697,13.45362404707371,12.806248474865697,12.041594578792296,10.63014581273465,8.602325267042627,8.06225774829855,5.385164807134504,4.123105625617661,4.47213595499958,6.0,8.06225774829855,10.44030650891055,12.083045973594572,13.416407864998739,14.7648230602334,14.7648230602334,14.7648230602334,13.892443989449804,13.416407864998739
1787404743.4201024,-70,0.0,32.984845004941285,31.78049716414141,29.614185789921695,26.476404589747453,21.095023109728988,14.142135623730951,8.06225774829855,5.385164807134504,5.0990195135927845,8.54400374531753,11.180339887498949,13.038404810405298,14.422205101855956,17.0,17.46424919657298,17.08800749063506,17.46424919657298,16.278820596099706,14.317821063276353,13.038404810405298,11.0,9.0,6.0,3.0,1.0,1.4142135623730951,0.0,0.0,0.0,0.0,0.0,0.0,0.0,0.0,0.0,0.0,0.0,2.8284271247461903,1.0,1.0,5.0,7.0710678118654755,8.06225774829855,9.219544457292887,10.770329614269007,11.704699910719626,14.317821063276353,15.264337522473747,15.620499351813308,16.278820596099706,16.401219466856727,16.1245154965971,15.652475842498529,13.416407864998739,9.848857801796104,7.211102550927978,3.605551275463989,4.242640687119285,8.94427190999916,13.92838827718412,20.8806130178211,25.96150997149434,29.410882339705484
1787404743.4539678,-69,0.0,28.160255680657446,28.160255680657446,25.298221281347036,22.135943621178654,17.46424919657298,12.529964086141668,7.810249675906654,5.0990195135927845,6.082762530298219,5.385164807134504,7.0710678118654755,10.295630140987,13.892443989449804,14.422205101855956,14.212670403551895,13.45362404707371,13.45362404707371,12.806248474865697,12.206555615733702,10.295630140987,7.615773105863909,5.385164807134504,3.1622776601683795,1.4142135623730951,1.0,2.23606797749979,0.0,0.0,0.0,0.0,0.0,0.0,0.0,0.0,0.0,0.0,0.0,3.1622776601683795,1.4142135623730951,2.0,3.0,4.0,6.324555320336759,8.54400374531753,10.198039027185569,13.152946437965905,14.035668847618199,14.0,14.0,14.142135623730951,14.560219778561036,15.231546211727817,13.892443989449804,10.816653826391969,7.810249675906654,5.830951894845301,4.123105625617661,3.605551275463989,6.0,11.180339887498949,16.278820596099706,20.615528128088304,24.351591323771842
1787404743.4539678,-69,0.0,34.20526275297414,33.24154027718932,29.832867780352597,25.495097567963924,21.095023109728988,15.0,9.486832980505138,7.211102550927978,8.0,9.848857801796104,12.529964086141668,14.7648230602334,16.55294535724685,18.027756377319946,17.72004514666935,18.439088914585774,18.24828759089466,16.1245154965971,15.0,14.035668847618199,12.041594578792296,9.055385138137417,6.082762530298219,3.0,1.0,1.4142135623730951,0.0,0.0,0.0,0.0,0.0,0.0,0.0,0.0,0.0,0.0,0.0,4.242640687119285,2.23606797749979,1.4142135623730951,3.1622776601683795,5.385164807134504,7.615773105863909,10.295630140987,13.038404810405298,15.0,16.401219466856727,17.69180601295413,19.1049731745428,18.601075237738275,18.35755975068582,17.46424919657298,15.811388300841896,14.317821063276353,11.180339887498949,8.246211251235321,4.47213595499958,3.1622776601683795,7.211102550927978,13.416407864998739,20.615528128088304,26.570660511172846,30.364452901377952
1787404743.4539678,-69,0.0,28.30194339616981,26.92582403567252,25.238858928247925,20.808652046684813,16.401219466856727,11.313708498984761,6.708203932499369,4.123105625617661,5.830951894845301,7.280109889280518,10.198039027185569,11.40175425099138,13.601470508735444,14.866068747318506,14.866068747318506,15.231546211727817,14.7648230602334,13.892443989449804,12.806248474865697,10.63014581273465,8.48528137423857,6.4031242374328485,5.0,2.23606797749979,1.4142135623730951,2.23606797749979,0.0,0.0,0.0,0.0,0.0,0.0,0.0,0.0,0.0,0.0,0.0,3.0,2.23606797749979,2.0,3.1622776601683795,4.123105625617661,6.324555320336759,8.246211251235321,10.198039027185569,12.165525060596439,14.035668847618199,15.0,16.0312195418814,15.297058540778355,15.524174696260024,15.231546211727817,13.416407864998739,11.661903789690601,9.433981132056603,7.211102550927978,4.123105625617661,2.8284271247461903,6.0,11.40175425099138,16.55294535724685,21.02379604162864,23.706539182259394
1787404743.4677637,-69,0.0,29.206163733020468,29.206163733020468,27.65863337187866,22.67156809750927,17.69180601295413,12.206555615733702,7.615773105863909,4.123105625617661,4.47213595499958,7.0710678118654755,9.055385138137417,11.045361017187261,12.165525060596439,14.560219778561036,15.524174696260024,15.811388300841896,15.231546211727817,14.7648230602334,13.601470508735444,12.806248474865697,10.63014581273465,7.810249675906654,5.656854249492381,3.605551275463989,1.0,1.0,0.0,0.0,0.0,0.0,0.0,0.0,0.0,0.0,0.0,0.0,0.0,2.23606797749979,1.0,1.4142135623730951,2.8284271247461903,4.242640687119285,5.830951894845301,7.615773105863909,10.44030650891055,12.36931687685298,14.317821063276353,15.132745950421556,15.033296378372908,15.033296378372908,14.317821063276353,14.560219778561036,12.649110640673518,10.770329614269007,8.54400374531753,5.0990195135927845,2.0,3.0,7.280109889280518,12.529964086141668,18.867962264113206,23.853720883753127,27.202941017470888
1787404743.4999888,-69,0.0,29.68164415931166,28.844410203711913,27.459060435491963,23.706539182259394,19.697715603592208,14.560219778561036,9.055385138137417,5.830951894845301,6.324555320336759,9.055385138137417,11.180339887498949,12.165525060596439,14.035668847618199,15.033296378372908,16.0312195418814,15.033296378372908,15.033296378372908,14.142135623730951,12.165525060596439,11.40175425099138,9.486832980505138,6.324555320336759,4.47213595499958,1.4142135623730951,1.4142135623730951,2.0,0.0,0.0,0.0,0.0,0.0,0.0,0.0,0.0,0.0,0.0,0.0,3.0,1.0,1.0,3.1622776601683795,4.47213595499958,6.4031242374328485,9.899494936611665,11.40175425099138,13.601470508735444,13.892443989449804,15.652475842498529,16.15549442140351,15.811388300841896,14.317821063276353,14.142135623730951,12.041594578792296,11.0,9.0,5.0,1.4142135623730951,5.0,8.48528137423857,12.041594578792296,17.029386365926403,21.93171219946131,24.839484696748443
1787404743.4999888,-69,0.0,31.76476034853718,31.304951684997057,28.178005607210743,24.166091947189145,18.973665961010276,13.341664064126334,9.0,5.830951894845301,5.385164807134504,7.0710678118654755,10.44030650891055,13.601470508735444,15.524174696260024,16.278820596099706,16.278820596099706,16.0312195418814,16.0,15.132745950421556,13.152946437965905,11.40175425099138,9.486832980505138,7.280109889280518,4.47213595499958,1.4142135623730951,1.4142135623730951,2.0,0.0,0.0,0.0,0.0,0.0,0.0,0.0,0.0,0.0,0.0,0.0,3.0,1.0,2.0,4.0,5.0990195135927845,6.708203932499369,8.94427190999916,10.816653826391969,13.45362404707371,15.556349186104045,17.029386365926403,16.401219466856727,16.64331697709324,14.7648230602334,13.92838827718412,13.601470508735444,11.704699910719626,9.848857801796104,6.708203932499369,5.0,5.0990195135927845,7.0710678118654755,12.206555615733702,18.867962264113206,23.323807579381203,26.419689627245813
1787404743.5156786,-69,0.0,28.0,27.018512172212592,24.020824298928627,21.095023109728988,17.26267650163207,12.649110640673518,7.211102550927978,4.123105625617661,5.830951894845301,7.810249675906654,10.0,12.041594578792296,14.212670403551895,15.556349186104045,16.278820596099706,16.401219466856727,15.264337522473747,14.317821063276353,13.0,12.083045973594572,9.848857801796104,7.615773105863909,4.47213595499958,1.4142135623730951,1.0,2.0,0.0,0.0,0.0,0.0,0.0,0.0,0.0,0.0,0.0,0.0,0.0,2.23606797749979,2.0,2.8284271247461903,3.1622776601683795,5.0,7.0710678118654755,9.055385138137417,11.40175425099138,13.601470508735444,14.866068747318506,15.231546211727817,15.652475842498529,15.811388300841896,15.620499351813308,14.866068747318506,14.866068747318506,12.727922061357855,10.0,5.830951894845301,2.8284271247461903,2.23606797749979,6.324555320336759,11.180339887498949,16.1245154965971,21.02379604162864,24.020824298928627
1787404743.5156786,-69,0.0,29.017236257093817,29.017236257093817,27.0,23.021728866442675,18.24828759089466,14.560219778561036,10.295630140987,5.830951894845301,6.082762530298219,8.06225774829855,10.0,12.206555615733702,13.601470508735444,15.264337522473747,15.264337522473747,15.652475842498529,15.231546211727817,13.601470508735444,12.36931687685298,11.180339887498949,9.055385138137417,7.0,4.0,2.23606797749979,1.0,1.4142135623730951,0.0,0.0,0.0,0.0,0.0,0.0,0.0,0.0,0.0,0.0,0.0,2.8284271247461903,1.4142135623730951,1.0,3.1622776601683795,4.123105625617661,6.0,8.06225774829855,10.198039027185569,11.40175425099138,13.0,14.317821063276353,14.422205101855956,14.212670403551895,13.45362404707371,12.727922061357855,12.206555615733702,10.295630140987,7.615773105863909,5.385164807134504,2.8284271247461903,2.23606797749979,6.082762530298219,11.180339887498949,17.11724276862369,21.095023109728988,24.08318915758459
1787404743.547391,-69,0.0,31.016124838541646,29.732137494637012,27.51363298439521,22.80350850198276,18.439088914585774,13.038404810405298,9.219544457292887,5.656854249492381,6.0,7.615773105863909,9.848857801796104,12.083045973594572,13.92838827718412,14.866068747318506,14.560219778561036,15.132745950421556,14.035668847618199,13.038404810405298,12.165525060596439,10.44030650891055,8.54400374531753,6.324555320336759,4.123105625617661,2.23606797749979,0.0,2.23606797749979,0.0,0.0,0.0,0.0,0.0,0.0,0.0,0.0,0.0,0.0,0.0,3.605551275463989,1.4142135623730951,1.4142135623730951,3.1622776601683795,5.385164807134504,7.615773105863909,8.94427190999916,11.661903789690601,13.038404810405298,14.422205101855956,16.401219466856727,16.278820596099706,14.866068747318506,14.422205101855956,12.529964086141668,11.704699910719626,9.486832980505138,7.0710678118654755,5.0990195135927845,2.23606797749979,2.8284271247461903,7.211102550927978,12.529964086141668,17.88854381999832,23.259406699226016,26.0
1787404743.6431646,-70,0.0,29.068883707497267,27.294688127912362,25.059928172283335,21.95449840010015,17.204650534085253,12.041594578792296,6.708203932499369,4.47213595499958,6.708203932499369,9.219544457292887,10.44030650891055,12.36931687685298,13.601470508735444,13.92838827718412,15.652475842498529,15.264337522473747,15.0,14.142135623730951,13.45362404707371,12.041594578792296,9.219544457292887,7.0710678118654755,6.4031242374328485,4.47213595499958,3.1622776601683795,11.180339887498949,0.0,0.0,0.0,0.0,0.0,0.0,0.0,0.0,0.0,0.0,0.0,5.830951894845301,4.123105625617661,1.4142135623730951,3.0,5.0,7.0,9.0,10.04987562112089,12.165525060596439,13.152946437965905,15.297058540778355,15.297058540778355,14.560219778561036,13.0,13.038404810405298,12.206555615733702,10.63014581273465,7.810249675906654,5.0,1.0,2.23606797749979,5.830951894845301,11.180339887498949,17.46424919657298,22.847319317591726,26.0
1787404743.6593237,-70,0.0,30.14962686336267,29.274562336608895,26.30589287593181,21.587033144922902,16.76305461424021,11.180339887498949,6.4031242374328485,4.0,5.656854249492381,7.211102550927978,8.94427190999916,10.816653826391969,12.806248474865697,14.212670403551895,14.866068747318506,15.620499351813308,15.264337522473747,14.317821063276353,13.92838827718412,13.0,10.770329614269007,8.54400374531753,5.0990195135927845,3.0,1.0,1.4142135623730951,0.0,0.0,0.0,0.0,0.0,0.0,0.0,0.0,0.0,0.0,0.0,4.242640687119285,1.4142135623730951,1.0,2.23606797749979,5.0990195135927845,6.324555320336759,8.54400374531753,10.770329614269007,12.083045973594572,13.416407864998739,15.652475842498529,15.264337522473747,15.0,14.212670403551895,12.041594578792296,10.295630140987,8.94427190999916,6.324555320336759,3.0,1.0,3.0,7.0710678118654755,12.041594578792296,17.029386365926403,23.021728866442675,26.1725046566048
1787404743.8335972,-70,0.0,23.430749027719962,22.67156809750927,21.93171219946131,21.213203435596427,19.79898987322333,19.849433241279208,18.027756377319946,15.264337522473747,14.422205101855956,14.422205101855956,13.038404810405298,12.206555615733702,11.40175425099138,10.63014581273465,10.63014581273465,9.899494936611665,8.602325267042627,8.06225774829855,9.433981132056603,10.295630140987,8.94427190999916,8.94427190999916,9.433981132056603,7.810249675906654,7.211102550927978,5.830951894845301,0.0,0.0,0.0,0.0,0.0,0.0,0.0,0.0,0.0,0.0,0.0,9.055385138137417,6.0,6.082762530298219,7.280109889280518,8.94427190999916,8.94427190999916,8.94427190999916,9.486832980505138,9.486832980505138,8.54400374531753,8.94427190999916,10.295630140987,10.295630140987,10.0,10.63014581273465,10.63014581273465,9.899494936611665,10.63014581273465,11.313708498984761,12.206555615733702,13.038404810405298,14.422205101855956,16.401219466856727,18.601075237738275,20.0,20.0
1787404744.0564337,-69,0.0,27.65863337187866,27.586228448267445,24.758836806279895,21.213203435596427,17.029386365926403,12.206555615733702,7.615773105863909,4.47213595499958,5.385164807134504,8.0,10.04987562112089,11.045361017187261,12.0,13.038404810405298,14.142135623730951,14.317821063276353,13.92838827718412,13.416407864998739,13.038404810405298,12.806248474865697,11.40175425099138,9.219544457292887,6.4031242374328485,3.605551275463989,1.4142135623730951,1.4142135623730951,0.0,0.0,0.0,0.0,0.0,0.0,0.0,0.0,0.0,0.0,0.0,3.605551275463989,3.1622776601683795,1.0,1.0,2.23606797749979,4.123105625617661,7.0710678118654755,9.055385138137417,11.045361017187261,14.142135623730951,15.132745950421556,16.1245154965971,15.033296378372908,14.0,13.038404810405298,13.152946437965905,11.180339887498949,8.06225774829855,5.0990195135927845,3.1622776601683795,3.1622776601683795,7.211102550927978,12.206555615733702,17.029386365926403,21.2602916254693,24.08318915758459
1787404744.0878656,-69,0.0,34.0,33.12099032335839,30.4138126514911,25.495097567963924,20.615528128088304,13.92838827718412,8.06225774829855,4.242640687119285,5.0,7.615773105863909,9.433981132056603,12.083045973594572,13.601470508735444,14.560219778561036,15.297058540778355,15.132745950421556,15.0,15.132745950421556,14.317821063276353,13.601470508735444,11.704699910719626,8.94427190999916,6.708203932499369,3.605551275463989,1.4142135623730951,1.0,0.0,0.0,0.0,0.0,0.0,0.0,0.0,0.0,0.0,0.0,0.0,4.0,2.0,0.0,1.4142135623730951,3.605551275463989,5.656854249492381,9.219544457292887,11.40175425099138,13.601470508735444,16.401219466856727,18.601075237738275,18.867962264113206,18.35755975068582,17.46424919657298,16.15549442140351,14.866068747318506,12.649110640673518,9.486832980505138,5.830951894845301,3.605551275463989,5.385164807134504,9.219544457292887,15.811388300841896,21.095023109728988,26.419689627245813,28.653097563788805
1787404744.0878656,-69,0.0,34.23448553724738,33.13608305156178,30.066592756745816,25.079872407968907,20.024984394500787,14.035668847618199,7.615773105863909,3.1622776601683795,5.0,8.06225774829855,10.295630140987,12.806248474865697,14.866068747318506,16.278820596099706,16.401219466856727,16.64331697709324,15.652475842498529,15.811388300841896,14.317821063276353,13.341664064126334,11.40175425099138,9.219544457292887,6.324555320336759,3.1622776601683795,1.0,1.4142135623730951,0.0,0.0,0.0,0.0,0.0,0.0,0.0,0.0,0.0,0.0,0.0,5.0,2.8284271247461903,1.0,1.4142135623730951,3.605551275463989,6.4031242374328485,10.0,13.601470508735444,15.811388300841896,18.601075237738275,20.0,20.615528128088304,21.2602916254693,19.79898987322333,18.439088914585774,17.204650534085253,14.422205101855956,10.816653826391969,7.0710678118654755,4.123105625617661,4.242640687119285,8.54400374531753,15.524174696260024,21.37755832643195,27.459060435491963,30.4138126514911
1787404744.0878656,-68,0.0,31.76476034853718,30.4138126514911,26.832815729997478,23.259406699226016,18.384776310850235,13.601470508735444,9.0,5.0,5.385164807134504,7.0710678118654755,7.810249675906654,10.295630140987,11.704699910719626,12.649110640673518,13.341664064126334,13.152946437965905,14.0,13.152946437965905,12.165525060596439,11.40175425099138,9.486832980505138,6.324555320336759,5.385164807134504,3.605551275463989,1.4142135623730951,3.0,0.0,0.0,0.0,0.0,0.0,0.0,0.0,0.0,0.0,0.0,0.0,4.47213595499958,2.23606797749979,0.0,2.23606797749979,4.47213595499958,6.4031242374328485,8.602325267042627,10.0,12.206555615733702,15.264337522473747,16.64331697709324,17.4928556845359,18.788294228055936,16.76305461424021,15.524174696260024,13.601470508735444,10.44030650891055,7.280109889280518,6.708203932499369,4.242640687119285,4.123105625617661,8.48528137423857,13.038404810405298,18.35755975068582,24.186773244895647,25.942243542145693
1787404744.3739526,-71,0.0,33.24154027718932,32.2490309931942,28.284271247461902,24.186773244895647,20.024984394500787,15.033296378372908,10.44030650891055,5.830951894845301,4.0,6.708203932499369,8.602325267042627,11.40175425099138,13.892443989449804,16.55294535724685,16.55294535724685,16.15549442140351,15.811388300841896,15.811388300841896,15.297058540778355,14.142135623730951,12.041594578792296,9.055385138137417,6.082762530298219,3.0,1.0,2.0,0.0,0.0,0.0,0.0,0.0,0.0,0.0,0.0,0.0,0.0,0.0,3.1622776601683795,1.0,0.0,2.0,4.0,8.0,11.180339887498949,12.649110640673518,14.7648230602334,16.1245154965971,16.64331697709324,16.401219466856727,16.278820596099706,16.278820596099706,15.0,13.601470508735444,11.661903789690601,8.06225774829855,4.47213595499958,2.8284271247461903,3.605551275463989,9.433981132056603,13.416407864998739,18.384776310850235,23.08679276123039,25.709920264364882
1787404744.549591,-70,0.0,23.345235059857504,23.345235059857504,22.627416997969522,21.2602916254693,20.808652046684813,20.0,18.601075237738275,16.64331697709324,13.892443989449804,12.206555615733702,12.806248474865697,12.041594578792296,11.313708498984761,12.041594578792296,12.041594578792296,12.041594578792296,12.806248474865697,13.038404810405298,10.770329614269007,9.848857801796104,10.0,9.899494936611665,9.219544457292887,7.810249675906654,7.810249675906654,7.810249675906654,0.0,0.0,0.0,0.0,0.0,0.0,0.0,0.0,0.0,0.0,0.0,8.0,7.0,7.0710678118654755,7.280109889280518,6.708203932499369,7.615773105863909,7.615773105863909,8.06225774829855,8.06225774829855,8.06225774829855,8.602325267042627,9.433981132056603,10.0,9.899494936611665,9.899494936611665,11.313708498984761,11.313708498984761,12.041594578792296,12.806248474865697,14.212670403551895,15.811388300841896,17.204650534085253,18.027756377319946,20.0,20.615528128088304,21.400934559032695
1787404744.5712547,-70,0.0,23.021728866442675,22.02271554554524,22.02271554554524,21.0,21.02379604162864,19.0,18.0,17.0,15.033296378372908,13.038404810405298,12.0,10.04987562112089,10.04987562112089,11.045361017187261,11.045361017187261,10.198039027185569,9.486832980505138,8.54400374531753,9.486832980505138,10.44030650891055,11.180339887498949,10.198039027185569,8.54400374531753,7.615773105863909,6.324555320336759,5.385164807134504,0.0,0.0,0.0,0.0,0.0,0.0,0.0,0.0,0.0,0.0,0.0,6.4031242374328485,5.656854249492381,5.656854249492381,5.830951894845301,6.708203932499369,7.280109889280518,7.280109889280518,7.280109889280518,7.280109889280518,7.280109889280518,8.246211251235321,9.219544457292887,9.055385138137417,8.0,8.06225774829855,10.04987562112089,11.180339887498949,13.152946437965905,13.341664064126334,14.560219778561036,15.524174696260024,17.72004514666935,19.4164878389476,20.09975124224178,20.09975124224178,22.090722034374522
1787404744.5712547,-69,0.0,22.47220505424423,22.825424421026653,23.259406699226016,21.540659228538015,20.615528128088304,19.697715603592208,18.384776310850235,16.15549442140351,14.866068747318506,13.92838827718412,11.704699910719626,11.180339887498949,10.0,8.48528137423857,8.48528137423857,9.219544457292887,9.219544457292887,8.602325267042627,10.0,9.899494936611665,9.899494936611665,9.219544457292887,7.211102550927978,6.4031242374328485,6.4031242374328485,7.0710678118654755,0.0,0.0,0.0,0.0,0.0,0.0,0.0,0.0,0.0,0.0,0.0,7.211102550927978,7.211102550927978,6.708203932499369,6.324555320336759,6.082762530298219,7.0710678118654755,7.0710678118654755,8.06225774829855,8.06225774829855,8.06225774829855,9.0,9.055385138137417,8.246211251235321,9.219544457292887,9.486832980505138,10.770329614269007,11.180339887498949,11.661903789690601,13.038404810405298,13.601470508735444,15.0,16.401219466856727,18.027756377319946,18.867962264113206,19.72308292331602,19.72308292331602
1787404744.5971746,-69,0.0,28.653097563788805,28.653097563788805,26.832815729997478,23.259406699226016,18.384776310850235,13.341664064126334,8.0,4.242640687119285,5.0,7.615773105863909,10.295630140987,11.661903789690601,13.416407864998739,15.231546211727817,16.15549442140351,16.15549442140351,15.524174696260024,15.297058540778355,14.317821063276353,13.152946437965905,11.180339887498949,8.246211251235321,5.385164807134504,3.1622776601683795,1.0,1.4142135623730951,0.0,0.0,0.0,0.0,0.0,0.0,0.0,0.0,0.0,0.0,0.0,3.1622776601683795,1.4142135623730951,0.0,2.23606797749979,4.47213595499958,6.708203932499369,8.54400374531753,9.848857801796104,12.649110640673518,14.560219778561036,16.492422502470642,16.278820596099706,16.0312195418814,16.0312195418814,15.132745950421556,15.297058540778355,13.341664064126334,10.44030650891055,7.280109889280518,4.123105625617661,1.0,5.656854249492381,10.816653826391969,17.204650534085253,21.633307652783937,24.698178070456937
1787404744.6457024,-70,0.0,21.02379604162864,20.0,20.024984394500787,19.1049731745428,19.1049731745428,18.110770276274835,17.26267650163207,15.297058540778355,13.601470508735444,11.704699910719626,10.44030650891055,9.219544457292887,9.055385138137417,10.0,9.0,8.06225774829855,7.0710678118654755,8.246211251235321,8.246211251235321,8.246211251235321,8.246211251235321,8.246211251235321,8.246211251235321,7.0710678118654755,7.0710678118654755,7.0710678118654755,0.0,0.0,0.0,0.0,0.0,0.0,0.0,0.0,0.0,0.0,0.0,6.4031242374328485,6.4031242374328485,6.708203932499369,6.324555320336759,6.708203932499369,7.615773105863909,7.615773105863909,8.54400374531753,8.54400374531753,7.615773105863909,7.280109889280518,9.219544457292887,8.06225774829855,8.0,9.0,10.04987562112089,11.045361017187261,11.045361017187261,11.045361017187261,13.152946437965905,13.341664064126334,14.317821063276353,15.297058540778355,16.278820596099706,18.439088914585774,19.235384061671343
1787404744.7083743,-69,0.0,28.071337695236398,27.073972741361768,25.019992006393608,21.0,17.029386365926403,13.341664064126334,8.54400374531753,5.0,4.123105625617661,6.4031242374328485,7.810249675906654,10.63014581273465,12.806248474865697,14.212670403551895,15.0,14.422205101855956,14.7648230602334,13.92838827718412,12.649110640673518,11.180339887498949,10.198039027185569,8.06225774829855,5.0,2.0,1.0,2.23606797749979,0.0,0.0,0.0,0.0,0.0,0.0,0.0,0.0,0.0,0.0,0.0,4.0,1.4142135623730951,2.23606797749979,3.1622776601683795,4.0,7.0710678118654755,9.219544457292887,10.44030650891055,11.704699910719626,13.92838827718412,15.231546211727817,15.652475842498529,13.892443989449804,13.601470508735444,13.45362404707371,12.806248474865697,12.206555615733702,9.433981132056603,7.211102550927978,3.605551275463989,3.605551275463989,6.324555320336759,11.180339887498949,16.0312195418814,20.024984394500787,23.0
1787404744.883679,-87,0.0,14.142135623730951,14.035668847618199,12.0,12.041594578792296,11.40175425099138,10.770329614269007,10.816653826391969,10.63014581273465,10.63014581273465,10.63014581273465,10.63014581273465,9.899494936611665,9.433981132056603,9.433981132056603,9.486832980505138,10.198039027185569,11.0,12.0,12.0,11.045361017187261,11.180339887498949,10.04987562112089,9.055385138137417,8.06225774829855,6.082762530298219,5.0,0.0,0.0,0.0,0.0,0.0,0.0,0.0,0.0,0.0,0.0,0.0,7.211102550927978,7.211102550927978,5.656854249492381,5.830951894845301,6.082762530298219,7.0710678118654755,7.280109889280518,8.54400374531753,8.54400374531753,9.486832980505138,9.219544457292887,9.219544457292887,9.055385138137417,8.06225774829855,8.246211251235321,8.54400374531753,8.94427190999916,8.54400374531753,8.54400374531753,9.486832980505138,9.486832980505138,10.198039027185569,11.045361017187261,12.041594578792296,13.0,14.035668847618199
1787404745.1060607,-87,0.0,10.816653826391969,10.295630140987,8.94427190999916,8.54400374531753,8.54400374531753,8.246211251235321,7.280109889280518,7.280109889280518,8.54400374531753,8.54400374531753,8.94427190999916,8.94427190999916,9.433981132056603,10.0,11.40175425099138,10.63014581273465,11.313708498984761,11.313708498984761,10.63014581273465,9.899494936611665,9.219544457292887,9.433981132056603,8.94427190999916,9.219544457292887,9.055385138137417,10.0,0.0,0.0,0.0,0.0,0.0,0.0,0.0,0.0,0.0,0.0,0.0,6.708203932499369,8.602325267042627,9.219544457292887,9.899494936611665,10.63014581273465,11.40175425099138,10.0,10.63014581273465,10.63014581273465,10.63014581273465,8.48528137423857,7.211102550927978,6.708203932499369,6.4031242374328485,5.830951894845301,6.708203932499369,6.708203932499369,7.211102550927978,7.211102550927978,9.433981132056603,10.63014581273465,12.041594578792296,12.806248474865697,13.45362404707371,14.212670403551895,15.620499351813308
1787404746.1399229,-85,0.0,11.704699910719626,11.704699910719626,11.704699910719626,11.704699910719626,10.770329614269007,10.770329614269007,11.180339887498949,10.816653826391969,11.40175425099138,12.041594578792296,12.727922061357855,12.806248474865697,13.601470508735444,13.601470508735444,13.601470508735444,13.038404810405298,13.038404810405298,11.661903789690601,11.661903789690601,10.816653826391969,9.219544457292887,9.219544457292887,9.433981132056603,9.486832980505138,9.486832980505138,10.04987562112089,0.0,0.0,0.0,0.0,0.0,0.0,0.0,0.0,0.0,0.0,0.0,14.317821063276353,13.0,14.317821063276353,14.7648230602334,13.892443989449804,13.892443989449804,14.212670403551895,14.142135623730951,12.727922061357855,11.40175425099138,11.40175425099138,9.219544457292887,8.48528137423857,8.602325267042627,8.602325267042627,9.219544457292887,11.180339887498949,12.165525060596439,15.0,17.029386365926403,17.029386365926403,17.26267650163207,17.46424919657298,18.681541692269406,17.72004514666935,17.08800749063506
1787404746.6003592,-83,0.0,17.88854381999832,17.46424919657298,16.55294535724685,16.15549442140351,14.560219778561036,14.317821063276353,12.165525060596439,11.0,10.04987562112089,9.848857801796104,10.0,10.63014581273465,10.63014581273465,11.661903789690601,12.083045973594572,13.0,12.649110640673518,12.649110640673518,12.36931687685298,11.40175425099138,12.165525060596439,11.045361017187261,10.04987562112089,10.04987562112089,9.0,8.0,0.0,0.0,0.0,0.0,0.0,0.0,0.0,0.0,0.0,0.0,0.0,9.055385138137417,8.246211251235321,6.324555320336759,5.385164807134504,3.605551275463989,2.23606797749979,0.0,1.4142135623730951,4.242640687119285,6.4031242374328485,7.211102550927978,8.94427190999916,10.295630140987,11.704699910719626,11.704699910719626,11.40175425099138,10.198039027185569,9.055385138137417,7.0710678118654755,5.0990195135927845,2.23606797749979,1.0,3.605551275463989,6.324555320336759,7.615773105863909,9.848857801796104
1787404747.6151125,-71,0.0,23.430749027719962,23.430749027719962,23.345235059857504,21.93171219946131,21.2602916254693,19.209372712298546,17.804493814764857,16.401219466856727,15.0,14.212670403551895,12.806248474865697,12.041594578792296,11.313708498984761,11.313708498984761,9.899494936611665,9.219544457292887,9.219544457292887,8.602325267042627,8.06225774829855,8.06225774829855,8.06225774829855,8.06225774829855,7.211102550927978,5.830951894845301,5.830951894845301,5.385164807134504,0.0,0.0,0.0,0.0,0.0,0.0,0.0,0.0,0.0,0.0,0.0,7.0,6.082762530298219,6.324555320336759,6.324555320336759,7.615773105863909,8.06225774829855,9.433981132056603,9.433981132056603,9.848857801796104,9.848857801796104,8.94427190999916,9.433981132056603,8.602325267042627,9.219544457292887,9.899494936611665,10.63014581273465,12.041594578792296,12.041594578792296,12.206555615733702,13.038404810405298,13.892443989449804,15.264337522473747,17.4928556845359,18.867962264113206,20.248456731316587,21.633307652783937
1787404747.8220634,-69,0.0,29.966648127543394,29.966648127543394,27.294688127912362,23.323807579381203,18.867962264113206,13.45362404707371,7.810249675906654,4.123105625617661,4.242640687119285,5.385164807134504,8.246211251235321,10.198039027185569,11.40175425099138,13.601470508735444,13.92838827718412,14.317821063276353,14.7648230602334,14.422205101855956,13.601470508735444,12.206555615733702,10.0,7.810249675906654,5.830951894845301,3.1622776601683795,1.4142135623730951,2.0,0.0,0.0,0.0,0.0,0.0,0.0,0.0,0.0,0.0,0.0,0.0,3.605551275463989,3.1622776601683795,2.23606797749979,1.0,3.1622776601683795,5.0,8.06225774829855,10.04987562112089,12.0,13.038404810405298,14.142135623730951,14.317821063276353,14.560219778561036,14.317821063276353,13.416407864998739,11.661903789690601,10.0,7.810249675906654,5.0,1.4142135623730951,2.23606797749979,7.615773105863909,11.704699910719626,17.08800749063506,22.47220505424423,25.632011235952593
1787404747.9340668,-71,0.0,22.360679774997898,21.93171219946131,21.93171219946131,20.248456731316587,19.924858845171276,18.681541692269406,16.492422502470642,15.297058540778355,14.142135623730951,12.165525060596439,11.40175425099138,10.44030650891055,9.848857801796104,9.848857801796104,9.486832980505138,8.54400374531753,8.06225774829855,8.06225774829855,8.602325267042627,8.602325267042627,7.810249675906654,7.0710678118654755,6.4031242374328485,6.4031242374328485,6.4031242374328485,6.4031242374328485,0.0,0.0,0.0,0.0,0.0,0.0,0.0,0.0,0.0,0.0,0.0,6.324555320336759,6.082762530298219,7.0,7.0,8.06225774829855,9.055385138137417,9.0,8.0,8.0,9.0,9.055385138137417,9.055385138137417,9.219544457292887,8.54400374531753,9.486832980505138,10.770329614269007,11.704699910719626,11.704699910719626,11.180339887498949,11.661903789690601,12.206555615733702,14.212670403551895,16.401219466856727,17.804493814764857,20.0,20.248456731316587
1787404747.9340668,-69,0.0,31.016124838541646,30.01666203960727,27.018512172212592,23.0,18.027756377319946,13.152946437965905,7.280109889280518,2.8284271247461903,2.8284271247461903,5.0,8.06225774829855,10.816653826391969,11.40175425099138,13.45362404707371,14.142135623730951,14.212670403551895,15.264337522473747,14.7648230602334,14.317821063276353,12.529964086141668,10.295630140987,7.211102550927978,5.0,2.23606797749979,1.0,2.23606797749979,0.0,0.0,0.0,0.0,0.0,0.0,0.0,0.0,0.0,0.0,0.0,5.0,3.1622776601683795,2.23606797749979,1.0,3.0,5.0990195135927845,8.54400374531753,11.704699910719626,13.92838827718412,15.231546211727817,16.55294535724685,16.1245154965971,15.811388300841896,14.866068747318506,14.142135623730951,13.45362404707371,11.40175425099138,8.602325267042627,6.4031242374328485,3.605551275463989,3.1622776601683795,5.830951894845301,10.44030650891055,16.492422502470642,21.37755832643195,24.331050121192877
1787404747.9340668,-69,0.0,29.68164415931166,29.68164415931166,28.0178514522438,23.600847442411894,18.439088914585774,12.727922061357855,7.810249675906654,3.1622776601683795,3.1622776601683795,6.082762530298219,9.055385138137417,11.0,12.0,13.038404810405298,14.317821063276353,14.866068747318506,15.231546211727817,14.7648230602334,13.892443989449804,11.661903789690601,10.295630140987,7.615773105863909,5.385164807134504,2.0,1.4142135623730951,2.0,0.0,0.0,0.0,0.0,0.0,0.0,0.0,0.0,0.0,0.0,0.0,5.656854249492381,3.605551275463989,1.4142135623730951,1.4142135623730951,3.1622776601683795,6.324555320336759,8.54400374531753,11.704699910719626,13.92838827718412,15.811388300841896,17.72004514666935,17.46424919657298,16.1245154965971,16.0,16.0312195418814,15.132745950421556,12.165525060596439,9.219544457292887,7.280109889280518,4.0,3.605551275463989,6.082762530298219,10.770329614269007,16.55294535724685,21.470910553583888,25.553864678361276
1787404747.9657042,-68,0.0,35.77708763999664,34.0147027033899,30.4138126514911,25.238858928247925,20.518284528683193,14.212670403551895,8.06225774829855,5.0990195135927845,5.656854249492381,9.848857801796104,11.704699910719626,13.92838827718412,15.524174696260024,17.46424919657298,18.027756377319946,18.35755975068582,17.4928556845359,15.0,15.556349186104045,14.212670403551895,10.63014581273465,9.899494936611665,8.48528137423857,5.0,1.0,2.0,0.0,0.0,0.0,0.0,0.0,0.0,0.0,0.0,0.0,0.0,0.0,4.47213595499958,3.1622776601683795,1.4142135623730951,1.0,3.1622776601683795,5.0990195135927845,9.055385138137417,12.041594578792296,14.035668847618199,15.033296378372908,16.0,17.11724276862369,16.278820596099706,15.524174696260024,15.231546211727817,14.317821063276353,11.661903789690601,8.602325267042627,6.4031242374328485,2.23606797749979,3.0,7.280109889280518,12.36931687685298,18.681541692269406,25.298221281347036,28.792360097775937
1787404747.9999495,-69,0.0,34.0147027033899,31.78049716414141,29.068883707497267,23.706539182259394,18.35755975068582,13.038404810405298,8.48528137423857,4.0,6.4031242374328485,9.486832980505138,12.36931687685298,13.601470508735444,14.866068747318506,16.55294535724685,17.0,17.204650534085253,17.029386365926403,15.556349186104045,14.212670403551895,12.806248474865697,10.0,7.810249675906654,5.0,3.1622776601683795,2.8284271247461903,3.605551275463989,0.0,0.0,0.0,0.0,0.0,0.0,0.0,0.0,0.0,0.0,0.0,3.1622776601683795,1.4142135623730951,0.0,2.23606797749979,4.123105625617661,6.708203932499369,10.295630140987,13.416407864998739,15.231546211727817,16.15549442140351,17.72004514666935,17.26267650163207,17.029386365926403,17.029386365926403,16.278820596099706,15.297058540778355,13.341664064126334,10.198039027185569,8.06225774829855,5.0,4.242640687119285,7.0,12.165525060596439,17.72004514666935,24.351591323771842,28.231188426986208
1787404747.9999495,-69,0.0,37.48332962798263,34.52535300326414,29.614185789921695,24.73863375370596,20.615528128088304,15.811388300841896,10.770329614269007,7.211102550927978,6.708203932499369,9.433981132056603,11.180339887498949,12.529964086141668,13.892443989449804,16.64331697709324,18.439088914585774,19.1049731745428,17.804493814764857,16.64331697709324,15.652475842498529,14.7648230602334,12.529964086141668,8.06225774829855,4.47213595499958,1.4142135623730951,1.4142135623730951,2.23606797749979,0.0,0.0,0.0,0.0,0.0,0.0,0.0,0.0,0.0,0.0,0.0,2.8284271247461903,1.4142135623730951,2.0,4.242640687119285,6.324555320336759,8.246211251235321,11.180339887498949,14.317821063276353,16.1245154965971,17.029386365926403,18.0,19.1049731745428,17.26267650163207,16.15549442140351,16.1245154965971,15.264337522473747,13.892443989449804,11.40175425099138,7.810249675906654,4.47213595499958,3.605551275463989,7.0710678118654755,14.0,20.024984394500787,26.30589287593181,30.59411708155671
1787404748.3458629,-69,0.0,30.805843601498726,30.23243291566195,26.92582403567252,22.825424421026653,17.88854381999832,11.704699910719626,7.0,5.0,6.0,8.54400374531753,10.770329614269007,12.649110640673518,13.601470508735444,14.317821063276353,14.317821063276353,14.035668847618199,13.0,12.041594578792296,11.180339887498949,9.219544457292887,7.280109889280518,5.385164807134504,3.1622776601683795,1.4142135623730951,1.0,2.23606797749979,0.0,0.0,0.0,0.0,0.0,0.0,0.0,0.0,0.0,0.0,0.0,5.0990195135927845,2.0,1.0,3.1622776601683795,5.830951894845301,7.0710678118654755,9.899494936611665,12.806248474865697,15.620499351813308,16.401219466856727,17.204650534085253,17.204650534085253,16.64331697709324,15.652475842498529,13.92838827718412,12.36931687685298,10.198039027185569,7.0710678118654755,5.0990195135927845,1.4142135623730951,3.605551275463989,7.0710678118654755,12.041594578792296,18.439088914585774,23.430749027719962,26.248809496813376
1787404748.442396,-69,0.0,31.064449134018133,30.066592756745816,28.160255680657446,24.186773244895647,18.439088914585774,12.083045973594572,7.810249675906654,4.123105625617661,5.0,8.06225774829855,10.295630140987,11.661903789690601,14.422205101855956,15.0,15.0,14.866068747318506,14.212670403551895,13.892443989449804,12.083045973594572,10.770329614269007,10.770329614269007,8.54400374531753,5.385164807134504,3.1622776601683795,1.0,1.4142135623730951,0.0,0.0,0.0,0.0,0.0,0.0,0.0,0.0,0.0,0.0,0.0,4.123105625617661,3.0,1.4142135623730951,1.4142135623730951,3.1622776601683795,6.082762530298219,9.0,11.0,13.038404810405298,14.142135623730951,16.278820596099706,16.492422502470642,16.15549442140351,15.231546211727817,14.317821063276353,13.416407864998739,11.180339887498949,8.06225774829855,5.830951894845301,3.1622776601683795,4.47213595499958,8.06225774829855,12.041594578792296,18.0,23.021728866442675,26.019223662515376
1787404748.442396,-69,0.0,28.0178514522438,27.459060435491963,26.076809620810597,22.47220505424423,17.0,11.704699910719626,6.0,4.242640687119285,6.0,8.54400374531753,11.180339887498949,13.416407864998739,14.317821063276353,16.15549442140351,15.811388300841896,15.297058540778355,15.132745950421556,15.0,13.038404810405298,12.041594578792296,10.04987562112089,8.06225774829855,6.0,3.1622776601683795,2.23606797749979,1.4142135623730951,0.0,0.0,0.0,0.0,0.0,0.0,0.0,0.0,0.0,0.0,0.0,4.47213595499958,3.605551275463989,2.23606797749979,0.0,2.23606797749979,5.830951894845301,8.06225774829855,10.295630140987,12.529964086141668,14.7648230602334,15.652475842498529,16.55294535724685,15.811388300841896,14.317821063276353,14.142135623730951,12.165525060596439,11.045361017187261,8.0,5.0,2.23606797749979,2.23606797749979,5.656854249492381,10.63014581273465,16.278820596099706,21.2602916254693,24.08318915758459
1787404748.6960611,-85,0.0,11.180339887498949,11.045361017187261,11.045361017187261,11.045361017187261,11.0,10.04987562112089,10.44030650891055,10.770329614269007,10.816653826391969,11.313708498984761,12.041594578792296,12.206555615733702,11.661903789690601,12.206555615733702,12.206555615733702,10.816653826391969,10.816653826391969,9.899494936611665,8.48528137423857,8.602325267042627,8.94427190999916,10.295630140987,10.816653826391969,12.206555615733702,13.601470508735444,15.0,0.0,0.0,0.0,0.0,0.0,0.0,0.0,0.0,0.0,0.0,0.0,6.708203932499369,6.4031242374328485,7.211102550927978,6.708203932499369,7.615773105863909,9.219544457292887,8.0,7.0,7.0,7.0,7.0,5.385164807134504,4.47213595499958,5.385164807134504,5.656854249492381,7.211102550927978,8.06225774829855,9.848857801796104,10.770329614269007,12.649110640673518,12.649110640673518,12.649110640673518,12.36931687685298,13.341664064126334,12.36931687685298,12.36931687685298
1787404748.8544993,-71,0.0,28.635642126552707,26.40075756488817,23.769728648009426,21.18962010041709,16.492422502470642,12.041594578792296,7.280109889280518,5.0,7.0710678118654755,9.486832980505138,11.704699910719626,13.0,13.92838827718412,15.811388300841896,16.76305461424021,16.492422502470642,15.132745950421556,14.142135623730951,14.0,12.041594578792296,10.04987562112089,8.0,6.0,3.1622776601683795,1.0,1.4142135623730951,0.0,0.0,0.0,0.0,0.0,0.0,0.0,0.0,0.0,0.0,0.0,4.123105625617661,3.0,1.0,1.0,3.605551275463989,6.4031242374328485,9.219544457292887,11.40175425099138,13.45362404707371,15.620499351813308,16.278820596099706,15.556349186104045,15.620499351813308,14.422205101855956,13.892443989449804,12.083045973594572,10.770329614269007,8.246211251235321,5.0990195135927845,3.1622776601683795,1.4142135623730951,5.830951894845301,10.295630140987,15.652475842498529,20.12461179749811,22.360679774997898
1787404748.8544993,-70,0.0,23.40939982143925,23.769728648009426,23.769728648009426,22.847319317591726,22.360679774997898,20.591260281974,19.72308292331602,18.35755975068582,16.1245154965971,14.7648230602334,13.416407864998739,12.083045973594572,12.083045973594572,12.083045973594572,10.770329614269007,11.180339887498949,10.198039027185569,9.219544457292887,10.198039027185569,11.045361017187261,10.04987562112089,9.219544457292887,8.246211251235321,8.246211251235321,7.280109889280518,6.324555320336759,0.0,0.0,0.0,0.0,0.0,0.0,0.0,0.0,0.0,0.0,0.0,7.810249675906654,8.06225774829855,8.06225774829855,8.06225774829855,9.219544457292887,9.219544457292887,9.219544457292887,9.219544457292887,9.219544457292887,9.899494936611665,11.313708498984761,11.313708498984761,10.63014581273465,10.0,11.661903789690601,11.661903789690601,11.661903789690601,11.661903789690601,11.180339887498949,12.083045973594572,13.601470508735444,14.560219778561036,16.492422502470642,18.439088914585774,20.396078054371138,20.615528128088304
1787404749.1738932,-87,0.0,12.0,12.0,12.041594578792296,12.165525060596439,10.44030650891055,10.295630140987,11.40175425099138,11.313708498984761,10.816653826391969,10.295630140987,10.295630140987,10.0,10.0,9.899494936611665,9.219544457292887,10.0,10.0,10.295630140987,11.180339887498949,10.816653826391969,10.816653826391969,10.0,9.219544457292887,8.48528137423857,7.810249675906654,7.0710678118654755,0.0,0.0,0.0,0.0,0.0,0.0,0.0,0.0,0.0,0.0,0.0,6.708203932499369,7.211102550927978,7.810249675906654,7.810249675906654,8.94427190999916,8.54400374531753,8.54400374531753,8.06225774829855,8.246211251235321,7.280109889280518,6.324555320336759,5.0,5.0,5.385164807134504,6.082762530298219,8.0,9.0,10.0,11.0,12.0,12.0,12.0,13.0,13.0,13.038404810405298,13.152946437965905
1787404749.45881,-71,0.0,23.40939982143925,23.769728648009426,22.847319317591726,22.360679774997898,20.591260281974,19.4164878389476,18.027756377319946,15.811388300841896,14.422205101855956,13.038404810405298,11.661903789690601,10.295630140987,10.295630140987,9.848857801796104,8.94427190999916,8.54400374531753,8.54400374531753,7.280109889280518,7.0710678118654755,7.0710678118654755,8.06225774829855,8.06225774829855,8.246211251235321,7.280109889280518,7.0710678118654755,6.082762530298219,0.0,0.0,0.0,0.0,0.0,0.0,0.0,0.0,0.0,0.0,0.0,7.280109889280518,6.324555320336759,5.830951894845301,5.830951894845301,6.4031242374328485,6.4031242374328485,7.211102550927978,8.602325267042627,8.602325267042627,9.219544457292887,9.219544457292887,10.0,10.0,10.0,10.295630140987,11.180339887498949,11.180339887498949,11.180339887498949,11.704699910719626,12.649110640673518,13.601470508735444,14.317821063276353,16.278820596099706,18.24828759089466,20.396078054371138,21.37755832643195
1787404749.570244,-70,0.0,22.561028345356956,23.769728648009426,23.08679276123039,22.135943621178654,21.540659228538015,19.697715603592208,18.788294228055936,16.55294535724685,14.317821063276353,13.416407864998739,13.0,13.0,12.649110640673518,11.704699910719626,10.44030650891055,10.44030650891055,9.219544457292887,9.219544457292887,9.055385138137417,9.055385138137417,10.04987562112089,10.04987562112089,9.055385138137417,8.246211251235321,7.280109889280518,7.280109889280518,0.0,0.0,0.0,0.0,0.0,0.0,0.0,0.0,0.0,0.0,0.0,8.06225774829855,8.06225774829855,7.810249675906654,7.810249675906654,7.810249675906654,7.810249675906654,8.48528137423857,9.219544457292887,9.219544457292887,9.219544457292887,10.63014581273465,10.0,9.433981132056603,8.94427190999916,9.848857801796104,10.295630140987,10.295630140987,10.770329614269007,11.704699910719626,12.36931687685298,14.142135623730951,15.033296378372908,16.0312195418814,18.027756377319946,20.024984394500787,20.09975124224178
1787404749.7767844,-70,0.0,23.706539182259394,23.259406699226016,23.769728648009426,22.135943621178654,21.18962010041709,19.924858845171276,18.681541692269406,17.46424919657298,16.492422502470642,14.560219778561036,13.601470508735444,12.649110640673518,13.0,12.083045973594572,11.180339887498949,11.180339887498949,10.295630140987,9.433981132056603,9.433981132056603,10.0,10.0,9.433981132056603,8.602325267042627,8.06225774829855,8.06225774829855,7.211102550927978,0.0,0.0,0.0,0.0,0.0,0.0,0.0,0.0,0.0,0.0,0.0,8.54400374531753,7.280109889280518,7.0710678118654755,8.06225774829855,8.0,9.0,10.04987562112089,10.04987562112089,9.0,9.0,9.0,9.0,9.055385138137417,9.219544457292887,9.486832980505138,10.44030650891055,10.770329614269007,11.180339887498949,11.661903789690601,13.038404810405298,14.422205101855956,15.0,17.204650534085253,18.601075237738275,20.808652046684813,20.808652046684813
1787404749.895725,-69,0.0,35.4682957019364,34.17601498127012,30.675723300355934,25.0,18.439088914585774,13.0,8.54400374531753,6.708203932499369,8.246211251235321,11.661903789690601,13.601470508735444,15.811388300841896,17.4928556845359,18.788294228055936,18.788294228055936,18.027756377319946,17.72004514666935,16.278820596099706,14.035668847618199,13.038404810405298,11.0,8.0,5.0990195135927845,2.23606797749979,1.0,2.8284271247461903,0.0,0.0,0.0,0.0,0.0,0.0,0.0,0.0,0.0,0.0,0.0,4.123105625617661,2.23606797749979,1.4142135623730951,3.605551275463989,5.830951894845301,8.06225774829855,11.40175425099138,14.212670403551895,15.620499351813308,17.69180601295413,19.79898987322333,19.1049731745428,17.804493814764857,16.1245154965971,14.317821063276353,13.601470508735444,12.165525060596439,9.0,6.0,2.0,2.23606797749979,7.615773105863909,13.892443989449804,20.591260281974,25.942243542145693,29.068883707497267
1787404750.0434923,-69,0.0,31.144823004794873,31.11269837220809,27.586228448267445,23.345235059857504,17.029386365926403,11.661903789690601,8.06225774829855,5.830951894845301,6.324555320336759,8.0,11.0,13.038404810405298,15.0,15.033296378372908,15.132745950421556,14.317821063276353,13.601470508735444,12.649110640673518,11.180339887498949,9.433981132056603,6.708203932499369,4.242640687119285,2.0,1.0,2.23606797749979,4.242640687119285,0.0,0.0,0.0,0.0,0.0,0.0,0.0,0.0,0.0,0.0,0.0,2.0,1.0,2.8284271247461903,4.242640687119285,5.830951894845301,8.94427190999916,11.180339887498949,12.083045973594572,14.866068747318506,16.76305461424021,17.46424919657298,18.110770276274835,17.029386365926403,15.033296378372908,14.035668847618199,13.341664064126334,11.40175425099138,8.54400374531753,5.385164807134504,3.1622776601683795,4.0,7.615773105863909,12.529964086141668,17.4928556845359,23.021728866442675,28.0178514522438
1787404750.2224813,-69,0.0,32.01562118716424,30.0,28.0178514522438,23.323807579381203,18.788294228055936,13.601470508735444,9.0,6.4031242374328485,7.280109889280518,10.0,12.041594578792296,13.038404810405298,15.033296378372908,16.0,16.0312195418814,15.132745950421556,14.317821063276353,13.601470508735444,12.083045973594572,10.295630140987,8.94427190999916,6.708203932499369,3.605551275463989,1.4142135623730951,0.0,2.23606797749979,0.0,0.0,0.0,0.0,0.0,0.0,0.0,0.0,0.0,0.0,0.0,3.605551275463989,2.23606797749979,2.8284271247461903,3.1622776601683795,2.0,3.605551275463989,6.4031242374328485,9.433981132056603,12.529964086141668,14.7648230602334,15.652475842498529,16.15549442140351,15.524174696260024,15.132745950421556,13.0,12.0,10.04987562112089,8.246211251235321,5.385164807134504,1.4142135623730951,2.8284271247461903,7.0710678118654755,12.727922061357855,19.1049731745428,23.345235059857504,26.90724809414742
1787404750.2541385,-69,0.0,37.64306044943742,36.68787265568828,33.24154027718932,28.861739379323623,22.360679774997898,16.0,11.40175425099138,7.0710678118654755,8.0,10.44030650891055,13.0,15.231546211727817,17.08800749063506,18.027756377319946,17.46424919657298,16.278820596099706,16.0312195418814,15.033296378372908,13.152946437965905,11.40175425099138,9.486832980505138,6.324555320336759,3.1622776601683795,1.0,2.0,3.1622776601683795,0.0,0.0,0.0,0.0,0.0,0.0,0.0,0.0,0.0,0.0,0.0,3.1622776601683795,1.4142135623730951,2.0,4.0,5.0990195135927845,6.324555320336759,9.486832980505138,13.92838827718412,16.55294535724685,18.35755975068582,20.248456731316587,20.0,18.384776310850235,17.029386365926403,16.401219466856727,16.1245154965971,14.317821063276353,10.770329614269007,7.615773105863909,3.605551275463989,5.0,9.433981132056603,15.652475842498529,22.847319317591726,29.154759474226502,32.31098884280702
1787404750.2705417,-69,0.0,31.144823004794873,29.732137494637012,26.248809496813376,21.400934559032695,17.4928556845359,11.704699910719626,8.0,5.830951894845301,7.280109889280518,10.04987562112089,12.0,14.0,15.033296378372908,16.1245154965971,16.278820596099706,15.524174696260024,14.866068747318506,13.0,11.661903789690601,9.433981132056603,7.810249675906654,5.656854249492381,2.8284271247461903,1.0,2.0,3.1622776601683795,0.0,0.0,0.0,0.0,0.0,0.0,0.0,0.0,0.0,0.0,0.0,4.123105625617661,1.4142135623730951,1.4142135623730951,2.23606797749979,3.605551275463989,5.656854249492381,9.219544457292887,11.40175425099138,12.041594578792296,13.601470508735444,15.264337522473747,16.1245154965971,17.08800749063506,16.492422502470642,15.033296378372908,13.0,12.0,9.0,6.0,3.1622776601683795,3.0,7.211102550927978,12.041594578792296,18.384776310850235,23.345235059857504,26.1725046566048
1787404750.2858014,-69,0.0,37.0,35.73513677041127,33.24154027718932,27.65863337187866,21.37755832643195,15.033296378372908,10.44030650891055,8.48528137423857,8.246211251235321,10.04987562112089,12.36931687685298,14.560219778561036,16.278820596099706,16.278820596099706,17.11724276862369,17.0,16.1245154965971,14.317821063276353,12.649110640673518,10.295630140987,8.06225774829855,5.0,2.8284271247461903,1.0,2.0,3.605551275463989,0.0,0.0,0.0,0.0,0.0,0.0,0.0,0.0,0.0,0.0,0.0,3.0,2.23606797749979,2.0,2.8284271247461903,5.0990195135927845,7.0,9.219544457292887,12.649110640673518,15.231546211727817,18.384776310850235,20.12461179749811,20.591260281974,19.4164878389476,17.69180601295413,17.029386365926403,14.422205101855956,13.038404810405298,9.433981132056603,5.830951894845301,2.8284271247461903,4.242640687119285,8.94427190999916,15.231546211727817,21.540659228538015,27.51363298439521,31.32091952673165
1787404751.108052,-69,0.0,29.832867780352597,28.600699292150182,26.627053911388696,21.95449840010015,16.55294535724685,11.40175425099138,6.082762530298219,5.385164807134504,7.280109889280518,9.848857801796104,10.770329614269007,13.0,13.92838827718412,15.811388300841896,16.278820596099706,16.1245154965971,16.0312195418814,15.0,14.035668847618199,13.152946437965905,11.180339887498949,8.06225774829855,5.0990195135927845,2.23606797749979,1.0,2.23606797749979,0.0,0.0,0.0,0.0,0.0,0.0,0.0,0.0,0.0,0.0,0.0,3.605551275463989,2.23606797749979,1.0,1.4142135623730951,4.123105625617661,7.0710678118654755,10.04987562112089,13.038404810405298,15.132745950421556,17.11724276862369,18.110770276274835,18.027756377319946,17.0,15.033296378372908,14.142135623730951,12.36931687685298,9.848857801796104,7.211102550927978,4.242640687119285,1.0,3.605551275463989,7.810249675906654,12.727922061357855,18.439088914585774,22.67156809750927,25.495097567963924
1787404751.1774204,-69,0.0,34.713109915419565,31.827660925679098,28.284271247461902,24.041630560342615,18.439088914585774,12.529964086141668,7.0710678118654755,5.0,6.0,9.219544457292887,12.36931687685298,14.317821063276353,14.142135623730951,15.0,16.1245154965971,16.278820596099706,15.811388300841896,14.317821063276353,13.892443989449804,12.206555615733702,10.0,7.810249675906654,4.242640687119285,1.4142135623730951,1.0,3.1622776601683795,0.0,0.0,0.0,0.0,0.0,0.0,0.0,0.0,0.0,0.0,0.0,2.23606797749979,1.0,2.0,3.605551275463989,5.656854249492381,7.211102550927978,11.180339887498949,13.416407864998739,16.15549442140351,18.027756377319946,19.6468827043885,20.396078054371138,19.1049731745428,19.0,18.0,16.0,13.0,11.0,8.0,4.47213595499958,4.0,8.94427190999916,15.264337522473747,21.633307652783937,26.627053911388696,30.805843601498726
1787404751.2556055,-87,0.0,9.219544457292887,8.06225774829855,7.0,7.0,6.324555320336759,6.324555320336759,6.324555320336759,6.324555320336759,8.246211251235321,8.246211251235321,10.04987562112089,10.04987562112089,11.045361017187261,11.045361017187261,11.045361017187261,10.04987562112089,9.055385138137417,8.06225774829855,7.0710678118654755,6.324555320336759,5.830951894845301,5.830951894845301,5.0,5.656854249492381,5.656854249492381,6.4031242374328485,0.0,0.0,0.0,0.0,0.0,0.0,0.0,0.0,0.0,0.0,0.0,9.055385138137417,8.06225774829855,8.246211251235321,8.54400374531753,8.94427190999916,8.06225774829855,7.810249675906654,6.4031242374328485,5.656854249492381,5.656854249492381,5.656854249492381,5.0,3.605551275463989,4.242640687119285,5.656854249492381,5.830951894845301,5.830951894845301,7.615773105863909,8.94427190999916,9.848857801796104,10.295630140987,11.704699910719626,12.649110640673518,12.649110640673518,13.92838827718412,14.866068747318506
1787404751.2871363,-83,0.0,10.816653826391969,10.816653826391969,10.816653826391969,10.816653826391969,8.94427190999916,9.848857801796104,9.848857801796104,10.295630140987,10.770329614269007,11.180339887498949,12.529964086141668,14.422205101855956,15.652475842498529,17.0,16.1245154965971,17.0,15.652475842498529,14.317821063276353,12.649110640673518,11.045361017187261,10.0,7.280109889280518,7.211102550927978,8.48528137423857,8.94427190999916,10.44030650891055,0.0,0.0,0.0,0.0,0.0,0.0,0.0,0.0,0.0,0.0,0.0,8.602325267042627,9.848857801796104,10.44030650891055,10.04987562112089,10.0,9.219544457292887,9.486832980505138,8.54400374531753,9.433981132056603,8.602325267042627,9.219544457292887,7.810249675906654,9.219544457292887,10.816653826391969,10.770329614269007,11.180339887498949,13.92838827718412,15.524174696260024,15.811388300841896,15.811388300841896,18.027756377319946,18.027756377319946,17.08800749063506,17.88854381999832,17.88854381999832,16.64331697709324
1787404751.6215844,-71,0.0,23.345235059857504,23.345235059857504,22.561028345356956,21.840329667841555,21.18962010041709,19.313207915827967,18.384776310850235,16.15549442140351,15.231546211727817,14.317821063276353,13.416407864998739,12.083045973594572,10.770329614269007,10.770329614269007,9.486832980505138,8.54400374531753,7.280109889280518,7.0710678118654755,8.0,8.0,8.0,8.0,8.0,7.0710678118654755,7.0710678118654755,6.0,0.0,0.0,0.0,0.0,0.0,0.0,0.0,0.0,0.0,0.0,0.0,8.06225774829855,7.211102550927978,6.4031242374328485,7.810249675906654,8.48528137423857,8.48528137423857,8.602325267042627,8.602325267042627,10.0,10.0,10.63014581273465,10.0,10.295630140987,10.295630140987,9.848857801796104,9.848857801796104,10.44030650891055,11.40175425099138,11.40175425099138,12.165525060596439,13.038404810405298,14.0,16.0312195418814,18.027756377319946,19.026297590440446,20.024984394500787
1787404752.5247648,-86,0.0,9.219544457292887,9.486832980505138,10.295630140987,10.0,9.899494936611665,10.0,10.295630140987,10.770329614269007,10.44030650891055,11.40175425099138,10.770329614269007,9.486832980505138,8.94427190999916,9.433981132056603,9.219544457292887,9.219544457292887,10.816653826391969,11.661903789690601,11.180339887498949,11.180339887498949,12.529964086141668,12.529964086141668,12.529964086141668,11.661903789690601,11.180339887498949,10.295630140987,0.0,0.0,0.0,0.0,0.0,0.0,0.0,0.0,0.0,0.0,0.0,7.0710678118654755,5.0990195135927845,5.0,5.0,5.0990195135927845,6.082762530298219,5.0990195135927845,6.708203932499369,8.06225774829855,7.615773105863909,5.385164807134504,6.082762530298219,6.0,6.324555320336759,7.211102550927978,8.602325267042627,9.219544457292887,10.63014581273465,11.40175425099138,12.206555615733702,12.806248474865697,13.038404810405298,13.416407864998739,13.92838827718412,14.560219778561036,14.317821063276353
1787404752.556466,-87,0.0,17.804493814764857,16.97056274847714,15.620499351813308,15.264337522473747,14.317821063276353,14.866068747318506,14.317821063276353,14.317821063276353,14.035668847618199,13.038404810405298,12.041594578792296,12.165525060596439,11.40175425099138,11.704699910719626,12.083045973594572,13.601470508735444,13.45362404707371,14.142135623730951,13.45362404707371,14.866068747318506,15.0,14.212670403551895,14.212670403551895,13.45362404707371,11.313708498984761,11.313708498984761,0.0,0.0,0.0,0.0,0.0,0.0,0.0,0.0,0.0,0.0,0.0,5.830951894845301,5.830951894845301,5.656854249492381,7.211102550927978,6.708203932499369,7.280109889280518,8.06225774829855,9.055385138137417,8.06225774829855,7.0,7.0,7.0710678118654755,6.324555320336759,7.211102550927978,7.810249675906654,8.602325267042627,9.433981132056603,10.295630140987,10.816653826391969,10.816653826391969,11.40175425099138,12.041594578792296,11.313708498984761,11.40175425099138,11.661903789690601,12.083045973594572
1787404753.222508,-70,0.0,36.40054944640259,34.713109915419565,31.11269837220809,26.1725046566048,19.849433241279208,13.038404810405298,7.0710678118654755,4.242640687119285,6.082762530298219,9.486832980505138,12.649110640673518,15.524174696260024,17.26267650163207,19.235384061671343,19.235384061671343,19.1049731745428,18.0,18.110770276274835,16.1245154965971,14.317821063276353,11.40175425099138,9.219544457292887,6.082762530298219,3.1622776601683795,1.0,0.0,0.0,0.0,0.0,0.0,0.0,0.0,0.0,0.0,0.0,0.0,0.0,3.605551275463989,1.4142135623730951,1.0,2.8284271247461903,4.47213595499958,7.615773105863909,10.44030650891055,12.36931687685298,15.297058540778355,17.46424919657298,19.4164878389476,19.235384061671343,19.0,19.1049731745428,17.26267650163207,15.297058540778355,11.40175425099138,9.486832980505138,6.324555320336759,3.0,3.1622776601683795,7.211102550927978,12.206555615733702,19.4164878389476,26.627053911388696,29.68164415931166
1787404753.2540982,-69,0.0,31.622776601683793,30.23243291566195,27.784887978899608,23.706539182259394,18.788294228055936,12.649110640673518,7.0710678118654755,2.8284271247461903,4.123105625617661,6.4031242374328485,9.219544457292887,11.40175425099138,13.038404810405298,14.7648230602334,15.231546211727817,15.231546211727817,14.866068747318506,14.317821063276353,13.152946437965905,11.045361017187261,9.0,7.0,5.0,2.23606797749979,1.0,1.4142135623730951,0.0,0.0,0.0,0.0,0.0,0.0,0.0,0.0,0.0,0.0,0.0,5.0990195135927845,4.0,3.605551275463989,3.1622776601683795,3.1622776601683795,5.0,7.615773105863909,10.770329614269007,12.649110640673518,14.866068747318506,16.15549442140351,17.08800749063506,15.524174696260024,14.142135623730951,13.038404810405298,12.0,10.0,7.0,4.0,1.4142135623730951,3.605551275463989,7.810249675906654,12.727922061357855,18.439088914585774,23.430749027719962,27.018512172212592
1787404753.7618313,-70,0.0,23.194827009486403,23.194827009486403,23.08679276123039,21.02379604162864,20.0,19.026297590440446,18.110770276274835,16.1245154965971,14.142135623730951,13.152946437965905,12.041594578792296,11.045361017187261,10.0,9.0,9.0,8.06225774829855,8.06225774829855,7.280109889280518,7.615773105863909,7.615773105863909,8.06225774829855,8.54400374531753,8.54400374531753,8.246211251235321,7.280109889280518,7.280109889280518,0.0,0.0,0.0,0.0,0.0,0.0,0.0,0.0,0.0,0.0,0.0,5.656854249492381,5.0,4.47213595499958,5.0990195135927845,5.830951894845301,7.211102550927978,8.54400374531753,8.06225774829855,8.06225774829855,9.055385138137417,9.055385138137417,8.06225774829855,8.06225774829855,8.06225774829855,9.0,10.04987562112089,11.045361017187261,11.180339887498949,11.40175425099138,12.649110640673518,13.92838827718412,14.866068747318506,16.76305461424021,18.027756377319946,19.924858845171276,21.840329667841555
1787404753.8318152,-87,0.0,13.341664064126334,12.36931687685298,12.083045973594572,11.40175425099138,11.40175425099138,11.661903789690601,12.083045973594572,12.649110640673518,13.601470508735444,13.341664064126334,13.601470508735444,13.0,11.661903789690601,12.041594578792296,12.727922061357855,13.45362404707371,15.0,15.0,16.401219466856727,15.811388300841896,15.811388300841896,15.811388300841896,15.620499351813308,15.0,15.0,14.422205101855956,0.0,0.0,0.0,0.0,0.0,0.0,0.0,0.0,0.0,0.0,0.0,8.48528137423857,7.211102550927978,7.280109889280518,8.0,9.219544457292887,9.848857801796104,11.661903789690601,10.816653826391969,11.40175425099138,10.0,8.94427190999916,6.708203932499369,5.0990195135927845,4.47213595499958,5.0,6.4031242374328485,6.4031242374328485,7.810249675906654,8.48528137423857,8.602325267042627,8.94427190999916,10.770329614269007,11.704699910719626,12.649110640673518,14.560219778561036,14.866068747318506
1787404753.8886533,-73,0.0,30.805843601498726,28.861739379323623,25.96150997149434,21.18962010041709,16.1245154965971,12.041594578792296,8.06225774829855,5.385164807134504,8.06225774829855,9.486832980505138,11.704699910719626,13.92838827718412,15.231546211727817,15.264337522473747,16.401219466856727,15.620499351813308,14.866068747318506,14.212670403551895,13.038404810405298,12.529964086141668,10.295630140987,7.615773105863909,4.47213595499958,2.0,1.0,2.23606797749979,0.0,0.0,0.0,0.0,0.0,0.0,0.0,0.0,0.0,0.0,0.0,2.8284271247461903,1.4142135623730951,1.0,3.0,5.0,7.0710678118654755,9.219544457292887,12.36931687685298,14.317821063276353,14.317821063276353,14.317821063276353,14.560219778561036,14.317821063276353,13.601470508735444,12.041594578792296,11.313708498984761,9.219544457292887,6.4031242374328485,3.605551275463989,0.0,3.0,8.0,13.152946437965905,18.24828759089466,23.345235059857504,27.459060435491963
1787404754.0785315,-88,0.0,11.180339887498949,10.198039027185569,9.486832980505138,8.94427190999916,8.94427190999916,8.06225774829855,7.810249675906654,7.0710678118654755,7.211102550927978,8.06225774829855,8.94427190999916,9.486832980505138,11.40175425099138,12.649110640673518,13.601470508735444,13.601470508735444,13.601470508735444,13.601470508735444,12.649110640673518,11.704699910719626,11.704699910719626,9.486832980505138,8.246211251235321,7.0710678118654755,6.0,6.082762530298219,0.0,0.0,0.0,0.0,0.0,0.0,0.0,0.0,0.0,0.0,0.0,10.04987562112089,11.045361017187261,12.165525060596439,13.341664064126334,13.341664064126334,13.601470508735444,13.601470508735444,12.649110640673518,13.0,11.704699910719626,9.848857801796104,8.54400374531753,7.280109889280518,7.0710678118654755,7.0,7.0,8.06225774829855,8.06225774829855,10.04987562112089,11.0,12.0,13.0,15.0,16.0312195418814,18.027756377319946,19.026297590440446
1787404754.47621,-71,0.0,23.345235059857504,22.627416997969522,22.67156809750927,22.02271554554524,20.615528128088304,19.4164878389476,18.027756377319946,16.64331697709324,14.422205101855956,13.601470508735444,13.601470508735444,11.40175425099138,11.40175425099138,10.63014581273465,9.899494936611665,9.219544457292887,8.602325267042627,8.06225774829855,8.06225774829855,7.615773105863909,8.54400374531753,8.94427190999916,8.06225774829855,8.06225774829855,7.615773105863909,6.324555320336759,0.0,0.0,0.0,0.0,0.0,0.0,0.0,0.0,0.0,0.0,0.0,6.082762530298219,6.082762530298219,5.385164807134504,6.708203932499369,6.708203932499369,7.211102550927978,8.06225774829855,8.06225774829855,8.94427190999916,8.94427190999916,8.94427190999916,9.433981132056603,8.602325267042627,8.602325267042627,9.899494936611665,9.899494936611665,10.63014581273465,10.63014581273465,11.40175425099138,12.206555615733702,13.038404810405298,14.7648230602334,17.0,18.35755975068582,20.248456731316587,21.633307652783937
1787404754.5877469,-71,0.0,23.853720883753127,24.413111231467404,23.600847442411894,22.02271554554524,19.849433241279208,18.439088914585774,16.97056274847714,16.278820596099706,14.866068747318506,13.45362404707371,12.041594578792296,11.40175425099138,10.816653826391969,10.816653826391969,10.0,9.433981132056603,9.848857801796104,10.44030650891055,9.486832980505138,9.848857801796104,9.848857801796104,10.295630140987,9.433981132056603,8.94427190999916,8.94427190999916,7.615773105863909,0.0,0.0,0.0,0.0,0.0,0.0,0.0,0.0,0.0,0.0,0.0,6.4031242374328485,6.4031242374328485,6.4031242374328485,7.810249675906654,9.219544457292887,10.0,10.295630140987,10.816653826391969,11.40175425099138,12.806248474865697,12.806248474865697,12.206555615733702,12.206555615733702,12.206555615733702,12.206555615733702,13.601470508735444,13.038404810405298,12.529964086141668,12.529964086141668,13.892443989449804,14.317821063276353,16.15549442140351,18.384776310850235,19.697715603592208,21.93171219946131,21.93171219946131
1787404754.6036339,-72,0.0,29.154759474226502,27.784887978899608,25.942243542145693,21.93171219946131,17.08800749063506,12.36931687685298,8.0,3.605551275463989,5.0,7.280109889280518,10.295630140987,13.038404810405298,14.422205101855956,15.264337522473747,16.1245154965971,15.652475842498529,15.231546211727817,15.811388300841896,14.866068747318506,13.601470508735444,11.40175425099138,9.219544457292887,7.0710678118654755,4.0,2.23606797749979,2.0,0.0,0.0,0.0,0.0,0.0,0.0,0.0,0.0,0.0,0.0,0.0,5.385164807134504,3.1622776601683795,2.23606797749979,1.4142135623730951,2.23606797749979,5.0,8.06225774829855,10.04987562112089,12.041594578792296,15.033296378372908,16.0312195418814,16.1245154965971,16.278820596099706,16.492422502470642,15.811388300841896,14.866068747318506,13.0,9.848857801796104,6.708203932499369,3.605551275463989,0.0,4.242640687119285,9.899494936611665,15.620499351813308,20.518284528683193,24.08318915758459
1787404754.6826491,-71,0.0,22.627416997969522,22.627416997969522,21.93171219946131,20.518284528683193,19.1049731745428,17.804493814764857,17.204650534085253,15.811388300841896,15.0,13.601470508735444,12.806248474865697,11.313708498984761,11.313708498984761,10.63014581273465,9.899494936611665,9.219544457292887,8.602325267042627,9.433981132056603,9.433981132056603,8.94427190999916,8.94427190999916,8.602325267042627,8.602325267042627,7.810249675906654,7.211102550927978,6.4031242374328485,0.0,0.0,0.0,0.0,0.0,0.0,0.0,0.0,0.0,0.0,0.0,7.0710678118654755,6.082762530298219,6.324555320336759,6.324555320336759,6.708203932499369,6.708203932499369,6.708203932499369,6.708203932499369,7.615773105863909,9.219544457292887,8.246211251235321,7.280109889280518,6.708203932499369,7.211102550927978,8.48528137423857,9.219544457292887,9.433981132056603,10.0,10.816653826391969,11.661903789690601,13.416407864998739,14.7648230602334,17.0,18.35755975068582,20.248456731316587,20.248456731316587
1787404754.6826491,-70,0.0,24.839484696748443,24.08318915758459,22.80350850198276,23.600847442411894,23.021728866442675,21.095023109728988,19.72308292331602,17.4928556845359,16.1245154965971,15.264337522473747,14.422205101855956,13.601470508735444,12.806248474865697,12.041594578792296,12.041594578792296,11.313708498984761,10.63014581273465,11.40175425099138,10.816653826391969,10.295630140987,10.295630140987,10.0,10.0,9.219544457292887,8.602325267042627,8.602325267042627,0.0,0.0,0.0,0.0,0.0,0.0,0.0,0.0,0.0,0.0,0.0,7.0710678118654755,6.0,6.0,7.0710678118654755,7.280109889280518,7.615773105863909,8.06225774829855,8.94427190999916,9.486832980505138,9.219544457292887,9.219544457292887,9.486832980505138,8.54400374531753,8.602325267042627,9.219544457292887,9.899494936611665,11.313708498984761,12.041594578792296,12.806248474865697,13.601470508735444,15.0,17.204650534085253,18.601075237738275,20.615528128088304,22.67156809750927,24.08318915758459
1787404754.7025821,-70,0.0,23.323807579381203,23.323807579381203,22.825424421026653,21.470910553583888,21.02379604162864,20.615528128088304,18.384776310850235,17.08800749063506,15.231546211727817,14.317821063276353,13.416407864998739,12.529964086141668,12.529964086141668,12.529964086141668,11.180339887498949,10.0,10.0,9.899494936611665,9.899494936611665,9.899494936611665,10.63014581273465,10.63014581273465,10.63014581273465,9.219544457292887,8.48528137423857,8.48528137423857,0.0,0.0,0.0,0.0,0.0,0.0,0.0,0.0,0.0,0.0,0.0,7.280109889280518,7.0710678118654755,7.0,7.0710678118654755,8.06225774829855,8.246211251235321,9.219544457292887,10.04987562112089,10.04987562112089,10.04987562112089,10.04987562112089,10.04987562112089,9.219544457292887,8.54400374531753,9.848857801796104,10.295630140987,11.180339887498949,11.661903789690601,12.206555615733702,12.727922061357855,14.142135623730951,15.556349186104045,17.69180601295413,19.849433241279208,21.2602916254693,22.02271554554524
1787404754.9089775,-86,0.0,12.083045973594572,12.529964086141668,12.083045973594572,13.0,12.649110640673518,13.341664064126334,13.038404810405298,14.0,13.038404810405298,13.601470508735444,14.317821063276353,14.317821063276353,14.317821063276353,13.416407864998739,13.0,11.704699910719626,10.44030650891055,10.198039027185569,10.0,9.055385138137417,9.219544457292887,9.486832980505138,10.770329614269007,10.770329614269007,12.083045973594572,12.083045973594572,0.0,0.0,0.0,0.0,0.0,0.0,0.0,0.0,0.0,0.0,0.0,9.219544457292887,9.219544457292887,8.54400374531753,8.54400374531753,8.06225774829855,7.810249675906654,7.810249675906654,6.708203932499369,6.708203932499369,6.324555320336759,5.385164807134504,5.830951894845301,6.4031242374328485,6.4031242374328485,8.06225774829855,9.848857801796104,11.40175425099138,12.36931687685298,13.152946437965905,14.142135623730951,14.142135623730951,14.035668847618199,15.033296378372908,15.0,16.0,15.0
1787404755.111047,-87,0.0,13.0,13.038404810405298,13.152946437965905,12.649110640673518,13.0,13.038404810405298,13.45362404707371,13.45362404707371,13.601470508735444,12.206555615733702,11.661903789690601,11.661903789690601,10.63014581273465,9.899494936611665,10.0,9.848857801796104,10.44030650891055,11.180339887498949,12.165525060596439,12.041594578792296,12.041594578792296,13.038404810405298,13.038404810405298,13.038404810405298,13.0,13.0,0.0,0.0,0.0,0.0,0.0,0.0,0.0,0.0,0.0,0.0,0.0,5.656854249492381,5.830951894845301,6.324555320336759,6.0,7.280109889280518,8.54400374531753,8.94427190999916,9.433981132056603,10.295630140987,9.433981132056603,8.94427190999916,8.54400374531753,9.219544457292887,8.0,8.246211251235321,8.54400374531753,9.848857801796104,9.848857801796104,10.770329614269007,9.848857801796104,10.770329614269007,10.44030650891055,11.180339887498949,11.045361017187261,12.0,12.0
1787404755.1747649,-86,0.0,15.524174696260024,15.297058540778355,15.132745950421556,14.0,13.152946437965905,12.649110640673518,12.083045973594572,10.816653826391969,10.63014581273465,10.0,10.295630140987,9.848857801796104,9.848857801796104,8.94427190999916,8.94427190999916,10.0,9.899494936611665,10.63014581273465,9.899494936611665,11.313708498984761,9.899494936611665,9.219544457292887,8.94427190999916,8.06225774829855,6.082762530298219,7.0710678118654755,0.0,0.0,0.0,0.0,0.0,0.0,0.0,0.0,0.0,0.0,0.0,10.295630140987,9.848857801796104,9.486832980505138,9.055385138137417,9.0,9.219544457292887,9.486832980505138,9.486832980505138,10.770329614269007,11.704699910719626,10.198039027185569,10.04987562112089,9.0,8.246211251235321,8.94427190999916,9.219544457292887,9.219544457292887,9.848857801796104,10.770329614269007,10.770329614269007,10.770329614269007,11.40175425099138,10.44030650891055,11.40175425099138,10.44030650891055,11.704699910719626
1787404755.1906285,-86,0.0,12.806248474865697,12.041594578792296,12.041594578792296,11.313708498984761,10.0,9.433981132056603,10.295630140987,9.848857801796104,9.486832980505138,9.848857801796104,9.486832980505138,8.54400374531753,8.06225774829855,7.810249675906654,7.211102550927978,8.246211251235321,8.0,7.0710678118654755,7.615773105863909,8.94427190999916,10.770329614269007,8.94427190999916,7.615773105863909,6.324555320336759,4.123105625617661,3.1622776601683795,0.0,0.0,0.0,0.0,0.0,0.0,0.0,0.0,0.0,0.0,0.0,4.47213595499958,5.0,5.656854249492381,5.830951894845301,6.324555320336759,8.06225774829855,8.0,8.0,8.06225774829855,8.06225774829855,8.06225774829855,7.0710678118654755,7.0710678118654755,7.0,7.0,7.0,8.0,8.0,8.0,9.055385138137417,9.055385138137417,9.219544457292887,10.44030650891055,11.704699910719626,12.649110640673518,12.649110640673518
